premium_id,policy_id,policy_coverage_id,premium_period_start,premium_period_end,transaction_type,written_premium_amount,earned_premium_amount
PREM000001,POL000101,COV000001,2024-01-20,2025-01-19,audit,2607.59,2124.51
PREM000002,POL000102,COV000002,2025-02-03,2026-02-03,renewal,1277.86,704.63
PREM000003,POL000103,COV000003,2026-08-06,2027-08-06,reinstatement,1803.27,1210.47
PREM000004,POL000104,COV000004,2025-03-05,2026-03-05,new_business,803.86,479.41
PREM000005,POL000105,COV000005,2025-11-05,2026-11-05,cancellation,1864.82,1628.03
PREM000006,POL000106,COV000006,2024-04-04,2025-04-04,endorsement,1421.57,772.87
PREM000007,POL000107,COV000007,2024-02-24,2025-02-23,audit,2589.08,2214.16
PREM000008,POL000108,COV000008,2023-06-10,2024-06-09,cancellation,586.41,560.85
PREM000009,POL000109,COV000009,2024-07-30,2025-07-30,cancellation,93.8,90.28
PREM000010,POL000110,COV000010,2026-05-25,2027-05-25,renewal,622.78,501.99
PREM000011,POL000111,COV000011,2026-08-27,2027-08-27,new_business,327.13,299.71
PREM000012,POL000112,COV000012,2023-01-10,2024-01-10,cancellation,2890.91,2321.12
PREM000013,POL000113,COV000013,2024-12-14,2025-12-14,audit,230.78,226.29
PREM000014,POL000114,COV000014,2025-02-04,2026-02-04,endorsement,1501.42,1322.01
PREM000015,POL000115,COV000015,2023-05-13,2024-05-12,reinstatement,1096.21,848.91
PREM000016,POL000116,COV000016,2023-11-23,2024-11-22,reinstatement,2032.48,1378.12
PREM000017,POL000117,COV000017,2025-12-08,2026-12-08,endorsement,841.06,755.91
PREM000018,POL000118,COV000018,2024-10-27,2025-10-27,audit,2745.81,1502.6
PREM000019,POL000119,COV000019,2026-02-14,2027-02-14,cancellation,2492.24,2426.62
PREM000020,POL000120,COV000020,2023-01-07,2024-01-07,reinstatement,662.18,577.59
PREM000021,POL000121,COV000021,2025-04-25,2026-04-25,audit,1389.76,1280.89
PREM000022,POL000122,COV000022,2023-05-12,2024-05-11,audit,440.34,382.02
PREM000023,POL000123,COV000023,2023-06-10,2024-06-09,cancellation,2480.81,1760.17
PREM000024,POL000124,COV000024,2025-05-18,2026-05-18,audit,1590.8,1232.78
PREM000025,POL000125,COV000025,2025-11-04,2026-11-04,new_business,2583.7,2191.26
PREM000026,POL000126,COV000026,2024-07-27,2025-07-27,cancellation,98.55,53.8
PREM000027,POL000127,COV000027,2023-12-21,2024-12-20,audit,308.98,251.27
PREM000028,POL000128,COV000028,2025-10-01,2026-10-01,reinstatement,703.9,386.67
PREM000029,POL000129,COV000029,2023-08-09,2024-08-08,cancellation,1913.13,1289.48
PREM000030,POL000130,COV000030,2025-07-06,2026-07-06,audit,2886.83,1844.51
PREM000031,POL000131,COV000031,2024-12-02,2025-12-02,renewal,2005.93,1864.59
PREM000032,POL000132,COV000032,2026-02-11,2027-02-11,audit,604.9,581.36
PREM000033,POL000133,COV000033,2024-08-04,2025-08-04,renewal,529.25,304.04
PREM000034,POL000134,COV000034,2024-12-29,2025-12-29,audit,312.88,162.57
PREM000035,POL000135,COV000035,2023-01-09,2024-01-09,endorsement,1287.01,817.59
PREM000036,POL000136,COV000036,2025-06-23,2026-06-23,cancellation,2882.79,1640.76
PREM000037,POL000137,COV000037,2023-06-23,2024-06-22,audit,1325.09,1323.93
PREM000038,POL000138,COV000038,2023-12-08,2024-12-07,reinstatement,2227.73,1307.03
PREM000039,POL000139,COV000039,2026-09-06,2027-09-06,reinstatement,584.39,418.79
PREM000040,POL000140,COV000040,2026-02-24,2027-02-24,cancellation,1132.03,905.57
PREM000041,POL000141,COV000041,2025-07-27,2026-07-27,reinstatement,1282.27,691.54
PREM000042,POL000142,COV000042,2026-01-15,2027-01-15,endorsement,1133.87,1029.01
PREM000043,POL000143,COV000043,2023-03-11,2024-03-10,reinstatement,688.39,381.44
PREM000044,POL000144,COV000044,2025-03-30,2026-03-30,renewal,254.18,131.01
PREM000045,POL000145,COV000045,2026-08-26,2027-08-26,audit,168.7,112.42
PREM000046,POL000146,COV000046,2025-02-24,2026-02-24,endorsement,367.62,331.81
PREM000047,POL000147,COV000047,2026-07-28,2027-07-28,audit,932.76,802.81
PREM000048,POL000148,COV000048,2024-04-15,2025-04-15,audit,790.52,502.58
PREM000049,POL000149,COV000049,2023-10-06,2024-10-05,new_business,2222.9,1326.25
PREM000050,POL000150,COV000050,2024-03-15,2025-03-15,cancellation,2594.48,1786.03
PREM000051,POL000151,COV000051,2026-03-29,2027-03-29,reinstatement,1351.35,986.51
PREM000052,POL000152,COV000052,2023-12-02,2024-12-01,cancellation,975.17,546.58
PREM000053,POL000153,COV000053,2024-05-27,2025-05-27,renewal,2527.92,2512.6
PREM000054,POL000154,COV000054,2026-08-04,2027-08-04,audit,1961.73,1546.68
PREM000055,POL000155,COV000055,2024-02-01,2025-01-31,new_business,2257.68,1291.35
PREM000056,POL000156,COV000056,2025-07-11,2026-07-11,endorsement,2879.56,2426.64
PREM000057,POL000157,COV000057,2023-01-12,2024-01-12,renewal,1091.8,823.65
PREM000058,POL000158,COV000058,2026-08-31,2027-08-31,reinstatement,634.2,337.87
PREM000059,POL000159,COV000059,2025-11-25,2026-11-25,reinstatement,1081.07,830.52
PREM000060,POL000160,COV000060,2024-11-07,2025-11-07,cancellation,1269.42,861.23
PREM000061,POL000161,COV000061,2025-05-15,2026-05-15,audit,2914.56,2133.35
PREM000062,POL000162,COV000062,2025-11-07,2026-11-07,audit,545.63,473.64
PREM000063,POL000163,COV000063,2023-01-29,2024-01-29,renewal,1385.86,835.03
PREM000064,POL000164,COV000064,2023-01-27,2024-01-27,endorsement,487.75,463.09
PREM000065,POL000165,COV000065,2025-07-12,2026-07-12,new_business,1382.38,733.27
PREM000066,POL000166,COV000066,2024-04-19,2025-04-19,cancellation,241.7,214.67
PREM000067,POL000167,COV000067,2024-04-20,2025-04-20,reinstatement,2476.93,1317.76
PREM000068,POL000168,COV000068,2023-08-08,2024-08-07,audit,1432.97,1104.56
PREM000069,POL000169,COV000069,2025-12-08,2026-12-08,renewal,1347.08,1138.94
PREM000070,POL000170,COV000070,2023-09-15,2024-09-14,new_business,207.45,135.49
PREM000071,POL000171,COV000071,2023-05-19,2024-05-18,new_business,1478.95,1195.46
PREM000072,POL000172,COV000072,2023-01-30,2024-01-30,cancellation,698.35,396.97
PREM000073,POL000173,COV000073,2024-10-04,2025-10-04,renewal,440.0,263.25
PREM000074,POL000174,COV000074,2023-10-13,2024-10-12,renewal,808.0,655.31
PREM000075,POL000175,COV000075,2025-05-31,2026-05-31,new_business,2725.85,1600.52
PREM000076,POL000176,COV000076,2023-05-26,2024-05-25,renewal,2859.62,1473.76
PREM000077,POL000177,COV000077,2025-08-21,2026-08-21,new_business,681.48,659.04
PREM000078,POL000178,COV000078,2026-08-29,2027-08-29,renewal,2926.01,2640.54
PREM000079,POL000179,COV000079,2023-11-26,2024-11-25,audit,2566.79,2558.73
PREM000080,POL000180,COV000080,2024-01-05,2025-01-04,endorsement,2654.4,1407.16
PREM000081,POL000181,COV000081,2025-08-24,2026-08-24,audit,349.54,320.04
PREM000082,POL000182,COV000082,2024-03-31,2025-03-31,reinstatement,1916.2,1387.33
PREM000083,POL000183,COV000083,2023-04-26,2024-04-25,reinstatement,1046.12,529.34
PREM000084,POL000184,COV000084,2026-04-29,2027-04-29,renewal,1431.25,1335.49
PREM000085,POL000185,COV000085,2024-04-11,2025-04-11,audit,2460.69,2274.18
PREM000086,POL000186,COV000086,2024-07-06,2025-07-06,new_business,1866.76,1820.58
PREM000087,POL000187,COV000087,2023-01-27,2024-01-27,renewal,2396.34,2199.58
PREM000088,POL000188,COV000088,2023-08-15,2024-08-14,endorsement,2675.53,1613.65
PREM000089,POL000189,COV000089,2023-12-25,2024-12-24,renewal,1578.07,1400.9
PREM000090,POL000190,COV000090,2025-04-09,2026-04-09,new_business,768.09,416.47
PREM000091,POL000191,COV000091,2023-07-14,2024-07-13,cancellation,2151.44,1260.57
PREM000092,POL000192,COV000092,2023-12-30,2024-12-29,cancellation,1085.73,572.34
PREM000093,POL000193,COV000093,2025-12-25,2026-12-25,cancellation,1400.32,789.01
PREM000094,POL000194,COV000094,2026-03-20,2027-03-20,renewal,2844.8,2355.28
PREM000095,POL000195,COV000095,2023-07-30,2024-07-29,new_business,1484.53,970.23
PREM000096,POL000196,COV000096,2024-04-20,2025-04-20,renewal,2473.85,1840.65
PREM000097,POL000197,COV000097,2025-05-11,2026-05-11,new_business,77.15,70.78
PREM000098,POL000198,COV000098,2025-12-25,2026-12-25,renewal,1564.44,1403.56
PREM000099,POL000199,COV000099,2024-04-02,2025-04-02,renewal,2658.33,1836.6
PREM000100,POL000200,COV000100,2024-10-17,2025-10-17,audit,284.86,256.09
PREM000101,POL000201,COV000101,2024-12-05,2025-12-05,renewal,1943.86,1415.07
PREM000102,POL000202,COV000102,2024-05-15,2025-05-15,reinstatement,2848.77,2441.56
PREM000103,POL000203,COV000103,2024-11-25,2025-11-25,renewal,1379.99,1142.2
PREM000104,POL000204,COV000104,2023-10-01,2024-09-30,renewal,61.51,37.36
PREM000105,POL000205,COV000105,2024-07-05,2025-07-05,new_business,2585.38,1839.39
PREM000106,POL000206,COV000106,2025-12-11,2026-12-11,audit,1754.15,1396.91
PREM000107,POL000207,COV000107,2025-02-12,2026-02-12,cancellation,2362.02,1935.78
PREM000108,POL000208,COV000108,2024-01-04,2025-01-03,audit,453.03,249.47
PREM000109,POL000209,COV000109,2026-02-13,2027-02-13,new_business,2316.2,2176.68
PREM000110,POL000210,COV000110,2024-01-15,2025-01-14,renewal,98.38,65.45
PREM000111,POL000211,COV000111,2026-06-04,2027-06-04,renewal,1331.15,750.88
PREM000112,POL000212,COV000112,2024-04-01,2025-04-01,renewal,1104.36,609.59
PREM000113,POL000213,COV000113,2024-05-07,2025-05-07,reinstatement,2861.25,2465.98
PREM000114,POL000214,COV000114,2025-01-08,2026-01-08,cancellation,2217.65,1201.52
PREM000115,POL000215,COV000115,2024-10-13,2025-10-13,reinstatement,869.23,482.01
PREM000116,POL000216,COV000116,2023-01-08,2024-01-08,audit,2116.43,1456.19
PREM000117,POL000217,COV000117,2023-11-21,2024-11-20,cancellation,2686.26,1586.19
PREM000118,POL000218,COV000118,2026-06-08,2027-06-08,audit,2983.74,1598.5
PREM000119,POL000219,COV000119,2025-01-07,2026-01-07,new_business,2006.72,1942.04
PREM000120,POL000220,COV000120,2025-06-13,2026-06-13,reinstatement,1566.3,1408.72
PREM000121,POL000221,COV000121,2025-05-05,2026-05-05,cancellation,1523.3,1115.57
PREM000122,POL000222,COV000122,2024-08-21,2025-08-21,reinstatement,139.12,129.37
PREM000123,POL000223,COV000123,2025-12-08,2026-12-08,audit,2856.27,2496.0
PREM000124,POL000224,COV000124,2025-01-10,2026-01-10,cancellation,81.31,66.16
PREM000125,POL000225,COV000125,2024-03-13,2025-03-13,cancellation,1124.33,681.85
PREM000126,POL000226,COV000126,2024-08-24,2025-08-24,cancellation,1831.17,1770.84
PREM000127,POL000227,COV000127,2025-11-18,2026-11-18,reinstatement,1683.75,1397.79
PREM000128,POL000228,COV000128,2023-04-11,2024-04-10,reinstatement,2709.94,1448.83
PREM000129,POL000229,COV000129,2023-06-15,2024-06-14,reinstatement,2377.61,1297.96
PREM000130,POL000230,COV000130,2024-03-31,2025-03-31,cancellation,744.56,533.1
PREM000131,POL000231,COV000131,2023-07-20,2024-07-19,new_business,2850.19,2328.87
PREM000132,POL000232,COV000132,2023-10-22,2024-10-21,renewal,2802.2,1709.03
PREM000133,POL000233,COV000133,2023-01-06,2024-01-06,cancellation,1806.28,1606.09
PREM000134,POL000234,COV000134,2026-03-23,2027-03-23,endorsement,257.84,243.32
PREM000135,POL000235,COV000135,2025-05-24,2026-05-24,cancellation,1247.39,801.31
PREM000136,POL000236,COV000136,2026-09-13,2027-09-13,reinstatement,1562.45,1046.56
PREM000137,POL000237,COV000137,2026-04-25,2027-04-25,audit,2115.76,1253.71
PREM000138,POL000238,COV000138,2026-07-22,2027-07-22,endorsement,920.89,566.38
PREM000139,POL000239,COV000139,2024-07-22,2025-07-22,renewal,2107.69,2065.18
PREM000140,POL000240,COV000140,2024-08-12,2025-08-12,new_business,793.03,697.26
PREM000141,POL000241,COV000141,2023-06-05,2024-06-04,reinstatement,1800.94,1453.09
PREM000142,POL000242,COV000142,2025-12-10,2026-12-10,audit,285.93,203.21
PREM000143,POL000243,COV000143,2025-08-01,2026-08-01,new_business,599.98,328.93
PREM000144,POL000244,COV000144,2023-12-18,2024-12-17,reinstatement,1493.36,1066.61
PREM000145,POL000245,COV000145,2023-02-22,2024-02-22,new_business,2259.18,1555.62
PREM000146,POL000246,COV000146,2024-06-01,2025-06-01,renewal,1995.96,1558.7
PREM000147,POL000247,COV000147,2025-10-20,2026-10-20,new_business,1561.47,1181.6
PREM000148,POL000248,COV000148,2023-05-16,2024-05-15,reinstatement,2876.18,2368.2
PREM000149,POL000249,COV000149,2026-03-31,2027-03-31,new_business,1763.76,935.38
PREM000150,POL000250,COV000150,2026-01-29,2027-01-29,renewal,2698.12,2573.46
PREM000151,POL000251,COV000151,2024-12-26,2025-12-26,new_business,345.18,337.95
PREM000152,POL000252,COV000152,2023-11-20,2024-11-19,audit,2693.14,2599.56
PREM000153,POL000253,COV000153,2023-04-27,2024-04-26,renewal,2258.1,1195.75
PREM000154,POL000254,COV000154,2026-05-14,2027-05-14,reinstatement,722.01,647.72
PREM000155,POL000255,COV000155,2023-12-12,2024-12-11,audit,1779.89,1514.89
PREM000156,POL000256,COV000156,2024-05-05,2025-05-05,new_business,2259.5,2158.85
PREM000157,POL000257,COV000157,2024-04-20,2025-04-20,renewal,2409.1,2140.5
PREM000158,POL000258,COV000158,2026-04-27,2027-04-27,renewal,497.0,456.2
PREM000159,POL000259,COV000159,2024-04-05,2025-04-05,audit,1260.18,1130.85
PREM000160,POL000260,COV000160,2024-08-11,2025-08-11,new_business,2456.71,2149.64
PREM000161,POL000261,COV000161,2025-11-21,2026-11-21,renewal,1013.69,796.31
PREM000162,POL000262,COV000162,2025-11-12,2026-11-12,renewal,416.39,411.65
PREM000163,POL000263,COV000163,2023-08-30,2024-08-29,endorsement,1844.69,1685.7
PREM000164,POL000264,COV000164,2026-06-12,2027-06-12,audit,2216.07,2196.49
PREM000165,POL000265,COV000165,2024-04-19,2025-04-19,renewal,2607.06,2155.74
PREM000166,POL000266,COV000166,2023-01-21,2024-01-21,endorsement,2398.07,1378.29
PREM000167,POL000267,COV000167,2024-07-21,2025-07-21,new_business,2118.97,1645.74
PREM000168,POL000268,COV000168,2025-09-07,2026-09-07,renewal,2481.1,1396.76
PREM000169,POL000269,COV000169,2025-06-25,2026-06-25,audit,1050.8,827.2
PREM000170,POL000270,COV000170,2025-08-20,2026-08-20,audit,1257.72,813.67
PREM000171,POL000271,COV000171,2024-01-31,2025-01-30,reinstatement,1114.02,886.3
PREM000172,POL000272,COV000172,2025-12-28,2026-12-28,renewal,681.49,476.62
PREM000173,POL000273,COV000173,2025-01-17,2026-01-17,renewal,875.35,492.19
PREM000174,POL000274,COV000174,2024-11-03,2025-11-03,renewal,1460.16,949.58
PREM000175,POL000275,COV000175,2024-08-16,2025-08-16,endorsement,1143.1,934.96
PREM000176,POL000276,COV000176,2025-03-30,2026-03-30,renewal,1450.37,837.0
PREM000177,POL000277,COV000177,2026-02-07,2027-02-07,renewal,211.57,124.05
PREM000178,POL000278,COV000178,2023-11-17,2024-11-16,new_business,397.96,229.56
PREM000179,POL000279,COV000179,2026-07-02,2027-07-02,endorsement,2171.04,1912.86
PREM000180,POL000280,COV000180,2025-03-24,2026-03-24,endorsement,1743.29,894.06
PREM000181,POL000281,COV000181,2026-02-18,2027-02-18,cancellation,640.54,620.18
PREM000182,POL000282,COV000182,2024-06-04,2025-06-04,audit,2994.27,2704.15
PREM000183,POL000283,COV000183,2024-07-11,2025-07-11,reinstatement,1784.83,1637.37
PREM000184,POL000284,COV000184,2023-03-17,2024-03-16,cancellation,1672.72,1180.78
PREM000185,POL000285,COV000185,2023-05-19,2024-05-18,audit,2804.17,2765.4
PREM000186,POL000286,COV000186,2026-03-23,2027-03-23,new_business,897.05,742.16
PREM000187,POL000287,COV000187,2023-03-06,2024-03-05,renewal,795.42,792.39
PREM000188,POL000288,COV000188,2026-01-13,2027-01-13,audit,2060.91,1504.78
PREM000189,POL000289,COV000189,2023-02-11,2024-02-11,endorsement,1497.82,1459.09
PREM000190,POL000290,COV000190,2025-05-29,2026-05-29,new_business,1128.84,959.4
PREM000191,POL000291,COV000191,2023-11-27,2024-11-26,audit,1326.62,997.11
PREM000192,POL000292,COV000192,2025-07-18,2026-07-18,new_business,1699.5,906.86
PREM000193,POL000293,COV000193,2025-03-03,2026-03-03,cancellation,2638.59,1662.15
PREM000194,POL000294,COV000194,2023-05-24,2024-05-23,cancellation,2583.79,1732.46
PREM000195,POL000295,COV000195,2025-05-09,2026-05-09,cancellation,2654.46,1523.2
PREM000196,POL000296,COV000196,2023-11-24,2024-11-23,new_business,1859.4,1330.34
PREM000197,POL000297,COV000197,2026-04-16,2027-04-16,reinstatement,2578.06,2057.16
PREM000198,POL000298,COV000198,2025-12-29,2026-12-29,endorsement,1085.58,968.96
PREM000199,POL000299,COV000199,2025-04-08,2026-04-08,renewal,780.03,604.91
PREM000200,POL000300,COV000200,2024-11-16,2025-11-16,renewal,2653.23,1712.88
PREM000201,POL000301,COV000201,2024-07-23,2025-07-23,cancellation,760.76,739.33
PREM000202,POL000302,COV000202,2026-03-04,2027-03-04,new_business,1702.85,990.01
PREM000203,POL000303,COV000203,2026-06-28,2027-06-28,audit,1258.3,810.29
PREM000204,POL000304,COV000204,2024-09-17,2025-09-17,endorsement,984.96,913.5
PREM000205,POL000305,COV000205,2025-01-26,2026-01-26,cancellation,2432.23,2149.76
PREM000206,POL000306,COV000206,2025-05-15,2026-05-15,endorsement,2349.39,1780.11
PREM000207,POL000307,COV000207,2026-04-11,2027-04-11,endorsement,325.43,234.35
PREM000208,POL000308,COV000208,2024-11-07,2025-11-07,endorsement,1934.04,1336.39
PREM000209,POL000309,COV000209,2024-06-13,2025-06-13,endorsement,2130.79,2099.83
PREM000210,POL000310,COV000210,2023-08-24,2024-08-23,new_business,593.65,447.21
PREM000211,POL000311,COV000211,2024-10-20,2025-10-20,endorsement,863.53,526.88
PREM000212,POL000312,COV000212,2026-02-21,2027-02-21,endorsement,2332.45,2291.72
PREM000213,POL000313,COV000213,2023-05-03,2024-05-02,cancellation,1457.59,1150.45
PREM000214,POL000314,COV000214,2023-10-20,2024-10-19,audit,2242.68,1603.14
PREM000215,POL000315,COV000215,2026-02-17,2027-02-17,audit,1564.85,1518.98
PREM000216,POL000316,COV000216,2024-04-04,2025-04-04,new_business,2528.12,1806.36
PREM000217,POL000317,COV000217,2023-05-01,2024-04-30,endorsement,406.24,291.99
PREM000218,POL000318,COV000218,2025-03-23,2026-03-23,renewal,2247.96,2126.39
PREM000219,POL000319,COV000219,2025-06-15,2026-06-15,cancellation,1692.19,1486.47
PREM000220,POL000320,COV000220,2025-08-17,2026-08-17,audit,1042.9,567.62
PREM000221,POL000321,COV000221,2024-08-28,2025-08-28,cancellation,466.55,416.34
PREM000222,POL000322,COV000222,2024-08-25,2025-08-25,reinstatement,2425.8,2352.84
PREM000223,POL000323,COV000223,2025-04-13,2026-04-13,renewal,1744.46,1492.28
PREM000224,POL000324,COV000224,2023-03-12,2024-03-11,cancellation,2409.02,1707.93
PREM000225,POL000325,COV000225,2024-04-20,2025-04-20,new_business,1397.68,1138.54
PREM000226,POL000326,COV000226,2023-09-16,2024-09-15,audit,540.99,502.05
PREM000227,POL000327,COV000227,2025-11-15,2026-11-15,reinstatement,1872.11,978.43
PREM000228,POL000328,COV000228,2025-03-11,2026-03-11,new_business,114.66,102.98
PREM000229,POL000329,COV000229,2024-01-14,2025-01-13,new_business,983.1,896.41
PREM000230,POL000330,COV000230,2025-08-23,2026-08-23,endorsement,449.52,415.33
PREM000231,POL000331,COV000231,2025-06-03,2026-06-03,new_business,50.31,40.68
PREM000232,POL000332,COV000232,2023-01-09,2024-01-09,renewal,1430.25,931.98
PREM000233,POL000333,COV000233,2026-03-03,2027-03-03,endorsement,942.45,577.0
PREM000234,POL000334,COV000234,2025-06-08,2026-06-08,reinstatement,1230.15,871.69
PREM000235,POL000335,COV000235,2023-05-19,2024-05-18,reinstatement,990.37,525.79
PREM000236,POL000336,COV000236,2024-01-18,2025-01-17,new_business,2439.3,1255.07
PREM000237,POL000337,COV000237,2026-08-31,2027-08-31,renewal,1726.54,1451.75
PREM000238,POL000338,COV000238,2023-08-14,2024-08-13,reinstatement,1208.64,1149.56
PREM000239,POL000339,COV000239,2025-10-16,2026-10-16,endorsement,1057.48,965.29
PREM000240,POL000340,COV000240,2025-03-27,2026-03-27,audit,1203.81,922.36
PREM000241,POL000341,COV000241,2024-12-04,2025-12-04,reinstatement,2434.52,1779.52
PREM000242,POL000342,COV000242,2026-02-23,2027-02-23,audit,2895.23,2613.04
PREM000243,POL000343,COV000243,2023-02-21,2024-02-21,endorsement,1540.69,1516.79
PREM000244,POL000344,COV000244,2023-06-28,2024-06-27,audit,1762.86,919.93
PREM000245,POL000345,COV000245,2024-02-16,2025-02-15,reinstatement,2972.17,1905.53
PREM000246,POL000346,COV000246,2023-12-20,2024-12-19,reinstatement,2683.84,2476.08
PREM000247,POL000347,COV000247,2025-12-21,2026-12-21,audit,2670.91,1411.97
PREM000248,POL000348,COV000248,2023-11-23,2024-11-22,renewal,2858.58,1896.76
PREM000249,POL000349,COV000249,2025-02-10,2026-02-10,endorsement,1949.69,1078.18
PREM000250,POL000350,COV000250,2024-05-23,2025-05-23,cancellation,159.6,107.73
PREM000251,POL000351,COV000251,2025-07-09,2026-07-09,new_business,2956.55,1817.64
PREM000252,POL000352,COV000252,2025-12-17,2026-12-17,endorsement,311.06,177.05
PREM000253,POL000353,COV000253,2026-02-17,2027-02-17,renewal,831.48,632.08
PREM000254,POL000354,COV000254,2024-05-29,2025-05-29,new_business,1451.89,1193.72
PREM000255,POL000355,COV000255,2025-04-02,2026-04-02,renewal,562.44,519.48
PREM000256,POL000356,COV000256,2023-01-30,2024-01-30,reinstatement,1703.41,1517.51
PREM000257,POL000357,COV000257,2026-05-30,2027-05-30,new_business,1614.6,1249.05
PREM000258,POL000358,COV000258,2023-09-05,2024-09-04,audit,123.5,97.73
PREM000259,POL000359,COV000259,2026-02-06,2027-02-06,new_business,513.86,345.06
PREM000260,POL000360,COV000260,2024-03-29,2025-03-29,audit,1800.95,1345.59
PREM000261,POL000361,COV000261,2026-04-23,2027-04-23,reinstatement,1940.1,1344.51
PREM000262,POL000362,COV000262,2025-04-21,2026-04-21,audit,1517.37,1060.75
PREM000263,POL000363,COV000263,2023-06-03,2024-06-02,renewal,2398.06,1347.83
PREM000264,POL000364,COV000264,2024-06-12,2025-06-12,new_business,896.74,722.56
PREM000265,POL000365,COV000265,2024-01-25,2025-01-24,audit,2439.45,1226.85
PREM000266,POL000366,COV000266,2026-02-20,2027-02-20,cancellation,774.3,592.44
PREM000267,POL000367,COV000267,2023-12-19,2024-12-18,endorsement,1506.22,840.85
PREM000268,POL000368,COV000268,2024-06-15,2025-06-15,cancellation,720.19,450.24
PREM000269,POL000369,COV000269,2023-09-03,2024-09-02,cancellation,263.28,246.65
PREM000270,POL000370,COV000270,2024-03-08,2025-03-08,new_business,571.53,461.89
PREM000271,POL000371,COV000271,2026-03-12,2027-03-12,endorsement,765.78,535.29
PREM000272,POL000372,COV000272,2024-12-21,2025-12-21,audit,2282.12,1903.04
PREM000273,POL000373,COV000273,2024-01-25,2025-01-24,reinstatement,992.23,754.63
PREM000274,POL000374,COV000274,2023-10-30,2024-10-29,cancellation,1363.97,1319.64
PREM000275,POL000375,COV000275,2024-01-17,2025-01-16,new_business,541.16,357.26
PREM000276,POL000376,COV000276,2025-01-13,2026-01-13,reinstatement,2614.23,1489.53
PREM000277,POL000377,COV000277,2023-01-28,2024-01-28,cancellation,1550.81,1387.08
PREM000278,POL000378,COV000278,2025-11-27,2026-11-27,cancellation,1223.21,1043.67
PREM000279,POL000379,COV000279,2026-08-01,2027-08-01,audit,186.6,113.1
PREM000280,POL000380,COV000280,2023-09-13,2024-09-12,audit,291.59,196.9
PREM000281,POL000381,COV000281,2026-06-09,2027-06-09,reinstatement,161.16,118.75
PREM000282,POL000382,COV000282,2025-07-27,2026-07-27,endorsement,2381.14,1348.59
PREM000283,POL000383,COV000283,2023-06-19,2024-06-18,renewal,932.76,886.01
PREM000284,POL000384,COV000284,2024-02-26,2025-02-25,endorsement,288.94,198.03
PREM000285,POL000385,COV000285,2023-03-09,2024-03-08,renewal,963.7,584.5
PREM000286,POL000386,COV000286,2025-10-15,2026-10-15,renewal,1252.46,1217.82
PREM000287,POL000387,COV000287,2023-02-06,2024-02-06,reinstatement,353.31,346.57
PREM000288,POL000388,COV000288,2025-07-20,2026-07-20,reinstatement,1819.94,1780.15
PREM000289,POL000389,COV000289,2024-07-31,2025-07-31,endorsement,1289.7,980.76
PREM000290,POL000390,COV000290,2023-09-11,2024-09-10,audit,2120.31,1810.89
PREM000291,POL000391,COV000291,2026-03-19,2027-03-19,renewal,2797.47,2159.55
PREM000292,POL000392,COV000292,2024-06-10,2025-06-10,cancellation,938.79,606.93
PREM000293,POL000393,COV000293,2023-05-06,2024-05-05,cancellation,469.51,439.95
PREM000294,POL000394,COV000294,2025-08-17,2026-08-17,reinstatement,974.35,648.42
PREM000295,POL000395,COV000295,2025-07-04,2026-07-04,endorsement,297.84,254.25
PREM000296,POL000396,COV000296,2024-01-21,2025-01-20,audit,1159.79,1126.98
PREM000297,POL000397,COV000297,2024-04-07,2025-04-07,new_business,2268.9,1150.11
PREM000298,POL000398,COV000298,2025-10-05,2026-10-05,reinstatement,1201.77,771.96
PREM000299,POL000399,COV000299,2024-11-25,2025-11-25,new_business,1740.3,1699.1
PREM000300,POL000400,COV000300,2024-01-18,2025-01-17,audit,153.67,152.38
PREM000301,POL000401,COV000301,2025-02-14,2026-02-14,cancellation,2275.71,1918.88
PREM000302,POL000402,COV000302,2025-12-30,2026-12-30,renewal,2495.31,2333.93
PREM000303,POL000403,COV000303,2024-08-07,2025-08-07,endorsement,2219.67,1929.93
PREM000304,POL000404,COV000304,2024-09-29,2025-09-29,reinstatement,391.88,334.61
PREM000305,POL000405,COV000305,2024-05-15,2025-05-15,audit,1972.84,1214.81
PREM000306,POL000406,COV000306,2026-08-01,2027-08-01,audit,78.36,76.47
PREM000307,POL000407,COV000307,2026-08-14,2027-08-14,new_business,2247.53,2199.63
PREM000308,POL000408,COV000308,2025-12-11,2026-12-11,new_business,562.14,520.79
PREM000309,POL000409,COV000309,2024-03-16,2025-03-16,audit,1267.58,735.91
PREM000310,POL000410,COV000310,2024-08-18,2025-08-18,renewal,2097.54,1429.66
PREM000311,POL000411,COV000311,2023-05-13,2024-05-12,new_business,1478.99,1065.25
PREM000312,POL000412,COV000312,2026-07-19,2027-07-19,reinstatement,1124.22,1011.78
PREM000313,POL000413,COV000313,2025-10-09,2026-10-09,renewal,852.91,710.4
PREM000314,POL000414,COV000314,2025-02-15,2026-02-15,audit,2742.31,2682.31
PREM000315,POL000415,COV000315,2025-10-07,2026-10-07,cancellation,109.94,89.47
PREM000316,POL000416,COV000316,2023-11-11,2024-11-10,endorsement,2115.51,1063.5
PREM000317,POL000417,COV000317,2023-09-10,2024-09-09,new_business,1462.01,1181.69
PREM000318,POL000418,COV000318,2025-04-15,2026-04-15,audit,61.19,59.54
PREM000319,POL000419,COV000319,2025-09-27,2026-09-27,cancellation,1363.24,827.16
PREM000320,POL000420,COV000320,2023-03-29,2024-03-28,endorsement,812.21,449.55
PREM000321,POL000421,COV000321,2023-01-17,2024-01-17,new_business,2855.97,2584.06
PREM000322,POL000422,COV000322,2025-09-17,2026-09-17,endorsement,2179.34,1983.46
PREM000323,POL000423,COV000323,2026-08-05,2027-08-05,new_business,1304.77,732.9
PREM000324,POL000424,COV000324,2025-11-23,2026-11-23,reinstatement,1435.7,847.99
PREM000325,POL000425,COV000325,2023-09-12,2024-09-11,new_business,1814.13,1352.34
PREM000326,POL000426,COV000326,2024-03-20,2025-03-20,audit,535.23,489.47
PREM000327,POL000427,COV000327,2025-06-03,2026-06-03,cancellation,436.84,270.01
PREM000328,POL000428,COV000328,2024-05-28,2025-05-28,reinstatement,2319.62,2294.52
PREM000329,POL000429,COV000329,2024-10-22,2025-10-22,endorsement,1792.98,1202.15
PREM000330,POL000430,COV000330,2023-07-08,2024-07-07,cancellation,147.3,83.69
PREM000331,POL000431,COV000331,2026-07-09,2027-07-09,cancellation,1300.26,962.65
PREM000332,POL000432,COV000332,2026-03-26,2027-03-26,renewal,1618.44,1609.48
PREM000333,POL000433,COV000333,2025-04-24,2026-04-24,renewal,1683.14,1550.68
PREM000334,POL000434,COV000334,2023-07-04,2024-07-03,audit,1665.61,1079.4
PREM000335,POL000435,COV000335,2025-05-16,2026-05-16,cancellation,300.51,157.28
PREM000336,POL000436,COV000336,2024-12-14,2025-12-14,new_business,1233.19,624.09
PREM000337,POL000437,COV000337,2023-10-23,2024-10-22,cancellation,1157.9,594.09
PREM000338,POL000438,COV000338,2024-10-17,2025-10-17,renewal,1258.47,788.75
PREM000339,POL000439,COV000339,2025-10-19,2026-10-19,cancellation,710.12,698.2
PREM000340,POL000440,COV000340,2025-03-01,2026-03-01,reinstatement,1288.15,1159.81
PREM000341,POL000441,COV000341,2025-02-14,2026-02-14,renewal,2808.38,2079.93
PREM000342,POL000442,COV000342,2026-03-19,2027-03-19,endorsement,2871.36,2128.62
PREM000343,POL000443,COV000343,2026-04-03,2027-04-03,endorsement,460.94,330.28
PREM000344,POL000444,COV000344,2024-11-20,2025-11-20,reinstatement,1885.04,1406.4
PREM000345,POL000445,COV000345,2025-03-17,2026-03-17,cancellation,1604.96,907.88
PREM000346,POL000446,COV000346,2025-01-04,2026-01-04,audit,1043.86,696.3
PREM000347,POL000447,COV000347,2026-08-20,2027-08-20,reinstatement,1476.88,835.46
PREM000348,POL000448,COV000348,2024-02-23,2025-02-22,renewal,73.34,73.22
PREM000349,POL000449,COV000349,2025-09-02,2026-09-02,renewal,611.01,486.78
PREM000350,POL000450,COV000350,2025-09-15,2026-09-15,audit,458.26,385.71
PREM000351,POL000451,COV000351,2026-01-19,2027-01-19,audit,2136.44,2030.21
PREM000352,POL000452,COV000352,2024-09-02,2025-09-02,endorsement,1690.09,1665.6
PREM000353,POL000453,COV000353,2026-05-24,2027-05-24,renewal,1639.85,1018.93
PREM000354,POL000454,COV000354,2023-01-20,2024-01-20,new_business,2377.85,2362.54
PREM000355,POL000455,COV000355,2023-08-03,2024-08-02,reinstatement,2634.01,2235.23
PREM000356,POL000456,COV000356,2024-06-20,2025-06-20,new_business,455.94,327.09
PREM000357,POL000457,COV000357,2026-01-02,2027-01-02,renewal,2160.34,1293.55
PREM000358,POL000458,COV000358,2026-05-29,2027-05-29,endorsement,1373.25,1087.35
PREM000359,POL000459,COV000359,2026-04-24,2027-04-24,reinstatement,2500.63,1636.93
PREM000360,POL000460,COV000360,2025-01-16,2026-01-16,audit,1498.79,1201.33
PREM000361,POL000461,COV000361,2026-01-24,2027-01-24,endorsement,2652.68,2563.19
PREM000362,POL000462,COV000362,2023-11-06,2024-11-05,reinstatement,1994.43,1368.41
PREM000363,POL000463,COV000363,2024-04-27,2025-04-27,cancellation,392.14,229.12
PREM000364,POL000464,COV000364,2025-10-16,2026-10-16,reinstatement,982.17,614.73
PREM000365,POL000465,COV000365,2024-09-07,2025-09-07,renewal,479.47,441.0
PREM000366,POL000466,COV000366,2025-10-18,2026-10-18,audit,719.32,637.66
PREM000367,POL000467,COV000367,2023-11-06,2024-11-05,renewal,341.59,220.28
PREM000368,POL000468,COV000368,2026-02-01,2027-02-01,endorsement,1317.45,1009.46
PREM000369,POL000469,COV000369,2025-09-10,2026-09-10,audit,1509.09,1478.32
PREM000370,POL000470,COV000370,2024-11-24,2025-11-24,endorsement,603.38,517.79
PREM000371,POL000471,COV000371,2026-02-25,2027-02-25,renewal,2118.39,1280.3
PREM000372,POL000472,COV000372,2025-10-04,2026-10-04,endorsement,1173.38,1089.4
PREM000373,POL000473,COV000373,2024-03-10,2025-03-10,new_business,542.93,442.65
PREM000374,POL000474,COV000374,2026-07-22,2027-07-22,new_business,1831.91,985.94
PREM000375,POL000475,COV000375,2025-06-28,2026-06-28,endorsement,461.42,314.68
PREM000376,POL000476,COV000376,2026-03-28,2027-03-28,endorsement,1243.16,783.77
PREM000377,POL000477,COV000377,2025-10-25,2026-10-25,new_business,1519.01,821.83
PREM000378,POL000478,COV000378,2024-08-17,2025-08-17,renewal,1262.1,1256.83
PREM000379,POL000479,COV000379,2023-12-04,2024-12-03,audit,2738.1,2268.85
PREM000380,POL000480,COV000380,2023-09-25,2024-09-24,endorsement,2119.7,1549.93
PREM000381,POL000481,COV000381,2026-05-03,2027-05-03,cancellation,1769.34,1494.77
PREM000382,POL000482,COV000382,2025-04-19,2026-04-19,reinstatement,2496.75,1933.87
PREM000383,POL000483,COV000383,2026-05-27,2027-05-27,cancellation,219.72,118.61
PREM000384,POL000484,COV000384,2025-03-07,2026-03-07,new_business,362.77,220.5
PREM000385,POL000485,COV000385,2025-12-09,2026-12-09,endorsement,2628.13,2359.22
PREM000386,POL000486,COV000386,2024-12-10,2025-12-10,reinstatement,368.56,243.23
PREM000387,POL000487,COV000387,2026-06-07,2027-06-07,new_business,2892.36,2052.6
PREM000388,POL000488,COV000388,2023-05-13,2024-05-12,audit,1252.93,898.89
PREM000389,POL000489,COV000389,2025-09-07,2026-09-07,renewal,624.4,347.92
PREM000390,POL000490,COV000390,2023-11-20,2024-11-19,reinstatement,2599.73,2328.92
PREM000391,POL000491,COV000391,2025-01-26,2026-01-26,cancellation,2836.76,2322.21
PREM000392,POL000492,COV000392,2026-02-26,2027-02-26,audit,1001.9,691.2
PREM000393,POL000493,COV000393,2026-01-06,2027-01-06,renewal,2195.13,1407.96
PREM000394,POL000494,COV000394,2023-03-24,2024-03-23,new_business,2153.74,1696.13
PREM000395,POL000495,COV000395,2024-10-16,2025-10-16,reinstatement,653.3,574.58
PREM000396,POL000496,COV000396,2025-01-16,2026-01-16,cancellation,1764.7,1680.14
PREM000397,POL000497,COV000397,2024-07-21,2025-07-21,audit,2915.97,1664.27
PREM000398,POL000498,COV000398,2025-08-19,2026-08-19,new_business,2582.37,1299.48
PREM000399,POL000499,COV000399,2025-04-12,2026-04-12,endorsement,1188.83,1136.8
PREM000400,POL000500,COV000400,2025-01-24,2026-01-24,reinstatement,1682.68,1143.29
PREM000401,POL000501,COV000401,2023-02-11,2024-02-11,new_business,2795.53,2645.74
PREM000402,POL000502,COV000402,2023-01-01,2024-01-01,reinstatement,835.07,435.16
PREM000403,POL000503,COV000403,2025-10-29,2026-10-29,new_business,235.89,141.7
PREM000404,POL000504,COV000404,2025-05-20,2026-05-20,renewal,1685.92,1420.61
PREM000405,POL000505,COV000405,2024-05-21,2025-05-21,cancellation,2198.27,1997.23
PREM000406,POL000506,COV000406,2026-03-12,2027-03-12,cancellation,1985.43,1328.49
PREM000407,POL000507,COV000407,2023-04-24,2024-04-23,cancellation,1927.29,1529.83
PREM000408,POL000508,COV000408,2025-06-27,2026-06-27,renewal,2326.53,1199.98
PREM000409,POL000509,COV000409,2023-02-25,2024-02-25,renewal,1684.51,979.45
PREM000410,POL000510,COV000410,2023-10-30,2024-10-29,audit,72.12,46.99
PREM000411,POL000511,COV000411,2025-03-01,2026-03-01,audit,2896.9,2738.03
PREM000412,POL000512,COV000412,2025-05-21,2026-05-21,audit,149.16,105.73
PREM000413,POL000513,COV000413,2026-02-02,2027-02-02,reinstatement,2028.15,1914.16
PREM000414,POL000514,COV000414,2026-04-23,2027-04-23,endorsement,2673.64,2160.15
PREM000415,POL000515,COV000415,2025-10-22,2026-10-22,endorsement,1245.99,949.05
PREM000416,POL000516,COV000416,2026-02-01,2027-02-01,endorsement,1794.78,1157.78
PREM000417,POL000517,COV000417,2026-07-07,2027-07-07,cancellation,1602.82,815.97
PREM000418,POL000518,COV000418,2025-07-17,2026-07-17,cancellation,1096.45,668.99
PREM000419,POL000519,COV000419,2025-04-17,2026-04-17,audit,1834.64,1385.33
PREM000420,POL000520,COV000420,2024-10-12,2025-10-12,new_business,84.87,64.45
PREM000421,POL000521,COV000421,2025-09-17,2026-09-17,audit,817.88,646.43
PREM000422,POL000522,COV000422,2026-02-14,2027-02-14,new_business,74.61,72.1
PREM000423,POL000523,COV000423,2023-06-22,2024-06-21,new_business,510.95,502.18
PREM000424,POL000524,COV000424,2024-01-29,2025-01-28,renewal,632.5,382.92
PREM000425,POL000525,COV000425,2026-02-19,2027-02-19,reinstatement,1440.06,1053.5
PREM000426,POL000526,COV000426,2025-11-22,2026-11-22,audit,603.69,560.34
PREM000427,POL000527,COV000427,2025-05-21,2026-05-21,audit,413.52,404.58
PREM000428,POL000528,COV000428,2025-01-30,2026-01-30,new_business,1729.54,991.93
PREM000429,POL000529,COV000429,2024-10-31,2025-10-31,renewal,2721.76,2307.5
PREM000430,POL000530,COV000430,2023-09-25,2024-09-24,audit,1765.37,1026.63
PREM000431,POL000531,COV000431,2025-12-27,2026-12-27,cancellation,941.34,663.28
PREM000432,POL000532,COV000432,2024-10-17,2025-10-17,endorsement,1277.71,1025.6
PREM000433,POL000533,COV000433,2025-10-28,2026-10-28,new_business,446.4,307.24
PREM000434,POL000534,COV000434,2023-02-13,2024-02-13,cancellation,807.89,666.01
PREM000435,POL000535,COV000435,2023-05-02,2024-05-01,audit,2681.92,2027.87
PREM000436,POL000536,COV000436,2023-01-29,2024-01-29,renewal,2230.95,2086.36
PREM000437,POL000537,COV000437,2026-07-24,2027-07-24,reinstatement,1575.57,1491.98
PREM000438,POL000538,COV000438,2024-08-05,2025-08-05,cancellation,2995.75,2110.9
PREM000439,POL000539,COV000439,2023-03-26,2024-03-25,reinstatement,483.97,378.05
PREM000440,POL000540,COV000440,2026-02-08,2027-02-08,new_business,2935.59,1829.01
PREM000441,POL000541,COV000441,2026-06-29,2027-06-29,cancellation,1675.82,1523.0
PREM000442,POL000542,COV000442,2024-11-11,2025-11-11,endorsement,659.57,606.39
PREM000443,POL000543,COV000443,2024-04-06,2025-04-06,new_business,2761.36,1452.45
PREM000444,POL000544,COV000444,2025-09-24,2026-09-24,endorsement,673.46,613.8
PREM000445,POL000545,COV000445,2023-07-19,2024-07-18,cancellation,1436.47,852.78
PREM000446,POL000546,COV000446,2024-08-30,2025-08-30,cancellation,1269.08,878.96
PREM000447,POL000547,COV000447,2024-05-22,2025-05-22,reinstatement,2317.45,1470.88
PREM000448,POL000548,COV000448,2024-03-09,2025-03-09,endorsement,968.93,596.24
PREM000449,POL000549,COV000449,2026-01-18,2027-01-18,renewal,1288.85,1229.57
PREM000450,POL000550,COV000450,2023-08-02,2024-08-01,audit,1827.22,1421.59
PREM000451,POL000551,COV000451,2026-04-01,2027-04-01,cancellation,1465.92,1122.57
PREM000452,POL000552,COV000452,2026-04-23,2027-04-23,endorsement,637.2,507.75
PREM000453,POL000553,COV000453,2026-02-22,2027-02-22,endorsement,2363.37,1667.5
PREM000454,POL000554,COV000454,2026-05-19,2027-05-19,renewal,2923.36,2194.7
PREM000455,POL000555,COV000455,2025-02-19,2026-02-19,endorsement,2787.3,2050.48
PREM000456,POL000556,COV000456,2025-06-18,2026-06-18,new_business,510.59,502.47
PREM000457,POL000557,COV000457,2023-09-18,2024-09-17,cancellation,1056.43,647.87
PREM000458,POL000558,COV000458,2026-04-11,2027-04-11,renewal,1004.2,768.22
PREM000459,POL000559,COV000459,2025-09-27,2026-09-27,new_business,2306.16,2181.94
PREM000460,POL000560,COV000460,2026-06-17,2027-06-17,cancellation,1766.41,1719.09
PREM000461,POL000561,COV000461,2023-07-03,2024-07-02,audit,2589.07,1941.25
PREM000462,POL000562,COV000462,2023-12-20,2024-12-19,audit,996.25,812.06
PREM000463,POL000563,COV000463,2025-05-04,2026-05-04,cancellation,1919.79,1813.58
PREM000464,POL000564,COV000464,2025-05-30,2026-05-30,endorsement,1741.38,1564.83
PREM000465,POL000565,COV000465,2023-10-21,2024-10-20,cancellation,1431.06,987.93
PREM000466,POL000566,COV000466,2024-06-10,2025-06-10,new_business,2331.73,1364.25
PREM000467,POL000567,COV000467,2024-06-04,2025-06-04,new_business,2324.63,1440.25
PREM000468,POL000568,COV000468,2024-01-23,2025-01-22,endorsement,2307.48,2292.65
PREM000469,POL000569,COV000469,2023-12-04,2024-12-03,endorsement,2908.35,2269.92
PREM000470,POL000570,COV000470,2025-09-22,2026-09-22,renewal,1874.82,1760.71
PREM000471,POL000571,COV000471,2024-07-07,2025-07-07,audit,776.6,406.86
PREM000472,POL000572,COV000472,2024-01-27,2025-01-26,reinstatement,405.74,391.21
PREM000473,POL000573,COV000473,2024-02-09,2025-02-08,renewal,1231.22,1160.11
PREM000474,POL000574,COV000474,2024-06-07,2025-06-07,cancellation,1892.9,1379.81
PREM000475,POL000575,COV000475,2024-12-21,2025-12-21,cancellation,807.93,670.51
PREM000476,POL000576,COV000476,2025-09-12,2026-09-12,reinstatement,895.72,520.6
PREM000477,POL000577,COV000477,2023-05-07,2024-05-06,new_business,2622.83,1592.1
PREM000478,POL000578,COV000478,2023-01-28,2024-01-28,renewal,1473.5,1014.79
PREM000479,POL000579,COV000479,2024-09-20,2025-09-20,audit,362.56,199.67
PREM000480,POL000580,COV000480,2023-08-04,2024-08-03,cancellation,2173.96,1862.3
PREM000481,POL000581,COV000481,2024-05-21,2025-05-21,new_business,294.58,224.52
PREM000482,POL000582,COV000482,2025-05-29,2026-05-29,endorsement,2535.59,1835.82
PREM000483,POL000583,COV000483,2025-11-07,2026-11-07,audit,2764.97,2405.75
PREM000484,POL000584,COV000484,2026-08-04,2027-08-04,reinstatement,1691.84,964.64
PREM000485,POL000585,COV000485,2024-08-15,2025-08-15,reinstatement,2884.11,1590.07
PREM000486,POL000586,COV000486,2024-12-10,2025-12-10,endorsement,1596.71,1335.03
PREM000487,POL000587,COV000487,2024-06-17,2025-06-17,cancellation,2278.85,2163.83
PREM000488,POL000588,COV000488,2026-08-22,2027-08-22,new_business,1931.87,1578.18
PREM000489,POL000589,COV000489,2023-03-07,2024-03-06,renewal,1067.8,846.95
PREM000490,POL000590,COV000490,2025-09-17,2026-09-17,audit,2427.99,1935.29
PREM000491,POL000591,COV000491,2026-02-09,2027-02-09,cancellation,2228.3,1217.71
PREM000492,POL000592,COV000492,2023-07-16,2024-07-15,new_business,776.92,428.24
PREM000493,POL000593,COV000493,2023-11-19,2024-11-18,audit,338.0,244.06
PREM000494,POL000594,COV000494,2024-03-30,2025-03-30,renewal,1075.9,991.44
PREM000495,POL000595,COV000495,2024-07-19,2025-07-19,new_business,1133.6,648.05
PREM000496,POL000596,COV000496,2025-01-06,2026-01-06,audit,57.83,49.24
PREM000497,POL000597,COV000497,2023-02-14,2024-02-14,reinstatement,960.0,805.27
PREM000498,POL000598,COV000498,2024-04-27,2025-04-27,cancellation,2898.47,2239.94
PREM000499,POL000599,COV000499,2025-04-20,2026-04-20,cancellation,372.37,274.79
PREM000500,POL000600,COV000500,2026-02-04,2027-02-04,audit,2061.61,1564.37
PREM000501,POL000601,COV000501,2026-01-31,2027-01-31,cancellation,1667.87,1173.54
PREM000502,POL000602,COV000502,2023-07-23,2024-07-22,reinstatement,2103.93,1655.92
PREM000503,POL000603,COV000503,2023-05-04,2024-05-03,renewal,537.96,321.99
PREM000504,POL000604,COV000504,2026-04-06,2027-04-06,new_business,2589.31,2191.53
PREM000505,POL000605,COV000505,2026-03-01,2027-03-01,cancellation,2635.86,1429.4
PREM000506,POL000606,COV000506,2025-12-23,2026-12-23,cancellation,228.38,175.21
PREM000507,POL000607,COV000507,2026-02-05,2027-02-05,new_business,373.22,287.87
PREM000508,POL000608,COV000508,2023-03-27,2024-03-26,cancellation,1385.63,746.81
PREM000509,POL000609,COV000509,2025-07-17,2026-07-17,cancellation,1603.92,1215.42
PREM000510,POL000610,COV000510,2026-06-21,2027-06-21,cancellation,2893.63,2538.45
PREM000511,POL000611,COV000511,2025-03-12,2026-03-12,reinstatement,846.46,654.58
PREM000512,POL000612,COV000512,2025-10-05,2026-10-05,reinstatement,1907.03,1288.51
PREM000513,POL000613,COV000513,2025-12-30,2026-12-30,renewal,246.33,133.64
PREM000514,POL000614,COV000514,2025-12-27,2026-12-27,cancellation,1917.88,1163.64
PREM000515,POL000615,COV000515,2023-12-21,2024-12-20,renewal,2511.21,2255.02
PREM000516,POL000616,COV000516,2024-11-02,2025-11-02,new_business,1106.55,707.47
PREM000517,POL000617,COV000517,2024-08-28,2025-08-28,audit,2980.68,1631.09
PREM000518,POL000618,COV000518,2025-04-02,2026-04-02,new_business,1801.18,1540.74
PREM000519,POL000619,COV000519,2023-04-28,2024-04-27,renewal,2050.47,1644.5
PREM000520,POL000620,COV000520,2024-03-19,2025-03-19,audit,1054.07,612.06
PREM000521,POL000621,COV000521,2026-08-23,2027-08-23,reinstatement,2105.68,2102.27
PREM000522,POL000622,COV000522,2026-01-10,2027-01-10,reinstatement,2293.59,2229.25
PREM000523,POL000623,COV000523,2023-03-06,2024-03-05,reinstatement,2255.17,2236.74
PREM000524,POL000624,COV000524,2023-07-14,2024-07-13,audit,2365.63,1568.83
PREM000525,POL000625,COV000525,2025-10-21,2026-10-21,endorsement,472.92,463.98
PREM000526,POL000626,COV000526,2025-02-06,2026-02-06,new_business,902.9,832.5
PREM000527,POL000627,COV000527,2024-10-01,2025-10-01,endorsement,1437.34,765.65
PREM000528,POL000628,COV000528,2024-10-31,2025-10-31,renewal,390.17,310.83
PREM000529,POL000629,COV000529,2023-04-22,2024-04-21,audit,2859.67,2735.61
PREM000530,POL000630,COV000530,2023-09-25,2024-09-24,reinstatement,1855.93,1421.46
PREM000531,POL000631,COV000531,2025-02-15,2026-02-15,endorsement,2358.24,1410.76
PREM000532,POL000632,COV000532,2023-01-16,2024-01-16,audit,418.95,343.28
PREM000533,POL000633,COV000533,2024-08-27,2025-08-27,cancellation,1330.81,1274.47
PREM000534,POL000634,COV000534,2026-07-28,2027-07-28,audit,648.03,442.98
PREM000535,POL000635,COV000535,2023-01-24,2024-01-24,cancellation,763.32,420.04
PREM000536,POL000636,COV000536,2026-07-29,2027-07-29,endorsement,612.88,532.76
PREM000537,POL000637,COV000537,2023-06-28,2024-06-27,audit,2356.09,2254.31
PREM000538,POL000638,COV000538,2024-05-06,2025-05-06,renewal,1620.13,1046.17
PREM000539,POL000639,COV000539,2025-02-09,2026-02-09,renewal,1748.91,1180.94
PREM000540,POL000640,COV000540,2025-05-17,2026-05-17,audit,181.99,178.71
PREM000541,POL000641,COV000541,2025-06-20,2026-06-20,renewal,1376.74,1254.48
PREM000542,POL000642,COV000542,2025-08-22,2026-08-22,new_business,1565.59,1078.61
PREM000543,POL000643,COV000543,2026-07-02,2027-07-02,audit,911.66,813.54
PREM000544,POL000644,COV000544,2023-09-07,2024-09-06,reinstatement,1564.46,1225.9
PREM000545,POL000645,COV000545,2025-12-09,2026-12-09,renewal,905.51,617.43
PREM000546,POL000646,COV000546,2023-07-22,2024-07-21,renewal,2439.65,1450.35
PREM000547,POL000647,COV000547,2024-06-12,2025-06-12,reinstatement,1251.78,730.94
PREM000548,POL000648,COV000548,2024-09-30,2025-09-30,renewal,2630.53,1897.75
PREM000549,POL000649,COV000549,2024-02-22,2025-02-21,renewal,2698.14,1727.01
PREM000550,POL000650,COV000550,2023-01-02,2024-01-02,new_business,2997.1,2754.61
PREM000551,POL000651,COV000551,2026-09-02,2027-09-02,renewal,190.36,143.7
PREM000552,POL000652,COV000552,2023-01-16,2024-01-16,new_business,700.86,405.41
PREM000553,POL000653,COV000553,2025-08-03,2026-08-03,cancellation,2718.25,2236.75
PREM000554,POL000654,COV000554,2023-09-15,2024-09-14,cancellation,1051.67,957.34
PREM000555,POL000655,COV000555,2026-07-17,2027-07-17,cancellation,2017.81,1941.65
PREM000556,POL000656,COV000556,2024-10-13,2025-10-13,endorsement,1981.81,1139.57
PREM000557,POL000657,COV000557,2023-03-04,2024-03-03,cancellation,646.84,453.54
PREM000558,POL000658,COV000558,2025-03-27,2026-03-27,audit,1558.26,973.27
PREM000559,POL000659,COV000559,2023-06-03,2024-06-02,cancellation,159.4,113.26
PREM000560,POL000660,COV000560,2023-05-23,2024-05-22,renewal,468.49,396.64
PREM000561,POL000661,COV000561,2026-09-11,2027-09-11,endorsement,1684.92,1581.5
PREM000562,POL000662,COV000562,2024-04-13,2025-04-13,renewal,642.18,565.5
PREM000563,POL000663,COV000563,2023-05-31,2024-05-30,endorsement,2239.65,2054.72
PREM000564,POL000664,COV000564,2024-04-04,2025-04-04,audit,2002.75,1840.06
PREM000565,POL000665,COV000565,2024-05-02,2025-05-02,audit,1359.24,1085.2
PREM000566,POL000666,COV000566,2025-10-11,2026-10-11,audit,1670.83,1379.03
PREM000567,POL000667,COV000567,2024-07-07,2025-07-07,endorsement,1222.9,955.85
PREM000568,POL000668,COV000568,2026-08-15,2027-08-15,new_business,2510.88,1289.63
PREM000569,POL000669,COV000569,2023-08-02,2024-08-01,cancellation,2198.42,1654.41
PREM000570,POL000670,COV000570,2023-01-25,2024-01-25,endorsement,1876.48,1546.96
PREM000571,POL000671,COV000571,2026-01-01,2027-01-01,reinstatement,1811.77,1148.64
PREM000572,POL000672,COV000572,2026-02-15,2027-02-15,endorsement,367.62,340.37
PREM000573,POL000673,COV000573,2024-10-22,2025-10-22,renewal,1159.55,1073.87
PREM000574,POL000674,COV000574,2024-05-07,2025-05-07,reinstatement,485.88,416.19
PREM000575,POL000675,COV000575,2025-06-03,2026-06-03,reinstatement,1960.92,1108.01
PREM000576,POL000676,COV000576,2025-01-07,2026-01-07,audit,2727.83,1757.71
PREM000577,POL000677,COV000577,2025-09-17,2026-09-17,reinstatement,2512.19,1400.2
PREM000578,POL000678,COV000578,2024-03-14,2025-03-14,endorsement,2366.96,1915.58
PREM000579,POL000679,COV000579,2026-06-26,2027-06-26,cancellation,1809.73,1117.38
PREM000580,POL000680,COV000580,2025-01-04,2026-01-04,audit,646.2,575.62
PREM000581,POL000681,COV000581,2024-12-18,2025-12-18,cancellation,2991.23,2656.94
PREM000582,POL000682,COV000582,2023-11-10,2024-11-09,renewal,1783.13,1475.75
PREM000583,POL000683,COV000583,2026-05-25,2027-05-25,renewal,1532.14,1084.45
PREM000584,POL000684,COV000584,2023-07-14,2024-07-13,endorsement,1749.3,1200.77
PREM000585,POL000685,COV000585,2026-07-27,2027-07-27,new_business,2682.35,1448.61
PREM000586,POL000686,COV000586,2026-06-06,2027-06-06,reinstatement,539.72,494.16
PREM000587,POL000687,COV000587,2024-02-17,2025-02-16,reinstatement,2952.16,2558.96
PREM000588,POL000688,COV000588,2024-11-11,2025-11-11,endorsement,822.65,696.62
PREM000589,POL000689,COV000589,2023-06-16,2024-06-15,cancellation,676.3,428.34
PREM000590,POL000690,COV000590,2024-03-14,2025-03-14,reinstatement,1822.92,1279.22
PREM000591,POL000691,COV000591,2023-12-25,2024-12-24,new_business,391.36,198.96
PREM000592,POL000692,COV000592,2024-07-25,2025-07-25,new_business,1770.9,1049.3
PREM000593,POL000693,COV000593,2024-02-17,2025-02-16,reinstatement,132.02,93.53
PREM000594,POL000694,COV000594,2024-01-04,2025-01-03,cancellation,2787.1,2240.01
PREM000595,POL000695,COV000595,2023-01-25,2024-01-25,new_business,62.15,31.5
PREM000596,POL000696,COV000596,2024-06-18,2025-06-18,reinstatement,594.53,534.94
PREM000597,POL000697,COV000597,2023-04-14,2024-04-13,endorsement,572.05,324.2
PREM000598,POL000698,COV000598,2024-04-08,2025-04-08,audit,1107.8,1044.36
PREM000599,POL000699,COV000599,2026-01-26,2027-01-26,reinstatement,2354.65,1264.38
PREM000600,POL000700,COV000600,2025-07-31,2026-07-31,renewal,1039.02,806.71
PREM000601,POL000701,COV000601,2023-07-23,2024-07-22,reinstatement,775.57,440.64
PREM000602,POL000702,COV000602,2024-10-18,2025-10-18,audit,990.3,882.38
PREM000603,POL000703,COV000603,2023-03-02,2024-03-01,cancellation,1706.82,1261.12
PREM000604,POL000704,COV000604,2025-04-09,2026-04-09,audit,2147.83,1132.36
PREM000605,POL000705,COV000605,2023-08-01,2024-07-31,endorsement,2511.9,1980.92
PREM000606,POL000706,COV000606,2023-12-15,2024-12-14,new_business,54.63,27.46
PREM000607,POL000707,COV000607,2024-10-20,2025-10-20,reinstatement,2010.72,1208.87
PREM000608,POL000708,COV000608,2026-04-12,2027-04-12,new_business,2145.44,1763.69
PREM000609,POL000709,COV000609,2026-02-24,2027-02-24,endorsement,1397.78,809.85
PREM000610,POL000710,COV000610,2023-08-17,2024-08-16,endorsement,2234.6,1657.11
PREM000611,POL000711,COV000611,2025-11-22,2026-11-22,cancellation,1761.03,1162.18
PREM000612,POL000712,COV000612,2024-04-19,2025-04-19,audit,1816.62,957.38
PREM000613,POL000713,COV000613,2026-05-10,2027-05-10,new_business,2805.49,1894.38
PREM000614,POL000714,COV000614,2024-07-23,2025-07-23,new_business,2987.59,1634.49
PREM000615,POL000715,COV000615,2023-07-16,2024-07-15,endorsement,2104.63,1053.6
PREM000616,POL000716,COV000616,2025-03-21,2026-03-21,reinstatement,477.41,459.88
PREM000617,POL000717,COV000617,2023-02-01,2024-02-01,cancellation,1938.51,1932.36
PREM000618,POL000718,COV000618,2025-11-28,2026-11-28,endorsement,834.85,667.22
PREM000619,POL000719,COV000619,2023-09-12,2024-09-11,cancellation,936.38,661.5
PREM000620,POL000720,COV000620,2024-04-20,2025-04-20,renewal,1774.34,1619.99
PREM000621,POL000721,COV000621,2024-07-28,2025-07-28,renewal,1645.13,958.78
PREM000622,POL000722,COV000622,2024-12-26,2025-12-26,endorsement,2073.33,1601.79
PREM000623,POL000723,COV000623,2023-07-25,2024-07-24,cancellation,2550.81,1398.08
PREM000624,POL000724,COV000624,2023-02-03,2024-02-03,renewal,1780.26,1666.37
PREM000625,POL000725,COV000625,2025-04-02,2026-04-02,endorsement,1317.3,1169.96
PREM000626,POL000726,COV000626,2025-06-01,2026-06-01,cancellation,1954.26,1080.02
PREM000627,POL000727,COV000627,2024-03-27,2025-03-27,renewal,389.61,236.91
PREM000628,POL000728,COV000628,2024-06-07,2025-06-07,reinstatement,2836.12,1634.45
PREM000629,POL000729,COV000629,2023-01-18,2024-01-18,reinstatement,832.71,436.17
PREM000630,POL000730,COV000630,2023-07-19,2024-07-18,reinstatement,2296.06,1736.73
PREM000631,POL000731,COV000631,2025-11-25,2026-11-25,cancellation,2254.13,1424.25
PREM000632,POL000732,COV000632,2024-07-07,2025-07-07,new_business,2288.42,1894.28
PREM000633,POL000733,COV000633,2025-09-06,2026-09-06,renewal,96.63,74.0
PREM000634,POL000734,COV000634,2025-05-19,2026-05-19,reinstatement,2153.71,2103.67
PREM000635,POL000735,COV000635,2024-03-24,2025-03-24,endorsement,757.1,661.09
PREM000636,POL000736,COV000636,2025-07-11,2026-07-11,reinstatement,289.04,239.2
PREM000637,POL000737,COV000637,2026-05-24,2027-05-24,new_business,1452.83,840.43
PREM000638,POL000738,COV000638,2023-07-22,2024-07-21,endorsement,537.64,420.3
PREM000639,POL000739,COV000639,2025-06-10,2026-06-10,endorsement,698.6,496.26
PREM000640,POL000740,COV000640,2025-07-04,2026-07-04,renewal,2138.34,1252.6
PREM000641,POL000741,COV000641,2026-07-26,2027-07-26,endorsement,270.99,200.72
PREM000642,POL000742,COV000642,2024-10-29,2025-10-29,new_business,2622.65,1960.26
PREM000643,POL000743,COV000643,2025-03-17,2026-03-17,renewal,1988.61,1885.61
PREM000644,POL000744,COV000644,2023-03-14,2024-03-13,audit,706.93,703.48
PREM000645,POL000745,COV000645,2023-06-10,2024-06-09,audit,2722.1,1504.76
PREM000646,POL000746,COV000646,2026-07-14,2027-07-14,cancellation,1401.42,807.73
PREM000647,POL000747,COV000647,2025-01-05,2026-01-05,endorsement,2694.51,1813.03
PREM000648,POL000748,COV000648,2024-08-24,2025-08-24,renewal,374.36,309.17
PREM000649,POL000749,COV000649,2024-05-30,2025-05-30,cancellation,274.1,270.29
PREM000650,POL000750,COV000650,2026-01-01,2027-01-01,renewal,2986.35,2934.91
PREM000651,POL000751,COV000651,2026-02-03,2027-02-03,cancellation,2958.79,2076.76
PREM000652,POL000752,COV000652,2024-10-09,2025-10-09,cancellation,2233.7,2128.47
PREM000653,POL000753,COV000653,2025-08-21,2026-08-21,reinstatement,2868.81,2327.64
PREM000654,POL000754,COV000654,2023-08-07,2024-08-06,reinstatement,2785.1,2361.25
PREM000655,POL000755,COV000655,2023-08-29,2024-08-28,cancellation,2087.32,1326.18
PREM000656,POL000756,COV000656,2024-11-23,2025-11-23,renewal,1196.75,615.07
PREM000657,POL000757,COV000657,2024-06-09,2025-06-09,renewal,1542.16,1369.86
PREM000658,POL000758,COV000658,2025-03-04,2026-03-04,renewal,1597.18,974.32
PREM000659,POL000759,COV000659,2024-05-21,2025-05-21,renewal,1443.07,1033.29
PREM000660,POL000760,COV000660,2024-09-21,2025-09-21,audit,2264.66,2190.71
PREM000661,POL000761,COV000661,2024-07-23,2025-07-23,audit,670.14,602.16
PREM000662,POL000762,COV000662,2024-01-04,2025-01-03,cancellation,1674.2,1375.08
PREM000663,POL000763,COV000663,2025-11-07,2026-11-07,endorsement,2484.75,1832.61
PREM000664,POL000764,COV000664,2026-07-19,2027-07-19,audit,1687.57,1305.47
PREM000665,POL000765,COV000665,2023-11-18,2024-11-17,audit,1164.4,802.22
PREM000666,POL000766,COV000666,2024-06-29,2025-06-29,cancellation,1803.98,1489.6
PREM000667,POL000767,COV000667,2023-01-11,2024-01-11,new_business,2661.65,1974.59
PREM000668,POL000768,COV000668,2024-04-25,2025-04-25,cancellation,2829.27,1711.46
PREM000669,POL000769,COV000669,2025-10-27,2026-10-27,renewal,2189.46,1308.38
PREM000670,POL000770,COV000670,2025-09-06,2026-09-06,new_business,274.46,228.22
PREM000671,POL000771,COV000671,2025-08-20,2026-08-20,reinstatement,2990.59,2894.32
PREM000672,POL000772,COV000672,2023-10-31,2024-10-30,endorsement,2815.94,2260.58
PREM000673,POL000773,COV000673,2023-09-17,2024-09-16,cancellation,1274.97,671.26
PREM000674,POL000774,COV000674,2025-06-04,2026-06-04,renewal,1308.19,1235.86
PREM000675,POL000775,COV000675,2026-05-16,2027-05-16,endorsement,504.25,345.86
PREM000676,POL000776,COV000676,2026-03-27,2027-03-27,endorsement,1473.39,1393.37
PREM000677,POL000777,COV000677,2025-10-13,2026-10-13,reinstatement,493.58,332.01
PREM000678,POL000778,COV000678,2025-07-05,2026-07-05,cancellation,1997.49,1307.86
PREM000679,POL000779,COV000679,2025-06-12,2026-06-12,renewal,1973.79,1447.13
PREM000680,POL000780,COV000680,2025-05-01,2026-05-01,new_business,2637.8,2136.66
PREM000681,POL000781,COV000681,2023-08-16,2024-08-15,renewal,2988.48,1909.69
PREM000682,POL000782,COV000682,2023-10-04,2024-10-03,endorsement,422.55,369.03
PREM000683,POL000783,COV000683,2024-06-08,2025-06-08,audit,1306.34,1078.2
PREM000684,POL000784,COV000684,2024-10-25,2025-10-25,endorsement,1750.19,1339.2
PREM000685,POL000785,COV000685,2024-07-01,2025-07-01,reinstatement,2355.01,1448.67
PREM000686,POL000786,COV000686,2026-09-02,2027-09-02,endorsement,178.89,168.12
PREM000687,POL000787,COV000687,2024-01-12,2025-01-11,audit,2418.21,2401.0
PREM000688,POL000788,COV000688,2024-03-17,2025-03-17,new_business,2724.27,2507.0
PREM000689,POL000789,COV000689,2026-07-04,2027-07-04,endorsement,929.96,479.77
PREM000690,POL000790,COV000690,2025-11-05,2026-11-05,reinstatement,358.89,258.08
PREM000691,POL000791,COV000691,2023-11-19,2024-11-18,audit,783.31,738.62
PREM000692,POL000792,COV000692,2025-05-17,2026-05-17,audit,118.45,61.43
PREM000693,POL000793,COV000693,2025-06-10,2026-06-10,audit,965.44,767.81
PREM000694,POL000794,COV000694,2026-05-13,2027-05-13,renewal,1977.29,1595.12
PREM000695,POL000795,COV000695,2025-09-14,2026-09-14,renewal,1620.22,1436.04
PREM000696,POL000796,COV000696,2025-09-06,2026-09-06,reinstatement,1366.53,802.93
PREM000697,POL000797,COV000697,2025-10-02,2026-10-02,renewal,2163.53,1868.47
PREM000698,POL000798,COV000698,2025-03-08,2026-03-08,reinstatement,2249.61,1520.63
PREM000699,POL000799,COV000699,2025-08-22,2026-08-22,renewal,2569.17,1900.22
PREM000700,POL000800,COV000700,2025-03-06,2026-03-06,endorsement,1447.52,993.27
PREM000701,POL000801,COV000701,2025-09-10,2026-09-10,renewal,2749.66,2638.85
PREM000702,POL000802,COV000702,2023-02-13,2024-02-13,new_business,2730.76,2423.17
PREM000703,POL000803,COV000703,2026-04-01,2027-04-01,audit,471.33,347.1
PREM000704,POL000804,COV000704,2023-12-31,2024-12-30,audit,2061.2,1638.5
PREM000705,POL000805,COV000705,2024-07-24,2025-07-24,renewal,2617.52,1658.87
PREM000706,POL000806,COV000706,2026-03-28,2027-03-28,cancellation,1098.93,687.67
PREM000707,POL000807,COV000707,2025-05-11,2026-05-11,new_business,276.29,225.33
PREM000708,POL000808,COV000708,2026-02-07,2027-02-07,endorsement,1730.37,1159.27
PREM000709,POL000809,COV000709,2023-07-16,2024-07-15,cancellation,791.57,449.62
PREM000710,POL000810,COV000710,2026-02-26,2027-02-26,cancellation,2501.87,1964.19
PREM000711,POL000811,COV000711,2025-06-04,2026-06-04,audit,2090.99,2083.17
PREM000712,POL000812,COV000712,2024-01-22,2025-01-21,reinstatement,355.74,292.97
PREM000713,POL000813,COV000713,2024-08-10,2025-08-10,endorsement,610.06,524.97
PREM000714,POL000814,COV000714,2025-09-08,2026-09-08,cancellation,1248.71,633.63
PREM000715,POL000815,COV000715,2024-05-13,2025-05-13,cancellation,1820.4,1610.67
PREM000716,POL000816,COV000716,2023-06-12,2024-06-11,new_business,2776.53,2555.74
PREM000717,POL000817,COV000717,2023-04-06,2024-04-05,endorsement,1738.53,1645.64
PREM000718,POL000818,COV000718,2026-06-18,2027-06-18,audit,1331.78,978.57
PREM000719,POL000819,COV000719,2025-11-12,2026-11-12,renewal,309.15,196.12
PREM000720,POL000820,COV000720,2025-09-25,2026-09-25,endorsement,2789.8,1534.18
PREM000721,POL000821,COV000721,2026-05-02,2027-05-02,cancellation,1121.9,650.94
PREM000722,POL000822,COV000722,2025-11-03,2026-11-03,cancellation,1689.38,901.24
PREM000723,POL000823,COV000723,2023-06-20,2024-06-19,cancellation,2973.52,2838.31
PREM000724,POL000824,COV000724,2026-06-24,2027-06-24,cancellation,861.34,580.66
PREM000725,POL000825,COV000725,2024-10-10,2025-10-10,audit,323.43,196.71
PREM000726,POL000826,COV000726,2024-08-08,2025-08-08,renewal,785.14,657.39
PREM000727,POL000827,COV000727,2026-03-06,2027-03-06,reinstatement,646.63,373.29
PREM000728,POL000828,COV000728,2024-01-04,2025-01-03,endorsement,1056.76,756.52
PREM000729,POL000829,COV000729,2025-03-21,2026-03-21,cancellation,1471.98,1251.67
PREM000730,POL000830,COV000730,2025-01-27,2026-01-27,endorsement,1605.77,1520.14
PREM000731,POL000831,COV000731,2024-10-24,2025-10-24,endorsement,1939.04,1855.53
PREM000732,POL000832,COV000732,2024-03-24,2025-03-24,renewal,635.59,554.59
PREM000733,POL000833,COV000733,2025-08-02,2026-08-02,reinstatement,2862.24,1522.29
PREM000734,POL000834,COV000734,2023-02-26,2024-02-26,endorsement,2638.17,2096.0
PREM000735,POL000835,COV000735,2025-06-30,2026-06-30,audit,1498.38,1036.29
PREM000736,POL000836,COV000736,2026-09-11,2027-09-11,reinstatement,1475.82,1081.47
PREM000737,POL000837,COV000737,2025-04-27,2026-04-27,cancellation,1674.55,996.84
PREM000738,POL000838,COV000738,2024-06-18,2025-06-18,cancellation,585.48,544.17
PREM000739,POL000839,COV000739,2024-11-16,2025-11-16,endorsement,712.59,593.12
PREM000740,POL000840,COV000740,2024-10-03,2025-10-03,new_business,1248.29,790.4
PREM000741,POL000841,COV000741,2024-07-20,2025-07-20,reinstatement,2479.06,2163.53
PREM000742,POL000842,COV000742,2023-03-08,2024-03-07,cancellation,692.81,523.8
PREM000743,POL000843,COV000743,2023-05-24,2024-05-23,reinstatement,908.51,790.42
PREM000744,POL000844,COV000744,2025-09-13,2026-09-13,endorsement,1829.72,1488.53
PREM000745,POL000845,COV000745,2025-10-09,2026-10-09,renewal,2962.88,2343.94
PREM000746,POL000846,COV000746,2024-11-11,2025-11-11,new_business,2942.83,1828.82
PREM000747,POL000847,COV000747,2023-12-13,2024-12-12,new_business,2998.93,2379.93
PREM000748,POL000848,COV000748,2024-06-23,2025-06-23,endorsement,1230.49,994.62
PREM000749,POL000849,COV000749,2025-10-04,2026-10-04,reinstatement,1681.85,1532.31
PREM000750,POL000850,COV000750,2025-10-18,2026-10-18,cancellation,2644.75,1654.51
PREM000751,POL000851,COV000751,2025-02-22,2026-02-22,endorsement,1876.79,1511.95
PREM000752,POL000852,COV000752,2024-11-07,2025-11-07,reinstatement,1474.38,829.39
PREM000753,POL000853,COV000753,2026-01-28,2027-01-28,new_business,366.08,287.92
PREM000754,POL000854,COV000754,2024-08-16,2025-08-16,renewal,1585.56,1382.6
PREM000755,POL000855,COV000755,2026-07-02,2027-07-02,new_business,226.28,128.69
PREM000756,POL000856,COV000756,2023-02-08,2024-02-08,reinstatement,1427.74,811.6
PREM000757,POL000857,COV000757,2023-09-11,2024-09-10,endorsement,1761.62,1113.19
PREM000758,POL000858,COV000758,2024-05-31,2025-05-31,cancellation,1065.25,727.75
PREM000759,POL000859,COV000759,2025-04-21,2026-04-21,new_business,1240.56,1060.45
PREM000760,POL000860,COV000760,2025-06-30,2026-06-30,new_business,794.6,508.64
PREM000761,POL000861,COV000761,2025-12-31,2026-12-31,renewal,1231.15,1110.07
PREM000762,POL000862,COV000762,2023-11-12,2024-11-11,endorsement,2154.37,1124.36
PREM000763,POL000863,COV000763,2023-08-03,2024-08-02,new_business,2517.83,2460.63
PREM000764,POL000864,COV000764,2024-10-22,2025-10-22,new_business,2306.18,2288.84
PREM000765,POL000865,COV000765,2024-12-13,2025-12-13,cancellation,2345.42,2250.01
PREM000766,POL000866,COV000766,2023-01-12,2024-01-12,reinstatement,1771.99,957.53
PREM000767,POL000867,COV000767,2025-01-23,2026-01-23,audit,1851.4,1575.92
PREM000768,POL000868,COV000768,2025-09-14,2026-09-14,reinstatement,2087.42,1936.26
PREM000769,POL000869,COV000769,2026-05-22,2027-05-22,renewal,1723.87,1256.51
PREM000770,POL000870,COV000770,2023-08-29,2024-08-28,new_business,1467.43,873.4
PREM000771,POL000871,COV000771,2023-08-15,2024-08-14,new_business,2316.83,2298.09
PREM000772,POL000872,COV000772,2025-12-31,2026-12-31,endorsement,796.85,453.06
PREM000773,POL000873,COV000773,2023-04-22,2024-04-21,renewal,610.43,570.73
PREM000774,POL000874,COV000774,2026-04-11,2027-04-11,audit,1772.87,1520.96
PREM000775,POL000875,COV000775,2025-12-28,2026-12-28,audit,411.82,249.05
PREM000776,POL000876,COV000776,2023-12-05,2024-12-04,audit,2332.02,1842.61
PREM000777,POL000877,COV000777,2025-04-29,2026-04-29,new_business,2890.38,2204.63
PREM000778,POL000878,COV000778,2025-01-02,2026-01-02,endorsement,2359.35,1893.93
PREM000779,POL000879,COV000779,2023-12-11,2024-12-10,audit,2616.23,1648.31
PREM000780,POL000880,COV000780,2025-01-31,2026-01-31,new_business,2807.08,2066.75
PREM000781,POL000881,COV000781,2025-03-12,2026-03-12,endorsement,2458.13,1975.86
PREM000782,POL000882,COV000782,2023-11-07,2024-11-06,cancellation,401.11,233.71
PREM000783,POL000883,COV000783,2024-01-30,2025-01-29,endorsement,1981.35,1441.12
PREM000784,POL000884,COV000784,2025-11-17,2026-11-17,audit,542.3,422.76
PREM000785,POL000885,COV000785,2024-07-19,2025-07-19,reinstatement,2078.41,1190.01
PREM000786,POL000886,COV000786,2024-07-03,2025-07-03,cancellation,958.26,541.31
PREM000787,POL000887,COV000787,2026-08-23,2027-08-23,renewal,2079.05,1618.82
PREM000788,POL000888,COV000788,2026-07-26,2027-07-26,audit,2678.22,2413.24
PREM000789,POL000889,COV000789,2025-06-14,2026-06-14,new_business,2392.33,1726.8
PREM000790,POL000890,COV000790,2026-02-28,2027-02-28,endorsement,1282.95,1006.67
PREM000791,POL000891,COV000791,2024-04-06,2025-04-06,audit,1565.36,1389.32
PREM000792,POL000892,COV000792,2025-12-28,2026-12-28,reinstatement,1939.23,1488.14
PREM000793,POL000893,COV000793,2024-05-16,2025-05-16,audit,1702.47,1442.17
PREM000794,POL000894,COV000794,2023-04-15,2024-04-14,reinstatement,1662.82,1294.06
PREM000795,POL000895,COV000795,2025-08-20,2026-08-20,renewal,1181.15,1114.14
PREM000796,POL000896,COV000796,2025-07-21,2026-07-21,endorsement,1572.5,1423.55
PREM000797,POL000897,COV000797,2023-04-08,2024-04-07,renewal,967.36,929.92
PREM000798,POL000898,COV000798,2026-01-22,2027-01-22,new_business,1665.83,1136.07
PREM000799,POL000899,COV000799,2024-03-05,2025-03-05,cancellation,1794.38,1082.01
PREM000800,POL000900,COV000800,2025-09-19,2026-09-19,reinstatement,1942.72,1131.48
PREM000801,POL000901,COV000801,2023-01-06,2024-01-06,cancellation,268.59,157.38
PREM000802,POL000902,COV000802,2023-10-14,2024-10-13,audit,1618.46,1537.15
PREM000803,POL000903,COV000803,2023-08-28,2024-08-27,reinstatement,324.15,170.28
PREM000804,POL000904,COV000804,2026-02-06,2027-02-06,audit,2178.39,1517.4
PREM000805,POL000905,COV000805,2026-06-28,2027-06-28,new_business,650.93,451.68
PREM000806,POL000906,COV000806,2023-02-20,2024-02-20,endorsement,1243.26,1027.64
PREM000807,POL000907,COV000807,2023-01-07,2024-01-07,reinstatement,1051.9,1015.55
PREM000808,POL000908,COV000808,2025-05-26,2026-05-26,audit,643.38,590.0
PREM000809,POL000909,COV000809,2026-07-03,2027-07-03,new_business,1869.2,1310.88
PREM000810,POL000910,COV000810,2024-04-08,2025-04-08,audit,764.04,434.73
PREM000811,POL000911,COV000811,2023-12-31,2024-12-30,cancellation,1652.45,830.15
PREM000812,POL000912,COV000812,2024-02-11,2025-02-10,renewal,2836.87,2640.95
PREM000813,POL000913,COV000813,2024-02-21,2025-02-20,reinstatement,1767.01,1116.83
PREM000814,POL000914,COV000814,2026-01-01,2027-01-01,endorsement,2838.98,2697.96
PREM000815,POL000915,COV000815,2024-08-11,2025-08-11,renewal,541.45,306.28
PREM000816,POL000916,COV000816,2024-02-04,2025-02-03,reinstatement,2896.45,2389.85
PREM000817,POL000917,COV000817,2024-07-27,2025-07-27,endorsement,467.32,393.75
PREM000818,POL000918,COV000818,2026-01-17,2027-01-17,renewal,2986.28,2666.46
PREM000819,POL000919,COV000819,2026-08-30,2027-08-30,endorsement,2342.29,2207.03
PREM000820,POL000920,COV000820,2025-04-21,2026-04-21,audit,734.71,584.92
PREM000821,POL000921,COV000821,2023-01-17,2024-01-17,renewal,2040.56,1175.33
PREM000822,POL000922,COV000822,2025-12-11,2026-12-11,renewal,2388.92,1870.18
PREM000823,POL000923,COV000823,2023-10-25,2024-10-24,endorsement,2151.15,1142.56
PREM000824,POL000924,COV000824,2024-09-27,2025-09-27,cancellation,2019.88,1859.84
PREM000825,POL000925,COV000825,2024-09-12,2025-09-12,endorsement,1641.67,1480.46
PREM000826,POL000926,COV000826,2023-11-25,2024-11-24,endorsement,2871.07,1909.15
PREM000827,POL000927,COV000827,2024-02-19,2025-02-18,audit,2655.67,2494.23
PREM000828,POL000928,COV000828,2023-04-29,2024-04-28,audit,2940.81,1936.26
PREM000829,POL000929,COV000829,2023-03-30,2024-03-29,cancellation,2444.88,1941.87
PREM000830,POL000930,COV000830,2024-08-26,2025-08-26,cancellation,2320.84,2263.38
PREM000831,POL000931,COV000831,2025-12-08,2026-12-08,audit,1037.55,575.94
PREM000832,POL000932,COV000832,2026-09-14,2027-09-14,cancellation,2474.15,2042.42
PREM000833,POL000933,COV000833,2023-12-23,2024-12-22,endorsement,2628.22,2513.97
PREM000834,POL000934,COV000834,2025-03-04,2026-03-04,endorsement,534.3,390.25
PREM000835,POL000935,COV000835,2025-12-08,2026-12-08,new_business,597.08,525.4
PREM000836,POL000936,COV000836,2023-12-01,2024-11-30,endorsement,1608.09,1084.57
PREM000837,POL000937,COV000837,2023-02-17,2024-02-17,renewal,1011.26,532.05
PREM000838,POL000938,COV000838,2026-07-16,2027-07-16,renewal,626.25,313.77
PREM000839,POL000939,COV000839,2023-09-10,2024-09-09,audit,2321.74,1396.96
PREM000840,POL000940,COV000840,2023-01-09,2024-01-09,audit,361.9,329.63
PREM000841,POL000941,COV000841,2025-07-22,2026-07-22,audit,169.27,87.34
PREM000842,POL000942,COV000842,2024-05-20,2025-05-20,cancellation,379.43,347.96
PREM000843,POL000943,COV000843,2025-07-26,2026-07-26,new_business,1514.1,1227.94
PREM000844,POL000944,COV000844,2023-05-24,2024-05-23,endorsement,339.65,280.35
PREM000845,POL000945,COV000845,2025-04-29,2026-04-29,audit,1609.89,1334.63
PREM000846,POL000946,COV000846,2025-09-02,2026-09-02,new_business,2863.35,2397.99
PREM000847,POL000947,COV000847,2026-02-12,2027-02-12,cancellation,1362.6,921.69
PREM000848,POL000948,COV000848,2024-11-15,2025-11-15,endorsement,1040.97,610.5
PREM000849,POL000949,COV000849,2025-12-13,2026-12-13,renewal,1937.27,1442.6
PREM000850,POL000950,COV000850,2025-09-23,2026-09-23,audit,751.87,390.97
PREM000851,POL000951,COV000851,2023-06-09,2024-06-08,new_business,1724.99,1337.84
PREM000852,POL000952,COV000852,2024-11-23,2025-11-23,audit,2275.27,2246.26
PREM000853,POL000953,COV000853,2024-05-31,2025-05-31,reinstatement,1238.2,1077.24
PREM000854,POL000954,COV000854,2024-04-07,2025-04-07,renewal,1955.19,1731.24
PREM000855,POL000955,COV000855,2023-10-04,2024-10-03,reinstatement,1330.35,849.08
PREM000856,POL000956,COV000856,2025-04-01,2026-04-01,renewal,106.9,77.24
PREM000857,POL000957,COV000857,2024-08-25,2025-08-25,renewal,1555.31,923.36
PREM000858,POL000958,COV000858,2025-09-21,2026-09-21,reinstatement,971.11,916.59
PREM000859,POL000959,COV000859,2024-10-09,2025-10-09,new_business,2978.81,2233.38
PREM000860,POL000960,COV000860,2025-04-03,2026-04-03,renewal,1309.15,1279.31
PREM000861,POL000961,COV000861,2023-10-05,2024-10-04,audit,1083.64,1027.51
PREM000862,POL000962,COV000862,2023-02-18,2024-02-18,audit,1256.88,683.64
PREM000863,POL000963,COV000863,2024-04-22,2025-04-22,new_business,2790.89,1648.89
PREM000864,POL000964,COV000864,2024-02-20,2025-02-19,new_business,2564.81,1849.75
PREM000865,POL000965,COV000865,2024-06-01,2025-06-01,renewal,896.18,830.86
PREM000866,POL000966,COV000866,2025-06-01,2026-06-01,reinstatement,244.69,125.67
PREM000867,POL000967,COV000867,2024-07-04,2025-07-04,renewal,248.21,153.69
PREM000868,POL000968,COV000868,2026-08-27,2027-08-27,audit,2070.6,1865.25
PREM000869,POL000969,COV000869,2023-10-26,2024-10-25,cancellation,2171.7,1726.12
PREM000870,POL000970,COV000870,2023-06-08,2024-06-07,reinstatement,341.57,282.96
PREM000871,POL000971,COV000871,2026-07-27,2027-07-27,renewal,2671.19,2591.72
PREM000872,POL000972,COV000872,2026-03-06,2027-03-06,endorsement,1032.48,626.62
PREM000873,POL000973,COV000873,2025-03-14,2026-03-14,reinstatement,823.07,561.32
PREM000874,POL000974,COV000874,2024-05-24,2025-05-24,renewal,824.0,723.73
PREM000875,POL000975,COV000875,2025-03-30,2026-03-30,endorsement,1221.53,700.81
PREM000876,POL000976,COV000876,2026-08-17,2027-08-17,cancellation,1986.37,1567.7
PREM000877,POL000977,COV000877,2025-07-26,2026-07-26,new_business,2513.59,1632.54
PREM000878,POL000978,COV000878,2025-04-23,2026-04-23,new_business,577.91,450.68
PREM000879,POL000979,COV000879,2023-04-04,2024-04-03,renewal,1876.64,1280.47
PREM000880,POL000980,COV000880,2023-08-30,2024-08-29,reinstatement,1516.06,886.79
PREM000881,POL000981,COV000881,2023-10-28,2024-10-27,cancellation,1022.7,881.45
PREM000882,POL000982,COV000882,2025-05-11,2026-05-11,reinstatement,672.46,669.98
PREM000883,POL000983,COV000883,2025-04-27,2026-04-27,endorsement,1288.39,724.77
PREM000884,POL000984,COV000884,2024-01-30,2025-01-29,new_business,2231.74,1498.47
PREM000885,POL000985,COV000885,2025-04-22,2026-04-22,endorsement,2857.48,1705.96
PREM000886,POL000986,COV000886,2024-01-29,2025-01-28,endorsement,1119.44,593.37
PREM000887,POL000987,COV000887,2026-05-12,2027-05-12,endorsement,1477.29,917.61
PREM000888,POL000988,COV000888,2024-01-19,2025-01-18,endorsement,2188.86,1620.51
PREM000889,POL000989,COV000889,2023-12-04,2024-12-03,endorsement,70.47,55.6
PREM000890,POL000990,COV000890,2024-04-18,2025-04-18,new_business,1468.7,767.17
PREM000891,POL000991,COV000891,2025-07-26,2026-07-26,new_business,1471.52,1125.91
PREM000892,POL000992,COV000892,2023-10-25,2024-10-24,new_business,825.47,686.16
PREM000893,POL000993,COV000893,2025-10-18,2026-10-18,cancellation,1125.26,675.74
PREM000894,POL000994,COV000894,2025-07-19,2026-07-19,audit,2542.57,1653.27
PREM000895,POL000995,COV000895,2025-11-10,2026-11-10,new_business,2196.27,1830.92
PREM000896,POL000996,COV000896,2026-07-09,2027-07-09,reinstatement,2199.83,2101.74
PREM000897,POL000997,COV000897,2026-02-18,2027-02-18,renewal,1059.0,628.44
PREM000898,POL000998,COV000898,2024-05-22,2025-05-22,audit,2649.54,2328.31
PREM000899,POL000999,COV000899,2025-05-17,2026-05-17,cancellation,626.67,322.35
PREM000900,POL001000,COV000900,2023-04-14,2024-04-13,audit,51.22,28.93
PREM000901,POL001001,COV000901,2024-12-02,2025-12-02,audit,2858.12,2605.27
PREM000902,POL001002,COV000902,2025-12-18,2026-12-18,reinstatement,2711.48,2632.13
PREM000903,POL001003,COV000903,2024-12-18,2025-12-18,endorsement,2852.74,1613.76
PREM000904,POL001004,COV000904,2024-06-27,2025-06-27,new_business,2258.19,1500.79
PREM000905,POL001005,COV000905,2025-04-28,2026-04-28,cancellation,1531.61,774.32
PREM000906,POL001006,COV000906,2026-06-03,2027-06-03,reinstatement,1155.66,650.21
PREM000907,POL001007,COV000907,2026-09-05,2027-09-05,renewal,2012.4,1283.8
PREM000908,POL001008,COV000908,2023-09-10,2024-09-09,audit,2480.68,1839.43
PREM000909,POL001009,COV000909,2024-01-09,2025-01-08,endorsement,1425.48,1222.32
PREM000910,POL001010,COV000910,2024-06-08,2025-06-08,cancellation,1933.84,1898.52
PREM000911,POL001011,COV000911,2025-08-09,2026-08-09,renewal,2726.76,2462.63
PREM000912,POL001012,COV000912,2025-06-28,2026-06-28,audit,712.25,661.29
PREM000913,POL001013,COV000913,2023-09-24,2024-09-23,reinstatement,1384.9,1320.73
PREM000914,POL001014,COV000914,2026-09-07,2027-09-07,audit,1524.72,1325.58
PREM000915,POL001015,COV000915,2023-01-07,2024-01-07,renewal,2134.9,1935.2
PREM000916,POL001016,COV000916,2025-10-02,2026-10-02,new_business,1455.88,943.22
PREM000917,POL001017,COV000917,2025-11-25,2026-11-25,endorsement,664.0,580.56
PREM000918,POL001018,COV000918,2026-06-27,2027-06-27,cancellation,2958.25,2241.41
PREM000919,POL001019,COV000919,2024-09-07,2025-09-07,reinstatement,1171.47,856.09
PREM000920,POL001020,COV000920,2024-04-04,2025-04-04,renewal,719.73,372.23
PREM000921,POL001021,COV000921,2023-12-06,2024-12-05,new_business,2684.03,2245.08
PREM000922,POL001022,COV000922,2024-12-21,2025-12-21,endorsement,270.13,160.23
PREM000923,POL001023,COV000923,2025-10-08,2026-10-08,reinstatement,2243.23,1199.44
PREM000924,POL001024,COV000924,2023-05-25,2024-05-24,audit,2180.07,1580.98
PREM000925,POL001025,COV000925,2024-03-12,2025-03-12,audit,227.87,211.85
PREM000926,POL001026,COV000926,2026-06-16,2027-06-16,renewal,1228.93,1190.31
PREM000927,POL001027,COV000927,2023-04-14,2024-04-13,reinstatement,1386.49,695.19
PREM000928,POL001028,COV000928,2025-12-18,2026-12-18,cancellation,1241.9,771.47
PREM000929,POL001029,COV000929,2025-08-08,2026-08-08,cancellation,2415.68,1907.46
PREM000930,POL001030,COV000930,2024-04-10,2025-04-10,audit,1843.76,1328.54
PREM000931,POL001031,COV000931,2026-06-11,2027-06-11,new_business,2239.52,1233.73
PREM000932,POL001032,COV000932,2026-05-09,2027-05-09,endorsement,2206.83,1326.78
PREM000933,POL001033,COV000933,2023-12-10,2024-12-09,new_business,439.05,355.95
PREM000934,POL001034,COV000934,2024-01-02,2025-01-01,reinstatement,50.5,50.21
PREM000935,POL001035,COV000935,2023-07-01,2024-06-30,endorsement,276.37,172.46
PREM000936,POL001036,COV000936,2026-01-08,2027-01-08,audit,1087.13,854.91
PREM000937,POL001037,COV000937,2023-07-18,2024-07-17,reinstatement,1673.39,898.15
PREM000938,POL001038,COV000938,2026-04-30,2027-04-30,new_business,519.33,423.23
PREM000939,POL001039,COV000939,2026-03-22,2027-03-22,renewal,227.98,150.51
PREM000940,POL001040,COV000940,2026-02-06,2027-02-06,renewal,1686.78,1419.92
PREM000941,POL001041,COV000941,2023-06-02,2024-06-01,endorsement,2539.7,1799.1
PREM000942,POL001042,COV000942,2025-04-27,2026-04-27,reinstatement,2441.67,1653.64
PREM000943,POL001043,COV000943,2023-08-13,2024-08-12,audit,1872.21,1308.1
PREM000944,POL001044,COV000944,2024-01-28,2025-01-27,endorsement,1041.19,688.65
PREM000945,POL001045,COV000945,2024-12-28,2025-12-28,reinstatement,2345.61,1974.65
PREM000946,POL001046,COV000946,2023-06-08,2024-06-07,endorsement,1663.34,1570.51
PREM000947,POL001047,COV000947,2023-07-08,2024-07-07,endorsement,921.51,701.23
PREM000948,POL001048,COV000948,2023-06-16,2024-06-15,cancellation,929.0,493.78
PREM000949,POL001049,COV000949,2025-02-14,2026-02-14,endorsement,583.87,583.79
PREM000950,POL001050,COV000950,2025-07-26,2026-07-26,new_business,1210.19,1164.13
PREM000951,POL001051,COV000951,2023-06-21,2024-06-20,new_business,2658.13,2624.38
PREM000952,POL001052,COV000952,2023-02-13,2024-02-13,endorsement,2464.12,1448.91
PREM000953,POL001053,COV000953,2025-05-22,2026-05-22,reinstatement,1272.9,1107.76
PREM000954,POL001054,COV000954,2025-05-06,2026-05-06,renewal,562.29,538.79
PREM000955,POL001055,COV000955,2024-03-26,2025-03-26,new_business,680.8,592.68
PREM000956,POL001056,COV000956,2026-05-06,2027-05-06,endorsement,422.5,257.32
PREM000957,POL001057,COV000957,2023-11-02,2024-11-01,endorsement,2178.4,1646.83
PREM000958,POL001058,COV000958,2023-04-26,2024-04-25,renewal,1655.34,1323.92
PREM000959,POL001059,COV000959,2023-04-22,2024-04-21,renewal,2652.62,1435.14
PREM000960,POL001060,COV000960,2023-08-31,2024-08-30,endorsement,1794.99,1451.58
PREM000961,POL001061,COV000961,2023-08-01,2024-07-31,renewal,873.43,835.55
PREM000962,POL001062,COV000962,2025-03-04,2026-03-04,cancellation,437.13,315.61
PREM000963,POL001063,COV000963,2023-11-01,2024-10-31,reinstatement,1340.49,920.68
PREM000964,POL001064,COV000964,2025-09-30,2026-09-30,reinstatement,250.94,233.59
PREM000965,POL001065,COV000965,2026-01-09,2027-01-09,audit,1190.86,777.96
PREM000966,POL001066,COV000966,2026-06-27,2027-06-27,reinstatement,1667.05,1224.34
PREM000967,POL001067,COV000967,2023-12-29,2024-12-28,endorsement,1161.19,953.49
PREM000968,POL001068,COV000968,2024-04-24,2025-04-24,renewal,1276.15,1000.14
PREM000969,POL001069,COV000969,2024-06-11,2025-06-11,endorsement,1529.72,1157.06
PREM000970,POL001070,COV000970,2024-02-03,2025-02-02,endorsement,1672.98,1106.79
PREM000971,POL001071,COV000971,2023-06-29,2024-06-28,cancellation,720.16,421.89
PREM000972,POL001072,COV000972,2024-07-21,2025-07-21,new_business,164.54,132.39
PREM000973,POL001073,COV000973,2025-04-10,2026-04-10,audit,1915.48,1539.19
PREM000974,POL001074,COV000974,2024-10-29,2025-10-29,cancellation,1637.6,1597.35
PREM000975,POL001075,COV000975,2026-09-15,2027-09-15,cancellation,2194.67,1172.99
PREM000976,POL001076,COV000976,2024-04-01,2025-04-01,endorsement,1055.04,814.13
PREM000977,POL001077,COV000977,2024-05-09,2025-05-09,cancellation,485.81,385.62
PREM000978,POL001078,COV000978,2024-09-14,2025-09-14,renewal,1116.88,1098.64
PREM000979,POL001079,COV000979,2024-12-11,2025-12-11,cancellation,1791.72,1192.8
PREM000980,POL001080,COV000980,2024-04-01,2025-04-01,reinstatement,614.89,532.27
PREM000981,POL001081,COV000981,2026-07-05,2027-07-05,new_business,1414.17,1140.33
PREM000982,POL001082,COV000982,2023-02-13,2024-02-13,reinstatement,726.2,437.69
PREM000983,POL001083,COV000983,2025-12-06,2026-12-06,renewal,2021.98,1825.23
PREM000984,POL001084,COV000984,2025-05-23,2026-05-23,new_business,356.29,277.96
PREM000985,POL001085,COV000985,2023-11-08,2024-11-07,renewal,2445.42,2259.42
PREM000986,POL001086,COV000986,2023-04-13,2024-04-12,renewal,1118.04,567.75
PREM000987,POL001087,COV000987,2026-02-09,2027-02-09,renewal,1052.96,873.93
PREM000988,POL001088,COV000988,2026-04-22,2027-04-22,endorsement,780.11,402.32
PREM000989,POL001089,COV000989,2023-03-10,2024-03-09,new_business,576.05,417.68
PREM000990,POL001090,COV000990,2025-04-27,2026-04-27,cancellation,569.97,365.45
PREM000991,POL001091,COV000991,2023-11-08,2024-11-07,audit,1473.34,1280.59
PREM000992,POL001092,COV000992,2026-08-14,2027-08-14,audit,1448.19,911.2
PREM000993,POL001093,COV000993,2024-03-09,2025-03-09,renewal,378.68,220.83
PREM000994,POL001094,COV000994,2023-01-21,2024-01-21,cancellation,2311.73,1532.8
PREM000995,POL001095,COV000995,2023-10-02,2024-10-01,audit,2489.67,2413.58
PREM000996,POL001096,COV000996,2025-08-27,2026-08-27,endorsement,73.26,56.0
PREM000997,POL001097,COV000997,2023-12-19,2024-12-18,reinstatement,1841.48,1440.14
PREM000998,POL001098,COV000998,2024-07-23,2025-07-23,cancellation,495.93,274.0
PREM000999,POL001099,COV000999,2023-08-29,2024-08-28,cancellation,2723.61,2371.59
PREM001000,POL001100,COV001000,2023-07-24,2024-07-23,reinstatement,2174.87,2068.18
PREM001001,POL001101,COV001001,2026-01-22,2027-01-22,endorsement,2636.9,2571.24
PREM001002,POL001102,COV001002,2025-08-21,2026-08-21,endorsement,302.97,264.78
PREM001003,POL001103,COV001003,2023-08-29,2024-08-28,reinstatement,1219.24,879.46
PREM001004,POL001104,COV001004,2024-03-27,2025-03-27,endorsement,1740.42,1413.96
PREM001005,POL001105,COV001005,2024-02-23,2025-02-22,new_business,1248.42,925.7
PREM001006,POL001106,COV001006,2023-12-06,2024-12-05,new_business,2325.91,1371.02
PREM001007,POL001107,COV001007,2023-01-26,2024-01-26,audit,1317.77,820.75
PREM001008,POL001108,COV001008,2025-12-07,2026-12-07,new_business,1790.76,995.06
PREM001009,POL001109,COV001009,2023-03-27,2024-03-26,audit,1488.46,751.79
PREM001010,POL001110,COV001010,2024-12-12,2025-12-12,new_business,486.8,386.77
PREM001011,POL001111,COV001011,2025-05-26,2026-05-26,renewal,805.95,696.36
PREM001012,POL001112,COV001012,2025-08-06,2026-08-06,cancellation,2461.02,1587.31
PREM001013,POL001113,COV001013,2026-01-07,2027-01-07,cancellation,2498.37,1647.53
PREM001014,POL001114,COV001014,2023-06-19,2024-06-18,reinstatement,480.27,368.56
PREM001015,POL001115,COV001015,2025-01-27,2026-01-27,endorsement,1205.53,810.19
PREM001016,POL001116,COV001016,2024-03-16,2025-03-16,cancellation,1346.35,805.48
PREM001017,POL001117,COV001017,2025-09-03,2026-09-03,audit,954.53,933.42
PREM001018,POL001118,COV001018,2025-05-13,2026-05-13,audit,126.75,63.4
PREM001019,POL001119,COV001019,2026-01-05,2027-01-05,audit,2920.4,1591.82
PREM001020,POL001120,COV001020,2024-01-13,2025-01-12,endorsement,898.49,543.45
PREM001021,POL001121,COV001021,2023-11-04,2024-11-03,endorsement,1873.97,1123.06
PREM001022,POL001122,COV001022,2025-07-16,2026-07-16,renewal,1562.19,1012.14
PREM001023,POL001123,COV001023,2025-03-07,2026-03-07,reinstatement,1585.13,1564.14
PREM001024,POL001124,COV001024,2025-02-24,2026-02-24,reinstatement,2091.76,1810.63
PREM001025,POL001125,COV001025,2024-02-25,2025-02-24,renewal,1035.79,937.06
PREM001026,POL001126,COV001026,2026-04-19,2027-04-19,audit,1232.45,784.06
PREM001027,POL001127,COV001027,2023-06-03,2024-06-02,audit,597.39,442.45
PREM001028,POL001128,COV001028,2026-08-28,2027-08-28,endorsement,220.86,208.71
PREM001029,POL001129,COV001029,2026-09-09,2027-09-09,audit,1658.08,1027.41
PREM001030,POL001130,COV001030,2023-05-25,2024-05-24,audit,2473.53,2383.08
PREM001031,POL001131,COV001031,2024-01-15,2025-01-14,reinstatement,2333.94,1283.5
PREM001032,POL001132,COV001032,2024-05-17,2025-05-17,renewal,1813.75,1506.9
PREM001033,POL001133,COV001033,2024-11-13,2025-11-13,new_business,2560.25,1998.82
PREM001034,POL001134,COV001034,2026-04-05,2027-04-05,reinstatement,1738.26,1559.46
PREM001035,POL001135,COV001035,2026-01-25,2027-01-25,endorsement,2607.7,1385.75
PREM001036,POL001136,COV001036,2025-11-28,2026-11-28,endorsement,1883.72,1290.1
PREM001037,POL001137,COV001037,2025-07-31,2026-07-31,audit,1103.46,716.26
PREM001038,POL001138,COV001038,2023-02-22,2024-02-22,audit,1034.05,1013.07
PREM001039,POL001139,COV001039,2026-02-17,2027-02-17,reinstatement,328.72,216.01
PREM001040,POL001140,COV001040,2023-10-03,2024-10-02,new_business,2185.22,1352.39
PREM001041,POL001141,COV001041,2024-03-11,2025-03-11,endorsement,982.86,581.38
PREM001042,POL001142,COV001042,2023-06-05,2024-06-04,new_business,2509.98,1441.22
PREM001043,POL001143,COV001043,2024-08-31,2025-08-31,renewal,2390.29,2047.42
PREM001044,POL001144,COV001044,2024-11-05,2025-11-05,cancellation,1664.29,1402.11
PREM001045,POL001145,COV001045,2026-02-11,2027-02-11,new_business,617.82,391.61
PREM001046,POL001146,COV001046,2025-08-25,2026-08-25,reinstatement,2385.07,2312.12
PREM001047,POL001147,COV001047,2023-11-23,2024-11-22,new_business,2132.34,1883.95
PREM001048,POL001148,COV001048,2023-01-16,2024-01-16,reinstatement,1460.47,1311.96
PREM001049,POL001149,COV001049,2025-09-29,2026-09-29,endorsement,2529.73,1272.45
PREM001050,POL001150,COV001050,2024-05-15,2025-05-15,cancellation,1001.81,515.43
PREM001051,POL001151,COV001051,2023-07-08,2024-07-07,audit,2253.73,2049.16
PREM001052,POL001152,COV001052,2024-03-23,2025-03-23,reinstatement,2086.78,1240.97
PREM001053,POL001153,COV001053,2023-12-09,2024-12-08,new_business,1642.91,1425.02
PREM001054,POL001154,COV001054,2026-03-23,2027-03-23,new_business,2121.61,1211.58
PREM001055,POL001155,COV001055,2025-07-30,2026-07-30,reinstatement,437.54,278.26
PREM001056,POL001156,COV001056,2026-07-29,2027-07-29,cancellation,1195.53,746.99
PREM001057,POL001157,COV001057,2025-07-08,2026-07-08,new_business,911.82,660.02
PREM001058,POL001158,COV001058,2023-07-06,2024-07-05,renewal,950.62,666.19
PREM001059,POL001159,COV001059,2025-03-04,2026-03-04,new_business,2742.43,2380.42
PREM001060,POL001160,COV001060,2025-10-11,2026-10-11,renewal,233.94,159.24
PREM001061,POL001161,COV001061,2026-03-16,2027-03-16,audit,2753.04,2364.94
PREM001062,POL001162,COV001062,2024-12-19,2025-12-19,renewal,2381.97,1992.11
PREM001063,POL001163,COV001063,2024-01-19,2025-01-18,renewal,1188.54,1033.24
PREM001064,POL001164,COV001064,2024-07-11,2025-07-11,audit,2490.86,1786.26
PREM001065,POL001165,COV001065,2023-06-02,2024-06-01,cancellation,245.47,157.91
PREM001066,POL001166,COV001066,2023-03-02,2024-03-01,cancellation,720.64,505.84
PREM001067,POL001167,COV001067,2024-08-23,2025-08-23,endorsement,1910.12,1225.68
PREM001068,POL001168,COV001068,2026-07-17,2027-07-17,renewal,310.3,203.78
PREM001069,POL001169,COV001069,2024-03-31,2025-03-31,cancellation,2039.96,1038.15
PREM001070,POL001170,COV001070,2025-09-11,2026-09-11,reinstatement,111.16,68.06
PREM001071,POL001171,COV001071,2023-02-09,2024-02-09,renewal,1217.98,781.79
PREM001072,POL001172,COV001072,2023-10-18,2024-10-17,new_business,2742.07,2218.33
PREM001073,POL001173,COV001073,2025-05-31,2026-05-31,renewal,2207.81,1451.0
PREM001074,POL001174,COV001074,2024-04-06,2025-04-06,endorsement,2357.84,1400.66
PREM001075,POL001175,COV001075,2024-08-17,2025-08-17,audit,2152.93,1332.98
PREM001076,POL001176,COV001076,2023-08-05,2024-08-04,renewal,2870.09,2537.22
PREM001077,POL001177,COV001077,2025-02-07,2026-02-07,audit,1455.93,1223.23
PREM001078,POL001178,COV001078,2023-01-15,2024-01-15,renewal,2026.83,1943.51
PREM001079,POL001179,COV001079,2024-12-15,2025-12-15,reinstatement,801.47,556.1
PREM001080,POL001180,COV001080,2025-03-09,2026-03-09,new_business,1163.03,755.13
PREM001081,POL001181,COV001081,2024-07-28,2025-07-28,endorsement,1677.07,1657.76
PREM001082,POL001182,COV001082,2025-11-21,2026-11-21,audit,1586.14,1549.75
PREM001083,POL001183,COV001083,2024-12-09,2025-12-09,renewal,2133.5,1606.96
PREM001084,POL001184,COV001084,2023-01-21,2024-01-21,cancellation,1722.27,1177.81
PREM001085,POL001185,COV001085,2023-03-03,2024-03-02,audit,2581.6,1335.08
PREM001086,POL001186,COV001086,2025-09-26,2026-09-26,new_business,856.02,837.74
PREM001087,POL001187,COV001087,2025-08-18,2026-08-18,new_business,1255.1,730.21
PREM001088,POL001188,COV001088,2024-08-30,2025-08-30,new_business,2313.19,1658.71
PREM001089,POL001189,COV001089,2023-04-12,2024-04-11,new_business,2838.66,2110.54
PREM001090,POL001190,COV001090,2025-08-21,2026-08-21,audit,2760.4,1436.91
PREM001091,POL001191,COV001091,2023-10-12,2024-10-11,renewal,120.32,116.47
PREM001092,POL001192,COV001092,2023-02-20,2024-02-20,reinstatement,2084.88,1980.81
PREM001093,POL001193,COV001093,2023-08-27,2024-08-26,new_business,524.77,472.12
PREM001094,POL001194,COV001094,2024-02-10,2025-02-09,new_business,2126.89,1390.45
PREM001095,POL001195,COV001095,2023-01-27,2024-01-27,new_business,1898.34,1861.5
PREM001096,POL001196,COV001096,2026-09-15,2027-09-15,cancellation,441.76,390.4
PREM001097,POL001197,COV001097,2024-01-17,2025-01-16,audit,2075.96,1185.16
PREM001098,POL001198,COV001098,2023-05-22,2024-05-21,audit,2787.96,1870.78
PREM001099,POL001199,COV001099,2025-07-08,2026-07-08,renewal,2990.3,2532.81
PREM001100,POL001200,COV001100,2026-02-07,2027-02-07,audit,2613.58,2008.94
PREM001101,POL001201,COV001101,2025-04-11,2026-04-11,renewal,2543.25,2364.2
PREM001102,POL001202,COV001102,2025-05-16,2026-05-16,new_business,2729.04,2684.44
PREM001103,POL001203,COV001103,2025-02-22,2026-02-22,new_business,2025.29,1460.35
PREM001104,POL001204,COV001104,2025-08-07,2026-08-07,reinstatement,1409.22,710.16
PREM001105,POL001205,COV001105,2026-02-10,2027-02-10,audit,2477.6,2328.4
PREM001106,POL001206,COV001106,2024-05-22,2025-05-22,cancellation,240.16,152.15
PREM001107,POL001207,COV001107,2026-03-31,2027-03-31,new_business,1722.88,1177.89
PREM001108,POL001208,COV001108,2024-12-06,2025-12-06,reinstatement,472.92,418.74
PREM001109,POL001209,COV001109,2024-10-22,2025-10-22,reinstatement,1272.88,675.07
PREM001110,POL001210,COV001110,2026-01-14,2027-01-14,audit,1572.79,1090.13
PREM001111,POL001211,COV001111,2023-09-08,2024-09-07,audit,1653.96,1048.0
PREM001112,POL001212,COV001112,2024-02-25,2025-02-24,renewal,2535.55,1480.78
PREM001113,POL001213,COV001113,2025-06-05,2026-06-05,cancellation,2303.25,1926.78
PREM001114,POL001214,COV001114,2024-04-09,2025-04-09,reinstatement,2224.52,1510.41
PREM001115,POL001215,COV001115,2026-07-29,2027-07-29,endorsement,2375.54,1410.56
PREM001116,POL001216,COV001116,2023-09-09,2024-09-08,cancellation,1207.55,1125.62
PREM001117,POL001217,COV001117,2026-03-31,2027-03-31,audit,1877.23,1241.74
PREM001118,POL001218,COV001118,2024-09-19,2025-09-19,audit,807.59,537.91
PREM001119,POL001219,COV001119,2024-09-25,2025-09-25,renewal,1573.49,1480.75
PREM001120,POL001220,COV001120,2026-08-10,2027-08-10,audit,514.15,471.61
PREM001121,POL001221,COV001121,2025-04-26,2026-04-26,reinstatement,2647.08,2331.56
PREM001122,POL001222,COV001122,2026-02-27,2027-02-27,reinstatement,279.67,233.66
PREM001123,POL001223,COV001123,2024-06-25,2025-06-25,new_business,169.43,153.1
PREM001124,POL001224,COV001124,2026-06-15,2027-06-15,endorsement,1659.11,1186.51
PREM001125,POL001225,COV001125,2023-08-12,2024-08-11,cancellation,710.0,510.42
PREM001126,POL001226,COV001126,2023-02-13,2024-02-13,endorsement,391.16,277.05
PREM001127,POL001227,COV001127,2025-11-04,2026-11-04,cancellation,984.78,596.64
PREM001128,POL001228,COV001128,2026-07-08,2027-07-08,renewal,528.72,359.35
PREM001129,POL001229,COV001129,2024-07-02,2025-07-02,cancellation,2978.84,2865.67
PREM001130,POL001230,COV001130,2024-03-16,2025-03-16,reinstatement,2932.75,1648.01
PREM001131,POL001231,COV001131,2025-12-12,2026-12-12,new_business,2317.58,1450.34
PREM001132,POL001232,COV001132,2025-09-13,2026-09-13,new_business,202.2,174.74
PREM001133,POL001233,COV001133,2023-05-14,2024-05-13,reinstatement,2925.39,1574.26
PREM001134,POL001234,COV001134,2024-02-24,2025-02-23,new_business,1312.19,741.11
PREM001135,POL001235,COV001135,2024-10-01,2025-10-01,audit,2390.0,1487.7
PREM001136,POL001236,COV001136,2025-07-14,2026-07-14,reinstatement,683.62,596.6
PREM001137,POL001237,COV001137,2025-11-14,2026-11-14,new_business,788.34,692.31
PREM001138,POL001238,COV001138,2023-02-08,2024-02-08,endorsement,2376.71,2348.91
PREM001139,POL001239,COV001139,2024-02-03,2025-02-02,endorsement,808.29,418.87
PREM001140,POL001240,COV001140,2023-08-02,2024-08-01,new_business,1747.69,1091.78
PREM001141,POL001241,COV001141,2024-06-25,2025-06-25,reinstatement,2261.8,2208.54
PREM001142,POL001242,COV001142,2023-09-23,2024-09-22,cancellation,734.9,718.92
PREM001143,POL001243,COV001143,2023-12-16,2024-12-15,audit,2061.41,1906.24
PREM001144,POL001244,COV001144,2025-07-25,2026-07-25,audit,2890.1,2595.26
PREM001145,POL001245,COV001145,2024-02-04,2025-02-03,endorsement,2702.49,1598.08
PREM001146,POL001246,COV001146,2023-11-07,2024-11-06,cancellation,2009.24,1963.91
PREM001147,POL001247,COV001147,2023-01-14,2024-01-14,reinstatement,795.73,534.53
PREM001148,POL001248,COV001148,2024-04-15,2025-04-15,renewal,364.97,194.05
PREM001149,POL001249,COV001149,2025-04-24,2026-04-24,audit,2393.89,1439.95
PREM001150,POL001250,COV001150,2025-04-13,2026-04-13,new_business,1378.61,871.55
PREM001151,POL001251,COV001151,2025-08-30,2026-08-30,cancellation,1317.48,821.73
PREM001152,POL001252,COV001152,2023-06-03,2024-06-02,renewal,976.28,922.82
PREM001153,POL001253,COV001153,2025-10-28,2026-10-28,endorsement,1563.35,1066.76
PREM001154,POL001254,COV001154,2025-09-23,2026-09-23,audit,2867.17,1925.39
PREM001155,POL001255,COV001155,2023-05-29,2024-05-28,cancellation,1641.39,1339.23
PREM001156,POL001256,COV001156,2023-11-13,2024-11-12,renewal,767.31,583.79
PREM001157,POL001257,COV001157,2025-04-27,2026-04-27,endorsement,1308.48,766.71
PREM001158,POL001258,COV001158,2023-03-04,2024-03-03,endorsement,2004.59,1633.73
PREM001159,POL001259,COV001159,2025-12-23,2026-12-23,new_business,877.92,818.38
PREM001160,POL001260,COV001160,2026-01-11,2027-01-11,renewal,2920.9,2800.05
PREM001161,POL001261,COV001161,2023-11-14,2024-11-13,cancellation,2567.85,1748.74
PREM001162,POL001262,COV001162,2025-05-21,2026-05-21,renewal,2860.52,2656.08
PREM001163,POL001263,COV001163,2025-05-13,2026-05-13,cancellation,467.98,287.32
PREM001164,POL001264,COV001164,2023-12-09,2024-12-08,new_business,1675.42,888.29
PREM001165,POL001265,COV001165,2023-11-23,2024-11-22,cancellation,490.78,456.73
PREM001166,POL001266,COV001166,2023-03-02,2024-03-01,audit,1457.74,1300.42
PREM001167,POL001267,COV001167,2023-06-08,2024-06-07,cancellation,2628.84,1362.16
PREM001168,POL001268,COV001168,2025-06-15,2026-06-15,endorsement,824.96,724.2
PREM001169,POL001269,COV001169,2025-05-09,2026-05-09,new_business,2536.68,2091.98
PREM001170,POL001270,COV001170,2024-01-16,2025-01-15,endorsement,655.46,543.02
PREM001171,POL001271,COV001171,2023-05-24,2024-05-23,endorsement,412.62,406.42
PREM001172,POL001272,COV001172,2025-07-29,2026-07-29,renewal,1006.54,547.13
PREM001173,POL001273,COV001173,2024-11-10,2025-11-10,cancellation,2843.63,2546.8
PREM001174,POL001274,COV001174,2023-04-11,2024-04-10,cancellation,2969.4,2746.75
PREM001175,POL001275,COV001175,2024-05-29,2025-05-29,audit,2649.52,1843.75
PREM001176,POL001276,COV001176,2025-09-01,2026-09-01,audit,1583.86,1382.94
PREM001177,POL001277,COV001177,2024-07-11,2025-07-11,cancellation,2351.25,1460.03
PREM001178,POL001278,COV001178,2025-12-10,2026-12-10,endorsement,1626.1,1447.18
PREM001179,POL001279,COV001179,2025-10-31,2026-10-31,new_business,1957.8,997.14
PREM001180,POL001280,COV001180,2024-01-28,2025-01-27,cancellation,701.17,637.98
PREM001181,POL001281,COV001181,2024-01-25,2025-01-24,new_business,2088.71,1325.74
PREM001182,POL001282,COV001182,2024-10-26,2025-10-26,renewal,2582.31,1505.77
PREM001183,POL001283,COV001183,2023-05-08,2024-05-07,audit,795.41,714.19
PREM001184,POL001284,COV001184,2026-04-18,2027-04-18,cancellation,2542.66,2178.75
PREM001185,POL001285,COV001185,2024-04-24,2025-04-24,cancellation,2346.56,1469.79
PREM001186,POL001286,COV001186,2023-01-06,2024-01-06,renewal,828.47,607.21
PREM001187,POL001287,COV001187,2025-10-02,2026-10-02,reinstatement,1250.89,632.3
PREM001188,POL001288,COV001188,2025-11-15,2026-11-15,renewal,627.26,581.04
PREM001189,POL001289,COV001189,2025-04-26,2026-04-26,audit,1133.34,825.67
PREM001190,POL001290,COV001190,2025-10-12,2026-10-12,cancellation,1410.3,1018.63
PREM001191,POL001291,COV001191,2024-04-26,2025-04-26,new_business,1642.66,989.43
PREM001192,POL001292,COV001192,2026-04-19,2027-04-19,cancellation,476.02,359.49
PREM001193,POL001293,COV001193,2025-02-03,2026-02-03,cancellation,499.43,497.81
PREM001194,POL001294,COV001194,2024-03-10,2025-03-10,reinstatement,1787.5,1604.98
PREM001195,POL001295,COV001195,2025-10-11,2026-10-11,audit,2969.27,1653.75
PREM001196,POL001296,COV001196,2024-10-06,2025-10-06,endorsement,1787.6,1136.7
PREM001197,POL001297,COV001197,2026-03-17,2027-03-17,endorsement,218.33,205.48
PREM001198,POL001298,COV001198,2025-04-15,2026-04-15,audit,1236.21,732.24
PREM001199,POL001299,COV001199,2025-02-14,2026-02-14,new_business,2144.39,1917.03
PREM001200,POL001300,COV001200,2025-08-06,2026-08-06,cancellation,2961.5,2729.79
PREM001201,POL001301,COV001201,2025-03-03,2026-03-03,cancellation,1811.83,1728.91
PREM001202,POL001302,COV001202,2024-06-22,2025-06-22,reinstatement,2278.45,2245.73
PREM001203,POL001303,COV001203,2024-01-05,2025-01-04,cancellation,2311.84,1187.9
PREM001204,POL001304,COV001204,2026-07-13,2027-07-13,new_business,2326.08,1947.78
PREM001205,POL001305,COV001205,2026-01-24,2027-01-24,endorsement,2947.88,2302.56
PREM001206,POL001306,COV001206,2023-03-16,2024-03-15,reinstatement,2840.99,2835.29
PREM001207,POL001307,COV001207,2024-09-18,2025-09-18,reinstatement,443.52,235.31
PREM001208,POL001308,COV001208,2025-03-10,2026-03-10,reinstatement,2752.52,1972.12
PREM001209,POL001309,COV001209,2023-11-20,2024-11-19,new_business,1602.4,1260.11
PREM001210,POL001310,COV001210,2024-08-19,2025-08-19,audit,767.3,413.33
PREM001211,POL001311,COV001211,2024-07-16,2025-07-16,endorsement,1200.37,972.02
PREM001212,POL001312,COV001212,2026-05-06,2027-05-06,endorsement,693.45,364.21
PREM001213,POL001313,COV001213,2026-02-14,2027-02-14,reinstatement,2700.64,1407.0
PREM001214,POL001314,COV001214,2024-12-14,2025-12-14,reinstatement,330.73,220.78
PREM001215,POL001315,COV001215,2026-08-18,2027-08-18,new_business,637.72,510.95
PREM001216,POL001316,COV001216,2024-04-28,2025-04-28,new_business,1995.35,1959.46
PREM001217,POL001317,COV001217,2025-01-09,2026-01-09,reinstatement,753.87,441.75
PREM001218,POL001318,COV001218,2025-02-23,2026-02-23,cancellation,2998.26,1624.82
PREM001219,POL001319,COV001219,2024-11-03,2025-11-03,endorsement,2116.71,1157.27
PREM001220,POL001320,COV001220,2024-09-18,2025-09-18,endorsement,2931.26,1881.95
PREM001221,POL001321,COV001221,2024-07-22,2025-07-22,cancellation,1870.48,1614.77
PREM001222,POL001322,COV001222,2026-04-19,2027-04-19,cancellation,1886.23,1540.59
PREM001223,POL001323,COV001223,2025-03-03,2026-03-03,renewal,422.04,321.24
PREM001224,POL001324,COV001224,2025-03-11,2026-03-11,new_business,2424.09,1980.79
PREM001225,POL001325,COV001225,2024-04-20,2025-04-20,audit,2909.27,2834.67
PREM001226,POL001326,COV001226,2024-05-05,2025-05-05,audit,1716.51,1393.75
PREM001227,POL001327,COV001227,2024-07-30,2025-07-30,cancellation,479.02,469.93
PREM001228,POL001328,COV001228,2025-07-16,2026-07-16,audit,475.63,466.37
PREM001229,POL001329,COV001229,2025-04-23,2026-04-23,endorsement,877.94,446.37
PREM001230,POL001330,COV001230,2024-07-21,2025-07-21,cancellation,1518.62,839.24
PREM001231,POL001331,COV001231,2024-05-18,2025-05-18,endorsement,1300.85,843.89
PREM001232,POL001332,COV001232,2026-01-23,2027-01-23,renewal,1934.1,990.48
PREM001233,POL001333,COV001233,2025-04-27,2026-04-27,new_business,148.44,103.89
PREM001234,POL001334,COV001234,2026-08-17,2027-08-17,renewal,2590.53,2083.75
PREM001235,POL001335,COV001235,2025-08-19,2026-08-19,audit,344.82,326.39
PREM001236,POL001336,COV001236,2026-07-09,2027-07-09,renewal,1202.06,669.01
PREM001237,POL001337,COV001237,2025-09-06,2026-09-06,cancellation,2447.03,1471.39
PREM001238,POL001338,COV001238,2023-07-08,2024-07-07,new_business,2176.47,1530.05
PREM001239,POL001339,COV001239,2024-01-07,2025-01-06,reinstatement,269.99,232.06
PREM001240,POL001340,COV001240,2025-04-06,2026-04-06,audit,974.53,660.53
PREM001241,POL001341,COV001241,2023-09-02,2024-09-01,cancellation,1581.77,1480.95
PREM001242,POL001342,COV001242,2026-06-13,2027-06-13,renewal,790.42,425.88
PREM001243,POL001343,COV001243,2025-01-20,2026-01-20,renewal,1062.98,966.05
PREM001244,POL001344,COV001244,2024-10-02,2025-10-02,renewal,2192.83,2179.59
PREM001245,POL001345,COV001245,2026-02-27,2027-02-27,cancellation,611.88,328.78
PREM001246,POL001346,COV001246,2025-02-17,2026-02-17,endorsement,2804.94,1717.16
PREM001247,POL001347,COV001247,2025-12-23,2026-12-23,audit,797.76,450.35
PREM001248,POL001348,COV001248,2023-02-18,2024-02-18,audit,529.12,375.19
PREM001249,POL001349,COV001249,2024-10-20,2025-10-20,audit,1461.28,1035.3
PREM001250,POL001350,COV001250,2026-05-11,2027-05-11,reinstatement,844.62,586.85
PREM001251,POL001351,COV001251,2024-10-09,2025-10-09,cancellation,2524.52,1520.42
PREM001252,POL001352,COV001252,2024-10-03,2025-10-03,audit,2562.14,2526.23
PREM001253,POL001353,COV001253,2025-08-04,2026-08-04,renewal,1031.38,878.12
PREM001254,POL001354,COV001254,2025-09-10,2026-09-10,cancellation,1398.26,882.15
PREM001255,POL001355,COV001255,2025-06-11,2026-06-11,cancellation,1479.78,1045.36
PREM001256,POL001356,COV001256,2024-07-02,2025-07-02,reinstatement,2785.2,2440.39
PREM001257,POL001357,COV001257,2023-12-25,2024-12-24,endorsement,2635.06,2252.78
PREM001258,POL001358,COV001258,2023-01-29,2024-01-29,audit,1928.35,1271.06
PREM001259,POL001359,COV001259,2024-01-05,2025-01-04,audit,1749.69,1647.53
PREM001260,POL001360,COV001260,2025-05-26,2026-05-26,endorsement,2997.61,1748.19
PREM001261,POL001361,COV001261,2023-05-07,2024-05-06,renewal,2266.75,1340.45
PREM001262,POL001362,COV001262,2023-12-22,2024-12-21,reinstatement,1681.99,1592.18
PREM001263,POL001363,COV001263,2025-11-16,2026-11-16,new_business,1286.62,1198.89
PREM001264,POL001364,COV001264,2024-03-06,2025-03-06,reinstatement,1887.72,1730.39
PREM001265,POL001365,COV001265,2024-12-03,2025-12-03,cancellation,2795.03,2231.85
PREM001266,POL001366,COV001266,2026-08-17,2027-08-17,cancellation,2641.59,2183.07
PREM001267,POL001367,COV001267,2024-08-04,2025-08-04,reinstatement,314.63,229.92
PREM001268,POL001368,COV001268,2024-06-10,2025-06-10,new_business,1561.51,899.52
PREM001269,POL001369,COV001269,2024-10-11,2025-10-11,new_business,1582.78,1517.09
PREM001270,POL001370,COV001270,2023-04-17,2024-04-16,new_business,912.33,881.86
PREM001271,POL001371,COV001271,2023-06-09,2024-06-08,reinstatement,1605.34,1348.8
PREM001272,POL001372,COV001272,2026-07-02,2027-07-02,endorsement,1256.69,932.84
PREM001273,POL001373,COV001273,2025-06-19,2026-06-19,new_business,161.58,108.78
PREM001274,POL001374,COV001274,2025-12-31,2026-12-31,reinstatement,805.2,489.24
PREM001275,POL001375,COV001275,2024-07-09,2025-07-09,reinstatement,1974.89,1412.21
PREM001276,POL001376,COV001276,2023-02-04,2024-02-04,new_business,1435.73,931.73
PREM001277,POL001377,COV001277,2024-12-27,2025-12-27,audit,2972.04,2507.99
PREM001278,POL001378,COV001278,2023-01-31,2024-01-31,renewal,1506.33,1465.27
PREM001279,POL001379,COV001279,2024-05-06,2025-05-06,new_business,2003.86,1919.01
PREM001280,POL001380,COV001280,2023-10-19,2024-10-18,renewal,1658.06,1406.4
PREM001281,POL001381,COV001281,2025-02-22,2026-02-22,new_business,1721.32,1358.56
PREM001282,POL001382,COV001282,2024-12-07,2025-12-07,cancellation,715.32,468.29
PREM001283,POL001383,COV001283,2026-05-02,2027-05-02,new_business,1891.0,1218.13
PREM001284,POL001384,COV001284,2024-12-20,2025-12-20,new_business,2466.69,2110.68
PREM001285,POL001385,COV001285,2026-01-25,2027-01-25,endorsement,1486.11,1189.29
PREM001286,POL001386,COV001286,2026-03-04,2027-03-04,endorsement,170.16,159.49
PREM001287,POL001387,COV001287,2025-07-01,2026-07-01,new_business,461.85,353.44
PREM001288,POL001388,COV001288,2026-02-25,2027-02-25,reinstatement,1963.6,1031.49
PREM001289,POL001389,COV001289,2025-12-06,2026-12-06,cancellation,1084.29,797.35
PREM001290,POL001390,COV001290,2023-11-19,2024-11-18,reinstatement,720.25,717.14
PREM001291,POL001391,COV001291,2023-11-17,2024-11-16,audit,1982.48,1012.83
PREM001292,POL001392,COV001292,2025-12-01,2026-12-01,endorsement,1621.5,1307.64
PREM001293,POL001393,COV001293,2023-09-28,2024-09-27,new_business,1022.1,939.74
PREM001294,POL001394,COV001294,2025-03-30,2026-03-30,endorsement,1301.74,751.38
PREM001295,POL001395,COV001295,2023-02-12,2024-02-12,new_business,1738.14,1630.84
PREM001296,POL001396,COV001296,2024-01-25,2025-01-24,audit,705.14,588.47
PREM001297,POL001397,COV001297,2024-07-04,2025-07-04,cancellation,2259.94,2220.29
PREM001298,POL001398,COV001298,2023-06-15,2024-06-14,audit,192.53,149.25
PREM001299,POL001399,COV001299,2024-02-06,2025-02-05,cancellation,168.76,113.11
PREM001300,POL001400,COV001300,2026-06-20,2027-06-20,new_business,346.57,208.22
PREM001301,POL001401,COV001301,2025-03-14,2026-03-14,reinstatement,2818.75,2810.5
PREM001302,POL001402,COV001302,2026-03-19,2027-03-19,audit,276.97,249.52
PREM001303,POL001403,COV001303,2023-02-21,2024-02-21,renewal,1741.59,1333.59
PREM001304,POL001404,COV001304,2023-01-11,2024-01-11,new_business,1236.1,778.22
PREM001305,POL001405,COV001305,2023-07-05,2024-07-04,renewal,1912.37,1097.12
PREM001306,POL001406,COV001306,2025-02-23,2026-02-23,renewal,2882.92,2360.08
PREM001307,POL001407,COV001307,2023-02-19,2024-02-19,endorsement,1594.02,1572.9
PREM001308,POL001408,COV001308,2025-10-02,2026-10-02,renewal,914.44,564.11
PREM001309,POL001409,COV001309,2024-05-31,2025-05-31,renewal,2970.47,2915.03
PREM001310,POL001410,COV001310,2023-05-06,2024-05-05,reinstatement,2187.14,1926.19
PREM001311,POL001411,COV001311,2026-06-20,2027-06-20,cancellation,365.3,219.58
PREM001312,POL001412,COV001312,2025-07-29,2026-07-29,reinstatement,367.96,339.49
PREM001313,POL001413,COV001313,2025-12-27,2026-12-27,endorsement,2733.35,1647.65
PREM001314,POL001414,COV001314,2024-12-07,2025-12-07,new_business,646.23,630.6
PREM001315,POL001415,COV001315,2026-01-09,2027-01-09,new_business,412.42,407.77
PREM001316,POL001416,COV001316,2024-04-06,2025-04-06,audit,845.1,646.97
PREM001317,POL001417,COV001317,2024-10-17,2025-10-17,reinstatement,1647.23,1224.1
PREM001318,POL001418,COV001318,2026-04-09,2027-04-09,cancellation,968.91,720.86
PREM001319,POL001419,COV001319,2026-01-10,2027-01-10,reinstatement,224.91,113.51
PREM001320,POL001420,COV001320,2026-01-06,2027-01-06,endorsement,370.79,225.53
PREM001321,POL001421,COV001321,2023-02-20,2024-02-20,renewal,2044.29,1880.91
PREM001322,POL001422,COV001322,2023-01-05,2024-01-05,renewal,1635.25,966.85
PREM001323,POL001423,COV001323,2024-06-20,2025-06-20,endorsement,372.83,189.28
PREM001324,POL001424,COV001324,2023-07-03,2024-07-02,endorsement,2319.91,1949.58
PREM001325,POL001425,COV001325,2025-08-22,2026-08-22,audit,1955.85,1074.16
PREM001326,POL001426,COV001326,2024-12-15,2025-12-15,endorsement,1258.27,839.93
PREM001327,POL001427,COV001327,2024-05-23,2025-05-23,reinstatement,1478.34,939.93
PREM001328,POL001428,COV001328,2024-06-12,2025-06-12,audit,882.03,874.58
PREM001329,POL001429,COV001329,2023-06-11,2024-06-10,endorsement,1463.37,983.74
PREM001330,POL001430,COV001330,2024-04-19,2025-04-19,audit,1610.24,1062.26
PREM001331,POL001431,COV001331,2023-09-17,2024-09-16,new_business,1463.86,1014.74
PREM001332,POL001432,COV001332,2023-01-02,2024-01-02,endorsement,944.85,708.42
PREM001333,POL001433,COV001333,2024-04-22,2025-04-22,new_business,743.24,657.45
PREM001334,POL001434,COV001334,2025-09-18,2026-09-18,endorsement,1743.34,1716.77
PREM001335,POL001435,COV001335,2023-01-14,2024-01-14,audit,785.31,672.75
PREM001336,POL001436,COV001336,2024-09-21,2025-09-21,new_business,640.35,588.05
PREM001337,POL001437,COV001337,2024-09-28,2025-09-28,audit,2725.26,2040.58
PREM001338,POL001438,COV001338,2024-12-03,2025-12-03,endorsement,676.89,671.12
PREM001339,POL001439,COV001339,2026-03-12,2027-03-12,cancellation,2798.9,2194.24
PREM001340,POL001440,COV001340,2025-02-04,2026-02-04,audit,299.8,169.05
PREM001341,POL001441,COV001341,2026-08-25,2027-08-25,audit,2717.84,2606.57
PREM001342,POL001442,COV001342,2023-02-04,2024-02-04,audit,161.16,110.46
PREM001343,POL001443,COV001343,2026-08-16,2027-08-16,cancellation,1351.87,1165.09
PREM001344,POL001444,COV001344,2025-02-17,2026-02-17,new_business,949.53,599.48
PREM001345,POL001445,COV001345,2025-09-25,2026-09-25,endorsement,1510.79,778.75
PREM001346,POL001446,COV001346,2023-07-07,2024-07-06,endorsement,2077.11,1661.7
PREM001347,POL001447,COV001347,2025-10-31,2026-10-31,reinstatement,262.04,179.7
PREM001348,POL001448,COV001348,2023-02-05,2024-02-05,cancellation,1807.35,1192.61
PREM001349,POL001449,COV001349,2025-04-16,2026-04-16,endorsement,1234.38,1104.28
PREM001350,POL001450,COV001350,2024-12-20,2025-12-20,reinstatement,1617.63,1271.72
PREM001351,POL001451,COV001351,2024-02-24,2025-02-23,reinstatement,2799.8,2046.88
PREM001352,POL001452,COV001352,2025-10-18,2026-10-18,new_business,511.45,445.82
PREM001353,POL001453,COV001353,2024-06-17,2025-06-17,audit,1567.26,1400.38
PREM001354,POL001454,COV001354,2025-10-02,2026-10-02,reinstatement,2681.07,2623.45
PREM001355,POL001455,COV001355,2024-09-09,2025-09-09,audit,2981.8,1953.18
PREM001356,POL001456,COV001356,2024-09-10,2025-09-10,audit,180.48,178.36
PREM001357,POL001457,COV001357,2023-08-02,2024-08-01,audit,2939.01,2738.91
PREM001358,POL001458,COV001358,2024-10-01,2025-10-01,reinstatement,740.51,629.67
PREM001359,POL001459,COV001359,2025-09-03,2026-09-03,reinstatement,370.17,187.43
PREM001360,POL001460,COV001360,2023-07-16,2024-07-15,reinstatement,1362.42,975.93
PREM001361,POL001461,COV001361,2024-06-28,2025-06-28,reinstatement,718.56,488.13
PREM001362,POL001462,COV001362,2025-05-21,2026-05-21,renewal,567.76,347.9
PREM001363,POL001463,COV001363,2026-06-05,2027-06-05,endorsement,839.02,456.65
PREM001364,POL001464,COV001364,2023-12-31,2024-12-30,new_business,2028.66,1483.79
PREM001365,POL001465,COV001365,2026-09-07,2027-09-07,audit,351.08,298.62
PREM001366,POL001466,COV001366,2023-03-01,2024-02-29,endorsement,277.95,275.38
PREM001367,POL001467,COV001367,2024-06-16,2025-06-16,reinstatement,398.54,386.05
PREM001368,POL001468,COV001368,2024-10-01,2025-10-01,new_business,1591.41,1336.45
PREM001369,POL001469,COV001369,2024-05-26,2025-05-26,cancellation,847.41,716.87
PREM001370,POL001470,COV001370,2024-04-26,2025-04-26,reinstatement,645.29,476.21
PREM001371,POL001471,COV001371,2025-01-12,2026-01-12,cancellation,977.26,769.66
PREM001372,POL001472,COV001372,2024-01-23,2025-01-22,audit,2787.3,2784.25
PREM001373,POL001473,COV001373,2024-12-23,2025-12-23,cancellation,474.78,431.1
PREM001374,POL001474,COV001374,2026-03-31,2027-03-31,endorsement,81.58,71.8
PREM001375,POL001475,COV001375,2025-08-05,2026-08-05,audit,1381.94,1006.93
PREM001376,POL001476,COV001376,2024-04-26,2025-04-26,audit,2851.73,2733.0
PREM001377,POL001477,COV001377,2023-01-17,2024-01-17,cancellation,1112.79,979.78
PREM001378,POL001478,COV001378,2025-09-30,2026-09-30,audit,575.79,354.68
PREM001379,POL001479,COV001379,2026-05-17,2027-05-17,reinstatement,63.42,56.96
PREM001380,POL001480,COV001380,2026-03-13,2027-03-13,new_business,1860.66,1486.0
PREM001381,POL001481,COV001381,2024-01-29,2025-01-28,reinstatement,1541.25,1095.86
PREM001382,POL001482,COV001382,2026-07-24,2027-07-24,audit,972.44,914.75
PREM001383,POL001483,COV001383,2025-03-07,2026-03-07,endorsement,2357.75,1771.62
PREM001384,POL001484,COV001384,2025-05-11,2026-05-11,audit,93.84,53.37
PREM001385,POL001485,COV001385,2023-09-23,2024-09-22,audit,465.15,451.53
PREM001386,POL001486,COV001386,2024-01-01,2024-12-31,endorsement,2416.77,1332.75
PREM001387,POL001487,COV001387,2026-04-02,2027-04-02,audit,2330.71,1608.6
PREM001388,POL001488,COV001388,2023-01-15,2024-01-15,endorsement,1047.04,788.49
PREM001389,POL001489,COV001389,2023-11-11,2024-11-10,new_business,1456.11,884.92
PREM001390,POL001490,COV001390,2026-09-04,2027-09-04,audit,2086.58,1412.38
PREM001391,POL001491,COV001391,2023-05-25,2024-05-24,reinstatement,480.83,380.47
PREM001392,POL001492,COV001392,2023-12-15,2024-12-14,endorsement,672.02,498.66
PREM001393,POL001493,COV001393,2026-08-19,2027-08-19,new_business,1795.67,962.3
PREM001394,POL001494,COV001394,2023-05-19,2024-05-18,audit,401.63,248.49
PREM001395,POL001495,COV001395,2023-09-17,2024-09-16,reinstatement,178.64,106.66
PREM001396,POL001496,COV001396,2026-05-02,2027-05-02,cancellation,251.74,217.67
PREM001397,POL001497,COV001397,2026-01-06,2027-01-06,endorsement,2161.4,1159.07
PREM001398,POL001498,COV001398,2024-02-15,2025-02-14,cancellation,1144.9,685.81
PREM001399,POL001499,COV001399,2024-12-20,2025-12-20,new_business,1681.5,1115.3
PREM001400,POL001500,COV001400,2025-01-06,2026-01-06,cancellation,74.22,43.23
PREM001401,POL001501,COV001401,2025-11-21,2026-11-21,endorsement,2071.46,1469.52
PREM001402,POL001502,COV001402,2026-06-01,2027-06-01,renewal,1820.22,1098.04
PREM001403,POL001503,COV001403,2024-10-19,2025-10-19,renewal,2207.7,1176.09
PREM001404,POL001504,COV001404,2026-07-27,2027-07-27,audit,2570.44,1906.25
PREM001405,POL001505,COV001405,2023-04-27,2024-04-26,cancellation,2519.87,2181.64
PREM001406,POL001506,COV001406,2026-07-08,2027-07-08,reinstatement,2450.73,2284.71
PREM001407,POL001507,COV001407,2026-06-13,2027-06-13,audit,2373.26,2233.59
PREM001408,POL001508,COV001408,2023-06-15,2024-06-14,renewal,2142.56,1621.13
PREM001409,POL001509,COV001409,2023-11-28,2024-11-27,new_business,1706.28,1167.59
PREM001410,POL001510,COV001410,2025-09-17,2026-09-17,reinstatement,1803.14,1709.69
PREM001411,POL001511,COV001411,2025-05-11,2026-05-11,renewal,2555.77,2131.55
PREM001412,POL001512,COV001412,2023-02-15,2024-02-15,endorsement,891.02,567.54
PREM001413,POL001513,COV001413,2026-02-15,2027-02-15,new_business,1771.18,1051.68
PREM001414,POL001514,COV001414,2025-10-16,2026-10-16,new_business,680.56,446.35
PREM001415,POL001515,COV001415,2023-10-28,2024-10-27,audit,2532.51,1277.36
PREM001416,POL001516,COV001416,2025-05-13,2026-05-13,reinstatement,2718.11,2164.46
PREM001417,POL001517,COV001417,2023-01-03,2024-01-03,reinstatement,1372.66,1223.64
PREM001418,POL001518,COV001418,2024-07-13,2025-07-13,new_business,2293.07,2112.67
PREM001419,POL001519,COV001419,2023-03-18,2024-03-17,endorsement,2840.66,1500.39
PREM001420,POL001520,COV001420,2025-07-07,2026-07-07,audit,2482.36,2156.63
PREM001421,POL001521,COV001421,2025-01-06,2026-01-06,audit,1566.64,1198.58
PREM001422,POL001522,COV001422,2025-12-26,2026-12-26,cancellation,547.23,420.37
PREM001423,POL001523,COV001423,2025-12-24,2026-12-24,audit,1204.91,651.91
PREM001424,POL001524,COV001424,2026-06-19,2027-06-19,new_business,1939.7,1767.73
PREM001425,POL001525,COV001425,2026-08-05,2027-08-05,endorsement,1266.58,907.27
PREM001426,POL001526,COV001426,2023-10-03,2024-10-02,audit,548.16,481.07
PREM001427,POL001527,COV001427,2026-02-28,2027-02-28,endorsement,2633.99,1857.59
PREM001428,POL001528,COV001428,2026-02-11,2027-02-11,endorsement,231.91,147.62
PREM001429,POL001529,COV001429,2025-07-09,2026-07-09,reinstatement,1856.02,1467.89
PREM001430,POL001530,COV001430,2026-02-15,2027-02-15,endorsement,194.34,188.18
PREM001431,POL001531,COV001431,2025-05-22,2026-05-22,renewal,1886.3,1328.64
PREM001432,POL001532,COV001432,2023-12-10,2024-12-09,reinstatement,1373.6,1020.95
PREM001433,POL001533,COV001433,2024-04-04,2025-04-04,audit,1937.56,1507.68
PREM001434,POL001534,COV001434,2026-08-05,2027-08-05,audit,1704.41,1487.53
PREM001435,POL001535,COV001435,2024-12-16,2025-12-16,renewal,2867.94,2214.33
PREM001436,POL001536,COV001436,2025-07-21,2026-07-21,new_business,1543.18,1148.13
PREM001437,POL001537,COV001437,2024-11-04,2025-11-04,renewal,1991.11,1877.42
PREM001438,POL001538,COV001438,2025-05-25,2026-05-25,endorsement,1217.39,920.1
PREM001439,POL001539,COV001439,2026-04-24,2027-04-24,renewal,1673.37,980.13
PREM001440,POL001540,COV001440,2026-09-03,2027-09-03,cancellation,723.41,677.46
PREM001441,POL001541,COV001441,2025-12-10,2026-12-10,audit,1992.17,1076.88
PREM001442,POL001542,COV001442,2026-06-15,2027-06-15,new_business,1215.32,1017.96
PREM001443,POL001543,COV001443,2023-06-15,2024-06-14,cancellation,1326.2,666.36
PREM001444,POL001544,COV001444,2025-08-01,2026-08-01,cancellation,1110.65,1090.8
PREM001445,POL001545,COV001445,2023-01-06,2024-01-06,cancellation,2880.32,1463.31
PREM001446,POL001546,COV001446,2024-06-12,2025-06-12,endorsement,232.94,159.05
PREM001447,POL001547,COV001447,2026-05-22,2027-05-22,endorsement,2609.95,2033.14
PREM001448,POL001548,COV001448,2025-12-28,2026-12-28,reinstatement,888.06,585.79
PREM001449,POL001549,COV001449,2023-07-05,2024-07-04,endorsement,2847.85,1876.66
PREM001450,POL001550,COV001450,2024-10-09,2025-10-09,cancellation,1169.08,839.5
PREM001451,POL001551,COV001451,2025-04-28,2026-04-28,endorsement,2103.94,1969.82
PREM001452,POL001552,COV001452,2023-03-16,2024-03-15,reinstatement,1400.04,1134.82
PREM001453,POL001553,COV001453,2023-10-02,2024-10-01,cancellation,2513.04,2293.26
PREM001454,POL001554,COV001454,2023-10-14,2024-10-13,new_business,1072.89,784.33
PREM001455,POL001555,COV001455,2026-06-26,2027-06-26,reinstatement,2772.54,2363.41
PREM001456,POL001556,COV001456,2023-07-12,2024-07-11,new_business,795.4,710.18
PREM001457,POL001557,COV001457,2025-11-27,2026-11-27,renewal,1228.63,1027.6
PREM001458,POL001558,COV001458,2024-05-10,2025-05-10,audit,2428.51,1616.95
PREM001459,POL001559,COV001459,2024-06-19,2025-06-19,new_business,1976.02,1944.95
PREM001460,POL001560,COV001460,2023-04-25,2024-04-24,endorsement,2561.17,1390.87
PREM001461,POL001561,COV001461,2023-06-08,2024-06-07,new_business,1264.07,1108.89
PREM001462,POL001562,COV001462,2024-03-01,2025-03-01,endorsement,2518.37,1976.29
PREM001463,POL001563,COV001463,2024-02-16,2025-02-15,new_business,2839.86,2357.31
PREM001464,POL001564,COV001464,2026-07-22,2027-07-22,renewal,2225.59,1886.24
PREM001465,POL001565,COV001465,2023-01-06,2024-01-06,new_business,2173.69,1780.76
PREM001466,POL001566,COV001466,2024-03-01,2025-03-01,new_business,1169.73,698.59
PREM001467,POL001567,COV001467,2024-05-18,2025-05-18,audit,481.76,271.12
PREM001468,POL001568,COV001468,2026-04-28,2027-04-28,endorsement,2363.4,2032.87
PREM001469,POL001569,COV001469,2023-07-13,2024-07-12,endorsement,330.53,219.63
PREM001470,POL001570,COV001470,2023-07-15,2024-07-14,cancellation,1587.91,1560.85
PREM001471,POL001571,COV001471,2024-06-23,2025-06-23,endorsement,2061.29,1182.42
PREM001472,POL001572,COV001472,2026-07-21,2027-07-21,cancellation,576.26,397.7
PREM001473,POL001573,COV001473,2026-09-03,2027-09-03,new_business,446.36,322.68
PREM001474,POL001574,COV001474,2025-01-07,2026-01-07,new_business,2028.13,1815.81
PREM001475,POL001575,COV001475,2023-08-26,2024-08-25,endorsement,1412.11,1024.0
PREM001476,POL001576,COV001476,2026-05-22,2027-05-22,reinstatement,529.0,493.04
PREM001477,POL001577,COV001477,2023-04-16,2024-04-15,audit,1611.09,1134.93
PREM001478,POL001578,COV001478,2024-04-06,2025-04-06,new_business,160.48,126.26
PREM001479,POL001579,COV001479,2025-01-29,2026-01-29,reinstatement,419.29,298.22
PREM001480,POL001580,COV001480,2024-03-05,2025-03-05,endorsement,197.59,180.21
PREM001481,POL001581,COV001481,2023-03-28,2024-03-27,reinstatement,2178.28,1813.77
PREM001482,POL001582,COV001482,2024-02-19,2025-02-18,cancellation,1082.26,1017.2
PREM001483,POL001583,COV001483,2025-03-06,2026-03-06,reinstatement,1328.77,913.51
PREM001484,POL001584,COV001484,2023-02-23,2024-02-23,audit,1555.63,1410.33
PREM001485,POL001585,COV001485,2024-12-11,2025-12-11,renewal,189.29,187.95
PREM001486,POL001586,COV001486,2024-10-23,2025-10-23,new_business,1566.6,1409.22
PREM001487,POL001587,COV001487,2023-09-30,2024-09-29,endorsement,1614.33,859.51
PREM001488,POL001588,COV001488,2023-02-07,2024-02-07,reinstatement,1639.7,972.76
PREM001489,POL001589,COV001489,2025-05-29,2026-05-29,renewal,2270.06,1969.59
PREM001490,POL001590,COV001490,2025-02-20,2026-02-20,audit,1364.95,1302.38
PREM001491,POL001591,COV001491,2023-10-29,2024-10-28,cancellation,1810.83,1403.45
PREM001492,POL001592,COV001492,2024-03-18,2025-03-18,audit,634.96,401.56
PREM001493,POL001593,COV001493,2023-09-27,2024-09-26,audit,1921.13,1206.58
PREM001494,POL001594,COV001494,2026-05-02,2027-05-02,new_business,674.72,443.63
PREM001495,POL001595,COV001495,2023-09-27,2024-09-26,cancellation,2936.27,2372.48
PREM001496,POL001596,COV001496,2025-07-05,2026-07-05,audit,1392.08,838.07
PREM001497,POL001597,COV001497,2024-04-27,2025-04-27,endorsement,1236.92,739.5
PREM001498,POL001598,COV001498,2023-11-28,2024-11-27,reinstatement,579.27,476.07
PREM001499,POL001599,COV001499,2026-04-20,2027-04-20,reinstatement,2599.61,1364.56
PREM001500,POL001600,COV001500,2024-08-08,2025-08-08,reinstatement,2916.27,2266.42
PREM001501,POL001601,COV001501,2025-07-27,2026-07-27,cancellation,308.57,300.63
PREM001502,POL001602,COV001502,2023-01-08,2024-01-08,cancellation,1628.6,1185.02
PREM001503,POL001603,COV001503,2025-03-14,2026-03-14,cancellation,2236.85,1811.38
PREM001504,POL001604,COV001504,2023-09-07,2024-09-06,endorsement,2371.58,1269.33
PREM001505,POL001605,COV001505,2025-09-30,2026-09-30,new_business,2515.39,1348.45
PREM001506,POL001606,COV001506,2024-10-19,2025-10-19,endorsement,2138.4,2067.18
PREM001507,POL001607,COV001507,2024-02-05,2025-02-04,cancellation,232.82,189.61
PREM001508,POL001608,COV001508,2023-11-16,2024-11-15,reinstatement,2849.54,1734.43
PREM001509,POL001609,COV001509,2023-11-25,2024-11-24,audit,2572.01,1971.59
PREM001510,POL001610,COV001510,2024-10-28,2025-10-28,renewal,1048.94,784.39
PREM001511,POL001611,COV001511,2023-10-24,2024-10-23,reinstatement,2891.68,2703.51
PREM001512,POL001612,COV001512,2023-07-16,2024-07-15,endorsement,499.54,327.22
PREM001513,POL001613,COV001513,2024-01-15,2025-01-14,cancellation,2767.38,1762.9
PREM001514,POL001614,COV001514,2023-02-23,2024-02-23,cancellation,2639.21,2033.65
PREM001515,POL001615,COV001515,2026-08-12,2027-08-12,reinstatement,2940.67,2764.61
PREM001516,POL001616,COV001516,2024-01-23,2025-01-22,renewal,485.2,468.81
PREM001517,POL001617,COV001517,2024-12-01,2025-12-01,reinstatement,1699.38,1125.86
PREM001518,POL001618,COV001518,2026-08-11,2027-08-11,new_business,106.0,93.84
PREM001519,POL001619,COV001519,2023-02-14,2024-02-14,renewal,1810.05,1517.51
PREM001520,POL001620,COV001520,2025-09-14,2026-09-14,reinstatement,294.88,231.68
PREM001521,POL001621,COV001521,2023-09-22,2024-09-21,reinstatement,2767.1,2155.02
PREM001522,POL001622,COV001522,2025-05-12,2026-05-12,endorsement,1307.78,1040.54
PREM001523,POL001623,COV001523,2025-10-27,2026-10-27,cancellation,546.54,388.32
PREM001524,POL001624,COV001524,2026-07-14,2027-07-14,renewal,2152.87,1559.17
PREM001525,POL001625,COV001525,2024-05-26,2025-05-26,new_business,2548.55,2542.33
PREM001526,POL001626,COV001526,2025-02-19,2026-02-19,reinstatement,2100.86,1668.83
PREM001527,POL001627,COV001527,2024-11-12,2025-11-12,new_business,1515.03,905.21
PREM001528,POL001628,COV001528,2023-07-31,2024-07-30,cancellation,463.8,262.94
PREM001529,POL001629,COV001529,2025-04-20,2026-04-20,reinstatement,1424.88,1375.0
PREM001530,POL001630,COV001530,2025-04-15,2026-04-15,audit,2036.32,1094.28
PREM001531,POL001631,COV001531,2023-04-12,2024-04-11,cancellation,960.25,899.0
PREM001532,POL001632,COV001532,2025-05-18,2026-05-18,cancellation,1430.07,1144.1
PREM001533,POL001633,COV001533,2023-11-16,2024-11-15,endorsement,2539.9,2208.53
PREM001534,POL001634,COV001534,2026-07-22,2027-07-22,endorsement,1166.9,1106.5
PREM001535,POL001635,COV001535,2024-03-01,2025-03-01,endorsement,1892.52,1584.09
PREM001536,POL001636,COV001536,2023-03-30,2024-03-29,renewal,1607.4,1274.32
PREM001537,POL001637,COV001537,2026-08-25,2027-08-25,reinstatement,1724.53,1535.87
PREM001538,POL001638,COV001538,2023-12-01,2024-11-30,audit,508.48,314.04
PREM001539,POL001639,COV001539,2025-06-28,2026-06-28,endorsement,474.46,457.66
PREM001540,POL001640,COV001540,2026-07-06,2027-07-06,audit,1355.52,744.47
PREM001541,POL001641,COV001541,2024-04-21,2025-04-21,cancellation,940.27,697.22
PREM001542,POL001642,COV001542,2023-05-22,2024-05-21,renewal,1902.42,1362.73
PREM001543,POL001643,COV001543,2023-01-19,2024-01-19,endorsement,1261.97,1150.27
PREM001544,POL001644,COV001544,2025-11-08,2026-11-08,audit,2839.42,1609.31
PREM001545,POL001645,COV001545,2023-04-22,2024-04-21,new_business,749.28,486.9
PREM001546,POL001646,COV001546,2024-08-23,2025-08-23,endorsement,769.81,442.67
PREM001547,POL001647,COV001547,2024-03-01,2025-03-01,endorsement,832.41,482.35
PREM001548,POL001648,COV001548,2023-05-31,2024-05-30,endorsement,722.01,563.41
PREM001549,POL001649,COV001549,2023-06-03,2024-06-02,renewal,2724.67,2429.65
PREM001550,POL001650,COV001550,2025-01-16,2026-01-16,reinstatement,352.25,242.05
PREM001551,POL001651,COV001551,2025-04-30,2026-04-30,reinstatement,2379.5,2185.26
PREM001552,POL001652,COV001552,2024-07-01,2025-07-01,endorsement,1936.66,1731.09
PREM001553,POL001653,COV001553,2023-02-13,2024-02-13,reinstatement,2366.06,2240.49
PREM001554,POL001654,COV001554,2025-08-29,2026-08-29,audit,1638.2,1347.91
PREM001555,POL001655,COV001555,2023-08-24,2024-08-23,new_business,2612.59,1692.7
PREM001556,POL001656,COV001556,2025-06-08,2026-06-08,audit,1397.46,1225.56
PREM001557,POL001657,COV001557,2025-01-27,2026-01-27,cancellation,1457.01,1087.92
PREM001558,POL001658,COV001558,2025-05-13,2026-05-13,endorsement,2846.2,1823.86
PREM001559,POL001659,COV001559,2024-12-13,2025-12-13,endorsement,366.21,218.62
PREM001560,POL001660,COV001560,2024-01-18,2025-01-17,endorsement,986.85,752.96
PREM001561,POL001661,COV001561,2024-09-19,2025-09-19,cancellation,2835.74,1650.59
PREM001562,POL001662,COV001562,2025-06-13,2026-06-13,reinstatement,1501.83,1142.29
PREM001563,POL001663,COV001563,2023-09-20,2024-09-19,endorsement,1697.92,914.36
PREM001564,POL001664,COV001564,2023-01-31,2024-01-31,new_business,2468.46,1686.07
PREM001565,POL001665,COV001565,2024-07-04,2025-07-04,cancellation,1692.42,1642.68
PREM001566,POL001666,COV001566,2026-07-02,2027-07-02,cancellation,2974.75,1861.27
PREM001567,POL001667,COV001567,2026-08-09,2027-08-09,reinstatement,2432.53,1836.41
PREM001568,POL001668,COV001568,2024-11-17,2025-11-17,endorsement,2318.74,1490.26
PREM001569,POL001669,COV001569,2024-01-28,2025-01-27,renewal,2084.8,1928.43
PREM001570,POL001670,COV001570,2024-06-17,2025-06-17,audit,962.71,570.24
PREM001571,POL001671,COV001571,2025-03-17,2026-03-17,new_business,2083.82,1529.0
PREM001572,POL001672,COV001572,2023-05-24,2024-05-23,audit,2553.93,1723.17
PREM001573,POL001673,COV001573,2023-10-31,2024-10-30,reinstatement,1156.05,706.79
PREM001574,POL001674,COV001574,2025-10-16,2026-10-16,reinstatement,558.96,387.38
PREM001575,POL001675,COV001575,2023-05-17,2024-05-16,endorsement,2845.65,1569.15
PREM001576,POL001676,COV001576,2025-10-27,2026-10-27,renewal,2039.41,1988.75
PREM001577,POL001677,COV001577,2024-03-24,2025-03-24,new_business,1721.88,954.71
PREM001578,POL001678,COV001578,2023-04-23,2024-04-22,endorsement,644.61,615.93
PREM001579,POL001679,COV001579,2025-03-04,2026-03-04,renewal,1321.46,1221.79
PREM001580,POL001680,COV001580,2023-08-28,2024-08-27,new_business,181.85,121.12
PREM001581,POL001681,COV001581,2026-02-25,2027-02-25,reinstatement,430.75,347.05
PREM001582,POL001682,COV001582,2023-06-29,2024-06-28,endorsement,2985.69,2963.86
PREM001583,POL001683,COV001583,2026-07-03,2027-07-03,endorsement,1028.4,938.78
PREM001584,POL001684,COV001584,2024-03-19,2025-03-19,renewal,874.36,717.51
PREM001585,POL001685,COV001585,2024-03-23,2025-03-23,renewal,1170.12,1019.97
PREM001586,POL001686,COV001586,2026-08-09,2027-08-09,renewal,1821.65,1060.4
PREM001587,POL001687,COV001587,2025-12-13,2026-12-13,reinstatement,347.26,281.84
PREM001588,POL001688,COV001588,2023-04-20,2024-04-19,renewal,491.46,258.93
PREM001589,POL001689,COV001589,2026-04-24,2027-04-24,new_business,2043.07,1731.96
PREM001590,POL001690,COV001590,2024-08-27,2025-08-27,reinstatement,934.17,670.61
PREM001591,POL001691,COV001591,2023-09-17,2024-09-16,reinstatement,333.51,302.54
PREM001592,POL001692,COV001592,2024-01-04,2025-01-03,new_business,853.32,498.22
PREM001593,POL001693,COV001593,2026-07-14,2027-07-14,reinstatement,1196.32,919.17
PREM001594,POL001694,COV001594,2025-10-07,2026-10-07,new_business,1807.88,1015.11
PREM001595,POL001695,COV001595,2024-07-25,2025-07-25,reinstatement,1761.55,1276.89
PREM001596,POL001696,COV001596,2024-11-12,2025-11-12,cancellation,2623.87,2120.64
PREM001597,POL001697,COV001597,2024-02-12,2025-02-11,new_business,2646.61,1921.51
PREM001598,POL001698,COV001598,2023-09-28,2024-09-27,endorsement,663.14,548.77
PREM001599,POL001699,COV001599,2025-03-17,2026-03-17,reinstatement,97.8,49.2
PREM001600,POL001700,COV001600,2025-10-12,2026-10-12,new_business,410.91,307.11
PREM001601,POL001701,COV001601,2025-08-24,2026-08-24,new_business,315.18,194.0
PREM001602,POL001702,COV001602,2024-10-08,2025-10-08,renewal,2426.69,2075.81
PREM001603,POL001703,COV001603,2025-10-13,2026-10-13,new_business,1839.55,1627.9
PREM001604,POL001704,COV001604,2023-02-22,2024-02-22,renewal,701.76,613.09
PREM001605,POL001705,COV001605,2024-05-25,2025-05-25,new_business,2349.95,1740.3
PREM001606,POL001706,COV001606,2025-04-09,2026-04-09,cancellation,1560.51,806.22
PREM001607,POL001707,COV001607,2025-12-01,2026-12-01,reinstatement,389.42,364.78
PREM001608,POL001708,COV001608,2026-02-26,2027-02-26,audit,1126.12,694.11
PREM001609,POL001709,COV001609,2023-04-09,2024-04-08,new_business,2116.99,1799.22
PREM001610,POL001710,COV001610,2025-06-08,2026-06-08,audit,2336.82,1592.14
PREM001611,POL001711,COV001611,2025-06-28,2026-06-28,new_business,1566.78,1486.68
PREM001612,POL001712,COV001612,2023-03-19,2024-03-18,new_business,1337.45,776.33
PREM001613,POL001713,COV001613,2024-09-11,2025-09-11,reinstatement,1267.6,823.48
PREM001614,POL001714,COV001614,2023-07-06,2024-07-05,cancellation,1733.75,1075.17
PREM001615,POL001715,COV001615,2024-05-27,2025-05-27,audit,1031.65,527.77
PREM001616,POL001716,COV001616,2024-12-22,2025-12-22,renewal,1880.64,1032.52
PREM001617,POL001717,COV001617,2024-08-25,2025-08-25,new_business,1675.38,1582.74
PREM001618,POL001718,COV001618,2024-04-03,2025-04-03,new_business,1763.45,1238.12
PREM001619,POL001719,COV001619,2025-02-12,2026-02-12,audit,1328.92,1090.6
PREM001620,POL001720,COV001620,2025-06-16,2026-06-16,renewal,1243.11,778.22
PREM001621,POL001721,COV001621,2024-03-18,2025-03-18,reinstatement,1043.08,985.15
PREM001622,POL001722,COV001622,2023-02-02,2024-02-02,reinstatement,2061.7,1068.21
PREM001623,POL001723,COV001623,2026-01-05,2027-01-05,reinstatement,1727.09,1176.7
PREM001624,POL001724,COV001624,2026-09-10,2027-09-10,new_business,1669.61,1580.4
PREM001625,POL001725,COV001625,2025-05-23,2026-05-23,reinstatement,2931.95,2176.36
PREM001626,POL001726,COV001626,2023-07-01,2024-06-30,endorsement,1494.4,1346.88
PREM001627,POL001727,COV001627,2025-07-01,2026-07-01,new_business,883.35,848.61
PREM001628,POL001728,COV001628,2025-05-13,2026-05-13,audit,618.45,577.31
PREM001629,POL001729,COV001629,2024-05-28,2025-05-28,reinstatement,1845.29,1447.39
PREM001630,POL001730,COV001630,2026-07-06,2027-07-06,cancellation,1481.35,1233.36
PREM001631,POL001731,COV001631,2025-12-15,2026-12-15,new_business,556.13,391.88
PREM001632,POL001732,COV001632,2026-05-19,2027-05-19,endorsement,1624.67,1080.07
PREM001633,POL001733,COV001633,2025-12-23,2026-12-23,new_business,2536.41,1686.72
PREM001634,POL001734,COV001634,2024-04-06,2025-04-06,reinstatement,1681.43,937.68
PREM001635,POL001735,COV001635,2024-12-06,2025-12-06,reinstatement,679.37,342.52
PREM001636,POL001736,COV001636,2023-08-02,2024-08-01,reinstatement,861.78,485.38
PREM001637,POL001737,COV001637,2023-02-16,2024-02-16,endorsement,2965.51,2451.41
PREM001638,POL001738,COV001638,2024-07-21,2025-07-21,endorsement,1240.26,990.37
PREM001639,POL001739,COV001639,2026-08-15,2027-08-15,reinstatement,733.73,723.64
PREM001640,POL001740,COV001640,2024-02-13,2025-02-12,audit,1934.45,1480.7
PREM001641,POL001741,COV001641,2024-09-21,2025-09-21,reinstatement,1808.1,1366.43
PREM001642,POL001742,COV001642,2023-09-30,2024-09-29,endorsement,612.68,340.93
PREM001643,POL001743,COV001643,2023-04-24,2024-04-23,new_business,2897.35,2592.64
PREM001644,POL001744,COV001644,2023-03-12,2024-03-11,new_business,1542.71,1028.12
PREM001645,POL001745,COV001645,2026-07-18,2027-07-18,endorsement,1034.68,778.28
PREM001646,POL001746,COV001646,2024-03-03,2025-03-03,reinstatement,2003.93,1651.22
PREM001647,POL001747,COV001647,2025-08-24,2026-08-24,endorsement,508.75,283.57
PREM001648,POL001748,COV001648,2024-04-03,2025-04-03,reinstatement,1054.92,549.32
PREM001649,POL001749,COV001649,2025-11-07,2026-11-07,endorsement,2987.24,2299.61
PREM001650,POL001750,COV001650,2025-05-03,2026-05-03,renewal,1727.4,1319.29
PREM001651,POL001751,COV001651,2025-07-09,2026-07-09,endorsement,2256.34,1240.65
PREM001652,POL001752,COV001652,2023-05-20,2024-05-19,new_business,2897.34,2316.51
PREM001653,POL001753,COV001653,2023-06-26,2024-06-25,audit,1783.38,1242.41
PREM001654,POL001754,COV001654,2026-04-19,2027-04-19,endorsement,993.15,940.89
PREM001655,POL001755,COV001655,2024-11-06,2025-11-06,new_business,2160.3,1890.03
PREM001656,POL001756,COV001656,2026-07-05,2027-07-05,cancellation,2502.62,1508.12
PREM001657,POL001757,COV001657,2024-06-17,2025-06-17,reinstatement,1180.17,1074.88
PREM001658,POL001758,COV001658,2024-08-02,2025-08-02,reinstatement,1549.07,1116.75
PREM001659,POL001759,COV001659,2025-12-24,2026-12-24,reinstatement,2320.87,1806.11
PREM001660,POL001760,COV001660,2025-06-02,2026-06-02,audit,2330.84,2244.5
PREM001661,POL001761,COV001661,2025-03-06,2026-03-06,endorsement,1287.39,1078.55
PREM001662,POL001762,COV001662,2023-01-29,2024-01-29,new_business,2261.55,1277.0
PREM001663,POL001763,COV001663,2024-05-20,2025-05-20,cancellation,691.2,605.68
PREM001664,POL001764,COV001664,2026-09-06,2027-09-06,new_business,1579.55,799.25
PREM001665,POL001765,COV001665,2024-06-20,2025-06-20,reinstatement,1674.05,1530.25
PREM001666,POL001766,COV001666,2025-01-03,2026-01-03,endorsement,1695.8,1315.55
PREM001667,POL001767,COV001667,2026-09-03,2027-09-03,cancellation,234.45,157.92
PREM001668,POL001768,COV001668,2025-11-13,2026-11-13,audit,293.04,175.26
PREM001669,POL001769,COV001669,2024-12-24,2025-12-24,cancellation,349.73,217.77
PREM001670,POL001770,COV001670,2023-09-27,2024-09-26,audit,191.96,164.26
PREM001671,POL001771,COV001671,2024-09-28,2025-09-28,renewal,1552.84,1260.56
PREM001672,POL001772,COV001672,2024-06-15,2025-06-15,new_business,1354.06,880.08
PREM001673,POL001773,COV001673,2025-11-21,2026-11-21,audit,1082.16,606.93
PREM001674,POL001774,COV001674,2025-07-13,2026-07-13,new_business,564.47,349.37
PREM001675,POL001775,COV001675,2024-09-21,2025-09-21,endorsement,2590.63,1840.74
PREM001676,POL001776,COV001676,2025-07-23,2026-07-23,reinstatement,2108.39,1574.32
PREM001677,POL001777,COV001677,2023-11-18,2024-11-17,new_business,971.77,743.08
PREM001678,POL001778,COV001678,2024-04-25,2025-04-25,new_business,1215.93,1115.81
PREM001679,POL001779,COV001679,2026-08-03,2027-08-03,renewal,2410.89,1557.17
PREM001680,POL001780,COV001680,2025-04-30,2026-04-30,audit,89.41,83.46
PREM001681,POL001781,COV001681,2026-09-15,2027-09-15,reinstatement,914.39,526.73
PREM001682,POL001782,COV001682,2025-06-02,2026-06-02,renewal,876.86,525.04
PREM001683,POL001783,COV001683,2024-01-04,2025-01-03,new_business,583.25,345.11
PREM001684,POL001784,COV001684,2026-02-04,2027-02-04,endorsement,2061.75,1270.11
PREM001685,POL001785,COV001685,2025-06-26,2026-06-26,cancellation,412.74,254.94
PREM001686,POL001786,COV001686,2026-06-02,2027-06-02,cancellation,2514.13,1941.11
PREM001687,POL001787,COV001687,2023-11-06,2024-11-05,endorsement,1587.31,1230.49
PREM001688,POL001788,COV001688,2024-01-23,2025-01-22,reinstatement,2550.32,1693.02
PREM001689,POL001789,COV001689,2024-11-29,2025-11-29,new_business,625.07,558.1
PREM001690,POL001790,COV001690,2024-12-09,2025-12-09,reinstatement,875.17,696.88
PREM001691,POL001791,COV001691,2026-02-15,2027-02-15,renewal,217.4,187.11
PREM001692,POL001792,COV001692,2023-01-04,2024-01-04,cancellation,2501.03,1605.63
PREM001693,POL001793,COV001693,2026-05-25,2027-05-25,reinstatement,2735.25,2109.23
PREM001694,POL001794,COV001694,2024-10-02,2025-10-02,cancellation,1872.55,1259.48
PREM001695,POL001795,COV001695,2024-10-22,2025-10-22,audit,2336.95,1428.89
PREM001696,POL001796,COV001696,2023-12-25,2024-12-24,reinstatement,2243.29,1820.83
PREM001697,POL001797,COV001697,2025-04-06,2026-04-06,cancellation,67.84,38.25
PREM001698,POL001798,COV001698,2025-01-03,2026-01-03,renewal,1022.65,1001.14
PREM001699,POL001799,COV001699,2025-09-10,2026-09-10,audit,1538.28,1338.89
PREM001700,POL001800,COV001700,2024-02-06,2025-02-05,audit,184.26,182.17
PREM001701,POL001801,COV001701,2025-01-29,2026-01-29,cancellation,2239.46,1432.94
PREM001702,POL001802,COV001702,2025-11-21,2026-11-21,reinstatement,2622.96,2350.88
PREM001703,POL001803,COV001703,2026-07-19,2027-07-19,audit,1063.55,1044.44
PREM001704,POL001804,COV001704,2026-04-01,2027-04-01,renewal,2038.49,1840.52
PREM001705,POL001805,COV001705,2023-09-28,2024-09-27,cancellation,1725.49,1541.24
PREM001706,POL001806,COV001706,2023-02-25,2024-02-25,new_business,2172.12,1632.88
PREM001707,POL001807,COV001707,2026-06-15,2027-06-15,new_business,2104.77,1586.99
PREM001708,POL001808,COV001708,2024-06-29,2025-06-29,renewal,936.06,629.8
PREM001709,POL001809,COV001709,2026-05-18,2027-05-18,cancellation,1681.16,1020.67
PREM001710,POL001810,COV001710,2024-02-29,2025-02-28,endorsement,2825.35,2487.79
PREM001711,POL001811,COV001711,2024-03-17,2025-03-17,audit,2141.76,1501.56
PREM001712,POL001812,COV001712,2023-08-03,2024-08-02,renewal,2559.35,1689.93
PREM001713,POL001813,COV001713,2024-09-02,2025-09-02,reinstatement,2771.07,2245.73
PREM001714,POL001814,COV001714,2026-07-10,2027-07-10,renewal,1948.26,1164.1
PREM001715,POL001815,COV001715,2023-03-05,2024-03-04,endorsement,1034.27,832.16
PREM001716,POL001816,COV001716,2025-12-02,2026-12-02,reinstatement,2009.77,1865.31
PREM001717,POL001817,COV001717,2025-05-02,2026-05-02,reinstatement,2457.09,1773.67
PREM001718,POL001818,COV001718,2023-08-09,2024-08-08,renewal,952.53,860.22
PREM001719,POL001819,COV001719,2026-09-04,2027-09-04,endorsement,944.83,785.64
PREM001720,POL001820,COV001720,2023-08-09,2024-08-08,renewal,555.5,476.29
PREM001721,POL001821,COV001721,2024-08-22,2025-08-22,audit,2331.73,2215.83
PREM001722,POL001822,COV001722,2025-01-24,2026-01-24,endorsement,139.46,137.94
PREM001723,POL001823,COV001723,2023-02-21,2024-02-21,cancellation,2581.63,2030.8
PREM001724,POL001824,COV001724,2023-01-28,2024-01-28,reinstatement,1539.89,1485.32
PREM001725,POL001825,COV001725,2023-02-06,2024-02-06,reinstatement,2715.86,2705.92
PREM001726,POL001826,COV001726,2024-02-05,2025-02-04,cancellation,1696.24,1266.62
PREM001727,POL001827,COV001727,2025-04-27,2026-04-27,reinstatement,800.28,431.44
PREM001728,POL001828,COV001728,2023-03-01,2024-02-29,reinstatement,1777.62,1730.7
PREM001729,POL001829,COV001729,2023-12-20,2024-12-19,audit,311.57,256.69
PREM001730,POL001830,COV001730,2026-01-09,2027-01-09,new_business,346.38,283.2
PREM001731,POL001831,COV001731,2025-04-23,2026-04-23,renewal,2971.74,2021.05
PREM001732,POL001832,COV001732,2026-03-13,2027-03-13,new_business,1300.88,855.2
PREM001733,POL001833,COV001733,2026-07-31,2027-07-31,endorsement,1481.77,1124.74
PREM001734,POL001834,COV001734,2024-02-12,2025-02-11,new_business,254.65,207.68
PREM001735,POL001835,COV001735,2025-03-22,2026-03-22,renewal,1757.55,1686.03
PREM001736,POL001836,COV001736,2025-01-07,2026-01-07,renewal,2742.49,2489.48
PREM001737,POL001837,COV001737,2025-02-14,2026-02-14,audit,2518.89,2217.6
PREM001738,POL001838,COV001738,2023-10-23,2024-10-22,cancellation,2693.91,2474.84
PREM001739,POL001839,COV001739,2025-12-23,2026-12-23,cancellation,2513.69,1647.57
PREM001740,POL001840,COV001740,2024-10-26,2025-10-26,renewal,203.27,104.77
PREM001741,POL001841,COV001741,2025-09-06,2026-09-06,renewal,2128.0,1428.32
PREM001742,POL001842,COV001742,2025-01-24,2026-01-24,cancellation,2416.1,2289.92
PREM001743,POL001843,COV001743,2024-02-25,2025-02-24,renewal,2154.14,1630.93
PREM001744,POL001844,COV001744,2023-06-09,2024-06-08,new_business,353.26,236.22
PREM001745,POL001845,COV001745,2026-09-01,2027-09-01,audit,1146.38,748.07
PREM001746,POL001846,COV001746,2026-02-07,2027-02-07,endorsement,1669.27,1469.58
PREM001747,POL001847,COV001747,2024-07-19,2025-07-19,audit,2459.14,1648.08
PREM001748,POL001848,COV001748,2023-10-04,2024-10-03,new_business,437.63,303.14
PREM001749,POL001849,COV001749,2026-04-08,2027-04-08,cancellation,260.7,251.92
PREM001750,POL001850,COV001750,2026-03-17,2027-03-17,cancellation,2473.53,1843.62
PREM001751,POL001851,COV001751,2024-07-04,2025-07-04,renewal,1020.34,526.86
PREM001752,POL001852,COV001752,2023-05-06,2024-05-05,audit,1177.32,856.97
PREM001753,POL001853,COV001753,2023-10-26,2024-10-25,endorsement,951.96,893.02
PREM001754,POL001854,COV001754,2023-07-17,2024-07-16,audit,2006.04,1486.06
PREM001755,POL001855,COV001755,2023-03-19,2024-03-18,renewal,697.81,485.16
PREM001756,POL001856,COV001756,2025-04-22,2026-04-22,renewal,707.58,641.79
PREM001757,POL001857,COV001757,2024-09-03,2025-09-03,reinstatement,365.14,325.06
PREM001758,POL001858,COV001758,2024-02-29,2025-02-28,new_business,2592.94,1444.44
PREM001759,POL001859,COV001759,2024-11-21,2025-11-21,reinstatement,769.84,568.66
PREM001760,POL001860,COV001760,2026-01-28,2027-01-28,renewal,582.37,573.21
PREM001761,POL001861,COV001761,2024-05-08,2025-05-08,reinstatement,2309.81,2107.17
PREM001762,POL001862,COV001762,2023-02-16,2024-02-16,audit,477.87,266.93
PREM001763,POL001863,COV001763,2025-11-15,2026-11-15,endorsement,1788.38,911.24
PREM001764,POL001864,COV001764,2024-07-07,2025-07-07,audit,949.76,740.57
PREM001765,POL001865,COV001765,2024-11-09,2025-11-09,endorsement,1383.85,1058.72
PREM001766,POL001866,COV001766,2025-10-01,2026-10-01,renewal,379.9,362.88
PREM001767,POL001867,COV001767,2025-02-02,2026-02-02,audit,735.42,599.31
PREM001768,POL001868,COV001768,2023-06-22,2024-06-21,reinstatement,559.89,491.77
PREM001769,POL001869,COV001769,2025-01-23,2026-01-23,new_business,2285.72,1868.9
PREM001770,POL001870,COV001770,2023-07-16,2024-07-15,audit,454.2,381.72
PREM001771,POL001871,COV001771,2025-12-10,2026-12-10,renewal,951.89,933.95
PREM001772,POL001872,COV001772,2023-02-16,2024-02-16,new_business,801.44,712.91
PREM001773,POL001873,COV001773,2024-10-05,2025-10-05,cancellation,1979.66,1175.7
PREM001774,POL001874,COV001774,2026-07-04,2027-07-04,audit,2753.97,2190.53
PREM001775,POL001875,COV001775,2024-08-18,2025-08-18,reinstatement,1351.93,907.1
PREM001776,POL001876,COV001776,2024-03-23,2025-03-23,cancellation,1050.94,583.18
PREM001777,POL001877,COV001777,2023-02-01,2024-02-01,renewal,2506.64,2220.52
PREM001778,POL001878,COV001778,2024-01-14,2025-01-13,new_business,1966.56,1780.36
PREM001779,POL001879,COV001779,2023-02-26,2024-02-26,new_business,2604.17,1740.77
PREM001780,POL001880,COV001780,2025-09-06,2026-09-06,reinstatement,591.87,521.88
PREM001781,POL001881,COV001781,2024-09-18,2025-09-18,reinstatement,2521.69,2264.14
PREM001782,POL001882,COV001782,2025-11-27,2026-11-27,new_business,252.33,127.09
PREM001783,POL001883,COV001783,2024-09-18,2025-09-18,cancellation,1137.84,708.1
PREM001784,POL001884,COV001784,2024-08-16,2025-08-16,renewal,2697.43,2196.38
PREM001785,POL001885,COV001785,2024-01-25,2025-01-24,audit,597.44,431.54
PREM001786,POL001886,COV001786,2023-08-06,2024-08-05,cancellation,912.91,844.2
PREM001787,POL001887,COV001787,2024-12-30,2025-12-30,new_business,1370.9,725.33
PREM001788,POL001888,COV001788,2023-01-17,2024-01-17,audit,1016.84,960.85
PREM001789,POL001889,COV001789,2024-04-02,2025-04-02,audit,1062.16,647.32
PREM001790,POL001890,COV001790,2024-04-20,2025-04-20,audit,738.43,441.33
PREM001791,POL001891,COV001791,2026-06-26,2027-06-26,cancellation,263.48,229.98
PREM001792,POL001892,COV001792,2026-04-07,2027-04-07,audit,2240.03,1130.18
PREM001793,POL001893,COV001793,2026-04-02,2027-04-02,cancellation,801.43,546.68
PREM001794,POL001894,COV001794,2026-01-21,2027-01-21,audit,1189.56,1145.62
PREM001795,POL001895,COV001795,2025-10-10,2026-10-10,new_business,2348.78,1414.67
PREM001796,POL001896,COV001796,2024-01-08,2025-01-07,new_business,2119.28,1174.31
PREM001797,POL001897,COV001797,2024-11-25,2025-11-25,renewal,1219.99,881.79
PREM001798,POL001898,COV001798,2026-04-04,2027-04-04,cancellation,2688.57,2062.49
PREM001799,POL001899,COV001799,2026-02-03,2027-02-03,cancellation,781.83,739.31
PREM001800,POL001900,COV001800,2025-07-30,2026-07-30,endorsement,761.96,522.53
PREM001801,POL001901,COV001801,2026-07-18,2027-07-18,audit,1893.68,1121.55
PREM001802,POL001902,COV001802,2025-11-08,2026-11-08,endorsement,1417.94,733.7
PREM001803,POL001903,COV001803,2024-02-24,2025-02-23,endorsement,627.34,409.04
PREM001804,POL001904,COV001804,2025-03-24,2026-03-24,reinstatement,1142.29,1124.31
PREM001805,POL001905,COV001805,2025-04-13,2026-04-13,cancellation,700.18,497.61
PREM001806,POL001906,COV001806,2024-08-28,2025-08-28,endorsement,1915.69,1376.87
PREM001807,POL001907,COV001807,2024-08-20,2025-08-20,endorsement,2763.43,2280.7
PREM001808,POL001908,COV001808,2026-08-08,2027-08-08,new_business,1473.82,940.1
PREM001809,POL001909,COV001809,2025-04-30,2026-04-30,renewal,1141.58,629.84
PREM001810,POL001910,COV001810,2024-07-21,2025-07-21,endorsement,2641.96,2598.8
PREM001811,POL001911,COV001811,2026-07-28,2027-07-28,new_business,1172.83,700.41
PREM001812,POL001912,COV001812,2026-08-07,2027-08-07,cancellation,1106.53,917.87
PREM001813,POL001913,COV001813,2023-02-24,2024-02-24,renewal,123.47,100.61
PREM001814,POL001914,COV001814,2023-08-02,2024-08-01,audit,2486.95,2206.51
PREM001815,POL001915,COV001815,2026-07-31,2027-07-31,new_business,2345.78,1263.19
PREM001816,POL001916,COV001816,2024-06-13,2025-06-13,reinstatement,1632.73,1089.56
PREM001817,POL001917,COV001817,2025-10-17,2026-10-17,reinstatement,1117.91,746.51
PREM001818,POL001918,COV001818,2025-04-06,2026-04-06,new_business,2179.49,1672.56
PREM001819,POL001919,COV001819,2024-09-22,2025-09-22,reinstatement,84.39,45.15
PREM001820,POL001920,COV001820,2023-04-16,2024-04-15,cancellation,1542.69,1529.91
PREM001821,POL001921,COV001821,2025-07-26,2026-07-26,reinstatement,1783.66,1720.06
PREM001822,POL001922,COV001822,2023-08-07,2024-08-06,cancellation,926.75,576.16
PREM001823,POL001923,COV001823,2025-07-13,2026-07-13,renewal,1913.54,1382.55
PREM001824,POL001924,COV001824,2024-05-03,2025-05-03,reinstatement,229.37,138.79
PREM001825,POL001925,COV001825,2026-06-28,2027-06-28,renewal,1286.19,1001.84
PREM001826,POL001926,COV001826,2024-12-12,2025-12-12,renewal,1316.06,759.38
PREM001827,POL001927,COV001827,2024-11-18,2025-11-18,audit,2351.91,1357.2
PREM001828,POL001928,COV001828,2025-03-23,2026-03-23,audit,1445.45,854.72
PREM001829,POL001929,COV001829,2023-12-16,2024-12-15,new_business,1352.64,1245.45
PREM001830,POL001930,COV001830,2025-04-23,2026-04-23,audit,2100.6,1133.69
PREM001831,POL001931,COV001831,2025-08-12,2026-08-12,audit,548.45,360.92
PREM001832,POL001932,COV001832,2025-04-15,2026-04-15,audit,290.0,243.39
PREM001833,POL001933,COV001833,2024-03-09,2025-03-09,reinstatement,2911.66,1817.91
PREM001834,POL001934,COV001834,2024-08-10,2025-08-10,endorsement,683.32,489.25
PREM001835,POL001935,COV001835,2023-10-21,2024-10-20,endorsement,1256.24,717.19
PREM001836,POL001936,COV001836,2025-11-03,2026-11-03,audit,2448.93,1353.56
PREM001837,POL001937,COV001837,2025-03-25,2026-03-25,renewal,873.25,594.82
PREM001838,POL001938,COV001838,2025-07-11,2026-07-11,endorsement,880.58,868.3
PREM001839,POL001939,COV001839,2023-08-01,2024-07-31,renewal,1669.97,1574.29
PREM001840,POL001940,COV001840,2026-04-03,2027-04-03,new_business,1229.52,888.78
PREM001841,POL001941,COV001841,2023-10-30,2024-10-29,audit,2215.39,1681.01
PREM001842,POL001942,COV001842,2023-03-03,2024-03-02,new_business,2393.89,1605.76
PREM001843,POL001943,COV001843,2026-06-02,2027-06-02,endorsement,2895.79,1462.07
PREM001844,POL001944,COV001844,2023-12-13,2024-12-12,cancellation,1519.08,1480.18
PREM001845,POL001945,COV001845,2024-09-28,2025-09-28,renewal,102.32,73.91
PREM001846,POL001946,COV001846,2023-04-25,2024-04-24,reinstatement,1695.87,1631.71
PREM001847,POL001947,COV001847,2026-06-08,2027-06-08,reinstatement,2043.41,1144.03
PREM001848,POL001948,COV001848,2023-11-01,2024-10-31,reinstatement,1329.7,697.81
PREM001849,POL001949,COV001849,2023-06-19,2024-06-18,reinstatement,2400.08,1431.79
PREM001850,POL001950,COV001850,2025-08-10,2026-08-10,endorsement,2622.1,1563.18
PREM001851,POL001951,COV001851,2024-11-07,2025-11-07,cancellation,2710.13,2588.94
PREM001852,POL001952,COV001852,2024-01-18,2025-01-17,cancellation,685.15,398.88
PREM001853,POL001953,COV001853,2025-03-24,2026-03-24,endorsement,431.38,396.58
PREM001854,POL001954,COV001854,2023-06-24,2024-06-23,reinstatement,364.12,339.66
PREM001855,POL001955,COV001855,2024-04-26,2025-04-26,renewal,2588.27,1390.2
PREM001856,POL001956,COV001856,2023-08-25,2024-08-24,cancellation,786.26,690.04
PREM001857,POL001957,COV001857,2026-05-19,2027-05-19,cancellation,1727.66,1108.57
PREM001858,POL001958,COV001858,2026-05-07,2027-05-07,renewal,2967.48,1719.76
PREM001859,POL001959,COV001859,2023-10-18,2024-10-17,endorsement,449.25,292.3
PREM001860,POL001960,COV001860,2024-11-07,2025-11-07,audit,1875.48,1121.05
PREM001861,POL001961,COV001861,2025-04-09,2026-04-09,reinstatement,1168.73,644.34
PREM001862,POL001962,COV001862,2025-12-02,2026-12-02,reinstatement,1191.63,830.05
PREM001863,POL001963,COV001863,2023-01-29,2024-01-29,endorsement,59.86,59.52
PREM001864,POL001964,COV001864,2024-02-16,2025-02-15,reinstatement,2296.56,1792.15
PREM001865,POL001965,COV001865,2023-08-19,2024-08-18,cancellation,1788.21,1510.77
PREM001866,POL001966,COV001866,2025-02-22,2026-02-22,endorsement,1626.54,1181.12
PREM001867,POL001967,COV001867,2025-01-26,2026-01-26,audit,1516.74,1052.04
PREM001868,POL001968,COV001868,2025-09-19,2026-09-19,endorsement,2303.4,1886.72
PREM001869,POL001969,COV001869,2024-07-29,2025-07-29,reinstatement,1966.59,1229.08
PREM001870,POL001970,COV001870,2024-03-30,2025-03-30,reinstatement,1802.62,1355.18
PREM001871,POL001971,COV001871,2024-08-14,2025-08-14,endorsement,1673.32,1103.72
PREM001872,POL001972,COV001872,2023-12-26,2024-12-25,new_business,2246.3,2039.16
PREM001873,POL001973,COV001873,2026-03-14,2027-03-14,endorsement,1998.51,1649.27
PREM001874,POL001974,COV001874,2026-06-04,2027-06-04,endorsement,1311.47,1100.73
PREM001875,POL001975,COV001875,2024-03-14,2025-03-14,audit,1621.24,1540.0
PREM001876,POL001976,COV001876,2023-06-25,2024-06-24,endorsement,2861.69,1560.38
PREM001877,POL001977,COV001877,2025-05-02,2026-05-02,audit,1392.16,1173.33
PREM001878,POL001978,COV001878,2023-03-05,2024-03-04,new_business,1166.82,1012.63
PREM001879,POL001979,COV001879,2024-03-01,2025-03-01,cancellation,1881.28,983.69
PREM001880,POL001980,COV001880,2024-11-05,2025-11-05,new_business,1183.45,1114.86
PREM001881,POL001981,COV001881,2025-03-09,2026-03-09,audit,1401.64,1260.7
PREM001882,POL001982,COV001882,2023-10-30,2024-10-29,cancellation,1808.63,1316.17
PREM001883,POL001983,COV001883,2023-04-13,2024-04-12,reinstatement,409.07,223.48
PREM001884,POL001984,COV001884,2024-01-16,2025-01-15,reinstatement,2379.98,1633.86
PREM001885,POL001985,COV001885,2025-03-19,2026-03-19,audit,169.11,157.23
PREM001886,POL001986,COV001886,2024-08-29,2025-08-29,cancellation,2536.4,2443.7
PREM001887,POL001987,COV001887,2025-05-20,2026-05-20,renewal,979.84,884.43
PREM001888,POL001988,COV001888,2024-10-24,2025-10-24,audit,792.07,440.9
PREM001889,POL001989,COV001889,2023-05-15,2024-05-14,cancellation,1084.34,623.84
PREM001890,POL001990,COV001890,2026-09-10,2027-09-10,cancellation,1798.86,1122.72
PREM001891,POL001991,COV001891,2023-06-28,2024-06-27,reinstatement,2207.37,1151.71
PREM001892,POL001992,COV001892,2025-04-21,2026-04-21,endorsement,1164.06,822.64
PREM001893,POL001993,COV001893,2025-02-13,2026-02-13,reinstatement,1140.97,1095.58
PREM001894,POL001994,COV001894,2026-06-21,2027-06-21,audit,371.64,205.88
PREM001895,POL001995,COV001895,2026-04-13,2027-04-13,cancellation,2367.95,1813.64
PREM001896,POL001996,COV001896,2024-07-16,2025-07-16,new_business,2036.11,2005.63
PREM001897,POL001997,COV001897,2023-01-10,2024-01-10,audit,856.46,749.08
PREM001898,POL001998,COV001898,2024-08-30,2025-08-30,cancellation,146.14,99.16
PREM001899,POL001999,COV001899,2025-08-16,2026-08-16,audit,1419.97,966.62
PREM001900,POL002000,COV001900,2023-10-25,2024-10-24,new_business,2378.13,1396.61
PREM001901,POL002001,COV001901,2023-08-09,2024-08-08,renewal,1990.1,1347.48
PREM001902,POL002002,COV001902,2026-03-26,2027-03-26,renewal,366.12,302.27
PREM001903,POL002003,COV001903,2024-10-31,2025-10-31,reinstatement,2941.36,2167.62
PREM001904,POL002004,COV001904,2026-02-19,2027-02-19,audit,2978.2,2257.74
PREM001905,POL002005,COV001905,2023-07-27,2024-07-26,cancellation,117.29,86.12
PREM001906,POL002006,COV001906,2024-10-12,2025-10-12,renewal,2550.17,2100.19
PREM001907,POL002007,COV001907,2025-06-19,2026-06-19,new_business,2008.98,1333.26
PREM001908,POL002008,COV001908,2024-12-14,2025-12-14,renewal,850.54,665.95
PREM001909,POL002009,COV001909,2024-05-12,2025-05-12,audit,2656.02,2382.44
PREM001910,POL002010,COV001910,2023-08-09,2024-08-08,audit,1701.03,1125.88
PREM001911,POL002011,COV001911,2023-10-29,2024-10-28,reinstatement,1661.23,1239.24
PREM001912,POL002012,COV001912,2024-06-05,2025-06-05,endorsement,873.98,643.96
PREM001913,POL002013,COV001913,2024-09-13,2025-09-13,endorsement,1890.46,1865.14
PREM001914,POL002014,COV001914,2023-07-24,2024-07-23,audit,274.12,251.41
PREM001915,POL002015,COV001915,2025-01-26,2026-01-26,audit,1286.5,988.72
PREM001916,POL002016,COV001916,2025-05-06,2026-05-06,renewal,2262.67,1189.24
PREM001917,POL002017,COV001917,2023-08-16,2024-08-15,reinstatement,785.07,719.01
PREM001918,POL002018,COV001918,2023-06-17,2024-06-16,cancellation,2816.4,1704.47
PREM001919,POL002019,COV001919,2024-04-08,2025-04-08,cancellation,2367.11,1754.67
PREM001920,POL002020,COV001920,2023-06-10,2024-06-09,audit,2951.5,2312.14
PREM001921,POL002021,COV001921,2025-02-06,2026-02-06,audit,1934.41,1615.93
PREM001922,POL002022,COV001922,2026-05-03,2027-05-03,reinstatement,807.37,492.3
PREM001923,POL002023,COV001923,2025-07-12,2026-07-12,reinstatement,1369.48,791.44
PREM001924,POL002024,COV001924,2024-07-12,2025-07-12,endorsement,2152.82,1472.76
PREM001925,POL002025,COV001925,2023-08-05,2024-08-04,endorsement,1172.53,619.37
PREM001926,POL002026,COV001926,2026-02-17,2027-02-17,endorsement,2932.5,2257.14
PREM001927,POL002027,COV001927,2023-08-28,2024-08-27,new_business,1335.59,1090.61
PREM001928,POL002028,COV001928,2025-07-16,2026-07-16,new_business,2428.5,1708.93
PREM001929,POL002029,COV001929,2025-06-08,2026-06-08,endorsement,214.4,161.93
PREM001930,POL002030,COV001930,2026-05-19,2027-05-19,reinstatement,2719.26,2508.7
PREM001931,POL002031,COV001931,2024-12-08,2025-12-08,renewal,675.08,352.45
PREM001932,POL002032,COV001932,2024-12-29,2025-12-29,audit,483.33,447.36
PREM001933,POL002033,COV001933,2023-04-26,2024-04-25,renewal,1466.34,866.14
PREM001934,POL002034,COV001934,2025-12-06,2026-12-06,endorsement,972.53,744.56
PREM001935,POL002035,COV001935,2025-05-25,2026-05-25,renewal,983.9,843.92
PREM001936,POL002036,COV001936,2026-01-02,2027-01-02,new_business,160.39,87.88
PREM001937,POL002037,COV001937,2025-08-06,2026-08-06,endorsement,1630.43,893.92
PREM001938,POL002038,COV001938,2025-03-13,2026-03-13,new_business,1080.3,937.57
PREM001939,POL002039,COV001939,2025-04-13,2026-04-13,audit,829.55,447.05
PREM001940,POL002040,COV001940,2025-08-03,2026-08-03,cancellation,2239.3,1604.46
PREM001941,POL002041,COV001941,2024-12-02,2025-12-02,new_business,2079.24,1392.63
PREM001942,POL002042,COV001942,2025-01-26,2026-01-26,endorsement,747.77,453.09
PREM001943,POL002043,COV001943,2025-10-26,2026-10-26,new_business,104.08,68.03
PREM001944,POL002044,COV001944,2023-05-06,2024-05-05,audit,2186.02,1424.07
PREM001945,POL002045,COV001945,2026-07-09,2027-07-09,endorsement,1240.41,952.46
PREM001946,POL002046,COV001946,2023-06-24,2024-06-23,new_business,317.94,302.88
PREM001947,POL002047,COV001947,2024-09-26,2025-09-26,reinstatement,1508.06,1287.29
PREM001948,POL002048,COV001948,2023-10-29,2024-10-28,cancellation,211.94,110.05
PREM001949,POL002049,COV001949,2023-03-09,2024-03-08,audit,1460.57,1432.95
PREM001950,POL002050,COV001950,2025-08-10,2026-08-10,renewal,1153.48,700.73
PREM001951,POL002051,COV001951,2025-06-01,2026-06-01,cancellation,1288.74,770.13
PREM001952,POL002052,COV001952,2025-06-23,2026-06-23,cancellation,1784.5,917.87
PREM001953,POL002053,COV001953,2025-03-20,2026-03-20,reinstatement,2209.97,2020.27
PREM001954,POL002054,COV001954,2023-02-17,2024-02-17,reinstatement,1058.66,735.66
PREM001955,POL002055,COV001955,2023-03-27,2024-03-26,reinstatement,717.84,453.07
PREM001956,POL002056,COV001956,2023-11-07,2024-11-06,reinstatement,2873.71,2657.04
PREM001957,POL002057,COV001957,2024-03-07,2025-03-07,audit,195.66,115.6
PREM001958,POL002058,COV001958,2023-07-11,2024-07-10,reinstatement,1888.27,1402.3
PREM001959,POL002059,COV001959,2026-03-17,2027-03-17,audit,1984.5,1178.38
PREM001960,POL002060,COV001960,2025-09-13,2026-09-13,reinstatement,2157.75,1593.41
PREM001961,POL002061,COV001961,2024-08-22,2025-08-22,reinstatement,225.91,138.81
PREM001962,POL002062,COV001962,2024-04-19,2025-04-19,endorsement,2571.53,2459.78
PREM001963,POL002063,COV001963,2025-04-28,2026-04-28,endorsement,1905.45,1238.03
PREM001964,POL002064,COV001964,2023-04-19,2024-04-18,renewal,1949.73,1110.35
PREM001965,POL002065,COV001965,2023-04-11,2024-04-10,renewal,2810.03,2414.5
PREM001966,POL002066,COV001966,2023-03-26,2024-03-25,cancellation,1705.49,905.3
PREM001967,POL002067,COV001967,2025-09-20,2026-09-20,endorsement,2916.33,2038.65
PREM001968,POL002068,COV001968,2026-07-15,2027-07-15,audit,1881.75,1353.57
PREM001969,POL002069,COV001969,2026-07-05,2027-07-05,reinstatement,2260.12,1817.55
PREM001970,POL002070,COV001970,2025-06-07,2026-06-07,endorsement,2334.75,1673.81
PREM001971,POL002071,COV001971,2025-08-02,2026-08-02,audit,2581.91,1544.72
PREM001972,POL002072,COV001972,2026-01-19,2027-01-19,cancellation,2950.51,1972.64
PREM001973,POL002073,COV001973,2026-02-14,2027-02-14,endorsement,2815.8,1926.99
PREM001974,POL002074,COV001974,2023-10-15,2024-10-14,reinstatement,2976.69,2431.36
PREM001975,POL002075,COV001975,2025-05-16,2026-05-16,endorsement,2780.59,1394.24
PREM001976,POL002076,COV001976,2024-01-23,2025-01-22,reinstatement,2412.17,1927.27
PREM001977,POL002077,COV001977,2026-04-27,2027-04-27,endorsement,1004.35,947.79
PREM001978,POL002078,COV001978,2024-04-19,2025-04-19,renewal,1718.74,1316.15
PREM001979,POL002079,COV001979,2023-05-25,2024-05-24,renewal,68.82,68.38
PREM001980,POL002080,COV001980,2026-05-28,2027-05-28,reinstatement,1590.29,1545.41
PREM001981,POL002081,COV001981,2023-10-11,2024-10-10,new_business,2002.8,1716.15
PREM001982,POL002082,COV001982,2026-08-02,2027-08-02,reinstatement,1702.39,1134.86
PREM001983,POL002083,COV001983,2024-03-12,2025-03-12,audit,1825.91,1752.86
PREM001984,POL002084,COV001984,2024-08-28,2025-08-28,endorsement,2538.12,1825.2
PREM001985,POL002085,COV001985,2025-03-12,2026-03-12,endorsement,2506.73,2289.76
PREM001986,POL002086,COV001986,2024-12-07,2025-12-07,renewal,1997.7,1317.71
PREM001987,POL002087,COV001987,2026-07-23,2027-07-23,new_business,2691.96,2493.45
PREM001988,POL002088,COV001988,2026-02-01,2027-02-01,new_business,195.61,101.4
PREM001989,POL002089,COV001989,2023-04-27,2024-04-26,cancellation,124.82,79.44
PREM001990,POL002090,COV001990,2023-10-03,2024-10-02,audit,562.88,492.2
PREM001991,POL002091,COV001991,2024-05-29,2025-05-29,new_business,2462.61,1296.78
PREM001992,POL002092,COV001992,2023-12-27,2024-12-26,new_business,459.44,332.21
PREM001993,POL002093,COV001993,2025-09-23,2026-09-23,reinstatement,1803.28,1519.63
PREM001994,POL002094,COV001994,2026-05-08,2027-05-08,audit,2432.74,1558.55
PREM001995,POL002095,COV001995,2023-08-23,2024-08-22,renewal,801.81,793.66
PREM001996,POL002096,COV001996,2026-05-28,2027-05-28,reinstatement,2995.2,2076.76
PREM001997,POL002097,COV001997,2023-11-21,2024-11-20,renewal,1520.32,1458.69
PREM001998,POL002098,COV001998,2026-06-29,2027-06-29,new_business,707.78,534.64
PREM001999,POL002099,COV001999,2023-11-25,2024-11-24,audit,803.14,547.82
PREM002000,POL002100,COV002000,2024-12-12,2025-12-12,new_business,2356.34,1668.17
PREM002001,POL002101,COV002001,2023-05-11,2024-05-10,reinstatement,1914.22,1008.71
PREM002002,POL002102,COV002002,2023-03-09,2024-03-08,new_business,63.59,61.71
PREM002003,POL002103,COV002003,2025-10-17,2026-10-17,new_business,1721.4,930.14
PREM002004,POL002104,COV002004,2025-07-14,2026-07-14,endorsement,473.93,463.7
PREM002005,POL002105,COV002005,2025-11-06,2026-11-06,endorsement,738.18,487.33
PREM002006,POL002106,COV002006,2026-04-10,2027-04-10,renewal,1996.44,1738.48
PREM002007,POL002107,COV002007,2024-10-20,2025-10-20,renewal,1142.97,1130.55
PREM002008,POL002108,COV002008,2026-05-11,2027-05-11,endorsement,2057.41,1230.89
PREM002009,POL002109,COV002009,2025-02-05,2026-02-05,reinstatement,486.53,396.53
PREM002010,POL002110,COV002010,2025-04-25,2026-04-25,cancellation,596.29,568.66
PREM002011,POL002111,COV002011,2025-02-12,2026-02-12,renewal,1838.95,1465.89
PREM002012,POL002112,COV002012,2026-01-22,2027-01-22,audit,2846.86,2751.42
PREM002013,POL002113,COV002013,2026-07-10,2027-07-10,renewal,2837.05,2145.57
PREM002014,POL002114,COV002014,2023-03-06,2024-03-05,audit,2348.37,1756.06
PREM002015,POL002115,COV002015,2026-07-13,2027-07-13,audit,817.8,515.41
PREM002016,POL002116,COV002016,2023-12-24,2024-12-23,audit,1485.99,1209.83
PREM002017,POL002117,COV002017,2024-07-30,2025-07-30,cancellation,533.15,413.13
PREM002018,POL002118,COV002018,2025-02-13,2026-02-13,renewal,1619.4,1613.74
PREM002019,POL002119,COV002019,2024-06-23,2025-06-23,reinstatement,2491.96,1352.35
PREM002020,POL002120,COV002020,2023-09-27,2024-09-26,renewal,825.85,637.03
PREM002021,POL002121,COV002021,2026-01-23,2027-01-23,reinstatement,1795.58,1721.18
PREM002022,POL002122,COV002022,2026-07-08,2027-07-08,reinstatement,2112.44,1973.95
PREM002023,POL002123,COV002023,2026-08-14,2027-08-14,audit,1807.57,1774.47
PREM002024,POL002124,COV002024,2026-08-28,2027-08-28,new_business,2983.63,2461.15
PREM002025,POL002125,COV002025,2023-04-01,2024-03-31,endorsement,2872.78,2305.54
PREM002026,POL002126,COV002026,2025-07-25,2026-07-25,cancellation,1370.94,889.92
PREM002027,POL002127,COV002027,2025-05-16,2026-05-16,audit,711.02,592.91
PREM002028,POL002128,COV002028,2023-07-17,2024-07-16,audit,2937.27,2547.45
PREM002029,POL002129,COV002029,2024-10-21,2025-10-21,cancellation,305.1,255.53
PREM002030,POL002130,COV002030,2025-07-15,2026-07-15,reinstatement,1690.05,942.44
PREM002031,POL002131,COV002031,2025-01-21,2026-01-21,endorsement,1129.75,796.97
PREM002032,POL002132,COV002032,2024-07-12,2025-07-12,audit,1941.97,1620.39
PREM002033,POL002133,COV002033,2025-11-08,2026-11-08,endorsement,98.3,62.34
PREM002034,POL002134,COV002034,2025-04-13,2026-04-13,renewal,2759.21,2101.1
PREM002035,POL002135,COV002035,2024-10-26,2025-10-26,endorsement,1762.87,1008.56
PREM002036,POL002136,COV002036,2026-05-26,2027-05-26,audit,537.91,424.14
PREM002037,POL002137,COV002037,2023-01-05,2024-01-05,audit,2925.98,1538.74
PREM002038,POL002138,COV002038,2023-03-02,2024-03-01,audit,904.44,740.12
PREM002039,POL002139,COV002039,2023-08-19,2024-08-18,audit,737.25,589.72
PREM002040,POL002140,COV002040,2024-06-21,2025-06-21,cancellation,603.59,562.6
PREM002041,POL002141,COV002041,2025-01-07,2026-01-07,renewal,1464.97,846.53
PREM002042,POL002142,COV002042,2023-05-07,2024-05-06,endorsement,372.33,327.67
PREM002043,POL002143,COV002043,2023-08-15,2024-08-14,cancellation,604.93,459.45
PREM002044,POL002144,COV002044,2025-06-09,2026-06-09,reinstatement,996.35,607.33
PREM002045,POL002145,COV002045,2023-02-09,2024-02-09,reinstatement,74.36,61.77
PREM002046,POL002146,COV002046,2023-02-25,2024-02-25,audit,1154.29,759.73
PREM002047,POL002147,COV002047,2025-02-24,2026-02-24,renewal,1490.59,948.52
PREM002048,POL002148,COV002048,2024-06-18,2025-06-18,reinstatement,2329.49,2268.24
PREM002049,POL002149,COV002049,2025-09-03,2026-09-03,new_business,1282.09,1128.3
PREM002050,POL002150,COV002050,2023-06-24,2024-06-23,cancellation,2277.06,1790.96
PREM002051,POL002151,COV002051,2023-08-20,2024-08-19,new_business,1337.13,744.59
PREM002052,POL002152,COV002052,2024-04-17,2025-04-17,audit,918.55,522.11
PREM002053,POL002153,COV002053,2023-07-12,2024-07-11,cancellation,2553.27,1288.98
PREM002054,POL002154,COV002054,2025-08-10,2026-08-10,endorsement,255.23,136.02
PREM002055,POL002155,COV002055,2026-05-17,2027-05-17,new_business,2292.92,2279.44
PREM002056,POL002156,COV002056,2026-08-15,2027-08-15,cancellation,2835.58,2749.52
PREM002057,POL002157,COV002057,2023-12-20,2024-12-19,renewal,294.89,182.48
PREM002058,POL002158,COV002058,2024-09-17,2025-09-17,audit,2501.63,2106.26
PREM002059,POL002159,COV002059,2023-08-18,2024-08-17,renewal,1167.13,813.32
PREM002060,POL002160,COV002060,2024-06-07,2025-06-07,new_business,2673.06,1448.68
PREM002061,POL002161,COV002061,2023-10-17,2024-10-16,renewal,759.39,468.3
PREM002062,POL002162,COV002062,2026-07-18,2027-07-18,cancellation,1152.14,878.15
PREM002063,POL002163,COV002063,2025-10-18,2026-10-18,cancellation,158.69,84.17
PREM002064,POL002164,COV002064,2023-07-15,2024-07-14,audit,2352.42,1322.06
PREM002065,POL002165,COV002065,2024-04-04,2025-04-04,reinstatement,2258.04,2207.83
PREM002066,POL002166,COV002066,2024-11-11,2025-11-11,renewal,1605.3,1002.24
PREM002067,POL002167,COV002067,2025-12-02,2026-12-02,cancellation,731.08,477.32
PREM002068,POL002168,COV002068,2026-07-10,2027-07-10,endorsement,1625.3,1543.88
PREM002069,POL002169,COV002069,2026-02-06,2027-02-06,cancellation,2468.25,1279.37
PREM002070,POL002170,COV002070,2025-07-14,2026-07-14,new_business,684.59,507.6
PREM002071,POL002171,COV002071,2023-08-05,2024-08-04,cancellation,2182.93,1136.21
PREM002072,POL002172,COV002072,2026-07-27,2027-07-27,endorsement,1877.33,1421.18
PREM002073,POL002173,COV002073,2024-05-17,2025-05-17,new_business,838.11,741.51
PREM002074,POL002174,COV002074,2024-07-08,2025-07-08,reinstatement,2301.05,1705.66
PREM002075,POL002175,COV002075,2026-04-23,2027-04-23,renewal,82.91,75.26
PREM002076,POL002176,COV002076,2026-04-14,2027-04-14,endorsement,2432.12,2254.04
PREM002077,POL002177,COV002077,2026-05-01,2027-05-01,new_business,2287.03,2035.01
PREM002078,POL002178,COV002078,2023-04-23,2024-04-22,audit,2283.68,2130.21
PREM002079,POL002179,COV002079,2023-08-09,2024-08-08,audit,1360.92,1295.59
PREM002080,POL002180,COV002080,2023-01-04,2024-01-04,audit,749.42,430.1
PREM002081,POL002181,COV002081,2024-09-16,2025-09-16,renewal,360.77,227.57
PREM002082,POL002182,COV002082,2024-10-13,2025-10-13,endorsement,1919.62,1648.1
PREM002083,POL002183,COV002083,2025-12-29,2026-12-29,endorsement,1743.38,963.36
PREM002084,POL002184,COV002084,2026-02-21,2027-02-21,endorsement,758.97,415.73
PREM002085,POL002185,COV002085,2024-08-24,2025-08-24,reinstatement,969.69,718.07
PREM002086,POL002186,COV002086,2025-06-13,2026-06-13,cancellation,2977.54,1527.54
PREM002087,POL002187,COV002087,2024-03-15,2025-03-15,endorsement,1262.17,1067.33
PREM002088,POL002188,COV002088,2025-06-22,2026-06-22,new_business,413.49,252.84
PREM002089,POL002189,COV002089,2023-08-25,2024-08-24,renewal,1886.8,1359.68
PREM002090,POL002190,COV002090,2025-12-15,2026-12-15,audit,234.29,190.56
PREM002091,POL002191,COV002091,2023-10-09,2024-10-08,endorsement,1843.11,1080.55
PREM002092,POL002192,COV002092,2023-05-21,2024-05-20,renewal,1548.42,908.85
PREM002093,POL002193,COV002093,2023-04-17,2024-04-16,renewal,2366.35,2020.71
PREM002094,POL002194,COV002094,2026-02-14,2027-02-14,renewal,1194.45,735.66
PREM002095,POL002195,COV002095,2025-02-02,2026-02-02,endorsement,138.35,131.79
PREM002096,POL002196,COV002096,2025-07-31,2026-07-31,cancellation,2832.17,1693.71
PREM002097,POL002197,COV002097,2024-04-08,2025-04-08,renewal,1416.45,1227.89
PREM002098,POL002198,COV002098,2025-01-26,2026-01-26,endorsement,1300.38,745.19
PREM002099,POL002199,COV002099,2026-02-28,2027-02-28,audit,1468.31,1227.14
PREM002100,POL002200,COV002100,2023-07-24,2024-07-23,endorsement,2748.38,2368.82
PREM002101,POL002201,COV002101,2026-02-21,2027-02-21,new_business,1884.62,1366.31
PREM002102,POL002202,COV002102,2024-01-24,2025-01-23,cancellation,1426.85,1002.75
PREM002103,POL002203,COV002103,2024-08-04,2025-08-04,reinstatement,538.96,324.7
PREM002104,POL002204,COV002104,2026-07-04,2027-07-04,endorsement,1500.01,988.97
PREM002105,POL002205,COV002105,2024-01-15,2025-01-14,new_business,830.01,761.11
PREM002106,POL002206,COV002106,2026-06-09,2027-06-09,cancellation,669.65,640.76
PREM002107,POL002207,COV002107,2023-10-01,2024-09-30,cancellation,1604.44,837.65
PREM002108,POL002208,COV002108,2025-10-16,2026-10-16,reinstatement,1556.09,975.65
PREM002109,POL002209,COV002109,2026-03-19,2027-03-19,new_business,1700.19,1587.06
PREM002110,POL002210,COV002110,2025-01-19,2026-01-19,cancellation,2351.34,2240.86
PREM002111,POL002211,COV002111,2023-06-09,2024-06-08,cancellation,623.87,481.31
PREM002112,POL002212,COV002112,2024-01-02,2025-01-01,new_business,983.97,745.99
PREM002113,POL002213,COV002113,2025-01-07,2026-01-07,renewal,2248.28,1445.23
PREM002114,POL002214,COV002114,2023-06-07,2024-06-06,audit,2150.79,1486.42
PREM002115,POL002215,COV002115,2026-03-04,2027-03-04,audit,1137.69,586.09
PREM002116,POL002216,COV002116,2025-01-03,2026-01-03,audit,2682.17,2650.93
PREM002117,POL002217,COV002117,2025-02-01,2026-02-01,reinstatement,1855.52,1646.26
PREM002118,POL002218,COV002118,2023-05-02,2024-05-01,cancellation,1873.74,1116.41
PREM002119,POL002219,COV002119,2025-08-23,2026-08-23,cancellation,722.23,633.65
PREM002120,POL002220,COV002120,2025-04-21,2026-04-21,audit,1613.64,1226.01
PREM002121,POL002221,COV002121,2025-08-30,2026-08-30,reinstatement,2801.08,2711.68
PREM002122,POL002222,COV002122,2023-07-06,2024-07-05,new_business,558.49,352.82
PREM002123,POL002223,COV002123,2025-03-06,2026-03-06,audit,343.25,316.05
PREM002124,POL002224,COV002124,2023-06-09,2024-06-08,renewal,2731.42,2727.27
PREM002125,POL002225,COV002125,2024-11-07,2025-11-07,endorsement,857.65,544.96
PREM002126,POL002226,COV002126,2024-02-26,2025-02-25,cancellation,51.3,48.38
PREM002127,POL002227,COV002127,2025-06-21,2026-06-21,audit,2542.65,1428.22
PREM002128,POL002228,COV002128,2026-02-14,2027-02-14,cancellation,992.15,938.74
PREM002129,POL002229,COV002129,2026-03-25,2027-03-25,cancellation,2762.34,2569.49
PREM002130,POL002230,COV002130,2024-07-24,2025-07-24,new_business,1261.89,764.46
PREM002131,POL002231,COV002131,2024-08-31,2025-08-31,renewal,2158.45,1126.37
PREM002132,POL002232,COV002132,2024-07-31,2025-07-31,renewal,2373.03,1440.58
PREM002133,POL002233,COV002133,2025-07-14,2026-07-14,endorsement,1794.54,1324.55
PREM002134,POL002234,COV002134,2025-10-06,2026-10-06,cancellation,2355.49,2023.94
PREM002135,POL002235,COV002135,2024-11-17,2025-11-17,cancellation,350.23,320.76
PREM002136,POL002236,COV002136,2025-01-07,2026-01-07,endorsement,1112.91,941.81
PREM002137,POL002237,COV002137,2026-05-22,2027-05-22,new_business,967.75,487.42
PREM002138,POL002238,COV002138,2026-06-18,2027-06-18,new_business,1831.86,1676.03
PREM002139,POL002239,COV002139,2025-11-13,2026-11-13,new_business,1560.16,1402.82
PREM002140,POL002240,COV002140,2024-12-13,2025-12-13,renewal,1268.31,656.46
PREM002141,POL002241,COV002141,2024-01-15,2025-01-14,new_business,2493.3,1255.41
PREM002142,POL002242,COV002142,2024-06-06,2025-06-06,new_business,2282.68,1246.25
PREM002143,POL002243,COV002143,2025-08-10,2026-08-10,new_business,855.18,715.65
PREM002144,POL002244,COV002144,2023-02-24,2024-02-24,cancellation,828.29,505.84
PREM002145,POL002245,COV002145,2025-01-26,2026-01-26,audit,362.24,186.74
PREM002146,POL002246,COV002146,2024-10-18,2025-10-18,new_business,58.38,51.07
PREM002147,POL002247,COV002147,2025-09-16,2026-09-16,renewal,1773.67,1314.79
PREM002148,POL002248,COV002148,2026-08-20,2027-08-20,endorsement,389.29,258.41
PREM002149,POL002249,COV002149,2024-10-30,2025-10-30,endorsement,392.82,375.87
PREM002150,POL002250,COV002150,2025-12-17,2026-12-17,audit,2941.68,1658.24
PREM002151,POL002251,COV002151,2024-01-07,2025-01-06,endorsement,1293.28,674.29
PREM002152,POL002252,COV002152,2025-12-21,2026-12-21,audit,407.48,373.18
PREM002153,POL002253,COV002153,2026-05-04,2027-05-04,audit,2453.51,1662.08
PREM002154,POL002254,COV002154,2023-11-22,2024-11-21,audit,1816.44,941.87
PREM002155,POL002255,COV002155,2023-11-13,2024-11-12,reinstatement,1354.84,1200.37
PREM002156,POL002256,COV002156,2023-10-28,2024-10-27,endorsement,1501.22,1223.76
PREM002157,POL002257,COV002157,2023-06-01,2024-05-31,new_business,266.06,139.24
PREM002158,POL002258,COV002158,2025-01-20,2026-01-20,new_business,2148.87,1413.78
PREM002159,POL002259,COV002159,2024-03-29,2025-03-29,endorsement,2240.88,1368.53
PREM002160,POL002260,COV002160,2024-07-14,2025-07-14,reinstatement,1023.25,882.19
PREM002161,POL002261,COV002161,2026-03-01,2027-03-01,audit,1877.2,1179.61
PREM002162,POL002262,COV002162,2025-10-06,2026-10-06,cancellation,136.62,103.32
PREM002163,POL002263,COV002163,2025-12-09,2026-12-09,audit,280.43,265.77
PREM002164,POL002264,COV002164,2024-01-24,2025-01-23,new_business,2602.66,2116.44
PREM002165,POL002265,COV002165,2025-07-30,2026-07-30,new_business,238.57,163.83
PREM002166,POL002266,COV002166,2026-02-04,2027-02-04,renewal,841.09,746.85
PREM002167,POL002267,COV002167,2026-03-15,2027-03-15,cancellation,1938.31,1381.13
PREM002168,POL002268,COV002168,2025-04-27,2026-04-27,endorsement,2670.49,1743.93
PREM002169,POL002269,COV002169,2026-08-27,2027-08-27,audit,2328.43,2179.89
PREM002170,POL002270,COV002170,2025-08-04,2026-08-04,cancellation,887.6,459.41
PREM002171,POL002271,COV002171,2025-03-26,2026-03-26,new_business,1452.61,1364.76
PREM002172,POL002272,COV002172,2025-12-14,2026-12-14,reinstatement,649.61,549.18
PREM002173,POL002273,COV002173,2023-05-08,2024-05-07,cancellation,2496.61,2164.92
PREM002174,POL002274,COV002174,2023-09-29,2024-09-28,endorsement,1355.0,679.08
PREM002175,POL002275,COV002175,2026-06-11,2027-06-11,cancellation,1524.77,963.82
PREM002176,POL002276,COV002176,2026-01-23,2027-01-23,renewal,1973.7,1067.66
PREM002177,POL002277,COV002177,2023-08-18,2024-08-17,renewal,1465.63,878.98
PREM002178,POL002278,COV002178,2025-09-03,2026-09-03,cancellation,2771.03,2755.46
PREM002179,POL002279,COV002179,2024-09-16,2025-09-16,renewal,2196.06,1793.64
PREM002180,POL002280,COV002180,2023-11-07,2024-11-06,new_business,2003.03,1315.18
PREM002181,POL002281,COV002181,2024-11-05,2025-11-05,new_business,1450.82,1296.14
PREM002182,POL002282,COV002182,2023-05-09,2024-05-08,audit,1469.41,1361.06
PREM002183,POL002283,COV002183,2024-06-02,2025-06-02,renewal,481.68,345.16
PREM002184,POL002284,COV002184,2024-07-18,2025-07-18,endorsement,1586.14,937.56
PREM002185,POL002285,COV002185,2023-10-18,2024-10-17,cancellation,436.45,361.59
PREM002186,POL002286,COV002186,2025-08-13,2026-08-13,audit,2077.36,1044.22
PREM002187,POL002287,COV002187,2024-05-30,2025-05-30,cancellation,1254.82,1020.99
PREM002188,POL002288,COV002188,2024-01-03,2025-01-02,endorsement,507.28,291.98
PREM002189,POL002289,COV002189,2025-10-16,2026-10-16,renewal,423.18,242.26
PREM002190,POL002290,COV002190,2023-07-04,2024-07-03,endorsement,811.21,729.75
PREM002191,POL002291,COV002191,2025-04-30,2026-04-30,cancellation,1582.51,1327.3
PREM002192,POL002292,COV002192,2023-12-31,2024-12-30,reinstatement,1478.53,1364.22
PREM002193,POL002293,COV002193,2026-06-13,2027-06-13,audit,1365.49,831.63
PREM002194,POL002294,COV002194,2026-03-30,2027-03-30,new_business,1339.08,1145.6
PREM002195,POL002295,COV002195,2023-12-24,2024-12-23,audit,899.46,456.16
PREM002196,POL002296,COV002196,2026-08-25,2027-08-25,renewal,1309.44,929.55
PREM002197,POL002297,COV002197,2025-10-06,2026-10-06,new_business,1437.42,970.04
PREM002198,POL002298,COV002198,2024-10-18,2025-10-18,audit,2157.16,1643.99
PREM002199,POL002299,COV002199,2025-08-03,2026-08-03,endorsement,1103.27,987.5
PREM002200,POL002300,COV002200,2024-02-09,2025-02-08,new_business,1590.21,1431.51
PREM002201,POL002301,COV002201,2023-12-24,2024-12-23,reinstatement,369.79,306.17
PREM002202,POL002302,COV002202,2023-12-22,2024-12-21,endorsement,717.92,425.79
PREM002203,POL002303,COV002203,2025-12-30,2026-12-30,endorsement,721.91,547.55
PREM002204,POL002304,COV002204,2024-08-16,2025-08-16,reinstatement,569.24,518.88
PREM002205,POL002305,COV002205,2024-01-23,2025-01-22,reinstatement,740.03,491.3
PREM002206,POL002306,COV002206,2024-09-06,2025-09-06,endorsement,2672.65,2414.61
PREM002207,POL002307,COV002207,2024-02-17,2025-02-16,new_business,1976.63,1035.44
PREM002208,POL002308,COV002208,2024-09-17,2025-09-17,renewal,2001.77,1624.3
PREM002209,POL002309,COV002209,2025-05-04,2026-05-04,audit,191.44,169.02
PREM002210,POL002310,COV002210,2025-04-30,2026-04-30,audit,1863.3,1431.16
PREM002211,POL002311,COV002211,2023-11-01,2024-10-31,cancellation,2729.62,2313.16
PREM002212,POL002312,COV002212,2024-02-18,2025-02-17,renewal,1496.46,832.71
PREM002213,POL002313,COV002213,2023-06-09,2024-06-08,audit,1286.62,895.52
PREM002214,POL002314,COV002214,2023-07-02,2024-07-01,new_business,2659.91,1841.0
PREM002215,POL002315,COV002215,2025-02-18,2026-02-18,new_business,829.25,478.65
PREM002216,POL002316,COV002216,2023-11-25,2024-11-24,audit,2553.54,1650.09
PREM002217,POL002317,COV002217,2025-04-09,2026-04-09,cancellation,362.02,330.71
PREM002218,POL002318,COV002218,2025-01-16,2026-01-16,endorsement,1989.11,1120.3
PREM002219,POL002319,COV002219,2023-10-08,2024-10-07,reinstatement,413.32,341.27
PREM002220,POL002320,COV002220,2023-05-08,2024-05-07,endorsement,315.97,258.12
PREM002221,POL002321,COV002221,2025-07-29,2026-07-29,cancellation,1406.07,953.88
PREM002222,POL002322,COV002222,2026-03-04,2027-03-04,renewal,2438.41,2375.52
PREM002223,POL002323,COV002223,2026-07-20,2027-07-20,renewal,783.04,712.53
PREM002224,POL002324,COV002224,2025-06-30,2026-06-30,endorsement,534.77,453.18
PREM002225,POL002325,COV002225,2024-05-19,2025-05-19,endorsement,1104.0,812.5
PREM002226,POL002326,COV002226,2025-10-27,2026-10-27,reinstatement,935.53,550.8
PREM002227,POL002327,COV002227,2024-01-16,2025-01-15,reinstatement,1992.76,1913.87
PREM002228,POL002328,COV002228,2024-06-10,2025-06-10,reinstatement,542.14,453.42
PREM002229,POL002329,COV002229,2024-02-18,2025-02-17,cancellation,1574.8,818.8
PREM002230,POL002330,COV002230,2024-09-07,2025-09-07,endorsement,440.11,339.56
PREM002231,POL002331,COV002231,2024-09-28,2025-09-28,endorsement,490.99,447.68
PREM002232,POL002332,COV002232,2026-02-16,2027-02-16,cancellation,287.73,162.69
PREM002233,POL002333,COV002233,2026-04-22,2027-04-22,reinstatement,2182.09,2072.21
PREM002234,POL002334,COV002234,2025-07-27,2026-07-27,cancellation,2083.74,1133.52
PREM002235,POL002335,COV002235,2024-08-12,2025-08-12,renewal,1586.18,1492.68
PREM002236,POL002336,COV002236,2023-02-13,2024-02-13,endorsement,2409.62,1938.49
PREM002237,POL002337,COV002237,2025-08-27,2026-08-27,audit,87.25,61.76
PREM002238,POL002338,COV002238,2026-08-21,2027-08-21,endorsement,1893.28,1075.15
PREM002239,POL002339,COV002239,2023-09-20,2024-09-19,endorsement,2556.91,1764.28
PREM002240,POL002340,COV002240,2024-11-24,2025-11-24,endorsement,1759.0,1206.18
PREM002241,POL002341,COV002241,2024-12-20,2025-12-20,reinstatement,2893.87,1815.24
PREM002242,POL002342,COV002242,2025-01-26,2026-01-26,reinstatement,539.23,407.35
PREM002243,POL002343,COV002243,2024-03-22,2025-03-22,audit,1052.18,1005.81
PREM002244,POL002344,COV002244,2025-09-29,2026-09-29,reinstatement,1687.26,1086.69
PREM002245,POL002345,COV002245,2023-05-09,2024-05-08,cancellation,1739.41,1173.27
PREM002246,POL002346,COV002246,2024-02-06,2025-02-05,cancellation,1590.71,1582.48
PREM002247,POL002347,COV002247,2023-06-27,2024-06-26,reinstatement,2924.28,2657.58
PREM002248,POL002348,COV002248,2025-09-01,2026-09-01,cancellation,2219.89,2156.25
PREM002249,POL002349,COV002249,2025-11-17,2026-11-17,renewal,2754.77,1517.62
PREM002250,POL002350,COV002250,2026-01-07,2027-01-07,new_business,1189.12,1092.71
PREM002251,POL002351,COV002251,2024-03-12,2025-03-12,audit,1129.39,566.05
PREM002252,POL002352,COV002252,2025-05-31,2026-05-31,reinstatement,2137.83,2052.25
PREM002253,POL002353,COV002253,2026-01-30,2027-01-30,reinstatement,2728.9,1974.1
PREM002254,POL002354,COV002254,2023-11-10,2024-11-09,audit,2725.01,1751.32
PREM002255,POL002355,COV002255,2025-03-24,2026-03-24,cancellation,84.74,62.22
PREM002256,POL002356,COV002256,2024-12-25,2025-12-25,audit,857.01,714.44
PREM002257,POL002357,COV002257,2026-08-07,2027-08-07,cancellation,148.19,77.38
PREM002258,POL002358,COV002258,2026-03-03,2027-03-03,audit,2584.23,2155.56
PREM002259,POL002359,COV002259,2024-04-29,2025-04-29,renewal,1594.2,919.01
PREM002260,POL002360,COV002260,2026-01-14,2027-01-14,endorsement,2250.84,2120.54
PREM002261,POL002361,COV002261,2023-03-26,2024-03-25,audit,1938.51,1559.89
PREM002262,POL002362,COV002262,2024-04-17,2025-04-17,audit,2336.97,1445.1
PREM002263,POL002363,COV002263,2026-09-11,2027-09-11,renewal,1076.57,683.16
PREM002264,POL002364,COV002264,2025-06-20,2026-06-20,renewal,133.86,77.09
PREM002265,POL002365,COV002265,2023-06-10,2024-06-09,renewal,2564.61,1315.41
PREM002266,POL002366,COV002266,2024-09-22,2025-09-22,new_business,2121.87,1648.71
PREM002267,POL002367,COV002267,2024-11-21,2025-11-21,audit,1947.08,1597.04
PREM002268,POL002368,COV002268,2023-09-06,2024-09-05,audit,2868.6,1878.79
PREM002269,POL002369,COV002269,2025-10-23,2026-10-23,audit,2289.21,2030.44
PREM002270,POL002370,COV002270,2024-03-30,2025-03-30,endorsement,1529.47,1248.37
PREM002271,POL002371,COV002271,2025-07-24,2026-07-24,cancellation,1571.45,1279.19
PREM002272,POL002372,COV002272,2025-07-17,2026-07-17,cancellation,2158.52,1446.66
PREM002273,POL002373,COV002273,2025-02-20,2026-02-20,cancellation,1350.75,1179.7
PREM002274,POL002374,COV002274,2025-01-01,2026-01-01,audit,2011.91,1038.98
PREM002275,POL002375,COV002275,2025-05-11,2026-05-11,reinstatement,2633.54,2463.12
PREM002276,POL002376,COV002276,2024-06-05,2025-06-05,cancellation,2543.74,2246.22
PREM002277,POL002377,COV002277,2024-07-11,2025-07-11,cancellation,1096.82,741.75
PREM002278,POL002378,COV002278,2025-11-20,2026-11-20,new_business,1214.28,1213.74
PREM002279,POL002379,COV002279,2023-01-11,2024-01-11,new_business,647.32,524.83
PREM002280,POL002380,COV002280,2025-09-26,2026-09-26,audit,2532.94,1919.3
PREM002281,POL002381,COV002281,2024-03-17,2025-03-17,audit,167.0,143.59
PREM002282,POL002382,COV002282,2026-04-28,2027-04-28,reinstatement,2944.62,2538.92
PREM002283,POL002383,COV002283,2025-12-30,2026-12-30,audit,2198.97,2065.92
PREM002284,POL002384,COV002284,2025-12-10,2026-12-10,cancellation,390.98,285.6
PREM002285,POL002385,COV002285,2023-01-17,2024-01-17,endorsement,108.85,69.29
PREM002286,POL002386,COV002286,2024-10-16,2025-10-16,renewal,976.16,840.26
PREM002287,POL002387,COV002287,2024-11-14,2025-11-14,audit,2369.92,2193.04
PREM002288,POL002388,COV002288,2025-04-06,2026-04-06,endorsement,611.48,339.56
PREM002289,POL002389,COV002289,2024-02-16,2025-02-15,cancellation,2618.63,2339.16
PREM002290,POL002390,COV002290,2026-03-12,2027-03-12,reinstatement,70.77,56.51
PREM002291,POL002391,COV002291,2024-01-09,2025-01-08,cancellation,1689.77,1141.48
PREM002292,POL002392,COV002292,2025-05-16,2026-05-16,new_business,2813.42,1959.03
PREM002293,POL002393,COV002293,2024-10-18,2025-10-18,endorsement,1302.54,779.32
PREM002294,POL002394,COV002294,2024-03-15,2025-03-15,reinstatement,1376.45,1022.28
PREM002295,POL002395,COV002295,2024-05-30,2025-05-30,reinstatement,488.63,351.68
PREM002296,POL002396,COV002296,2024-02-04,2025-02-03,renewal,2596.31,2288.69
PREM002297,POL002397,COV002297,2024-08-03,2025-08-03,reinstatement,1671.87,895.19
PREM002298,POL002398,COV002298,2025-10-31,2026-10-31,endorsement,2711.54,1807.0
PREM002299,POL002399,COV002299,2024-10-07,2025-10-07,audit,2711.41,2543.16
PREM002300,POL002400,COV002300,2024-03-21,2025-03-21,cancellation,292.36,161.5
PREM002301,POL002401,COV002301,2024-11-06,2025-11-06,audit,1967.03,1721.87
PREM002302,POL002402,COV002302,2024-07-26,2025-07-26,new_business,575.63,454.76
PREM002303,POL002403,COV002303,2024-03-01,2025-03-01,new_business,901.23,612.23
PREM002304,POL002404,COV002304,2025-05-01,2026-05-01,cancellation,2038.47,1066.19
PREM002305,POL002405,COV002305,2024-03-24,2025-03-24,audit,368.14,192.32
PREM002306,POL002406,COV002306,2024-09-22,2025-09-22,audit,2304.54,2050.7
PREM002307,POL002407,COV002307,2026-08-03,2027-08-03,endorsement,1841.34,958.08
PREM002308,POL002408,COV002308,2023-10-05,2024-10-04,renewal,293.85,268.9
PREM002309,POL002409,COV002309,2023-11-18,2024-11-17,cancellation,2556.28,1500.26
PREM002310,POL002410,COV002310,2024-04-28,2025-04-28,reinstatement,2560.13,2066.6
PREM002311,POL002411,COV002311,2025-09-24,2026-09-24,endorsement,520.23,482.05
PREM002312,POL002412,COV002312,2026-02-18,2027-02-18,reinstatement,2463.87,2272.18
PREM002313,POL002413,COV002313,2023-04-23,2024-04-22,audit,2575.17,2068.52
PREM002314,POL002414,COV002314,2024-05-17,2025-05-17,renewal,2054.63,1844.69
PREM002315,POL002415,COV002315,2024-02-10,2025-02-09,reinstatement,2363.77,2120.01
PREM002316,POL002416,COV002316,2023-01-23,2024-01-23,audit,1932.11,1815.71
PREM002317,POL002417,COV002317,2023-07-17,2024-07-16,reinstatement,2569.75,2173.5
PREM002318,POL002418,COV002318,2025-10-17,2026-10-17,audit,712.47,695.34
PREM002319,POL002419,COV002319,2025-10-22,2026-10-22,endorsement,672.44,397.78
PREM002320,POL002420,COV002320,2026-04-04,2027-04-04,endorsement,106.03,81.73
PREM002321,POL002421,COV002321,2026-05-17,2027-05-17,reinstatement,258.91,159.73
PREM002322,POL002422,COV002322,2026-04-21,2027-04-21,renewal,2706.34,1426.05
PREM002323,POL002423,COV002323,2023-07-17,2024-07-16,cancellation,489.77,249.9
PREM002324,POL002424,COV002324,2025-03-25,2026-03-25,new_business,804.25,617.21
PREM002325,POL002425,COV002325,2024-09-09,2025-09-09,new_business,953.39,814.21
PREM002326,POL002426,COV002326,2023-05-04,2024-05-03,new_business,1555.31,1163.91
PREM002327,POL002427,COV002327,2023-07-17,2024-07-16,endorsement,1109.28,1087.09
PREM002328,POL002428,COV002328,2023-07-14,2024-07-13,audit,1031.07,917.23
PREM002329,POL002429,COV002329,2024-08-01,2025-08-01,endorsement,2023.22,1574.81
PREM002330,POL002430,COV002330,2026-03-12,2027-03-12,renewal,832.66,583.16
PREM002331,POL002431,COV002331,2026-03-07,2027-03-07,cancellation,1127.1,656.3
PREM002332,POL002432,COV002332,2025-05-18,2026-05-18,audit,318.73,199.15
PREM002333,POL002433,COV002333,2025-10-02,2026-10-02,new_business,368.16,304.71
PREM002334,POL002434,COV002334,2026-07-16,2027-07-16,reinstatement,2940.54,1908.31
PREM002335,POL002435,COV002335,2024-12-06,2025-12-06,cancellation,1145.24,1005.38
PREM002336,POL002436,COV002336,2026-03-26,2027-03-26,endorsement,2105.38,1635.24
PREM002337,POL002437,COV002337,2023-03-07,2024-03-06,new_business,1599.95,1571.97
PREM002338,POL002438,COV002338,2023-03-02,2024-03-01,audit,432.0,265.72
PREM002339,POL002439,COV002339,2025-04-08,2026-04-08,cancellation,1874.31,1868.02
PREM002340,POL002440,COV002340,2024-03-21,2025-03-21,new_business,2745.85,1553.91
PREM002341,POL002441,COV002341,2024-08-21,2025-08-21,cancellation,1858.45,1717.08
PREM002342,POL002442,COV002342,2025-03-16,2026-03-16,reinstatement,661.27,573.42
PREM002343,POL002443,COV002343,2024-08-25,2025-08-25,reinstatement,118.97,103.87
PREM002344,POL002444,COV002344,2025-10-12,2026-10-12,cancellation,2235.69,1413.27
PREM002345,POL002445,COV002345,2023-06-27,2024-06-26,cancellation,2211.1,1151.51
PREM002346,POL002446,COV002346,2025-05-13,2026-05-13,renewal,512.56,484.69
PREM002347,POL002447,COV002347,2024-07-16,2025-07-16,cancellation,1238.63,716.15
PREM002348,POL002448,COV002348,2026-07-20,2027-07-20,reinstatement,1782.59,1302.36
PREM002349,POL002449,COV002349,2024-12-19,2025-12-19,audit,1070.31,946.78
PREM002350,POL002450,COV002350,2025-06-06,2026-06-06,new_business,862.73,848.67
PREM002351,POL002451,COV002351,2025-01-31,2026-01-31,new_business,2296.61,1430.15
PREM002352,POL002452,COV002352,2023-05-15,2024-05-14,new_business,539.71,432.71
PREM002353,POL002453,COV002353,2025-10-05,2026-10-05,new_business,1077.84,622.21
PREM002354,POL002454,COV002354,2023-01-03,2024-01-03,new_business,1824.88,967.06
PREM002355,POL002455,COV002355,2024-07-20,2025-07-20,cancellation,2367.42,1559.27
PREM002356,POL002456,COV002356,2023-01-01,2024-01-01,reinstatement,946.76,738.27
PREM002357,POL002457,COV002357,2026-07-28,2027-07-28,renewal,1095.05,700.81
PREM002358,POL002458,COV002358,2026-03-01,2027-03-01,cancellation,954.18,894.49
PREM002359,POL002459,COV002359,2026-08-15,2027-08-15,audit,1075.77,615.77
PREM002360,POL002460,COV002360,2024-07-10,2025-07-10,new_business,1184.44,600.68
PREM002361,POL002461,COV002361,2026-04-05,2027-04-05,audit,521.35,502.72
PREM002362,POL002462,COV002362,2023-02-22,2024-02-22,endorsement,1134.46,824.53
PREM002363,POL002463,COV002363,2025-10-02,2026-10-02,new_business,2459.74,2088.26
PREM002364,POL002464,COV002364,2024-03-15,2025-03-15,new_business,2954.74,1646.97
PREM002365,POL002465,COV002365,2023-02-06,2024-02-06,reinstatement,1598.12,1259.8
PREM002366,POL002466,COV002366,2025-08-01,2026-08-01,new_business,339.01,239.08
PREM002367,POL002467,COV002367,2024-09-18,2025-09-18,new_business,839.15,788.77
PREM002368,POL002468,COV002368,2024-10-07,2025-10-07,endorsement,2330.97,1458.25
PREM002369,POL002469,COV002369,2023-11-05,2024-11-04,audit,2033.61,1540.27
PREM002370,POL002470,COV002370,2024-06-02,2025-06-02,audit,1857.45,1125.26
PREM002371,POL002471,COV002371,2025-10-25,2026-10-25,new_business,2429.8,1791.16
PREM002372,POL002472,COV002372,2025-12-12,2026-12-12,new_business,1962.47,1538.6
PREM002373,POL002473,COV002373,2026-07-12,2027-07-12,endorsement,81.31,66.71
PREM002374,POL002474,COV002374,2026-05-20,2027-05-20,new_business,331.69,301.1
PREM002375,POL002475,COV002375,2024-02-05,2025-02-04,reinstatement,2031.93,1526.39
PREM002376,POL002476,COV002376,2024-03-06,2025-03-06,cancellation,2017.62,1485.86
PREM002377,POL002477,COV002377,2025-11-16,2026-11-16,cancellation,1537.88,968.48
PREM002378,POL002478,COV002378,2023-07-29,2024-07-28,cancellation,1519.5,849.65
PREM002379,POL002479,COV002379,2023-03-18,2024-03-17,new_business,2309.15,1466.92
PREM002380,POL002480,COV002380,2026-07-17,2027-07-17,cancellation,2456.39,2107.49
PREM002381,POL002481,COV002381,2025-11-23,2026-11-23,new_business,856.9,480.96
PREM002382,POL002482,COV002382,2024-08-15,2025-08-15,new_business,781.9,480.78
PREM002383,POL002483,COV002383,2023-11-12,2024-11-11,cancellation,699.8,417.73
PREM002384,POL002484,COV002384,2025-07-09,2026-07-09,reinstatement,1511.21,1168.38
PREM002385,POL002485,COV002385,2026-01-07,2027-01-07,reinstatement,1937.25,1553.37
PREM002386,POL002486,COV002386,2025-09-14,2026-09-14,cancellation,1146.39,749.84
PREM002387,POL002487,COV002387,2026-03-26,2027-03-26,renewal,1603.4,898.51
PREM002388,POL002488,COV002388,2024-04-11,2025-04-11,new_business,840.74,629.52
PREM002389,POL002489,COV002389,2025-05-19,2026-05-19,new_business,1878.95,1690.95
PREM002390,POL002490,COV002390,2024-04-27,2025-04-27,reinstatement,911.27,846.1
PREM002391,POL002491,COV002391,2025-03-08,2026-03-08,endorsement,1934.52,1385.5
PREM002392,POL002492,COV002392,2026-01-03,2027-01-03,new_business,2200.47,1226.91
PREM002393,POL002493,COV002393,2023-02-13,2024-02-13,reinstatement,2708.22,1460.49
PREM002394,POL002494,COV002394,2025-04-05,2026-04-05,reinstatement,1489.12,1218.02
PREM002395,POL002495,COV002395,2026-09-14,2027-09-14,renewal,2780.33,2756.8
PREM002396,POL002496,COV002396,2024-09-04,2025-09-04,cancellation,374.68,342.06
PREM002397,POL002497,COV002397,2023-01-17,2024-01-17,cancellation,1047.51,930.74
PREM002398,POL002498,COV002398,2024-07-02,2025-07-02,endorsement,1088.9,1087.23
PREM002399,POL002499,COV002399,2026-06-16,2027-06-16,audit,1082.36,599.63
PREM002400,POL002500,COV002400,2026-05-28,2027-05-28,reinstatement,1175.77,728.8
PREM002401,POL002501,COV002401,2024-04-25,2025-04-25,cancellation,2852.65,2568.88
PREM002402,POL002502,COV002402,2023-05-06,2024-05-05,renewal,2261.62,1771.14
PREM002403,POL002503,COV002403,2025-05-29,2026-05-29,renewal,1347.72,881.95
PREM002404,POL002504,COV002404,2024-05-10,2025-05-10,cancellation,904.53,844.46
PREM002405,POL002505,COV002405,2025-07-31,2026-07-31,reinstatement,290.3,170.04
PREM002406,POL002506,COV002406,2026-06-06,2027-06-06,renewal,2872.99,2503.68
PREM002407,POL002507,COV002407,2023-03-21,2024-03-20,audit,2394.46,2213.46
PREM002408,POL002508,COV002408,2025-02-11,2026-02-11,reinstatement,1201.53,620.4
PREM002409,POL002509,COV002409,2023-11-14,2024-11-13,audit,757.86,543.3
PREM002410,POL002510,COV002410,2025-04-04,2026-04-04,endorsement,231.07,199.8
PREM002411,POL002511,COV002411,2026-03-10,2027-03-10,reinstatement,2303.0,1646.37
PREM002412,POL002512,COV002412,2024-12-29,2025-12-29,cancellation,2789.88,2296.29
PREM002413,POL002513,COV002413,2024-09-13,2025-09-13,endorsement,2652.36,1911.17
PREM002414,POL002514,COV002414,2023-06-21,2024-06-20,audit,1252.78,630.25
PREM002415,POL002515,COV002415,2026-05-13,2027-05-13,audit,563.69,436.8
PREM002416,POL002516,COV002416,2026-04-10,2027-04-10,renewal,473.02,252.85
PREM002417,POL002517,COV002417,2025-06-10,2026-06-10,new_business,2823.47,2276.74
PREM002418,POL002518,COV002418,2025-04-22,2026-04-22,endorsement,2198.17,1865.53
PREM002419,POL002519,COV002419,2024-08-19,2025-08-19,renewal,680.37,476.25
PREM002420,POL002520,COV002420,2023-02-20,2024-02-20,renewal,1369.97,1070.1
PREM002421,POL002521,COV002421,2024-10-05,2025-10-05,renewal,592.89,410.17
PREM002422,POL002522,COV002422,2026-04-03,2027-04-03,audit,1304.61,1059.6
PREM002423,POL002523,COV002423,2023-01-16,2024-01-16,audit,236.64,197.61
PREM002424,POL002524,COV002424,2023-06-03,2024-06-02,audit,1562.38,1071.33
PREM002425,POL002525,COV002425,2023-08-07,2024-08-06,endorsement,2390.95,1598.36
PREM002426,POL002526,COV002426,2026-01-23,2027-01-23,new_business,992.07,937.71
PREM002427,POL002527,COV002427,2026-02-03,2027-02-03,audit,2595.55,2234.93
PREM002428,POL002528,COV002428,2026-01-18,2027-01-18,audit,1578.23,1236.68
PREM002429,POL002529,COV002429,2026-06-28,2027-06-28,cancellation,537.63,505.41
PREM002430,POL002530,COV002430,2024-06-03,2025-06-03,cancellation,1066.32,843.45
PREM002431,POL002531,COV002431,2025-02-18,2026-02-18,reinstatement,481.75,364.98
PREM002432,POL002532,COV002432,2025-03-14,2026-03-14,cancellation,494.35,391.24
PREM002433,POL002533,COV002433,2025-01-08,2026-01-08,audit,2431.51,1800.27
PREM002434,POL002534,COV002434,2023-04-18,2024-04-17,cancellation,1641.53,1022.16
PREM002435,POL002535,COV002435,2025-01-07,2026-01-07,endorsement,1918.09,1261.94
PREM002436,POL002536,COV002436,2026-08-11,2027-08-11,endorsement,582.34,444.44
PREM002437,POL002537,COV002437,2024-03-11,2025-03-11,renewal,2017.74,1316.67
PREM002438,POL002538,COV002438,2026-05-17,2027-05-17,cancellation,774.11,404.57
PREM002439,POL002539,COV002439,2026-04-30,2027-04-30,cancellation,1949.06,1051.66
PREM002440,POL002540,COV002440,2026-03-06,2027-03-06,renewal,1197.94,987.36
PREM002441,POL002541,COV002441,2023-02-25,2024-02-25,endorsement,2343.61,1871.0
PREM002442,POL002542,COV002442,2024-09-23,2025-09-23,renewal,2278.0,2222.65
PREM002443,POL002543,COV002443,2026-04-04,2027-04-04,renewal,1504.23,1159.11
PREM002444,POL002544,COV002444,2025-07-10,2026-07-10,endorsement,880.25,657.03
PREM002445,POL002545,COV002445,2023-01-16,2024-01-16,new_business,2229.02,2221.78
PREM002446,POL002546,COV002446,2024-05-26,2025-05-26,cancellation,504.5,346.03
PREM002447,POL002547,COV002447,2024-01-06,2025-01-05,renewal,2295.29,1409.33
PREM002448,POL002548,COV002448,2025-04-06,2026-04-06,audit,1502.65,1088.16
PREM002449,POL002549,COV002449,2026-09-10,2027-09-10,endorsement,2698.66,2471.26
PREM002450,POL002550,COV002450,2026-02-13,2027-02-13,audit,1088.95,791.25
PREM002451,POL002551,COV002451,2024-11-01,2025-11-01,cancellation,555.92,497.92
PREM002452,POL002552,COV002452,2024-10-05,2025-10-05,renewal,140.56,110.34
PREM002453,POL002553,COV002453,2023-08-07,2024-08-06,renewal,2915.63,1481.1
PREM002454,POL002554,COV002454,2024-07-14,2025-07-14,endorsement,350.2,243.49
PREM002455,POL002555,COV002455,2024-12-12,2025-12-12,cancellation,1595.14,1346.62
PREM002456,POL002556,COV002456,2023-07-09,2024-07-08,new_business,1868.3,1161.63
PREM002457,POL002557,COV002457,2023-01-08,2024-01-08,renewal,840.23,598.2
PREM002458,POL002558,COV002458,2025-03-21,2026-03-21,reinstatement,2771.08,2733.04
PREM002459,POL002559,COV002459,2024-11-12,2025-11-12,renewal,1849.36,1083.01
PREM002460,POL002560,COV002460,2025-01-08,2026-01-08,cancellation,1832.96,1332.51
PREM002461,POL002561,COV002461,2024-04-13,2025-04-13,cancellation,2840.49,1661.92
PREM002462,POL002562,COV002462,2024-01-06,2025-01-05,endorsement,2861.04,2069.89
PREM002463,POL002563,COV002463,2026-06-11,2027-06-11,cancellation,671.8,446.29
PREM002464,POL002564,COV002464,2023-11-25,2024-11-24,new_business,71.68,54.08
PREM002465,POL002565,COV002465,2026-09-12,2027-09-12,endorsement,238.65,199.47
PREM002466,POL002566,COV002466,2024-02-13,2025-02-12,audit,1275.64,846.19
PREM002467,POL002567,COV002467,2025-06-28,2026-06-28,audit,1536.5,1440.32
PREM002468,POL002568,COV002468,2024-08-31,2025-08-31,new_business,1215.57,805.42
PREM002469,POL002569,COV002469,2026-06-24,2027-06-24,renewal,996.25,784.37
PREM002470,POL002570,COV002470,2025-04-14,2026-04-14,new_business,1091.59,779.85
PREM002471,POL002571,COV002471,2025-12-06,2026-12-06,reinstatement,2604.67,2004.87
PREM002472,POL002572,COV002472,2024-10-05,2025-10-05,audit,773.5,440.19
PREM002473,POL002573,COV002473,2025-07-04,2026-07-04,audit,1033.01,928.45
PREM002474,POL002574,COV002474,2026-07-11,2027-07-11,new_business,670.2,616.09
PREM002475,POL002575,COV002475,2026-04-22,2027-04-22,audit,406.12,275.27
PREM002476,POL002576,COV002476,2024-08-15,2025-08-15,new_business,2776.79,2303.29
PREM002477,POL002577,COV002477,2024-10-09,2025-10-09,cancellation,2734.32,2446.31
PREM002478,POL002578,COV002478,2025-01-25,2026-01-25,renewal,475.01,458.22
PREM002479,POL002579,COV002479,2024-05-29,2025-05-29,endorsement,250.0,172.14
PREM002480,POL002580,COV002480,2023-04-09,2024-04-08,reinstatement,911.7,736.22
PREM002481,POL002581,COV002481,2024-10-28,2025-10-28,endorsement,1287.39,1084.89
PREM002482,POL002582,COV002482,2023-02-11,2024-02-11,cancellation,2489.13,2400.85
PREM002483,POL002583,COV002483,2023-08-12,2024-08-11,renewal,2247.01,1912.4
PREM002484,POL002584,COV002484,2024-04-11,2025-04-11,renewal,917.62,610.95
PREM002485,POL002585,COV002485,2026-06-21,2027-06-21,new_business,758.4,405.69
PREM002486,POL002586,COV002486,2023-02-01,2024-02-01,endorsement,1317.51,1234.41
PREM002487,POL002587,COV002487,2023-07-29,2024-07-28,new_business,2266.87,1302.03
PREM002488,POL002588,COV002488,2025-01-04,2026-01-04,reinstatement,2040.47,1301.64
PREM002489,POL002589,COV002489,2024-03-11,2025-03-11,audit,73.23,64.19
PREM002490,POL002590,COV002490,2025-03-18,2026-03-18,new_business,865.22,713.72
PREM002491,POL002591,COV002491,2024-06-10,2025-06-10,endorsement,1265.65,965.62
PREM002492,POL002592,COV002492,2024-09-28,2025-09-28,endorsement,363.79,239.82
PREM002493,POL002593,COV002493,2026-05-02,2027-05-02,renewal,2445.03,1946.77
PREM002494,POL002594,COV002494,2024-07-18,2025-07-18,cancellation,1104.05,700.95
PREM002495,POL002595,COV002495,2023-01-06,2024-01-06,cancellation,98.92,93.32
PREM002496,POL002596,COV002496,2025-11-17,2026-11-17,renewal,2561.42,1400.14
PREM002497,POL002597,COV002497,2025-02-12,2026-02-12,audit,1331.28,903.6
PREM002498,POL002598,COV002498,2024-02-28,2025-02-27,renewal,1485.75,1293.36
PREM002499,POL002599,COV002499,2024-03-01,2025-03-01,reinstatement,1780.15,1674.29
PREM002500,POL002600,COV002500,2024-06-17,2025-06-17,new_business,2990.37,1965.04
PREM002501,POL002601,COV002501,2026-09-07,2027-09-07,renewal,2753.45,1512.87
PREM002502,POL002602,COV002502,2024-12-05,2025-12-05,endorsement,1908.89,1857.47
PREM002503,POL002603,COV002503,2023-07-17,2024-07-16,reinstatement,1729.65,1090.19
PREM002504,POL002604,COV002504,2023-10-25,2024-10-24,reinstatement,607.13,521.42
PREM002505,POL002605,COV002505,2026-06-28,2027-06-28,reinstatement,1040.01,886.82
PREM002506,POL002606,COV002506,2023-07-03,2024-07-02,audit,2719.74,2398.92
PREM002507,POL002607,COV002507,2023-05-22,2024-05-21,audit,2331.1,1622.89
PREM002508,POL002608,COV002508,2024-09-27,2025-09-27,renewal,199.38,152.76
PREM002509,POL002609,COV002509,2025-05-26,2026-05-26,reinstatement,1061.35,769.74
PREM002510,POL002610,COV002510,2023-12-09,2024-12-08,cancellation,2339.58,2303.81
PREM002511,POL002611,COV002511,2024-01-20,2025-01-19,new_business,689.24,472.08
PREM002512,POL002612,COV002512,2026-03-03,2027-03-03,new_business,418.08,385.71
PREM002513,POL002613,COV002513,2024-10-21,2025-10-21,cancellation,1861.85,1824.21
PREM002514,POL002614,COV002514,2025-01-20,2026-01-20,audit,288.51,246.88
PREM002515,POL002615,COV002515,2024-11-13,2025-11-13,audit,1424.21,969.05
PREM002516,POL002616,COV002516,2025-05-17,2026-05-17,renewal,2828.26,1450.33
PREM002517,POL002617,COV002517,2023-06-10,2024-06-09,reinstatement,1019.43,622.17
PREM002518,POL002618,COV002518,2024-03-06,2025-03-06,new_business,1601.49,1148.49
PREM002519,POL002619,COV002519,2025-11-13,2026-11-13,cancellation,965.03,608.73
PREM002520,POL002620,COV002520,2024-08-13,2025-08-13,endorsement,2441.74,2025.94
PREM002521,POL002621,COV002521,2025-12-01,2026-12-01,audit,2642.67,1959.87
PREM002522,POL002622,COV002522,2024-08-09,2025-08-09,cancellation,114.11,91.09
PREM002523,POL002623,COV002523,2024-11-26,2025-11-26,renewal,305.25,245.28
PREM002524,POL002624,COV002524,2024-08-09,2025-08-09,endorsement,2868.29,1889.1
PREM002525,POL002625,COV002525,2025-12-26,2026-12-26,endorsement,1176.04,900.57
PREM002526,POL002626,COV002526,2025-01-03,2026-01-03,audit,825.98,657.25
PREM002527,POL002627,COV002527,2023-04-06,2024-04-05,reinstatement,2565.26,2154.27
PREM002528,POL002628,COV002528,2023-11-29,2024-11-28,cancellation,339.71,251.69
PREM002529,POL002629,COV002529,2025-01-14,2026-01-14,renewal,891.97,481.38
PREM002530,POL002630,COV002530,2024-04-04,2025-04-04,renewal,2421.37,1232.32
PREM002531,POL002631,COV002531,2023-09-17,2024-09-16,reinstatement,2690.36,2635.88
PREM002532,POL002632,COV002532,2023-09-19,2024-09-18,reinstatement,707.53,503.69
PREM002533,POL002633,COV002533,2026-08-16,2027-08-16,endorsement,2813.64,2498.18
PREM002534,POL002634,COV002534,2025-06-21,2026-06-21,reinstatement,348.87,302.73
PREM002535,POL002635,COV002535,2026-08-01,2027-08-01,new_business,1930.14,1585.0
PREM002536,POL002636,COV002536,2024-01-17,2025-01-16,reinstatement,798.66,539.93
PREM002537,POL002637,COV002537,2024-12-28,2025-12-28,new_business,2369.17,1473.93
PREM002538,POL002638,COV002538,2025-03-03,2026-03-03,cancellation,1033.7,786.2
PREM002539,POL002639,COV002539,2026-03-08,2027-03-08,new_business,1686.26,1205.75
PREM002540,POL002640,COV002540,2024-08-23,2025-08-23,reinstatement,2775.31,1768.18
PREM002541,POL002641,COV002541,2025-06-14,2026-06-14,reinstatement,2390.12,1804.3
PREM002542,POL002642,COV002542,2024-03-16,2025-03-16,audit,2198.12,1144.53
PREM002543,POL002643,COV002543,2026-06-28,2027-06-28,audit,891.87,689.41
PREM002544,POL002644,COV002544,2025-02-03,2026-02-03,new_business,2514.73,2319.33
PREM002545,POL002645,COV002545,2026-03-16,2027-03-16,audit,679.76,513.43
PREM002546,POL002646,COV002546,2023-09-10,2024-09-09,reinstatement,1391.96,1017.5
PREM002547,POL002647,COV002547,2023-08-30,2024-08-29,reinstatement,129.65,91.92
PREM002548,POL002648,COV002548,2024-08-15,2025-08-15,reinstatement,1983.71,1024.61
PREM002549,POL002649,COV002549,2025-03-22,2026-03-22,renewal,695.05,603.5
PREM002550,POL002650,COV002550,2025-08-27,2026-08-27,renewal,628.82,564.71
PREM002551,POL002651,COV002551,2025-04-16,2026-04-16,new_business,2857.97,2542.28
PREM002552,POL002652,COV002552,2024-07-04,2025-07-04,reinstatement,1341.56,1026.95
PREM002553,POL002653,COV002553,2025-04-09,2026-04-09,audit,2595.0,1453.49
PREM002554,POL002654,COV002554,2024-02-28,2025-02-27,reinstatement,1750.81,1361.77
PREM002555,POL002655,COV002555,2023-06-10,2024-06-09,endorsement,1585.22,914.09
PREM002556,POL002656,COV002556,2024-02-24,2025-02-23,renewal,403.8,358.35
PREM002557,POL002657,COV002557,2026-02-15,2027-02-15,new_business,1471.63,1006.53
PREM002558,POL002658,COV002558,2026-06-02,2027-06-02,renewal,308.03,209.06
PREM002559,POL002659,COV002559,2024-06-07,2025-06-07,endorsement,200.62,189.81
PREM002560,POL002660,COV002560,2024-11-13,2025-11-13,endorsement,583.17,369.33
PREM002561,POL002661,COV002561,2025-05-18,2026-05-18,reinstatement,492.24,375.98
PREM002562,POL002662,COV002562,2023-04-02,2024-04-01,reinstatement,1572.48,1483.01
PREM002563,POL002663,COV002563,2023-09-12,2024-09-11,new_business,922.32,761.28
PREM002564,POL002664,COV002564,2023-05-03,2024-05-02,audit,188.71,152.71
PREM002565,POL002665,COV002565,2025-09-08,2026-09-08,cancellation,322.97,242.58
PREM002566,POL002666,COV002566,2025-04-29,2026-04-29,reinstatement,988.6,615.13
PREM002567,POL002667,COV002567,2023-10-05,2024-10-04,cancellation,418.1,395.98
PREM002568,POL002668,COV002568,2024-08-07,2025-08-07,renewal,1367.83,720.35
PREM002569,POL002669,COV002569,2023-02-23,2024-02-23,cancellation,586.34,371.01
PREM002570,POL002670,COV002570,2024-04-30,2025-04-30,endorsement,1940.78,1590.22
PREM002571,POL002671,COV002571,2024-01-16,2025-01-15,audit,1320.66,1186.65
PREM002572,POL002672,COV002572,2023-07-20,2024-07-19,reinstatement,2241.47,1165.75
PREM002573,POL002673,COV002573,2025-02-25,2026-02-25,cancellation,908.05,464.35
PREM002574,POL002674,COV002574,2025-09-26,2026-09-26,audit,2791.13,2006.93
PREM002575,POL002675,COV002575,2023-02-01,2024-02-01,cancellation,2295.78,1195.42
PREM002576,POL002676,COV002576,2024-10-13,2025-10-13,reinstatement,2498.39,2313.91
PREM002577,POL002677,COV002577,2025-06-19,2026-06-19,reinstatement,908.2,459.93
PREM002578,POL002678,COV002578,2025-08-28,2026-08-28,audit,88.16,67.27
PREM002579,POL002679,COV002579,2025-09-07,2026-09-07,reinstatement,2253.2,1905.92
PREM002580,POL002680,COV002580,2023-06-26,2024-06-25,endorsement,1732.44,947.69
PREM002581,POL002681,COV002581,2024-04-10,2025-04-10,audit,1222.79,771.49
PREM002582,POL002682,COV002582,2026-03-24,2027-03-24,reinstatement,787.9,736.11
PREM002583,POL002683,COV002583,2024-01-26,2025-01-25,new_business,2853.21,2281.99
PREM002584,POL002684,COV002584,2026-05-03,2027-05-03,endorsement,1748.66,1101.29
PREM002585,POL002685,COV002585,2024-09-08,2025-09-08,new_business,212.38,175.29
PREM002586,POL002686,COV002586,2024-09-11,2025-09-11,endorsement,1493.13,780.23
PREM002587,POL002687,COV002587,2026-08-30,2027-08-30,renewal,1024.5,654.05
PREM002588,POL002688,COV002588,2026-08-04,2027-08-04,audit,462.17,456.04
PREM002589,POL002689,COV002589,2024-09-18,2025-09-18,reinstatement,2863.61,2265.57
PREM002590,POL002690,COV002590,2024-01-12,2025-01-11,new_business,2483.61,2003.98
PREM002591,POL002691,COV002591,2024-09-24,2025-09-24,cancellation,1414.84,731.18
PREM002592,POL002692,COV002592,2026-06-08,2027-06-08,audit,572.7,433.81
PREM002593,POL002693,COV002593,2025-07-23,2026-07-23,renewal,709.87,654.78
PREM002594,POL002694,COV002594,2023-09-02,2024-09-01,reinstatement,1587.27,884.35
PREM002595,POL002695,COV002595,2025-06-06,2026-06-06,reinstatement,2565.71,1993.54
PREM002596,POL002696,COV002596,2023-03-25,2024-03-24,renewal,1490.51,1349.31
PREM002597,POL002697,COV002597,2025-07-15,2026-07-15,cancellation,2546.84,2439.37
PREM002598,POL002698,COV002598,2026-07-23,2027-07-23,endorsement,258.65,207.55
PREM002599,POL002699,COV002599,2023-07-29,2024-07-28,cancellation,2807.35,2175.1
PREM002600,POL002700,COV002600,2024-02-16,2025-02-15,new_business,2196.8,1551.06
PREM002601,POL002701,COV002601,2023-06-01,2024-05-31,endorsement,1630.72,1537.4
PREM002602,POL002702,COV002602,2024-08-06,2025-08-06,cancellation,635.72,632.36
PREM002603,POL002703,COV002603,2025-09-07,2026-09-07,reinstatement,2048.37,1411.84
PREM002604,POL002704,COV002604,2025-11-18,2026-11-18,endorsement,626.64,620.17
PREM002605,POL002705,COV002605,2024-02-27,2025-02-26,reinstatement,1364.8,925.63
PREM002606,POL002706,COV002606,2026-01-31,2027-01-31,renewal,2322.19,1673.1
PREM002607,POL002707,COV002607,2025-05-04,2026-05-04,endorsement,2224.44,1638.99
PREM002608,POL002708,COV002608,2024-08-30,2025-08-30,cancellation,2284.17,1807.28
PREM002609,POL002709,COV002609,2024-09-23,2025-09-23,new_business,1187.48,1067.99
PREM002610,POL002710,COV002610,2023-03-27,2024-03-26,renewal,1134.42,901.44
PREM002611,POL002711,COV002611,2023-11-04,2024-11-03,endorsement,168.5,152.21
PREM002612,POL002712,COV002612,2025-10-24,2026-10-24,renewal,904.0,509.79
PREM002613,POL002713,COV002613,2023-06-23,2024-06-22,new_business,2853.13,1790.08
PREM002614,POL002714,COV002614,2026-06-25,2027-06-25,endorsement,2519.15,2190.1
PREM002615,POL002715,COV002615,2023-04-05,2024-04-04,endorsement,58.7,46.46
PREM002616,POL002716,COV002616,2023-01-31,2024-01-31,renewal,2894.54,2461.81
PREM002617,POL002717,COV002617,2023-05-26,2024-05-25,new_business,1628.29,1458.94
PREM002618,POL002718,COV002618,2023-10-12,2024-10-11,audit,1197.03,1059.47
PREM002619,POL002719,COV002619,2024-11-07,2025-11-07,renewal,2184.07,1881.21
PREM002620,POL002720,COV002620,2023-11-12,2024-11-11,reinstatement,544.99,309.63
PREM002621,POL002721,COV002621,2024-02-24,2025-02-23,cancellation,1950.72,1734.71
PREM002622,POL002722,COV002622,2026-06-18,2027-06-18,endorsement,2880.9,1811.72
PREM002623,POL002723,COV002623,2026-07-07,2027-07-07,cancellation,1550.04,1119.98
PREM002624,POL002724,COV002624,2026-01-13,2027-01-13,new_business,819.82,530.47
PREM002625,POL002725,COV002625,2025-03-09,2026-03-09,new_business,2456.17,2429.51
PREM002626,POL002726,COV002626,2026-07-24,2027-07-24,audit,1833.77,1647.78
PREM002627,POL002727,COV002627,2025-04-15,2026-04-15,cancellation,2027.08,1298.99
PREM002628,POL002728,COV002628,2025-02-10,2026-02-10,new_business,1069.74,907.95
PREM002629,POL002729,COV002629,2025-02-21,2026-02-21,endorsement,1872.09,1806.27
PREM002630,POL002730,COV002630,2026-03-05,2027-03-05,cancellation,628.21,618.23
PREM002631,POL002731,COV002631,2023-12-21,2024-12-20,endorsement,2980.11,2652.18
PREM002632,POL002732,COV002632,2023-01-10,2024-01-10,cancellation,2165.46,1735.5
PREM002633,POL002733,COV002633,2024-08-16,2025-08-16,endorsement,812.07,473.28
PREM002634,POL002734,COV002634,2025-06-16,2026-06-16,cancellation,1814.36,1428.09
PREM002635,POL002735,COV002635,2023-01-03,2024-01-03,endorsement,2986.86,2217.0
PREM002636,POL002736,COV002636,2024-08-02,2025-08-02,new_business,1181.92,1038.65
PREM002637,POL002737,COV002637,2026-02-17,2027-02-17,endorsement,1613.38,1509.65
PREM002638,POL002738,COV002638,2024-06-24,2025-06-24,new_business,2669.45,2620.17
PREM002639,POL002739,COV002639,2025-02-12,2026-02-12,reinstatement,1830.44,1629.13
PREM002640,POL002740,COV002640,2025-11-30,2026-11-30,renewal,742.42,647.72
PREM002641,POL002741,COV002641,2026-08-27,2027-08-27,reinstatement,445.9,304.28
PREM002642,POL002742,COV002642,2023-01-29,2024-01-29,new_business,1075.04,997.75
PREM002643,POL002743,COV002643,2024-05-12,2025-05-12,audit,2795.61,1595.93
PREM002644,POL002744,COV002644,2023-09-08,2024-09-07,endorsement,1726.56,1580.76
PREM002645,POL002745,COV002645,2024-12-17,2025-12-17,audit,189.56,170.44
PREM002646,POL002746,COV002646,2023-08-31,2024-08-30,cancellation,1201.49,741.39
PREM002647,POL002747,COV002647,2024-07-16,2025-07-16,cancellation,153.33,106.54
PREM002648,POL002748,COV002648,2023-05-01,2024-04-30,reinstatement,1328.28,858.65
PREM002649,POL002749,COV002649,2026-08-21,2027-08-21,renewal,2092.52,1819.34
PREM002650,POL002750,COV002650,2023-07-21,2024-07-20,endorsement,1969.31,1757.86
PREM002651,POL002751,COV002651,2023-07-12,2024-07-11,audit,2894.42,1781.54
PREM002652,POL002752,COV002652,2026-07-22,2027-07-22,audit,415.17,267.05
PREM002653,POL002753,COV002653,2023-07-19,2024-07-18,audit,1747.57,1142.3
PREM002654,POL002754,COV002654,2024-11-20,2025-11-20,reinstatement,133.94,71.06
PREM002655,POL002755,COV002655,2023-10-20,2024-10-19,new_business,1585.88,1539.09
PREM002656,POL002756,COV002656,2026-07-20,2027-07-20,new_business,2094.36,2052.39
PREM002657,POL002757,COV002657,2025-07-30,2026-07-30,cancellation,738.61,619.84
PREM002658,POL002758,COV002658,2024-04-15,2025-04-15,audit,1817.68,1477.84
PREM002659,POL002759,COV002659,2023-01-26,2024-01-26,reinstatement,2200.07,1283.87
PREM002660,POL002760,COV002660,2023-03-04,2024-03-03,audit,396.89,282.88
PREM002661,POL002761,COV002661,2023-06-11,2024-06-10,cancellation,2365.41,2273.14
PREM002662,POL002762,COV002662,2024-09-08,2025-09-08,renewal,665.09,545.19
PREM002663,POL002763,COV002663,2026-03-07,2027-03-07,new_business,2165.27,1194.45
PREM002664,POL002764,COV002664,2024-03-28,2025-03-28,cancellation,481.94,273.34
PREM002665,POL002765,COV002665,2025-05-09,2026-05-09,endorsement,1031.43,809.91
PREM002666,POL002766,COV002666,2024-06-13,2025-06-13,audit,506.37,381.46
PREM002667,POL002767,COV002667,2023-03-31,2024-03-30,cancellation,1669.5,888.68
PREM002668,POL002768,COV002668,2023-01-09,2024-01-09,new_business,974.06,576.63
PREM002669,POL002769,COV002669,2024-07-02,2025-07-02,reinstatement,1541.71,1224.83
PREM002670,POL002770,COV002670,2026-08-05,2027-08-05,cancellation,160.14,133.75
PREM002671,POL002771,COV002671,2025-12-07,2026-12-07,reinstatement,1051.2,797.2
PREM002672,POL002772,COV002672,2025-03-16,2026-03-16,reinstatement,2806.15,1698.71
PREM002673,POL002773,COV002673,2023-04-25,2024-04-24,renewal,2589.13,2531.74
PREM002674,POL002774,COV002674,2025-08-02,2026-08-02,endorsement,2809.85,1935.65
PREM002675,POL002775,COV002675,2026-08-24,2027-08-24,endorsement,290.01,279.66
PREM002676,POL002776,COV002676,2023-01-16,2024-01-16,cancellation,1717.66,1411.43
PREM002677,POL002777,COV002677,2025-09-04,2026-09-04,new_business,329.32,234.08
PREM002678,POL002778,COV002678,2023-02-28,2024-02-28,reinstatement,1566.43,1521.3
PREM002679,POL002779,COV002679,2025-02-08,2026-02-08,renewal,860.18,837.6
PREM002680,POL002780,COV002680,2026-02-10,2027-02-10,reinstatement,912.68,806.07
PREM002681,POL002781,COV002681,2026-09-03,2027-09-03,cancellation,252.02,189.56
PREM002682,POL002782,COV002682,2023-06-30,2024-06-29,reinstatement,588.04,328.36
PREM002683,POL002783,COV002683,2025-02-25,2026-02-25,endorsement,1775.7,1039.33
PREM002684,POL002784,COV002684,2025-03-09,2026-03-09,renewal,853.58,554.97
PREM002685,POL002785,COV002685,2023-09-01,2024-08-31,renewal,1302.16,665.99
PREM002686,POL002786,COV002686,2023-02-06,2024-02-06,endorsement,317.64,295.16
PREM002687,POL002787,COV002687,2026-03-12,2027-03-12,endorsement,1548.43,1430.72
PREM002688,POL002788,COV002688,2024-11-25,2025-11-25,reinstatement,2249.04,1534.95
PREM002689,POL002789,COV002689,2024-05-01,2025-05-01,renewal,741.2,390.57
PREM002690,POL002790,COV002690,2025-05-05,2026-05-05,new_business,1296.35,827.69
PREM002691,POL002791,COV002691,2023-01-21,2024-01-21,renewal,2269.74,1610.63
PREM002692,POL002792,COV002692,2026-05-19,2027-05-19,reinstatement,694.34,403.24
PREM002693,POL002793,COV002693,2023-01-07,2024-01-07,endorsement,158.11,79.98
PREM002694,POL002794,COV002694,2024-03-20,2025-03-20,reinstatement,2537.4,1346.65
PREM002695,POL002795,COV002695,2025-05-10,2026-05-10,reinstatement,1313.11,1291.32
PREM002696,POL002796,COV002696,2023-08-06,2024-08-05,endorsement,2392.35,1472.64
PREM002697,POL002797,COV002697,2023-01-01,2024-01-01,reinstatement,2513.98,1917.56
PREM002698,POL002798,COV002698,2026-05-09,2027-05-09,new_business,1294.66,1038.77
PREM002699,POL002799,COV002699,2026-05-17,2027-05-17,reinstatement,867.81,781.46
PREM002700,POL002800,COV002700,2026-05-03,2027-05-03,audit,2355.58,1686.54
PREM002701,POL002801,COV002701,2025-05-10,2026-05-10,renewal,1726.98,1177.65
PREM002702,POL002802,COV002702,2025-04-16,2026-04-16,cancellation,1591.16,1363.96
PREM002703,POL002803,COV002703,2025-08-30,2026-08-30,renewal,410.44,409.64
PREM002704,POL002804,COV002704,2026-05-09,2027-05-09,new_business,2647.95,2587.85
PREM002705,POL002805,COV002705,2026-06-29,2027-06-29,renewal,1956.54,1714.73
PREM002706,POL002806,COV002706,2026-01-19,2027-01-19,audit,751.84,644.78
PREM002707,POL002807,COV002707,2023-12-02,2024-12-01,renewal,1810.95,1241.47
PREM002708,POL002808,COV002708,2025-08-25,2026-08-25,reinstatement,268.87,157.71
PREM002709,POL002809,COV002709,2024-08-27,2025-08-27,new_business,1994.95,1919.83
PREM002710,POL002810,COV002710,2025-02-28,2026-02-28,cancellation,2692.33,2475.5
PREM002711,POL002811,COV002711,2023-08-20,2024-08-19,new_business,713.38,473.19
PREM002712,POL002812,COV002712,2023-06-15,2024-06-14,new_business,2178.47,1927.16
PREM002713,POL002813,COV002713,2026-09-06,2027-09-06,reinstatement,2905.43,1666.91
PREM002714,POL002814,COV002714,2023-06-03,2024-06-02,renewal,2839.33,2352.62
PREM002715,POL002815,COV002715,2025-08-30,2026-08-30,cancellation,2670.5,1783.6
PREM002716,POL002816,COV002716,2024-01-14,2025-01-13,endorsement,508.28,465.3
PREM002717,POL002817,COV002717,2025-10-24,2026-10-24,new_business,774.49,528.63
PREM002718,POL002818,COV002718,2024-09-26,2025-09-26,cancellation,287.66,180.84
PREM002719,POL002819,COV002719,2024-01-01,2024-12-31,endorsement,2211.75,1920.44
PREM002720,POL002820,COV002720,2026-05-16,2027-05-16,renewal,2036.99,1904.83
PREM002721,POL002821,COV002721,2024-01-21,2025-01-20,reinstatement,1574.49,1358.54
PREM002722,POL002822,COV002722,2023-06-05,2024-06-04,cancellation,196.23,133.0
PREM002723,POL002823,COV002723,2025-05-08,2026-05-08,audit,1514.1,1144.8
PREM002724,POL002824,COV002724,2023-03-23,2024-03-22,reinstatement,2808.84,2359.9
PREM002725,POL002825,COV002725,2025-03-25,2026-03-25,reinstatement,1688.13,1654.52
PREM002726,POL002826,COV002726,2025-12-14,2026-12-14,reinstatement,2636.55,1421.01
PREM002727,POL002827,COV002727,2024-12-04,2025-12-04,new_business,1980.82,1007.63
PREM002728,POL002828,COV002728,2023-05-31,2024-05-30,audit,2422.68,2380.15
PREM002729,POL002829,COV002729,2025-07-08,2026-07-08,renewal,1698.81,1494.43
PREM002730,POL002830,COV002730,2023-02-14,2024-02-14,endorsement,778.66,721.59
PREM002731,POL002831,COV002731,2024-03-10,2025-03-10,new_business,1650.58,1582.51
PREM002732,POL002832,COV002732,2024-04-09,2025-04-09,reinstatement,133.19,93.79
PREM002733,POL002833,COV002733,2025-07-23,2026-07-23,reinstatement,2944.49,2791.68
PREM002734,POL002834,COV002734,2024-01-31,2025-01-30,endorsement,564.44,413.45
PREM002735,POL002835,COV002735,2025-01-18,2026-01-18,endorsement,2936.24,1841.41
PREM002736,POL002836,COV002736,2025-03-05,2026-03-05,reinstatement,392.58,293.59
PREM002737,POL002837,COV002737,2024-08-24,2025-08-24,cancellation,1572.87,1360.11
PREM002738,POL002838,COV002738,2026-02-01,2027-02-01,audit,2013.07,1701.55
PREM002739,POL002839,COV002739,2024-08-08,2025-08-08,new_business,1741.15,1358.23
PREM002740,POL002840,COV002740,2025-03-18,2026-03-18,reinstatement,1850.84,1612.64
PREM002741,POL002841,COV002741,2023-10-09,2024-10-08,renewal,841.81,611.36
PREM002742,POL002842,COV002742,2026-08-29,2027-08-29,reinstatement,2691.24,1629.65
PREM002743,POL002843,COV002743,2023-10-23,2024-10-22,audit,2767.51,2032.64
PREM002744,POL002844,COV002744,2023-06-27,2024-06-26,renewal,1368.64,1223.89
PREM002745,POL002845,COV002745,2023-05-20,2024-05-19,audit,1998.35,1994.63
PREM002746,POL002846,COV002746,2025-06-30,2026-06-30,endorsement,1319.64,730.68
PREM002747,POL002847,COV002747,2024-01-31,2025-01-30,new_business,158.83,107.49
PREM002748,POL002848,COV002748,2026-03-10,2027-03-10,cancellation,1020.99,610.36
PREM002749,POL002849,COV002749,2025-02-21,2026-02-21,renewal,2831.89,1459.58
PREM002750,POL002850,COV002750,2024-11-07,2025-11-07,new_business,387.44,365.82
PREM002751,POL002851,COV002751,2024-08-29,2025-08-29,new_business,1116.02,695.84
PREM002752,POL002852,COV002752,2025-04-13,2026-04-13,renewal,2302.31,2276.39
PREM002753,POL002853,COV002753,2024-12-09,2025-12-09,audit,172.71,152.15
PREM002754,POL002854,COV002754,2025-12-03,2026-12-03,reinstatement,1701.17,1492.13
PREM002755,POL002855,COV002755,2025-12-24,2026-12-24,renewal,534.76,413.35
PREM002756,POL002856,COV002756,2026-08-01,2027-08-01,reinstatement,478.19,390.53
PREM002757,POL002857,COV002757,2024-12-17,2025-12-17,endorsement,82.41,55.66
PREM002758,POL002858,COV002758,2024-11-16,2025-11-16,endorsement,543.15,480.46
PREM002759,POL002859,COV002759,2023-10-01,2024-09-30,renewal,1810.65,1692.78
PREM002760,POL002860,COV002760,2026-09-09,2027-09-09,renewal,350.85,226.42
PREM002761,POL002861,COV002761,2024-10-11,2025-10-11,renewal,1954.74,1404.91
PREM002762,POL002862,COV002762,2023-11-22,2024-11-21,renewal,1342.21,937.38
PREM002763,POL002863,COV002763,2023-06-15,2024-06-14,renewal,178.91,136.09
PREM002764,POL002864,COV002764,2023-04-16,2024-04-15,renewal,800.86,790.04
PREM002765,POL002865,COV002765,2025-01-07,2026-01-07,new_business,1861.47,1525.81
PREM002766,POL002866,COV002766,2024-01-05,2025-01-04,new_business,2172.96,1325.09
PREM002767,POL002867,COV002767,2024-05-08,2025-05-08,endorsement,1376.57,854.83
PREM002768,POL002868,COV002768,2025-11-16,2026-11-16,renewal,1806.77,1452.16
PREM002769,POL002869,COV002769,2025-10-15,2026-10-15,endorsement,2205.84,1823.26
PREM002770,POL002870,COV002770,2024-11-16,2025-11-16,renewal,1832.08,1417.04
PREM002771,POL002871,COV002771,2026-07-04,2027-07-04,audit,2170.94,1764.2
PREM002772,POL002872,COV002772,2024-12-13,2025-12-13,endorsement,2351.58,1730.69
PREM002773,POL002873,COV002773,2026-03-20,2027-03-20,endorsement,1175.54,699.79
PREM002774,POL002874,COV002774,2023-10-29,2024-10-28,cancellation,628.44,420.89
PREM002775,POL002875,COV002775,2026-03-05,2027-03-05,endorsement,756.49,531.81
PREM002776,POL002876,COV002776,2024-09-07,2025-09-07,endorsement,1568.75,1277.84
PREM002777,POL002877,COV002777,2023-10-14,2024-10-13,new_business,1747.03,1694.66
PREM002778,POL002878,COV002778,2026-04-14,2027-04-14,renewal,2631.91,1522.3
PREM002779,POL002879,COV002779,2023-10-21,2024-10-20,audit,1299.64,1163.53
PREM002780,POL002880,COV002780,2023-07-17,2024-07-16,new_business,2991.85,1584.21
PREM002781,POL002881,COV002781,2024-07-25,2025-07-25,endorsement,2063.29,1531.17
PREM002782,POL002882,COV002782,2023-12-05,2024-12-04,endorsement,1312.59,1221.83
PREM002783,POL002883,COV002783,2025-10-17,2026-10-17,renewal,817.77,683.99
PREM002784,POL002884,COV002784,2023-11-21,2024-11-20,reinstatement,688.5,570.58
PREM002785,POL002885,COV002785,2025-08-08,2026-08-08,new_business,2774.29,2160.89
PREM002786,POL002886,COV002786,2025-12-25,2026-12-25,audit,1538.92,1498.92
PREM002787,POL002887,COV002787,2023-05-07,2024-05-06,reinstatement,632.41,562.78
PREM002788,POL002888,COV002788,2024-12-25,2025-12-25,endorsement,470.44,338.35
PREM002789,POL002889,COV002789,2024-04-28,2025-04-28,new_business,2205.47,1809.0
PREM002790,POL002890,COV002790,2026-06-25,2027-06-25,new_business,2425.53,1370.95
PREM002791,POL002891,COV002791,2025-05-09,2026-05-09,reinstatement,892.1,705.8
PREM002792,POL002892,COV002792,2023-06-13,2024-06-12,audit,2395.0,2141.57
PREM002793,POL002893,COV002793,2024-02-05,2025-02-04,cancellation,828.98,457.31
PREM002794,POL002894,COV002794,2023-09-02,2024-09-01,endorsement,1825.89,1172.42
PREM002795,POL002895,COV002795,2025-04-24,2026-04-24,endorsement,2673.8,2391.94
PREM002796,POL002896,COV002796,2024-06-03,2025-06-03,renewal,1273.74,643.76
PREM002797,POL002897,COV002797,2026-05-18,2027-05-18,audit,624.64,365.66
PREM002798,POL002898,COV002798,2025-04-30,2026-04-30,cancellation,2169.03,1640.8
PREM002799,POL002899,COV002799,2023-11-19,2024-11-18,new_business,2625.12,1917.45
PREM002800,POL002900,COV002800,2026-03-17,2027-03-17,renewal,1718.09,1319.97
PREM002801,POL002901,COV002801,2023-07-23,2024-07-22,renewal,77.13,72.95
PREM002802,POL002902,COV002802,2024-12-07,2025-12-07,new_business,306.5,280.15
PREM002803,POL002903,COV002803,2025-08-27,2026-08-27,audit,2687.62,2479.58
PREM002804,POL002904,COV002804,2025-03-07,2026-03-07,endorsement,1360.08,938.61
PREM002805,POL002905,COV002805,2025-06-17,2026-06-17,reinstatement,328.25,324.91
PREM002806,POL002906,COV002806,2024-05-25,2025-05-25,cancellation,284.11,278.9
PREM002807,POL002907,COV002807,2023-03-27,2024-03-26,endorsement,1390.17,717.47
PREM002808,POL002908,COV002808,2026-07-15,2027-07-15,audit,1316.39,1003.76
PREM002809,POL002909,COV002809,2024-05-05,2025-05-05,endorsement,1233.78,1068.36
PREM002810,POL002910,COV002810,2023-12-19,2024-12-18,endorsement,2857.7,2049.94
PREM002811,POL002911,COV002811,2023-04-01,2024-03-31,reinstatement,2477.57,1363.18
PREM002812,POL002912,COV002812,2023-04-23,2024-04-22,cancellation,1539.54,1410.79
PREM002813,POL002913,COV002813,2024-04-26,2025-04-26,renewal,652.82,636.68
PREM002814,POL002914,COV002814,2025-12-18,2026-12-18,cancellation,2263.8,1683.68
PREM002815,POL002915,COV002815,2023-07-08,2024-07-07,audit,1247.96,680.65
PREM002816,POL002916,COV002816,2026-03-03,2027-03-03,endorsement,2510.08,2025.22
PREM002817,POL002917,COV002817,2023-04-01,2024-03-31,endorsement,377.14,360.95
PREM002818,POL002918,COV002818,2026-07-13,2027-07-13,endorsement,1596.28,1405.81
PREM002819,POL002919,COV002819,2024-01-10,2025-01-09,reinstatement,2843.51,2194.22
PREM002820,POL002920,COV002820,2023-04-19,2024-04-18,cancellation,1661.69,1375.54
PREM002821,POL002921,COV002821,2024-02-13,2025-02-12,new_business,2068.61,1576.58
PREM002822,POL002922,COV002822,2024-12-16,2025-12-16,audit,969.15,956.8
PREM002823,POL002923,COV002823,2026-07-25,2027-07-25,endorsement,2098.23,1877.94
PREM002824,POL002924,COV002824,2025-02-14,2026-02-14,renewal,703.41,624.72
PREM002825,POL002925,COV002825,2025-10-31,2026-10-31,new_business,853.53,523.59
PREM002826,POL002926,COV002826,2023-08-13,2024-08-12,endorsement,2823.1,1664.2
PREM002827,POL002927,COV002827,2025-09-28,2026-09-28,audit,1378.93,1262.71
PREM002828,POL002928,COV002828,2024-01-26,2025-01-25,cancellation,78.82,78.56
PREM002829,POL002929,COV002829,2024-04-02,2025-04-02,audit,1562.4,904.74
PREM002830,POL002930,COV002830,2024-04-26,2025-04-26,endorsement,548.99,489.07
PREM002831,POL002931,COV002831,2025-10-08,2026-10-08,renewal,587.61,364.19
PREM002832,POL002932,COV002832,2023-06-10,2024-06-09,renewal,1967.52,1168.0
PREM002833,POL002933,COV002833,2023-09-09,2024-09-08,renewal,669.65,375.23
PREM002834,POL002934,COV002834,2024-05-03,2025-05-03,reinstatement,1332.16,969.35
PREM002835,POL002935,COV002835,2023-06-24,2024-06-23,reinstatement,200.87,162.37
PREM002836,POL002936,COV002836,2025-03-07,2026-03-07,renewal,1125.98,579.78
PREM002837,POL002937,COV002837,2024-12-12,2025-12-12,reinstatement,2315.5,2269.06
PREM002838,POL002938,COV002838,2025-01-28,2026-01-28,endorsement,2026.73,1330.23
PREM002839,POL002939,COV002839,2024-03-10,2025-03-10,audit,2121.76,1293.71
PREM002840,POL002940,COV002840,2025-10-02,2026-10-02,cancellation,1576.16,1491.39
PREM002841,POL002941,COV002841,2026-07-31,2027-07-31,new_business,1542.61,1263.03
PREM002842,POL002942,COV002842,2025-11-03,2026-11-03,reinstatement,575.22,321.47
PREM002843,POL002943,COV002843,2023-12-29,2024-12-28,cancellation,1402.48,1014.71
PREM002844,POL002944,COV002844,2023-04-05,2024-04-04,reinstatement,2013.69,1490.2
PREM002845,POL002945,COV002845,2023-05-17,2024-05-16,new_business,1237.22,829.63
PREM002846,POL002946,COV002846,2026-03-03,2027-03-03,audit,2166.68,1572.6
PREM002847,POL002947,COV002847,2023-03-19,2024-03-18,reinstatement,2594.32,2010.37
PREM002848,POL002948,COV002848,2025-05-06,2026-05-06,cancellation,2395.33,1436.45
PREM002849,POL002949,COV002849,2025-11-01,2026-11-01,reinstatement,2122.57,1293.23
PREM002850,POL002950,COV002850,2023-07-25,2024-07-24,reinstatement,223.63,148.85
PREM002851,POL002951,COV002851,2023-02-05,2024-02-05,cancellation,1192.66,827.96
PREM002852,POL002952,COV002852,2026-02-25,2027-02-25,reinstatement,390.9,222.8
PREM002853,POL002953,COV002853,2025-02-11,2026-02-11,reinstatement,1296.18,1112.45
PREM002854,POL002954,COV002854,2026-04-26,2027-04-26,endorsement,292.11,238.29
PREM002855,POL002955,COV002855,2025-08-30,2026-08-30,cancellation,1029.64,856.05
PREM002856,POL002956,COV002856,2026-09-12,2027-09-12,reinstatement,1257.79,698.98
PREM002857,POL002957,COV002857,2025-05-02,2026-05-02,renewal,2693.54,1503.14
PREM002858,POL002958,COV002858,2024-05-07,2025-05-07,endorsement,830.99,517.89
PREM002859,POL002959,COV002859,2026-02-04,2027-02-04,new_business,2653.62,1576.04
PREM002860,POL002960,COV002860,2024-08-16,2025-08-16,reinstatement,584.1,576.57
PREM002861,POL002961,COV002861,2024-08-17,2025-08-17,new_business,217.05,214.91
PREM002862,POL002962,COV002862,2024-01-17,2025-01-16,new_business,1672.08,1347.7
PREM002863,POL002963,COV002863,2024-08-13,2025-08-13,endorsement,1379.17,1311.08
PREM002864,POL002964,COV002864,2023-07-02,2024-07-01,cancellation,891.43,836.5
PREM002865,POL002965,COV002865,2023-07-12,2024-07-11,new_business,2056.44,1943.28
PREM002866,POL002966,COV002866,2024-03-24,2025-03-24,new_business,2147.2,1919.7
PREM002867,POL002967,COV002867,2023-08-05,2024-08-04,endorsement,2477.27,1756.23
PREM002868,POL002968,COV002868,2023-05-08,2024-05-07,new_business,436.99,339.13
PREM002869,POL002969,COV002869,2023-05-01,2024-04-30,reinstatement,1535.71,967.4
PREM002870,POL002970,COV002870,2026-04-20,2027-04-20,reinstatement,1885.48,1667.63
PREM002871,POL002971,COV002871,2026-08-08,2027-08-08,cancellation,621.75,418.04
PREM002872,POL002972,COV002872,2023-06-09,2024-06-08,reinstatement,1288.04,1031.8
PREM002873,POL002973,COV002873,2024-05-26,2025-05-26,cancellation,61.04,50.21
PREM002874,POL002974,COV002874,2025-11-26,2026-11-26,new_business,2265.85,1389.77
PREM002875,POL002975,COV002875,2025-02-03,2026-02-03,reinstatement,1153.29,966.12
PREM002876,POL002976,COV002876,2024-11-03,2025-11-03,endorsement,576.85,490.33
PREM002877,POL002977,COV002877,2026-04-24,2027-04-24,endorsement,1589.63,1325.96
PREM002878,POL002978,COV002878,2026-06-01,2027-06-01,renewal,2430.22,1739.43
PREM002879,POL002979,COV002879,2023-09-26,2024-09-25,renewal,1194.25,1036.36
PREM002880,POL002980,COV002880,2025-12-31,2026-12-31,cancellation,2965.95,1882.1
PREM002881,POL002981,COV002881,2025-04-05,2026-04-05,cancellation,1013.61,717.82
PREM002882,POL002982,COV002882,2023-11-20,2024-11-19,audit,787.86,522.21
PREM002883,POL002983,COV002883,2026-07-22,2027-07-22,endorsement,223.45,127.63
PREM002884,POL002984,COV002884,2025-05-18,2026-05-18,renewal,264.4,139.71
PREM002885,POL002985,COV002885,2025-10-01,2026-10-01,endorsement,1444.47,914.83
PREM002886,POL002986,COV002886,2025-08-04,2026-08-04,new_business,379.86,350.42
PREM002887,POL002987,COV002887,2024-05-23,2025-05-23,endorsement,2368.76,1454.93
PREM002888,POL002988,COV002888,2024-07-25,2025-07-25,endorsement,496.36,256.5
PREM002889,POL002989,COV002889,2026-02-25,2027-02-25,cancellation,1243.77,866.2
PREM002890,POL002990,COV002890,2026-01-20,2027-01-20,cancellation,1043.55,1030.2
PREM002891,POL002991,COV002891,2025-01-06,2026-01-06,endorsement,2996.09,1621.03
PREM002892,POL002992,COV002892,2024-05-24,2025-05-24,new_business,1890.84,1775.04
PREM002893,POL002993,COV002893,2026-04-10,2027-04-10,new_business,2462.85,1918.75
PREM002894,POL002994,COV002894,2023-11-17,2024-11-16,audit,890.63,550.57
PREM002895,POL002995,COV002895,2024-03-22,2025-03-22,cancellation,2240.47,1188.27
PREM002896,POL002996,COV002896,2023-03-07,2024-03-06,cancellation,502.56,376.19
PREM002897,POL002997,COV002897,2023-01-21,2024-01-21,reinstatement,104.33,66.14
PREM002898,POL002998,COV002898,2024-07-31,2025-07-31,reinstatement,2329.35,1373.93
PREM002899,POL002999,COV002899,2024-09-27,2025-09-27,endorsement,308.02,258.97
PREM002900,POL003000,COV002900,2026-01-13,2027-01-13,audit,2998.0,2863.51
PREM002901,POL003001,COV002901,2023-11-21,2024-11-20,new_business,840.05,454.24
PREM002902,POL003002,COV002902,2024-06-08,2025-06-08,reinstatement,1993.14,1275.59
PREM002903,POL003003,COV002903,2024-05-28,2025-05-28,new_business,2047.15,1675.9
PREM002904,POL003004,COV002904,2024-01-01,2024-12-31,renewal,1877.87,1860.4
PREM002905,POL003005,COV002905,2025-10-05,2026-10-05,endorsement,1728.82,1461.72
PREM002906,POL003006,COV002906,2025-05-18,2026-05-18,new_business,2614.0,2427.3
PREM002907,POL003007,COV002907,2023-09-01,2024-08-31,renewal,200.86,109.9
PREM002908,POL003008,COV002908,2026-03-18,2027-03-18,cancellation,315.49,257.06
PREM002909,POL003009,COV002909,2025-11-22,2026-11-22,endorsement,2904.89,2121.89
PREM002910,POL003010,COV002910,2023-06-11,2024-06-10,renewal,2091.64,1714.39
PREM002911,POL003011,COV002911,2023-03-13,2024-03-12,renewal,1236.78,1127.04
PREM002912,POL003012,COV002912,2024-08-27,2025-08-27,new_business,1606.29,1252.73
PREM002913,POL003013,COV002913,2024-07-25,2025-07-25,renewal,2797.32,1838.67
PREM002914,POL003014,COV002914,2024-05-21,2025-05-21,audit,1623.81,1109.89
PREM002915,POL003015,COV002915,2024-09-09,2025-09-09,reinstatement,821.75,661.76
PREM002916,POL003016,COV002916,2023-02-18,2024-02-18,endorsement,2608.95,1569.7
PREM002917,POL003017,COV002917,2024-09-22,2025-09-22,audit,2611.73,2347.3
PREM002918,POL003018,COV002918,2024-06-20,2025-06-20,cancellation,2073.53,1873.9
PREM002919,POL003019,COV002919,2023-01-03,2024-01-03,audit,237.63,123.53
PREM002920,POL003020,COV002920,2025-08-02,2026-08-02,cancellation,2939.65,2603.05
PREM002921,POL003021,COV002921,2025-09-09,2026-09-09,new_business,2240.84,2187.52
PREM002922,POL003022,COV002922,2024-09-24,2025-09-24,renewal,1381.46,1227.4
PREM002923,POL003023,COV002923,2024-07-16,2025-07-16,renewal,2381.09,1566.25
PREM002924,POL003024,COV002924,2023-02-20,2024-02-20,new_business,1460.66,807.15
PREM002925,POL003025,COV002925,2023-06-05,2024-06-04,cancellation,2054.06,1368.36
PREM002926,POL003026,COV002926,2026-05-10,2027-05-10,cancellation,1136.8,948.07
PREM002927,POL003027,COV002927,2024-02-23,2025-02-22,audit,1786.75,1138.1
PREM002928,POL003028,COV002928,2026-09-04,2027-09-04,renewal,2101.3,2022.34
PREM002929,POL003029,COV002929,2025-11-23,2026-11-23,renewal,597.9,330.7
PREM002930,POL003030,COV002930,2026-03-25,2027-03-25,endorsement,1300.5,1138.65
PREM002931,POL003031,COV002931,2024-03-08,2025-03-08,reinstatement,1429.11,1255.41
PREM002932,POL003032,COV002932,2026-04-08,2027-04-08,endorsement,1254.5,917.49
PREM002933,POL003033,COV002933,2023-09-03,2024-09-02,renewal,166.83,106.6
PREM002934,POL003034,COV002934,2023-10-14,2024-10-13,endorsement,2825.77,2349.73
PREM002935,POL003035,COV002935,2024-05-04,2025-05-04,new_business,1168.66,794.6
PREM002936,POL003036,COV002936,2023-08-26,2024-08-25,audit,2994.72,2363.99
PREM002937,POL003037,COV002937,2026-03-19,2027-03-19,audit,491.88,440.59
PREM002938,POL003038,COV002938,2023-10-16,2024-10-15,cancellation,2849.55,2572.21
PREM002939,POL003039,COV002939,2024-05-24,2025-05-24,renewal,400.91,287.33
PREM002940,POL003040,COV002940,2025-06-03,2026-06-03,endorsement,712.58,602.08
PREM002941,POL003041,COV002941,2024-12-26,2025-12-26,new_business,2656.85,1370.55
PREM002942,POL003042,COV002942,2023-08-01,2024-07-31,cancellation,2422.56,1788.62
PREM002943,POL003043,COV002943,2026-02-01,2027-02-01,new_business,134.92,97.45
PREM002944,POL003044,COV002944,2024-08-17,2025-08-17,endorsement,2566.98,1638.64
PREM002945,POL003045,COV002945,2025-02-07,2026-02-07,endorsement,767.76,694.9
PREM002946,POL003046,COV002946,2024-08-06,2025-08-06,reinstatement,2193.25,1491.61
PREM002947,POL003047,COV002947,2023-11-29,2024-11-28,new_business,927.57,794.53
PREM002948,POL003048,COV002948,2024-02-14,2025-02-13,endorsement,2253.58,1517.36
PREM002949,POL003049,COV002949,2023-06-10,2024-06-09,reinstatement,2120.53,1257.25
PREM002950,POL003050,COV002950,2025-09-20,2026-09-20,renewal,248.96,228.15
PREM002951,POL003051,COV002951,2024-07-22,2025-07-22,endorsement,2431.15,1680.94
PREM002952,POL003052,COV002952,2024-03-15,2025-03-15,audit,1111.36,867.97
PREM002953,POL003053,COV002953,2023-03-10,2024-03-09,renewal,2374.58,1475.84
PREM002954,POL003054,COV002954,2026-03-31,2027-03-31,endorsement,1530.3,1262.86
PREM002955,POL003055,COV002955,2024-04-20,2025-04-20,cancellation,114.07,60.92
PREM002956,POL003056,COV002956,2023-01-11,2024-01-11,endorsement,1947.88,1484.14
PREM002957,POL003057,COV002957,2026-01-18,2027-01-18,endorsement,1563.28,1451.64
PREM002958,POL003058,COV002958,2025-05-17,2026-05-17,new_business,2913.0,2531.58
PREM002959,POL003059,COV002959,2024-01-19,2025-01-18,new_business,2227.19,1676.25
PREM002960,POL003060,COV002960,2024-06-14,2025-06-14,audit,814.12,648.08
PREM002961,POL003061,COV002961,2025-11-26,2026-11-26,endorsement,1238.91,731.67
PREM002962,POL003062,COV002962,2024-05-01,2025-05-01,reinstatement,2988.14,1747.76
PREM002963,POL003063,COV002963,2023-04-07,2024-04-06,endorsement,1003.17,846.93
PREM002964,POL003064,COV002964,2026-05-01,2027-05-01,cancellation,2777.47,2696.99
PREM002965,POL003065,COV002965,2024-12-30,2025-12-30,new_business,938.5,679.32
PREM002966,POL003066,COV002966,2023-10-23,2024-10-22,endorsement,1920.34,1402.81
PREM002967,POL003067,COV002967,2024-03-09,2025-03-09,cancellation,2234.52,1301.31
PREM002968,POL003068,COV002968,2026-04-03,2027-04-03,cancellation,2939.17,2826.1
PREM002969,POL003069,COV002969,2023-12-10,2024-12-09,cancellation,2178.84,1527.1
PREM002970,POL003070,COV002970,2025-08-07,2026-08-07,renewal,1506.53,1390.22
PREM002971,POL003071,COV002971,2024-05-28,2025-05-28,new_business,1943.88,1219.52
PREM002972,POL003072,COV002972,2023-12-16,2024-12-15,new_business,261.03,188.91
PREM002973,POL003073,COV002973,2023-03-07,2024-03-06,audit,2394.43,2053.88
PREM002974,POL003074,COV002974,2024-12-11,2025-12-11,cancellation,804.61,543.3
PREM002975,POL003075,COV002975,2023-01-28,2024-01-28,new_business,2757.26,2540.64
PREM002976,POL003076,COV002976,2023-11-28,2024-11-27,new_business,788.67,770.88
PREM002977,POL003077,COV002977,2023-06-22,2024-06-21,new_business,2185.71,1261.78
PREM002978,POL003078,COV002978,2023-04-04,2024-04-03,endorsement,1106.43,1001.93
PREM002979,POL003079,COV002979,2023-08-13,2024-08-12,renewal,2400.49,1686.54
PREM002980,POL003080,COV002980,2024-04-25,2025-04-25,renewal,258.24,242.19
PREM002981,POL003081,COV002981,2024-12-05,2025-12-05,endorsement,887.44,645.65
PREM002982,POL003082,COV002982,2026-03-25,2027-03-25,endorsement,264.04,180.99
PREM002983,POL003083,COV002983,2024-04-14,2025-04-14,renewal,2420.02,2103.08
PREM002984,POL003084,COV002984,2023-06-02,2024-06-01,endorsement,2546.65,1317.96
PREM002985,POL003085,COV002985,2024-11-26,2025-11-26,reinstatement,122.15,84.6
PREM002986,POL003086,COV002986,2024-09-10,2025-09-10,cancellation,236.5,198.03
PREM002987,POL003087,COV002987,2023-06-20,2024-06-19,reinstatement,797.81,743.25
PREM002988,POL003088,COV002988,2024-04-01,2025-04-01,endorsement,2654.41,1658.76
PREM002989,POL003089,COV002989,2024-06-28,2025-06-28,audit,1266.04,1039.05
PREM002990,POL003090,COV002990,2025-12-27,2026-12-27,new_business,2236.64,2188.25
PREM002991,POL003091,COV002991,2023-08-14,2024-08-13,new_business,1380.29,1154.82
PREM002992,POL003092,COV002992,2025-02-07,2026-02-07,renewal,2942.06,1767.31
PREM002993,POL003093,COV002993,2025-12-04,2026-12-04,reinstatement,905.64,459.23
PREM002994,POL003094,COV002994,2026-07-01,2027-07-01,new_business,1467.99,777.52
PREM002995,POL003095,COV002995,2025-09-01,2026-09-01,audit,1775.94,1075.39
PREM002996,POL003096,COV002996,2023-09-03,2024-09-02,audit,2823.14,1899.16
PREM002997,POL003097,COV002997,2023-02-17,2024-02-17,cancellation,984.97,576.08
PREM002998,POL003098,COV002998,2023-08-28,2024-08-27,new_business,1792.73,1406.74
PREM002999,POL003099,COV002999,2024-01-07,2025-01-06,reinstatement,655.26,640.83
PREM003000,POL003100,COV003000,2024-06-27,2025-06-27,cancellation,2918.51,2069.62
PREM003001,POL003101,COV003001,2026-09-06,2027-09-06,new_business,1753.68,1172.36
PREM003002,POL003102,COV003002,2023-05-14,2024-05-13,new_business,2976.55,2347.38
PREM003003,POL003103,COV003003,2026-02-16,2027-02-16,cancellation,774.03,685.31
PREM003004,POL003104,COV003004,2026-05-18,2027-05-18,audit,1249.72,723.59
PREM003005,POL003105,COV003005,2026-06-17,2027-06-17,reinstatement,752.89,707.17
PREM003006,POL003106,COV003006,2025-05-02,2026-05-02,audit,1778.52,1120.33
PREM003007,POL003107,COV003007,2024-03-18,2025-03-18,audit,2348.08,1782.99
PREM003008,POL003108,COV003008,2023-12-11,2024-12-10,cancellation,2661.85,1758.79
PREM003009,POL003109,COV003009,2025-07-04,2026-07-04,new_business,2230.23,1294.39
PREM003010,POL003110,COV003010,2026-09-04,2027-09-04,audit,2405.09,1801.63
PREM003011,POL003111,COV003011,2025-07-05,2026-07-05,new_business,396.39,274.07
PREM003012,POL003112,COV003012,2023-02-06,2024-02-06,cancellation,534.11,397.62
PREM003013,POL003113,COV003013,2024-11-03,2025-11-03,renewal,1312.58,1033.2
PREM003014,POL003114,COV003014,2025-01-01,2026-01-01,new_business,1416.88,728.65
PREM003015,POL003115,COV003015,2025-06-09,2026-06-09,new_business,795.98,411.37
PREM003016,POL003116,COV003016,2024-06-07,2025-06-07,reinstatement,2991.7,2092.12
PREM003017,POL003117,COV003017,2025-11-25,2026-11-25,reinstatement,1521.68,896.69
PREM003018,POL003118,COV003018,2026-07-08,2027-07-08,audit,1461.67,1276.21
PREM003019,POL003119,COV003019,2026-07-10,2027-07-10,audit,289.1,158.79
PREM003020,POL003120,COV003020,2025-05-17,2026-05-17,audit,2207.17,1675.62
PREM003021,POL003121,COV003021,2023-06-23,2024-06-22,endorsement,950.12,732.09
PREM003022,POL003122,COV003022,2023-07-21,2024-07-20,cancellation,2407.21,1539.02
PREM003023,POL003123,COV003023,2024-09-29,2025-09-29,renewal,921.61,744.9
PREM003024,POL003124,COV003024,2026-09-10,2027-09-10,endorsement,1857.69,1485.62
PREM003025,POL003125,COV003025,2023-07-09,2024-07-08,new_business,384.69,265.51
PREM003026,POL003126,COV003026,2025-06-21,2026-06-21,endorsement,350.0,300.73
PREM003027,POL003127,COV003027,2026-03-20,2027-03-20,audit,2099.2,1649.63
PREM003028,POL003128,COV003028,2024-06-25,2025-06-25,endorsement,2735.37,1889.38
PREM003029,POL003129,COV003029,2025-05-15,2026-05-15,audit,2799.62,2592.17
PREM003030,POL003130,COV003030,2024-05-19,2025-05-19,new_business,1504.33,1382.15
PREM003031,POL003131,COV003031,2023-04-09,2024-04-08,cancellation,486.75,340.03
PREM003032,POL003132,COV003032,2023-11-07,2024-11-06,audit,2727.08,1924.73
PREM003033,POL003133,COV003033,2024-10-18,2025-10-18,cancellation,780.7,777.94
PREM003034,POL003134,COV003034,2023-05-15,2024-05-14,endorsement,2189.61,1145.18
PREM003035,POL003135,COV003035,2025-06-15,2026-06-15,cancellation,2143.21,1524.83
PREM003036,POL003136,COV003036,2025-05-13,2026-05-13,audit,2440.32,2329.62
PREM003037,POL003137,COV003037,2025-07-30,2026-07-30,audit,527.61,376.9
PREM003038,POL003138,COV003038,2026-08-16,2027-08-16,audit,2823.05,1805.45
PREM003039,POL003139,COV003039,2026-07-12,2027-07-12,reinstatement,187.19,146.3
PREM003040,POL003140,COV003040,2023-05-18,2024-05-17,reinstatement,2227.26,1366.6
PREM003041,POL003141,COV003041,2024-11-18,2025-11-18,cancellation,1823.26,1708.57
PREM003042,POL003142,COV003042,2023-06-18,2024-06-17,endorsement,760.14,442.78
PREM003043,POL003143,COV003043,2023-09-29,2024-09-28,audit,1598.61,836.54
PREM003044,POL003144,COV003044,2024-04-01,2025-04-01,audit,1855.11,1698.03
PREM003045,POL003145,COV003045,2025-07-17,2026-07-17,renewal,323.78,253.83
PREM003046,POL003146,COV003046,2024-11-27,2025-11-27,reinstatement,271.16,187.78
PREM003047,POL003147,COV003047,2026-02-11,2027-02-11,renewal,2754.95,1793.45
PREM003048,POL003148,COV003048,2024-06-13,2025-06-13,new_business,1921.13,1300.15
PREM003049,POL003149,COV003049,2023-08-15,2024-08-14,renewal,1956.27,1240.46
PREM003050,POL003150,COV003050,2023-05-10,2024-05-09,reinstatement,2072.32,1122.99
PREM003051,POL003151,COV003051,2024-02-29,2025-02-28,reinstatement,2795.05,2669.93
PREM003052,POL003152,COV003052,2023-04-05,2024-04-04,renewal,1104.02,876.36
PREM003053,POL003153,COV003053,2024-11-15,2025-11-15,cancellation,547.65,278.39
PREM003054,POL003154,COV003054,2025-01-23,2026-01-23,audit,1577.65,805.35
PREM003055,POL003155,COV003055,2024-02-04,2025-02-03,renewal,2580.5,2292.32
PREM003056,POL003156,COV003056,2024-06-29,2025-06-29,renewal,241.41,236.41
PREM003057,POL003157,COV003057,2025-03-06,2026-03-06,audit,1710.94,1485.69
PREM003058,POL003158,COV003058,2023-07-31,2024-07-30,cancellation,385.03,336.59
PREM003059,POL003159,COV003059,2025-01-21,2026-01-21,endorsement,1677.83,1345.62
PREM003060,POL003160,COV003060,2024-11-28,2025-11-28,renewal,2772.01,2332.77
PREM003061,POL003161,COV003061,2024-01-14,2025-01-13,reinstatement,755.79,490.0
PREM003062,POL003162,COV003062,2025-02-27,2026-02-27,renewal,2008.21,1741.49
PREM003063,POL003163,COV003063,2024-12-29,2025-12-29,new_business,1424.11,863.06
PREM003064,POL003164,COV003064,2023-05-16,2024-05-15,reinstatement,2543.26,1630.73
PREM003065,POL003165,COV003065,2023-01-18,2024-01-18,new_business,474.32,330.76
PREM003066,POL003166,COV003066,2025-05-28,2026-05-28,cancellation,831.8,638.32
PREM003067,POL003167,COV003067,2023-07-11,2024-07-10,reinstatement,2270.8,2113.03
PREM003068,POL003168,COV003068,2023-08-23,2024-08-22,cancellation,1671.54,1160.96
PREM003069,POL003169,COV003069,2024-01-16,2025-01-15,renewal,2241.59,1418.93
PREM003070,POL003170,COV003070,2025-05-05,2026-05-05,renewal,2844.42,2495.73
PREM003071,POL003171,COV003071,2026-01-27,2027-01-27,cancellation,1850.03,970.2
PREM003072,POL003172,COV003072,2025-12-20,2026-12-20,reinstatement,1931.44,1166.92
PREM003073,POL003173,COV003073,2024-03-15,2025-03-15,audit,1415.23,1242.47
PREM003074,POL003174,COV003074,2025-10-04,2026-10-04,endorsement,1510.84,1256.04
PREM003075,POL003175,COV003075,2025-08-26,2026-08-26,audit,2634.1,2603.82
PREM003076,POL003176,COV003076,2023-12-03,2024-12-02,reinstatement,373.45,294.23
PREM003077,POL003177,COV003077,2023-12-07,2024-12-06,audit,2158.29,1855.94
PREM003078,POL003178,COV003078,2024-06-19,2025-06-19,reinstatement,1358.85,1347.26
PREM003079,POL003179,COV003079,2025-11-09,2026-11-09,cancellation,2896.48,2478.42
PREM003080,POL003180,COV003080,2023-10-24,2024-10-23,cancellation,105.37,92.2
PREM003081,POL003181,COV003081,2024-07-24,2025-07-24,endorsement,2490.76,1870.41
PREM003082,POL003182,COV003082,2025-03-20,2026-03-20,new_business,2076.6,1060.26
PREM003083,POL003183,COV003083,2024-06-21,2025-06-21,reinstatement,2639.21,1388.19
PREM003084,POL003184,COV003084,2023-09-29,2024-09-28,endorsement,1017.73,798.14
PREM003085,POL003185,COV003085,2023-06-24,2024-06-23,new_business,571.14,480.39
PREM003086,POL003186,COV003086,2025-03-23,2026-03-23,cancellation,295.12,176.64
PREM003087,POL003187,COV003087,2024-06-24,2025-06-24,new_business,1516.19,1154.62
PREM003088,POL003188,COV003088,2024-03-01,2025-03-01,new_business,2619.48,2158.27
PREM003089,POL003189,COV003089,2024-03-21,2025-03-21,cancellation,1257.17,819.11
PREM003090,POL003190,COV003090,2026-06-07,2027-06-07,renewal,1815.94,1715.55
PREM003091,POL003191,COV003091,2025-09-07,2026-09-07,new_business,260.16,145.97
PREM003092,POL003192,COV003092,2026-09-12,2027-09-12,reinstatement,1582.97,1393.62
PREM003093,POL003193,COV003093,2026-03-01,2027-03-01,audit,867.27,721.87
PREM003094,POL003194,COV003094,2024-10-18,2025-10-18,audit,2542.46,1314.62
PREM003095,POL003195,COV003095,2024-10-21,2025-10-21,new_business,212.71,157.22
PREM003096,POL003196,COV003096,2023-07-12,2024-07-11,cancellation,761.24,709.18
PREM003097,POL003197,COV003097,2024-11-14,2025-11-14,cancellation,543.27,380.5
PREM003098,POL003198,COV003098,2025-03-15,2026-03-15,cancellation,2205.95,1287.48
PREM003099,POL003199,COV003099,2025-11-01,2026-11-01,renewal,859.07,779.46
PREM003100,POL003200,COV003100,2023-06-20,2024-06-19,cancellation,2972.06,2293.97
PREM003101,POL003201,COV003101,2026-08-24,2027-08-24,endorsement,1103.37,924.54
PREM003102,POL003202,COV003102,2024-06-19,2025-06-19,renewal,2481.69,1843.4
PREM003103,POL003203,COV003103,2026-09-04,2027-09-04,renewal,2215.8,1127.74
PREM003104,POL003204,COV003104,2024-08-31,2025-08-31,cancellation,645.12,337.09
PREM003105,POL003205,COV003105,2026-05-27,2027-05-27,new_business,1298.78,983.04
PREM003106,POL003206,COV003106,2023-11-08,2024-11-07,endorsement,2632.5,2600.83
PREM003107,POL003207,COV003107,2024-09-24,2025-09-24,reinstatement,698.16,560.12
PREM003108,POL003208,COV003108,2025-04-07,2026-04-07,endorsement,1944.18,1788.66
PREM003109,POL003209,COV003109,2025-02-13,2026-02-13,audit,2034.38,1492.36
PREM003110,POL003210,COV003110,2026-05-10,2027-05-10,endorsement,792.21,498.91
PREM003111,POL003211,COV003111,2026-04-03,2027-04-03,reinstatement,688.08,676.54
PREM003112,POL003212,COV003112,2023-02-07,2024-02-07,audit,874.78,834.32
PREM003113,POL003213,COV003113,2023-04-17,2024-04-16,new_business,2920.54,2654.19
PREM003114,POL003214,COV003114,2024-06-13,2025-06-13,audit,2125.61,1689.66
PREM003115,POL003215,COV003115,2024-11-03,2025-11-03,cancellation,1082.96,943.75
PREM003116,POL003216,COV003116,2024-07-02,2025-07-02,cancellation,567.67,288.47
PREM003117,POL003217,COV003117,2025-10-08,2026-10-08,cancellation,2246.84,1786.06
PREM003118,POL003218,COV003118,2025-03-23,2026-03-23,renewal,2621.97,2447.3
PREM003119,POL003219,COV003119,2023-11-12,2024-11-11,cancellation,1034.99,931.22
PREM003120,POL003220,COV003120,2024-03-03,2025-03-03,new_business,439.84,262.21
PREM003121,POL003221,COV003121,2024-07-31,2025-07-31,renewal,2816.19,2180.85
PREM003122,POL003222,COV003122,2025-12-25,2026-12-25,cancellation,157.44,116.93
PREM003123,POL003223,COV003123,2025-11-01,2026-11-01,new_business,511.15,307.25
PREM003124,POL003224,COV003124,2024-11-28,2025-11-28,renewal,2724.98,2455.94
PREM003125,POL003225,COV003125,2024-02-05,2025-02-04,renewal,770.37,447.98
PREM003126,POL003226,COV003126,2023-07-15,2024-07-14,new_business,1561.54,788.88
PREM003127,POL003227,COV003127,2023-11-28,2024-11-27,new_business,2749.34,1649.5
PREM003128,POL003228,COV003128,2026-07-29,2027-07-29,audit,967.42,934.61
PREM003129,POL003229,COV003129,2025-06-25,2026-06-25,renewal,2716.44,2390.95
PREM003130,POL003230,COV003130,2026-02-22,2027-02-22,endorsement,2503.31,1488.15
PREM003131,POL003231,COV003131,2026-04-14,2027-04-14,endorsement,2829.71,2252.26
PREM003132,POL003232,COV003132,2024-06-27,2025-06-27,audit,2134.93,1602.89
PREM003133,POL003233,COV003133,2026-07-20,2027-07-20,reinstatement,1652.67,838.37
PREM003134,POL003234,COV003134,2024-06-17,2025-06-17,cancellation,992.41,870.97
PREM003135,POL003235,COV003135,2026-03-26,2027-03-26,cancellation,1260.02,870.1
PREM003136,POL003236,COV003136,2023-11-25,2024-11-24,cancellation,844.72,425.26
PREM003137,POL003237,COV003137,2026-04-07,2027-04-07,cancellation,132.08,86.48
PREM003138,POL003238,COV003138,2023-01-29,2024-01-29,new_business,2223.03,1812.21
PREM003139,POL003239,COV003139,2026-06-30,2027-06-30,renewal,1942.16,1566.93
PREM003140,POL003240,COV003140,2023-07-29,2024-07-28,reinstatement,1819.1,1545.12
PREM003141,POL003241,COV003141,2025-08-14,2026-08-14,new_business,739.57,454.62
PREM003142,POL003242,COV003142,2025-06-06,2026-06-06,cancellation,1586.42,1317.82
PREM003143,POL003243,COV003143,2025-06-21,2026-06-21,reinstatement,851.06,833.25
PREM003144,POL003244,COV003144,2024-08-30,2025-08-30,reinstatement,554.75,506.05
PREM003145,POL003245,COV003145,2025-11-26,2026-11-26,cancellation,1345.01,1263.39
PREM003146,POL003246,COV003146,2025-10-09,2026-10-09,endorsement,1019.46,783.88
PREM003147,POL003247,COV003147,2024-10-06,2025-10-06,audit,1259.79,708.63
PREM003148,POL003248,COV003148,2023-06-29,2024-06-28,endorsement,1195.78,1088.26
PREM003149,POL003249,COV003149,2023-08-29,2024-08-28,reinstatement,744.21,642.86
PREM003150,POL003250,COV003150,2023-09-22,2024-09-21,endorsement,534.47,387.6
PREM003151,POL003251,COV003151,2026-02-21,2027-02-21,new_business,317.95,218.7
PREM003152,POL003252,COV003152,2026-04-19,2027-04-19,renewal,1751.7,1547.45
PREM003153,POL003253,COV003153,2023-04-26,2024-04-25,cancellation,1166.91,787.48
PREM003154,POL003254,COV003154,2026-01-08,2027-01-08,renewal,460.69,376.11
PREM003155,POL003255,COV003155,2025-10-17,2026-10-17,renewal,1338.06,953.83
PREM003156,POL003256,COV003156,2024-01-31,2025-01-30,reinstatement,257.89,216.7
PREM003157,POL003257,COV003157,2024-09-26,2025-09-26,new_business,1321.34,1312.42
PREM003158,POL003258,COV003158,2026-07-12,2027-07-12,cancellation,2820.36,2669.23
PREM003159,POL003259,COV003159,2023-09-27,2024-09-26,cancellation,54.53,27.33
PREM003160,POL003260,COV003160,2023-11-02,2024-11-01,cancellation,2258.32,1697.96
PREM003161,POL003261,COV003161,2023-02-22,2024-02-22,audit,1255.34,761.56
PREM003162,POL003262,COV003162,2024-07-20,2025-07-20,renewal,1665.41,1001.39
PREM003163,POL003263,COV003163,2026-03-12,2027-03-12,audit,2218.61,1845.79
PREM003164,POL003264,COV003164,2025-03-08,2026-03-08,renewal,1102.46,819.6
PREM003165,POL003265,COV003165,2024-07-24,2025-07-24,new_business,1434.94,1125.6
PREM003166,POL003266,COV003166,2023-09-28,2024-09-27,new_business,2587.88,2549.04
PREM003167,POL003267,COV003167,2023-08-11,2024-08-10,endorsement,58.12,37.74
PREM003168,POL003268,COV003168,2024-06-24,2025-06-24,audit,1831.6,1689.62
PREM003169,POL003269,COV003169,2026-07-20,2027-07-20,audit,2849.33,2446.64
PREM003170,POL003270,COV003170,2025-06-02,2026-06-02,new_business,241.76,145.99
PREM003171,POL003271,COV003171,2025-11-25,2026-11-25,audit,1293.51,861.57
PREM003172,POL003272,COV003172,2026-01-03,2027-01-03,audit,1631.54,1612.77
PREM003173,POL003273,COV003173,2024-07-03,2025-07-03,reinstatement,2617.73,2283.97
PREM003174,POL003274,COV003174,2024-01-06,2025-01-05,endorsement,1457.58,1312.79
PREM003175,POL003275,COV003175,2026-06-30,2027-06-30,cancellation,740.87,380.72
PREM003176,POL003276,COV003176,2023-11-03,2024-11-02,audit,626.79,422.6
PREM003177,POL003277,COV003177,2024-07-02,2025-07-02,cancellation,1896.87,1822.17
PREM003178,POL003278,COV003178,2025-12-11,2026-12-11,new_business,1025.16,750.4
PREM003179,POL003279,COV003179,2026-05-03,2027-05-03,renewal,1483.79,1133.23
PREM003180,POL003280,COV003180,2024-01-28,2025-01-27,audit,549.63,405.49
PREM003181,POL003281,COV003181,2025-03-20,2026-03-20,new_business,2580.24,2546.36
PREM003182,POL003282,COV003182,2025-11-08,2026-11-08,reinstatement,326.87,203.72
PREM003183,POL003283,COV003183,2024-04-09,2025-04-09,reinstatement,1085.72,871.17
PREM003184,POL003284,COV003184,2024-06-16,2025-06-16,renewal,2759.13,2564.6
PREM003185,POL003285,COV003185,2023-11-13,2024-11-12,new_business,1695.23,1204.95
PREM003186,POL003286,COV003186,2026-07-28,2027-07-28,cancellation,1099.68,769.35
PREM003187,POL003287,COV003187,2026-09-08,2027-09-08,reinstatement,805.12,746.25
PREM003188,POL003288,COV003188,2025-11-20,2026-11-20,renewal,311.9,232.28
PREM003189,POL003289,COV003189,2024-07-04,2025-07-04,reinstatement,1115.04,835.99
PREM003190,POL003290,COV003190,2023-01-10,2024-01-10,cancellation,1266.71,693.47
PREM003191,POL003291,COV003191,2025-06-09,2026-06-09,cancellation,551.2,376.65
PREM003192,POL003292,COV003192,2024-12-29,2025-12-29,endorsement,197.5,179.47
PREM003193,POL003293,COV003193,2024-10-11,2025-10-11,reinstatement,974.34,650.16
PREM003194,POL003294,COV003194,2024-03-09,2025-03-09,cancellation,481.54,331.31
PREM003195,POL003295,COV003195,2026-04-27,2027-04-27,reinstatement,585.73,372.16
PREM003196,POL003296,COV003196,2026-05-01,2027-05-01,endorsement,947.26,880.79
PREM003197,POL003297,COV003197,2023-12-12,2024-12-11,audit,130.74,102.32
PREM003198,POL003298,COV003198,2026-07-18,2027-07-18,reinstatement,2671.09,1988.32
PREM003199,POL003299,COV003199,2024-12-24,2025-12-24,reinstatement,2110.91,1258.72
PREM003200,POL003300,COV003200,2023-08-26,2024-08-25,audit,1744.73,1137.32
PREM003201,POL003301,COV003201,2023-06-11,2024-06-10,audit,306.83,182.18
PREM003202,POL003302,COV003202,2024-11-07,2025-11-07,audit,516.74,314.37
PREM003203,POL003303,COV003203,2025-01-24,2026-01-24,cancellation,1543.61,1116.78
PREM003204,POL003304,COV003204,2024-06-17,2025-06-17,renewal,645.67,424.61
PREM003205,POL003305,COV003205,2025-10-02,2026-10-02,cancellation,730.05,459.19
PREM003206,POL003306,COV003206,2025-11-21,2026-11-21,audit,2806.58,1883.8
PREM003207,POL003307,COV003207,2023-10-05,2024-10-04,audit,2967.15,2879.23
PREM003208,POL003308,COV003208,2024-04-04,2025-04-04,cancellation,2627.2,2008.67
PREM003209,POL003309,COV003209,2024-10-02,2025-10-02,endorsement,718.16,673.49
PREM003210,POL003310,COV003210,2024-02-02,2025-02-01,reinstatement,906.41,681.37
PREM003211,POL003311,COV003211,2025-01-26,2026-01-26,new_business,1242.77,1153.16
PREM003212,POL003312,COV003212,2024-03-26,2025-03-26,endorsement,1204.87,849.53
PREM003213,POL003313,COV003213,2024-07-08,2025-07-08,audit,765.33,402.49
PREM003214,POL003314,COV003214,2026-06-16,2027-06-16,endorsement,2627.55,1822.69
PREM003215,POL003315,COV003215,2023-10-10,2024-10-09,audit,2955.89,2199.63
PREM003216,POL003316,COV003216,2026-06-27,2027-06-27,cancellation,1936.1,1001.3
PREM003217,POL003317,COV003217,2025-03-22,2026-03-22,renewal,628.49,405.86
PREM003218,POL003318,COV003218,2024-07-20,2025-07-20,new_business,2321.52,1664.58
PREM003219,POL003319,COV003219,2024-03-31,2025-03-31,endorsement,2360.48,2053.46
PREM003220,POL003320,COV003220,2026-01-21,2027-01-21,audit,1164.93,627.28
PREM003221,POL003321,COV003221,2026-01-06,2027-01-06,new_business,2728.5,2212.85
PREM003222,POL003322,COV003222,2023-09-03,2024-09-02,renewal,1711.89,1001.37
PREM003223,POL003323,COV003223,2023-12-07,2024-12-06,reinstatement,1702.37,867.59
PREM003224,POL003324,COV003224,2023-07-29,2024-07-28,new_business,1337.05,678.24
PREM003225,POL003325,COV003225,2024-09-09,2025-09-09,reinstatement,2961.61,2307.94
PREM003226,POL003326,COV003226,2025-08-31,2026-08-31,audit,524.49,458.1
PREM003227,POL003327,COV003227,2024-12-05,2025-12-05,renewal,1924.38,1545.71
PREM003228,POL003328,COV003228,2023-09-04,2024-09-03,new_business,395.84,324.4
PREM003229,POL003329,COV003229,2026-01-15,2027-01-15,cancellation,1234.75,835.53
PREM003230,POL003330,COV003230,2025-06-18,2026-06-18,reinstatement,704.27,420.83
PREM003231,POL003331,COV003231,2024-07-17,2025-07-17,endorsement,2241.28,1654.79
PREM003232,POL003332,COV003232,2024-11-09,2025-11-09,audit,2032.52,1256.98
PREM003233,POL003333,COV003233,2026-01-07,2027-01-07,reinstatement,1623.35,1524.17
PREM003234,POL003334,COV003234,2023-07-12,2024-07-11,reinstatement,1862.39,1653.14
PREM003235,POL003335,COV003235,2026-06-11,2027-06-11,renewal,2683.11,1494.17
PREM003236,POL003336,COV003236,2025-03-08,2026-03-08,reinstatement,2623.96,2343.81
PREM003237,POL003337,COV003237,2023-05-12,2024-05-11,reinstatement,1663.96,1008.43
PREM003238,POL003338,COV003238,2025-08-22,2026-08-22,new_business,2527.73,2238.13
PREM003239,POL003339,COV003239,2025-04-16,2026-04-16,endorsement,2229.85,1621.98
PREM003240,POL003340,COV003240,2023-04-08,2024-04-07,endorsement,1576.03,1272.6
PREM003241,POL003341,COV003241,2023-07-01,2024-06-30,new_business,2359.02,1326.03
PREM003242,POL003342,COV003242,2024-06-12,2025-06-12,reinstatement,2218.47,1493.03
PREM003243,POL003343,COV003243,2024-08-02,2025-08-02,reinstatement,1713.36,879.44
PREM003244,POL003344,COV003244,2023-12-24,2024-12-23,reinstatement,2649.81,2311.7
PREM003245,POL003345,COV003245,2025-07-22,2026-07-22,new_business,509.11,279.17
PREM003246,POL003346,COV003246,2026-03-10,2027-03-10,endorsement,1622.33,840.15
PREM003247,POL003347,COV003247,2025-02-08,2026-02-08,reinstatement,1724.78,1658.47
PREM003248,POL003348,COV003248,2024-01-27,2025-01-26,new_business,245.02,123.03
PREM003249,POL003349,COV003249,2026-05-24,2027-05-24,endorsement,2030.61,1710.72
PREM003250,POL003350,COV003250,2025-10-08,2026-10-08,cancellation,780.33,487.5
PREM003251,POL003351,COV003251,2023-11-27,2024-11-26,audit,1738.48,1660.44
PREM003252,POL003352,COV003252,2025-06-08,2026-06-08,new_business,343.23,273.41
PREM003253,POL003353,COV003253,2024-10-26,2025-10-26,reinstatement,262.41,168.88
PREM003254,POL003354,COV003254,2023-09-25,2024-09-24,new_business,566.94,339.69
PREM003255,POL003355,COV003255,2024-01-11,2025-01-10,endorsement,2817.08,1462.53
PREM003256,POL003356,COV003256,2023-07-23,2024-07-22,renewal,787.16,672.81
PREM003257,POL003357,COV003257,2024-06-27,2025-06-27,renewal,1339.55,736.26
PREM003258,POL003358,COV003258,2025-10-21,2026-10-21,new_business,2065.89,1898.32
PREM003259,POL003359,COV003259,2025-03-24,2026-03-24,cancellation,1251.71,854.11
PREM003260,POL003360,COV003260,2023-02-23,2024-02-23,cancellation,116.81,93.38
PREM003261,POL003361,COV003261,2023-04-13,2024-04-12,renewal,2444.05,1903.38
PREM003262,POL003362,COV003262,2024-03-12,2025-03-12,audit,2138.93,1492.3
PREM003263,POL003363,COV003263,2024-09-12,2025-09-12,endorsement,1589.44,1146.79
PREM003264,POL003364,COV003264,2026-06-12,2027-06-12,endorsement,2772.8,1432.16
PREM003265,POL003365,COV003265,2023-11-11,2024-11-10,renewal,1815.99,1313.24
PREM003266,POL003366,COV003266,2025-11-16,2026-11-16,endorsement,2072.7,1090.47
PREM003267,POL003367,COV003267,2024-12-11,2025-12-11,cancellation,1483.39,1427.16
PREM003268,POL003368,COV003268,2023-04-07,2024-04-06,renewal,1780.03,1675.83
PREM003269,POL003369,COV003269,2026-05-30,2027-05-30,renewal,1540.06,1188.19
PREM003270,POL003370,COV003270,2026-09-10,2027-09-10,audit,357.63,278.63
PREM003271,POL003371,COV003271,2024-05-23,2025-05-23,reinstatement,2640.11,1747.52
PREM003272,POL003372,COV003272,2023-12-12,2024-12-11,renewal,1505.5,1443.75
PREM003273,POL003373,COV003273,2024-10-06,2025-10-06,cancellation,1979.39,1244.43
PREM003274,POL003374,COV003274,2026-01-22,2027-01-22,new_business,1266.01,726.21
PREM003275,POL003375,COV003275,2023-11-01,2024-10-31,cancellation,2234.11,1359.53
PREM003276,POL003376,COV003276,2026-02-28,2027-02-28,endorsement,2686.89,1563.83
PREM003277,POL003377,COV003277,2026-01-18,2027-01-18,renewal,1021.54,765.23
PREM003278,POL003378,COV003278,2023-01-27,2024-01-27,renewal,258.75,158.73
PREM003279,POL003379,COV003279,2023-12-14,2024-12-13,audit,482.12,438.71
PREM003280,POL003380,COV003280,2024-03-21,2025-03-21,cancellation,1182.55,818.49
PREM003281,POL003381,COV003281,2023-02-21,2024-02-21,new_business,995.33,975.82
PREM003282,POL003382,COV003282,2023-02-09,2024-02-09,reinstatement,240.47,160.78
PREM003283,POL003383,COV003283,2023-05-26,2024-05-25,renewal,1930.03,994.35
PREM003284,POL003384,COV003284,2024-11-02,2025-11-02,reinstatement,1055.61,913.59
PREM003285,POL003385,COV003285,2024-04-24,2025-04-24,endorsement,1901.59,1153.4
PREM003286,POL003386,COV003286,2025-11-12,2026-11-12,new_business,1715.17,1648.36
PREM003287,POL003387,COV003287,2023-04-05,2024-04-04,audit,997.34,541.36
PREM003288,POL003388,COV003288,2026-09-15,2027-09-15,cancellation,217.34,141.98
PREM003289,POL003389,COV003289,2026-05-26,2027-05-26,cancellation,1244.9,786.37
PREM003290,POL003390,COV003290,2026-01-13,2027-01-13,reinstatement,2794.23,2075.61
PREM003291,POL003391,COV003291,2023-06-06,2024-06-05,cancellation,1283.56,1035.82
PREM003292,POL003392,COV003292,2023-08-01,2024-07-31,cancellation,946.49,841.11
PREM003293,POL003393,COV003293,2026-05-31,2027-05-31,audit,2399.33,1753.64
PREM003294,POL003394,COV003294,2024-02-03,2025-02-02,renewal,57.75,50.78
PREM003295,POL003395,COV003295,2025-05-22,2026-05-22,audit,639.61,610.27
PREM003296,POL003396,COV003296,2023-08-03,2024-08-02,renewal,856.52,787.42
PREM003297,POL003397,COV003297,2025-08-30,2026-08-30,new_business,606.38,500.01
PREM003298,POL003398,COV003298,2024-10-23,2025-10-23,cancellation,117.08,67.12
PREM003299,POL003399,COV003299,2025-08-04,2026-08-04,endorsement,138.52,128.58
PREM003300,POL003400,COV003300,2026-02-04,2027-02-04,cancellation,682.71,525.96
PREM003301,POL003401,COV003301,2024-08-03,2025-08-03,reinstatement,2202.29,1596.65
PREM003302,POL003402,COV003302,2024-09-23,2025-09-23,cancellation,1100.73,653.25
PREM003303,POL003403,COV003303,2023-11-04,2024-11-03,new_business,421.94,306.02
PREM003304,POL003404,COV003304,2023-11-28,2024-11-27,endorsement,2319.03,1334.3
PREM003305,POL003405,COV003305,2023-09-15,2024-09-14,new_business,600.05,419.72
PREM003306,POL003406,COV003306,2025-03-26,2026-03-26,cancellation,820.93,799.46
PREM003307,POL003407,COV003307,2025-04-17,2026-04-17,renewal,2788.27,1880.55
PREM003308,POL003408,COV003308,2023-11-26,2024-11-25,cancellation,2409.18,1921.98
PREM003309,POL003409,COV003309,2025-12-02,2026-12-02,new_business,2160.42,1432.34
PREM003310,POL003410,COV003310,2024-05-24,2025-05-24,reinstatement,234.95,127.67
PREM003311,POL003411,COV003311,2023-12-04,2024-12-03,new_business,1591.11,1461.15
PREM003312,POL003412,COV003312,2024-10-21,2025-10-21,reinstatement,2853.83,2116.56
PREM003313,POL003413,COV003313,2023-02-13,2024-02-13,audit,599.75,344.49
PREM003314,POL003414,COV003314,2024-02-25,2025-02-24,renewal,615.7,415.42
PREM003315,POL003415,COV003315,2023-01-27,2024-01-27,audit,2347.06,1441.96
PREM003316,POL003416,COV003316,2026-07-03,2027-07-03,endorsement,2380.92,1541.42
PREM003317,POL003417,COV003317,2025-09-22,2026-09-22,new_business,591.25,449.84
PREM003318,POL003418,COV003318,2023-11-28,2024-11-27,reinstatement,768.89,461.49
PREM003319,POL003419,COV003319,2024-02-17,2025-02-16,renewal,1663.64,1629.17
PREM003320,POL003420,COV003320,2025-09-12,2026-09-12,audit,1667.62,1663.85
PREM003321,POL003421,COV003321,2025-02-08,2026-02-08,reinstatement,2326.8,1639.0
PREM003322,POL003422,COV003322,2023-02-20,2024-02-20,audit,2777.89,1614.85
PREM003323,POL003423,COV003323,2023-04-02,2024-04-01,reinstatement,1294.56,673.91
PREM003324,POL003424,COV003324,2023-02-10,2024-02-10,renewal,183.31,166.36
PREM003325,POL003425,COV003325,2023-08-28,2024-08-27,cancellation,2211.33,1405.35
PREM003326,POL003426,COV003326,2023-07-14,2024-07-13,endorsement,2415.49,1551.94
PREM003327,POL003427,COV003327,2024-04-08,2025-04-08,audit,1174.78,915.87
PREM003328,POL003428,COV003328,2024-08-10,2025-08-10,reinstatement,1972.7,1828.91
PREM003329,POL003429,COV003329,2023-08-03,2024-08-02,cancellation,548.26,324.0
PREM003330,POL003430,COV003330,2025-12-17,2026-12-17,endorsement,2170.5,1168.68
PREM003331,POL003431,COV003331,2025-07-18,2026-07-18,endorsement,2432.23,1703.26
PREM003332,POL003432,COV003332,2025-03-16,2026-03-16,new_business,1312.33,1018.87
PREM003333,POL003433,COV003333,2025-01-20,2026-01-20,reinstatement,1585.72,979.47
PREM003334,POL003434,COV003334,2026-03-06,2027-03-06,reinstatement,1729.11,865.09
PREM003335,POL003435,COV003335,2024-12-13,2025-12-13,endorsement,1012.21,1007.61
PREM003336,POL003436,COV003336,2024-04-29,2025-04-29,renewal,2255.38,2049.88
PREM003337,POL003437,COV003337,2026-03-11,2027-03-11,renewal,501.11,356.01
PREM003338,POL003438,COV003338,2025-01-08,2026-01-08,audit,1752.76,1039.79
PREM003339,POL003439,COV003339,2023-01-10,2024-01-10,endorsement,2087.01,1713.75
PREM003340,POL003440,COV003340,2025-07-14,2026-07-14,new_business,445.03,317.85
PREM003341,POL003441,COV003341,2023-05-17,2024-05-16,cancellation,622.5,594.58
PREM003342,POL003442,COV003342,2025-04-14,2026-04-14,new_business,1257.08,1179.34
PREM003343,POL003443,COV003343,2025-12-13,2026-12-13,audit,725.02,437.45
PREM003344,POL003444,COV003344,2024-11-09,2025-11-09,renewal,2008.18,1215.41
PREM003345,POL003445,COV003345,2026-06-18,2027-06-18,reinstatement,586.33,309.38
PREM003346,POL003446,COV003346,2025-07-31,2026-07-31,audit,57.47,36.05
PREM003347,POL003447,COV003347,2026-05-14,2027-05-14,reinstatement,2266.05,1874.05
PREM003348,POL003448,COV003348,2023-03-09,2024-03-08,renewal,1826.19,1729.08
PREM003349,POL003449,COV003349,2026-08-16,2027-08-16,cancellation,1652.99,1521.11
PREM003350,POL003450,COV003350,2024-01-20,2025-01-19,audit,171.32,134.54
PREM003351,POL003451,COV003351,2023-04-22,2024-04-21,renewal,535.54,370.05
PREM003352,POL003452,COV003352,2023-01-15,2024-01-15,endorsement,801.75,654.39
PREM003353,POL003453,COV003353,2023-12-15,2024-12-14,renewal,1119.2,955.67
PREM003354,POL003454,COV003354,2024-09-20,2025-09-20,new_business,2559.74,2363.28
PREM003355,POL003455,COV003355,2023-09-19,2024-09-18,cancellation,1516.46,1132.43
PREM003356,POL003456,COV003356,2024-03-07,2025-03-07,audit,1338.03,1179.76
PREM003357,POL003457,COV003357,2023-05-27,2024-05-26,renewal,2337.03,2065.46
PREM003358,POL003458,COV003358,2023-03-03,2024-03-02,new_business,2351.49,1912.48
PREM003359,POL003459,COV003359,2023-06-24,2024-06-23,renewal,2721.74,1529.17
PREM003360,POL003460,COV003360,2023-03-31,2024-03-30,endorsement,671.06,512.37
PREM003361,POL003461,COV003361,2024-07-07,2025-07-07,audit,1217.34,1177.96
PREM003362,POL003462,COV003362,2023-04-20,2024-04-19,renewal,1679.88,912.52
PREM003363,POL003463,COV003363,2025-04-17,2026-04-17,reinstatement,2130.23,1129.48
PREM003364,POL003464,COV003364,2025-10-28,2026-10-28,endorsement,1721.06,1680.01
PREM003365,POL003465,COV003365,2024-09-12,2025-09-12,cancellation,1167.36,1078.98
PREM003366,POL003466,COV003366,2025-12-06,2026-12-06,audit,1428.66,1381.45
PREM003367,POL003467,COV003367,2024-08-23,2025-08-23,cancellation,2672.45,2523.56
PREM003368,POL003468,COV003368,2023-02-17,2024-02-17,reinstatement,2687.61,2259.77
PREM003369,POL003469,COV003369,2025-04-15,2026-04-15,endorsement,178.71,98.49
PREM003370,POL003470,COV003370,2023-12-21,2024-12-20,endorsement,705.86,693.17
PREM003371,POL003471,COV003371,2025-11-08,2026-11-08,audit,2155.43,1468.39
PREM003372,POL003472,COV003372,2024-08-12,2025-08-12,endorsement,2118.91,1289.55
PREM003373,POL003473,COV003373,2025-07-23,2026-07-23,cancellation,2545.0,1491.87
PREM003374,POL003474,COV003374,2023-04-14,2024-04-13,reinstatement,466.65,353.0
PREM003375,POL003475,COV003375,2024-04-14,2025-04-14,cancellation,1977.02,1109.7
PREM003376,POL003476,COV003376,2025-08-14,2026-08-14,reinstatement,2488.97,2063.58
PREM003377,POL003477,COV003377,2024-03-21,2025-03-21,audit,1256.1,1012.14
PREM003378,POL003478,COV003378,2023-10-20,2024-10-19,reinstatement,1009.26,898.9
PREM003379,POL003479,COV003379,2025-03-06,2026-03-06,reinstatement,2395.64,1554.76
PREM003380,POL003480,COV003380,2024-03-24,2025-03-24,renewal,1803.51,1146.83
PREM003381,POL003481,COV003381,2025-12-16,2026-12-16,cancellation,2987.16,2664.33
PREM003382,POL003482,COV003382,2026-03-06,2027-03-06,cancellation,1945.71,1038.23
PREM003383,POL003483,COV003383,2026-07-02,2027-07-02,audit,591.01,443.2
PREM003384,POL003484,COV003384,2024-12-11,2025-12-11,audit,2954.08,2571.35
PREM003385,POL003485,COV003385,2024-09-04,2025-09-04,cancellation,458.91,445.78
PREM003386,POL003486,COV003386,2026-05-25,2027-05-25,cancellation,2896.83,1575.65
PREM003387,POL003487,COV003387,2023-02-26,2024-02-26,cancellation,1010.13,804.46
PREM003388,POL003488,COV003388,2026-04-28,2027-04-28,cancellation,2502.09,2126.69
PREM003389,POL003489,COV003389,2025-11-04,2026-11-04,cancellation,548.04,335.35
PREM003390,POL003490,COV003390,2024-06-18,2025-06-18,audit,212.22,128.16
PREM003391,POL003491,COV003391,2025-04-06,2026-04-06,endorsement,400.61,376.88
PREM003392,POL003492,COV003392,2024-05-20,2025-05-20,new_business,807.99,406.57
PREM003393,POL003493,COV003393,2023-05-18,2024-05-17,cancellation,2028.72,1161.21
PREM003394,POL003494,COV003394,2023-01-03,2024-01-03,audit,2005.83,1935.7
PREM003395,POL003495,COV003395,2025-08-28,2026-08-28,new_business,116.33,109.1
PREM003396,POL003496,COV003396,2023-10-14,2024-10-13,new_business,376.48,283.08
PREM003397,POL003497,COV003397,2024-09-04,2025-09-04,new_business,1705.63,1179.45
PREM003398,POL003498,COV003398,2023-06-17,2024-06-16,renewal,1211.77,745.39
PREM003399,POL003499,COV003399,2024-03-05,2025-03-05,cancellation,642.8,491.1
PREM003400,POL003500,COV003400,2025-07-20,2026-07-20,new_business,2123.36,1746.66
PREM003401,POL003501,COV003401,2024-12-17,2025-12-17,new_business,2011.62,1709.29
PREM003402,POL003502,COV003402,2024-01-24,2025-01-23,cancellation,2376.51,1353.2
PREM003403,POL003503,COV003403,2024-08-21,2025-08-21,new_business,1323.21,792.76
PREM003404,POL003504,COV003404,2024-01-31,2025-01-30,new_business,1500.69,1214.88
PREM003405,POL003505,COV003405,2024-07-23,2025-07-23,reinstatement,2971.44,2523.67
PREM003406,POL003506,COV003406,2025-09-15,2026-09-15,endorsement,2872.04,1891.98
PREM003407,POL003507,COV003407,2026-07-14,2027-07-14,reinstatement,2094.54,1903.7
PREM003408,POL003508,COV003408,2024-08-28,2025-08-28,cancellation,913.79,809.99
PREM003409,POL003509,COV003409,2023-01-18,2024-01-18,new_business,695.64,694.24
PREM003410,POL003510,COV003410,2024-05-27,2025-05-27,reinstatement,1080.29,720.0
PREM003411,POL003511,COV003411,2026-01-02,2027-01-02,endorsement,1209.65,964.4
PREM003412,POL003512,COV003412,2025-02-14,2026-02-14,endorsement,642.34,363.73
PREM003413,POL003513,COV003413,2025-06-07,2026-06-07,cancellation,1419.45,1044.34
PREM003414,POL003514,COV003414,2024-08-04,2025-08-04,renewal,1198.49,600.26
PREM003415,POL003515,COV003415,2023-03-20,2024-03-19,audit,2577.4,1296.24
PREM003416,POL003516,COV003416,2023-01-16,2024-01-16,cancellation,1186.35,707.96
PREM003417,POL003517,COV003417,2024-07-20,2025-07-20,renewal,474.18,300.22
PREM003418,POL003518,COV003418,2024-11-10,2025-11-10,reinstatement,233.22,230.85
PREM003419,POL003519,COV003419,2025-07-31,2026-07-31,reinstatement,2875.95,1471.43
PREM003420,POL003520,COV003420,2023-09-15,2024-09-14,endorsement,2692.17,1741.58
PREM003421,POL003521,COV003421,2026-08-24,2027-08-24,renewal,1575.11,1229.34
PREM003422,POL003522,COV003422,2024-03-28,2025-03-28,renewal,2102.83,1674.5
PREM003423,POL003523,COV003423,2024-06-19,2025-06-19,new_business,2587.24,2444.91
PREM003424,POL003524,COV003424,2023-08-15,2024-08-14,new_business,2604.56,2226.01
PREM003425,POL003525,COV003425,2025-10-02,2026-10-02,new_business,2756.98,1666.43
PREM003426,POL003526,COV003426,2026-07-07,2027-07-07,audit,583.84,581.43
PREM003427,POL003527,COV003427,2023-11-04,2024-11-03,reinstatement,2573.97,1690.53
PREM003428,POL003528,COV003428,2026-01-21,2027-01-21,new_business,2484.11,1476.32
PREM003429,POL003529,COV003429,2024-03-06,2025-03-06,cancellation,854.58,519.43
PREM003430,POL003530,COV003430,2025-04-22,2026-04-22,reinstatement,1468.37,1390.21
PREM003431,POL003531,COV003431,2026-08-03,2027-08-03,audit,1610.41,1536.51
PREM003432,POL003532,COV003432,2026-06-29,2027-06-29,new_business,674.52,396.05
PREM003433,POL003533,COV003433,2024-10-19,2025-10-19,renewal,1152.69,835.39
PREM003434,POL003534,COV003434,2024-10-18,2025-10-18,renewal,1177.83,791.97
PREM003435,POL003535,COV003435,2025-10-03,2026-10-03,audit,391.27,206.36
PREM003436,POL003536,COV003436,2023-07-01,2024-06-30,audit,2985.26,1868.13
PREM003437,POL003537,COV003437,2025-05-07,2026-05-07,new_business,135.68,121.27
PREM003438,POL003538,COV003438,2023-03-13,2024-03-12,audit,2747.15,1977.27
PREM003439,POL003539,COV003439,2023-12-19,2024-12-18,new_business,2917.57,2123.22
PREM003440,POL003540,COV003440,2026-03-21,2027-03-21,cancellation,1595.28,1071.75
PREM003441,POL003541,COV003441,2024-07-07,2025-07-07,audit,728.71,557.3
PREM003442,POL003542,COV003442,2025-09-15,2026-09-15,renewal,938.73,618.05
PREM003443,POL003543,COV003443,2024-04-07,2025-04-07,audit,643.12,550.84
PREM003444,POL003544,COV003444,2025-04-26,2026-04-26,new_business,2776.8,1499.7
PREM003445,POL003545,COV003445,2024-11-08,2025-11-08,endorsement,2412.95,1313.05
PREM003446,POL003546,COV003446,2026-05-01,2027-05-01,renewal,1363.82,1117.49
PREM003447,POL003547,COV003447,2025-05-24,2026-05-24,new_business,687.51,657.41
PREM003448,POL003548,COV003448,2024-07-13,2025-07-13,cancellation,530.45,361.98
PREM003449,POL003549,COV003449,2024-06-12,2025-06-12,audit,2260.02,1864.4
PREM003450,POL003550,COV003450,2026-04-05,2027-04-05,endorsement,2660.94,1709.81
PREM003451,POL003551,COV003451,2023-12-04,2024-12-03,reinstatement,593.87,528.88
PREM003452,POL003552,COV003452,2024-03-12,2025-03-12,new_business,1378.71,1045.09
PREM003453,POL003553,COV003453,2023-06-22,2024-06-21,audit,1023.06,616.28
PREM003454,POL003554,COV003454,2024-06-24,2025-06-24,renewal,1961.71,1130.71
PREM003455,POL003555,COV003455,2025-12-12,2026-12-12,renewal,1923.75,1721.79
PREM003456,POL003556,COV003456,2023-06-27,2024-06-26,new_business,851.59,431.43
PREM003457,POL003557,COV003457,2026-01-28,2027-01-28,new_business,1327.39,1313.77
PREM003458,POL003558,COV003458,2023-06-18,2024-06-17,new_business,2394.91,2162.16
PREM003459,POL003559,COV003459,2026-03-16,2027-03-16,cancellation,1544.07,1036.94
PREM003460,POL003560,COV003460,2024-07-10,2025-07-10,cancellation,2069.77,1962.75
PREM003461,POL003561,COV003461,2026-05-17,2027-05-17,cancellation,2171.51,1282.86
PREM003462,POL003562,COV003462,2025-09-12,2026-09-12,reinstatement,708.35,398.27
PREM003463,POL003563,COV003463,2024-09-27,2025-09-27,cancellation,1787.78,1460.01
PREM003464,POL003564,COV003464,2025-12-08,2026-12-08,cancellation,1908.2,1070.88
PREM003465,POL003565,COV003465,2023-03-03,2024-03-02,audit,2431.35,1677.5
PREM003466,POL003566,COV003466,2024-07-19,2025-07-19,cancellation,2691.45,1593.29
PREM003467,POL003567,COV003467,2024-09-29,2025-09-29,audit,84.17,46.41
PREM003468,POL003568,COV003468,2023-09-04,2024-09-03,new_business,1585.98,1306.93
PREM003469,POL003569,COV003469,2026-09-02,2027-09-02,new_business,1565.14,1139.35
PREM003470,POL003570,COV003470,2023-07-25,2024-07-24,new_business,1052.96,872.09
PREM003471,POL003571,COV003471,2025-06-14,2026-06-14,renewal,279.17,207.21
PREM003472,POL003572,COV003472,2025-01-05,2026-01-05,reinstatement,1757.84,1621.43
PREM003473,POL003573,COV003473,2023-04-05,2024-04-04,audit,763.43,607.23
PREM003474,POL003574,COV003474,2025-01-07,2026-01-07,audit,1851.75,1665.45
PREM003475,POL003575,COV003475,2025-03-26,2026-03-26,cancellation,2340.31,1813.16
PREM003476,POL003576,COV003476,2025-11-27,2026-11-27,renewal,2347.52,1658.18
PREM003477,POL003577,COV003477,2024-05-02,2025-05-02,new_business,2115.71,1969.35
PREM003478,POL003578,COV003478,2024-02-23,2025-02-22,audit,2405.29,1793.66
PREM003479,POL003579,COV003479,2024-04-07,2025-04-07,new_business,1728.98,1403.14
PREM003480,POL003580,COV003480,2023-08-16,2024-08-15,endorsement,518.62,288.6
PREM003481,POL003581,COV003481,2024-10-18,2025-10-18,endorsement,2041.09,1254.1
PREM003482,POL003582,COV003482,2025-02-04,2026-02-04,new_business,2084.57,1140.11
PREM003483,POL003583,COV003483,2026-03-10,2027-03-10,new_business,2461.27,1531.21
PREM003484,POL003584,COV003484,2024-07-26,2025-07-26,audit,2829.42,1677.87
PREM003485,POL003585,COV003485,2023-04-01,2024-03-31,audit,560.33,305.77
PREM003486,POL003586,COV003486,2025-04-27,2026-04-27,reinstatement,938.59,484.9
PREM003487,POL003587,COV003487,2023-10-08,2024-10-07,audit,430.98,390.91
PREM003488,POL003588,COV003488,2023-03-26,2024-03-25,endorsement,668.08,566.59
PREM003489,POL003589,COV003489,2023-09-15,2024-09-14,reinstatement,2331.61,1851.94
PREM003490,POL003590,COV003490,2025-03-24,2026-03-24,endorsement,1326.72,950.63
PREM003491,POL003591,COV003491,2024-01-23,2025-01-22,renewal,1822.65,1051.93
PREM003492,POL003592,COV003492,2024-03-23,2025-03-23,new_business,792.25,587.12
PREM003493,POL003593,COV003493,2026-01-20,2027-01-20,audit,2199.34,1989.82
PREM003494,POL003594,COV003494,2023-03-22,2024-03-21,reinstatement,801.26,732.64
PREM003495,POL003595,COV003495,2025-06-08,2026-06-08,renewal,343.47,247.22
PREM003496,POL003596,COV003496,2026-02-04,2027-02-04,reinstatement,2223.16,1139.52
PREM003497,POL003597,COV003497,2023-10-15,2024-10-14,cancellation,1268.36,678.98
PREM003498,POL003598,COV003498,2024-01-10,2025-01-09,audit,2359.23,1452.86
PREM003499,POL003599,COV003499,2023-03-04,2024-03-03,reinstatement,657.61,544.57
PREM003500,POL003600,COV003500,2023-04-05,2024-04-04,audit,1724.66,1720.53
PREM003501,POL003601,COV003501,2025-07-05,2026-07-05,audit,1741.48,1614.58
PREM003502,POL003602,COV003502,2024-12-11,2025-12-11,renewal,495.49,463.81
PREM003503,POL003603,COV003503,2026-06-25,2027-06-25,audit,1005.32,950.27
PREM003504,POL003604,COV003504,2025-06-28,2026-06-28,cancellation,760.81,729.52
PREM003505,POL003605,COV003505,2023-01-15,2024-01-15,new_business,1208.63,914.82
PREM003506,POL003606,COV003506,2026-05-17,2027-05-17,endorsement,2229.59,1171.32
PREM003507,POL003607,COV003507,2023-10-03,2024-10-02,reinstatement,2089.96,1658.29
PREM003508,POL003608,COV003508,2026-01-23,2027-01-23,new_business,2294.27,2121.3
PREM003509,POL003609,COV003509,2023-01-29,2024-01-29,new_business,634.16,624.45
PREM003510,POL003610,COV003510,2025-06-07,2026-06-07,cancellation,1752.39,1044.13
PREM003511,POL003611,COV003511,2023-05-08,2024-05-07,endorsement,2693.18,2355.43
PREM003512,POL003612,COV003512,2025-05-11,2026-05-11,new_business,1956.4,1697.52
PREM003513,POL003613,COV003513,2023-06-03,2024-06-02,reinstatement,2274.7,1563.34
PREM003514,POL003614,COV003514,2024-01-13,2025-01-12,reinstatement,2563.95,1822.03
PREM003515,POL003615,COV003515,2026-04-01,2027-04-01,reinstatement,282.33,156.25
PREM003516,POL003616,COV003516,2026-08-12,2027-08-12,endorsement,1115.58,909.9
PREM003517,POL003617,COV003517,2026-05-12,2027-05-12,audit,1741.59,1328.71
PREM003518,POL003618,COV003518,2023-10-30,2024-10-29,endorsement,69.32,40.44
PREM003519,POL003619,COV003519,2025-06-19,2026-06-19,renewal,2937.92,1549.07
PREM003520,POL003620,COV003520,2023-01-13,2024-01-13,cancellation,2494.2,2477.28
PREM003521,POL003621,COV003521,2024-11-25,2025-11-25,endorsement,659.87,469.68
PREM003522,POL003622,COV003522,2023-07-08,2024-07-07,endorsement,1321.17,1085.45
PREM003523,POL003623,COV003523,2025-10-19,2026-10-19,endorsement,2993.23,2931.63
PREM003524,POL003624,COV003524,2024-01-24,2025-01-23,endorsement,2559.71,1492.18
PREM003525,POL003625,COV003525,2023-01-22,2024-01-22,reinstatement,2194.81,2041.51
PREM003526,POL003626,COV003526,2023-12-25,2024-12-24,endorsement,2345.29,1268.96
PREM003527,POL003627,COV003527,2023-11-09,2024-11-08,new_business,1536.43,1350.36
PREM003528,POL003628,COV003528,2025-03-09,2026-03-09,endorsement,473.66,339.44
PREM003529,POL003629,COV003529,2024-08-23,2025-08-23,reinstatement,1489.42,1140.63
PREM003530,POL003630,COV003530,2025-06-03,2026-06-03,audit,100.52,56.2
PREM003531,POL003631,COV003531,2025-05-25,2026-05-25,endorsement,2767.37,1493.29
PREM003532,POL003632,COV003532,2023-09-14,2024-09-13,endorsement,2287.94,1277.74
PREM003533,POL003633,COV003533,2026-01-23,2027-01-23,renewal,1734.15,940.53
PREM003534,POL003634,COV003534,2023-03-01,2024-02-29,endorsement,983.99,547.54
PREM003535,POL003635,COV003535,2024-03-09,2025-03-09,renewal,1539.63,875.69
PREM003536,POL003636,COV003536,2023-11-26,2024-11-25,endorsement,973.71,713.83
PREM003537,POL003637,COV003537,2025-10-31,2026-10-31,renewal,2538.76,1983.49
PREM003538,POL003638,COV003538,2025-01-16,2026-01-16,audit,2920.43,2666.23
PREM003539,POL003639,COV003539,2026-08-10,2027-08-10,endorsement,1291.83,1245.84
PREM003540,POL003640,COV003540,2023-01-30,2024-01-30,endorsement,1554.75,1501.96
PREM003541,POL003641,COV003541,2023-02-14,2024-02-14,endorsement,484.11,397.39
PREM003542,POL003642,COV003542,2025-03-02,2026-03-02,renewal,2108.71,1841.23
PREM003543,POL003643,COV003543,2024-08-28,2025-08-28,new_business,1255.29,1113.63
PREM003544,POL003644,COV003544,2023-04-22,2024-04-21,audit,202.41,180.51
PREM003545,POL003645,COV003545,2023-01-31,2024-01-31,endorsement,507.94,471.51
PREM003546,POL003646,COV003546,2024-02-11,2025-02-10,renewal,2694.49,1474.27
PREM003547,POL003647,COV003547,2023-06-19,2024-06-18,renewal,2552.44,1409.65
PREM003548,POL003648,COV003548,2025-12-23,2026-12-23,audit,1140.39,679.6
PREM003549,POL003649,COV003549,2025-02-18,2026-02-18,audit,1994.52,1025.44
PREM003550,POL003650,COV003550,2024-09-15,2025-09-15,reinstatement,2061.91,1859.72
PREM003551,POL003651,COV003551,2024-09-21,2025-09-21,cancellation,2729.81,2568.73
PREM003552,POL003652,COV003552,2026-07-06,2027-07-06,cancellation,1009.49,586.29
PREM003553,POL003653,COV003553,2023-02-02,2024-02-02,audit,899.59,522.64
PREM003554,POL003654,COV003554,2023-06-16,2024-06-15,new_business,1396.67,966.98
PREM003555,POL003655,COV003555,2023-01-07,2024-01-07,cancellation,1247.55,821.08
PREM003556,POL003656,COV003556,2023-03-10,2024-03-09,renewal,1900.15,1722.77
PREM003557,POL003657,COV003557,2024-05-30,2025-05-30,new_business,215.95,125.88
PREM003558,POL003658,COV003558,2023-12-27,2024-12-26,reinstatement,2767.02,1726.11
PREM003559,POL003659,COV003559,2024-11-19,2025-11-19,endorsement,683.76,560.03
PREM003560,POL003660,COV003560,2023-10-08,2024-10-07,new_business,2034.87,1572.25
PREM003561,POL003661,COV003561,2024-08-31,2025-08-31,reinstatement,1010.33,825.62
PREM003562,POL003662,COV003562,2024-01-13,2025-01-12,cancellation,2235.77,2148.56
PREM003563,POL003663,COV003563,2025-01-27,2026-01-27,endorsement,1447.46,1328.37
PREM003564,POL003664,COV003564,2023-04-02,2024-04-01,audit,1261.62,699.93
PREM003565,POL003665,COV003565,2024-04-07,2025-04-07,audit,644.2,398.43
PREM003566,POL003666,COV003566,2026-08-28,2027-08-28,audit,1179.76,694.08
PREM003567,POL003667,COV003567,2024-03-27,2025-03-27,new_business,2712.93,2662.42
PREM003568,POL003668,COV003568,2026-03-02,2027-03-02,renewal,1438.44,1204.01
PREM003569,POL003669,COV003569,2024-05-08,2025-05-08,cancellation,1622.38,820.97
PREM003570,POL003670,COV003570,2025-10-09,2026-10-09,renewal,2112.01,1840.58
PREM003571,POL003671,COV003571,2024-01-14,2025-01-13,renewal,748.58,393.07
PREM003572,POL003672,COV003572,2023-04-07,2024-04-06,new_business,1427.9,1411.73
PREM003573,POL003673,COV003573,2024-11-15,2025-11-15,endorsement,364.22,293.25
PREM003574,POL003674,COV003574,2023-04-03,2024-04-02,renewal,1463.88,1001.31
PREM003575,POL003675,COV003575,2025-12-22,2026-12-22,reinstatement,2515.75,1803.17
PREM003576,POL003676,COV003576,2024-06-18,2025-06-18,cancellation,1748.67,1178.75
PREM003577,POL003677,COV003577,2023-03-19,2024-03-18,audit,1662.37,990.89
PREM003578,POL003678,COV003578,2026-07-26,2027-07-26,new_business,1448.17,817.57
PREM003579,POL003679,COV003579,2025-03-04,2026-03-04,endorsement,684.25,354.94
PREM003580,POL003680,COV003580,2026-04-26,2027-04-26,reinstatement,616.98,555.24
PREM003581,POL003681,COV003581,2024-02-12,2025-02-11,renewal,2334.56,1658.65
PREM003582,POL003682,COV003582,2025-01-21,2026-01-21,cancellation,1332.72,887.51
PREM003583,POL003683,COV003583,2024-01-22,2025-01-21,renewal,2499.49,2439.39
PREM003584,POL003684,COV003584,2024-07-11,2025-07-11,cancellation,217.03,129.83
PREM003585,POL003685,COV003585,2023-10-20,2024-10-19,renewal,1449.3,1211.2
PREM003586,POL003686,COV003586,2025-10-05,2026-10-05,new_business,93.02,47.0
PREM003587,POL003687,COV003587,2023-10-20,2024-10-19,renewal,2603.63,1972.91
PREM003588,POL003688,COV003588,2023-01-16,2024-01-16,new_business,302.91,295.44
PREM003589,POL003689,COV003589,2024-12-06,2025-12-06,cancellation,1852.88,1197.67
PREM003590,POL003690,COV003590,2025-05-02,2026-05-02,audit,2892.67,2597.46
PREM003591,POL003691,COV003591,2024-11-14,2025-11-14,endorsement,1334.06,1290.27
PREM003592,POL003692,COV003592,2024-12-27,2025-12-27,new_business,1493.87,931.23
PREM003593,POL003693,COV003593,2025-12-17,2026-12-17,renewal,2426.29,2326.4
PREM003594,POL003694,COV003594,2025-07-25,2026-07-25,renewal,363.41,273.41
PREM003595,POL003695,COV003595,2023-03-01,2024-02-29,cancellation,863.17,707.2
PREM003596,POL003696,COV003596,2024-04-02,2025-04-02,audit,1895.88,1050.04
PREM003597,POL003697,COV003597,2025-04-28,2026-04-28,reinstatement,2905.25,1762.83
PREM003598,POL003698,COV003598,2024-02-13,2025-02-12,cancellation,643.52,485.21
PREM003599,POL003699,COV003599,2026-06-02,2027-06-02,audit,2841.81,2141.74
PREM003600,POL003700,COV003600,2025-02-16,2026-02-16,new_business,1605.5,1319.6
PREM003601,POL003701,COV003601,2026-02-20,2027-02-20,renewal,2037.65,1368.73
PREM003602,POL003702,COV003602,2025-11-05,2026-11-05,cancellation,171.23,156.33
PREM003603,POL003703,COV003603,2024-10-29,2025-10-29,cancellation,462.18,423.79
PREM003604,POL003704,COV003604,2023-12-27,2024-12-26,endorsement,2092.9,1812.58
PREM003605,POL003705,COV003605,2023-04-05,2024-04-04,cancellation,971.95,618.33
PREM003606,POL003706,COV003606,2026-08-06,2027-08-06,reinstatement,1042.73,616.89
PREM003607,POL003707,COV003607,2023-03-20,2024-03-19,audit,641.41,492.98
PREM003608,POL003708,COV003608,2024-03-19,2025-03-19,cancellation,536.61,490.25
PREM003609,POL003709,COV003609,2023-12-12,2024-12-11,new_business,727.28,523.79
PREM003610,POL003710,COV003610,2026-07-14,2027-07-14,endorsement,1425.78,864.84
PREM003611,POL003711,COV003611,2023-08-15,2024-08-14,endorsement,850.67,765.37
PREM003612,POL003712,COV003612,2023-10-22,2024-10-21,renewal,83.99,81.68
PREM003613,POL003713,COV003613,2023-10-07,2024-10-06,endorsement,2486.41,2047.96
PREM003614,POL003714,COV003614,2023-01-01,2024-01-01,renewal,427.83,279.91
PREM003615,POL003715,COV003615,2026-09-08,2027-09-08,renewal,1584.88,1056.44
PREM003616,POL003716,COV003616,2026-05-22,2027-05-22,new_business,1211.27,641.66
PREM003617,POL003717,COV003617,2024-04-09,2025-04-09,audit,87.98,49.21
PREM003618,POL003718,COV003618,2024-04-17,2025-04-17,renewal,196.12,135.84
PREM003619,POL003719,COV003619,2025-10-19,2026-10-19,new_business,1797.3,1021.18
PREM003620,POL003720,COV003620,2023-02-12,2024-02-12,cancellation,2043.44,1607.51
PREM003621,POL003721,COV003621,2024-05-05,2025-05-05,renewal,79.67,47.65
PREM003622,POL003722,COV003622,2024-07-30,2025-07-30,audit,2702.69,2399.37
PREM003623,POL003723,COV003623,2024-04-11,2025-04-11,new_business,1215.22,906.05
PREM003624,POL003724,COV003624,2024-09-02,2025-09-02,audit,2899.18,2210.44
PREM003625,POL003725,COV003625,2026-06-18,2027-06-18,reinstatement,2419.83,1611.93
PREM003626,POL003726,COV003626,2026-05-12,2027-05-12,new_business,644.22,451.7
PREM003627,POL003727,COV003627,2023-12-02,2024-12-01,endorsement,2108.98,1388.49
PREM003628,POL003728,COV003628,2025-07-19,2026-07-19,cancellation,2474.49,1671.28
PREM003629,POL003729,COV003629,2025-09-05,2026-09-05,new_business,2824.84,2746.32
PREM003630,POL003730,COV003630,2025-03-04,2026-03-04,audit,2899.95,2084.65
PREM003631,POL003731,COV003631,2026-08-09,2027-08-09,new_business,537.83,364.3
PREM003632,POL003732,COV003632,2024-09-03,2025-09-03,cancellation,620.26,365.7
PREM003633,POL003733,COV003633,2024-11-30,2025-11-30,reinstatement,850.56,847.81
PREM003634,POL003734,COV003634,2026-04-20,2027-04-20,audit,914.34,653.38
PREM003635,POL003735,COV003635,2025-03-27,2026-03-27,cancellation,1699.85,915.05
PREM003636,POL003736,COV003636,2025-04-01,2026-04-01,new_business,1442.68,915.44
PREM003637,POL003737,COV003637,2024-03-01,2025-03-01,reinstatement,2014.15,1391.83
PREM003638,POL003738,COV003638,2025-10-01,2026-10-01,cancellation,350.43,258.65
PREM003639,POL003739,COV003639,2023-06-02,2024-06-01,endorsement,906.09,469.13
PREM003640,POL003740,COV003640,2023-10-18,2024-10-17,cancellation,1172.25,1077.92
PREM003641,POL003741,COV003641,2023-08-28,2024-08-27,reinstatement,986.1,550.72
PREM003642,POL003742,COV003642,2024-09-06,2025-09-06,audit,2479.8,2113.44
PREM003643,POL003743,COV003643,2024-08-25,2025-08-25,audit,2397.91,2284.77
PREM003644,POL003744,COV003644,2024-04-24,2025-04-24,new_business,1965.09,1130.06
PREM003645,POL003745,COV003645,2023-11-12,2024-11-11,new_business,2860.27,1634.15
PREM003646,POL003746,COV003646,2026-03-12,2027-03-12,cancellation,2445.1,1379.85
PREM003647,POL003747,COV003647,2025-09-30,2026-09-30,audit,929.7,699.6
PREM003648,POL003748,COV003648,2025-02-01,2026-02-01,endorsement,205.98,131.3
PREM003649,POL003749,COV003649,2025-01-09,2026-01-09,cancellation,2832.14,1865.76
PREM003650,POL003750,COV003650,2024-02-05,2025-02-04,renewal,2358.03,1234.02
PREM003651,POL003751,COV003651,2023-05-16,2024-05-15,renewal,373.6,310.67
PREM003652,POL003752,COV003652,2025-08-18,2026-08-18,audit,1474.75,904.79
PREM003653,POL003753,COV003653,2026-01-04,2027-01-04,endorsement,1817.89,1652.39
PREM003654,POL003754,COV003654,2023-05-21,2024-05-20,new_business,2078.56,1183.57
PREM003655,POL003755,COV003655,2023-01-08,2024-01-08,new_business,2493.01,2306.08
PREM003656,POL003756,COV003656,2024-09-08,2025-09-08,cancellation,1212.26,667.35
PREM003657,POL003757,COV003657,2025-08-26,2026-08-26,cancellation,2105.7,1189.5
PREM003658,POL003758,COV003658,2025-04-06,2026-04-06,renewal,2697.89,2571.74
PREM003659,POL003759,COV003659,2026-01-20,2027-01-20,audit,849.46,588.26
PREM003660,POL003760,COV003660,2025-12-05,2026-12-05,endorsement,2164.46,1120.67
PREM003661,POL003761,COV003661,2023-06-09,2024-06-08,audit,411.53,279.48
PREM003662,POL003762,COV003662,2024-08-30,2025-08-30,audit,368.72,253.95
PREM003663,POL003763,COV003663,2023-04-24,2024-04-23,cancellation,950.92,507.99
PREM003664,POL003764,COV003664,2023-11-13,2024-11-12,audit,1902.23,1136.47
PREM003665,POL003765,COV003665,2023-10-18,2024-10-17,reinstatement,2711.59,2477.95
PREM003666,POL003766,COV003666,2025-08-23,2026-08-23,cancellation,2615.13,2397.39
PREM003667,POL003767,COV003667,2025-09-30,2026-09-30,reinstatement,2941.95,2608.17
PREM003668,POL003768,COV003668,2025-07-06,2026-07-06,reinstatement,691.95,493.31
PREM003669,POL003769,COV003669,2023-11-24,2024-11-23,audit,1246.05,991.9
PREM003670,POL003770,COV003670,2023-09-25,2024-09-24,reinstatement,1461.89,1016.19
PREM003671,POL003771,COV003671,2023-10-16,2024-10-15,reinstatement,253.65,148.69
PREM003672,POL003772,COV003672,2026-09-02,2027-09-02,reinstatement,2137.89,1612.42
PREM003673,POL003773,COV003673,2023-02-17,2024-02-17,renewal,102.54,85.11
PREM003674,POL003774,COV003674,2023-08-05,2024-08-04,renewal,1538.77,1083.97
PREM003675,POL003775,COV003675,2024-12-13,2025-12-13,cancellation,1572.54,1264.99
PREM003676,POL003776,COV003676,2026-06-10,2027-06-10,renewal,749.38,417.39
PREM003677,POL003777,COV003677,2023-02-23,2024-02-23,cancellation,752.74,672.68
PREM003678,POL003778,COV003678,2025-09-14,2026-09-14,endorsement,2970.19,1944.7
PREM003679,POL003779,COV003679,2024-08-10,2025-08-10,cancellation,2443.66,2431.29
PREM003680,POL003780,COV003680,2025-11-10,2026-11-10,reinstatement,1470.63,922.56
PREM003681,POL003781,COV003681,2025-07-16,2026-07-16,reinstatement,440.09,268.29
PREM003682,POL003782,COV003682,2026-01-25,2027-01-25,cancellation,1422.61,931.34
PREM003683,POL003783,COV003683,2024-06-12,2025-06-12,renewal,2309.05,1483.38
PREM003684,POL003784,COV003684,2025-05-14,2026-05-14,endorsement,524.44,448.03
PREM003685,POL003785,COV003685,2025-12-26,2026-12-26,reinstatement,850.15,618.45
PREM003686,POL003786,COV003686,2024-01-23,2025-01-22,renewal,553.47,304.36
PREM003687,POL003787,COV003687,2026-06-19,2027-06-19,endorsement,2689.1,2566.78
PREM003688,POL003788,COV003688,2024-11-12,2025-11-12,endorsement,67.58,65.81
PREM003689,POL003789,COV003689,2024-05-30,2025-05-30,endorsement,2218.87,2172.26
PREM003690,POL003790,COV003690,2025-08-05,2026-08-05,renewal,2892.56,1922.31
PREM003691,POL003791,COV003691,2024-06-01,2025-06-01,endorsement,928.19,555.08
PREM003692,POL003792,COV003692,2025-05-05,2026-05-05,endorsement,196.89,114.13
PREM003693,POL003793,COV003693,2024-06-24,2025-06-24,audit,680.4,397.54
PREM003694,POL003794,COV003694,2026-02-03,2027-02-03,audit,1288.55,1286.42
PREM003695,POL003795,COV003695,2024-01-25,2025-01-24,renewal,713.19,499.08
PREM003696,POL003796,COV003696,2024-04-14,2025-04-14,reinstatement,2314.67,1475.54
PREM003697,POL003797,COV003697,2025-06-15,2026-06-15,new_business,918.93,528.27
PREM003698,POL003798,COV003698,2024-10-10,2025-10-10,endorsement,1709.33,1085.45
PREM003699,POL003799,COV003699,2024-01-24,2025-01-23,renewal,711.92,503.07
PREM003700,POL003800,COV003700,2026-04-05,2027-04-05,audit,1551.47,1172.0
PREM003701,POL003801,COV003701,2025-03-27,2026-03-27,new_business,1667.56,1545.41
PREM003702,POL003802,COV003702,2024-02-23,2025-02-22,reinstatement,144.0,79.04
PREM003703,POL003803,COV003703,2023-09-11,2024-09-10,cancellation,1203.3,959.7
PREM003704,POL003804,COV003704,2026-03-03,2027-03-03,endorsement,202.01,104.79
PREM003705,POL003805,COV003705,2024-01-08,2025-01-07,audit,1782.36,964.97
PREM003706,POL003806,COV003706,2023-04-23,2024-04-22,cancellation,394.0,326.06
PREM003707,POL003807,COV003707,2026-06-10,2027-06-10,audit,2798.18,1596.87
PREM003708,POL003808,COV003708,2024-04-04,2025-04-04,endorsement,1565.7,1015.11
PREM003709,POL003809,COV003709,2023-03-27,2024-03-26,reinstatement,1263.2,796.15
PREM003710,POL003810,COV003710,2026-06-22,2027-06-22,new_business,1468.56,1241.32
PREM003711,POL003811,COV003711,2024-07-15,2025-07-15,endorsement,2765.18,1732.1
PREM003712,POL003812,COV003712,2023-10-26,2024-10-25,endorsement,1773.29,1151.24
PREM003713,POL003813,COV003713,2024-05-10,2025-05-10,cancellation,824.12,579.43
PREM003714,POL003814,COV003714,2025-05-20,2026-05-20,new_business,928.14,486.77
PREM003715,POL003815,COV003715,2025-01-10,2026-01-10,renewal,409.28,214.12
PREM003716,POL003816,COV003716,2026-05-26,2027-05-26,audit,2266.29,1290.02
PREM003717,POL003817,COV003717,2023-08-04,2024-08-03,audit,157.36,97.34
PREM003718,POL003818,COV003718,2024-11-15,2025-11-15,cancellation,2069.65,1502.03
PREM003719,POL003819,COV003719,2026-06-10,2027-06-10,audit,454.78,242.37
PREM003720,POL003820,COV003720,2026-05-29,2027-05-29,new_business,2608.51,1490.02
PREM003721,POL003821,COV003721,2024-07-07,2025-07-07,reinstatement,1756.83,997.3
PREM003722,POL003822,COV003722,2024-06-03,2025-06-03,new_business,2028.16,1766.59
PREM003723,POL003823,COV003723,2023-03-30,2024-03-29,audit,2223.16,2021.93
PREM003724,POL003824,COV003724,2026-05-15,2027-05-15,endorsement,2837.31,1751.36
PREM003725,POL003825,COV003725,2026-04-01,2027-04-01,renewal,538.22,374.8
PREM003726,POL003826,COV003726,2026-03-30,2027-03-30,audit,1513.7,921.61
PREM003727,POL003827,COV003727,2023-01-03,2024-01-03,audit,1384.92,932.47
PREM003728,POL003828,COV003728,2026-03-15,2027-03-15,endorsement,606.29,389.64
PREM003729,POL003829,COV003729,2025-12-14,2026-12-14,cancellation,2248.68,1902.69
PREM003730,POL003830,COV003730,2025-10-14,2026-10-14,reinstatement,450.45,327.41
PREM003731,POL003831,COV003731,2024-11-06,2025-11-06,new_business,1564.0,1341.4
PREM003732,POL003832,COV003732,2025-03-04,2026-03-04,endorsement,117.17,101.7
PREM003733,POL003833,COV003733,2025-10-07,2026-10-07,audit,1093.59,597.49
PREM003734,POL003834,COV003734,2023-10-23,2024-10-22,cancellation,2312.63,1205.67
PREM003735,POL003835,COV003735,2023-10-21,2024-10-20,audit,2004.07,1264.94
PREM003736,POL003836,COV003736,2026-02-22,2027-02-22,renewal,2098.22,2092.01
PREM003737,POL003837,COV003737,2023-06-11,2024-06-10,new_business,1763.13,1435.83
PREM003738,POL003838,COV003738,2023-08-18,2024-08-17,endorsement,170.92,139.3
PREM003739,POL003839,COV003739,2025-11-19,2026-11-19,reinstatement,1071.21,655.4
PREM003740,POL003840,COV003740,2023-05-30,2024-05-29,reinstatement,206.82,159.01
PREM003741,POL003841,COV003741,2025-10-10,2026-10-10,cancellation,877.5,744.03
PREM003742,POL003842,COV003742,2025-09-29,2026-09-29,audit,2962.75,2019.61
PREM003743,POL003843,COV003743,2023-01-22,2024-01-22,new_business,2207.56,1909.3
PREM003744,POL003844,COV003744,2026-07-24,2027-07-24,renewal,2205.74,1355.85
PREM003745,POL003845,COV003745,2023-07-30,2024-07-29,endorsement,663.32,355.18
PREM003746,POL003846,COV003746,2026-08-03,2027-08-03,audit,2974.31,2825.32
PREM003747,POL003847,COV003747,2023-05-23,2024-05-22,endorsement,2799.43,2705.89
PREM003748,POL003848,COV003748,2023-02-02,2024-02-02,endorsement,2228.5,1144.81
PREM003749,POL003849,COV003749,2025-05-20,2026-05-20,reinstatement,542.93,342.63
PREM003750,POL003850,COV003750,2025-10-24,2026-10-24,renewal,224.58,217.89
PREM003751,POL003851,COV003751,2023-03-13,2024-03-12,endorsement,75.71,57.48
PREM003752,POL003852,COV003752,2024-01-26,2025-01-25,endorsement,1602.29,1334.66
PREM003753,POL003853,COV003753,2023-05-18,2024-05-17,endorsement,610.26,475.34
PREM003754,POL003854,COV003754,2026-07-10,2027-07-10,renewal,2551.06,1425.89
PREM003755,POL003855,COV003755,2023-09-23,2024-09-22,audit,2736.22,1738.01
PREM003756,POL003856,COV003756,2025-03-05,2026-03-05,new_business,2188.55,1789.58
PREM003757,POL003857,COV003757,2023-12-26,2024-12-25,reinstatement,1713.8,1193.69
PREM003758,POL003858,COV003758,2025-06-03,2026-06-03,endorsement,1751.37,1705.39
PREM003759,POL003859,COV003759,2024-03-12,2025-03-12,renewal,2936.25,1729.11
PREM003760,POL003860,COV003760,2023-12-04,2024-12-03,renewal,920.24,613.56
PREM003761,POL003861,COV003761,2025-03-16,2026-03-16,cancellation,1538.66,859.63
PREM003762,POL003862,COV003762,2025-01-02,2026-01-02,cancellation,1946.24,1290.98
PREM003763,POL003863,COV003763,2023-02-25,2024-02-25,audit,652.3,529.37
PREM003764,POL003864,COV003764,2023-06-20,2024-06-19,cancellation,2787.24,1604.93
PREM003765,POL003865,COV003765,2024-03-31,2025-03-31,audit,1952.35,1388.97
PREM003766,POL003866,COV003766,2024-11-25,2025-11-25,endorsement,1733.53,1568.04
PREM003767,POL003867,COV003767,2026-05-12,2027-05-12,endorsement,827.05,481.49
PREM003768,POL003868,COV003768,2023-04-30,2024-04-29,endorsement,1595.09,1160.79
PREM003769,POL003869,COV003769,2025-05-02,2026-05-02,endorsement,1642.12,1500.21
PREM003770,POL003870,COV003770,2025-04-07,2026-04-07,renewal,2074.14,1334.44
PREM003771,POL003871,COV003771,2024-09-17,2025-09-17,reinstatement,1489.36,1428.25
PREM003772,POL003872,COV003772,2024-03-22,2025-03-22,audit,209.48,187.89
PREM003773,POL003873,COV003773,2024-03-05,2025-03-05,cancellation,2099.19,1721.21
PREM003774,POL003874,COV003774,2025-10-06,2026-10-06,endorsement,1011.42,602.37
PREM003775,POL003875,COV003775,2023-12-27,2024-12-26,endorsement,961.06,774.5
PREM003776,POL003876,COV003776,2023-05-28,2024-05-27,reinstatement,1999.28,1458.98
PREM003777,POL003877,COV003777,2023-10-01,2024-09-30,new_business,1929.49,1093.55
PREM003778,POL003878,COV003778,2026-04-09,2027-04-09,renewal,72.94,45.76
PREM003779,POL003879,COV003779,2024-08-09,2025-08-09,renewal,2587.65,1771.06
PREM003780,POL003880,COV003780,2025-04-13,2026-04-13,cancellation,2481.88,2126.73
PREM003781,POL003881,COV003781,2023-07-04,2024-07-03,new_business,1448.37,1010.75
PREM003782,POL003882,COV003782,2024-01-20,2025-01-19,renewal,720.72,705.45
PREM003783,POL003883,COV003783,2025-12-02,2026-12-02,new_business,1998.48,1815.48
PREM003784,POL003884,COV003784,2025-03-03,2026-03-03,endorsement,533.21,461.95
PREM003785,POL003885,COV003785,2024-10-11,2025-10-11,cancellation,551.99,478.99
PREM003786,POL003886,COV003786,2023-09-21,2024-09-20,cancellation,247.78,177.59
PREM003787,POL003887,COV003787,2025-09-17,2026-09-17,new_business,2904.75,2366.63
PREM003788,POL003888,COV003788,2023-11-06,2024-11-05,audit,2117.51,1899.85
PREM003789,POL003889,COV003789,2025-01-30,2026-01-30,cancellation,1327.51,1114.75
PREM003790,POL003890,COV003790,2024-11-08,2025-11-08,renewal,1217.84,847.38
PREM003791,POL003891,COV003791,2025-01-18,2026-01-18,reinstatement,1547.48,1520.69
PREM003792,POL003892,COV003792,2026-01-21,2027-01-21,reinstatement,1670.67,1541.41
PREM003793,POL003893,COV003793,2025-01-15,2026-01-15,cancellation,1900.85,1780.99
PREM003794,POL003894,COV003794,2024-10-09,2025-10-09,audit,661.31,439.31
PREM003795,POL003895,COV003795,2023-01-26,2024-01-26,cancellation,1105.61,827.15
PREM003796,POL003896,COV003796,2026-08-06,2027-08-06,endorsement,2875.23,1608.22
PREM003797,POL003897,COV003797,2024-05-19,2025-05-19,cancellation,79.51,43.07
PREM003798,POL003898,COV003798,2023-08-08,2024-08-07,renewal,2884.55,2262.68
PREM003799,POL003899,COV003799,2026-06-01,2027-06-01,renewal,2101.61,1923.33
PREM003800,POL003900,COV003800,2025-11-02,2026-11-02,reinstatement,2422.22,1859.0
PREM003801,POL003901,COV003801,2025-09-14,2026-09-14,new_business,2910.65,2616.56
PREM003802,POL003902,COV003802,2025-02-25,2026-02-25,new_business,467.75,443.15
PREM003803,POL003903,COV003803,2025-02-12,2026-02-12,cancellation,2140.18,1623.84
PREM003804,POL003904,COV003804,2024-07-31,2025-07-31,reinstatement,202.51,189.02
PREM003805,POL003905,COV003805,2026-01-25,2027-01-25,cancellation,1010.72,891.67
PREM003806,POL003906,COV003806,2023-05-13,2024-05-12,endorsement,628.77,619.24
PREM003807,POL003907,COV003807,2023-06-07,2024-06-06,audit,1780.21,1113.48
PREM003808,POL003908,COV003808,2023-04-28,2024-04-27,audit,367.58,268.84
PREM003809,POL003909,COV003809,2023-06-05,2024-06-04,audit,921.78,863.24
PREM003810,POL003910,COV003810,2024-08-05,2025-08-05,reinstatement,2460.09,1635.66
PREM003811,POL003911,COV003811,2023-02-28,2024-02-28,endorsement,71.29,42.24
PREM003812,POL003912,COV003812,2024-02-19,2025-02-18,endorsement,1224.21,708.09
PREM003813,POL003913,COV003813,2025-02-02,2026-02-02,audit,921.43,616.8
PREM003814,POL003914,COV003814,2026-08-29,2027-08-29,endorsement,395.17,288.26
PREM003815,POL003915,COV003815,2024-02-05,2025-02-04,endorsement,2416.4,1216.34
PREM003816,POL003916,COV003816,2026-02-15,2027-02-15,reinstatement,2975.8,2647.34
PREM003817,POL003917,COV003817,2025-02-04,2026-02-04,renewal,321.96,209.87
PREM003818,POL003918,COV003818,2023-05-15,2024-05-14,renewal,883.28,821.38
PREM003819,POL003919,COV003819,2025-08-18,2026-08-18,cancellation,1240.96,1156.46
PREM003820,POL003920,COV003820,2026-08-21,2027-08-21,renewal,931.26,733.24
PREM003821,POL003921,COV003821,2024-03-17,2025-03-17,audit,1719.57,1604.45
PREM003822,POL003922,COV003822,2025-10-19,2026-10-19,new_business,539.01,274.81
PREM003823,POL003923,COV003823,2025-02-24,2026-02-24,audit,563.37,370.11
PREM003824,POL003924,COV003824,2023-06-14,2024-06-13,renewal,1674.42,1235.06
PREM003825,POL003925,COV003825,2026-04-04,2027-04-04,reinstatement,2125.65,1921.29
PREM003826,POL003926,COV003826,2025-09-21,2026-09-21,renewal,668.35,394.14
PREM003827,POL003927,COV003827,2023-04-30,2024-04-29,cancellation,2641.29,2068.19
PREM003828,POL003928,COV003828,2024-01-09,2025-01-08,cancellation,335.39,207.29
PREM003829,POL003929,COV003829,2023-11-29,2024-11-28,new_business,2651.48,2590.65
PREM003830,POL003930,COV003830,2024-03-15,2025-03-15,new_business,2833.49,2792.53
PREM003831,POL003931,COV003831,2024-02-13,2025-02-12,audit,2817.3,2460.94
PREM003832,POL003932,COV003832,2025-05-11,2026-05-11,new_business,2721.17,2691.12
PREM003833,POL003933,COV003833,2025-08-26,2026-08-26,reinstatement,742.62,574.9
PREM003834,POL003934,COV003834,2025-05-14,2026-05-14,renewal,2160.97,1159.79
PREM003835,POL003935,COV003835,2023-05-30,2024-05-29,renewal,2621.9,2004.71
PREM003836,POL003936,COV003836,2024-06-07,2025-06-07,cancellation,284.93,228.89
PREM003837,POL003937,COV003837,2023-02-25,2024-02-25,renewal,891.28,652.78
PREM003838,POL003938,COV003838,2025-03-16,2026-03-16,audit,1846.63,1706.99
PREM003839,POL003939,COV003839,2024-06-17,2025-06-17,renewal,1797.62,1332.82
PREM003840,POL003940,COV003840,2025-12-29,2026-12-29,audit,936.27,746.71
PREM003841,POL003941,COV003841,2023-04-18,2024-04-17,audit,1071.16,984.31
PREM003842,POL003942,COV003842,2026-07-01,2027-07-01,reinstatement,484.58,314.37
PREM003843,POL003943,COV003843,2023-10-05,2024-10-04,cancellation,839.16,592.47
PREM003844,POL003944,COV003844,2023-10-22,2024-10-21,new_business,73.51,65.7
PREM003845,POL003945,COV003845,2023-05-19,2024-05-18,endorsement,2887.58,1621.69
PREM003846,POL003946,COV003846,2025-08-25,2026-08-25,audit,831.43,694.7
PREM003847,POL003947,COV003847,2026-06-04,2027-06-04,cancellation,438.1,339.52
PREM003848,POL003948,COV003848,2023-10-28,2024-10-27,new_business,1358.74,759.33
PREM003849,POL003949,COV003849,2025-03-24,2026-03-24,reinstatement,2295.01,1698.7
PREM003850,POL003950,COV003850,2025-04-30,2026-04-30,new_business,825.38,577.81
PREM003851,POL003951,COV003851,2023-12-02,2024-12-01,endorsement,2247.61,2033.55
PREM003852,POL003952,COV003852,2023-05-09,2024-05-08,reinstatement,1594.03,1496.27
PREM003853,POL003953,COV003853,2025-01-14,2026-01-14,audit,303.23,163.7
PREM003854,POL003954,COV003854,2025-09-20,2026-09-20,audit,2017.84,1958.52
PREM003855,POL003955,COV003855,2025-03-23,2026-03-23,renewal,2988.5,2604.58
PREM003856,POL003956,COV003856,2025-08-17,2026-08-17,reinstatement,552.61,407.27
PREM003857,POL003957,COV003857,2023-08-20,2024-08-19,audit,523.21,398.88
PREM003858,POL003958,COV003858,2023-07-02,2024-07-01,endorsement,546.06,528.09
PREM003859,POL003959,COV003859,2026-04-10,2027-04-10,audit,539.61,325.22
PREM003860,POL003960,COV003860,2023-06-18,2024-06-17,new_business,2745.86,2333.5
PREM003861,POL003961,COV003861,2025-10-25,2026-10-25,renewal,1189.12,1048.93
PREM003862,POL003962,COV003862,2023-03-11,2024-03-10,renewal,642.2,586.78
PREM003863,POL003963,COV003863,2025-12-09,2026-12-09,audit,794.92,486.4
PREM003864,POL003964,COV003864,2025-11-11,2026-11-11,renewal,2172.52,1984.19
PREM003865,POL003965,COV003865,2026-05-15,2027-05-15,reinstatement,627.66,478.68
PREM003866,POL003966,COV003866,2025-01-18,2026-01-18,new_business,1475.67,1022.51
PREM003867,POL003967,COV003867,2026-01-31,2027-01-31,renewal,1863.67,1653.82
PREM003868,POL003968,COV003868,2024-01-16,2025-01-15,endorsement,1918.39,1089.45
PREM003869,POL003969,COV003869,2024-05-23,2025-05-23,endorsement,1734.72,1499.38
PREM003870,POL003970,COV003870,2026-03-07,2027-03-07,new_business,1994.51,1470.61
PREM003871,POL003971,COV003871,2024-07-09,2025-07-09,cancellation,544.8,365.62
PREM003872,POL003972,COV003872,2024-12-08,2025-12-08,renewal,408.35,344.61
PREM003873,POL003973,COV003873,2025-10-01,2026-10-01,reinstatement,786.32,471.16
PREM003874,POL003974,COV003874,2024-01-21,2025-01-20,new_business,1825.59,1096.14
PREM003875,POL003975,COV003875,2023-09-01,2024-08-31,endorsement,2210.75,1949.06
PREM003876,POL003976,COV003876,2023-12-16,2024-12-15,cancellation,2629.58,1763.61
PREM003877,POL003977,COV003877,2023-12-25,2024-12-24,renewal,1646.41,1615.62
PREM003878,POL003978,COV003878,2025-11-17,2026-11-17,cancellation,2239.8,1775.14
PREM003879,POL003979,COV003879,2025-11-27,2026-11-27,audit,1656.44,1072.02
PREM003880,POL003980,COV003880,2023-05-02,2024-05-01,audit,1238.01,713.14
PREM003881,POL003981,COV003881,2026-03-10,2027-03-10,cancellation,2725.54,2708.25
PREM003882,POL003982,COV003882,2024-01-18,2025-01-17,new_business,2432.68,1985.29
PREM003883,POL003983,COV003883,2023-01-04,2024-01-04,audit,1301.01,728.94
PREM003884,POL003984,COV003884,2023-05-23,2024-05-22,renewal,312.22,277.99
PREM003885,POL003985,COV003885,2024-01-06,2025-01-05,renewal,2442.76,1258.08
PREM003886,POL003986,COV003886,2025-08-30,2026-08-30,cancellation,1946.55,1319.75
PREM003887,POL003987,COV003887,2023-06-12,2024-06-11,reinstatement,516.66,373.39
PREM003888,POL003988,COV003888,2024-02-27,2025-02-26,cancellation,1695.73,1657.92
PREM003889,POL003989,COV003889,2023-06-27,2024-06-26,audit,1097.02,877.14
PREM003890,POL003990,COV003890,2024-06-06,2025-06-06,new_business,2952.26,2597.68
PREM003891,POL003991,COV003891,2023-05-21,2024-05-20,renewal,1686.67,896.71
PREM003892,POL003992,COV003892,2024-04-18,2025-04-18,new_business,1666.83,1643.28
PREM003893,POL003993,COV003893,2024-01-03,2025-01-02,new_business,633.96,479.67
PREM003894,POL003994,COV003894,2024-04-20,2025-04-20,renewal,892.73,579.28
PREM003895,POL003995,COV003895,2023-01-15,2024-01-15,new_business,2524.22,1971.76
PREM003896,POL003996,COV003896,2024-07-30,2025-07-30,cancellation,2610.66,1717.91
PREM003897,POL003997,COV003897,2025-12-21,2026-12-21,renewal,909.61,670.1
PREM003898,POL003998,COV003898,2024-01-21,2025-01-20,reinstatement,2728.07,2720.82
PREM003899,POL003999,COV003899,2025-08-01,2026-08-01,endorsement,2262.6,1541.68
PREM003900,POL004000,COV003900,2023-09-06,2024-09-05,endorsement,128.41,73.41
PREM003901,POL004001,COV003901,2024-02-25,2025-02-24,audit,1279.34,793.53
PREM003902,POL004002,COV003902,2025-01-12,2026-01-12,audit,2479.08,1702.36
PREM003903,POL004003,COV003903,2026-07-21,2027-07-21,endorsement,810.99,800.29
PREM003904,POL004004,COV003904,2025-07-16,2026-07-16,renewal,1630.52,1269.76
PREM003905,POL004005,COV003905,2026-05-04,2027-05-04,reinstatement,1032.83,760.27
PREM003906,POL004006,COV003906,2023-10-03,2024-10-02,endorsement,946.17,623.16
PREM003907,POL004007,COV003907,2024-11-08,2025-11-08,new_business,2852.22,2527.11
PREM003908,POL004008,COV003908,2025-07-10,2026-07-10,new_business,1955.0,1743.39
PREM003909,POL004009,COV003909,2025-08-23,2026-08-23,new_business,2706.35,2403.47
PREM003910,POL004010,COV003910,2023-11-06,2024-11-05,reinstatement,2457.56,2446.01
PREM003911,POL004011,COV003911,2024-08-06,2025-08-06,audit,2661.94,1678.4
PREM003912,POL004012,COV003912,2024-12-07,2025-12-07,renewal,2828.15,1687.27
PREM003913,POL004013,COV003913,2023-02-08,2024-02-08,reinstatement,71.28,37.49
PREM003914,POL004014,COV003914,2025-02-10,2026-02-10,audit,1658.33,1074.79
PREM003915,POL004015,COV003915,2025-05-21,2026-05-21,reinstatement,2361.08,2320.41
PREM003916,POL004016,COV003916,2024-08-23,2025-08-23,reinstatement,2390.66,1503.66
PREM003917,POL004017,COV003917,2023-09-02,2024-09-01,endorsement,2994.17,2236.78
PREM003918,POL004018,COV003918,2024-02-12,2025-02-11,cancellation,2718.76,2205.78
PREM003919,POL004019,COV003919,2024-11-27,2025-11-27,reinstatement,1720.16,989.55
PREM003920,POL004020,COV003920,2024-11-05,2025-11-05,endorsement,509.2,488.9
PREM003921,POL004021,COV003921,2024-04-08,2025-04-08,endorsement,263.02,136.12
PREM003922,POL004022,COV003922,2024-02-07,2025-02-06,cancellation,2072.39,1150.34
PREM003923,POL004023,COV003923,2024-12-30,2025-12-30,new_business,565.8,561.99
PREM003924,POL004024,COV003924,2025-08-27,2026-08-27,endorsement,1788.45,1742.21
PREM003925,POL004025,COV003925,2025-10-16,2026-10-16,renewal,996.32,701.6
PREM003926,POL004026,COV003926,2023-08-16,2024-08-15,cancellation,1883.68,1381.11
PREM003927,POL004027,COV003927,2025-01-06,2026-01-06,audit,1337.76,1159.48
PREM003928,POL004028,COV003928,2024-06-29,2025-06-29,reinstatement,1983.22,1206.11
PREM003929,POL004029,COV003929,2024-09-19,2025-09-19,audit,2141.9,1438.44
PREM003930,POL004030,COV003930,2024-09-06,2025-09-06,new_business,1746.0,1097.17
PREM003931,POL004031,COV003931,2024-04-20,2025-04-20,audit,2161.26,1669.08
PREM003932,POL004032,COV003932,2026-01-12,2027-01-12,audit,1545.19,1080.9
PREM003933,POL004033,COV003933,2024-01-23,2025-01-22,renewal,1722.95,1395.79
PREM003934,POL004034,COV003934,2025-05-26,2026-05-26,renewal,1356.89,852.36
PREM003935,POL004035,COV003935,2026-01-04,2027-01-04,audit,2467.11,1563.8
PREM003936,POL004036,COV003936,2025-05-29,2026-05-29,audit,260.8,131.75
PREM003937,POL004037,COV003937,2025-06-02,2026-06-02,renewal,930.16,918.16
PREM003938,POL004038,COV003938,2023-03-07,2024-03-06,renewal,669.57,546.46
PREM003939,POL004039,COV003939,2023-04-06,2024-04-05,renewal,248.23,160.48
PREM003940,POL004040,COV003940,2024-04-27,2025-04-27,reinstatement,2188.17,1420.04
PREM003941,POL004041,COV003941,2024-08-23,2025-08-23,reinstatement,902.0,579.96
PREM003942,POL004042,COV003942,2025-04-12,2026-04-12,endorsement,202.42,104.23
PREM003943,POL004043,COV003943,2023-01-11,2024-01-11,audit,1383.68,1343.46
PREM003944,POL004044,COV003944,2023-07-09,2024-07-08,renewal,2447.34,2301.57
PREM003945,POL004045,COV003945,2023-12-24,2024-12-23,reinstatement,739.15,592.32
PREM003946,POL004046,COV003946,2023-11-14,2024-11-13,new_business,2986.5,2654.88
PREM003947,POL004047,COV003947,2025-07-30,2026-07-30,reinstatement,426.93,247.67
PREM003948,POL004048,COV003948,2024-05-13,2025-05-13,reinstatement,954.64,779.37
PREM003949,POL004049,COV003949,2025-07-11,2026-07-11,audit,103.65,79.79
PREM003950,POL004050,COV003950,2026-08-10,2027-08-10,new_business,505.74,421.7
PREM003951,POL004051,COV003951,2024-06-13,2025-06-13,audit,1032.57,851.88
PREM003952,POL004052,COV003952,2024-03-25,2025-03-25,reinstatement,1115.83,927.6
PREM003953,POL004053,COV003953,2023-07-22,2024-07-21,audit,2355.22,2141.1
PREM003954,POL004054,COV003954,2026-08-28,2027-08-28,endorsement,1323.76,1261.69
PREM003955,POL004055,COV003955,2026-07-21,2027-07-21,renewal,2475.58,1972.16
PREM003956,POL004056,COV003956,2023-08-11,2024-08-10,cancellation,610.74,372.14
PREM003957,POL004057,COV003957,2025-10-26,2026-10-26,audit,2624.15,1517.76
PREM003958,POL004058,COV003958,2025-03-02,2026-03-02,reinstatement,1946.51,1478.83
PREM003959,POL004059,COV003959,2023-03-18,2024-03-17,endorsement,2306.8,1280.38
PREM003960,POL004060,COV003960,2025-07-22,2026-07-22,cancellation,1398.18,1222.61
PREM003961,POL004061,COV003961,2024-10-19,2025-10-19,cancellation,63.33,39.01
PREM003962,POL004062,COV003962,2026-01-01,2027-01-01,cancellation,1208.99,803.76
PREM003963,POL004063,COV003963,2023-04-26,2024-04-25,new_business,1766.91,1612.65
PREM003964,POL004064,COV003964,2023-07-06,2024-07-05,renewal,2129.75,1473.32
PREM003965,POL004065,COV003965,2023-07-21,2024-07-20,new_business,2399.42,2206.21
PREM003966,POL004066,COV003966,2023-04-27,2024-04-26,audit,1907.13,1421.59
PREM003967,POL004067,COV003967,2023-01-16,2024-01-16,reinstatement,2727.56,1693.85
PREM003968,POL004068,COV003968,2026-05-08,2027-05-08,cancellation,1567.18,1458.29
PREM003969,POL004069,COV003969,2025-08-04,2026-08-04,reinstatement,2644.98,1765.47
PREM003970,POL004070,COV003970,2024-08-20,2025-08-20,renewal,1901.07,1453.05
PREM003971,POL004071,COV003971,2026-06-08,2027-06-08,endorsement,2337.95,1849.25
PREM003972,POL004072,COV003972,2025-09-15,2026-09-15,audit,568.79,368.33
PREM003973,POL004073,COV003973,2023-08-12,2024-08-11,renewal,1980.75,1065.16
PREM003974,POL004074,COV003974,2023-12-23,2024-12-22,cancellation,2140.14,2102.01
PREM003975,POL004075,COV003975,2026-05-11,2027-05-11,renewal,349.47,223.0
PREM003976,POL004076,COV003976,2024-08-14,2025-08-14,reinstatement,1832.57,1297.73
PREM003977,POL004077,COV003977,2025-07-24,2026-07-24,renewal,1620.27,1314.89
PREM003978,POL004078,COV003978,2023-05-21,2024-05-20,endorsement,592.02,363.01
PREM003979,POL004079,COV003979,2025-01-06,2026-01-06,cancellation,2092.92,1843.9
PREM003980,POL004080,COV003980,2024-10-14,2025-10-14,renewal,990.35,597.92
PREM003981,POL004081,COV003981,2024-10-06,2025-10-06,reinstatement,2192.99,1174.03
PREM003982,POL004082,COV003982,2026-01-26,2027-01-26,new_business,2551.61,1505.11
PREM003983,POL004083,COV003983,2026-02-17,2027-02-17,endorsement,1135.52,1003.86
PREM003984,POL004084,COV003984,2024-09-03,2025-09-03,cancellation,1569.77,1313.69
PREM003985,POL004085,COV003985,2025-02-20,2026-02-20,endorsement,878.11,855.19
PREM003986,POL004086,COV003986,2026-03-21,2027-03-21,new_business,2097.26,1413.82
PREM003987,POL004087,COV003987,2025-12-19,2026-12-19,endorsement,1529.87,788.63
PREM003988,POL004088,COV003988,2024-11-11,2025-11-11,renewal,1122.81,1027.71
PREM003989,POL004089,COV003989,2025-03-07,2026-03-07,endorsement,1257.85,874.43
PREM003990,POL004090,COV003990,2025-10-25,2026-10-25,reinstatement,1239.99,730.56
PREM003991,POL004091,COV003991,2024-10-02,2025-10-02,audit,784.46,538.89
PREM003992,POL004092,COV003992,2023-03-03,2024-03-02,audit,1740.16,1406.52
PREM003993,POL004093,COV003993,2023-09-12,2024-09-11,endorsement,50.29,43.98
PREM003994,POL004094,COV003994,2024-05-07,2025-05-07,new_business,1117.42,925.2
PREM003995,POL004095,COV003995,2024-09-04,2025-09-04,cancellation,2926.36,2428.44
PREM003996,POL004096,COV003996,2026-03-14,2027-03-14,cancellation,2228.04,1686.19
PREM003997,POL004097,COV003997,2024-09-19,2025-09-19,renewal,722.76,582.89
PREM003998,POL004098,COV003998,2024-02-09,2025-02-08,cancellation,1463.09,850.16
PREM003999,POL004099,COV003999,2024-10-23,2025-10-23,new_business,1734.62,915.13
PREM004000,POL004100,COV004000,2025-01-04,2026-01-04,cancellation,2599.45,2510.01
PREM004001,POL004101,COV004001,2024-01-31,2025-01-30,reinstatement,2814.63,2379.67
PREM004002,POL004102,COV004002,2023-04-06,2024-04-05,renewal,1184.66,1118.46
PREM004003,POL004103,COV004003,2025-09-28,2026-09-28,reinstatement,267.93,207.9
PREM004004,POL004104,COV004004,2025-10-19,2026-10-19,audit,2668.44,1402.6
PREM004005,POL004105,COV004005,2025-04-05,2026-04-05,cancellation,1493.34,1477.94
PREM004006,POL004106,COV004006,2025-05-30,2026-05-30,new_business,294.05,148.5
PREM004007,POL004107,COV004007,2023-07-01,2024-06-30,audit,2717.23,2291.43
PREM004008,POL004108,COV004008,2023-05-16,2024-05-15,cancellation,2989.7,2885.04
PREM004009,POL004109,COV004009,2023-04-02,2024-04-01,reinstatement,1374.25,840.71
PREM004010,POL004110,COV004010,2024-04-16,2025-04-16,renewal,2877.18,1530.56
PREM004011,POL004111,COV004011,2024-05-17,2025-05-17,audit,1532.93,1181.1
PREM004012,POL004112,COV004012,2025-09-24,2026-09-24,cancellation,847.42,719.61
PREM004013,POL004113,COV004013,2024-04-20,2025-04-20,endorsement,1235.76,877.77
PREM004014,POL004114,COV004014,2023-02-06,2024-02-06,cancellation,1464.64,1054.06
PREM004015,POL004115,COV004015,2023-08-17,2024-08-16,reinstatement,2297.53,1768.38
PREM004016,POL004116,COV004016,2023-05-04,2024-05-03,renewal,1956.8,1955.39
PREM004017,POL004117,COV004017,2025-01-15,2026-01-15,new_business,2428.71,1433.19
PREM004018,POL004118,COV004018,2025-08-13,2026-08-13,new_business,528.82,370.38
PREM004019,POL004119,COV004019,2025-03-01,2026-03-01,endorsement,2719.12,2286.95
PREM004020,POL004120,COV004020,2025-09-04,2026-09-04,renewal,1368.63,1010.11
PREM004021,POL004121,COV004021,2025-10-23,2026-10-23,endorsement,2727.94,2252.69
PREM004022,POL004122,COV004022,2026-06-19,2027-06-19,endorsement,2634.73,2415.19
PREM004023,POL004123,COV004023,2026-04-28,2027-04-28,renewal,172.61,91.83
PREM004024,POL004124,COV004024,2024-11-24,2025-11-24,audit,2203.43,2190.41
PREM004025,POL004125,COV004025,2023-01-14,2024-01-14,reinstatement,2157.43,1532.45
PREM004026,POL004126,COV004026,2025-02-27,2026-02-27,cancellation,987.12,902.22
PREM004027,POL004127,COV004027,2026-01-24,2027-01-24,endorsement,2249.22,1336.37
PREM004028,POL004128,COV004028,2023-03-05,2024-03-04,renewal,2610.34,2515.14
PREM004029,POL004129,COV004029,2023-09-29,2024-09-28,new_business,2730.31,2341.3
PREM004030,POL004130,COV004030,2023-09-30,2024-09-29,endorsement,2828.55,2432.23
PREM004031,POL004131,COV004031,2024-08-28,2025-08-28,audit,2247.85,1257.81
PREM004032,POL004132,COV004032,2024-08-10,2025-08-10,cancellation,1769.35,1517.55
PREM004033,POL004133,COV004033,2024-06-03,2025-06-03,cancellation,2587.01,1811.73
PREM004034,POL004134,COV004034,2024-08-11,2025-08-11,audit,60.43,58.2
PREM004035,POL004135,COV004035,2023-06-26,2024-06-25,endorsement,176.45,105.62
PREM004036,POL004136,COV004036,2025-12-11,2026-12-11,renewal,2309.02,1624.87
PREM004037,POL004137,COV004037,2023-06-04,2024-06-03,audit,300.22,260.74
PREM004038,POL004138,COV004038,2025-07-13,2026-07-13,reinstatement,984.42,511.82
PREM004039,POL004139,COV004039,2023-01-07,2024-01-07,endorsement,1886.72,1473.89
PREM004040,POL004140,COV004040,2026-05-20,2027-05-20,new_business,2791.62,1736.74
PREM004041,POL004141,COV004041,2024-07-15,2025-07-15,endorsement,1283.47,1220.59
PREM004042,POL004142,COV004042,2024-08-21,2025-08-21,cancellation,2889.15,2016.11
PREM004043,POL004143,COV004043,2024-03-05,2025-03-05,reinstatement,183.09,92.41
PREM004044,POL004144,COV004044,2025-06-06,2026-06-06,cancellation,803.17,485.05
PREM004045,POL004145,COV004045,2025-02-01,2026-02-01,reinstatement,1373.5,1030.95
PREM004046,POL004146,COV004046,2026-04-12,2027-04-12,audit,2980.76,2499.92
PREM004047,POL004147,COV004047,2026-02-22,2027-02-22,endorsement,2195.87,2157.17
PREM004048,POL004148,COV004048,2023-10-31,2024-10-30,cancellation,2110.52,1250.85
PREM004049,POL004149,COV004049,2024-11-04,2025-11-04,new_business,2154.27,1111.05
PREM004050,POL004150,COV004050,2024-08-09,2025-08-09,new_business,2290.72,1230.31
PREM004051,POL004151,COV004051,2026-09-11,2027-09-11,endorsement,2257.27,1472.21
PREM004052,POL004152,COV004052,2024-07-23,2025-07-23,cancellation,1239.44,801.59
PREM004053,POL004153,COV004053,2023-06-11,2024-06-10,audit,638.55,321.01
PREM004054,POL004154,COV004054,2024-12-04,2025-12-04,new_business,663.56,606.2
PREM004055,POL004155,COV004055,2024-04-19,2025-04-19,cancellation,1896.29,1316.09
PREM004056,POL004156,COV004056,2024-06-21,2025-06-21,reinstatement,1736.76,1165.98
PREM004057,POL004157,COV004057,2025-01-30,2026-01-30,cancellation,657.94,581.3
PREM004058,POL004158,COV004058,2023-07-10,2024-07-09,cancellation,877.09,722.87
PREM004059,POL004159,COV004059,2023-06-06,2024-06-05,cancellation,2341.65,1674.43
PREM004060,POL004160,COV004060,2024-09-14,2025-09-14,audit,1989.53,1539.82
PREM004061,POL004161,COV004061,2023-09-15,2024-09-14,new_business,1086.58,891.24
PREM004062,POL004162,COV004062,2024-10-11,2025-10-11,renewal,2790.76,2258.82
PREM004063,POL004163,COV004063,2023-02-01,2024-02-01,cancellation,1455.48,1451.53
PREM004064,POL004164,COV004064,2024-04-05,2025-04-05,endorsement,2972.67,1587.07
PREM004065,POL004165,COV004065,2023-11-23,2024-11-22,cancellation,232.76,195.21
PREM004066,POL004166,COV004066,2026-06-10,2027-06-10,renewal,1475.62,1341.49
PREM004067,POL004167,COV004067,2026-03-25,2027-03-25,new_business,1108.89,1005.38
PREM004068,POL004168,COV004068,2023-02-15,2024-02-15,audit,1321.23,1017.82
PREM004069,POL004169,COV004069,2024-06-18,2025-06-18,cancellation,90.74,82.07
PREM004070,POL004170,COV004070,2024-10-18,2025-10-18,reinstatement,370.78,328.72
PREM004071,POL004171,COV004071,2025-05-31,2026-05-31,new_business,328.9,325.55
PREM004072,POL004172,COV004072,2026-02-01,2027-02-01,cancellation,1955.83,1337.67
PREM004073,POL004173,COV004073,2025-11-22,2026-11-22,audit,1314.2,1138.42
PREM004074,POL004174,COV004074,2024-08-13,2025-08-13,new_business,825.28,521.56
PREM004075,POL004175,COV004075,2026-04-13,2027-04-13,renewal,1767.8,1465.45
PREM004076,POL004176,COV004076,2023-06-14,2024-06-13,renewal,1914.42,1876.45
PREM004077,POL004177,COV004077,2024-07-10,2025-07-10,new_business,1018.96,718.71
PREM004078,POL004178,COV004078,2024-05-31,2025-05-31,cancellation,1852.43,1177.92
PREM004079,POL004179,COV004079,2026-09-11,2027-09-11,cancellation,84.45,45.69
PREM004080,POL004180,COV004080,2024-01-29,2025-01-28,renewal,341.41,335.73
PREM004081,POL004181,COV004081,2025-02-27,2026-02-27,renewal,2662.02,2434.24
PREM004082,POL004182,COV004082,2024-03-26,2025-03-26,renewal,125.32,99.14
PREM004083,POL004183,COV004083,2026-01-25,2027-01-25,endorsement,2169.53,2014.81
PREM004084,POL004184,COV004084,2024-07-08,2025-07-08,cancellation,1530.39,838.4
PREM004085,POL004185,COV004085,2026-01-02,2027-01-02,audit,959.02,496.7
PREM004086,POL004186,COV004086,2025-08-11,2026-08-11,endorsement,1724.13,1427.31
PREM004087,POL004187,COV004087,2024-01-12,2025-01-11,endorsement,671.38,545.48
PREM004088,POL004188,COV004088,2023-11-05,2024-11-04,renewal,1072.53,939.53
PREM004089,POL004189,COV004089,2023-01-12,2024-01-12,cancellation,2411.67,2332.73
PREM004090,POL004190,COV004090,2025-06-30,2026-06-30,new_business,65.36,60.64
PREM004091,POL004191,COV004091,2025-08-06,2026-08-06,reinstatement,869.73,477.33
PREM004092,POL004192,COV004092,2025-10-16,2026-10-16,renewal,2623.5,2134.84
PREM004093,POL004193,COV004093,2025-08-25,2026-08-25,reinstatement,2821.96,2764.21
PREM004094,POL004194,COV004094,2025-11-23,2026-11-23,endorsement,1057.55,592.33
PREM004095,POL004195,COV004095,2025-11-23,2026-11-23,renewal,1878.4,1560.02
PREM004096,POL004196,COV004096,2025-05-09,2026-05-09,endorsement,1961.59,1831.38
PREM004097,POL004197,COV004097,2023-05-24,2024-05-23,cancellation,1794.96,1129.42
PREM004098,POL004198,COV004098,2023-03-15,2024-03-14,cancellation,1568.87,874.11
PREM004099,POL004199,COV004099,2025-12-22,2026-12-22,endorsement,2738.79,1567.97
PREM004100,POL004200,COV004100,2026-02-26,2027-02-26,reinstatement,1742.32,1511.32
PREM004101,POL004201,COV004101,2025-09-02,2026-09-02,cancellation,1668.61,897.77
PREM004102,POL004202,COV004102,2024-09-06,2025-09-06,reinstatement,2868.82,1922.3
PREM004103,POL004203,COV004103,2026-06-25,2027-06-25,new_business,599.33,388.99
PREM004104,POL004204,COV004104,2026-08-30,2027-08-30,reinstatement,2304.02,1963.2
PREM004105,POL004205,COV004105,2024-06-23,2025-06-23,reinstatement,2615.23,2344.46
PREM004106,POL004206,COV004106,2025-11-18,2026-11-18,cancellation,272.14,199.41
PREM004107,POL004207,COV004107,2025-07-24,2026-07-24,renewal,1589.55,817.24
PREM004108,POL004208,COV004108,2024-11-07,2025-11-07,new_business,413.16,243.04
PREM004109,POL004209,COV004109,2026-07-28,2027-07-28,renewal,2648.8,1609.44
PREM004110,POL004210,COV004110,2026-02-09,2027-02-09,cancellation,2672.63,1905.06
PREM004111,POL004211,COV004111,2024-09-04,2025-09-04,audit,186.44,140.73
PREM004112,POL004212,COV004112,2023-12-17,2024-12-16,reinstatement,2974.64,2422.72
PREM004113,POL004213,COV004113,2023-01-18,2024-01-18,renewal,2601.59,1428.51
PREM004114,POL004214,COV004114,2025-09-21,2026-09-21,reinstatement,2870.78,1442.91
PREM004115,POL004215,COV004115,2023-04-20,2024-04-19,endorsement,1211.52,609.37
PREM004116,POL004216,COV004116,2024-07-06,2025-07-06,reinstatement,964.69,929.99
PREM004117,POL004217,COV004117,2023-11-18,2024-11-17,cancellation,1555.9,1454.03
PREM004118,POL004218,COV004118,2023-08-04,2024-08-03,reinstatement,413.44,306.37
PREM004119,POL004219,COV004119,2023-07-27,2024-07-26,new_business,1636.2,879.63
PREM004120,POL004220,COV004120,2024-01-06,2025-01-05,cancellation,596.4,546.67
PREM004121,POL004221,COV004121,2023-11-17,2024-11-16,audit,1902.14,1127.68
PREM004122,POL004222,COV004122,2026-04-26,2027-04-26,renewal,2783.11,1958.8
PREM004123,POL004223,COV004123,2024-08-31,2025-08-31,endorsement,1184.49,604.26
PREM004124,POL004224,COV004124,2024-08-07,2025-08-07,new_business,2059.94,1182.64
PREM004125,POL004225,COV004125,2024-07-21,2025-07-21,renewal,2032.38,1315.33
PREM004126,POL004226,COV004126,2024-03-03,2025-03-03,renewal,2469.22,1612.06
PREM004127,POL004227,COV004127,2024-09-24,2025-09-24,new_business,2479.79,1773.12
PREM004128,POL004228,COV004128,2024-12-25,2025-12-25,renewal,677.54,354.84
PREM004129,POL004229,COV004129,2023-10-31,2024-10-30,audit,664.36,444.56
PREM004130,POL004230,COV004130,2023-02-20,2024-02-20,renewal,733.73,555.0
PREM004131,POL004231,COV004131,2025-02-18,2026-02-18,cancellation,2593.26,2033.11
PREM004132,POL004232,COV004132,2024-01-28,2025-01-27,endorsement,612.37,565.96
PREM004133,POL004233,COV004133,2023-08-23,2024-08-22,audit,2294.69,1716.86
PREM004134,POL004234,COV004134,2023-04-27,2024-04-26,audit,2983.92,2911.34
PREM004135,POL004235,COV004135,2023-09-19,2024-09-18,endorsement,799.51,654.54
PREM004136,POL004236,COV004136,2024-08-18,2025-08-18,audit,1215.2,1184.81
PREM004137,POL004237,COV004137,2026-03-16,2027-03-16,cancellation,2686.28,1957.51
PREM004138,POL004238,COV004138,2024-07-29,2025-07-29,cancellation,679.37,476.5
PREM004139,POL004239,COV004139,2024-03-22,2025-03-22,renewal,1290.26,704.91
PREM004140,POL004240,COV004140,2023-10-13,2024-10-12,cancellation,332.64,180.22
PREM004141,POL004241,COV004141,2024-12-31,2025-12-31,renewal,104.67,98.7
PREM004142,POL004242,COV004142,2025-04-08,2026-04-08,audit,1708.83,1487.88
PREM004143,POL004243,COV004143,2025-03-23,2026-03-23,new_business,1073.38,558.73
PREM004144,POL004244,COV004144,2025-11-11,2026-11-11,new_business,2370.27,1296.72
PREM004145,POL004245,COV004145,2023-10-18,2024-10-17,new_business,2224.38,1614.19
PREM004146,POL004246,COV004146,2024-02-13,2025-02-12,cancellation,345.27,313.41
PREM004147,POL004247,COV004147,2023-09-30,2024-09-29,new_business,2339.7,2286.39
PREM004148,POL004248,COV004148,2025-11-18,2026-11-18,audit,1678.01,1009.53
PREM004149,POL004249,COV004149,2023-07-25,2024-07-24,cancellation,1992.08,1805.2
PREM004150,POL004250,COV004150,2024-08-22,2025-08-22,cancellation,196.19,133.87
PREM004151,POL004251,COV004151,2025-09-12,2026-09-12,endorsement,622.58,511.3
PREM004152,POL004252,COV004152,2023-03-16,2024-03-15,new_business,1998.03,1860.42
PREM004153,POL004253,COV004153,2026-01-16,2027-01-16,new_business,2290.14,1190.86
PREM004154,POL004254,COV004154,2026-09-09,2027-09-09,reinstatement,1535.28,1036.91
PREM004155,POL004255,COV004155,2023-08-18,2024-08-17,cancellation,1373.34,1145.0
PREM004156,POL004256,COV004156,2026-05-29,2027-05-29,reinstatement,2767.48,2059.47
PREM004157,POL004257,COV004157,2026-02-22,2027-02-22,endorsement,1529.66,1382.03
PREM004158,POL004258,COV004158,2023-10-24,2024-10-23,audit,2198.02,1901.72
PREM004159,POL004259,COV004159,2026-06-11,2027-06-11,endorsement,883.7,855.09
PREM004160,POL004260,COV004160,2023-05-24,2024-05-23,audit,221.93,176.49
PREM004161,POL004261,COV004161,2024-03-19,2025-03-19,cancellation,1242.36,804.08
PREM004162,POL004262,COV004162,2025-08-21,2026-08-21,endorsement,2551.85,2165.2
PREM004163,POL004263,COV004163,2023-11-06,2024-11-05,reinstatement,1804.98,1081.79
PREM004164,POL004264,COV004164,2024-07-01,2025-07-01,cancellation,2011.16,1934.72
PREM004165,POL004265,COV004165,2026-09-02,2027-09-02,cancellation,232.97,202.16
PREM004166,POL004266,COV004166,2023-07-23,2024-07-22,renewal,2455.34,1782.26
PREM004167,POL004267,COV004167,2023-12-31,2024-12-30,new_business,2698.66,2326.47
PREM004168,POL004268,COV004168,2023-09-08,2024-09-07,reinstatement,2720.18,1455.02
PREM004169,POL004269,COV004169,2024-02-23,2025-02-22,new_business,634.69,439.67
PREM004170,POL004270,COV004170,2023-08-08,2024-08-07,renewal,2471.38,1972.06
PREM004171,POL004271,COV004171,2024-01-14,2025-01-13,audit,2409.93,1739.09
PREM004172,POL004272,COV004172,2025-03-06,2026-03-06,cancellation,1008.03,670.87
PREM004173,POL004273,COV004173,2023-06-10,2024-06-09,cancellation,157.72,134.56
PREM004174,POL004274,COV004174,2025-02-25,2026-02-25,reinstatement,2282.05,2208.46
PREM004175,POL004275,COV004175,2023-01-20,2024-01-20,renewal,776.23,498.08
PREM004176,POL004276,COV004176,2025-07-14,2026-07-14,reinstatement,994.61,708.62
PREM004177,POL004277,COV004177,2024-08-29,2025-08-29,renewal,2184.54,2145.73
PREM004178,POL004278,COV004178,2024-03-08,2025-03-08,renewal,2326.75,1617.88
PREM004179,POL004279,COV004179,2024-12-18,2025-12-18,new_business,1722.54,1363.68
PREM004180,POL004280,COV004180,2025-03-02,2026-03-02,cancellation,2442.63,1799.15
PREM004181,POL004281,COV004181,2024-05-03,2025-05-03,reinstatement,1383.72,1188.39
PREM004182,POL004282,COV004182,2024-02-11,2025-02-10,cancellation,2292.07,2101.96
PREM004183,POL004283,COV004183,2024-11-23,2025-11-23,new_business,1130.1,956.78
PREM004184,POL004284,COV004184,2023-09-18,2024-09-17,new_business,2760.3,2483.73
PREM004185,POL004285,COV004185,2025-04-07,2026-04-07,cancellation,291.85,252.44
PREM004186,POL004286,COV004186,2025-04-08,2026-04-08,cancellation,2395.18,1770.25
PREM004187,POL004287,COV004187,2025-07-28,2026-07-28,renewal,886.44,690.64
PREM004188,POL004288,COV004188,2024-08-11,2025-08-11,cancellation,1216.12,1009.72
PREM004189,POL004289,COV004189,2024-04-10,2025-04-10,audit,2141.11,1609.0
PREM004190,POL004290,COV004190,2023-11-02,2024-11-01,cancellation,1746.15,1301.37
PREM004191,POL004291,COV004191,2025-05-03,2026-05-03,cancellation,2073.05,1229.09
PREM004192,POL004292,COV004192,2026-09-09,2027-09-09,new_business,2662.68,1949.84
PREM004193,POL004293,COV004193,2026-01-16,2027-01-16,audit,929.41,737.69
PREM004194,POL004294,COV004194,2026-06-19,2027-06-19,audit,1688.27,928.88
PREM004195,POL004295,COV004195,2024-04-19,2025-04-19,renewal,325.48,313.0
PREM004196,POL004296,COV004196,2026-04-27,2027-04-27,renewal,1597.26,978.41
PREM004197,POL004297,COV004197,2023-10-24,2024-10-23,new_business,969.08,839.0
PREM004198,POL004298,COV004198,2023-08-13,2024-08-12,cancellation,900.1,693.73
PREM004199,POL004299,COV004199,2025-08-22,2026-08-22,cancellation,2692.88,1467.72
PREM004200,POL004300,COV004200,2023-01-31,2024-01-31,cancellation,68.17,48.72
PREM004201,POL004301,COV004201,2025-02-28,2026-02-28,endorsement,269.25,184.09
PREM004202,POL004302,COV004202,2025-11-23,2026-11-23,new_business,1222.65,770.67
PREM004203,POL004303,COV004203,2024-08-05,2025-08-05,endorsement,1354.14,1231.51
PREM004204,POL004304,COV004204,2024-12-12,2025-12-12,cancellation,1067.32,561.64
PREM004205,POL004305,COV004205,2024-04-10,2025-04-10,cancellation,444.15,364.01
PREM004206,POL004306,COV004206,2023-07-17,2024-07-16,renewal,951.98,476.69
PREM004207,POL004307,COV004207,2023-08-27,2024-08-26,cancellation,1713.87,1561.06
PREM004208,POL004308,COV004208,2024-02-12,2025-02-11,endorsement,287.84,244.2
PREM004209,POL004309,COV004209,2026-01-23,2027-01-23,endorsement,516.49,285.72
PREM004210,POL004310,COV004210,2023-12-16,2024-12-15,renewal,1984.56,1161.71
PREM004211,POL004311,COV004211,2024-06-25,2025-06-25,reinstatement,2380.75,1331.22
PREM004212,POL004312,COV004212,2026-03-03,2027-03-03,renewal,2037.72,1912.42
PREM004213,POL004313,COV004213,2026-07-31,2027-07-31,new_business,381.15,355.05
PREM004214,POL004314,COV004214,2024-04-14,2025-04-14,audit,1074.73,778.68
PREM004215,POL004315,COV004215,2025-08-19,2026-08-19,reinstatement,1527.09,876.95
PREM004216,POL004316,COV004216,2023-09-10,2024-09-09,renewal,1112.34,753.99
PREM004217,POL004317,COV004217,2024-01-15,2025-01-14,reinstatement,1403.57,799.51
PREM004218,POL004318,COV004218,2025-11-19,2026-11-19,reinstatement,284.2,226.3
PREM004219,POL004319,COV004219,2024-11-08,2025-11-08,new_business,708.08,570.25
PREM004220,POL004320,COV004220,2024-06-25,2025-06-25,cancellation,2423.19,1830.04
PREM004221,POL004321,COV004221,2025-01-13,2026-01-13,audit,1990.96,1356.64
PREM004222,POL004322,COV004222,2023-11-17,2024-11-16,renewal,578.24,442.07
PREM004223,POL004323,COV004223,2024-01-08,2025-01-07,cancellation,790.04,403.35
PREM004224,POL004324,COV004224,2024-10-05,2025-10-05,cancellation,759.56,598.61
PREM004225,POL004325,COV004225,2025-10-25,2026-10-25,endorsement,605.94,500.97
PREM004226,POL004326,COV004226,2026-05-14,2027-05-14,endorsement,2197.99,1262.26
PREM004227,POL004327,COV004227,2024-04-27,2025-04-27,endorsement,269.13,212.7
PREM004228,POL004328,COV004228,2023-01-08,2024-01-08,new_business,1622.39,1186.98
PREM004229,POL004329,COV004229,2025-09-03,2026-09-03,endorsement,2442.13,1850.72
PREM004230,POL004330,COV004230,2025-03-15,2026-03-15,audit,2214.38,1650.13
PREM004231,POL004331,COV004231,2026-07-25,2027-07-25,reinstatement,1530.23,1076.2
PREM004232,POL004332,COV004232,2024-02-25,2025-02-24,cancellation,679.99,617.93
PREM004233,POL004333,COV004233,2025-03-16,2026-03-16,audit,1196.28,652.15
PREM004234,POL004334,COV004234,2026-07-06,2027-07-06,reinstatement,1477.85,929.99
PREM004235,POL004335,COV004235,2024-06-12,2025-06-12,audit,293.73,203.6
PREM004236,POL004336,COV004236,2026-02-03,2027-02-03,new_business,444.16,395.81
PREM004237,POL004337,COV004237,2026-08-01,2027-08-01,new_business,637.79,447.24
PREM004238,POL004338,COV004238,2023-04-29,2024-04-28,cancellation,158.76,106.42
PREM004239,POL004339,COV004239,2026-02-14,2027-02-14,audit,2735.77,2670.91
PREM004240,POL004340,COV004240,2025-09-03,2026-09-03,renewal,831.26,561.55
PREM004241,POL004341,COV004241,2024-11-24,2025-11-24,audit,1936.29,1451.32
PREM004242,POL004342,COV004242,2026-09-15,2027-09-15,renewal,2274.84,1178.52
PREM004243,POL004343,COV004243,2026-08-03,2027-08-03,endorsement,1334.17,985.11
PREM004244,POL004344,COV004244,2023-08-06,2024-08-05,new_business,491.46,358.36
PREM004245,POL004345,COV004245,2026-07-13,2027-07-13,audit,968.2,806.96
PREM004246,POL004346,COV004246,2024-01-13,2025-01-12,endorsement,189.81,104.1
PREM004247,POL004347,COV004247,2025-11-18,2026-11-18,cancellation,583.36,346.94
PREM004248,POL004348,COV004248,2025-06-07,2026-06-07,audit,223.24,171.55
PREM004249,POL004349,COV004249,2023-10-28,2024-10-27,renewal,2600.78,1401.98
PREM004250,POL004350,COV004250,2026-03-02,2027-03-02,cancellation,1160.68,1044.48
PREM004251,POL004351,COV004251,2025-02-24,2026-02-24,audit,446.67,442.37
PREM004252,POL004352,COV004252,2025-02-25,2026-02-25,endorsement,1912.11,1336.63
PREM004253,POL004353,COV004253,2025-05-09,2026-05-09,endorsement,302.11,300.08
PREM004254,POL004354,COV004254,2026-02-03,2027-02-03,reinstatement,2823.14,2799.2
PREM004255,POL004355,COV004255,2024-07-28,2025-07-28,new_business,1179.58,844.23
PREM004256,POL004356,COV004256,2024-01-28,2025-01-27,audit,1611.32,1412.76
PREM004257,POL004357,COV004257,2025-06-06,2026-06-06,renewal,1851.94,1241.31
PREM004258,POL004358,COV004258,2023-06-14,2024-06-13,new_business,409.02,254.85
PREM004259,POL004359,COV004259,2023-10-11,2024-10-10,cancellation,940.69,517.04
PREM004260,POL004360,COV004260,2024-03-24,2025-03-24,cancellation,930.24,780.22
PREM004261,POL004361,COV004261,2026-08-24,2027-08-24,new_business,2501.77,1301.39
PREM004262,POL004362,COV004262,2023-02-25,2024-02-25,new_business,662.96,646.98
PREM004263,POL004363,COV004263,2025-04-10,2026-04-10,new_business,83.4,76.04
PREM004264,POL004364,COV004264,2023-06-15,2024-06-14,audit,2469.37,1711.08
PREM004265,POL004365,COV004265,2026-03-03,2027-03-03,cancellation,908.4,889.95
PREM004266,POL004366,COV004266,2026-08-20,2027-08-20,reinstatement,2074.19,1037.66
PREM004267,POL004367,COV004267,2026-02-06,2027-02-06,reinstatement,1460.44,1166.91
PREM004268,POL004368,COV004268,2026-05-05,2027-05-05,renewal,2586.61,1891.89
PREM004269,POL004369,COV004269,2024-04-23,2025-04-23,cancellation,1534.04,1291.14
PREM004270,POL004370,COV004270,2024-11-06,2025-11-06,cancellation,1468.12,1151.34
PREM004271,POL004371,COV004271,2023-01-27,2024-01-27,new_business,2165.18,1109.99
PREM004272,POL004372,COV004272,2023-05-18,2024-05-17,audit,2425.54,1401.01
PREM004273,POL004373,COV004273,2026-01-10,2027-01-10,reinstatement,1874.02,1589.58
PREM004274,POL004374,COV004274,2023-04-01,2024-03-31,endorsement,734.19,606.73
PREM004275,POL004375,COV004275,2024-06-02,2025-06-02,endorsement,211.24,137.86
PREM004276,POL004376,COV004276,2025-08-20,2026-08-20,audit,623.89,365.74
PREM004277,POL004377,COV004277,2023-01-16,2024-01-16,audit,1674.99,1055.88
PREM004278,POL004378,COV004278,2025-12-11,2026-12-11,new_business,1571.67,1559.23
PREM004279,POL004379,COV004279,2024-09-06,2025-09-06,endorsement,2135.99,1267.57
PREM004280,POL004380,COV004280,2023-01-15,2024-01-15,reinstatement,2777.89,2765.74
PREM004281,POL004381,COV004281,2026-08-08,2027-08-08,renewal,1065.91,902.88
PREM004282,POL004382,COV004282,2023-12-06,2024-12-05,renewal,2330.15,1515.07
PREM004283,POL004383,COV004283,2024-01-24,2025-01-23,endorsement,2987.77,2688.83
PREM004284,POL004384,COV004284,2026-02-17,2027-02-17,reinstatement,2913.19,1877.97
PREM004285,POL004385,COV004285,2025-08-07,2026-08-07,cancellation,383.88,340.85
PREM004286,POL004386,COV004286,2024-04-30,2025-04-30,cancellation,515.54,496.85
PREM004287,POL004387,COV004287,2023-12-15,2024-12-14,cancellation,839.0,458.2
PREM004288,POL004388,COV004288,2026-09-12,2027-09-12,renewal,141.16,130.27
PREM004289,POL004389,COV004289,2024-12-11,2025-12-11,renewal,2838.19,2386.2
PREM004290,POL004390,COV004290,2025-10-10,2026-10-10,new_business,1770.11,1171.18
PREM004291,POL004391,COV004291,2026-04-18,2027-04-18,new_business,923.57,493.9
PREM004292,POL004392,COV004292,2025-10-30,2026-10-30,endorsement,87.47,49.86
PREM004293,POL004393,COV004293,2026-03-29,2027-03-29,audit,2916.21,1543.61
PREM004294,POL004394,COV004294,2024-05-30,2025-05-30,audit,2867.79,2805.15
PREM004295,POL004395,COV004295,2025-04-12,2026-04-12,endorsement,1907.52,1779.68
PREM004296,POL004396,COV004296,2026-04-18,2027-04-18,cancellation,2109.42,1950.27
PREM004297,POL004397,COV004297,2023-12-27,2024-12-26,endorsement,2031.39,1564.43
PREM004298,POL004398,COV004298,2024-03-04,2025-03-04,audit,2890.43,1941.84
PREM004299,POL004399,COV004299,2025-06-11,2026-06-11,renewal,1441.51,1341.08
PREM004300,POL004400,COV004300,2024-01-07,2025-01-06,new_business,1609.33,1360.24
PREM004301,POL004401,COV004301,2026-08-31,2027-08-31,endorsement,904.05,606.41
PREM004302,POL004402,COV004302,2024-08-19,2025-08-19,endorsement,1382.1,1096.11
PREM004303,POL004403,COV004303,2026-03-22,2027-03-22,audit,824.16,591.23
PREM004304,POL004404,COV004304,2023-10-26,2024-10-25,audit,2847.11,1544.21
PREM004305,POL004405,COV004305,2023-03-06,2024-03-05,new_business,2188.01,1198.58
PREM004306,POL004406,COV004306,2024-03-06,2025-03-06,endorsement,1584.27,1485.67
PREM004307,POL004407,COV004307,2023-01-29,2024-01-29,renewal,682.07,363.01
PREM004308,POL004408,COV004308,2024-09-25,2025-09-25,cancellation,1150.32,621.22
PREM004309,POL004409,COV004309,2023-07-07,2024-07-06,audit,1974.24,1287.87
PREM004310,POL004410,COV004310,2025-09-24,2026-09-24,renewal,1047.9,595.71
PREM004311,POL004411,COV004311,2024-06-10,2025-06-10,renewal,1359.29,812.06
PREM004312,POL004412,COV004312,2023-03-22,2024-03-21,renewal,1615.71,1084.72
PREM004313,POL004413,COV004313,2026-01-01,2027-01-01,renewal,1906.48,1650.48
PREM004314,POL004414,COV004314,2026-02-19,2027-02-19,endorsement,1312.24,748.79
PREM004315,POL004415,COV004315,2025-10-25,2026-10-25,endorsement,2421.08,2256.24
PREM004316,POL004416,COV004316,2024-04-26,2025-04-26,new_business,784.86,453.03
PREM004317,POL004417,COV004317,2023-10-26,2024-10-25,new_business,804.15,704.72
PREM004318,POL004418,COV004318,2024-04-07,2025-04-07,audit,1754.76,1212.58
PREM004319,POL004419,COV004319,2023-05-08,2024-05-07,audit,1325.37,859.71
PREM004320,POL004420,COV004320,2026-02-11,2027-02-11,new_business,2027.17,1729.52
PREM004321,POL004421,COV004321,2024-12-18,2025-12-18,audit,2458.65,2412.87
PREM004322,POL004422,COV004322,2023-10-20,2024-10-19,reinstatement,260.16,229.9
PREM004323,POL004423,COV004323,2025-11-17,2026-11-17,endorsement,1089.35,849.7
PREM004324,POL004424,COV004324,2025-08-29,2026-08-29,endorsement,2926.92,2602.42
PREM004325,POL004425,COV004325,2026-08-28,2027-08-28,endorsement,2540.9,2040.42
PREM004326,POL004426,COV004326,2024-10-29,2025-10-29,reinstatement,2171.77,1226.99
PREM004327,POL004427,COV004327,2024-04-12,2025-04-12,new_business,2276.48,2244.87
PREM004328,POL004428,COV004328,2023-10-22,2024-10-21,reinstatement,1221.88,779.58
PREM004329,POL004429,COV004329,2026-08-10,2027-08-10,cancellation,2078.37,1310.81
PREM004330,POL004430,COV004330,2026-01-08,2027-01-08,new_business,2587.3,2516.35
PREM004331,POL004431,COV004331,2025-05-27,2026-05-27,reinstatement,2502.47,2033.37
PREM004332,POL004432,COV004332,2023-05-14,2024-05-13,endorsement,1639.9,1151.65
PREM004333,POL004433,COV004333,2026-06-08,2027-06-08,endorsement,1682.94,1136.48
PREM004334,POL004434,COV004334,2024-01-31,2025-01-30,audit,766.97,642.92
PREM004335,POL004435,COV004335,2023-06-07,2024-06-06,renewal,927.15,921.57
PREM004336,POL004436,COV004336,2024-04-10,2025-04-10,new_business,1555.22,1157.34
PREM004337,POL004437,COV004337,2023-06-03,2024-06-02,reinstatement,1677.46,1226.52
PREM004338,POL004438,COV004338,2025-12-12,2026-12-12,new_business,2271.61,2041.51
PREM004339,POL004439,COV004339,2023-11-24,2024-11-23,endorsement,1653.04,987.8
PREM004340,POL004440,COV004340,2026-01-23,2027-01-23,endorsement,2232.47,1632.59
PREM004341,POL004441,COV004341,2026-08-23,2027-08-23,audit,896.05,629.12
PREM004342,POL004442,COV004342,2025-01-04,2026-01-04,new_business,866.56,648.2
PREM004343,POL004443,COV004343,2026-07-15,2027-07-15,audit,628.91,592.84
PREM004344,POL004444,COV004344,2025-01-27,2026-01-27,new_business,1365.38,1330.86
PREM004345,POL004445,COV004345,2023-01-13,2024-01-13,renewal,497.01,336.71
PREM004346,POL004446,COV004346,2024-01-31,2025-01-30,endorsement,925.51,713.3
PREM004347,POL004447,COV004347,2024-10-16,2025-10-16,audit,714.21,711.67
PREM004348,POL004448,COV004348,2024-06-07,2025-06-07,audit,1830.66,972.62
PREM004349,POL004449,COV004349,2024-04-26,2025-04-26,reinstatement,558.63,493.82
PREM004350,POL004450,COV004350,2025-06-02,2026-06-02,renewal,856.41,636.85
PREM004351,POL004451,COV004351,2024-03-13,2025-03-13,cancellation,1963.51,1811.08
PREM004352,POL004452,COV004352,2023-09-11,2024-09-10,renewal,1169.39,938.36
PREM004353,POL004453,COV004353,2025-08-19,2026-08-19,cancellation,698.55,491.04
PREM004354,POL004454,COV004354,2025-01-28,2026-01-28,renewal,350.95,292.11
PREM004355,POL004455,COV004355,2023-06-06,2024-06-05,renewal,951.37,508.45
PREM004356,POL004456,COV004356,2023-04-11,2024-04-10,cancellation,898.96,511.67
PREM004357,POL004457,COV004357,2026-08-29,2027-08-29,cancellation,442.46,433.13
PREM004358,POL004458,COV004358,2026-08-13,2027-08-13,reinstatement,2264.08,1229.69
PREM004359,POL004459,COV004359,2025-11-10,2026-11-10,reinstatement,1042.36,695.33
PREM004360,POL004460,COV004360,2026-01-22,2027-01-22,audit,1144.65,628.83
PREM004361,POL004461,COV004361,2025-11-29,2026-11-29,cancellation,1112.8,608.26
PREM004362,POL004462,COV004362,2026-02-23,2027-02-23,renewal,2600.76,1352.73
PREM004363,POL004463,COV004363,2026-04-29,2027-04-29,cancellation,2638.41,2404.84
PREM004364,POL004464,COV004364,2023-04-16,2024-04-15,renewal,1411.02,809.04
PREM004365,POL004465,COV004365,2026-09-05,2027-09-05,endorsement,1396.31,837.82
PREM004366,POL004466,COV004366,2024-07-13,2025-07-13,audit,66.83,38.58
PREM004367,POL004467,COV004367,2026-03-27,2027-03-27,endorsement,2400.05,1958.39
PREM004368,POL004468,COV004368,2026-08-04,2027-08-04,cancellation,2459.6,1257.5
PREM004369,POL004469,COV004369,2026-01-12,2027-01-12,endorsement,341.88,280.14
PREM004370,POL004470,COV004370,2026-05-27,2027-05-27,new_business,306.31,271.98
PREM004371,POL004471,COV004371,2025-11-09,2026-11-09,endorsement,410.63,248.1
PREM004372,POL004472,COV004372,2024-05-19,2025-05-19,new_business,375.62,254.32
PREM004373,POL004473,COV004373,2024-10-26,2025-10-26,new_business,1580.42,1514.71
PREM004374,POL004474,COV004374,2023-12-19,2024-12-18,audit,661.57,489.21
PREM004375,POL004475,COV004375,2023-04-30,2024-04-29,renewal,949.35,770.28
PREM004376,POL004476,COV004376,2025-02-12,2026-02-12,audit,564.1,447.54
PREM004377,POL004477,COV004377,2025-05-18,2026-05-18,cancellation,719.43,719.3
PREM004378,POL004478,COV004378,2026-05-27,2027-05-27,new_business,1483.66,904.21
PREM004379,POL004479,COV004379,2025-02-25,2026-02-25,cancellation,1568.85,840.28
PREM004380,POL004480,COV004380,2024-03-14,2025-03-14,cancellation,408.93,367.49
PREM004381,POL004481,COV004381,2025-02-11,2026-02-11,new_business,1463.14,786.48
PREM004382,POL004482,COV004382,2026-04-17,2027-04-17,endorsement,116.98,102.82
PREM004383,POL004483,COV004383,2025-06-09,2026-06-09,audit,1595.73,942.53
PREM004384,POL004484,COV004384,2025-03-19,2026-03-19,endorsement,1778.03,987.91
PREM004385,POL004485,COV004385,2025-06-19,2026-06-19,audit,2711.87,2277.96
PREM004386,POL004486,COV004386,2024-03-13,2025-03-13,renewal,124.7,109.79
PREM004387,POL004487,COV004387,2025-09-02,2026-09-02,reinstatement,1342.92,1268.02
PREM004388,POL004488,COV004388,2024-12-28,2025-12-28,renewal,2689.93,1623.42
PREM004389,POL004489,COV004389,2024-05-28,2025-05-28,reinstatement,411.37,247.95
PREM004390,POL004490,COV004390,2025-07-23,2026-07-23,new_business,1623.65,1558.25
PREM004391,POL004491,COV004391,2024-02-13,2025-02-12,endorsement,2131.25,1480.72
PREM004392,POL004492,COV004392,2025-08-20,2026-08-20,renewal,2079.24,1419.21
PREM004393,POL004493,COV004393,2023-07-17,2024-07-16,renewal,497.87,419.29
PREM004394,POL004494,COV004394,2023-10-25,2024-10-24,renewal,2749.72,2611.67
PREM004395,POL004495,COV004395,2025-12-02,2026-12-02,audit,1886.44,1867.5
PREM004396,POL004496,COV004396,2023-04-05,2024-04-04,reinstatement,1772.99,1370.69
PREM004397,POL004497,COV004397,2025-11-19,2026-11-19,new_business,1486.94,1216.68
PREM004398,POL004498,COV004398,2023-10-03,2024-10-02,endorsement,1835.27,1610.95
PREM004399,POL004499,COV004399,2023-12-21,2024-12-20,cancellation,2839.31,2516.97
PREM004400,POL004500,COV004400,2025-11-09,2026-11-09,new_business,2843.74,1551.84
PREM004401,POL004501,COV004401,2023-08-10,2024-08-09,renewal,768.83,681.18
PREM004402,POL004502,COV004402,2026-08-17,2027-08-17,audit,1634.78,829.68
PREM004403,POL004503,COV004403,2025-12-12,2026-12-12,renewal,1369.58,1092.35
PREM004404,POL004504,COV004404,2024-03-24,2025-03-24,renewal,367.87,352.54
PREM004405,POL004505,COV004405,2023-08-02,2024-08-01,endorsement,1695.39,924.08
PREM004406,POL004506,COV004406,2024-10-11,2025-10-11,audit,2450.68,1536.57
PREM004407,POL004507,COV004407,2025-08-01,2026-08-01,renewal,1139.81,741.98
PREM004408,POL004508,COV004408,2025-07-21,2026-07-21,renewal,2351.25,1316.35
PREM004409,POL004509,COV004409,2025-06-24,2026-06-24,reinstatement,2753.26,1412.95
PREM004410,POL004510,COV004410,2023-10-24,2024-10-23,renewal,1410.17,1114.77
PREM004411,POL004511,COV004411,2025-06-17,2026-06-17,audit,2942.35,1514.61
PREM004412,POL004512,COV004412,2023-07-30,2024-07-29,reinstatement,2093.93,1741.04
PREM004413,POL004513,COV004413,2023-06-21,2024-06-20,new_business,1667.61,847.8
PREM004414,POL004514,COV004414,2023-03-08,2024-03-07,endorsement,1210.9,954.85
PREM004415,POL004515,COV004415,2024-11-25,2025-11-25,new_business,578.93,370.46
PREM004416,POL004516,COV004416,2023-05-19,2024-05-18,new_business,1187.78,1104.98
PREM004417,POL004517,COV004417,2025-07-29,2026-07-29,new_business,533.82,427.91
PREM004418,POL004518,COV004418,2025-05-05,2026-05-05,endorsement,2080.78,1956.26
PREM004419,POL004519,COV004419,2026-03-05,2027-03-05,audit,2988.85,2301.06
PREM004420,POL004520,COV004420,2023-03-07,2024-03-06,renewal,655.37,409.46
PREM004421,POL004521,COV004421,2026-03-07,2027-03-07,audit,1807.11,1128.61
PREM004422,POL004522,COV004422,2025-10-20,2026-10-20,renewal,2394.41,2136.76
PREM004423,POL004523,COV004423,2023-01-27,2024-01-27,new_business,1171.06,1104.02
PREM004424,POL004524,COV004424,2025-11-04,2026-11-04,renewal,1484.13,1321.58
PREM004425,POL004525,COV004425,2025-02-14,2026-02-14,reinstatement,2588.41,2540.25
PREM004426,POL004526,COV004426,2025-04-22,2026-04-22,new_business,1998.19,1316.6
PREM004427,POL004527,COV004427,2024-11-04,2025-11-04,cancellation,2086.23,1563.43
PREM004428,POL004528,COV004428,2025-12-02,2026-12-02,new_business,106.96,91.89
PREM004429,POL004529,COV004429,2025-02-05,2026-02-05,audit,164.75,94.22
PREM004430,POL004530,COV004430,2023-09-19,2024-09-18,audit,957.77,671.11
PREM004431,POL004531,COV004431,2023-07-12,2024-07-11,reinstatement,883.21,868.93
PREM004432,POL004532,COV004432,2025-10-27,2026-10-27,audit,1800.84,1252.79
PREM004433,POL004533,COV004433,2025-08-02,2026-08-02,renewal,544.72,287.87
PREM004434,POL004534,COV004434,2026-02-04,2027-02-04,audit,2943.31,2903.59
PREM004435,POL004535,COV004435,2025-05-08,2026-05-08,new_business,312.17,199.4
PREM004436,POL004536,COV004436,2025-08-11,2026-08-11,cancellation,1035.79,668.33
PREM004437,POL004537,COV004437,2023-10-08,2024-10-07,cancellation,1453.11,835.23
PREM004438,POL004538,COV004438,2024-11-06,2025-11-06,new_business,1687.04,1552.51
PREM004439,POL004539,COV004439,2026-08-28,2027-08-28,reinstatement,2887.24,1507.72
PREM004440,POL004540,COV004440,2024-01-26,2025-01-25,endorsement,1630.85,1041.19
PREM004441,POL004541,COV004441,2026-06-15,2027-06-15,new_business,587.79,389.51
PREM004442,POL004542,COV004442,2026-02-21,2027-02-21,renewal,2036.85,1324.27
PREM004443,POL004543,COV004443,2026-04-16,2027-04-16,reinstatement,1674.31,1206.06
PREM004444,POL004544,COV004444,2023-09-20,2024-09-19,new_business,1285.98,909.68
PREM004445,POL004545,COV004445,2023-03-22,2024-03-21,new_business,273.84,201.04
PREM004446,POL004546,COV004446,2025-09-22,2026-09-22,endorsement,2046.74,2003.44
PREM004447,POL004547,COV004447,2025-02-21,2026-02-21,reinstatement,813.94,645.63
PREM004448,POL004548,COV004448,2025-11-08,2026-11-08,reinstatement,2713.32,2350.34
PREM004449,POL004549,COV004449,2023-12-05,2024-12-04,new_business,2402.05,2390.28
PREM004450,POL004550,COV004450,2024-01-02,2025-01-01,cancellation,2671.4,1582.51
PREM004451,POL004551,COV004451,2026-03-29,2027-03-29,reinstatement,2546.71,1612.9
PREM004452,POL004552,COV004452,2023-09-04,2024-09-03,audit,2334.54,1605.66
PREM004453,POL004553,COV004453,2023-10-09,2024-10-08,cancellation,2005.6,1689.21
PREM004454,POL004554,COV004454,2023-04-18,2024-04-17,reinstatement,870.62,655.49
PREM004455,POL004555,COV004455,2023-10-18,2024-10-17,new_business,2568.77,1698.59
PREM004456,POL004556,COV004456,2024-08-31,2025-08-31,renewal,824.36,567.13
PREM004457,POL004557,COV004457,2026-08-30,2027-08-30,reinstatement,1448.97,1111.42
PREM004458,POL004558,COV004458,2023-09-08,2024-09-07,audit,87.77,67.27
PREM004459,POL004559,COV004459,2025-09-21,2026-09-21,new_business,198.37,115.71
PREM004460,POL004560,COV004460,2023-07-30,2024-07-29,cancellation,2676.06,1894.89
PREM004461,POL004561,COV004461,2025-06-09,2026-06-09,new_business,2740.34,2247.96
PREM004462,POL004562,COV004462,2024-09-09,2025-09-09,endorsement,1524.39,1176.84
PREM004463,POL004563,COV004463,2024-12-13,2025-12-13,reinstatement,930.25,899.09
PREM004464,POL004564,COV004464,2026-06-15,2027-06-15,reinstatement,2528.71,1814.08
PREM004465,POL004565,COV004465,2025-01-23,2026-01-23,renewal,1030.37,517.13
PREM004466,POL004566,COV004466,2023-09-16,2024-09-15,cancellation,1898.27,1027.6
PREM004467,POL004567,COV004467,2025-08-08,2026-08-08,cancellation,1624.49,1306.11
PREM004468,POL004568,COV004468,2023-10-19,2024-10-18,cancellation,108.99,107.22
PREM004469,POL004569,COV004469,2023-02-14,2024-02-14,cancellation,2497.92,2042.41
PREM004470,POL004570,COV004470,2023-12-05,2024-12-04,reinstatement,1059.36,1059.01
PREM004471,POL004571,COV004471,2023-02-03,2024-02-03,audit,2702.93,1474.6
PREM004472,POL004572,COV004472,2025-06-13,2026-06-13,endorsement,1415.28,1129.74
PREM004473,POL004573,COV004473,2023-10-07,2024-10-06,audit,1765.64,979.37
PREM004474,POL004574,COV004474,2024-07-03,2025-07-03,reinstatement,445.53,348.91
PREM004475,POL004575,COV004475,2025-11-30,2026-11-30,new_business,2226.73,2167.28
PREM004476,POL004576,COV004476,2026-08-29,2027-08-29,endorsement,2857.2,2474.09
PREM004477,POL004577,COV004477,2026-06-29,2027-06-29,audit,202.07,175.89
PREM004478,POL004578,COV004478,2026-06-02,2027-06-02,reinstatement,1373.3,849.25
PREM004479,POL004579,COV004479,2023-03-14,2024-03-13,renewal,719.53,643.68
PREM004480,POL004580,COV004480,2025-09-17,2026-09-17,cancellation,2158.76,1861.08
PREM004481,POL004581,COV004481,2024-10-04,2025-10-04,renewal,2915.29,1671.04
PREM004482,POL004582,COV004482,2026-01-19,2027-01-19,renewal,717.17,686.72
PREM004483,POL004583,COV004483,2025-07-18,2026-07-18,new_business,667.14,489.26
PREM004484,POL004584,COV004484,2023-04-13,2024-04-12,audit,118.74,80.94
PREM004485,POL004585,COV004485,2024-11-23,2025-11-23,cancellation,216.98,199.91
PREM004486,POL004586,COV004486,2024-11-28,2025-11-28,reinstatement,1442.44,747.95
PREM004487,POL004587,COV004487,2025-08-22,2026-08-22,new_business,1865.35,1362.52
PREM004488,POL004588,COV004488,2024-05-29,2025-05-29,audit,524.56,491.46
PREM004489,POL004589,COV004489,2026-02-27,2027-02-27,endorsement,1227.84,1099.4
PREM004490,POL004590,COV004490,2024-07-27,2025-07-27,reinstatement,416.67,343.44
PREM004491,POL004591,COV004491,2025-12-13,2026-12-13,cancellation,2855.29,2633.65
PREM004492,POL004592,COV004492,2026-04-10,2027-04-10,reinstatement,156.87,122.62
PREM004493,POL004593,COV004493,2024-04-29,2025-04-29,reinstatement,1118.54,1053.92
PREM004494,POL004594,COV004494,2023-11-15,2024-11-14,cancellation,656.96,361.46
PREM004495,POL004595,COV004495,2026-06-13,2027-06-13,audit,662.98,367.43
PREM004496,POL004596,COV004496,2025-12-24,2026-12-24,reinstatement,2606.59,1495.14
PREM004497,POL004597,COV004497,2024-02-08,2025-02-07,endorsement,2999.56,2074.47
PREM004498,POL004598,COV004498,2024-11-19,2025-11-19,new_business,1296.71,748.71
PREM004499,POL004599,COV004499,2025-10-29,2026-10-29,new_business,1360.38,918.43
PREM004500,POL004600,COV004500,2025-06-07,2026-06-07,endorsement,2451.09,1251.74
PREM004501,POL004601,COV004501,2026-07-12,2027-07-12,endorsement,2991.77,2746.8
PREM004502,POL004602,COV004502,2024-01-31,2025-01-30,renewal,376.52,251.92
PREM004503,POL004603,COV004503,2023-01-27,2024-01-27,reinstatement,725.01,481.91
PREM004504,POL004604,COV004504,2026-03-07,2027-03-07,endorsement,966.03,848.79
PREM004505,POL004605,COV004505,2025-06-26,2026-06-26,cancellation,2999.31,2081.99
PREM004506,POL004606,COV004506,2024-02-04,2025-02-03,audit,2790.46,1677.52
PREM004507,POL004607,COV004507,2025-07-25,2026-07-25,audit,1649.34,1113.46
PREM004508,POL004608,COV004508,2025-01-15,2026-01-15,reinstatement,968.52,767.49
PREM004509,POL004609,COV004509,2023-01-28,2024-01-28,endorsement,1217.34,1010.51
PREM004510,POL004610,COV004510,2023-08-23,2024-08-22,cancellation,252.61,181.83
PREM004511,POL004611,COV004511,2025-07-30,2026-07-30,cancellation,733.49,488.74
PREM004512,POL004612,COV004512,2026-08-09,2027-08-09,new_business,845.77,768.84
PREM004513,POL004613,COV004513,2026-05-15,2027-05-15,cancellation,131.49,101.74
PREM004514,POL004614,COV004514,2024-01-16,2025-01-15,endorsement,1452.86,870.99
PREM004515,POL004615,COV004515,2025-06-28,2026-06-28,cancellation,2552.04,2473.36
PREM004516,POL004616,COV004516,2024-05-21,2025-05-21,audit,1118.03,935.55
PREM004517,POL004617,COV004517,2025-05-20,2026-05-20,endorsement,1043.89,930.6
PREM004518,POL004618,COV004518,2023-03-16,2024-03-15,endorsement,772.36,459.77
PREM004519,POL004619,COV004519,2025-01-12,2026-01-12,cancellation,764.12,559.52
PREM004520,POL004620,COV004520,2025-03-15,2026-03-15,audit,689.84,549.89
PREM004521,POL004621,COV004521,2025-02-09,2026-02-09,reinstatement,2159.85,1150.27
PREM004522,POL004622,COV004522,2025-03-12,2026-03-12,reinstatement,1333.15,950.19
PREM004523,POL004623,COV004523,2023-12-13,2024-12-12,cancellation,278.59,247.06
PREM004524,POL004624,COV004524,2023-10-22,2024-10-21,audit,1787.14,1363.57
PREM004525,POL004625,COV004525,2024-11-20,2025-11-20,audit,1786.39,1698.68
PREM004526,POL004626,COV004526,2023-04-01,2024-03-31,audit,2015.37,1539.8
PREM004527,POL004627,COV004527,2024-02-04,2025-02-03,new_business,1487.52,1274.44
PREM004528,POL004628,COV004528,2025-06-04,2026-06-04,renewal,2079.82,1892.03
PREM004529,POL004629,COV004529,2023-11-17,2024-11-16,audit,2129.85,2002.73
PREM004530,POL004630,COV004530,2024-06-07,2025-06-07,endorsement,2944.42,1792.45
PREM004531,POL004631,COV004531,2023-12-23,2024-12-22,endorsement,835.52,551.49
PREM004532,POL004632,COV004532,2024-07-08,2025-07-08,audit,1526.97,1393.9
PREM004533,POL004633,COV004533,2026-07-27,2027-07-27,new_business,668.71,465.07
PREM004534,POL004634,COV004534,2026-02-24,2027-02-24,renewal,1522.43,1158.22
PREM004535,POL004635,COV004535,2024-03-28,2025-03-28,cancellation,2704.82,1611.32
PREM004536,POL004636,COV004536,2023-01-20,2024-01-20,cancellation,1561.43,1340.29
PREM004537,POL004637,COV004537,2024-11-03,2025-11-03,reinstatement,1381.22,1322.12
PREM004538,POL004638,COV004538,2026-03-10,2027-03-10,audit,2857.67,1704.74
PREM004539,POL004639,COV004539,2025-01-15,2026-01-15,renewal,1840.28,1133.54
PREM004540,POL004640,COV004540,2026-04-19,2027-04-19,audit,2840.41,2005.0
PREM004541,POL004641,COV004541,2026-09-05,2027-09-05,renewal,2756.28,1600.91
PREM004542,POL004642,COV004542,2023-07-20,2024-07-19,renewal,2609.42,1595.48
PREM004543,POL004643,COV004543,2025-03-24,2026-03-24,reinstatement,2554.68,2361.63
PREM004544,POL004644,COV004544,2023-06-30,2024-06-29,audit,1410.16,1222.08
PREM004545,POL004645,COV004545,2025-11-20,2026-11-20,reinstatement,1689.02,1490.3
PREM004546,POL004646,COV004546,2026-04-08,2027-04-08,cancellation,1000.72,723.33
PREM004547,POL004647,COV004547,2023-04-20,2024-04-19,audit,1354.86,1086.59
PREM004548,POL004648,COV004548,2026-01-07,2027-01-07,new_business,2241.51,1236.45
PREM004549,POL004649,COV004549,2024-07-30,2025-07-30,new_business,2600.11,2094.68
PREM004550,POL004650,COV004550,2026-06-18,2027-06-18,new_business,2185.14,1744.77
PREM004551,POL004651,COV004551,2023-09-13,2024-09-12,endorsement,904.49,473.37
PREM004552,POL004652,COV004552,2024-12-23,2025-12-23,cancellation,957.9,733.78
PREM004553,POL004653,COV004553,2025-01-23,2026-01-23,renewal,1590.21,1140.97
PREM004554,POL004654,COV004554,2025-01-04,2026-01-04,renewal,1211.37,704.25
PREM004555,POL004655,COV004555,2026-06-18,2027-06-18,new_business,2616.05,1367.35
PREM004556,POL004656,COV004556,2024-02-11,2025-02-10,cancellation,1241.34,891.95
PREM004557,POL004657,COV004557,2024-05-26,2025-05-26,endorsement,683.75,417.35
PREM004558,POL004658,COV004558,2024-11-05,2025-11-05,cancellation,230.41,191.03
PREM004559,POL004659,COV004559,2023-11-11,2024-11-10,new_business,120.01,112.32
PREM004560,POL004660,COV004560,2024-05-03,2025-05-03,cancellation,397.19,199.99
PREM004561,POL004661,COV004561,2023-12-21,2024-12-20,reinstatement,1638.91,1360.23
PREM004562,POL004662,COV004562,2024-03-24,2025-03-24,renewal,1009.85,528.8
PREM004563,POL004663,COV004563,2026-06-06,2027-06-06,cancellation,2786.84,2305.16
PREM004564,POL004664,COV004564,2023-10-18,2024-10-17,endorsement,2541.87,1291.61
PREM004565,POL004665,COV004565,2024-04-22,2025-04-22,cancellation,2168.82,1480.88
PREM004566,POL004666,COV004566,2025-09-05,2026-09-05,reinstatement,2622.37,2571.77
PREM004567,POL004667,COV004567,2024-09-18,2025-09-18,new_business,1401.45,1342.34
PREM004568,POL004668,COV004568,2024-07-22,2025-07-22,endorsement,2902.8,1699.13
PREM004569,POL004669,COV004569,2023-08-20,2024-08-19,endorsement,256.1,223.77
PREM004570,POL004670,COV004570,2025-03-08,2026-03-08,new_business,1952.27,1863.16
PREM004571,POL004671,COV004571,2023-12-02,2024-12-01,renewal,1904.83,1498.43
PREM004572,POL004672,COV004572,2025-10-14,2026-10-14,new_business,886.45,841.46
PREM004573,POL004673,COV004573,2023-06-26,2024-06-25,reinstatement,818.3,455.62
PREM004574,POL004674,COV004574,2024-07-10,2025-07-10,reinstatement,1297.81,798.29
PREM004575,POL004675,COV004575,2024-12-04,2025-12-04,renewal,1685.22,1436.31
PREM004576,POL004676,COV004576,2024-11-07,2025-11-07,cancellation,193.92,127.37
PREM004577,POL004677,COV004577,2026-02-17,2027-02-17,audit,2085.27,1714.65
PREM004578,POL004678,COV004578,2024-05-19,2025-05-19,audit,672.02,612.49
PREM004579,POL004679,COV004579,2024-02-02,2025-02-01,cancellation,2944.43,2360.7
PREM004580,POL004680,COV004580,2025-03-28,2026-03-28,reinstatement,1245.96,639.18
PREM004581,POL004681,COV004581,2024-03-03,2025-03-03,reinstatement,1775.8,1712.21
PREM004582,POL004682,COV004582,2024-08-18,2025-08-18,new_business,1813.07,1246.54
PREM004583,POL004683,COV004583,2025-11-27,2026-11-27,reinstatement,2039.52,1859.85
PREM004584,POL004684,COV004584,2024-11-21,2025-11-21,renewal,507.68,317.01
PREM004585,POL004685,COV004585,2025-11-14,2026-11-14,new_business,734.86,515.82
PREM004586,POL004686,COV004586,2026-04-05,2027-04-05,reinstatement,2670.6,2667.42
PREM004587,POL004687,COV004587,2026-04-24,2027-04-24,renewal,106.22,78.5
PREM004588,POL004688,COV004588,2023-01-14,2024-01-14,audit,1384.81,862.31
PREM004589,POL004689,COV004589,2026-01-02,2027-01-02,reinstatement,830.95,818.54
PREM004590,POL004690,COV004590,2026-09-12,2027-09-12,reinstatement,1239.52,678.39
PREM004591,POL004691,COV004591,2025-05-17,2026-05-17,endorsement,975.02,637.78
PREM004592,POL004692,COV004592,2023-03-23,2024-03-22,endorsement,1984.39,1335.06
PREM004593,POL004693,COV004593,2024-08-20,2025-08-20,reinstatement,2386.32,2321.41
PREM004594,POL004694,COV004594,2026-07-18,2027-07-18,renewal,2930.63,1758.0
PREM004595,POL004695,COV004595,2025-01-21,2026-01-21,audit,1233.36,1165.22
PREM004596,POL004696,COV004596,2023-06-12,2024-06-11,endorsement,1689.34,868.67
PREM004597,POL004697,COV004597,2025-06-28,2026-06-28,endorsement,827.91,625.78
PREM004598,POL004698,COV004598,2023-09-26,2024-09-25,reinstatement,1708.93,1017.44
PREM004599,POL004699,COV004599,2024-08-10,2025-08-10,endorsement,195.85,162.95
PREM004600,POL004700,COV004600,2023-07-18,2024-07-17,reinstatement,1350.94,783.54
PREM004601,POL004701,COV004601,2025-09-11,2026-09-11,reinstatement,2711.16,1839.32
PREM004602,POL004702,COV004602,2025-02-17,2026-02-17,cancellation,2241.02,1261.0
PREM004603,POL004703,COV004603,2025-10-17,2026-10-17,endorsement,903.73,518.66
PREM004604,POL004704,COV004604,2024-10-01,2025-10-01,reinstatement,1146.97,906.63
PREM004605,POL004705,COV004605,2023-09-23,2024-09-22,reinstatement,504.96,466.66
PREM004606,POL004706,COV004606,2024-01-05,2025-01-04,cancellation,887.67,802.79
PREM004607,POL004707,COV004607,2025-04-28,2026-04-28,cancellation,1158.89,631.11
PREM004608,POL004708,COV004608,2025-03-11,2026-03-11,renewal,2493.45,2247.61
PREM004609,POL004709,COV004609,2023-07-17,2024-07-16,reinstatement,1032.33,917.3
PREM004610,POL004710,COV004610,2025-01-03,2026-01-03,new_business,707.67,464.32
PREM004611,POL004711,COV004611,2024-06-27,2025-06-27,audit,1594.77,1425.77
PREM004612,POL004712,COV004612,2026-05-02,2027-05-02,audit,1905.49,1479.53
PREM004613,POL004713,COV004613,2023-10-17,2024-10-16,endorsement,1537.6,862.0
PREM004614,POL004714,COV004614,2024-03-25,2025-03-25,audit,2204.35,1492.17
PREM004615,POL004715,COV004615,2024-02-09,2025-02-08,audit,1366.39,1348.61
PREM004616,POL004716,COV004616,2023-11-08,2024-11-07,reinstatement,749.3,504.82
PREM004617,POL004717,COV004617,2025-09-29,2026-09-29,endorsement,1642.07,1018.34
PREM004618,POL004718,COV004618,2023-10-02,2024-10-01,reinstatement,2452.59,2072.38
PREM004619,POL004719,COV004619,2025-10-28,2026-10-28,endorsement,2427.82,2004.61
PREM004620,POL004720,COV004620,2023-09-02,2024-09-01,renewal,2230.69,1806.74
PREM004621,POL004721,COV004621,2026-05-01,2027-05-01,audit,2912.25,2116.62
PREM004622,POL004722,COV004622,2025-03-18,2026-03-18,cancellation,635.62,494.09
PREM004623,POL004723,COV004623,2023-12-04,2024-12-03,endorsement,2421.24,1504.63
PREM004624,POL004724,COV004624,2025-06-07,2026-06-07,renewal,58.1,52.23
PREM004625,POL004725,COV004625,2026-02-11,2027-02-11,reinstatement,2966.82,2157.3
PREM004626,POL004726,COV004626,2026-08-03,2027-08-03,audit,1605.02,1516.01
PREM004627,POL004727,COV004627,2026-01-28,2027-01-28,new_business,1850.77,1738.96
PREM004628,POL004728,COV004628,2026-06-17,2027-06-17,new_business,1158.65,945.33
PREM004629,POL004729,COV004629,2025-06-06,2026-06-06,renewal,486.21,391.26
PREM004630,POL004730,COV004630,2025-11-24,2026-11-24,reinstatement,1762.99,1065.84
PREM004631,POL004731,COV004631,2023-09-24,2024-09-23,audit,2092.95,2084.71
PREM004632,POL004732,COV004632,2025-09-27,2026-09-27,cancellation,1172.82,677.94
PREM004633,POL004733,COV004633,2025-12-01,2026-12-01,renewal,2506.1,2046.53
PREM004634,POL004734,COV004634,2023-10-26,2024-10-25,cancellation,351.99,229.27
PREM004635,POL004735,COV004635,2026-06-03,2027-06-03,endorsement,2189.35,1340.32
PREM004636,POL004736,COV004636,2025-05-26,2026-05-26,renewal,303.98,233.89
PREM004637,POL004737,COV004637,2023-12-01,2024-11-30,new_business,2040.17,1942.82
PREM004638,POL004738,COV004638,2023-10-31,2024-10-30,audit,1364.22,990.27
PREM004639,POL004739,COV004639,2023-04-08,2024-04-07,renewal,313.39,268.69
PREM004640,POL004740,COV004640,2026-07-10,2027-07-10,reinstatement,1182.33,896.58
PREM004641,POL004741,COV004641,2024-05-31,2025-05-31,renewal,1109.33,981.35
PREM004642,POL004742,COV004642,2023-11-16,2024-11-15,cancellation,2645.56,1959.6
PREM004643,POL004743,COV004643,2025-04-29,2026-04-29,cancellation,947.71,668.21
PREM004644,POL004744,COV004644,2025-06-20,2026-06-20,audit,2404.86,1498.13
PREM004645,POL004745,COV004645,2025-01-17,2026-01-17,renewal,300.69,255.73
PREM004646,POL004746,COV004646,2023-09-22,2024-09-21,new_business,2244.22,1376.92
PREM004647,POL004747,COV004647,2023-07-30,2024-07-29,renewal,333.73,271.2
PREM004648,POL004748,COV004648,2026-08-08,2027-08-08,endorsement,602.56,401.83
PREM004649,POL004749,COV004649,2023-06-15,2024-06-14,new_business,2257.95,2084.8
PREM004650,POL004750,COV004650,2025-01-06,2026-01-06,renewal,2575.05,1563.41
PREM004651,POL004751,COV004651,2026-05-17,2027-05-17,audit,1979.0,1037.57
PREM004652,POL004752,COV004652,2023-05-19,2024-05-18,reinstatement,1262.15,976.71
PREM004653,POL004753,COV004653,2023-08-06,2024-08-05,reinstatement,1553.09,1507.3
PREM004654,POL004754,COV004654,2023-05-24,2024-05-23,new_business,1282.86,725.31
PREM004655,POL004755,COV004655,2025-11-22,2026-11-22,audit,373.01,285.77
PREM004656,POL004756,COV004656,2023-01-09,2024-01-09,audit,1744.15,1039.94
PREM004657,POL004757,COV004657,2025-05-16,2026-05-16,audit,1672.11,1012.62
PREM004658,POL004758,COV004658,2023-12-22,2024-12-21,cancellation,998.58,824.67
PREM004659,POL004759,COV004659,2023-08-15,2024-08-14,endorsement,918.48,748.09
PREM004660,POL004760,COV004660,2025-03-17,2026-03-17,renewal,1144.22,785.9
PREM004661,POL004761,COV004661,2025-04-05,2026-04-05,renewal,228.38,133.09
PREM004662,POL004762,COV004662,2023-07-12,2024-07-11,reinstatement,1413.72,1301.14
PREM004663,POL004763,COV004663,2025-11-09,2026-11-09,audit,2563.07,1820.47
PREM004664,POL004764,COV004664,2025-10-22,2026-10-22,new_business,749.06,677.28
PREM004665,POL004765,COV004665,2023-02-06,2024-02-06,new_business,933.6,875.32
PREM004666,POL004766,COV004666,2025-01-16,2026-01-16,audit,2806.88,1988.58
PREM004667,POL004767,COV004667,2025-05-27,2026-05-27,cancellation,1307.52,1206.62
PREM004668,POL004768,COV004668,2025-12-20,2026-12-20,endorsement,255.2,160.09
PREM004669,POL004769,COV004669,2025-10-17,2026-10-17,reinstatement,1199.84,737.5
PREM004670,POL004770,COV004670,2023-11-01,2024-10-31,new_business,2517.97,1526.74
PREM004671,POL004771,COV004671,2024-04-05,2025-04-05,audit,227.3,202.53
PREM004672,POL004772,COV004672,2025-12-21,2026-12-21,reinstatement,1320.96,1141.32
PREM004673,POL004773,COV004673,2023-02-25,2024-02-25,new_business,714.14,610.27
PREM004674,POL004774,COV004674,2024-01-29,2025-01-28,cancellation,2664.85,2079.84
PREM004675,POL004775,COV004675,2023-03-25,2024-03-24,reinstatement,932.73,771.44
PREM004676,POL004776,COV004676,2024-09-05,2025-09-05,endorsement,2977.71,2261.96
PREM004677,POL004777,COV004677,2025-08-20,2026-08-20,new_business,2506.41,1909.87
PREM004678,POL004778,COV004678,2025-05-11,2026-05-11,new_business,885.72,726.38
PREM004679,POL004779,COV004679,2023-01-02,2024-01-02,audit,1482.33,853.07
PREM004680,POL004780,COV004680,2026-05-27,2027-05-27,reinstatement,916.11,616.31
PREM004681,POL004781,COV004681,2025-07-20,2026-07-20,new_business,1511.79,1371.83
PREM004682,POL004782,COV004682,2024-02-16,2025-02-15,reinstatement,1965.65,1721.01
PREM004683,POL004783,COV004683,2023-09-04,2024-09-03,reinstatement,371.11,307.24
PREM004684,POL004784,COV004684,2024-08-17,2025-08-17,audit,388.95,267.04
PREM004685,POL004785,COV004685,2023-05-04,2024-05-03,new_business,610.57,357.08
PREM004686,POL004786,COV004686,2024-09-30,2025-09-30,audit,1109.25,1016.79
PREM004687,POL004787,COV004687,2025-11-06,2026-11-06,audit,1447.68,1075.07
PREM004688,POL004788,COV004688,2025-06-10,2026-06-10,cancellation,2672.87,2517.09
PREM004689,POL004789,COV004689,2026-03-23,2027-03-23,cancellation,2870.38,2114.54
PREM004690,POL004790,COV004690,2025-10-01,2026-10-01,reinstatement,2236.64,1581.46
PREM004691,POL004791,COV004691,2026-03-16,2027-03-16,renewal,74.36,66.1
PREM004692,POL004792,COV004692,2024-09-06,2025-09-06,renewal,1157.63,622.68
PREM004693,POL004793,COV004693,2024-11-02,2025-11-02,cancellation,2415.13,2312.35
PREM004694,POL004794,COV004694,2023-05-05,2024-05-04,reinstatement,2372.06,1245.0
PREM004695,POL004795,COV004695,2025-02-27,2026-02-27,new_business,421.0,290.76
PREM004696,POL004796,COV004696,2023-08-03,2024-08-02,cancellation,2267.13,1327.8
PREM004697,POL004797,COV004697,2025-08-02,2026-08-02,endorsement,1052.16,698.93
PREM004698,POL004798,COV004698,2025-08-27,2026-08-27,renewal,1222.7,792.14
PREM004699,POL004799,COV004699,2023-08-29,2024-08-28,cancellation,1961.01,1448.65
PREM004700,POL004800,COV004700,2024-03-15,2025-03-15,reinstatement,812.23,508.2
PREM004701,POL004801,COV004701,2025-08-03,2026-08-03,renewal,639.96,382.19
PREM004702,POL004802,COV004702,2026-02-04,2027-02-04,reinstatement,2833.19,2793.27
PREM004703,POL004803,COV004703,2025-10-02,2026-10-02,new_business,2393.65,2182.28
PREM004704,POL004804,COV004704,2026-01-24,2027-01-24,renewal,1751.03,1363.6
PREM004705,POL004805,COV004705,2025-06-18,2026-06-18,audit,2041.65,1106.37
PREM004706,POL004806,COV004706,2023-07-12,2024-07-11,renewal,1420.24,839.74
PREM004707,POL004807,COV004707,2023-03-17,2024-03-16,cancellation,230.29,200.65
PREM004708,POL004808,COV004708,2024-08-21,2025-08-21,reinstatement,1929.01,1552.94
PREM004709,POL004809,COV004709,2026-06-15,2027-06-15,new_business,878.46,542.72
PREM004710,POL004810,COV004710,2024-09-17,2025-09-17,endorsement,2170.83,2167.32
PREM004711,POL004811,COV004711,2023-12-30,2024-12-29,endorsement,214.57,206.92
PREM004712,POL004812,COV004712,2023-12-28,2024-12-27,cancellation,216.62,180.14
PREM004713,POL004813,COV004713,2023-06-02,2024-06-01,new_business,2946.66,1517.19
PREM004714,POL004814,COV004714,2025-12-13,2026-12-13,reinstatement,2520.74,1264.73
PREM004715,POL004815,COV004715,2026-08-15,2027-08-15,cancellation,1350.51,1120.6
PREM004716,POL004816,COV004716,2025-12-23,2026-12-23,endorsement,1017.14,526.83
PREM004717,POL004817,COV004717,2023-10-11,2024-10-10,audit,2667.96,2472.95
PREM004718,POL004818,COV004718,2023-08-08,2024-08-07,renewal,2304.01,2184.17
PREM004719,POL004819,COV004719,2025-12-13,2026-12-13,renewal,2293.74,1605.44
PREM004720,POL004820,COV004720,2023-12-07,2024-12-06,endorsement,1448.11,901.73
PREM004721,POL004821,COV004721,2023-07-14,2024-07-13,renewal,2782.76,2237.83
PREM004722,POL004822,COV004722,2023-04-07,2024-04-06,audit,2176.3,1290.37
PREM004723,POL004823,COV004723,2026-05-29,2027-05-29,new_business,434.3,252.09
PREM004724,POL004824,COV004724,2025-01-30,2026-01-30,cancellation,557.71,355.31
PREM004725,POL004825,COV004725,2023-02-17,2024-02-17,new_business,286.19,199.41
PREM004726,POL004826,COV004726,2023-05-03,2024-05-02,reinstatement,461.72,409.68
PREM004727,POL004827,COV004727,2024-11-09,2025-11-09,audit,1738.59,1079.51
PREM004728,POL004828,COV004728,2024-02-04,2025-02-03,reinstatement,2884.43,1576.82
PREM004729,POL004829,COV004729,2026-04-22,2027-04-22,endorsement,2825.31,1456.99
PREM004730,POL004830,COV004730,2023-03-06,2024-03-05,audit,333.56,208.24
PREM004731,POL004831,COV004731,2026-01-06,2027-01-06,reinstatement,1613.97,1376.63
PREM004732,POL004832,COV004732,2023-05-12,2024-05-11,new_business,110.43,61.58
PREM004733,POL004833,COV004733,2024-05-05,2025-05-05,audit,1306.47,1029.11
PREM004734,POL004834,COV004734,2025-05-04,2026-05-04,reinstatement,2099.99,1700.69
PREM004735,POL004835,COV004735,2023-04-25,2024-04-24,cancellation,1415.61,1352.16
PREM004736,POL004836,COV004736,2023-01-28,2024-01-28,audit,2713.01,1373.76
PREM004737,POL004837,COV004737,2025-05-13,2026-05-13,endorsement,2630.82,2459.56
PREM004738,POL004838,COV004738,2026-07-15,2027-07-15,new_business,1261.4,1091.31
PREM004739,POL004839,COV004739,2023-05-30,2024-05-29,reinstatement,948.97,653.4
PREM004740,POL004840,COV004740,2023-02-17,2024-02-17,endorsement,2551.37,1416.65
PREM004741,POL004841,COV004741,2023-09-27,2024-09-26,reinstatement,1882.19,1511.28
PREM004742,POL004842,COV004742,2024-08-06,2025-08-06,endorsement,2850.48,1841.77
PREM004743,POL004843,COV004743,2024-12-15,2025-12-15,endorsement,2971.32,2771.87
PREM004744,POL004844,COV004744,2026-06-29,2027-06-29,audit,320.18,238.43
PREM004745,POL004845,COV004745,2026-08-27,2027-08-27,audit,2645.73,1648.24
PREM004746,POL004846,COV004746,2023-05-08,2024-05-07,reinstatement,575.26,419.47
PREM004747,POL004847,COV004747,2023-05-05,2024-05-04,cancellation,1401.73,1333.06
PREM004748,POL004848,COV004748,2024-09-18,2025-09-18,reinstatement,973.53,644.8
PREM004749,POL004849,COV004749,2025-03-27,2026-03-27,audit,847.12,585.59
PREM004750,POL004850,COV004750,2025-12-05,2026-12-05,audit,1507.05,1326.03
PREM004751,POL004851,COV004751,2026-06-14,2027-06-14,cancellation,1249.7,766.45
PREM004752,POL004852,COV004752,2026-03-21,2027-03-21,new_business,1044.33,851.12
PREM004753,POL004853,COV004753,2023-07-02,2024-07-01,reinstatement,998.95,728.41
PREM004754,POL004854,COV004754,2023-02-17,2024-02-17,reinstatement,2164.59,2125.83
PREM004755,POL004855,COV004755,2026-07-05,2027-07-05,renewal,1765.72,897.88
PREM004756,POL004856,COV004756,2026-05-25,2027-05-25,audit,304.47,257.33
PREM004757,POL004857,COV004757,2024-05-09,2025-05-09,new_business,2641.38,2627.31
PREM004758,POL004858,COV004758,2023-10-16,2024-10-15,endorsement,2386.01,1627.39
PREM004759,POL004859,COV004759,2023-01-11,2024-01-11,cancellation,154.48,126.06
PREM004760,POL004860,COV004760,2024-07-10,2025-07-10,audit,457.62,327.05
PREM004761,POL004861,COV004761,2025-05-02,2026-05-02,cancellation,275.59,272.57
PREM004762,POL004862,COV004762,2025-01-27,2026-01-27,endorsement,498.41,426.78
PREM004763,POL004863,COV004763,2025-07-31,2026-07-31,audit,1169.79,1031.55
PREM004764,POL004864,COV004764,2026-04-05,2027-04-05,endorsement,1209.3,935.18
PREM004765,POL004865,COV004765,2023-08-02,2024-08-01,reinstatement,2466.79,2306.38
PREM004766,POL004866,COV004766,2025-06-20,2026-06-20,endorsement,747.32,612.28
PREM004767,POL004867,COV004767,2024-02-03,2025-02-02,cancellation,1827.18,1457.99
PREM004768,POL004868,COV004768,2025-12-15,2026-12-15,renewal,2039.57,1172.96
PREM004769,POL004869,COV004769,2024-10-12,2025-10-12,new_business,1436.88,784.95
PREM004770,POL004870,COV004770,2024-08-24,2025-08-24,audit,1338.03,1220.48
PREM004771,POL004871,COV004771,2025-01-03,2026-01-03,new_business,1449.83,1120.68
PREM004772,POL004872,COV004772,2024-06-09,2025-06-09,reinstatement,1400.93,1266.85
PREM004773,POL004873,COV004773,2023-10-24,2024-10-23,endorsement,992.21,592.03
PREM004774,POL004874,COV004774,2024-10-14,2025-10-14,cancellation,93.3,88.64
PREM004775,POL004875,COV004775,2026-09-12,2027-09-12,new_business,573.19,534.06
PREM004776,POL004876,COV004776,2025-10-05,2026-10-05,renewal,410.66,384.06
PREM004777,POL004877,COV004777,2025-07-07,2026-07-07,audit,1724.9,1561.77
PREM004778,POL004878,COV004778,2025-08-12,2026-08-12,audit,2603.93,2315.43
PREM004779,POL004879,COV004779,2026-08-10,2027-08-10,reinstatement,2896.37,1669.13
PREM004780,POL004880,COV004780,2024-03-07,2025-03-07,endorsement,470.74,380.03
PREM004781,POL004881,COV004781,2026-02-16,2027-02-16,renewal,91.25,83.75
PREM004782,POL004882,COV004782,2025-07-28,2026-07-28,renewal,1121.04,617.15
PREM004783,POL004883,COV004783,2025-04-19,2026-04-19,cancellation,1147.38,1077.12
PREM004784,POL004884,COV004784,2025-11-04,2026-11-04,renewal,381.05,219.2
PREM004785,POL004885,COV004785,2025-02-12,2026-02-12,endorsement,975.59,792.69
PREM004786,POL004886,COV004786,2024-12-28,2025-12-28,reinstatement,1861.19,1669.98
PREM004787,POL004887,COV004787,2026-03-20,2027-03-20,endorsement,1603.63,1249.62
PREM004788,POL004888,COV004788,2023-11-23,2024-11-22,audit,622.93,439.77
PREM004789,POL004889,COV004789,2024-02-08,2025-02-07,new_business,561.63,289.84
PREM004790,POL004890,COV004790,2025-11-25,2026-11-25,new_business,1432.94,860.38
PREM004791,POL004891,COV004791,2025-07-24,2026-07-24,audit,2276.6,1317.77
PREM004792,POL004892,COV004792,2024-05-20,2025-05-20,new_business,217.12,181.82
PREM004793,POL004893,COV004793,2025-05-18,2026-05-18,reinstatement,180.8,158.72
PREM004794,POL004894,COV004794,2024-02-22,2025-02-21,renewal,2628.16,2136.1
PREM004795,POL004895,COV004795,2023-01-07,2024-01-07,audit,193.44,169.05
PREM004796,POL004896,COV004796,2025-12-11,2026-12-11,audit,2042.63,1143.78
PREM004797,POL004897,COV004797,2025-04-14,2026-04-14,reinstatement,428.51,252.6
PREM004798,POL004898,COV004798,2026-08-11,2027-08-11,audit,456.83,360.71
PREM004799,POL004899,COV004799,2026-07-03,2027-07-03,endorsement,2287.49,1624.42
PREM004800,POL004900,COV004800,2023-09-10,2024-09-09,cancellation,550.54,289.98
PREM004801,POL004901,COV004801,2024-11-18,2025-11-18,reinstatement,264.65,196.98
PREM004802,POL004902,COV004802,2024-06-16,2025-06-16,cancellation,1004.58,701.62
PREM004803,POL004903,COV004803,2024-05-27,2025-05-27,cancellation,1345.79,1006.04
PREM004804,POL004904,COV004804,2023-05-08,2024-05-07,audit,1229.53,894.17
PREM004805,POL004905,COV004805,2024-09-05,2025-09-05,cancellation,2217.08,1330.06
PREM004806,POL004906,COV004806,2023-11-28,2024-11-27,endorsement,2625.47,2578.66
PREM004807,POL004907,COV004807,2024-09-08,2025-09-08,audit,467.35,298.75
PREM004808,POL004908,COV004808,2024-05-22,2025-05-22,new_business,1602.48,1090.38
PREM004809,POL004909,COV004809,2025-02-14,2026-02-14,reinstatement,75.42,63.59
PREM004810,POL004910,COV004810,2023-11-24,2024-11-23,audit,2251.54,1727.63
PREM004811,POL004911,COV004811,2023-02-03,2024-02-03,endorsement,2763.35,2535.77
PREM004812,POL004912,COV004812,2023-02-26,2024-02-26,renewal,1139.7,749.93
PREM004813,POL004913,COV004813,2026-04-23,2027-04-23,renewal,2257.0,1493.6
PREM004814,POL004914,COV004814,2025-05-23,2026-05-23,new_business,2629.37,1919.59
PREM004815,POL004915,COV004815,2024-11-10,2025-11-10,reinstatement,1487.02,1259.08
PREM004816,POL004916,COV004816,2025-06-10,2026-06-10,renewal,1548.59,1401.64
PREM004817,POL004917,COV004817,2023-03-28,2024-03-27,reinstatement,1019.77,911.62
PREM004818,POL004918,COV004818,2023-08-15,2024-08-14,audit,2339.56,1318.93
PREM004819,POL004919,COV004819,2024-07-10,2025-07-10,cancellation,835.93,754.06
PREM004820,POL004920,COV004820,2024-07-11,2025-07-11,cancellation,2979.44,2300.91
PREM004821,POL004921,COV004821,2025-01-30,2026-01-30,reinstatement,2584.76,2195.01
PREM004822,POL004922,COV004822,2023-12-05,2024-12-04,new_business,1085.03,827.21
PREM004823,POL004923,COV004823,2023-03-29,2024-03-28,new_business,229.77,138.73
PREM004824,POL004924,COV004824,2024-05-17,2025-05-17,renewal,2433.23,1928.28
PREM004825,POL004925,COV004825,2024-10-17,2025-10-17,new_business,963.11,555.42
PREM004826,POL004926,COV004826,2024-11-28,2025-11-28,renewal,381.32,207.23
PREM004827,POL004927,COV004827,2026-04-10,2027-04-10,renewal,830.33,435.39
PREM004828,POL004928,COV004828,2023-08-25,2024-08-24,new_business,201.53,198.58
PREM004829,POL004929,COV004829,2025-04-01,2026-04-01,reinstatement,2032.26,1402.83
PREM004830,POL004930,COV004830,2026-01-10,2027-01-10,new_business,516.98,416.24
PREM004831,POL004931,COV004831,2025-03-22,2026-03-22,reinstatement,1381.24,1163.44
PREM004832,POL004932,COV004832,2026-02-25,2027-02-25,new_business,343.19,212.35
PREM004833,POL004933,COV004833,2024-05-23,2025-05-23,new_business,782.06,493.5
PREM004834,POL004934,COV004834,2024-10-31,2025-10-31,reinstatement,1466.2,1098.48
PREM004835,POL004935,COV004835,2024-09-25,2025-09-25,new_business,1821.38,1689.51
PREM004836,POL004936,COV004836,2024-08-22,2025-08-22,reinstatement,910.84,816.91
PREM004837,POL004937,COV004837,2023-07-11,2024-07-10,endorsement,1887.51,1077.68
PREM004838,POL004938,COV004838,2025-01-08,2026-01-08,endorsement,772.11,400.0
PREM004839,POL004939,COV004839,2024-05-03,2025-05-03,reinstatement,622.45,381.22
PREM004840,POL004940,COV004840,2025-10-25,2026-10-25,renewal,600.82,474.23
PREM004841,POL004941,COV004841,2023-04-03,2024-04-02,cancellation,926.68,678.24
PREM004842,POL004942,COV004842,2026-01-03,2027-01-03,new_business,2863.5,2008.24
PREM004843,POL004943,COV004843,2025-02-26,2026-02-26,cancellation,2475.93,1431.06
PREM004844,POL004944,COV004844,2026-04-29,2027-04-29,audit,1769.1,1451.0
PREM004845,POL004945,COV004845,2023-11-19,2024-11-18,cancellation,995.99,892.88
PREM004846,POL004946,COV004846,2026-08-07,2027-08-07,reinstatement,1975.59,1305.67
PREM004847,POL004947,COV004847,2023-04-01,2024-03-31,renewal,1740.69,1577.22
PREM004848,POL004948,COV004848,2024-11-07,2025-11-07,cancellation,1057.5,547.11
PREM004849,POL004949,COV004849,2024-09-17,2025-09-17,new_business,1755.07,1019.14
PREM004850,POL004950,COV004850,2025-11-04,2026-11-04,audit,1314.24,1011.11
PREM004851,POL004951,COV004851,2026-03-22,2027-03-22,renewal,381.1,257.74
PREM004852,POL004952,COV004852,2023-12-16,2024-12-15,new_business,1907.23,1138.43
PREM004853,POL004953,COV004853,2023-11-26,2024-11-25,endorsement,1493.53,1316.1
PREM004854,POL004954,COV004854,2024-03-27,2025-03-27,renewal,2102.69,1774.5
PREM004855,POL004955,COV004855,2026-05-26,2027-05-26,endorsement,1855.61,1348.59
PREM004856,POL004956,COV004856,2023-06-19,2024-06-18,new_business,1059.66,745.96
PREM004857,POL004957,COV004857,2024-07-13,2025-07-13,renewal,1829.76,1099.94
PREM004858,POL004958,COV004858,2025-08-06,2026-08-06,reinstatement,349.37,182.72
PREM004859,POL004959,COV004859,2024-04-18,2025-04-18,cancellation,582.69,552.87
PREM004860,POL004960,COV004860,2024-12-23,2025-12-23,renewal,257.17,214.82
PREM004861,POL004961,COV004861,2024-11-27,2025-11-27,cancellation,1189.3,1114.4
PREM004862,POL004962,COV004862,2024-11-06,2025-11-06,reinstatement,1465.78,1367.53
PREM004863,POL004963,COV004863,2025-02-19,2026-02-19,endorsement,1137.9,1022.61
PREM004864,POL004964,COV004864,2023-03-13,2024-03-12,reinstatement,2409.35,1231.1
PREM004865,POL004965,COV004865,2026-06-28,2027-06-28,new_business,2498.4,2160.86
PREM004866,POL004966,COV004866,2024-04-20,2025-04-20,new_business,2077.5,1072.02
PREM004867,POL004967,COV004867,2023-09-08,2024-09-07,cancellation,611.87,320.49
PREM004868,POL004968,COV004868,2024-05-12,2025-05-12,reinstatement,2863.74,2396.91
PREM004869,POL004969,COV004869,2023-10-12,2024-10-11,renewal,1127.48,783.85
PREM004870,POL004970,COV004870,2024-04-12,2025-04-12,audit,2837.25,2440.37
PREM004871,POL004971,COV004871,2023-03-22,2024-03-21,cancellation,2085.01,1401.54
PREM004872,POL004972,COV004872,2026-08-09,2027-08-09,renewal,2220.19,1740.69
PREM004873,POL004973,COV004873,2026-06-28,2027-06-28,endorsement,654.38,467.08
PREM004874,POL004974,COV004874,2026-05-03,2027-05-03,new_business,2135.44,1497.34
PREM004875,POL004975,COV004875,2026-02-22,2027-02-22,cancellation,2133.14,1148.14
PREM004876,POL004976,COV004876,2023-06-26,2024-06-25,endorsement,2314.36,1804.93
PREM004877,POL004977,COV004877,2026-08-23,2027-08-23,reinstatement,956.06,882.81
PREM004878,POL004978,COV004878,2025-06-26,2026-06-26,cancellation,918.16,824.79
PREM004879,POL004979,COV004879,2025-10-22,2026-10-22,audit,1098.54,854.15
PREM004880,POL004980,COV004880,2023-06-17,2024-06-16,cancellation,2586.81,1496.76
PREM004881,POL004981,COV004881,2024-02-17,2025-02-16,audit,1512.2,873.36
PREM004882,POL004982,COV004882,2026-02-16,2027-02-16,new_business,538.33,443.7
PREM004883,POL004983,COV004883,2023-07-10,2024-07-09,renewal,771.87,687.77
PREM004884,POL004984,COV004884,2024-11-13,2025-11-13,cancellation,214.03,172.67
PREM004885,POL004985,COV004885,2026-05-03,2027-05-03,new_business,2595.48,2307.96
PREM004886,POL004986,COV004886,2023-01-31,2024-01-31,endorsement,1227.0,840.35
PREM004887,POL004987,COV004887,2023-03-24,2024-03-23,audit,398.82,235.06
PREM004888,POL004988,COV004888,2024-01-24,2025-01-23,renewal,258.6,230.55
PREM004889,POL004989,COV004889,2024-05-17,2025-05-17,cancellation,300.0,206.19
PREM004890,POL004990,COV004890,2025-12-19,2026-12-19,renewal,2933.25,2174.68
PREM004891,POL004991,COV004891,2023-01-17,2024-01-17,new_business,2011.7,1397.12
PREM004892,POL004992,COV004892,2025-05-12,2026-05-12,endorsement,481.87,417.41
PREM004893,POL004993,COV004893,2025-10-04,2026-10-04,audit,1711.74,1001.65
PREM004894,POL004994,COV004894,2023-12-18,2024-12-17,renewal,2968.92,2743.13
PREM004895,POL004995,COV004895,2023-01-12,2024-01-12,cancellation,2226.52,1296.74
PREM004896,POL004996,COV004896,2024-09-11,2025-09-11,reinstatement,441.85,422.72
PREM004897,POL004997,COV004897,2026-04-06,2027-04-06,renewal,910.85,673.3
PREM004898,POL004998,COV004898,2024-05-08,2025-05-08,endorsement,114.21,75.65
PREM004899,POL004999,COV004899,2023-06-07,2024-06-06,cancellation,796.2,476.52
PREM004900,POL005000,COV004900,2024-05-03,2025-05-03,endorsement,2302.8,2029.69
PREM004901,POL000001,COV004901,2023-09-09,2024-09-08,cancellation,383.69,298.7
PREM004902,POL000002,COV004902,2023-12-22,2024-12-21,reinstatement,1398.57,956.98
PREM004903,POL000003,COV004903,2025-06-24,2026-06-24,renewal,1030.09,897.73
PREM004904,POL000004,COV004904,2026-06-27,2027-06-27,renewal,1945.34,1263.56
PREM004905,POL000005,COV004905,2025-01-07,2026-01-07,reinstatement,2735.0,1592.06
PREM004906,POL000006,COV004906,2024-06-18,2025-06-18,renewal,368.82,288.84
PREM004907,POL000007,COV004907,2025-09-10,2026-09-10,new_business,2436.33,1416.14
PREM004908,POL000008,COV004908,2025-08-11,2026-08-11,new_business,1112.15,606.34
PREM004909,POL000009,COV004909,2023-06-06,2024-06-05,cancellation,927.03,721.07
PREM004910,POL000010,COV004910,2024-05-03,2025-05-03,audit,2390.8,1691.68
PREM004911,POL000011,COV004911,2024-09-23,2025-09-23,new_business,637.26,386.63
PREM004912,POL000012,COV004912,2026-07-18,2027-07-18,endorsement,257.68,172.26
PREM004913,POL000013,COV004913,2023-02-24,2024-02-24,new_business,974.25,743.41
PREM004914,POL000014,COV004914,2026-05-28,2027-05-28,endorsement,938.62,504.7
PREM004915,POL000015,COV004915,2026-05-09,2027-05-09,endorsement,1973.16,1824.28
PREM004916,POL000016,COV004916,2024-06-29,2025-06-29,endorsement,187.21,109.7
PREM004917,POL000017,COV004917,2024-10-14,2025-10-14,audit,1165.36,689.97
PREM004918,POL000018,COV004918,2023-04-18,2024-04-17,endorsement,571.73,446.6
PREM004919,POL000019,COV004919,2024-04-09,2025-04-09,renewal,1750.28,1661.01
PREM004920,POL000020,COV004920,2023-06-13,2024-06-12,reinstatement,508.79,401.19
PREM004921,POL000021,COV004921,2026-06-20,2027-06-20,audit,2057.98,1878.55
PREM004922,POL000022,COV004922,2023-12-02,2024-12-01,new_business,1465.34,1194.69
PREM004923,POL000023,COV004923,2024-07-06,2025-07-06,endorsement,2737.37,1988.1
PREM004924,POL000024,COV004924,2023-12-14,2024-12-13,reinstatement,2860.43,2000.35
PREM004925,POL000025,COV004925,2026-03-31,2027-03-31,endorsement,2068.32,1242.99
PREM004926,POL000026,COV004926,2026-05-13,2027-05-13,audit,1462.11,1311.49
PREM004927,POL000027,COV004927,2025-09-30,2026-09-30,endorsement,2760.38,1692.76
PREM004928,POL000028,COV004928,2024-10-05,2025-10-05,renewal,1557.65,1068.59
PREM004929,POL000029,COV004929,2024-03-03,2025-03-03,cancellation,1597.32,1337.68
PREM004930,POL000030,COV004930,2023-07-24,2024-07-23,endorsement,920.64,655.47
PREM004931,POL000031,COV004931,2023-01-10,2024-01-10,endorsement,415.6,333.72
PREM004932,POL000032,COV004932,2023-02-22,2024-02-22,renewal,2573.72,2074.95
PREM004933,POL000033,COV004933,2026-06-21,2027-06-21,cancellation,1376.4,1309.4
PREM004934,POL000034,COV004934,2025-05-08,2026-05-08,renewal,2129.71,1257.31
PREM004935,POL000035,COV004935,2024-10-30,2025-10-30,reinstatement,1937.67,1080.03
PREM004936,POL000036,COV004936,2023-09-23,2024-09-22,audit,2362.91,2246.69
PREM004937,POL000037,COV004937,2025-12-14,2026-12-14,audit,2254.7,1452.9
PREM004938,POL000038,COV004938,2023-05-05,2024-05-04,cancellation,966.09,839.86
PREM004939,POL000039,COV004939,2023-11-19,2024-11-18,new_business,1832.62,1533.67
PREM004940,POL000040,COV004940,2026-04-24,2027-04-24,endorsement,1150.48,830.7
PREM004941,POL000041,COV004941,2025-01-12,2026-01-12,reinstatement,135.04,112.53
PREM004942,POL000042,COV004942,2026-02-21,2027-02-21,audit,1219.58,737.62
PREM004943,POL000043,COV004943,2023-12-16,2024-12-15,new_business,1869.89,1055.29
PREM004944,POL000044,COV004944,2025-05-08,2026-05-08,reinstatement,2409.7,1581.63
PREM004945,POL000045,COV004945,2023-12-14,2024-12-13,renewal,2636.38,1781.23
PREM004946,POL000046,COV004946,2026-02-26,2027-02-26,reinstatement,396.37,364.32
PREM004947,POL000047,COV004947,2025-03-24,2026-03-24,new_business,2662.71,1449.35
PREM004948,POL000048,COV004948,2024-11-26,2025-11-26,reinstatement,1117.57,850.03
PREM004949,POL000049,COV004949,2023-07-03,2024-07-02,renewal,802.12,593.49
PREM004950,POL000050,COV004950,2026-03-01,2027-03-01,new_business,897.07,468.58
PREM004951,POL000051,COV004951,2026-01-17,2027-01-17,renewal,1544.5,1053.79
PREM004952,POL000052,COV004952,2025-02-07,2026-02-07,renewal,2179.82,1154.48
PREM004953,POL000053,COV004953,2024-10-01,2025-10-01,cancellation,2880.8,2804.64
PREM004954,POL000054,COV004954,2025-11-12,2026-11-12,cancellation,1522.02,1432.21
PREM004955,POL000055,COV004955,2025-04-14,2026-04-14,cancellation,789.44,576.3
PREM004956,POL000056,COV004956,2025-07-08,2026-07-08,new_business,1870.81,1109.5
PREM004957,POL000057,COV004957,2026-09-11,2027-09-11,reinstatement,270.82,150.22
PREM004958,POL000058,COV004958,2023-05-16,2024-05-15,cancellation,1913.34,1006.57
PREM004959,POL000059,COV004959,2024-04-18,2025-04-18,reinstatement,2875.0,2450.45
PREM004960,POL000060,COV004960,2024-09-09,2025-09-09,audit,427.38,217.07
PREM004961,POL000061,COV004961,2026-07-15,2027-07-15,renewal,2215.22,1580.32
PREM004962,POL000062,COV004962,2026-01-11,2027-01-11,renewal,2766.77,2635.9
PREM004963,POL000063,COV004963,2024-05-07,2025-05-07,reinstatement,260.84,166.77
PREM004964,POL000064,COV004964,2025-08-07,2026-08-07,new_business,2259.12,1560.23
PREM004965,POL000065,COV004965,2025-01-01,2026-01-01,audit,1514.16,1302.67
PREM004966,POL000066,COV004966,2025-10-29,2026-10-29,renewal,353.06,326.24
PREM004967,POL000067,COV004967,2023-08-16,2024-08-15,new_business,1642.68,964.31
PREM004968,POL000068,COV004968,2025-01-30,2026-01-30,cancellation,409.07,356.78
PREM004969,POL000069,COV004969,2024-05-25,2025-05-25,new_business,2308.98,1752.27
PREM004970,POL000070,COV004970,2025-12-01,2026-12-01,endorsement,2141.3,1700.88
PREM004971,POL000071,COV004971,2023-02-05,2024-02-05,cancellation,686.21,357.3
PREM004972,POL000072,COV004972,2023-08-06,2024-08-05,new_business,1516.64,780.5
PREM004973,POL000073,COV004973,2025-09-04,2026-09-04,new_business,396.93,203.94
PREM004974,POL000074,COV004974,2026-02-25,2027-02-25,reinstatement,1669.51,1341.85
PREM004975,POL000075,COV004975,2025-07-17,2026-07-17,audit,2995.45,1742.47
PREM004976,POL000076,COV004976,2024-11-01,2025-11-01,cancellation,2269.02,2091.09
PREM004977,POL000077,COV004977,2025-01-09,2026-01-09,renewal,2597.34,2006.15
PREM004978,POL000078,COV004978,2026-01-23,2027-01-23,reinstatement,643.85,558.09
PREM004979,POL000079,COV004979,2026-04-26,2027-04-26,new_business,1332.04,969.73
PREM004980,POL000080,COV004980,2025-02-25,2026-02-25,endorsement,671.95,495.51
PREM004981,POL000081,COV004981,2026-04-10,2027-04-10,audit,1125.13,622.13
PREM004982,POL000082,COV004982,2024-05-29,2025-05-29,reinstatement,1926.38,1580.57
PREM004983,POL000083,COV004983,2024-06-12,2025-06-12,cancellation,2092.08,1157.36
PREM004984,POL000084,COV004984,2025-12-13,2026-12-13,renewal,121.9,104.14
PREM004985,POL000085,COV004985,2023-05-22,2024-05-21,new_business,149.15,132.79
PREM004986,POL000086,COV004986,2023-04-03,2024-04-02,cancellation,1415.67,732.45
PREM004987,POL000087,COV004987,2024-04-12,2025-04-12,audit,904.59,724.77
PREM004988,POL000088,COV004988,2023-09-20,2024-09-19,cancellation,1915.76,1396.15
PREM004989,POL000089,COV004989,2025-08-03,2026-08-03,new_business,2220.41,1523.49
PREM004990,POL000090,COV004990,2025-05-17,2026-05-17,audit,1207.66,1156.03
PREM004991,POL000091,COV004991,2024-09-02,2025-09-02,cancellation,1839.15,1751.27
PREM004992,POL000092,COV004992,2023-06-29,2024-06-28,endorsement,362.19,267.84
PREM004993,POL000093,COV004993,2025-09-26,2026-09-26,cancellation,763.51,538.03
PREM004994,POL000094,COV004994,2026-02-24,2027-02-24,renewal,1106.44,975.6
PREM004995,POL000095,COV004995,2024-12-28,2025-12-28,new_business,2299.22,1777.29
PREM004996,POL000096,COV004996,2023-05-24,2024-05-23,renewal,1537.7,1164.45
PREM004997,POL000097,COV004997,2025-05-02,2026-05-02,reinstatement,833.24,702.91
PREM004998,POL000098,COV004998,2023-03-30,2024-03-29,new_business,308.37,195.87
PREM004999,POL000099,COV004999,2025-04-14,2026-04-14,audit,174.91,117.64
PREM005000,POL000100,COV005000,2025-04-26,2026-04-26,endorsement,2172.88,1897.25
