policy_id,policy_number,customer_id,agent_id,product_id,policy_status,effective_date,expiration_date,annual_premium,written_premium
POL000101,PN-00000101,CUST004809,AGT00172,PROD0027,active,2024-01-20,2025-01-19,3054.27,3025.65
POL000102,PN-00000102,CUST000612,AGT00262,PROD0010,expired,2025-02-03,2026-02-03,6105.42,5536.01
POL000103,PN-00000103,CUST001054,AGT00042,PROD0010,renewed,2026-08-06,2027-08-06,10722.63,10557.14
POL000104,PN-00000104,CUST002556,AGT00286,PROD0049,lapsed,2025-03-05,2026-03-05,8822.09,8208.22
POL000105,PN-00000105,CUST003947,AGT00293,PROD0049,expired,2025-11-05,2026-11-05,9523.85,9275.78
POL000106,PN-00000106,CUST000699,AGT00293,PROD0028,active,2024-04-04,2025-04-04,1159.29,1100.71
POL000107,PN-00000107,CUST000418,AGT00134,PROD0046,active,2024-02-24,2025-02-23,6013.61,5520.75
POL000108,PN-00000108,CUST002848,AGT00417,PROD0037,active,2023-06-10,2024-06-09,6502.76,6005.34
POL000109,PN-00000109,CUST000988,AGT00069,PROD0031,quoted,2024-07-30,2025-07-30,6258.89,5702.22
POL000110,PN-00000110,CUST003199,AGT00105,PROD0007,lapsed,2026-05-25,2027-05-25,1630.01,1607.56
POL000111,PN-00000111,CUST001997,AGT00239,PROD0044,lapsed,2026-08-27,2027-08-27,549.6,514.58
POL000112,PN-00000112,CUST002834,AGT00116,PROD0025,active,2023-01-10,2024-01-10,6474.9,5939.93
POL000113,PN-00000113,CUST000099,AGT00212,PROD0013,active,2024-12-14,2025-12-14,6432.53,6201.71
POL000114,PN-00000114,CUST002891,AGT00252,PROD0030,active,2025-02-04,2026-02-04,6056.42,5551.44
POL000115,PN-00000115,CUST004981,AGT00267,PROD0020,active,2023-05-13,2024-05-12,327.45,323.52
POL000116,PN-00000116,CUST000290,AGT00112,PROD0048,quoted,2023-11-23,2024-11-22,7190.97,6628.64
POL000117,PN-00000117,CUST001045,AGT00158,PROD0050,renewed,2025-12-08,2026-12-08,2859.49,2660.64
POL000118,PN-00000118,CUST003121,AGT00106,PROD0048,active,2024-10-27,2025-10-27,2171.67,2125.42
POL000119,PN-00000119,CUST003385,AGT00042,PROD0008,active,2026-02-14,2027-02-14,7868.32,7091.61
POL000120,PN-00000120,CUST001990,AGT00428,PROD0035,expired,2023-01-07,2024-01-07,10394.97,10246.27
POL000121,PN-00000121,CUST004774,AGT00169,PROD0033,issued,2025-04-25,2026-04-25,14508.78,13873.56
POL000122,PN-00000122,CUST001638,AGT00471,PROD0042,issued,2023-05-12,2024-05-11,10739.51,10369.92
POL000123,PN-00000123,CUST001341,AGT00258,PROD0049,quoted,2023-06-10,2024-06-09,7159.5,7023.14
POL000124,PN-00000124,CUST001713,AGT00327,PROD0026,active,2025-05-18,2026-05-18,5958.59,5596.48
POL000125,PN-00000125,CUST002489,AGT00246,PROD0012,active,2025-11-04,2026-11-04,1382.47,1266.12
POL000126,PN-00000126,CUST002674,AGT00298,PROD0033,active,2024-07-27,2025-07-27,5243.42,4824.5
POL000127,PN-00000127,CUST004026,AGT00313,PROD0004,active,2023-12-21,2024-12-20,10117.29,10105.04
POL000128,PN-00000128,CUST000253,AGT00427,PROD0015,cancelled,2025-10-01,2026-10-01,5610.04,5404.12
POL000129,PN-00000129,CUST001622,AGT00342,PROD0048,active,2023-08-09,2024-08-08,10004.21,9714.58
POL000130,PN-00000130,CUST002810,AGT00065,PROD0045,cancelled,2025-07-06,2026-07-06,14306.96,13469.36
POL000131,PN-00000131,CUST000804,AGT00299,PROD0041,active,2024-12-02,2025-12-02,997.31,903.02
POL000132,PN-00000132,CUST003300,AGT00257,PROD0030,issued,2026-02-11,2027-02-11,1205.34,1099.97
POL000133,PN-00000133,CUST003261,AGT00169,PROD0010,active,2024-08-04,2025-08-04,12783.46,12522.02
POL000134,PN-00000134,CUST004945,AGT00037,PROD0033,lapsed,2024-12-29,2025-12-29,2651.61,2449.55
POL000135,PN-00000135,CUST004119,AGT00461,PROD0011,issued,2023-01-09,2024-01-09,13631.94,12715.88
POL000136,PN-00000136,CUST002266,AGT00301,PROD0030,active,2025-06-23,2026-06-23,7600.78,7277.25
POL000137,PN-00000137,CUST002016,AGT00205,PROD0047,cancelled,2023-06-23,2024-06-22,6300.68,5948.13
POL000138,PN-00000138,CUST002838,AGT00071,PROD0033,expired,2023-12-08,2024-12-07,14394.46,13111.22
POL000139,PN-00000139,CUST004649,AGT00336,PROD0021,quoted,2026-09-06,2027-09-06,4252.74,4205.69
POL000140,PN-00000140,CUST001074,AGT00289,PROD0020,active,2026-02-24,2027-02-24,12881.02,11837.29
POL000141,PN-00000141,CUST002098,AGT00380,PROD0021,expired,2025-07-27,2026-07-27,7359.79,7259.29
POL000142,PN-00000142,CUST000630,AGT00370,PROD0016,expired,2026-01-15,2027-01-15,8180.02,7642.81
POL000143,PN-00000143,CUST002785,AGT00009,PROD0050,issued,2023-03-11,2024-03-10,10693.4,10369.86
POL000144,PN-00000144,CUST004869,AGT00178,PROD0047,lapsed,2025-03-30,2026-03-30,11248.77,10334.82
POL000145,PN-00000145,CUST001707,AGT00289,PROD0045,cancelled,2026-08-26,2027-08-26,14602.72,14543.25
POL000146,PN-00000146,CUST004843,AGT00388,PROD0013,issued,2025-02-24,2026-02-24,12163.88,11651.99
POL000147,PN-00000147,CUST002333,AGT00045,PROD0010,expired,2026-07-28,2027-07-28,7057.22,6621.69
POL000148,PN-00000148,CUST004604,AGT00397,PROD0021,lapsed,2024-04-15,2025-04-15,6323.51,6002.73
POL000149,PN-00000149,CUST000341,AGT00480,PROD0029,active,2023-10-06,2024-10-05,310.54,280.39
POL000150,PN-00000150,CUST001831,AGT00475,PROD0041,lapsed,2024-03-15,2025-03-15,8393.53,7638.28
POL000151,PN-00000151,CUST000547,AGT00081,PROD0001,expired,2026-03-29,2027-03-29,9381.74,9243.29
POL000152,PN-00000152,CUST003512,AGT00113,PROD0029,active,2023-12-02,2024-12-01,14180.59,13679.83
POL000153,PN-00000153,CUST001832,AGT00152,PROD0050,expired,2024-05-27,2025-05-27,7698.32,7206.86
POL000154,PN-00000154,CUST003957,AGT00001,PROD0030,quoted,2026-08-04,2027-08-04,1779.41,1663.3
POL000155,PN-00000155,CUST002671,AGT00252,PROD0019,renewed,2024-02-01,2025-01-31,8957.61,8490.31
POL000156,PN-00000156,CUST002603,AGT00134,PROD0026,active,2025-07-11,2026-07-11,3258.03,2956.95
POL000157,PN-00000157,CUST002059,AGT00372,PROD0039,cancelled,2023-01-12,2024-01-12,8978.05,8323.14
POL000158,PN-00000158,CUST003488,AGT00458,PROD0036,active,2026-08-31,2027-08-31,8130.4,7901.68
POL000159,PN-00000159,CUST000411,AGT00387,PROD0023,expired,2025-11-25,2026-11-25,14531.16,13853.72
POL000160,PN-00000160,CUST000477,AGT00436,PROD0011,issued,2024-11-07,2025-11-07,3421.47,3126.06
POL000161,PN-00000161,CUST004832,AGT00411,PROD0012,expired,2025-05-15,2026-05-15,12635.07,11533.01
POL000162,PN-00000162,CUST002230,AGT00254,PROD0050,quoted,2025-11-07,2026-11-07,13450.42,12863.38
POL000163,PN-00000163,CUST004225,AGT00027,PROD0020,active,2023-01-29,2024-01-29,12786.42,12001.47
POL000164,PN-00000164,CUST002585,AGT00312,PROD0030,issued,2023-01-27,2024-01-27,901.01,893.47
POL000165,PN-00000165,CUST000456,AGT00495,PROD0003,lapsed,2025-07-12,2026-07-12,3381.63,3360.73
POL000166,PN-00000166,CUST002111,AGT00201,PROD0029,renewed,2024-04-19,2025-04-19,9572.82,8886.5
POL000167,PN-00000167,CUST003293,AGT00386,PROD0037,quoted,2024-04-20,2025-04-20,12358.13,11807.54
POL000168,PN-00000168,CUST002264,AGT00054,PROD0014,cancelled,2023-08-08,2024-08-07,8743.34,8696.4
POL000169,PN-00000169,CUST003097,AGT00255,PROD0005,issued,2025-12-08,2026-12-08,3519.82,3238.63
POL000170,PN-00000170,CUST000109,AGT00180,PROD0019,lapsed,2023-09-15,2024-09-14,14007.97,13500.04
POL000171,PN-00000171,CUST001435,AGT00184,PROD0041,quoted,2023-05-19,2024-05-18,1822.4,1675.94
POL000172,PN-00000172,CUST002895,AGT00308,PROD0020,active,2023-01-30,2024-01-30,8794.01,8496.62
POL000173,PN-00000173,CUST002316,AGT00033,PROD0012,quoted,2024-10-04,2025-10-04,8601.34,8367.98
POL000174,PN-00000174,CUST001870,AGT00390,PROD0050,lapsed,2023-10-13,2024-10-12,3929.47,3815.4
POL000175,PN-00000175,CUST003431,AGT00240,PROD0025,expired,2025-05-31,2026-05-31,833.22,819.17
POL000176,PN-00000176,CUST004290,AGT00296,PROD0021,active,2023-05-26,2024-05-25,13445.38,12123.29
POL000177,PN-00000177,CUST001741,AGT00289,PROD0040,lapsed,2025-08-21,2026-08-21,8386.67,7934.74
POL000178,PN-00000178,CUST002378,AGT00343,PROD0045,lapsed,2026-08-29,2027-08-29,3158.04,2873.79
POL000179,PN-00000179,CUST001611,AGT00209,PROD0016,active,2023-11-26,2024-11-25,10451.54,10068.64
POL000180,PN-00000180,CUST003668,AGT00362,PROD0001,expired,2024-01-05,2025-01-04,5956.98,5505.65
POL000181,PN-00000181,CUST001367,AGT00450,PROD0001,active,2025-08-24,2026-08-24,2099.4,2006.87
POL000182,PN-00000182,CUST004514,AGT00167,PROD0008,issued,2024-03-31,2025-03-31,3581.97,3251.6
POL000183,PN-00000183,CUST003850,AGT00261,PROD0027,renewed,2023-04-26,2024-04-25,5314.47,4998.79
POL000184,PN-00000184,CUST003706,AGT00253,PROD0005,lapsed,2026-04-29,2027-04-29,2307.95,2204.71
POL000185,PN-00000185,CUST001105,AGT00391,PROD0003,active,2024-04-11,2025-04-11,1168.41,1113.57
POL000186,PN-00000186,CUST003637,AGT00164,PROD0029,lapsed,2024-07-06,2025-07-06,792.4,762.63
POL000187,PN-00000187,CUST001522,AGT00122,PROD0044,quoted,2023-01-27,2024-01-27,3375.45,3165.52
POL000188,PN-00000188,CUST004005,AGT00272,PROD0031,active,2023-08-15,2024-08-14,9041.11,8377.75
POL000189,PN-00000189,CUST004892,AGT00242,PROD0043,cancelled,2023-12-25,2024-12-24,5856.67,5710.63
POL000190,PN-00000190,CUST003813,AGT00033,PROD0013,expired,2025-04-09,2026-04-09,4442.52,4210.01
POL000191,PN-00000191,CUST002120,AGT00358,PROD0024,active,2023-07-14,2024-07-13,10507.45,9789.11
POL000192,PN-00000192,CUST003708,AGT00183,PROD0049,active,2023-12-30,2024-12-29,5525.03,5509.87
POL000193,PN-00000193,CUST002435,AGT00348,PROD0034,cancelled,2025-12-25,2026-12-25,2449.38,2238.61
POL000194,PN-00000194,CUST003435,AGT00336,PROD0039,issued,2026-03-20,2027-03-20,14516.98,14250.41
POL000195,PN-00000195,CUST002993,AGT00486,PROD0007,cancelled,2023-07-30,2024-07-29,12338.34,12012.38
POL000196,PN-00000196,CUST003903,AGT00458,PROD0016,cancelled,2024-04-20,2025-04-20,8288.66,7521.6
POL000197,PN-00000197,CUST003768,AGT00220,PROD0019,quoted,2025-05-11,2026-05-11,7568.35,7302.71
POL000198,PN-00000198,CUST000494,AGT00339,PROD0027,lapsed,2025-12-25,2026-12-25,435.91,401.14
POL000199,PN-00000199,CUST001717,AGT00035,PROD0038,cancelled,2024-04-02,2025-04-02,4109.9,3987.65
POL000200,PN-00000200,CUST001454,AGT00389,PROD0032,expired,2024-10-17,2025-10-17,7784.44,7046.18
POL000201,PN-00000201,CUST002452,AGT00383,PROD0048,active,2024-12-05,2025-12-05,5839.29,5754.1
POL000202,PN-00000202,CUST004428,AGT00296,PROD0010,cancelled,2024-05-15,2025-05-15,4719.6,4312.96
POL000203,PN-00000203,CUST002630,AGT00232,PROD0004,cancelled,2024-11-25,2025-11-25,1433.82,1394.03
POL000204,PN-00000204,CUST004346,AGT00481,PROD0041,lapsed,2023-10-01,2024-09-30,6215.7,5932.21
POL000205,PN-00000205,CUST001660,AGT00412,PROD0011,active,2024-07-05,2025-07-05,14931.94,14131.57
POL000206,PN-00000206,CUST003093,AGT00057,PROD0043,expired,2025-12-11,2026-12-11,11287.38,11031.04
POL000207,PN-00000207,CUST004189,AGT00466,PROD0041,renewed,2025-02-12,2026-02-12,8826.08,8789.53
POL000208,PN-00000208,CUST002056,AGT00247,PROD0027,active,2024-01-04,2025-01-03,14304.32,13778.77
POL000209,PN-00000209,CUST000202,AGT00108,PROD0044,active,2026-02-13,2027-02-13,5364.78,5080.22
POL000210,PN-00000210,CUST003637,AGT00386,PROD0045,issued,2024-01-15,2025-01-14,6374.16,6100.58
POL000211,PN-00000211,CUST001551,AGT00471,PROD0008,active,2026-06-04,2027-06-04,2578.75,2344.16
POL000212,PN-00000212,CUST001440,AGT00478,PROD0045,quoted,2024-04-01,2025-04-01,2350.62,2319.37
POL000213,PN-00000213,CUST003210,AGT00095,PROD0023,active,2024-05-07,2025-05-07,10372.49,10235.1
POL000214,PN-00000214,CUST000777,AGT00467,PROD0033,cancelled,2025-01-08,2026-01-08,4336.25,4023.26
POL000215,PN-00000215,CUST004417,AGT00314,PROD0011,lapsed,2024-10-13,2025-10-13,8219.95,8127.74
POL000216,PN-00000216,CUST001959,AGT00044,PROD0017,active,2023-01-08,2024-01-08,1052.14,983.45
POL000217,PN-00000217,CUST001841,AGT00015,PROD0013,expired,2023-11-21,2024-11-20,7724.77,7319.1
POL000218,PN-00000218,CUST002674,AGT00342,PROD0020,renewed,2026-06-08,2027-06-08,433.35,415.13
POL000219,PN-00000219,CUST004479,AGT00488,PROD0025,expired,2025-01-07,2026-01-07,6812.52,6695.56
POL000220,PN-00000220,CUST004127,AGT00300,PROD0046,issued,2025-06-13,2026-06-13,9917.39,9118.74
POL000221,PN-00000221,CUST003004,AGT00031,PROD0034,lapsed,2025-05-05,2026-05-05,2837.5,2669.46
POL000222,PN-00000222,CUST004393,AGT00161,PROD0025,active,2024-08-21,2025-08-21,14418.11,13406.04
POL000223,PN-00000223,CUST003168,AGT00026,PROD0044,lapsed,2025-12-08,2026-12-08,12412.88,11388.62
POL000224,PN-00000224,CUST000167,AGT00296,PROD0011,active,2025-01-10,2026-01-10,8302.31,7904.35
POL000225,PN-00000225,CUST002372,AGT00203,PROD0030,issued,2024-03-13,2025-03-13,6076.1,5709.48
POL000226,PN-00000226,CUST002000,AGT00009,PROD0036,issued,2024-08-24,2025-08-24,5995.44,5677.14
POL000227,PN-00000227,CUST003229,AGT00496,PROD0010,active,2025-11-18,2026-11-18,11611.47,11547.24
POL000228,PN-00000228,CUST003320,AGT00160,PROD0039,active,2023-04-11,2024-04-10,7878.83,7707.77
POL000229,PN-00000229,CUST004093,AGT00145,PROD0037,expired,2023-06-15,2024-06-14,9585.82,9400.83
POL000230,PN-00000230,CUST001963,AGT00131,PROD0042,quoted,2024-03-31,2025-03-31,12919.18,11922.77
POL000231,PN-00000231,CUST000779,AGT00032,PROD0046,active,2023-07-20,2024-07-19,6006.38,5867.39
POL000232,PN-00000232,CUST003536,AGT00092,PROD0049,cancelled,2023-10-22,2024-10-21,8005.17,7874.75
POL000233,PN-00000233,CUST002507,AGT00038,PROD0019,cancelled,2023-01-06,2024-01-06,8141.3,7696.55
POL000234,PN-00000234,CUST003100,AGT00078,PROD0011,issued,2026-03-23,2027-03-23,5474.33,5273.89
POL000235,PN-00000235,CUST004190,AGT00160,PROD0034,expired,2025-05-24,2026-05-24,1473.04,1433.43
POL000236,PN-00000236,CUST003397,AGT00383,PROD0003,active,2026-09-13,2027-09-13,11918.61,11759.26
POL000237,PN-00000237,CUST000051,AGT00152,PROD0027,issued,2026-04-25,2027-04-25,558.54,527.38
POL000238,PN-00000238,CUST002749,AGT00103,PROD0033,expired,2026-07-22,2027-07-22,9476.62,9373.52
POL000239,PN-00000239,CUST001099,AGT00462,PROD0020,quoted,2024-07-22,2025-07-22,1367.09,1287.31
POL000240,PN-00000240,CUST004028,AGT00280,PROD0035,renewed,2024-08-12,2025-08-12,4995.91,4932.78
POL000241,PN-00000241,CUST001810,AGT00435,PROD0010,quoted,2023-06-05,2024-06-04,6629.43,6546.46
POL000242,PN-00000242,CUST002244,AGT00079,PROD0014,cancelled,2025-12-10,2026-12-10,8711.86,8072.48
POL000243,PN-00000243,CUST002083,AGT00434,PROD0001,issued,2025-08-01,2026-08-01,1421.09,1370.25
POL000244,PN-00000244,CUST000126,AGT00352,PROD0030,cancelled,2023-12-18,2024-12-17,9363.21,8449.34
POL000245,PN-00000245,CUST001998,AGT00339,PROD0043,quoted,2023-02-22,2024-02-22,14859.9,14622.93
POL000246,PN-00000246,CUST003554,AGT00228,PROD0007,active,2024-06-01,2025-06-01,8251.06,8193.38
POL000247,PN-00000247,CUST001632,AGT00398,PROD0008,active,2025-10-20,2026-10-20,11530.2,10901.9
POL000248,PN-00000248,CUST002596,AGT00183,PROD0017,lapsed,2023-05-16,2024-05-15,2809.36,2723.67
POL000249,PN-00000249,CUST002398,AGT00386,PROD0049,quoted,2026-03-31,2027-03-31,2913.26,2861.02
POL000250,PN-00000250,CUST001474,AGT00260,PROD0043,active,2026-01-29,2027-01-29,1361.71,1232.02
POL000251,PN-00000251,CUST004805,AGT00441,PROD0044,renewed,2024-12-26,2025-12-26,2338.77,2309.05
POL000252,PN-00000252,CUST004486,AGT00002,PROD0008,expired,2023-11-20,2024-11-19,6430.72,5894.56
POL000253,PN-00000253,CUST000373,AGT00436,PROD0021,active,2023-04-27,2024-04-26,7315.23,7305.61
POL000254,PN-00000254,CUST001114,AGT00143,PROD0048,active,2026-05-14,2027-05-14,1231.32,1137.57
POL000255,PN-00000255,CUST002024,AGT00419,PROD0045,active,2023-12-12,2024-12-11,5671.01,5379.72
POL000256,PN-00000256,CUST004919,AGT00204,PROD0010,lapsed,2024-05-05,2025-05-05,8548.96,8515.01
POL000257,PN-00000257,CUST002423,AGT00025,PROD0049,expired,2024-04-20,2025-04-20,7382.92,6906.56
POL000258,PN-00000258,CUST001725,AGT00306,PROD0038,lapsed,2026-04-27,2027-04-27,4210.45,4108.35
POL000259,PN-00000259,CUST004298,AGT00010,PROD0013,lapsed,2024-04-05,2025-04-05,14784.49,13913.52
POL000260,PN-00000260,CUST002087,AGT00421,PROD0007,active,2024-08-11,2025-08-11,8482.39,8337.76
POL000261,PN-00000261,CUST004840,AGT00333,PROD0003,quoted,2025-11-21,2026-11-21,4994.05,4660.8
POL000262,PN-00000262,CUST000469,AGT00387,PROD0018,issued,2025-11-12,2026-11-12,12867.63,12011.39
POL000263,PN-00000263,CUST000228,AGT00429,PROD0021,active,2023-08-30,2024-08-29,8489.28,8036.48
POL000264,PN-00000264,CUST001396,AGT00054,PROD0004,active,2026-06-12,2027-06-12,1064.19,988.52
POL000265,PN-00000265,CUST003855,AGT00294,PROD0045,issued,2024-04-19,2025-04-19,8649.6,8192.61
POL000266,PN-00000266,CUST003969,AGT00482,PROD0017,active,2023-01-21,2024-01-21,734.57,687.3
POL000267,PN-00000267,CUST004325,AGT00348,PROD0033,lapsed,2024-07-21,2025-07-21,13755.74,12925.07
POL000268,PN-00000268,CUST003988,AGT00387,PROD0014,active,2025-09-07,2026-09-07,4618.44,4433.18
POL000269,PN-00000269,CUST003317,AGT00194,PROD0001,expired,2025-06-25,2026-06-25,2285.98,2143.89
POL000270,PN-00000270,CUST000476,AGT00393,PROD0019,active,2025-08-20,2026-08-20,4170.75,3756.46
POL000271,PN-00000271,CUST000866,AGT00279,PROD0001,active,2024-01-31,2025-01-30,6714.44,6379.44
POL000272,PN-00000272,CUST001261,AGT00183,PROD0009,active,2025-12-28,2026-12-28,10272.2,9249.86
POL000273,PN-00000273,CUST001770,AGT00298,PROD0016,quoted,2025-01-17,2026-01-17,2019.41,1845.08
POL000274,PN-00000274,CUST004979,AGT00397,PROD0046,renewed,2024-11-03,2025-11-03,7402.32,6938.54
POL000275,PN-00000275,CUST003528,AGT00215,PROD0036,quoted,2024-08-16,2025-08-16,14223.08,13109.45
POL000276,PN-00000276,CUST000809,AGT00219,PROD0013,issued,2025-03-30,2026-03-30,7207.24,6818.0
POL000277,PN-00000277,CUST001225,AGT00134,PROD0042,cancelled,2026-02-07,2027-02-07,1285.72,1188.53
POL000278,PN-00000278,CUST003158,AGT00454,PROD0018,lapsed,2023-11-17,2024-11-16,9264.27,8550.96
POL000279,PN-00000279,CUST001804,AGT00006,PROD0014,cancelled,2026-07-02,2027-07-02,11514.23,10639.53
POL000280,PN-00000280,CUST003004,AGT00070,PROD0048,lapsed,2025-03-24,2026-03-24,913.97,912.3
POL000281,PN-00000281,CUST001542,AGT00093,PROD0039,active,2026-02-18,2027-02-18,12599.23,11705.04
POL000282,PN-00000282,CUST000248,AGT00048,PROD0006,renewed,2024-06-04,2025-06-04,9405.2,9250.74
POL000283,PN-00000283,CUST002496,AGT00234,PROD0022,active,2024-07-11,2025-07-11,10994.46,10633.8
POL000284,PN-00000284,CUST003683,AGT00439,PROD0030,quoted,2023-03-17,2024-03-16,4349.25,4164.81
POL000285,PN-00000285,CUST003417,AGT00235,PROD0035,cancelled,2023-05-19,2024-05-18,9166.37,9004.02
POL000286,PN-00000286,CUST003190,AGT00441,PROD0022,renewed,2026-03-23,2027-03-23,7345.34,6781.96
POL000287,PN-00000287,CUST003154,AGT00049,PROD0050,active,2023-03-06,2024-03-05,10050.86,9067.12
POL000288,PN-00000288,CUST003852,AGT00106,PROD0026,issued,2026-01-13,2027-01-13,13587.89,13482.6
POL000289,PN-00000289,CUST004251,AGT00444,PROD0048,issued,2023-02-11,2024-02-11,4612.07,4476.37
POL000290,PN-00000290,CUST004071,AGT00495,PROD0021,active,2025-05-29,2026-05-29,9486.02,9382.06
POL000291,PN-00000291,CUST000260,AGT00243,PROD0046,lapsed,2023-11-27,2024-11-26,12135.22,11722.91
POL000292,PN-00000292,CUST004148,AGT00234,PROD0043,expired,2025-07-18,2026-07-18,12087.59,12030.64
POL000293,PN-00000293,CUST004721,AGT00302,PROD0007,renewed,2025-03-03,2026-03-03,5008.04,4597.9
POL000294,PN-00000294,CUST003361,AGT00127,PROD0020,active,2023-05-24,2024-05-23,2045.11,1950.63
POL000295,PN-00000295,CUST002719,AGT00226,PROD0036,issued,2025-05-09,2026-05-09,6904.03,6863.22
POL000296,PN-00000296,CUST003155,AGT00168,PROD0031,issued,2023-11-24,2024-11-23,8373.49,7999.39
POL000297,PN-00000297,CUST001177,AGT00431,PROD0050,active,2026-04-16,2027-04-16,12648.97,12458.6
POL000298,PN-00000298,CUST004606,AGT00320,PROD0042,active,2025-12-29,2026-12-29,7780.7,7203.57
POL000299,PN-00000299,CUST004772,AGT00033,PROD0040,lapsed,2025-04-08,2026-04-08,679.75,631.64
POL000300,PN-00000300,CUST002849,AGT00347,PROD0036,active,2024-11-16,2025-11-16,13172.32,12467.86
POL000301,PN-00000301,CUST001859,AGT00032,PROD0046,expired,2024-07-23,2025-07-23,3453.22,3178.07
POL000302,PN-00000302,CUST004339,AGT00165,PROD0024,renewed,2026-03-04,2027-03-04,6232.32,5622.67
POL000303,PN-00000303,CUST001010,AGT00223,PROD0049,active,2026-06-28,2027-06-28,12568.76,11999.94
POL000304,PN-00000304,CUST000783,AGT00139,PROD0048,quoted,2024-09-17,2025-09-17,333.32,324.87
POL000305,PN-00000305,CUST002227,AGT00019,PROD0029,active,2025-01-26,2026-01-26,6331.37,5849.2
POL000306,PN-00000306,CUST001008,AGT00027,PROD0047,quoted,2025-05-15,2026-05-15,4891.52,4619.81
POL000307,PN-00000307,CUST004975,AGT00249,PROD0011,active,2026-04-11,2027-04-11,6343.52,5821.11
POL000308,PN-00000308,CUST004603,AGT00258,PROD0043,active,2024-11-07,2025-11-07,11312.62,10355.42
POL000309,PN-00000309,CUST001689,AGT00381,PROD0018,renewed,2024-06-13,2025-06-13,14924.87,14291.64
POL000310,PN-00000310,CUST004909,AGT00077,PROD0024,renewed,2023-08-24,2024-08-23,12015.35,11642.46
POL000311,PN-00000311,CUST003368,AGT00209,PROD0041,renewed,2024-10-20,2025-10-20,14879.28,14481.65
POL000312,PN-00000312,CUST003001,AGT00261,PROD0030,active,2026-02-21,2027-02-21,10623.02,10574.95
POL000313,PN-00000313,CUST003968,AGT00466,PROD0005,cancelled,2023-05-03,2024-05-02,12640.76,11613.72
POL000314,PN-00000314,CUST004809,AGT00382,PROD0045,quoted,2023-10-20,2024-10-19,5512.71,5400.3
POL000315,PN-00000315,CUST004060,AGT00236,PROD0008,expired,2026-02-17,2027-02-17,5060.04,4555.06
POL000316,PN-00000316,CUST000876,AGT00244,PROD0019,active,2024-04-04,2025-04-04,10599.41,9604.41
POL000317,PN-00000317,CUST001293,AGT00180,PROD0025,issued,2023-05-01,2024-04-30,987.1,908.23
POL000318,PN-00000318,CUST000816,AGT00210,PROD0044,renewed,2025-03-23,2026-03-23,12746.82,11920.98
POL000319,PN-00000319,CUST003935,AGT00398,PROD0001,active,2025-06-15,2026-06-15,1924.34,1901.51
POL000320,PN-00000320,CUST004716,AGT00362,PROD0048,expired,2025-08-17,2026-08-17,1808.01,1665.72
POL000321,PN-00000321,CUST002669,AGT00005,PROD0027,renewed,2024-08-28,2025-08-28,2923.18,2676.84
POL000322,PN-00000322,CUST004977,AGT00470,PROD0002,lapsed,2024-08-25,2025-08-25,3396.69,3270.7
POL000323,PN-00000323,CUST003991,AGT00466,PROD0047,active,2025-04-13,2026-04-13,7089.27,7041.72
POL000324,PN-00000324,CUST001376,AGT00435,PROD0029,cancelled,2023-03-12,2024-03-11,2414.4,2248.29
POL000325,PN-00000325,CUST000589,AGT00203,PROD0041,cancelled,2024-04-20,2025-04-20,8745.94,8317.63
POL000326,PN-00000326,CUST003449,AGT00140,PROD0031,quoted,2023-09-16,2024-09-15,5231.31,5140.37
POL000327,PN-00000327,CUST003146,AGT00414,PROD0030,quoted,2025-11-15,2026-11-15,2616.36,2533.17
POL000328,PN-00000328,CUST003571,AGT00318,PROD0002,issued,2025-03-11,2026-03-11,10497.46,9783.92
POL000329,PN-00000329,CUST002875,AGT00017,PROD0043,issued,2024-01-14,2025-01-13,6075.2,5612.0
POL000330,PN-00000330,CUST000242,AGT00360,PROD0040,active,2025-08-23,2026-08-23,3628.6,3321.88
POL000331,PN-00000331,CUST000455,AGT00418,PROD0046,expired,2025-06-03,2026-06-03,5943.01,5589.96
POL000332,PN-00000332,CUST002646,AGT00147,PROD0042,active,2023-01-09,2024-01-09,5067.53,4701.51
POL000333,PN-00000333,CUST000934,AGT00355,PROD0027,cancelled,2026-03-03,2027-03-03,4379.85,4039.83
POL000334,PN-00000334,CUST001366,AGT00484,PROD0033,renewed,2025-06-08,2026-06-08,13728.27,13110.7
POL000335,PN-00000335,CUST000099,AGT00188,PROD0036,lapsed,2023-05-19,2024-05-18,3824.48,3454.28
POL000336,PN-00000336,CUST002728,AGT00232,PROD0015,expired,2024-01-18,2025-01-17,2001.44,1956.56
POL000337,PN-00000337,CUST003634,AGT00439,PROD0036,active,2026-08-31,2027-08-31,8533.34,7984.56
POL000338,PN-00000338,CUST003050,AGT00069,PROD0027,quoted,2023-08-14,2024-08-13,4934.95,4658.82
POL000339,PN-00000339,CUST002850,AGT00341,PROD0024,active,2025-10-16,2026-10-16,423.46,407.49
POL000340,PN-00000340,CUST003060,AGT00019,PROD0036,active,2025-03-27,2026-03-27,8114.56,7537.85
POL000341,PN-00000341,CUST001038,AGT00396,PROD0013,lapsed,2024-12-04,2025-12-04,13947.28,13374.5
POL000342,PN-00000342,CUST001420,AGT00478,PROD0021,active,2026-02-23,2027-02-23,6138.05,6060.87
POL000343,PN-00000343,CUST002020,AGT00161,PROD0028,active,2023-02-21,2024-02-21,814.38,760.2
POL000344,PN-00000344,CUST002834,AGT00033,PROD0024,renewed,2023-06-28,2024-06-27,7393.76,7168.09
POL000345,PN-00000345,CUST002976,AGT00039,PROD0038,lapsed,2024-02-16,2025-02-15,7276.94,6731.51
POL000346,PN-00000346,CUST002741,AGT00112,PROD0005,active,2023-12-20,2024-12-19,6978.83,6467.36
POL000347,PN-00000347,CUST002058,AGT00414,PROD0022,issued,2025-12-21,2026-12-21,9801.58,9433.44
POL000348,PN-00000348,CUST004035,AGT00217,PROD0045,active,2023-11-23,2024-11-22,1946.38,1832.88
POL000349,PN-00000349,CUST000731,AGT00204,PROD0018,active,2025-02-10,2026-02-10,1431.09,1422.29
POL000350,PN-00000350,CUST003536,AGT00395,PROD0022,active,2024-05-23,2025-05-23,2522.18,2302.12
POL000351,PN-00000351,CUST002144,AGT00463,PROD0050,lapsed,2025-07-09,2026-07-09,875.15,795.93
POL000352,PN-00000352,CUST000020,AGT00055,PROD0018,active,2025-12-17,2026-12-17,10457.53,10021.3
POL000353,PN-00000353,CUST003627,AGT00038,PROD0040,quoted,2026-02-17,2027-02-17,8168.09,7983.81
POL000354,PN-00000354,CUST004552,AGT00308,PROD0043,active,2024-05-29,2025-05-29,3920.0,3745.09
POL000355,PN-00000355,CUST000979,AGT00415,PROD0009,renewed,2025-04-02,2026-04-02,7875.3,7681.63
POL000356,PN-00000356,CUST004928,AGT00128,PROD0001,quoted,2023-01-30,2024-01-30,7961.58,7423.08
POL000357,PN-00000357,CUST004439,AGT00413,PROD0038,cancelled,2026-05-30,2027-05-30,13127.56,12934.27
POL000358,PN-00000358,CUST004161,AGT00022,PROD0035,active,2023-09-05,2024-09-04,4236.23,3904.38
POL000359,PN-00000359,CUST000207,AGT00175,PROD0003,issued,2026-02-06,2027-02-06,12631.08,12245.68
POL000360,PN-00000360,CUST000396,AGT00174,PROD0025,lapsed,2024-03-29,2025-03-29,5316.73,5168.21
POL000361,PN-00000361,CUST003540,AGT00415,PROD0038,active,2026-04-23,2027-04-23,859.14,855.83
POL000362,PN-00000362,CUST001933,AGT00036,PROD0007,active,2025-04-21,2026-04-21,10614.33,9996.6
POL000363,PN-00000363,CUST001124,AGT00492,PROD0041,active,2023-06-03,2024-06-02,2663.22,2638.11
POL000364,PN-00000364,CUST003671,AGT00425,PROD0028,issued,2024-06-12,2025-06-12,2419.54,2213.64
POL000365,PN-00000365,CUST002841,AGT00290,PROD0034,active,2024-01-25,2025-01-24,6129.12,5547.82
POL000366,PN-00000366,CUST002192,AGT00319,PROD0033,active,2026-02-20,2027-02-20,11816.29,11325.66
POL000367,PN-00000367,CUST002630,AGT00307,PROD0005,active,2023-12-19,2024-12-18,6015.25,5414.02
POL000368,PN-00000368,CUST001836,AGT00041,PROD0047,cancelled,2024-06-15,2025-06-15,11252.78,10597.03
POL000369,PN-00000369,CUST002900,AGT00254,PROD0046,expired,2023-09-03,2024-09-02,11457.48,10717.81
POL000370,PN-00000370,CUST004197,AGT00324,PROD0007,cancelled,2024-03-08,2025-03-08,633.68,624.13
POL000371,PN-00000371,CUST002484,AGT00121,PROD0033,expired,2026-03-12,2027-03-12,10228.56,9503.05
POL000372,PN-00000372,CUST000823,AGT00204,PROD0018,expired,2024-12-21,2025-12-21,880.13,804.81
POL000373,PN-00000373,CUST004617,AGT00450,PROD0021,active,2024-01-25,2025-01-24,11976.31,11699.49
POL000374,PN-00000374,CUST001853,AGT00012,PROD0031,lapsed,2023-10-30,2024-10-29,14900.3,14777.31
POL000375,PN-00000375,CUST003159,AGT00131,PROD0007,active,2024-01-17,2025-01-16,6374.35,6163.68
POL000376,PN-00000376,CUST004658,AGT00187,PROD0050,cancelled,2025-01-13,2026-01-13,7503.11,7161.03
POL000377,PN-00000377,CUST000972,AGT00259,PROD0048,lapsed,2023-01-28,2024-01-28,10411.09,9578.28
POL000378,PN-00000378,CUST002011,AGT00160,PROD0003,active,2025-11-27,2026-11-27,3522.94,3393.82
POL000379,PN-00000379,CUST002288,AGT00431,PROD0010,lapsed,2026-08-01,2027-08-01,7265.24,6795.08
POL000380,PN-00000380,CUST004471,AGT00476,PROD0033,quoted,2023-09-13,2024-09-12,8965.81,8457.78
POL000381,PN-00000381,CUST003139,AGT00191,PROD0025,cancelled,2026-06-09,2027-06-09,3183.32,3076.46
POL000382,PN-00000382,CUST004899,AGT00213,PROD0010,active,2025-07-27,2026-07-27,6703.19,6125.95
POL000383,PN-00000383,CUST003395,AGT00276,PROD0016,renewed,2023-06-19,2024-06-18,12151.15,11349.73
POL000384,PN-00000384,CUST002084,AGT00063,PROD0035,cancelled,2024-02-26,2025-02-25,9311.42,9279.06
POL000385,PN-00000385,CUST003853,AGT00428,PROD0036,active,2023-03-09,2024-03-08,2666.69,2638.43
POL000386,PN-00000386,CUST000146,AGT00046,PROD0030,quoted,2025-10-15,2026-10-15,1485.79,1399.69
POL000387,PN-00000387,CUST004621,AGT00152,PROD0024,expired,2023-02-06,2024-02-06,2262.74,2185.93
POL000388,PN-00000388,CUST004681,AGT00147,PROD0018,cancelled,2025-07-20,2026-07-20,3581.18,3461.91
POL000389,PN-00000389,CUST002274,AGT00049,PROD0042,issued,2024-07-31,2025-07-31,10538.8,9517.22
POL000390,PN-00000390,CUST001778,AGT00096,PROD0016,expired,2023-09-11,2024-09-10,12456.65,12254.83
POL000391,PN-00000391,CUST003498,AGT00495,PROD0030,expired,2026-03-19,2027-03-19,9666.08,9107.41
POL000392,PN-00000392,CUST003985,AGT00492,PROD0048,active,2024-06-10,2025-06-10,7219.21,7039.56
POL000393,PN-00000393,CUST000800,AGT00041,PROD0043,lapsed,2023-05-06,2024-05-05,4640.55,4283.44
POL000394,PN-00000394,CUST002051,AGT00127,PROD0048,active,2025-08-17,2026-08-17,12738.91,11967.29
POL000395,PN-00000395,CUST000696,AGT00329,PROD0035,renewed,2025-07-04,2026-07-04,7191.0,7037.0
POL000396,PN-00000396,CUST002833,AGT00330,PROD0015,active,2024-01-21,2025-01-20,13037.28,11919.29
POL000397,PN-00000397,CUST002659,AGT00109,PROD0038,active,2024-04-07,2025-04-07,14135.28,12911.07
POL000398,PN-00000398,CUST001050,AGT00185,PROD0049,active,2025-10-05,2026-10-05,7310.33,6912.64
POL000399,PN-00000399,CUST002067,AGT00186,PROD0029,issued,2024-11-25,2025-11-25,1004.15,969.85
POL000400,PN-00000400,CUST004270,AGT00270,PROD0023,active,2024-01-18,2025-01-17,1670.55,1591.42
POL000401,PN-00000401,CUST003539,AGT00018,PROD0015,active,2025-02-14,2026-02-14,3087.18,2958.27
POL000402,PN-00000402,CUST003246,AGT00365,PROD0050,lapsed,2025-12-30,2026-12-30,7491.04,7396.04
POL000403,PN-00000403,CUST001445,AGT00416,PROD0002,lapsed,2024-08-07,2025-08-07,7093.18,6558.77
POL000404,PN-00000404,CUST004121,AGT00406,PROD0039,renewed,2024-09-29,2025-09-29,6871.99,6223.26
POL000405,PN-00000405,CUST003141,AGT00296,PROD0045,active,2024-05-15,2025-05-15,10332.3,9842.78
POL000406,PN-00000406,CUST001978,AGT00067,PROD0042,cancelled,2026-08-01,2027-08-01,1102.19,1026.19
POL000407,PN-00000407,CUST000666,AGT00437,PROD0027,active,2026-08-14,2027-08-14,7270.75,6842.87
POL000408,PN-00000408,CUST003647,AGT00331,PROD0029,issued,2025-12-11,2026-12-11,10068.24,9584.78
POL000409,PN-00000409,CUST004666,AGT00265,PROD0028,issued,2024-03-16,2025-03-16,10848.42,10710.76
POL000410,PN-00000410,CUST004704,AGT00167,PROD0040,cancelled,2024-08-18,2025-08-18,11769.94,11744.21
POL000411,PN-00000411,CUST004799,AGT00070,PROD0046,lapsed,2023-05-13,2024-05-12,1987.06,1854.98
POL000412,PN-00000412,CUST003590,AGT00089,PROD0015,quoted,2026-07-19,2027-07-19,5183.17,4710.15
POL000413,PN-00000413,CUST002301,AGT00236,PROD0014,expired,2025-10-09,2026-10-09,7465.01,6821.26
POL000414,PN-00000414,CUST001612,AGT00259,PROD0038,cancelled,2025-02-15,2026-02-15,13285.11,12344.6
POL000415,PN-00000415,CUST004610,AGT00484,PROD0040,issued,2025-10-07,2026-10-07,10280.81,9980.61
POL000416,PN-00000416,CUST004539,AGT00322,PROD0041,active,2023-11-11,2024-11-10,12208.33,11012.31
POL000417,PN-00000417,CUST004507,AGT00368,PROD0042,quoted,2023-09-10,2024-09-09,641.65,583.74
POL000418,PN-00000418,CUST002094,AGT00092,PROD0033,quoted,2025-04-15,2026-04-15,10116.73,9504.78
POL000419,PN-00000419,CUST002620,AGT00044,PROD0021,cancelled,2025-09-27,2026-09-27,5053.44,4602.51
POL000420,PN-00000420,CUST004774,AGT00393,PROD0049,expired,2023-03-29,2024-03-28,8606.42,8129.03
POL000421,PN-00000421,CUST000115,AGT00340,PROD0033,active,2023-01-17,2024-01-17,323.0,311.09
POL000422,PN-00000422,CUST002893,AGT00264,PROD0045,active,2025-09-17,2026-09-17,13533.1,12391.75
POL000423,PN-00000423,CUST001430,AGT00248,PROD0044,expired,2026-08-05,2027-08-05,4607.07,4341.49
POL000424,PN-00000424,CUST001053,AGT00318,PROD0020,quoted,2025-11-23,2026-11-23,3216.11,3199.98
POL000425,PN-00000425,CUST002829,AGT00059,PROD0030,active,2023-09-12,2024-09-11,8918.96,8689.69
POL000426,PN-00000426,CUST000524,AGT00093,PROD0042,active,2024-03-20,2025-03-20,13010.28,11976.84
POL000427,PN-00000427,CUST001926,AGT00168,PROD0015,renewed,2025-06-03,2026-06-03,7110.45,6882.81
POL000428,PN-00000428,CUST004078,AGT00228,PROD0014,active,2024-05-28,2025-05-28,13577.05,12746.14
POL000429,PN-00000429,CUST002743,AGT00273,PROD0031,issued,2024-10-22,2025-10-22,1006.9,907.12
POL000430,PN-00000430,CUST004836,AGT00225,PROD0039,renewed,2023-07-08,2024-07-07,4074.38,4038.71
POL000431,PN-00000431,CUST000615,AGT00323,PROD0044,lapsed,2026-07-09,2027-07-09,2980.22,2691.09
POL000432,PN-00000432,CUST003383,AGT00044,PROD0043,renewed,2026-03-26,2027-03-26,9066.05,8923.14
POL000433,PN-00000433,CUST003231,AGT00202,PROD0046,renewed,2025-04-24,2026-04-24,9182.44,9028.66
POL000434,PN-00000434,CUST002237,AGT00243,PROD0010,active,2023-07-04,2024-07-03,7054.11,6553.15
POL000435,PN-00000435,CUST001887,AGT00189,PROD0025,active,2025-05-16,2026-05-16,7656.64,7490.21
POL000436,PN-00000436,CUST000414,AGT00112,PROD0010,expired,2024-12-14,2025-12-14,11430.38,11350.64
POL000437,PN-00000437,CUST004693,AGT00191,PROD0046,cancelled,2023-10-23,2024-10-22,13288.58,12666.7
POL000438,PN-00000438,CUST003111,AGT00251,PROD0014,renewed,2024-10-17,2025-10-17,11020.64,10987.12
POL000439,PN-00000439,CUST000767,AGT00383,PROD0004,active,2025-10-19,2026-10-19,2885.11,2784.84
POL000440,PN-00000440,CUST002438,AGT00416,PROD0030,expired,2025-03-01,2026-03-01,4240.03,4133.67
POL000441,PN-00000441,CUST000590,AGT00094,PROD0044,active,2025-02-14,2026-02-14,1596.06,1541.2
POL000442,PN-00000442,CUST001938,AGT00055,PROD0050,renewed,2026-03-19,2027-03-19,6104.45,5697.74
POL000443,PN-00000443,CUST002443,AGT00131,PROD0015,quoted,2026-04-03,2027-04-03,13052.08,12507.9
POL000444,PN-00000444,CUST000522,AGT00323,PROD0039,expired,2024-11-20,2025-11-20,6080.76,5605.07
POL000445,PN-00000445,CUST000136,AGT00032,PROD0042,active,2025-03-17,2026-03-17,3252.52,3158.52
POL000446,PN-00000446,CUST000968,AGT00406,PROD0004,expired,2025-01-04,2026-01-04,10278.69,9517.02
POL000447,PN-00000447,CUST003649,AGT00262,PROD0030,active,2026-08-20,2027-08-20,1115.45,1097.52
POL000448,PN-00000448,CUST004108,AGT00056,PROD0006,cancelled,2024-02-23,2025-02-22,11191.17,10928.34
POL000449,PN-00000449,CUST001601,AGT00448,PROD0045,active,2025-09-02,2026-09-02,11304.78,10857.51
POL000450,PN-00000450,CUST002990,AGT00477,PROD0011,active,2025-09-15,2026-09-15,13852.13,13527.19
POL000451,PN-00000451,CUST004880,AGT00163,PROD0038,renewed,2026-01-19,2027-01-19,6070.74,5748.27
POL000452,PN-00000452,CUST000502,AGT00172,PROD0024,quoted,2024-09-02,2025-09-02,7897.39,7482.15
POL000453,PN-00000453,CUST001493,AGT00356,PROD0038,issued,2026-05-24,2027-05-24,5947.46,5546.4
POL000454,PN-00000454,CUST004499,AGT00094,PROD0031,active,2023-01-20,2024-01-20,1029.5,985.63
POL000455,PN-00000455,CUST001777,AGT00398,PROD0045,active,2023-08-03,2024-08-02,3418.53,3210.37
POL000456,PN-00000456,CUST004686,AGT00100,PROD0031,active,2024-06-20,2025-06-20,6484.18,5877.48
POL000457,PN-00000457,CUST003560,AGT00389,PROD0035,cancelled,2026-01-02,2027-01-02,4520.77,4294.61
POL000458,PN-00000458,CUST000685,AGT00355,PROD0009,lapsed,2026-05-29,2027-05-29,14865.14,13773.91
POL000459,PN-00000459,CUST003068,AGT00033,PROD0047,expired,2026-04-24,2027-04-24,5491.94,5356.23
POL000460,PN-00000460,CUST003875,AGT00224,PROD0043,active,2025-01-16,2026-01-16,5239.15,4796.51
POL000461,PN-00000461,CUST003020,AGT00186,PROD0009,renewed,2026-01-24,2027-01-24,5050.5,4882.91
POL000462,PN-00000462,CUST003582,AGT00100,PROD0001,lapsed,2023-11-06,2024-11-05,11586.35,11329.42
POL000463,PN-00000463,CUST001453,AGT00312,PROD0015,active,2024-04-27,2025-04-27,5545.17,5291.85
POL000464,PN-00000464,CUST003595,AGT00270,PROD0040,active,2025-10-16,2026-10-16,1826.89,1708.28
POL000465,PN-00000465,CUST004904,AGT00333,PROD0027,active,2024-09-07,2025-09-07,7421.04,6983.6
POL000466,PN-00000466,CUST002538,AGT00436,PROD0048,active,2025-10-18,2026-10-18,4211.41,4074.91
POL000467,PN-00000467,CUST002630,AGT00018,PROD0030,active,2023-11-06,2024-11-05,13483.93,12274.03
POL000468,PN-00000468,CUST000081,AGT00473,PROD0008,quoted,2026-02-01,2027-02-01,14253.09,13577.97
POL000469,PN-00000469,CUST000403,AGT00479,PROD0035,active,2025-09-10,2026-09-10,4946.55,4856.93
POL000470,PN-00000470,CUST002873,AGT00385,PROD0002,quoted,2024-11-24,2025-11-24,8281.17,7718.1
POL000471,PN-00000471,CUST000087,AGT00056,PROD0001,lapsed,2026-02-25,2027-02-25,13595.85,13445.82
POL000472,PN-00000472,CUST003445,AGT00250,PROD0039,active,2025-10-04,2026-10-04,12114.62,11210.43
POL000473,PN-00000473,CUST003566,AGT00041,PROD0038,lapsed,2024-03-10,2025-03-10,6864.09,6833.05
POL000474,PN-00000474,CUST003088,AGT00100,PROD0025,cancelled,2026-07-22,2027-07-22,4646.45,4294.36
POL000475,PN-00000475,CUST001797,AGT00120,PROD0020,expired,2025-06-28,2026-06-28,6807.48,6789.83
POL000476,PN-00000476,CUST001628,AGT00488,PROD0031,active,2026-03-28,2027-03-28,13444.22,12309.82
POL000477,PN-00000477,CUST003526,AGT00471,PROD0011,issued,2025-10-25,2026-10-25,1982.32,1852.46
POL000478,PN-00000478,CUST001486,AGT00112,PROD0032,renewed,2024-08-17,2025-08-17,3339.02,3086.88
POL000479,PN-00000479,CUST002566,AGT00026,PROD0021,active,2023-12-04,2024-12-03,1994.97,1797.2
POL000480,PN-00000480,CUST000032,AGT00130,PROD0031,quoted,2023-09-25,2024-09-24,11347.77,10921.45
POL000481,PN-00000481,CUST004618,AGT00219,PROD0011,cancelled,2026-05-03,2027-05-03,1417.72,1410.56
POL000482,PN-00000482,CUST003988,AGT00231,PROD0016,lapsed,2025-04-19,2026-04-19,5851.44,5705.78
POL000483,PN-00000483,CUST002598,AGT00298,PROD0008,renewed,2026-05-27,2027-05-27,8482.75,8271.85
POL000484,PN-00000484,CUST003971,AGT00369,PROD0015,active,2025-03-07,2026-03-07,6706.81,6447.93
POL000485,PN-00000485,CUST004332,AGT00270,PROD0023,active,2025-12-09,2026-12-09,6920.89,6578.97
POL000486,PN-00000486,CUST004880,AGT00350,PROD0044,cancelled,2024-12-10,2025-12-10,13576.42,12833.36
POL000487,PN-00000487,CUST002005,AGT00058,PROD0041,active,2026-06-07,2027-06-07,8167.73,7566.54
POL000488,PN-00000488,CUST004923,AGT00478,PROD0025,active,2023-05-13,2024-05-12,13806.64,13591.61
POL000489,PN-00000489,CUST002623,AGT00093,PROD0022,renewed,2025-09-07,2026-09-07,3989.32,3783.22
POL000490,PN-00000490,CUST001942,AGT00225,PROD0041,active,2023-11-20,2024-11-19,1466.58,1394.36
POL000491,PN-00000491,CUST004221,AGT00234,PROD0029,issued,2025-01-26,2026-01-26,5937.28,5809.9
POL000492,PN-00000492,CUST000667,AGT00476,PROD0036,renewed,2026-02-26,2027-02-26,12539.31,11701.82
POL000493,PN-00000493,CUST004037,AGT00304,PROD0043,active,2026-01-06,2027-01-06,12770.65,11655.56
POL000494,PN-00000494,CUST001536,AGT00417,PROD0039,quoted,2023-03-24,2024-03-23,9696.98,9617.61
POL000495,PN-00000495,CUST002652,AGT00302,PROD0001,issued,2024-10-16,2025-10-16,4513.79,4260.18
POL000496,PN-00000496,CUST003112,AGT00165,PROD0036,cancelled,2025-01-16,2026-01-16,4480.42,4359.16
POL000497,PN-00000497,CUST000551,AGT00293,PROD0015,active,2024-07-21,2025-07-21,4752.88,4415.64
POL000498,PN-00000498,CUST001030,AGT00441,PROD0043,active,2025-08-19,2026-08-19,1816.29,1668.89
POL000499,PN-00000499,CUST001920,AGT00127,PROD0004,active,2025-04-12,2026-04-12,5242.65,4913.34
POL000500,PN-00000500,CUST001596,AGT00449,PROD0046,renewed,2025-01-24,2026-01-24,9304.22,8665.74
POL000501,PN-00000501,CUST004795,AGT00344,PROD0035,active,2023-02-11,2024-02-11,8683.73,8252.82
POL000502,PN-00000502,CUST000984,AGT00305,PROD0026,lapsed,2023-01-01,2024-01-01,8022.6,7612.48
POL000503,PN-00000503,CUST002665,AGT00325,PROD0031,lapsed,2025-10-29,2026-10-29,9879.12,9035.74
POL000504,PN-00000504,CUST003901,AGT00098,PROD0030,renewed,2025-05-20,2026-05-20,3939.0,3724.58
POL000505,PN-00000505,CUST004760,AGT00329,PROD0033,expired,2024-05-21,2025-05-21,13054.3,12286.6
POL000506,PN-00000506,CUST004664,AGT00256,PROD0043,lapsed,2026-03-12,2027-03-12,14937.79,14654.59
POL000507,PN-00000507,CUST002745,AGT00500,PROD0001,active,2023-04-24,2024-04-23,10385.93,9635.49
POL000508,PN-00000508,CUST002981,AGT00339,PROD0003,expired,2025-06-27,2026-06-27,10652.57,9754.64
POL000509,PN-00000509,CUST004996,AGT00459,PROD0047,quoted,2023-02-25,2024-02-25,10388.15,10314.48
POL000510,PN-00000510,CUST001895,AGT00364,PROD0012,active,2023-10-30,2024-10-29,6249.99,5905.39
POL000511,PN-00000511,CUST001298,AGT00177,PROD0019,cancelled,2025-03-01,2026-03-01,3792.75,3649.06
POL000512,PN-00000512,CUST000643,AGT00378,PROD0023,issued,2025-05-21,2026-05-21,7648.17,7234.26
POL000513,PN-00000513,CUST002618,AGT00105,PROD0038,renewed,2026-02-02,2027-02-02,12650.44,11593.61
POL000514,PN-00000514,CUST002587,AGT00284,PROD0006,lapsed,2026-04-23,2027-04-23,11861.91,11221.79
POL000515,PN-00000515,CUST000281,AGT00260,PROD0043,renewed,2025-10-22,2026-10-22,4771.13,4451.15
POL000516,PN-00000516,CUST002584,AGT00392,PROD0013,cancelled,2026-02-01,2027-02-01,12154.28,11176.83
POL000517,PN-00000517,CUST003211,AGT00174,PROD0040,expired,2026-07-07,2027-07-07,7315.12,6965.15
POL000518,PN-00000518,CUST003039,AGT00018,PROD0050,quoted,2025-07-17,2026-07-17,11189.17,10460.98
POL000519,PN-00000519,CUST001556,AGT00437,PROD0003,renewed,2025-04-17,2026-04-17,9208.34,8454.8
POL000520,PN-00000520,CUST001053,AGT00274,PROD0007,active,2024-10-12,2025-10-12,6005.46,5736.89
POL000521,PN-00000521,CUST000231,AGT00424,PROD0012,lapsed,2025-09-17,2026-09-17,13016.27,12934.1
POL000522,PN-00000522,CUST001839,AGT00231,PROD0037,issued,2026-02-14,2027-02-14,11632.33,10805.02
POL000523,PN-00000523,CUST004699,AGT00088,PROD0020,issued,2023-06-22,2024-06-21,3573.61,3387.58
POL000524,PN-00000524,CUST000021,AGT00446,PROD0028,lapsed,2024-01-29,2025-01-28,8625.47,8083.77
POL000525,PN-00000525,CUST001768,AGT00018,PROD0027,lapsed,2026-02-19,2027-02-19,4133.82,3804.85
POL000526,PN-00000526,CUST003483,AGT00399,PROD0049,expired,2025-11-22,2026-11-22,13954.31,13177.12
POL000527,PN-00000527,CUST001630,AGT00275,PROD0026,expired,2025-05-21,2026-05-21,5238.79,4738.97
POL000528,PN-00000528,CUST003270,AGT00244,PROD0031,cancelled,2025-01-30,2026-01-30,14936.53,14285.48
POL000529,PN-00000529,CUST003678,AGT00402,PROD0016,quoted,2024-10-31,2025-10-31,4571.98,4260.38
POL000530,PN-00000530,CUST003621,AGT00247,PROD0043,quoted,2023-09-25,2024-09-24,5500.74,5112.2
POL000531,PN-00000531,CUST001466,AGT00169,PROD0045,lapsed,2025-12-27,2026-12-27,9869.5,9423.52
POL000532,PN-00000532,CUST000212,AGT00322,PROD0035,lapsed,2024-10-17,2025-10-17,12147.09,11476.03
POL000533,PN-00000533,CUST001731,AGT00176,PROD0032,cancelled,2025-10-28,2026-10-28,4591.83,4492.73
POL000534,PN-00000534,CUST001221,AGT00024,PROD0034,issued,2023-02-13,2024-02-13,2547.87,2297.27
POL000535,PN-00000535,CUST002346,AGT00044,PROD0024,active,2023-05-02,2024-05-01,11901.38,11401.35
POL000536,PN-00000536,CUST000958,AGT00208,PROD0025,issued,2023-01-29,2024-01-29,7988.06,7531.24
POL000537,PN-00000537,CUST000939,AGT00045,PROD0022,expired,2026-07-24,2027-07-24,5690.84,5673.32
POL000538,PN-00000538,CUST000732,AGT00119,PROD0042,active,2024-08-05,2025-08-05,544.69,514.21
POL000539,PN-00000539,CUST002919,AGT00024,PROD0003,active,2023-03-26,2024-03-25,13113.71,12242.59
POL000540,PN-00000540,CUST002465,AGT00018,PROD0042,active,2026-02-08,2027-02-08,8931.27,8597.41
POL000541,PN-00000541,CUST000190,AGT00208,PROD0037,expired,2026-06-29,2027-06-29,10322.03,9609.98
POL000542,PN-00000542,CUST002522,AGT00320,PROD0016,cancelled,2024-11-11,2025-11-11,6725.29,6549.83
POL000543,PN-00000543,CUST004147,AGT00485,PROD0003,expired,2024-04-06,2025-04-06,11891.1,10953.09
POL000544,PN-00000544,CUST001783,AGT00207,PROD0019,active,2025-09-24,2026-09-24,2359.54,2195.41
POL000545,PN-00000545,CUST002665,AGT00395,PROD0033,lapsed,2023-07-19,2024-07-18,7422.35,7221.61
POL000546,PN-00000546,CUST001931,AGT00179,PROD0005,active,2024-08-30,2025-08-30,13106.32,12137.28
POL000547,PN-00000547,CUST003334,AGT00206,PROD0045,quoted,2024-05-22,2025-05-22,10166.54,9933.13
POL000548,PN-00000548,CUST000286,AGT00134,PROD0023,lapsed,2024-03-09,2025-03-09,8997.96,8114.52
POL000549,PN-00000549,CUST004507,AGT00445,PROD0049,expired,2026-01-18,2027-01-18,12045.78,11438.45
POL000550,PN-00000550,CUST001358,AGT00432,PROD0021,expired,2023-08-02,2024-08-01,4733.39,4311.88
POL000551,PN-00000551,CUST003585,AGT00027,PROD0037,renewed,2026-04-01,2027-04-01,7678.84,7072.79
POL000552,PN-00000552,CUST004079,AGT00423,PROD0001,issued,2026-04-23,2027-04-23,7665.95,7579.74
POL000553,PN-00000553,CUST003329,AGT00492,PROD0035,quoted,2026-02-22,2027-02-22,1808.92,1669.6
POL000554,PN-00000554,CUST004470,AGT00151,PROD0025,active,2026-05-19,2027-05-19,1896.15,1810.73
POL000555,PN-00000555,CUST002989,AGT00028,PROD0007,active,2025-02-19,2026-02-19,4010.02,3980.94
POL000556,PN-00000556,CUST003155,AGT00079,PROD0024,active,2025-06-18,2026-06-18,3705.02,3655.4
POL000557,PN-00000557,CUST001795,AGT00216,PROD0007,lapsed,2023-09-18,2024-09-17,6788.21,6416.51
POL000558,PN-00000558,CUST001411,AGT00395,PROD0011,renewed,2026-04-11,2027-04-11,5513.43,5398.63
POL000559,PN-00000559,CUST004788,AGT00483,PROD0020,quoted,2025-09-27,2026-09-27,4417.44,4221.03
POL000560,PN-00000560,CUST004621,AGT00332,PROD0033,issued,2026-06-17,2027-06-17,11819.57,11188.7
POL000561,PN-00000561,CUST001897,AGT00334,PROD0015,renewed,2023-07-03,2024-07-02,11449.14,10411.9
POL000562,PN-00000562,CUST003476,AGT00019,PROD0018,issued,2023-12-20,2024-12-19,5925.02,5489.56
POL000563,PN-00000563,CUST002069,AGT00230,PROD0006,active,2025-05-04,2026-05-04,5194.64,4811.53
POL000564,PN-00000564,CUST000859,AGT00190,PROD0012,cancelled,2025-05-30,2026-05-30,4140.17,4008.59
POL000565,PN-00000565,CUST004098,AGT00379,PROD0041,expired,2023-10-21,2024-10-20,9114.05,8875.75
POL000566,PN-00000566,CUST002342,AGT00373,PROD0024,issued,2024-06-10,2025-06-10,1568.77,1542.92
POL000567,PN-00000567,CUST003793,AGT00286,PROD0003,renewed,2024-06-04,2025-06-04,9045.58,8890.44
POL000568,PN-00000568,CUST001107,AGT00011,PROD0039,active,2024-01-23,2025-01-22,12215.59,11536.7
POL000569,PN-00000569,CUST004868,AGT00201,PROD0021,active,2023-12-04,2024-12-03,4893.14,4803.47
POL000570,PN-00000570,CUST003416,AGT00002,PROD0046,issued,2025-09-22,2026-09-22,4435.37,4129.77
POL000571,PN-00000571,CUST002143,AGT00433,PROD0049,active,2024-07-07,2025-07-07,350.01,330.25
POL000572,PN-00000572,CUST001016,AGT00098,PROD0023,cancelled,2024-01-27,2025-01-26,4451.5,4163.59
POL000573,PN-00000573,CUST003158,AGT00045,PROD0036,expired,2024-02-09,2025-02-08,2407.66,2340.21
POL000574,PN-00000574,CUST000724,AGT00107,PROD0035,cancelled,2024-06-07,2025-06-07,14101.15,13177.07
POL000575,PN-00000575,CUST000073,AGT00295,PROD0043,active,2024-12-21,2025-12-21,4315.61,4259.82
POL000576,PN-00000576,CUST002966,AGT00396,PROD0010,cancelled,2025-09-12,2026-09-12,5287.25,4971.05
POL000577,PN-00000577,CUST004434,AGT00258,PROD0041,active,2023-05-07,2024-05-06,7805.14,7529.8
POL000578,PN-00000578,CUST004306,AGT00473,PROD0012,renewed,2023-01-28,2024-01-28,6747.45,6121.17
POL000579,PN-00000579,CUST003206,AGT00097,PROD0014,active,2024-09-20,2025-09-20,779.5,752.73
POL000580,PN-00000580,CUST001736,AGT00251,PROD0034,active,2023-08-04,2024-08-03,11079.56,10139.4
POL000581,PN-00000581,CUST003850,AGT00082,PROD0029,expired,2024-05-21,2025-05-21,3884.49,3544.74
POL000582,PN-00000582,CUST003664,AGT00469,PROD0047,expired,2025-05-29,2026-05-29,6752.8,6673.18
POL000583,PN-00000583,CUST002751,AGT00467,PROD0033,active,2025-11-07,2026-11-07,12940.81,12633.23
POL000584,PN-00000584,CUST004403,AGT00497,PROD0029,active,2026-08-04,2027-08-04,10683.82,10238.91
POL000585,PN-00000585,CUST001238,AGT00500,PROD0037,active,2024-08-15,2025-08-15,4246.75,4156.45
POL000586,PN-00000586,CUST001649,AGT00214,PROD0032,renewed,2024-12-10,2025-12-10,9666.93,8851.99
POL000587,PN-00000587,CUST003304,AGT00210,PROD0033,quoted,2024-06-17,2025-06-17,10726.96,10630.23
POL000588,PN-00000588,CUST002707,AGT00118,PROD0026,renewed,2026-08-22,2027-08-22,6513.57,6283.1
POL000589,PN-00000589,CUST001715,AGT00391,PROD0012,expired,2023-03-07,2024-03-06,3113.43,2840.52
POL000590,PN-00000590,CUST001691,AGT00448,PROD0007,quoted,2025-09-17,2026-09-17,6917.71,6462.21
POL000591,PN-00000591,CUST002478,AGT00022,PROD0014,active,2026-02-09,2027-02-09,10304.65,9469.37
POL000592,PN-00000592,CUST000835,AGT00335,PROD0021,issued,2023-07-16,2024-07-15,7827.74,7356.52
POL000593,PN-00000593,CUST002291,AGT00277,PROD0001,active,2023-11-19,2024-11-18,3968.1,3784.67
POL000594,PN-00000594,CUST000977,AGT00447,PROD0039,cancelled,2024-03-30,2025-03-30,7660.78,7626.33
POL000595,PN-00000595,CUST000590,AGT00057,PROD0023,active,2024-07-19,2025-07-19,11690.93,11180.47
POL000596,PN-00000596,CUST004458,AGT00466,PROD0007,active,2025-01-06,2026-01-06,7424.9,7283.17
POL000597,PN-00000597,CUST002602,AGT00297,PROD0006,expired,2023-02-14,2024-02-14,10204.13,9196.28
POL000598,PN-00000598,CUST003443,AGT00434,PROD0012,cancelled,2024-04-27,2025-04-27,10821.15,9803.53
POL000599,PN-00000599,CUST003254,AGT00020,PROD0010,active,2025-04-20,2026-04-20,13718.88,13457.86
POL000600,PN-00000600,CUST002548,AGT00442,PROD0032,active,2026-02-04,2027-02-04,9694.73,8865.45
POL000601,PN-00000601,CUST002760,AGT00054,PROD0041,active,2026-01-31,2027-01-31,14899.01,14703.57
POL000602,PN-00000602,CUST003492,AGT00493,PROD0042,active,2023-07-23,2024-07-22,14158.64,13220.42
POL000603,PN-00000603,CUST003407,AGT00065,PROD0005,quoted,2023-05-04,2024-05-03,8081.68,7336.05
POL000604,PN-00000604,CUST003933,AGT00433,PROD0040,quoted,2026-04-06,2027-04-06,7597.37,7137.49
POL000605,PN-00000605,CUST004289,AGT00033,PROD0003,renewed,2026-03-01,2027-03-01,14982.83,14447.29
POL000606,PN-00000606,CUST001507,AGT00445,PROD0028,cancelled,2025-12-23,2026-12-23,6116.21,5534.94
POL000607,PN-00000607,CUST004370,AGT00110,PROD0027,expired,2026-02-05,2027-02-05,1666.26,1592.47
POL000608,PN-00000608,CUST001344,AGT00059,PROD0019,active,2023-03-27,2024-03-26,6805.11,6445.15
POL000609,PN-00000609,CUST001606,AGT00028,PROD0034,active,2025-07-17,2026-07-17,1516.53,1479.29
POL000610,PN-00000610,CUST004740,AGT00010,PROD0013,active,2026-06-21,2027-06-21,447.17,403.62
POL000611,PN-00000611,CUST000427,AGT00175,PROD0048,quoted,2025-03-12,2026-03-12,2903.11,2752.84
POL000612,PN-00000612,CUST001453,AGT00334,PROD0019,cancelled,2025-10-05,2026-10-05,4495.62,4447.43
POL000613,PN-00000613,CUST003678,AGT00320,PROD0034,active,2025-12-30,2026-12-30,12693.81,11504.54
POL000614,PN-00000614,CUST001379,AGT00237,PROD0015,cancelled,2025-12-27,2026-12-27,2022.9,2010.62
POL000615,PN-00000615,CUST001251,AGT00306,PROD0014,renewed,2023-12-21,2024-12-20,2287.2,2211.86
POL000616,PN-00000616,CUST001431,AGT00494,PROD0050,issued,2024-11-02,2025-11-02,4062.06,3776.38
POL000617,PN-00000617,CUST002039,AGT00282,PROD0044,cancelled,2024-08-28,2025-08-28,7492.75,6961.99
POL000618,PN-00000618,CUST000699,AGT00260,PROD0035,cancelled,2025-04-02,2026-04-02,11874.95,11400.13
POL000619,PN-00000619,CUST003724,AGT00280,PROD0004,active,2023-04-28,2024-04-27,7290.61,7098.46
POL000620,PN-00000620,CUST002209,AGT00386,PROD0028,lapsed,2024-03-19,2025-03-19,6176.81,5708.72
POL000621,PN-00000621,CUST002871,AGT00185,PROD0041,quoted,2026-08-23,2027-08-23,5672.92,5264.55
POL000622,PN-00000622,CUST002755,AGT00279,PROD0016,quoted,2026-01-10,2027-01-10,7544.71,6800.51
POL000623,PN-00000623,CUST004095,AGT00383,PROD0030,quoted,2023-03-06,2024-03-05,9370.97,9119.59
POL000624,PN-00000624,CUST000947,AGT00228,PROD0010,issued,2023-07-14,2024-07-13,9563.19,9365.81
POL000625,PN-00000625,CUST002971,AGT00301,PROD0046,active,2025-10-21,2026-10-21,334.76,308.3
POL000626,PN-00000626,CUST000902,AGT00413,PROD0049,expired,2025-02-06,2026-02-06,10197.95,9448.04
POL000627,PN-00000627,CUST000947,AGT00025,PROD0006,issued,2024-10-01,2025-10-01,6263.87,6192.87
POL000628,PN-00000628,CUST001638,AGT00472,PROD0014,expired,2024-10-31,2025-10-31,3028.21,2775.77
POL000629,PN-00000629,CUST001427,AGT00415,PROD0025,active,2023-04-22,2024-04-21,10392.66,9433.69
POL000630,PN-00000630,CUST003177,AGT00381,PROD0018,expired,2023-09-25,2024-09-24,11479.83,11293.72
POL000631,PN-00000631,CUST001858,AGT00119,PROD0008,quoted,2025-02-15,2026-02-15,1689.02,1672.83
POL000632,PN-00000632,CUST001280,AGT00098,PROD0007,issued,2023-01-16,2024-01-16,1237.96,1199.72
POL000633,PN-00000633,CUST000992,AGT00309,PROD0038,active,2024-08-27,2025-08-27,4951.61,4479.33
POL000634,PN-00000634,CUST000903,AGT00310,PROD0043,quoted,2026-07-28,2027-07-28,8718.06,8329.3
POL000635,PN-00000635,CUST004899,AGT00459,PROD0046,cancelled,2023-01-24,2024-01-24,383.49,360.98
POL000636,PN-00000636,CUST003613,AGT00409,PROD0015,expired,2026-07-29,2027-07-29,5564.23,5562.98
POL000637,PN-00000637,CUST002989,AGT00307,PROD0024,expired,2023-06-28,2024-06-27,7236.09,6685.16
POL000638,PN-00000638,CUST001492,AGT00136,PROD0008,quoted,2024-05-06,2025-05-06,9886.75,9046.45
POL000639,PN-00000639,CUST001522,AGT00413,PROD0034,issued,2025-02-09,2026-02-09,7340.38,6646.22
POL000640,PN-00000640,CUST003394,AGT00168,PROD0048,active,2025-05-17,2026-05-17,619.02,593.09
POL000641,PN-00000641,CUST001584,AGT00188,PROD0029,issued,2025-06-20,2026-06-20,6823.78,6594.7
POL000642,PN-00000642,CUST004752,AGT00023,PROD0024,cancelled,2025-08-22,2026-08-22,1556.12,1430.33
POL000643,PN-00000643,CUST001053,AGT00366,PROD0032,renewed,2026-07-02,2027-07-02,13970.53,13543.17
POL000644,PN-00000644,CUST002850,AGT00084,PROD0026,renewed,2023-09-07,2024-09-06,4943.85,4916.1
POL000645,PN-00000645,CUST004282,AGT00320,PROD0046,issued,2025-12-09,2026-12-09,9043.21,8501.56
POL000646,PN-00000646,CUST004538,AGT00442,PROD0016,issued,2023-07-22,2024-07-21,7317.06,6817.49
POL000647,PN-00000647,CUST000929,AGT00048,PROD0005,active,2024-06-12,2025-06-12,2688.48,2450.82
POL000648,PN-00000648,CUST002399,AGT00360,PROD0033,active,2024-09-30,2025-09-30,14911.81,14861.34
POL000649,PN-00000649,CUST003602,AGT00112,PROD0005,renewed,2024-02-22,2025-02-21,6821.94,6750.79
POL000650,PN-00000650,CUST002161,AGT00048,PROD0037,expired,2023-01-02,2024-01-02,10331.18,9914.95
POL000651,PN-00000651,CUST002542,AGT00464,PROD0021,cancelled,2026-09-02,2027-09-02,1086.52,1029.54
POL000652,PN-00000652,CUST000041,AGT00099,PROD0017,issued,2023-01-16,2024-01-16,13423.88,13334.13
POL000653,PN-00000653,CUST003304,AGT00453,PROD0006,issued,2025-08-03,2026-08-03,725.23,667.67
POL000654,PN-00000654,CUST000302,AGT00059,PROD0007,lapsed,2023-09-15,2024-09-14,6943.44,6403.0
POL000655,PN-00000655,CUST000742,AGT00341,PROD0034,issued,2026-07-17,2027-07-17,12475.29,11795.48
POL000656,PN-00000656,CUST000243,AGT00481,PROD0016,expired,2024-10-13,2025-10-13,7210.89,6747.7
POL000657,PN-00000657,CUST003457,AGT00133,PROD0001,issued,2023-03-04,2024-03-03,1235.67,1194.36
POL000658,PN-00000658,CUST002599,AGT00149,PROD0009,renewed,2025-03-27,2026-03-27,10925.14,10436.74
POL000659,PN-00000659,CUST001217,AGT00437,PROD0019,active,2023-06-03,2024-06-02,2107.69,1940.29
POL000660,PN-00000660,CUST001414,AGT00156,PROD0043,active,2023-05-23,2024-05-22,12592.37,12439.42
POL000661,PN-00000661,CUST003876,AGT00163,PROD0019,expired,2026-09-11,2027-09-11,6117.61,5594.24
POL000662,PN-00000662,CUST004327,AGT00075,PROD0009,quoted,2024-04-13,2025-04-13,14299.28,13790.54
POL000663,PN-00000663,CUST002408,AGT00065,PROD0048,expired,2023-05-31,2024-05-30,12009.94,11914.54
POL000664,PN-00000664,CUST002144,AGT00205,PROD0004,cancelled,2024-04-04,2025-04-04,7922.24,7207.49
POL000665,PN-00000665,CUST002769,AGT00315,PROD0010,expired,2024-05-02,2025-05-02,4402.44,4134.29
POL000666,PN-00000666,CUST001204,AGT00034,PROD0049,active,2025-10-11,2026-10-11,4513.38,4208.61
POL000667,PN-00000667,CUST001914,AGT00051,PROD0028,cancelled,2024-07-07,2025-07-07,8833.18,7958.3
POL000668,PN-00000668,CUST000277,AGT00399,PROD0021,issued,2026-08-15,2027-08-15,12376.45,11257.78
POL000669,PN-00000669,CUST001747,AGT00244,PROD0042,active,2023-08-02,2024-08-01,13990.82,13488.22
POL000670,PN-00000670,CUST001984,AGT00324,PROD0007,lapsed,2023-01-25,2024-01-25,14213.24,13642.75
POL000671,PN-00000671,CUST000373,AGT00328,PROD0031,cancelled,2026-01-01,2027-01-01,6595.06,6234.22
POL000672,PN-00000672,CUST003079,AGT00028,PROD0008,lapsed,2026-02-15,2027-02-15,12070.7,11138.14
POL000673,PN-00000673,CUST000113,AGT00141,PROD0007,active,2024-10-22,2025-10-22,9619.78,9272.24
POL000674,PN-00000674,CUST004002,AGT00157,PROD0032,active,2024-05-07,2025-05-07,3800.33,3561.33
POL000675,PN-00000675,CUST004987,AGT00241,PROD0016,renewed,2025-06-03,2026-06-03,11458.13,10351.77
POL000676,PN-00000676,CUST003495,AGT00258,PROD0050,cancelled,2025-01-07,2026-01-07,2596.68,2554.27
POL000677,PN-00000677,CUST000627,AGT00341,PROD0045,cancelled,2025-09-17,2026-09-17,12016.17,10873.17
POL000678,PN-00000678,CUST000034,AGT00408,PROD0037,issued,2024-03-14,2025-03-14,7264.39,7200.42
POL000679,PN-00000679,CUST000947,AGT00266,PROD0021,renewed,2026-06-26,2027-06-26,6148.07,5698.44
POL000680,PN-00000680,CUST000147,AGT00378,PROD0040,quoted,2025-01-04,2026-01-04,2786.53,2599.15
POL000681,PN-00000681,CUST002903,AGT00017,PROD0039,active,2024-12-18,2025-12-18,7401.46,7033.01
POL000682,PN-00000682,CUST004347,AGT00137,PROD0029,lapsed,2023-11-10,2024-11-09,6041.4,5467.24
POL000683,PN-00000683,CUST001684,AGT00380,PROD0039,active,2026-05-25,2027-05-25,9636.06,8949.99
POL000684,PN-00000684,CUST003490,AGT00482,PROD0041,cancelled,2023-07-14,2024-07-13,1628.66,1606.16
POL000685,PN-00000685,CUST000289,AGT00416,PROD0045,expired,2026-07-27,2027-07-27,12489.31,11462.07
POL000686,PN-00000686,CUST003998,AGT00263,PROD0042,lapsed,2026-06-06,2027-06-06,681.17,680.96
POL000687,PN-00000687,CUST000442,AGT00202,PROD0033,issued,2024-02-17,2025-02-16,1608.74,1472.01
POL000688,PN-00000688,CUST000965,AGT00236,PROD0038,lapsed,2024-11-11,2025-11-11,9159.33,8379.43
POL000689,PN-00000689,CUST001313,AGT00108,PROD0016,expired,2023-06-16,2024-06-15,3025.04,2869.57
POL000690,PN-00000690,CUST001123,AGT00178,PROD0001,cancelled,2024-03-14,2025-03-14,7930.82,7885.52
POL000691,PN-00000691,CUST003514,AGT00064,PROD0028,issued,2023-12-25,2024-12-24,10429.28,10385.45
POL000692,PN-00000692,CUST002140,AGT00048,PROD0013,renewed,2024-07-25,2025-07-25,11930.01,11515.69
POL000693,PN-00000693,CUST004052,AGT00097,PROD0010,renewed,2024-02-17,2025-02-16,4938.56,4559.54
POL000694,PN-00000694,CUST004015,AGT00442,PROD0017,issued,2024-01-04,2025-01-03,13650.57,13208.61
POL000695,PN-00000695,CUST002536,AGT00370,PROD0010,active,2023-01-25,2024-01-25,9255.26,8361.84
POL000696,PN-00000696,CUST004866,AGT00123,PROD0031,lapsed,2024-06-18,2025-06-18,1945.42,1839.46
POL000697,PN-00000697,CUST002356,AGT00074,PROD0022,cancelled,2023-04-14,2024-04-13,14669.76,14664.44
POL000698,PN-00000698,CUST001114,AGT00340,PROD0022,quoted,2024-04-08,2025-04-08,14299.15,14103.99
POL000699,PN-00000699,CUST004708,AGT00187,PROD0023,active,2026-01-26,2027-01-26,7527.94,7072.79
POL000700,PN-00000700,CUST001493,AGT00251,PROD0014,renewed,2025-07-31,2026-07-31,8899.08,8141.73
POL000701,PN-00000701,CUST004265,AGT00370,PROD0041,issued,2023-07-23,2024-07-22,6507.45,5939.78
POL000702,PN-00000702,CUST001218,AGT00044,PROD0016,issued,2024-10-18,2025-10-18,1823.93,1685.2
POL000703,PN-00000703,CUST001700,AGT00026,PROD0007,active,2023-03-02,2024-03-01,7288.73,6831.69
POL000704,PN-00000704,CUST000364,AGT00092,PROD0017,active,2025-04-09,2026-04-09,14622.89,14556.62
POL000705,PN-00000705,CUST002363,AGT00365,PROD0047,active,2023-08-01,2024-07-31,2806.8,2757.06
POL000706,PN-00000706,CUST001034,AGT00093,PROD0015,lapsed,2023-12-15,2024-12-14,13623.33,12920.5
POL000707,PN-00000707,CUST002043,AGT00269,PROD0049,renewed,2024-10-20,2025-10-20,13331.32,12077.16
POL000708,PN-00000708,CUST004715,AGT00156,PROD0014,issued,2026-04-12,2027-04-12,12515.21,11574.76
POL000709,PN-00000709,CUST000098,AGT00270,PROD0023,lapsed,2026-02-24,2027-02-24,13206.25,12156.49
POL000710,PN-00000710,CUST001389,AGT00064,PROD0015,lapsed,2023-08-17,2024-08-16,6536.49,6004.29
POL000711,PN-00000711,CUST003079,AGT00333,PROD0004,active,2025-11-22,2026-11-22,395.9,373.98
POL000712,PN-00000712,CUST003051,AGT00055,PROD0040,renewed,2024-04-19,2025-04-19,1395.34,1373.36
POL000713,PN-00000713,CUST002471,AGT00139,PROD0046,active,2026-05-10,2027-05-10,8303.63,7921.92
POL000714,PN-00000714,CUST001617,AGT00228,PROD0041,renewed,2024-07-23,2025-07-23,14773.72,14608.1
POL000715,PN-00000715,CUST001895,AGT00279,PROD0008,active,2023-07-16,2024-07-15,3582.98,3384.26
POL000716,PN-00000716,CUST002050,AGT00295,PROD0018,cancelled,2025-03-21,2026-03-21,2785.04,2593.75
POL000717,PN-00000717,CUST000256,AGT00226,PROD0032,active,2023-02-01,2024-02-01,528.07,523.75
POL000718,PN-00000718,CUST002638,AGT00333,PROD0033,active,2025-11-28,2026-11-28,2213.48,2195.16
POL000719,PN-00000719,CUST004521,AGT00371,PROD0007,quoted,2023-09-12,2024-09-11,11752.1,11361.64
POL000720,PN-00000720,CUST001468,AGT00290,PROD0042,cancelled,2024-04-20,2025-04-20,7906.87,7162.01
POL000721,PN-00000721,CUST001117,AGT00374,PROD0035,lapsed,2024-07-28,2025-07-28,7534.67,7356.68
POL000722,PN-00000722,CUST002791,AGT00264,PROD0032,issued,2024-12-26,2025-12-26,3521.97,3519.19
POL000723,PN-00000723,CUST003492,AGT00395,PROD0019,active,2023-07-25,2024-07-24,5020.57,4627.14
POL000724,PN-00000724,CUST000273,AGT00229,PROD0050,expired,2023-02-03,2024-02-03,5905.49,5717.14
POL000725,PN-00000725,CUST004043,AGT00032,PROD0042,active,2025-04-02,2026-04-02,3433.52,3121.28
POL000726,PN-00000726,CUST004695,AGT00404,PROD0005,issued,2025-06-01,2026-06-01,10545.34,10533.96
POL000727,PN-00000727,CUST004836,AGT00171,PROD0022,active,2024-03-27,2025-03-27,675.76,641.3
POL000728,PN-00000728,CUST000935,AGT00431,PROD0013,active,2024-06-07,2025-06-07,10372.13,9840.73
POL000729,PN-00000729,CUST000633,AGT00498,PROD0030,active,2023-01-18,2024-01-18,11677.17,11076.55
POL000730,PN-00000730,CUST001731,AGT00015,PROD0027,active,2023-07-19,2024-07-18,12218.03,12070.34
POL000731,PN-00000731,CUST000120,AGT00147,PROD0024,renewed,2025-11-25,2026-11-25,2204.98,2016.21
POL000732,PN-00000732,CUST000791,AGT00201,PROD0012,active,2024-07-07,2025-07-07,6896.86,6294.75
POL000733,PN-00000733,CUST003536,AGT00287,PROD0018,cancelled,2025-09-06,2026-09-06,3884.37,3837.4
POL000734,PN-00000734,CUST002632,AGT00032,PROD0050,active,2025-05-19,2026-05-19,14191.87,13589.47
POL000735,PN-00000735,CUST004964,AGT00013,PROD0022,renewed,2024-03-24,2025-03-24,5953.47,5729.78
POL000736,PN-00000736,CUST000981,AGT00067,PROD0002,quoted,2025-07-11,2026-07-11,14803.19,14242.74
POL000737,PN-00000737,CUST003906,AGT00281,PROD0043,active,2026-05-24,2027-05-24,633.6,590.12
POL000738,PN-00000738,CUST002629,AGT00006,PROD0035,expired,2023-07-22,2024-07-21,8655.04,8256.57
POL000739,PN-00000739,CUST002155,AGT00143,PROD0021,renewed,2025-06-10,2026-06-10,5101.64,5101.08
POL000740,PN-00000740,CUST004413,AGT00400,PROD0006,active,2025-07-04,2026-07-04,4174.04,3770.67
POL000741,PN-00000741,CUST002578,AGT00134,PROD0004,issued,2026-07-26,2027-07-26,5614.98,5600.24
POL000742,PN-00000742,CUST003031,AGT00473,PROD0045,active,2024-10-29,2025-10-29,6471.46,5830.54
POL000743,PN-00000743,CUST001428,AGT00025,PROD0008,cancelled,2025-03-17,2026-03-17,9796.03,9405.58
POL000744,PN-00000744,CUST004889,AGT00348,PROD0016,quoted,2023-03-14,2024-03-13,13893.91,12603.94
POL000745,PN-00000745,CUST002110,AGT00443,PROD0041,quoted,2023-06-10,2024-06-09,4757.36,4447.71
POL000746,PN-00000746,CUST004415,AGT00027,PROD0025,issued,2026-07-14,2027-07-14,7337.7,7222.43
POL000747,PN-00000747,CUST002227,AGT00489,PROD0028,active,2025-01-05,2026-01-05,4847.14,4365.12
POL000748,PN-00000748,CUST000402,AGT00007,PROD0003,active,2024-08-24,2025-08-24,849.93,825.55
POL000749,PN-00000749,CUST002088,AGT00435,PROD0023,expired,2024-05-30,2025-05-30,9462.07,9015.86
POL000750,PN-00000750,CUST001729,AGT00152,PROD0047,cancelled,2026-01-01,2027-01-01,12203.01,11190.64
POL000751,PN-00000751,CUST003329,AGT00010,PROD0019,active,2026-02-03,2027-02-03,8840.14,8716.09
POL000752,PN-00000752,CUST003247,AGT00218,PROD0009,quoted,2024-10-09,2025-10-09,6819.2,6193.99
POL000753,PN-00000753,CUST001577,AGT00272,PROD0003,issued,2025-08-21,2026-08-21,9155.84,8321.9
POL000754,PN-00000754,CUST004155,AGT00058,PROD0011,expired,2023-08-07,2024-08-06,11951.51,11178.13
POL000755,PN-00000755,CUST003055,AGT00031,PROD0036,cancelled,2023-08-29,2024-08-28,5711.59,5484.08
POL000756,PN-00000756,CUST002526,AGT00124,PROD0007,renewed,2024-11-23,2025-11-23,14119.22,13932.87
POL000757,PN-00000757,CUST000579,AGT00398,PROD0032,expired,2024-06-09,2025-06-09,1346.0,1303.43
POL000758,PN-00000758,CUST003941,AGT00487,PROD0031,issued,2025-03-04,2026-03-04,13207.99,12713.8
POL000759,PN-00000759,CUST001874,AGT00398,PROD0011,renewed,2024-05-21,2025-05-21,2088.1,1963.23
POL000760,PN-00000760,CUST000475,AGT00084,PROD0024,issued,2024-09-21,2025-09-21,14462.11,13613.61
POL000761,PN-00000761,CUST002081,AGT00472,PROD0019,expired,2024-07-23,2025-07-23,5881.95,5460.13
POL000762,PN-00000762,CUST004138,AGT00311,PROD0049,active,2024-01-04,2025-01-03,3994.04,3628.18
POL000763,PN-00000763,CUST004443,AGT00117,PROD0012,issued,2025-11-07,2026-11-07,13452.56,13273.39
POL000764,PN-00000764,CUST001984,AGT00443,PROD0029,active,2026-07-19,2027-07-19,2166.83,2116.43
POL000765,PN-00000765,CUST004880,AGT00419,PROD0046,renewed,2023-11-18,2024-11-17,11782.76,11486.03
POL000766,PN-00000766,CUST002660,AGT00295,PROD0006,active,2024-06-29,2025-06-29,13757.09,13717.76
POL000767,PN-00000767,CUST004713,AGT00157,PROD0002,active,2023-01-11,2024-01-11,8744.16,8205.95
POL000768,PN-00000768,CUST004460,AGT00131,PROD0026,active,2024-04-25,2025-04-25,13264.95,12793.2
POL000769,PN-00000769,CUST002370,AGT00287,PROD0048,quoted,2025-10-27,2026-10-27,7566.67,7297.31
POL000770,PN-00000770,CUST003905,AGT00385,PROD0016,renewed,2025-09-06,2026-09-06,6140.27,5782.94
POL000771,PN-00000771,CUST002087,AGT00438,PROD0037,renewed,2025-08-20,2026-08-20,13900.93,13249.16
POL000772,PN-00000772,CUST002635,AGT00128,PROD0018,issued,2023-10-31,2024-10-30,5453.98,5374.9
POL000773,PN-00000773,CUST003724,AGT00063,PROD0028,renewed,2023-09-17,2024-09-16,12746.2,11862.39
POL000774,PN-00000774,CUST003566,AGT00414,PROD0030,expired,2025-06-04,2026-06-04,6549.01,6387.61
POL000775,PN-00000775,CUST000669,AGT00302,PROD0008,cancelled,2026-05-16,2027-05-16,3088.98,2830.64
POL000776,PN-00000776,CUST002074,AGT00065,PROD0022,active,2026-03-27,2027-03-27,9969.97,9085.86
POL000777,PN-00000777,CUST003566,AGT00443,PROD0038,quoted,2025-10-13,2026-10-13,12728.29,12131.27
POL000778,PN-00000778,CUST002909,AGT00216,PROD0049,issued,2025-07-05,2026-07-05,4982.82,4497.57
POL000779,PN-00000779,CUST003071,AGT00434,PROD0042,active,2025-06-12,2026-06-12,11084.79,10859.22
POL000780,PN-00000780,CUST004844,AGT00334,PROD0043,active,2025-05-01,2026-05-01,7428.57,7321.39
POL000781,PN-00000781,CUST003649,AGT00245,PROD0031,cancelled,2023-08-16,2024-08-15,4293.87,4210.12
POL000782,PN-00000782,CUST003835,AGT00484,PROD0004,quoted,2023-10-04,2024-10-03,14548.17,14107.67
POL000783,PN-00000783,CUST002949,AGT00189,PROD0019,quoted,2024-06-08,2025-06-08,9380.22,9042.44
POL000784,PN-00000784,CUST004410,AGT00165,PROD0030,expired,2024-10-25,2025-10-25,2243.13,2241.64
POL000785,PN-00000785,CUST001774,AGT00252,PROD0017,lapsed,2024-07-01,2025-07-01,14026.75,13001.52
POL000786,PN-00000786,CUST002758,AGT00376,PROD0022,expired,2026-09-02,2027-09-02,7258.97,6685.89
POL000787,PN-00000787,CUST002772,AGT00354,PROD0018,cancelled,2024-01-12,2025-01-11,347.39,313.57
POL000788,PN-00000788,CUST004631,AGT00461,PROD0022,renewed,2024-03-17,2025-03-17,11771.1,10782.97
POL000789,PN-00000789,CUST003852,AGT00067,PROD0034,active,2026-07-04,2027-07-04,10689.59,10128.18
POL000790,PN-00000790,CUST004685,AGT00168,PROD0044,renewed,2025-11-05,2026-11-05,13246.78,12001.84
POL000791,PN-00000791,CUST004550,AGT00298,PROD0018,expired,2023-11-19,2024-11-18,11110.1,10906.68
POL000792,PN-00000792,CUST000188,AGT00121,PROD0027,lapsed,2025-05-17,2026-05-17,12221.06,11036.98
POL000793,PN-00000793,CUST001536,AGT00399,PROD0030,active,2025-06-10,2026-06-10,10315.75,9556.72
POL000794,PN-00000794,CUST001413,AGT00329,PROD0050,active,2026-05-13,2027-05-13,14447.51,13286.72
POL000795,PN-00000795,CUST002953,AGT00024,PROD0004,expired,2025-09-14,2026-09-14,9166.41,8984.89
POL000796,PN-00000796,CUST003542,AGT00182,PROD0015,renewed,2025-09-06,2026-09-06,7587.24,7345.03
POL000797,PN-00000797,CUST002098,AGT00072,PROD0018,active,2025-10-02,2026-10-02,1860.71,1779.63
POL000798,PN-00000798,CUST000530,AGT00301,PROD0008,expired,2025-03-08,2026-03-08,3137.76,3006.58
POL000799,PN-00000799,CUST000178,AGT00438,PROD0044,cancelled,2025-08-22,2026-08-22,12101.41,11626.29
POL000800,PN-00000800,CUST002821,AGT00019,PROD0007,cancelled,2025-03-06,2026-03-06,9214.64,8686.73
POL000801,PN-00000801,CUST003903,AGT00272,PROD0004,active,2025-09-10,2026-09-10,9485.77,8734.65
POL000802,PN-00000802,CUST003918,AGT00343,PROD0003,active,2023-02-13,2024-02-13,8001.12,7373.64
POL000803,PN-00000803,CUST002523,AGT00423,PROD0048,active,2026-04-01,2027-04-01,570.23,567.2
POL000804,PN-00000804,CUST003935,AGT00154,PROD0015,expired,2023-12-31,2024-12-30,12518.67,11985.65
POL000805,PN-00000805,CUST001439,AGT00389,PROD0050,issued,2024-07-24,2025-07-24,9465.71,9041.84
POL000806,PN-00000806,CUST000740,AGT00357,PROD0025,issued,2026-03-28,2027-03-28,9689.01,8834.42
POL000807,PN-00000807,CUST001430,AGT00294,PROD0020,quoted,2025-05-11,2026-05-11,13546.34,12526.68
POL000808,PN-00000808,CUST000877,AGT00278,PROD0010,issued,2026-02-07,2027-02-07,7093.57,6570.89
POL000809,PN-00000809,CUST002927,AGT00303,PROD0023,active,2023-07-16,2024-07-15,14666.09,13239.8
POL000810,PN-00000810,CUST001545,AGT00424,PROD0015,quoted,2026-02-26,2027-02-26,12259.94,12251.09
POL000811,PN-00000811,CUST004938,AGT00488,PROD0025,active,2025-06-04,2026-06-04,10295.65,9424.83
POL000812,PN-00000812,CUST004702,AGT00486,PROD0019,active,2024-01-22,2025-01-21,8497.08,8260.02
POL000813,PN-00000813,CUST002927,AGT00451,PROD0044,lapsed,2024-08-10,2025-08-10,13333.24,12667.79
POL000814,PN-00000814,CUST003154,AGT00125,PROD0031,lapsed,2025-09-08,2026-09-08,3847.42,3705.03
POL000815,PN-00000815,CUST002659,AGT00028,PROD0048,active,2024-05-13,2025-05-13,443.01,437.44
POL000816,PN-00000816,CUST003891,AGT00405,PROD0009,active,2023-06-12,2024-06-11,14933.02,14655.3
POL000817,PN-00000817,CUST003286,AGT00082,PROD0023,cancelled,2023-04-06,2024-04-05,14247.21,13324.7
POL000818,PN-00000818,CUST001294,AGT00218,PROD0029,active,2026-06-18,2027-06-18,9212.97,9085.75
POL000819,PN-00000819,CUST002501,AGT00346,PROD0050,renewed,2025-11-12,2026-11-12,3917.39,3581.9
POL000820,PN-00000820,CUST004575,AGT00368,PROD0030,active,2025-09-25,2026-09-25,8961.0,8722.46
POL000821,PN-00000821,CUST004314,AGT00292,PROD0018,active,2026-05-02,2027-05-02,1465.1,1443.86
POL000822,PN-00000822,CUST003574,AGT00227,PROD0011,active,2025-11-03,2026-11-03,7467.62,7092.64
POL000823,PN-00000823,CUST004411,AGT00197,PROD0040,quoted,2023-06-20,2024-06-19,1064.54,1005.26
POL000824,PN-00000824,CUST001355,AGT00306,PROD0025,expired,2026-06-24,2027-06-24,14370.81,13384.25
POL000825,PN-00000825,CUST002308,AGT00052,PROD0048,issued,2024-10-10,2025-10-10,7445.33,7196.45
POL000826,PN-00000826,CUST000412,AGT00073,PROD0002,issued,2024-08-08,2025-08-08,596.76,579.12
POL000827,PN-00000827,CUST000066,AGT00236,PROD0007,active,2026-03-06,2027-03-06,1315.2,1216.47
POL000828,PN-00000828,CUST002036,AGT00234,PROD0004,renewed,2024-01-04,2025-01-03,6508.3,6201.83
POL000829,PN-00000829,CUST000817,AGT00150,PROD0040,cancelled,2025-03-21,2026-03-21,3563.66,3320.56
POL000830,PN-00000830,CUST000647,AGT00299,PROD0014,issued,2025-01-27,2026-01-27,3372.69,3258.6
POL000831,PN-00000831,CUST000249,AGT00452,PROD0008,cancelled,2024-10-24,2025-10-24,7814.01,7341.78
POL000832,PN-00000832,CUST001846,AGT00489,PROD0006,quoted,2024-03-24,2025-03-24,7314.1,7112.16
POL000833,PN-00000833,CUST000538,AGT00341,PROD0045,active,2025-08-02,2026-08-02,4345.91,3951.42
POL000834,PN-00000834,CUST003695,AGT00185,PROD0027,active,2023-02-26,2024-02-26,12088.07,10887.5
POL000835,PN-00000835,CUST000850,AGT00362,PROD0045,active,2025-06-30,2026-06-30,3432.72,3170.48
POL000836,PN-00000836,CUST004879,AGT00247,PROD0041,quoted,2026-09-11,2027-09-11,951.05,865.24
POL000837,PN-00000837,CUST002371,AGT00290,PROD0011,lapsed,2025-04-27,2026-04-27,2600.33,2500.63
POL000838,PN-00000838,CUST001295,AGT00471,PROD0011,quoted,2024-06-18,2025-06-18,528.59,497.72
POL000839,PN-00000839,CUST001710,AGT00269,PROD0025,expired,2024-11-16,2025-11-16,4267.88,4236.53
POL000840,PN-00000840,CUST000435,AGT00088,PROD0042,active,2024-10-03,2025-10-03,12871.04,11905.13
POL000841,PN-00000841,CUST004445,AGT00370,PROD0003,issued,2024-07-20,2025-07-20,12481.46,11313.38
POL000842,PN-00000842,CUST004564,AGT00365,PROD0002,cancelled,2023-03-08,2024-03-07,14365.76,13004.74
POL000843,PN-00000843,CUST002588,AGT00383,PROD0016,cancelled,2023-05-24,2024-05-23,10703.66,10287.55
POL000844,PN-00000844,CUST003330,AGT00030,PROD0010,active,2025-09-13,2026-09-13,6271.65,6145.49
POL000845,PN-00000845,CUST002245,AGT00408,PROD0049,expired,2025-10-09,2026-10-09,14951.34,14079.89
POL000846,PN-00000846,CUST002682,AGT00132,PROD0033,cancelled,2024-11-11,2025-11-11,5827.55,5519.97
POL000847,PN-00000847,CUST000068,AGT00429,PROD0018,expired,2023-12-13,2024-12-12,2938.1,2898.41
POL000848,PN-00000848,CUST000467,AGT00199,PROD0038,lapsed,2024-06-23,2025-06-23,10044.99,9457.39
POL000849,PN-00000849,CUST000899,AGT00400,PROD0047,active,2025-10-04,2026-10-04,5261.39,5198.15
POL000850,PN-00000850,CUST004246,AGT00082,PROD0032,issued,2025-10-18,2026-10-18,1907.74,1774.22
POL000851,PN-00000851,CUST004572,AGT00424,PROD0007,lapsed,2025-02-22,2026-02-22,1116.09,1006.83
POL000852,PN-00000852,CUST000620,AGT00291,PROD0032,renewed,2024-11-07,2025-11-07,5505.58,4978.17
POL000853,PN-00000853,CUST001396,AGT00206,PROD0032,cancelled,2026-01-28,2027-01-28,5906.82,5840.42
POL000854,PN-00000854,CUST002152,AGT00139,PROD0047,active,2024-08-16,2025-08-16,1643.71,1628.28
POL000855,PN-00000855,CUST002286,AGT00383,PROD0009,active,2026-07-02,2027-07-02,14601.95,14259.9
POL000856,PN-00000856,CUST003313,AGT00253,PROD0041,quoted,2023-02-08,2024-02-08,8091.51,7848.75
POL000857,PN-00000857,CUST000358,AGT00034,PROD0022,lapsed,2023-09-11,2024-09-10,3641.76,3517.18
POL000858,PN-00000858,CUST001449,AGT00211,PROD0033,renewed,2024-05-31,2025-05-31,13203.16,11939.62
POL000859,PN-00000859,CUST001172,AGT00131,PROD0005,lapsed,2025-04-21,2026-04-21,10966.6,9997.59
POL000860,PN-00000860,CUST001228,AGT00448,PROD0001,lapsed,2025-06-30,2026-06-30,14645.0,13295.6
POL000861,PN-00000861,CUST000087,AGT00023,PROD0028,active,2025-12-31,2026-12-31,1443.79,1331.17
POL000862,PN-00000862,CUST002949,AGT00296,PROD0031,active,2023-11-12,2024-11-11,10173.89,9762.83
POL000863,PN-00000863,CUST003830,AGT00201,PROD0027,cancelled,2023-08-03,2024-08-02,10342.61,9568.54
POL000864,PN-00000864,CUST003761,AGT00402,PROD0006,renewed,2024-10-22,2025-10-22,855.05,806.52
POL000865,PN-00000865,CUST000659,AGT00353,PROD0030,issued,2024-12-13,2025-12-13,11439.26,11107.93
POL000866,PN-00000866,CUST004399,AGT00451,PROD0001,renewed,2023-01-12,2024-01-12,13517.1,12913.69
POL000867,PN-00000867,CUST001467,AGT00260,PROD0019,expired,2025-01-23,2026-01-23,5630.07,5124.85
POL000868,PN-00000868,CUST003506,AGT00472,PROD0031,expired,2025-09-14,2026-09-14,12047.46,11358.19
POL000869,PN-00000869,CUST001076,AGT00353,PROD0006,active,2026-05-22,2027-05-22,10974.08,10483.8
POL000870,PN-00000870,CUST001906,AGT00154,PROD0038,quoted,2023-08-29,2024-08-28,4106.49,4086.24
POL000871,PN-00000871,CUST004849,AGT00408,PROD0010,renewed,2023-08-15,2024-08-14,5626.99,5600.01
POL000872,PN-00000872,CUST002979,AGT00319,PROD0032,expired,2025-12-31,2026-12-31,3564.11,3547.62
POL000873,PN-00000873,CUST003800,AGT00467,PROD0018,issued,2023-04-22,2024-04-21,13461.02,12344.53
POL000874,PN-00000874,CUST000369,AGT00177,PROD0038,active,2026-04-11,2027-04-11,12183.61,11803.57
POL000875,PN-00000875,CUST003204,AGT00303,PROD0048,lapsed,2025-12-28,2026-12-28,14837.76,13397.39
POL000876,PN-00000876,CUST001445,AGT00344,PROD0050,expired,2023-12-05,2024-12-04,5330.96,5223.06
POL000877,PN-00000877,CUST000499,AGT00273,PROD0014,quoted,2025-04-29,2026-04-29,1711.74,1687.72
POL000878,PN-00000878,CUST004422,AGT00020,PROD0010,quoted,2025-01-02,2026-01-02,7516.07,7359.83
POL000879,PN-00000879,CUST003305,AGT00448,PROD0042,expired,2023-12-11,2024-12-10,10849.95,10544.27
POL000880,PN-00000880,CUST003750,AGT00032,PROD0015,cancelled,2025-01-31,2026-01-31,13928.05,13767.88
POL000881,PN-00000881,CUST000866,AGT00163,PROD0008,expired,2025-03-12,2026-03-12,6740.24,6573.94
POL000882,PN-00000882,CUST003569,AGT00362,PROD0027,expired,2023-11-07,2024-11-06,14743.68,14560.8
POL000883,PN-00000883,CUST002845,AGT00278,PROD0026,quoted,2024-01-30,2025-01-29,5970.68,5452.87
POL000884,PN-00000884,CUST002948,AGT00125,PROD0025,active,2025-11-17,2026-11-17,7476.2,7333.69
POL000885,PN-00000885,CUST001214,AGT00092,PROD0021,lapsed,2024-07-19,2025-07-19,5585.93,5582.67
POL000886,PN-00000886,CUST000161,AGT00199,PROD0040,renewed,2024-07-03,2025-07-03,569.62,544.51
POL000887,PN-00000887,CUST003794,AGT00420,PROD0014,renewed,2026-08-23,2027-08-23,12972.77,12857.78
POL000888,PN-00000888,CUST004390,AGT00469,PROD0013,issued,2026-07-26,2027-07-26,13365.04,13037.15
POL000889,PN-00000889,CUST000417,AGT00328,PROD0001,lapsed,2025-06-14,2026-06-14,6025.8,5599.7
POL000890,PN-00000890,CUST002353,AGT00492,PROD0016,quoted,2026-02-28,2027-02-28,3702.15,3611.99
POL000891,PN-00000891,CUST002267,AGT00221,PROD0004,cancelled,2024-04-06,2025-04-06,10612.97,10439.49
POL000892,PN-00000892,CUST003393,AGT00001,PROD0046,renewed,2025-12-28,2026-12-28,9255.54,9151.49
POL000893,PN-00000893,CUST003145,AGT00142,PROD0037,quoted,2024-05-16,2025-05-16,7213.57,6697.53
POL000894,PN-00000894,CUST003830,AGT00453,PROD0040,cancelled,2023-04-15,2024-04-14,9641.15,9397.78
POL000895,PN-00000895,CUST001988,AGT00030,PROD0017,renewed,2025-08-20,2026-08-20,516.92,499.08
POL000896,PN-00000896,CUST004727,AGT00013,PROD0011,cancelled,2025-07-21,2026-07-21,6554.16,5973.19
POL000897,PN-00000897,CUST001541,AGT00003,PROD0044,quoted,2023-04-08,2024-04-07,5013.43,4961.84
POL000898,PN-00000898,CUST000969,AGT00459,PROD0040,cancelled,2026-01-22,2027-01-22,13935.87,13818.19
POL000899,PN-00000899,CUST002691,AGT00153,PROD0031,lapsed,2024-03-05,2025-03-05,13572.68,13267.02
POL000900,PN-00000900,CUST004440,AGT00145,PROD0012,expired,2025-09-19,2026-09-19,4819.62,4414.73
POL000901,PN-00000901,CUST001349,AGT00257,PROD0021,cancelled,2023-01-06,2024-01-06,6832.86,6364.63
POL000902,PN-00000902,CUST001506,AGT00007,PROD0024,cancelled,2023-10-14,2024-10-13,14442.23,13103.39
POL000903,PN-00000903,CUST003030,AGT00460,PROD0004,active,2023-08-28,2024-08-27,3071.4,2841.93
POL000904,PN-00000904,CUST000661,AGT00048,PROD0029,cancelled,2026-02-06,2027-02-06,7799.13,7029.71
POL000905,PN-00000905,CUST002961,AGT00063,PROD0014,issued,2026-06-28,2027-06-28,11268.76,11130.43
POL000906,PN-00000906,CUST002190,AGT00045,PROD0033,issued,2023-02-20,2024-02-20,5575.19,5475.79
POL000907,PN-00000907,CUST000835,AGT00066,PROD0002,quoted,2023-01-07,2024-01-07,7541.42,7524.48
POL000908,PN-00000908,CUST003062,AGT00035,PROD0022,active,2025-05-26,2026-05-26,8833.02,8140.75
POL000909,PN-00000909,CUST001262,AGT00243,PROD0027,expired,2026-07-03,2027-07-03,2437.37,2330.55
POL000910,PN-00000910,CUST004784,AGT00136,PROD0029,active,2024-04-08,2025-04-08,7810.65,7062.42
POL000911,PN-00000911,CUST001236,AGT00346,PROD0024,quoted,2023-12-31,2024-12-30,12806.33,12006.54
POL000912,PN-00000912,CUST000420,AGT00188,PROD0027,quoted,2024-02-11,2025-02-10,6348.57,5992.38
POL000913,PN-00000913,CUST001219,AGT00155,PROD0008,active,2024-02-21,2025-02-20,7314.57,7033.43
POL000914,PN-00000914,CUST001122,AGT00331,PROD0021,issued,2026-01-01,2027-01-01,14830.43,14189.0
POL000915,PN-00000915,CUST003525,AGT00200,PROD0038,expired,2024-08-11,2025-08-11,13083.62,12164.47
POL000916,PN-00000916,CUST003503,AGT00180,PROD0044,active,2024-02-04,2025-02-03,1535.36,1520.18
POL000917,PN-00000917,CUST002582,AGT00355,PROD0039,expired,2024-07-27,2025-07-27,5780.64,5521.62
POL000918,PN-00000918,CUST000962,AGT00189,PROD0003,issued,2026-01-17,2027-01-17,8879.79,8805.33
POL000919,PN-00000919,CUST003126,AGT00360,PROD0015,issued,2026-08-30,2027-08-30,13957.58,13307.31
POL000920,PN-00000920,CUST004511,AGT00297,PROD0031,active,2025-04-21,2026-04-21,11781.52,11752.93
POL000921,PN-00000921,CUST000380,AGT00066,PROD0013,active,2023-01-17,2024-01-17,4433.51,4096.86
POL000922,PN-00000922,CUST001819,AGT00355,PROD0034,active,2025-12-11,2026-12-11,9580.92,8722.13
POL000923,PN-00000923,CUST004670,AGT00198,PROD0001,active,2023-10-25,2024-10-24,5068.62,4812.99
POL000924,PN-00000924,CUST002118,AGT00003,PROD0002,lapsed,2024-09-27,2025-09-27,3903.84,3871.4
POL000925,PN-00000925,CUST003110,AGT00220,PROD0033,renewed,2024-09-12,2025-09-12,7169.34,6920.07
POL000926,PN-00000926,CUST003185,AGT00022,PROD0048,renewed,2023-11-25,2024-11-24,7122.4,6932.72
POL000927,PN-00000927,CUST004965,AGT00215,PROD0028,quoted,2024-02-19,2025-02-18,6375.9,5965.88
POL000928,PN-00000928,CUST003978,AGT00100,PROD0034,lapsed,2023-04-29,2024-04-28,12694.09,12663.75
POL000929,PN-00000929,CUST001207,AGT00104,PROD0013,quoted,2023-03-30,2024-03-29,8594.33,7815.14
POL000930,PN-00000930,CUST004758,AGT00278,PROD0011,quoted,2024-08-26,2025-08-26,7122.88,6859.98
POL000931,PN-00000931,CUST003824,AGT00186,PROD0007,expired,2025-12-08,2026-12-08,10478.23,9575.64
POL000932,PN-00000932,CUST000027,AGT00289,PROD0033,expired,2026-09-14,2027-09-14,9492.36,9340.0
POL000933,PN-00000933,CUST003308,AGT00236,PROD0034,issued,2023-12-23,2024-12-22,7730.65,7637.39
POL000934,PN-00000934,CUST004461,AGT00486,PROD0037,expired,2025-03-04,2026-03-04,465.72,455.24
POL000935,PN-00000935,CUST003269,AGT00438,PROD0033,active,2025-12-08,2026-12-08,1230.45,1167.25
POL000936,PN-00000936,CUST000385,AGT00160,PROD0047,lapsed,2023-12-01,2024-11-30,5731.43,5543.43
POL000937,PN-00000937,CUST003092,AGT00166,PROD0033,issued,2023-02-17,2024-02-17,6507.66,6297.86
POL000938,PN-00000938,CUST004889,AGT00069,PROD0011,renewed,2026-07-16,2027-07-16,4496.63,4493.66
POL000939,PN-00000939,CUST003628,AGT00005,PROD0014,quoted,2023-09-10,2024-09-09,906.93,864.41
POL000940,PN-00000940,CUST002166,AGT00287,PROD0047,cancelled,2023-01-09,2024-01-09,9381.68,9273.82
POL000941,PN-00000941,CUST002118,AGT00132,PROD0034,quoted,2025-07-22,2026-07-22,8399.41,8352.48
POL000942,PN-00000942,CUST002226,AGT00460,PROD0035,expired,2024-05-20,2025-05-20,3128.24,3096.98
POL000943,PN-00000943,CUST002608,AGT00277,PROD0025,active,2025-07-26,2026-07-26,13765.0,12921.05
POL000944,PN-00000944,CUST001498,AGT00052,PROD0014,lapsed,2023-05-24,2024-05-23,10148.5,9831.61
POL000945,PN-00000945,CUST003460,AGT00361,PROD0028,cancelled,2025-04-29,2026-04-29,4675.37,4638.86
POL000946,PN-00000946,CUST004964,AGT00453,PROD0037,active,2025-09-02,2026-09-02,9640.59,8891.1
POL000947,PN-00000947,CUST000200,AGT00272,PROD0032,active,2026-02-12,2027-02-12,426.63,402.96
POL000948,PN-00000948,CUST001418,AGT00473,PROD0042,active,2024-11-15,2025-11-15,10678.77,10079.49
POL000949,PN-00000949,CUST001039,AGT00215,PROD0048,quoted,2025-12-13,2026-12-13,8054.29,7480.29
POL000950,PN-00000950,CUST000658,AGT00171,PROD0021,issued,2025-09-23,2026-09-23,8245.53,7614.69
POL000951,PN-00000951,CUST003602,AGT00103,PROD0046,active,2023-06-09,2024-06-08,4470.47,4458.43
POL000952,PN-00000952,CUST000979,AGT00431,PROD0031,active,2024-11-23,2025-11-23,5999.15,5561.27
POL000953,PN-00000953,CUST004868,AGT00309,PROD0018,issued,2024-05-31,2025-05-31,3919.9,3722.64
POL000954,PN-00000954,CUST004462,AGT00082,PROD0029,quoted,2024-04-07,2025-04-07,10919.45,10211.71
POL000955,PN-00000955,CUST003913,AGT00210,PROD0028,active,2023-10-04,2024-10-03,770.78,757.28
POL000956,PN-00000956,CUST003609,AGT00267,PROD0018,quoted,2025-04-01,2026-04-01,4020.08,3925.2
POL000957,PN-00000957,CUST002721,AGT00227,PROD0029,expired,2024-08-25,2025-08-25,6272.35,5732.25
POL000958,PN-00000958,CUST004915,AGT00315,PROD0045,cancelled,2025-09-21,2026-09-21,7811.67,7688.64
POL000959,PN-00000959,CUST002810,AGT00324,PROD0009,active,2024-10-09,2025-10-09,13573.49,12419.32
POL000960,PN-00000960,CUST002737,AGT00288,PROD0028,active,2025-04-03,2026-04-03,6979.93,6681.58
POL000961,PN-00000961,CUST000450,AGT00238,PROD0011,expired,2023-10-05,2024-10-04,14745.34,13967.05
POL000962,PN-00000962,CUST002223,AGT00023,PROD0028,active,2023-02-18,2024-02-18,1753.73,1596.63
POL000963,PN-00000963,CUST004234,AGT00084,PROD0029,lapsed,2024-04-22,2025-04-22,8489.34,8086.62
POL000964,PN-00000964,CUST001939,AGT00316,PROD0009,lapsed,2024-02-20,2025-02-19,12564.45,11798.37
POL000965,PN-00000965,CUST001271,AGT00184,PROD0042,lapsed,2024-06-01,2025-06-01,6521.12,6351.34
POL000966,PN-00000966,CUST001530,AGT00289,PROD0027,quoted,2025-06-01,2026-06-01,14749.46,13608.82
POL000967,PN-00000967,CUST003289,AGT00191,PROD0032,quoted,2024-07-04,2025-07-04,9728.95,9300.45
POL000968,PN-00000968,CUST002558,AGT00103,PROD0032,active,2026-08-27,2027-08-27,13913.01,13679.87
POL000969,PN-00000969,CUST004749,AGT00083,PROD0027,cancelled,2023-10-26,2024-10-25,7371.29,6637.16
POL000970,PN-00000970,CUST003267,AGT00017,PROD0004,expired,2023-06-08,2024-06-07,2485.1,2339.12
POL000971,PN-00000971,CUST002338,AGT00438,PROD0025,expired,2026-07-27,2027-07-27,12470.96,11317.98
POL000972,PN-00000972,CUST004956,AGT00401,PROD0003,issued,2026-03-06,2027-03-06,13634.0,12279.26
POL000973,PN-00000973,CUST004894,AGT00055,PROD0028,cancelled,2025-03-14,2026-03-14,5527.58,5145.57
POL000974,PN-00000974,CUST002548,AGT00479,PROD0047,issued,2024-05-24,2025-05-24,869.54,823.85
POL000975,PN-00000975,CUST004252,AGT00446,PROD0018,renewed,2025-03-30,2026-03-30,2215.31,2154.87
POL000976,PN-00000976,CUST001281,AGT00412,PROD0001,active,2026-08-17,2027-08-17,4927.43,4602.16
POL000977,PN-00000977,CUST004505,AGT00293,PROD0033,active,2025-07-26,2026-07-26,10391.82,9411.35
POL000978,PN-00000978,CUST001625,AGT00081,PROD0007,cancelled,2025-04-23,2026-04-23,14880.26,14613.84
POL000979,PN-00000979,CUST003276,AGT00292,PROD0007,quoted,2023-04-04,2024-04-03,11317.41,10895.49
POL000980,PN-00000980,CUST003310,AGT00385,PROD0005,issued,2023-08-30,2024-08-29,12262.34,11297.78
POL000981,PN-00000981,CUST002072,AGT00001,PROD0041,quoted,2023-10-28,2024-10-27,5556.71,5227.28
POL000982,PN-00000982,CUST001443,AGT00076,PROD0030,active,2025-05-11,2026-05-11,13649.89,12619.6
POL000983,PN-00000983,CUST004713,AGT00331,PROD0020,expired,2025-04-27,2026-04-27,5274.94,5102.82
POL000984,PN-00000984,CUST002918,AGT00032,PROD0021,renewed,2024-01-30,2025-01-29,4481.38,4334.35
POL000985,PN-00000985,CUST002158,AGT00041,PROD0006,lapsed,2025-04-22,2026-04-22,518.65,486.18
POL000986,PN-00000986,CUST004695,AGT00450,PROD0023,lapsed,2024-01-29,2025-01-28,10840.62,10339.22
POL000987,PN-00000987,CUST004084,AGT00176,PROD0023,lapsed,2026-05-12,2027-05-12,9697.94,9206.78
POL000988,PN-00000988,CUST002593,AGT00289,PROD0048,issued,2024-01-19,2025-01-18,1172.22,1133.9
POL000989,PN-00000989,CUST002648,AGT00084,PROD0034,quoted,2023-12-04,2024-12-03,11511.69,11288.16
POL000990,PN-00000990,CUST000811,AGT00205,PROD0018,active,2024-04-18,2025-04-18,600.92,578.52
POL000991,PN-00000991,CUST001097,AGT00309,PROD0032,active,2025-07-26,2026-07-26,10662.14,10281.89
POL000992,PN-00000992,CUST002354,AGT00117,PROD0015,active,2023-10-25,2024-10-24,9019.21,8428.5
POL000993,PN-00000993,CUST003741,AGT00269,PROD0028,active,2025-10-18,2026-10-18,10490.46,10362.64
POL000994,PN-00000994,CUST000441,AGT00152,PROD0031,expired,2025-07-19,2026-07-19,2203.34,2141.51
POL000995,PN-00000995,CUST003939,AGT00077,PROD0048,active,2025-11-10,2026-11-10,3403.01,3097.68
POL000996,PN-00000996,CUST000084,AGT00210,PROD0029,issued,2026-07-09,2027-07-09,13498.98,12178.49
POL000997,PN-00000997,CUST004887,AGT00294,PROD0029,active,2026-02-18,2027-02-18,4586.16,4408.95
POL000998,PN-00000998,CUST001353,AGT00297,PROD0037,active,2024-05-22,2025-05-22,1270.61,1160.21
POL000999,PN-00000999,CUST001055,AGT00258,PROD0009,cancelled,2025-05-17,2026-05-17,5525.79,5503.91
POL001000,PN-00001000,CUST003849,AGT00497,PROD0050,active,2023-04-14,2024-04-13,14522.42,13482.88
POL001001,PN-00001001,CUST004851,AGT00037,PROD0001,renewed,2024-12-02,2025-12-02,9755.84,9330.25
POL001002,PN-00001002,CUST004653,AGT00046,PROD0024,active,2025-12-18,2026-12-18,11227.68,10401.88
POL001003,PN-00001003,CUST002874,AGT00457,PROD0025,active,2024-12-18,2025-12-18,14430.5,14421.7
POL001004,PN-00001004,CUST001827,AGT00147,PROD0014,renewed,2024-06-27,2025-06-27,4345.92,4211.97
POL001005,PN-00001005,CUST004212,AGT00396,PROD0002,active,2025-04-28,2026-04-28,12843.79,11650.75
POL001006,PN-00001006,CUST001961,AGT00303,PROD0022,active,2026-06-03,2027-06-03,9832.48,9166.5
POL001007,PN-00001007,CUST003685,AGT00277,PROD0048,cancelled,2026-09-05,2027-09-05,13770.79,13246.64
POL001008,PN-00001008,CUST003872,AGT00108,PROD0045,active,2023-09-10,2024-09-09,2593.89,2353.52
POL001009,PN-00001009,CUST000826,AGT00407,PROD0005,active,2024-01-09,2025-01-08,6083.71,5532.93
POL001010,PN-00001010,CUST004186,AGT00041,PROD0021,renewed,2024-06-08,2025-06-08,4159.86,4149.33
POL001011,PN-00001011,CUST004139,AGT00299,PROD0014,renewed,2025-08-09,2026-08-09,9644.01,8729.61
POL001012,PN-00001012,CUST000478,AGT00190,PROD0002,cancelled,2025-06-28,2026-06-28,669.53,665.98
POL001013,PN-00001013,CUST000164,AGT00327,PROD0026,active,2023-09-24,2024-09-23,5957.0,5471.8
POL001014,PN-00001014,CUST003316,AGT00092,PROD0017,active,2026-09-07,2027-09-07,13140.79,11997.54
POL001015,PN-00001015,CUST002742,AGT00232,PROD0010,renewed,2023-01-07,2024-01-07,14379.39,13813.37
POL001016,PN-00001016,CUST000431,AGT00131,PROD0048,lapsed,2025-10-02,2026-10-02,889.37,855.71
POL001017,PN-00001017,CUST001980,AGT00226,PROD0039,cancelled,2025-11-25,2026-11-25,7631.74,6993.03
POL001018,PN-00001018,CUST001564,AGT00318,PROD0038,active,2026-06-27,2027-06-27,6689.47,6280.61
POL001019,PN-00001019,CUST000892,AGT00416,PROD0034,active,2024-09-07,2025-09-07,5620.64,5119.07
POL001020,PN-00001020,CUST004803,AGT00280,PROD0044,cancelled,2024-04-04,2025-04-04,14732.47,13925.68
POL001021,PN-00001021,CUST004659,AGT00079,PROD0034,active,2023-12-06,2024-12-05,6176.63,6017.5
POL001022,PN-00001022,CUST000147,AGT00052,PROD0027,cancelled,2024-12-21,2025-12-21,1838.5,1685.16
POL001023,PN-00001023,CUST002328,AGT00229,PROD0035,cancelled,2025-10-08,2026-10-08,14378.8,13865.16
POL001024,PN-00001024,CUST001835,AGT00099,PROD0014,renewed,2023-05-25,2024-05-24,14647.48,14023.69
POL001025,PN-00001025,CUST001866,AGT00037,PROD0043,renewed,2024-03-12,2025-03-12,9724.85,9072.77
POL001026,PN-00001026,CUST003137,AGT00451,PROD0005,issued,2026-06-16,2027-06-16,12528.14,12351.96
POL001027,PN-00001027,CUST003109,AGT00185,PROD0041,quoted,2023-04-14,2024-04-13,2394.72,2347.25
POL001028,PN-00001028,CUST000356,AGT00088,PROD0032,cancelled,2025-12-18,2026-12-18,6535.01,6461.69
POL001029,PN-00001029,CUST004275,AGT00344,PROD0049,quoted,2025-08-08,2026-08-08,1129.1,1055.83
POL001030,PN-00001030,CUST001026,AGT00483,PROD0021,quoted,2024-04-10,2025-04-10,7837.22,7738.93
POL001031,PN-00001031,CUST003456,AGT00099,PROD0007,cancelled,2026-06-11,2027-06-11,10592.6,10487.03
POL001032,PN-00001032,CUST004063,AGT00428,PROD0025,lapsed,2026-05-09,2027-05-09,3360.45,3181.56
POL001033,PN-00001033,CUST004715,AGT00465,PROD0044,renewed,2023-12-10,2024-12-09,10721.09,9956.66
POL001034,PN-00001034,CUST003153,AGT00397,PROD0012,lapsed,2024-01-02,2025-01-01,6109.77,5912.01
POL001035,PN-00001035,CUST003898,AGT00163,PROD0013,cancelled,2023-07-01,2024-06-30,1427.65,1308.23
POL001036,PN-00001036,CUST002132,AGT00389,PROD0014,quoted,2026-01-08,2027-01-08,7532.39,7113.95
POL001037,PN-00001037,CUST003655,AGT00309,PROD0013,active,2023-07-18,2024-07-17,4864.07,4499.8
POL001038,PN-00001038,CUST004987,AGT00138,PROD0008,expired,2026-04-30,2027-04-30,10685.27,10321.71
POL001039,PN-00001039,CUST002586,AGT00497,PROD0044,expired,2026-03-22,2027-03-22,14576.6,13375.21
POL001040,PN-00001040,CUST002153,AGT00343,PROD0013,active,2026-02-06,2027-02-06,4385.92,4283.69
POL001041,PN-00001041,CUST003660,AGT00482,PROD0043,renewed,2023-06-02,2024-06-01,12703.81,12517.98
POL001042,PN-00001042,CUST001873,AGT00341,PROD0041,quoted,2025-04-27,2026-04-27,8060.75,7776.25
POL001043,PN-00001043,CUST000482,AGT00165,PROD0044,active,2023-08-13,2024-08-12,13466.78,12590.87
POL001044,PN-00001044,CUST000972,AGT00405,PROD0002,lapsed,2024-01-28,2025-01-27,1617.81,1526.33
POL001045,PN-00001045,CUST001070,AGT00010,PROD0031,active,2024-12-28,2025-12-28,8812.07,8175.68
POL001046,PN-00001046,CUST003058,AGT00213,PROD0028,expired,2023-06-08,2024-06-07,9402.84,9147.27
POL001047,PN-00001047,CUST003084,AGT00408,PROD0001,quoted,2023-07-08,2024-07-07,10882.83,10574.17
POL001048,PN-00001048,CUST001922,AGT00140,PROD0001,active,2023-06-16,2024-06-15,314.83,295.69
POL001049,PN-00001049,CUST003048,AGT00176,PROD0030,renewed,2025-02-14,2026-02-14,10507.47,9845.65
POL001050,PN-00001050,CUST003235,AGT00186,PROD0048,active,2025-07-26,2026-07-26,13271.35,12724.5
POL001051,PN-00001051,CUST003905,AGT00246,PROD0020,cancelled,2023-06-21,2024-06-20,11538.36,10387.66
POL001052,PN-00001052,CUST004257,AGT00167,PROD0040,active,2023-02-13,2024-02-13,11946.41,11040.04
POL001053,PN-00001053,CUST000447,AGT00314,PROD0020,active,2025-05-22,2026-05-22,11483.13,10469.49
POL001054,PN-00001054,CUST003976,AGT00326,PROD0002,expired,2025-05-06,2026-05-06,12616.5,12554.39
POL001055,PN-00001055,CUST002740,AGT00113,PROD0030,quoted,2024-03-26,2025-03-26,12594.5,11740.56
POL001056,PN-00001056,CUST002428,AGT00085,PROD0035,renewed,2026-05-06,2027-05-06,301.03,292.28
POL001057,PN-00001057,CUST000576,AGT00326,PROD0027,quoted,2023-11-02,2024-11-01,8808.08,8750.43
POL001058,PN-00001058,CUST003096,AGT00058,PROD0023,quoted,2023-04-26,2024-04-25,7341.34,6924.23
POL001059,PN-00001059,CUST000998,AGT00204,PROD0039,renewed,2023-04-22,2024-04-21,3537.73,3204.36
POL001060,PN-00001060,CUST004721,AGT00031,PROD0018,renewed,2023-08-31,2024-08-30,2058.49,1943.85
POL001061,PN-00001061,CUST003529,AGT00346,PROD0013,active,2023-08-01,2024-07-31,9038.01,8506.94
POL001062,PN-00001062,CUST000265,AGT00291,PROD0040,lapsed,2025-03-04,2026-03-04,10194.56,9645.26
POL001063,PN-00001063,CUST003443,AGT00424,PROD0005,lapsed,2023-11-01,2024-10-31,2498.74,2303.59
POL001064,PN-00001064,CUST004204,AGT00343,PROD0049,active,2025-09-30,2026-09-30,8253.52,8015.94
POL001065,PN-00001065,CUST003706,AGT00435,PROD0037,lapsed,2026-01-09,2027-01-09,7774.08,7115.72
POL001066,PN-00001066,CUST001776,AGT00234,PROD0023,lapsed,2026-06-27,2027-06-27,6228.04,6066.62
POL001067,PN-00001067,CUST004407,AGT00352,PROD0028,active,2023-12-29,2024-12-28,6870.78,6816.22
POL001068,PN-00001068,CUST001536,AGT00481,PROD0045,quoted,2024-04-24,2025-04-24,479.49,458.87
POL001069,PN-00001069,CUST003607,AGT00034,PROD0021,cancelled,2024-06-11,2025-06-11,7475.47,7169.28
POL001070,PN-00001070,CUST002908,AGT00009,PROD0008,active,2024-02-03,2025-02-02,12824.78,12035.6
POL001071,PN-00001071,CUST001241,AGT00373,PROD0043,cancelled,2023-06-29,2024-06-28,1264.85,1186.66
POL001072,PN-00001072,CUST004276,AGT00496,PROD0005,active,2024-07-21,2025-07-21,561.12,555.86
POL001073,PN-00001073,CUST001496,AGT00486,PROD0019,issued,2025-04-10,2026-04-10,4836.21,4662.45
POL001074,PN-00001074,CUST003682,AGT00041,PROD0027,active,2024-10-29,2025-10-29,1122.27,1085.25
POL001075,PN-00001075,CUST001374,AGT00340,PROD0014,expired,2026-09-15,2027-09-15,1855.74,1788.69
POL001076,PN-00001076,CUST003844,AGT00276,PROD0006,issued,2024-04-01,2025-04-01,2036.98,1907.55
POL001077,PN-00001077,CUST004200,AGT00373,PROD0005,quoted,2024-05-09,2025-05-09,5903.75,5328.92
POL001078,PN-00001078,CUST003606,AGT00305,PROD0004,active,2024-09-14,2025-09-14,6653.47,6175.37
POL001079,PN-00001079,CUST002145,AGT00031,PROD0050,lapsed,2024-12-11,2025-12-11,10330.6,9364.6
POL001080,PN-00001080,CUST000805,AGT00310,PROD0049,active,2024-04-01,2025-04-01,9358.54,8885.48
POL001081,PN-00001081,CUST004626,AGT00454,PROD0006,active,2026-07-05,2027-07-05,14662.34,13832.47
POL001082,PN-00001082,CUST004382,AGT00306,PROD0004,expired,2023-02-13,2024-02-13,9467.37,9426.86
POL001083,PN-00001083,CUST000410,AGT00328,PROD0028,active,2025-12-06,2026-12-06,1367.44,1272.85
POL001084,PN-00001084,CUST000662,AGT00220,PROD0041,expired,2025-05-23,2026-05-23,13104.98,11920.31
POL001085,PN-00001085,CUST003907,AGT00389,PROD0030,active,2023-11-08,2024-11-07,12578.32,11525.76
POL001086,PN-00001086,CUST000017,AGT00210,PROD0031,quoted,2023-04-13,2024-04-12,8489.66,7931.28
POL001087,PN-00001087,CUST004251,AGT00381,PROD0023,quoted,2026-02-09,2027-02-09,2557.58,2367.03
POL001088,PN-00001088,CUST003930,AGT00249,PROD0046,cancelled,2026-04-22,2027-04-22,14632.05,14195.52
POL001089,PN-00001089,CUST001448,AGT00146,PROD0001,active,2023-03-10,2024-03-09,3687.95,3349.95
POL001090,PN-00001090,CUST000529,AGT00383,PROD0034,cancelled,2025-04-27,2026-04-27,1657.75,1589.7
POL001091,PN-00001091,CUST004988,AGT00223,PROD0012,active,2023-11-08,2024-11-07,10388.02,10007.47
POL001092,PN-00001092,CUST003836,AGT00215,PROD0017,active,2026-08-14,2027-08-14,14407.58,13816.58
POL001093,PN-00001093,CUST002837,AGT00443,PROD0033,cancelled,2024-03-09,2025-03-09,2962.9,2688.92
POL001094,PN-00001094,CUST004691,AGT00020,PROD0006,expired,2023-01-21,2024-01-21,2303.4,2126.59
POL001095,PN-00001095,CUST002150,AGT00478,PROD0040,renewed,2023-10-02,2024-10-01,14754.67,14635.67
POL001096,PN-00001096,CUST003984,AGT00358,PROD0049,cancelled,2025-08-27,2026-08-27,1106.52,1059.74
POL001097,PN-00001097,CUST001356,AGT00217,PROD0033,cancelled,2023-12-19,2024-12-18,3751.38,3654.37
POL001098,PN-00001098,CUST002163,AGT00102,PROD0045,active,2024-07-23,2025-07-23,4064.2,3694.93
POL001099,PN-00001099,CUST004282,AGT00325,PROD0001,cancelled,2023-08-29,2024-08-28,2074.51,1966.07
POL001100,PN-00001100,CUST004932,AGT00142,PROD0050,cancelled,2023-07-24,2024-07-23,10181.35,10049.09
POL001101,PN-00001101,CUST000841,AGT00108,PROD0040,cancelled,2026-01-22,2027-01-22,11513.29,11493.34
POL001102,PN-00001102,CUST002036,AGT00081,PROD0014,lapsed,2025-08-21,2026-08-21,5615.75,5479.9
POL001103,PN-00001103,CUST004996,AGT00254,PROD0016,active,2023-08-29,2024-08-28,7103.83,6972.99
POL001104,PN-00001104,CUST001226,AGT00349,PROD0046,active,2024-03-27,2025-03-27,2463.95,2279.43
POL001105,PN-00001105,CUST001186,AGT00050,PROD0048,renewed,2024-02-23,2025-02-22,8663.39,8482.85
POL001106,PN-00001106,CUST003543,AGT00167,PROD0028,renewed,2023-12-06,2024-12-05,8410.11,7735.01
POL001107,PN-00001107,CUST001825,AGT00192,PROD0002,active,2023-01-26,2024-01-26,6478.66,6385.81
POL001108,PN-00001108,CUST002669,AGT00395,PROD0021,active,2025-12-07,2026-12-07,951.2,930.46
POL001109,PN-00001109,CUST001399,AGT00314,PROD0019,lapsed,2023-03-27,2024-03-26,7295.08,6681.74
POL001110,PN-00001110,CUST003106,AGT00096,PROD0024,active,2024-12-12,2025-12-12,7967.04,7629.67
POL001111,PN-00001111,CUST003702,AGT00012,PROD0050,active,2025-05-26,2026-05-26,13186.75,12698.89
POL001112,PN-00001112,CUST002959,AGT00445,PROD0033,expired,2025-08-06,2026-08-06,10942.04,9869.14
POL001113,PN-00001113,CUST000496,AGT00189,PROD0023,active,2026-01-07,2027-01-07,2254.79,2123.58
POL001114,PN-00001114,CUST001662,AGT00480,PROD0046,renewed,2023-06-19,2024-06-18,14587.81,13673.56
POL001115,PN-00001115,CUST000165,AGT00033,PROD0006,active,2025-01-27,2026-01-27,3210.11,3093.23
POL001116,PN-00001116,CUST003681,AGT00383,PROD0002,issued,2024-03-16,2025-03-16,12582.51,12367.89
POL001117,PN-00001117,CUST002340,AGT00480,PROD0029,expired,2025-09-03,2026-09-03,13895.64,13688.85
POL001118,PN-00001118,CUST004464,AGT00261,PROD0045,renewed,2025-05-13,2026-05-13,3409.7,3099.33
POL001119,PN-00001119,CUST003602,AGT00303,PROD0038,lapsed,2026-01-05,2027-01-05,7246.33,6544.18
POL001120,PN-00001120,CUST002727,AGT00128,PROD0033,lapsed,2024-01-13,2025-01-12,8232.48,8017.29
POL001121,PN-00001121,CUST000617,AGT00409,PROD0012,active,2023-11-04,2024-11-03,9924.34,9908.91
POL001122,PN-00001122,CUST003198,AGT00411,PROD0022,cancelled,2025-07-16,2026-07-16,10412.61,10251.25
POL001123,PN-00001123,CUST003988,AGT00406,PROD0049,active,2025-03-07,2026-03-07,4266.49,3981.56
POL001124,PN-00001124,CUST001299,AGT00321,PROD0021,active,2025-02-24,2026-02-24,2573.9,2355.94
POL001125,PN-00001125,CUST004438,AGT00494,PROD0043,expired,2024-02-25,2025-02-24,11838.41,11638.48
POL001126,PN-00001126,CUST002203,AGT00410,PROD0009,expired,2026-04-19,2027-04-19,8616.93,7860.38
POL001127,PN-00001127,CUST004242,AGT00030,PROD0029,expired,2023-06-03,2024-06-02,8517.31,7703.37
POL001128,PN-00001128,CUST003544,AGT00292,PROD0038,active,2026-08-28,2027-08-28,3275.55,3059.32
POL001129,PN-00001129,CUST000303,AGT00487,PROD0025,active,2026-09-09,2027-09-09,12778.99,12163.94
POL001130,PN-00001130,CUST001245,AGT00316,PROD0010,lapsed,2023-05-25,2024-05-24,5902.67,5902.63
POL001131,PN-00001131,CUST003095,AGT00008,PROD0020,cancelled,2024-01-15,2025-01-14,7425.73,7203.77
POL001132,PN-00001132,CUST000867,AGT00385,PROD0004,active,2024-05-17,2025-05-17,6496.19,6258.41
POL001133,PN-00001133,CUST002952,AGT00193,PROD0039,expired,2024-11-13,2025-11-13,9874.72,9788.73
POL001134,PN-00001134,CUST002589,AGT00321,PROD0003,active,2026-04-05,2027-04-05,5934.79,5384.82
POL001135,PN-00001135,CUST001756,AGT00164,PROD0011,quoted,2026-01-25,2027-01-25,8071.86,7811.43
POL001136,PN-00001136,CUST004493,AGT00456,PROD0033,quoted,2025-11-28,2026-11-28,14058.92,13391.52
POL001137,PN-00001137,CUST000752,AGT00453,PROD0001,active,2025-07-31,2026-07-31,1762.09,1746.95
POL001138,PN-00001138,CUST001674,AGT00361,PROD0026,expired,2023-02-22,2024-02-22,3893.96,3703.68
POL001139,PN-00001139,CUST004159,AGT00333,PROD0022,active,2026-02-17,2027-02-17,10036.47,9294.85
POL001140,PN-00001140,CUST002229,AGT00108,PROD0032,active,2023-10-03,2024-10-02,11759.7,10788.1
POL001141,PN-00001141,CUST004050,AGT00254,PROD0027,active,2024-03-11,2025-03-11,13000.66,12709.15
POL001142,PN-00001142,CUST000596,AGT00367,PROD0038,lapsed,2023-06-05,2024-06-04,10354.05,9375.41
POL001143,PN-00001143,CUST002494,AGT00120,PROD0033,quoted,2024-08-31,2025-08-31,10566.9,10325.06
POL001144,PN-00001144,CUST003842,AGT00292,PROD0032,expired,2024-11-05,2025-11-05,14390.74,13689.36
POL001145,PN-00001145,CUST002142,AGT00091,PROD0008,quoted,2026-02-11,2027-02-11,2086.48,1891.54
POL001146,PN-00001146,CUST004306,AGT00435,PROD0048,active,2025-08-25,2026-08-25,4405.32,4228.4
POL001147,PN-00001147,CUST001872,AGT00054,PROD0008,cancelled,2023-11-23,2024-11-22,14478.5,13927.04
POL001148,PN-00001148,CUST003611,AGT00159,PROD0025,active,2023-01-16,2024-01-16,3492.89,3383.23
POL001149,PN-00001149,CUST000876,AGT00069,PROD0005,renewed,2025-09-29,2026-09-29,8059.02,7887.0
POL001150,PN-00001150,CUST000139,AGT00158,PROD0012,renewed,2024-05-15,2025-05-15,13069.34,12881.16
POL001151,PN-00001151,CUST004309,AGT00279,PROD0036,lapsed,2023-07-08,2024-07-07,13131.44,12235.17
POL001152,PN-00001152,CUST001367,AGT00013,PROD0027,active,2024-03-23,2025-03-23,657.3,599.22
POL001153,PN-00001153,CUST002819,AGT00067,PROD0030,issued,2023-12-09,2024-12-08,13189.21,12599.96
POL001154,PN-00001154,CUST004641,AGT00053,PROD0001,issued,2026-03-23,2027-03-23,5358.63,5323.36
POL001155,PN-00001155,CUST000153,AGT00499,PROD0005,active,2025-07-30,2026-07-30,9148.9,8927.26
POL001156,PN-00001156,CUST000528,AGT00116,PROD0026,active,2026-07-29,2027-07-29,2797.49,2669.71
POL001157,PN-00001157,CUST000148,AGT00039,PROD0014,active,2025-07-08,2026-07-08,14338.35,12947.39
POL001158,PN-00001158,CUST004635,AGT00335,PROD0036,active,2023-07-06,2024-07-05,12538.05,11290.37
POL001159,PN-00001159,CUST002272,AGT00199,PROD0040,active,2025-03-04,2026-03-04,1510.77,1482.97
POL001160,PN-00001160,CUST000294,AGT00480,PROD0030,renewed,2025-10-11,2026-10-11,2399.54,2197.19
POL001161,PN-00001161,CUST002313,AGT00187,PROD0004,quoted,2026-03-16,2027-03-16,14352.09,13539.63
POL001162,PN-00001162,CUST001677,AGT00354,PROD0044,active,2024-12-19,2025-12-19,3661.75,3428.28
POL001163,PN-00001163,CUST000918,AGT00489,PROD0026,cancelled,2024-01-19,2025-01-18,6491.83,6475.04
POL001164,PN-00001164,CUST000293,AGT00160,PROD0037,issued,2024-07-11,2025-07-11,5854.63,5553.32
POL001165,PN-00001165,CUST000291,AGT00450,PROD0024,cancelled,2023-06-02,2024-06-01,12209.0,11110.79
POL001166,PN-00001166,CUST001814,AGT00337,PROD0009,renewed,2023-03-02,2024-03-01,8997.73,8280.62
POL001167,PN-00001167,CUST004805,AGT00428,PROD0010,renewed,2024-08-23,2025-08-23,14639.32,13628.33
POL001168,PN-00001168,CUST001651,AGT00174,PROD0037,expired,2026-07-17,2027-07-17,10300.04,9617.59
POL001169,PN-00001169,CUST001938,AGT00289,PROD0004,active,2024-03-31,2025-03-31,11991.75,11585.15
POL001170,PN-00001170,CUST004240,AGT00490,PROD0024,active,2025-09-11,2026-09-11,4385.87,4212.63
POL001171,PN-00001171,CUST004818,AGT00164,PROD0033,quoted,2023-02-09,2024-02-09,10627.79,10410.35
POL001172,PN-00001172,CUST002445,AGT00053,PROD0026,renewed,2023-10-18,2024-10-17,10320.47,9660.56
POL001173,PN-00001173,CUST000758,AGT00366,PROD0020,issued,2025-05-31,2026-05-31,7936.87,7355.88
POL001174,PN-00001174,CUST002972,AGT00003,PROD0002,cancelled,2024-04-06,2025-04-06,8789.92,8673.23
POL001175,PN-00001175,CUST002956,AGT00262,PROD0046,active,2024-08-17,2025-08-17,6011.1,5796.4
POL001176,PN-00001176,CUST000481,AGT00051,PROD0033,quoted,2023-08-05,2024-08-04,11512.82,10523.23
POL001177,PN-00001177,CUST001386,AGT00002,PROD0007,issued,2025-02-07,2026-02-07,14669.8,14083.08
POL001178,PN-00001178,CUST004486,AGT00477,PROD0039,quoted,2023-01-15,2024-01-15,6267.73,6169.37
POL001179,PN-00001179,CUST000919,AGT00437,PROD0032,cancelled,2024-12-15,2025-12-15,775.45,707.21
POL001180,PN-00001180,CUST004739,AGT00474,PROD0011,renewed,2025-03-09,2026-03-09,12276.9,11630.1
POL001181,PN-00001181,CUST002903,AGT00411,PROD0002,expired,2024-07-28,2025-07-28,6198.25,5979.76
POL001182,PN-00001182,CUST001191,AGT00345,PROD0041,active,2025-11-21,2026-11-21,9521.23,9513.24
POL001183,PN-00001183,CUST004949,AGT00346,PROD0028,lapsed,2024-12-09,2025-12-09,6547.15,6436.91
POL001184,PN-00001184,CUST004089,AGT00402,PROD0011,quoted,2023-01-21,2024-01-21,2390.09,2212.53
POL001185,PN-00001185,CUST004553,AGT00249,PROD0006,expired,2023-03-03,2024-03-02,12477.55,12206.78
POL001186,PN-00001186,CUST002781,AGT00117,PROD0019,active,2025-09-26,2026-09-26,5835.94,5303.93
POL001187,PN-00001187,CUST002388,AGT00403,PROD0010,renewed,2025-08-18,2026-08-18,1990.46,1978.05
POL001188,PN-00001188,CUST002762,AGT00112,PROD0005,cancelled,2024-08-30,2025-08-30,5640.92,5277.15
POL001189,PN-00001189,CUST004587,AGT00493,PROD0004,quoted,2023-04-12,2024-04-11,2433.67,2428.82
POL001190,PN-00001190,CUST004774,AGT00180,PROD0020,cancelled,2025-08-21,2026-08-21,3178.25,2995.41
POL001191,PN-00001191,CUST002084,AGT00070,PROD0029,active,2023-10-12,2024-10-11,9024.5,8494.61
POL001192,PN-00001192,CUST000761,AGT00020,PROD0040,active,2023-02-20,2024-02-20,8612.74,7976.32
POL001193,PN-00001193,CUST000465,AGT00331,PROD0034,expired,2023-08-27,2024-08-26,4182.51,4042.4
POL001194,PN-00001194,CUST003621,AGT00022,PROD0010,renewed,2024-02-10,2025-02-09,6449.63,5995.32
POL001195,PN-00001195,CUST004031,AGT00031,PROD0028,cancelled,2023-01-27,2024-01-27,2760.91,2531.7
POL001196,PN-00001196,CUST002647,AGT00465,PROD0013,active,2026-09-15,2027-09-15,9978.76,9234.95
POL001197,PN-00001197,CUST000765,AGT00231,PROD0027,lapsed,2024-01-17,2025-01-16,14911.14,13462.02
POL001198,PN-00001198,CUST004719,AGT00178,PROD0020,active,2023-05-22,2024-05-21,7529.26,7287.55
POL001199,PN-00001199,CUST000789,AGT00199,PROD0016,cancelled,2025-07-08,2026-07-08,9326.67,9113.42
POL001200,PN-00001200,CUST002197,AGT00284,PROD0011,active,2026-02-07,2027-02-07,1970.09,1893.96
POL001201,PN-00001201,CUST001731,AGT00387,PROD0040,issued,2025-04-11,2026-04-11,9391.02,8476.62
POL001202,PN-00001202,CUST004450,AGT00084,PROD0038,cancelled,2025-05-16,2026-05-16,9880.34,9321.18
POL001203,PN-00001203,CUST000894,AGT00070,PROD0004,active,2025-02-22,2026-02-22,4487.91,4362.63
POL001204,PN-00001204,CUST003929,AGT00193,PROD0017,cancelled,2025-08-07,2026-08-07,8458.56,7936.17
POL001205,PN-00001205,CUST002711,AGT00461,PROD0004,cancelled,2026-02-10,2027-02-10,4143.81,3753.45
POL001206,PN-00001206,CUST000637,AGT00333,PROD0020,active,2024-05-22,2025-05-22,11976.13,11205.09
POL001207,PN-00001207,CUST000128,AGT00451,PROD0038,lapsed,2026-03-31,2027-03-31,13296.92,12541.56
POL001208,PN-00001208,CUST000068,AGT00074,PROD0034,issued,2024-12-06,2025-12-06,9541.05,8826.31
POL001209,PN-00001209,CUST004332,AGT00347,PROD0010,active,2024-10-22,2025-10-22,10347.13,9324.01
POL001210,PN-00001210,CUST001521,AGT00481,PROD0044,cancelled,2026-01-14,2027-01-14,11490.12,11298.1
POL001211,PN-00001211,CUST000966,AGT00275,PROD0049,lapsed,2023-09-08,2024-09-07,12958.17,11708.13
POL001212,PN-00001212,CUST002859,AGT00096,PROD0034,quoted,2024-02-25,2025-02-24,12197.02,12014.31
POL001213,PN-00001213,CUST002776,AGT00100,PROD0001,quoted,2025-06-05,2026-06-05,7488.1,7288.88
POL001214,PN-00001214,CUST004435,AGT00116,PROD0004,lapsed,2024-04-09,2025-04-09,8561.58,7953.29
POL001215,PN-00001215,CUST000857,AGT00378,PROD0028,expired,2026-07-29,2027-07-29,7278.92,6982.28
POL001216,PN-00001216,CUST000534,AGT00298,PROD0042,cancelled,2023-09-09,2024-09-08,11096.48,10000.93
POL001217,PN-00001217,CUST004011,AGT00452,PROD0007,cancelled,2026-03-31,2027-03-31,7035.52,7020.23
POL001218,PN-00001218,CUST002403,AGT00498,PROD0049,active,2024-09-19,2025-09-19,5420.74,4891.95
POL001219,PN-00001219,CUST003576,AGT00303,PROD0008,renewed,2024-09-25,2025-09-25,3934.34,3855.06
POL001220,PN-00001220,CUST003857,AGT00107,PROD0036,issued,2026-08-10,2027-08-10,4786.27,4677.0
POL001221,PN-00001221,CUST002601,AGT00382,PROD0024,cancelled,2025-04-26,2026-04-26,7581.48,7277.81
POL001222,PN-00001222,CUST003784,AGT00320,PROD0011,expired,2026-02-27,2027-02-27,5843.86,5391.88
POL001223,PN-00001223,CUST003899,AGT00112,PROD0011,renewed,2024-06-25,2025-06-25,14232.22,13885.02
POL001224,PN-00001224,CUST001562,AGT00347,PROD0041,quoted,2026-06-15,2027-06-15,1459.04,1360.77
POL001225,PN-00001225,CUST003322,AGT00392,PROD0021,active,2023-08-12,2024-08-11,13881.63,12580.77
POL001226,PN-00001226,CUST001914,AGT00158,PROD0013,expired,2023-02-13,2024-02-13,13423.91,12777.37
POL001227,PN-00001227,CUST001890,AGT00077,PROD0037,lapsed,2025-11-04,2026-11-04,6826.18,6202.16
POL001228,PN-00001228,CUST003535,AGT00018,PROD0023,issued,2026-07-08,2027-07-08,1575.2,1491.84
POL001229,PN-00001229,CUST000061,AGT00082,PROD0044,active,2024-07-02,2025-07-02,3035.46,2861.76
POL001230,PN-00001230,CUST001969,AGT00227,PROD0017,lapsed,2024-03-16,2025-03-16,7098.7,6420.96
POL001231,PN-00001231,CUST001785,AGT00497,PROD0005,active,2025-12-12,2026-12-12,14930.91,13866.7
POL001232,PN-00001232,CUST001544,AGT00177,PROD0044,expired,2025-09-13,2026-09-13,10821.48,10550.52
POL001233,PN-00001233,CUST001171,AGT00212,PROD0008,active,2023-05-14,2024-05-13,1897.2,1794.99
POL001234,PN-00001234,CUST001398,AGT00013,PROD0029,lapsed,2024-02-24,2025-02-23,4053.48,3843.3
POL001235,PN-00001235,CUST001876,AGT00376,PROD0023,cancelled,2024-10-01,2025-10-01,2079.32,2065.13
POL001236,PN-00001236,CUST003421,AGT00446,PROD0020,active,2025-07-14,2026-07-14,13569.88,12300.03
POL001237,PN-00001237,CUST000801,AGT00399,PROD0026,active,2025-11-14,2026-11-14,8146.74,7661.62
POL001238,PN-00001238,CUST001896,AGT00243,PROD0041,lapsed,2023-02-08,2024-02-08,502.77,497.14
POL001239,PN-00001239,CUST002200,AGT00115,PROD0036,active,2024-02-03,2025-02-02,966.61,922.82
POL001240,PN-00001240,CUST002998,AGT00243,PROD0033,expired,2023-08-02,2024-08-01,6247.63,5628.97
POL001241,PN-00001241,CUST004338,AGT00496,PROD0004,lapsed,2024-06-25,2025-06-25,13486.84,13060.37
POL001242,PN-00001242,CUST000310,AGT00385,PROD0043,expired,2023-09-23,2024-09-22,4435.13,4349.28
POL001243,PN-00001243,CUST001513,AGT00285,PROD0034,renewed,2023-12-16,2024-12-15,6653.79,6124.96
POL001244,PN-00001244,CUST003093,AGT00018,PROD0035,expired,2025-07-25,2026-07-25,3497.69,3439.8
POL001245,PN-00001245,CUST000641,AGT00135,PROD0037,lapsed,2024-02-04,2025-02-03,10436.35,9481.83
POL001246,PN-00001246,CUST003699,AGT00467,PROD0009,active,2023-11-07,2024-11-06,8965.24,8535.0
POL001247,PN-00001247,CUST000057,AGT00157,PROD0022,quoted,2023-01-14,2024-01-14,9854.03,9633.53
POL001248,PN-00001248,CUST004298,AGT00404,PROD0048,issued,2024-04-15,2025-04-15,4374.61,4223.48
POL001249,PN-00001249,CUST003292,AGT00147,PROD0032,active,2025-04-24,2026-04-24,4049.55,3938.33
POL001250,PN-00001250,CUST001619,AGT00288,PROD0045,issued,2025-04-13,2026-04-13,8458.25,7784.52
POL001251,PN-00001251,CUST001916,AGT00475,PROD0047,active,2025-08-30,2026-08-30,9839.94,9481.42
POL001252,PN-00001252,CUST004575,AGT00053,PROD0036,active,2023-06-03,2024-06-02,5647.55,5455.06
POL001253,PN-00001253,CUST001519,AGT00187,PROD0045,quoted,2025-10-28,2026-10-28,8163.45,8108.37
POL001254,PN-00001254,CUST000724,AGT00103,PROD0026,quoted,2025-09-23,2026-09-23,1232.86,1189.91
POL001255,PN-00001255,CUST002002,AGT00258,PROD0020,renewed,2023-05-29,2024-05-28,13733.88,13403.2
POL001256,PN-00001256,CUST003728,AGT00207,PROD0001,active,2023-11-13,2024-11-12,7810.23,7496.14
POL001257,PN-00001257,CUST000118,AGT00242,PROD0011,active,2025-04-27,2026-04-27,13726.3,13082.2
POL001258,PN-00001258,CUST000582,AGT00002,PROD0022,issued,2023-03-04,2024-03-03,3948.26,3718.25
POL001259,PN-00001259,CUST004400,AGT00039,PROD0012,active,2025-12-23,2026-12-23,7807.71,7373.78
POL001260,PN-00001260,CUST001814,AGT00309,PROD0042,active,2026-01-11,2027-01-11,5135.35,5105.45
POL001261,PN-00001261,CUST000475,AGT00398,PROD0036,active,2023-11-14,2024-11-13,14493.46,14184.96
POL001262,PN-00001262,CUST004235,AGT00050,PROD0018,active,2025-05-21,2026-05-21,8710.94,8356.9
POL001263,PN-00001263,CUST002008,AGT00424,PROD0050,active,2025-05-13,2026-05-13,8973.89,8294.54
POL001264,PN-00001264,CUST001429,AGT00022,PROD0029,lapsed,2023-12-09,2024-12-08,9595.39,9033.41
POL001265,PN-00001265,CUST000701,AGT00175,PROD0028,quoted,2023-11-23,2024-11-22,3698.62,3631.16
POL001266,PN-00001266,CUST003186,AGT00256,PROD0036,active,2023-03-02,2024-03-01,1248.41,1171.72
POL001267,PN-00001267,CUST000307,AGT00044,PROD0018,lapsed,2023-06-08,2024-06-07,12776.79,12632.89
POL001268,PN-00001268,CUST000008,AGT00131,PROD0019,active,2025-06-15,2026-06-15,1846.34,1668.56
POL001269,PN-00001269,CUST004603,AGT00104,PROD0049,lapsed,2025-05-09,2026-05-09,2183.96,2063.06
POL001270,PN-00001270,CUST004128,AGT00169,PROD0026,renewed,2024-01-16,2025-01-15,3446.78,3289.79
POL001271,PN-00001271,CUST004557,AGT00218,PROD0045,active,2023-05-24,2024-05-23,7350.81,7205.99
POL001272,PN-00001272,CUST001065,AGT00409,PROD0029,quoted,2025-07-29,2026-07-29,14542.27,14111.09
POL001273,PN-00001273,CUST001543,AGT00313,PROD0042,active,2024-11-10,2025-11-10,9717.14,9141.53
POL001274,PN-00001274,CUST004662,AGT00441,PROD0038,renewed,2023-04-11,2024-04-10,6571.66,6106.24
POL001275,PN-00001275,CUST003383,AGT00304,PROD0036,expired,2024-05-29,2025-05-29,9772.92,9191.1
POL001276,PN-00001276,CUST001997,AGT00346,PROD0016,cancelled,2025-09-01,2026-09-01,11197.66,10544.26
POL001277,PN-00001277,CUST000702,AGT00464,PROD0033,cancelled,2024-07-11,2025-07-11,5497.12,5212.29
POL001278,PN-00001278,CUST003946,AGT00366,PROD0032,active,2025-12-10,2026-12-10,5624.22,5448.74
POL001279,PN-00001279,CUST002266,AGT00494,PROD0022,issued,2025-10-31,2026-10-31,3735.58,3562.15
POL001280,PN-00001280,CUST004203,AGT00467,PROD0045,active,2024-01-28,2025-01-27,6765.23,6454.93
POL001281,PN-00001281,CUST004634,AGT00463,PROD0011,expired,2024-01-25,2025-01-24,11451.17,10349.03
POL001282,PN-00001282,CUST001070,AGT00138,PROD0018,cancelled,2024-10-26,2025-10-26,363.9,357.81
POL001283,PN-00001283,CUST003195,AGT00255,PROD0041,renewed,2023-05-08,2024-05-07,2584.46,2535.88
POL001284,PN-00001284,CUST001418,AGT00317,PROD0022,issued,2026-04-18,2027-04-18,8464.25,8390.73
POL001285,PN-00001285,CUST000889,AGT00371,PROD0001,expired,2024-04-24,2025-04-24,6740.93,6207.27
POL001286,PN-00001286,CUST001326,AGT00302,PROD0019,lapsed,2023-01-06,2024-01-06,3575.06,3572.5
POL001287,PN-00001287,CUST000254,AGT00156,PROD0014,active,2025-10-02,2026-10-02,4055.28,3826.99
POL001288,PN-00001288,CUST004497,AGT00481,PROD0001,cancelled,2025-11-15,2026-11-15,11047.92,10295.58
POL001289,PN-00001289,CUST000985,AGT00008,PROD0034,issued,2025-04-26,2026-04-26,11717.47,11266.02
POL001290,PN-00001290,CUST004863,AGT00237,PROD0001,lapsed,2025-10-12,2026-10-12,12765.05,11752.75
POL001291,PN-00001291,CUST001693,AGT00348,PROD0006,active,2024-04-26,2025-04-26,2180.2,1969.22
POL001292,PN-00001292,CUST003859,AGT00407,PROD0024,cancelled,2026-04-19,2027-04-19,4576.69,4531.74
POL001293,PN-00001293,CUST000541,AGT00455,PROD0026,cancelled,2025-02-03,2026-02-03,6890.15,6421.17
POL001294,PN-00001294,CUST002469,AGT00267,PROD0025,lapsed,2024-03-10,2025-03-10,9628.65,8734.38
POL001295,PN-00001295,CUST000089,AGT00351,PROD0043,quoted,2025-10-11,2026-10-11,10143.68,9924.8
POL001296,PN-00001296,CUST003231,AGT00031,PROD0022,lapsed,2024-10-06,2025-10-06,7339.02,7131.38
POL001297,PN-00001297,CUST002326,AGT00060,PROD0004,quoted,2026-03-17,2027-03-17,6249.48,6090.97
POL001298,PN-00001298,CUST003110,AGT00424,PROD0008,issued,2025-04-15,2026-04-15,13215.47,12766.13
POL001299,PN-00001299,CUST001587,AGT00041,PROD0029,active,2025-02-14,2026-02-14,6266.36,5823.51
POL001300,PN-00001300,CUST003069,AGT00193,PROD0039,issued,2025-08-06,2026-08-06,10624.99,10104.65
POL001301,PN-00001301,CUST002404,AGT00110,PROD0015,renewed,2025-03-03,2026-03-03,13042.09,12165.85
POL001302,PN-00001302,CUST002724,AGT00434,PROD0024,quoted,2024-06-22,2025-06-22,6080.02,5705.8
POL001303,PN-00001303,CUST001561,AGT00138,PROD0050,cancelled,2024-01-05,2025-01-04,6443.44,5924.33
POL001304,PN-00001304,CUST004300,AGT00280,PROD0011,expired,2026-07-13,2027-07-13,4861.35,4661.25
POL001305,PN-00001305,CUST003090,AGT00372,PROD0004,issued,2026-01-24,2027-01-24,10651.8,10134.01
POL001306,PN-00001306,CUST002624,AGT00265,PROD0036,active,2023-03-16,2024-03-15,4540.18,4376.47
POL001307,PN-00001307,CUST001581,AGT00215,PROD0015,active,2024-09-18,2025-09-18,8038.71,7503.05
POL001308,PN-00001308,CUST001132,AGT00411,PROD0048,active,2025-03-10,2026-03-10,2077.81,2050.09
POL001309,PN-00001309,CUST000464,AGT00444,PROD0011,active,2023-11-20,2024-11-19,9927.83,9807.88
POL001310,PN-00001310,CUST004921,AGT00332,PROD0045,issued,2024-08-19,2025-08-19,4626.3,4481.27
POL001311,PN-00001311,CUST000695,AGT00406,PROD0013,cancelled,2024-07-16,2025-07-16,14906.41,13908.22
POL001312,PN-00001312,CUST003601,AGT00311,PROD0040,quoted,2026-05-06,2027-05-06,749.16,709.86
POL001313,PN-00001313,CUST002807,AGT00206,PROD0025,active,2026-02-14,2027-02-14,7431.17,6730.71
POL001314,PN-00001314,CUST001719,AGT00482,PROD0027,lapsed,2024-12-14,2025-12-14,6867.16,6850.13
POL001315,PN-00001315,CUST003622,AGT00358,PROD0005,issued,2026-08-18,2027-08-18,10310.86,10274.68
POL001316,PN-00001316,CUST000431,AGT00146,PROD0007,renewed,2024-04-28,2025-04-28,6164.35,5845.82
POL001317,PN-00001317,CUST003111,AGT00250,PROD0039,active,2025-01-09,2026-01-09,12126.77,11815.58
POL001318,PN-00001318,CUST001087,AGT00139,PROD0039,renewed,2025-02-23,2026-02-23,7347.77,6671.46
POL001319,PN-00001319,CUST003455,AGT00242,PROD0021,issued,2024-11-03,2025-11-03,11758.12,11533.61
POL001320,PN-00001320,CUST000247,AGT00429,PROD0039,quoted,2024-09-18,2025-09-18,5216.9,5176.51
POL001321,PN-00001321,CUST004409,AGT00361,PROD0040,active,2024-07-22,2025-07-22,13561.71,12964.75
POL001322,PN-00001322,CUST004329,AGT00071,PROD0025,active,2026-04-19,2027-04-19,6869.02,6838.77
POL001323,PN-00001323,CUST001930,AGT00346,PROD0025,lapsed,2025-03-03,2026-03-03,7457.49,7100.21
POL001324,PN-00001324,CUST004147,AGT00310,PROD0038,quoted,2025-03-11,2026-03-11,9157.1,8716.98
POL001325,PN-00001325,CUST003924,AGT00266,PROD0028,issued,2024-04-20,2025-04-20,8603.22,8591.95
POL001326,PN-00001326,CUST002434,AGT00063,PROD0035,quoted,2024-05-05,2025-05-05,5056.22,4927.73
POL001327,PN-00001327,CUST002338,AGT00313,PROD0004,active,2024-07-30,2025-07-30,11912.32,11276.76
POL001328,PN-00001328,CUST001526,AGT00235,PROD0004,active,2025-07-16,2026-07-16,2324.3,2155.25
POL001329,PN-00001329,CUST001234,AGT00246,PROD0036,cancelled,2025-04-23,2026-04-23,1237.03,1144.57
POL001330,PN-00001330,CUST001337,AGT00282,PROD0031,renewed,2024-07-21,2025-07-21,13601.01,12672.88
POL001331,PN-00001331,CUST000741,AGT00447,PROD0040,active,2024-05-18,2025-05-18,9280.98,8707.26
POL001332,PN-00001332,CUST000060,AGT00123,PROD0029,lapsed,2026-01-23,2027-01-23,2774.6,2758.13
POL001333,PN-00001333,CUST000254,AGT00117,PROD0021,issued,2025-04-27,2026-04-27,7990.96,7732.02
POL001334,PN-00001334,CUST000153,AGT00287,PROD0042,renewed,2026-08-17,2027-08-17,5769.55,5469.71
POL001335,PN-00001335,CUST000004,AGT00457,PROD0047,issued,2025-08-19,2026-08-19,5565.96,5115.89
POL001336,PN-00001336,CUST001766,AGT00430,PROD0039,cancelled,2026-07-09,2027-07-09,2848.14,2675.45
POL001337,PN-00001337,CUST003702,AGT00429,PROD0040,active,2025-09-06,2026-09-06,10466.71,10229.32
POL001338,PN-00001338,CUST003232,AGT00418,PROD0016,renewed,2023-07-08,2024-07-07,11517.19,11261.17
POL001339,PN-00001339,CUST000550,AGT00266,PROD0026,renewed,2024-01-07,2025-01-06,6273.07,6106.72
POL001340,PN-00001340,CUST004322,AGT00211,PROD0005,active,2025-04-06,2026-04-06,13559.94,13242.1
POL001341,PN-00001341,CUST003214,AGT00107,PROD0035,active,2023-09-02,2024-09-01,3854.31,3523.77
POL001342,PN-00001342,CUST003360,AGT00067,PROD0020,active,2026-06-13,2027-06-13,7880.98,7114.34
POL001343,PN-00001343,CUST002072,AGT00207,PROD0026,active,2025-01-20,2026-01-20,12194.66,11666.66
POL001344,PN-00001344,CUST003707,AGT00016,PROD0050,active,2024-10-02,2025-10-02,3607.47,3343.77
POL001345,PN-00001345,CUST002036,AGT00419,PROD0017,active,2026-02-27,2027-02-27,9852.64,8969.04
POL001346,PN-00001346,CUST000893,AGT00335,PROD0030,lapsed,2025-02-17,2026-02-17,2804.69,2707.13
POL001347,PN-00001347,CUST000625,AGT00359,PROD0012,active,2025-12-23,2026-12-23,9351.42,9274.63
POL001348,PN-00001348,CUST001340,AGT00273,PROD0001,active,2023-02-18,2024-02-18,11910.89,11699.85
POL001349,PN-00001349,CUST002912,AGT00127,PROD0025,cancelled,2024-10-20,2025-10-20,680.48,639.61
POL001350,PN-00001350,CUST003493,AGT00317,PROD0027,issued,2026-05-11,2027-05-11,879.6,844.51
POL001351,PN-00001351,CUST001790,AGT00097,PROD0006,active,2024-10-09,2025-10-09,2255.58,2033.31
POL001352,PN-00001352,CUST002232,AGT00457,PROD0008,cancelled,2024-10-03,2025-10-03,9667.79,9197.96
POL001353,PN-00001353,CUST002187,AGT00356,PROD0010,expired,2025-08-04,2026-08-04,6520.38,6504.77
POL001354,PN-00001354,CUST000764,AGT00334,PROD0012,active,2025-09-10,2026-09-10,6901.26,6766.22
POL001355,PN-00001355,CUST001854,AGT00123,PROD0022,active,2025-06-11,2026-06-11,14098.11,13963.48
POL001356,PN-00001356,CUST000164,AGT00048,PROD0036,cancelled,2024-07-02,2025-07-02,4070.52,3845.72
POL001357,PN-00001357,CUST003099,AGT00043,PROD0027,cancelled,2023-12-25,2024-12-24,13298.23,12038.95
POL001358,PN-00001358,CUST003395,AGT00145,PROD0005,lapsed,2023-01-29,2024-01-29,3442.94,3204.32
POL001359,PN-00001359,CUST003989,AGT00455,PROD0016,cancelled,2024-01-05,2025-01-04,9685.08,9516.93
POL001360,PN-00001360,CUST001737,AGT00131,PROD0041,cancelled,2025-05-26,2026-05-26,5730.99,5319.19
POL001361,PN-00001361,CUST000521,AGT00066,PROD0043,lapsed,2023-05-07,2024-05-06,3539.61,3284.92
POL001362,PN-00001362,CUST003370,AGT00233,PROD0044,active,2023-12-22,2024-12-21,6703.22,6485.28
POL001363,PN-00001363,CUST000624,AGT00447,PROD0039,lapsed,2025-11-16,2026-11-16,9379.49,9283.99
POL001364,PN-00001364,CUST000939,AGT00458,PROD0020,active,2024-03-06,2025-03-06,12462.11,11639.18
POL001365,PN-00001365,CUST002148,AGT00423,PROD0012,expired,2024-12-03,2025-12-03,9554.98,8719.27
POL001366,PN-00001366,CUST004366,AGT00343,PROD0028,lapsed,2026-08-17,2027-08-17,334.29,303.69
POL001367,PN-00001367,CUST002033,AGT00401,PROD0033,renewed,2024-08-04,2025-08-04,14541.87,14243.89
POL001368,PN-00001368,CUST000598,AGT00126,PROD0048,renewed,2024-06-10,2025-06-10,11686.89,11304.33
POL001369,PN-00001369,CUST000723,AGT00258,PROD0048,lapsed,2024-10-11,2025-10-11,571.31,564.72
POL001370,PN-00001370,CUST001136,AGT00343,PROD0017,cancelled,2023-04-17,2024-04-16,11445.72,11181.14
POL001371,PN-00001371,CUST003422,AGT00365,PROD0023,expired,2023-06-09,2024-06-08,2227.76,2142.4
POL001372,PN-00001372,CUST003529,AGT00056,PROD0007,cancelled,2026-07-02,2027-07-02,14217.87,13892.71
POL001373,PN-00001373,CUST003722,AGT00112,PROD0041,active,2025-06-19,2026-06-19,2586.36,2532.22
POL001374,PN-00001374,CUST001901,AGT00061,PROD0021,active,2025-12-31,2026-12-31,4311.21,3978.34
POL001375,PN-00001375,CUST004882,AGT00401,PROD0017,active,2024-07-09,2025-07-09,13412.95,12805.41
POL001376,PN-00001376,CUST002625,AGT00131,PROD0044,active,2023-02-04,2024-02-04,1199.37,1172.94
POL001377,PN-00001377,CUST001727,AGT00056,PROD0037,quoted,2024-12-27,2025-12-27,14031.09,13969.13
POL001378,PN-00001378,CUST004590,AGT00255,PROD0016,cancelled,2023-01-31,2024-01-31,13243.58,12825.8
POL001379,PN-00001379,CUST004767,AGT00014,PROD0003,active,2024-05-06,2025-05-06,11457.39,11395.05
POL001380,PN-00001380,CUST001304,AGT00451,PROD0025,cancelled,2023-10-19,2024-10-18,669.09,647.77
POL001381,PN-00001381,CUST003013,AGT00362,PROD0023,lapsed,2025-02-22,2026-02-22,12338.67,11476.86
POL001382,PN-00001382,CUST004079,AGT00191,PROD0025,renewed,2024-12-07,2025-12-07,11078.56,10576.0
POL001383,PN-00001383,CUST001800,AGT00428,PROD0015,active,2026-05-02,2027-05-02,3871.34,3564.54
POL001384,PN-00001384,CUST000242,AGT00297,PROD0044,lapsed,2024-12-20,2025-12-20,1467.88,1395.16
POL001385,PN-00001385,CUST002896,AGT00391,PROD0029,active,2026-01-25,2027-01-25,6766.4,6621.07
POL001386,PN-00001386,CUST004337,AGT00482,PROD0001,active,2026-03-04,2027-03-04,5299.55,5154.36
POL001387,PN-00001387,CUST004176,AGT00125,PROD0039,quoted,2025-07-01,2026-07-01,7920.95,7669.16
POL001388,PN-00001388,CUST000584,AGT00288,PROD0039,cancelled,2026-02-25,2027-02-25,6652.82,6407.44
POL001389,PN-00001389,CUST004822,AGT00439,PROD0050,quoted,2025-12-06,2026-12-06,4598.43,4521.44
POL001390,PN-00001390,CUST002395,AGT00175,PROD0027,expired,2023-11-19,2024-11-18,10138.92,9774.25
POL001391,PN-00001391,CUST000030,AGT00459,PROD0014,lapsed,2023-11-17,2024-11-16,6878.38,6745.79
POL001392,PN-00001392,CUST004159,AGT00229,PROD0023,cancelled,2025-12-01,2026-12-01,6944.38,6287.06
POL001393,PN-00001393,CUST004750,AGT00283,PROD0003,cancelled,2023-09-28,2024-09-27,807.98,798.77
POL001394,PN-00001394,CUST001040,AGT00024,PROD0017,quoted,2025-03-30,2026-03-30,11959.3,11823.76
POL001395,PN-00001395,CUST002356,AGT00107,PROD0038,active,2023-02-12,2024-02-12,9601.98,9524.77
POL001396,PN-00001396,CUST002060,AGT00246,PROD0032,quoted,2024-01-25,2025-01-24,9324.0,8530.57
POL001397,PN-00001397,CUST002093,AGT00423,PROD0050,renewed,2024-07-04,2025-07-04,491.55,453.97
POL001398,PN-00001398,CUST000830,AGT00294,PROD0031,quoted,2023-06-15,2024-06-14,13661.21,12460.11
POL001399,PN-00001399,CUST001482,AGT00030,PROD0049,renewed,2024-02-06,2025-02-05,11432.53,11329.39
POL001400,PN-00001400,CUST000590,AGT00377,PROD0026,active,2026-06-20,2027-06-20,12140.37,12052.73
POL001401,PN-00001401,CUST003552,AGT00043,PROD0041,expired,2025-03-14,2026-03-14,6402.1,5937.68
POL001402,PN-00001402,CUST000543,AGT00015,PROD0032,active,2026-03-19,2027-03-19,3532.16,3335.41
POL001403,PN-00001403,CUST003444,AGT00188,PROD0009,issued,2023-02-21,2024-02-21,8292.51,8254.12
POL001404,PN-00001404,CUST001580,AGT00006,PROD0042,expired,2023-01-11,2024-01-11,1405.96,1276.62
POL001405,PN-00001405,CUST004300,AGT00114,PROD0012,quoted,2023-07-05,2024-07-04,5158.79,4673.56
POL001406,PN-00001406,CUST004033,AGT00152,PROD0005,active,2025-02-23,2026-02-23,13181.31,12141.03
POL001407,PN-00001407,CUST000309,AGT00282,PROD0025,active,2023-02-19,2024-02-19,12101.87,11564.81
POL001408,PN-00001408,CUST001927,AGT00050,PROD0026,active,2025-10-02,2026-10-02,2362.34,2327.21
POL001409,PN-00001409,CUST002464,AGT00196,PROD0048,renewed,2024-05-31,2025-05-31,14786.73,13479.11
POL001410,PN-00001410,CUST003120,AGT00025,PROD0026,active,2023-05-06,2024-05-05,6621.86,6285.1
POL001411,PN-00001411,CUST003713,AGT00271,PROD0035,active,2026-06-20,2027-06-20,2718.45,2479.84
POL001412,PN-00001412,CUST000966,AGT00021,PROD0004,quoted,2025-07-29,2026-07-29,2665.83,2533.55
POL001413,PN-00001413,CUST002108,AGT00242,PROD0040,issued,2025-12-27,2026-12-27,10883.91,10508.74
POL001414,PN-00001414,CUST003737,AGT00032,PROD0048,active,2024-12-07,2025-12-07,11580.72,10961.09
POL001415,PN-00001415,CUST003511,AGT00379,PROD0022,renewed,2026-01-09,2027-01-09,9557.98,9325.1
POL001416,PN-00001416,CUST003686,AGT00304,PROD0002,active,2024-04-06,2025-04-06,12141.67,11411.31
POL001417,PN-00001417,CUST003778,AGT00446,PROD0047,active,2024-10-17,2025-10-17,9608.49,9385.78
POL001418,PN-00001418,CUST004942,AGT00043,PROD0002,active,2026-04-09,2027-04-09,11485.98,11189.97
POL001419,PN-00001419,CUST003958,AGT00271,PROD0019,expired,2026-01-10,2027-01-10,10828.6,10086.29
POL001420,PN-00001420,CUST001780,AGT00395,PROD0003,cancelled,2026-01-06,2027-01-06,365.55,359.68
POL001421,PN-00001421,CUST001586,AGT00136,PROD0014,lapsed,2023-02-20,2024-02-20,4176.95,3831.97
POL001422,PN-00001422,CUST003793,AGT00435,PROD0003,expired,2023-01-05,2024-01-05,644.79,641.76
POL001423,PN-00001423,CUST003839,AGT00179,PROD0022,active,2024-06-20,2025-06-20,6866.06,6737.28
POL001424,PN-00001424,CUST003557,AGT00413,PROD0019,active,2023-07-03,2024-07-02,14242.63,13571.81
POL001425,PN-00001425,CUST002798,AGT00042,PROD0007,active,2025-08-22,2026-08-22,12850.47,12619.41
POL001426,PN-00001426,CUST001658,AGT00027,PROD0013,issued,2024-12-15,2025-12-15,7752.27,7345.04
POL001427,PN-00001427,CUST001436,AGT00199,PROD0015,lapsed,2024-05-23,2025-05-23,13023.96,12720.07
POL001428,PN-00001428,CUST000434,AGT00401,PROD0048,quoted,2024-06-12,2025-06-12,8434.83,8042.84
POL001429,PN-00001429,CUST004224,AGT00366,PROD0028,cancelled,2023-06-11,2024-06-10,1877.52,1784.04
POL001430,PN-00001430,CUST002479,AGT00156,PROD0045,cancelled,2024-04-19,2025-04-19,1183.13,1145.44
POL001431,PN-00001431,CUST003805,AGT00473,PROD0031,active,2023-09-17,2024-09-16,1663.51,1571.22
POL001432,PN-00001432,CUST003316,AGT00265,PROD0007,issued,2023-01-02,2024-01-02,8600.6,8570.11
POL001433,PN-00001433,CUST003719,AGT00213,PROD0028,active,2024-04-22,2025-04-22,13719.03,12464.08
POL001434,PN-00001434,CUST001248,AGT00478,PROD0027,renewed,2025-09-18,2026-09-18,3269.05,2979.59
POL001435,PN-00001435,CUST000103,AGT00232,PROD0049,lapsed,2023-01-14,2024-01-14,14059.13,13230.2
POL001436,PN-00001436,CUST003549,AGT00141,PROD0027,renewed,2024-09-21,2025-09-21,1782.49,1762.24
POL001437,PN-00001437,CUST002867,AGT00448,PROD0039,cancelled,2024-09-28,2025-09-28,6587.65,6054.99
POL001438,PN-00001438,CUST003823,AGT00150,PROD0012,renewed,2024-12-03,2025-12-03,2834.2,2676.69
POL001439,PN-00001439,CUST003112,AGT00276,PROD0038,renewed,2026-03-12,2027-03-12,9709.16,9434.83
POL001440,PN-00001440,CUST001812,AGT00349,PROD0037,expired,2025-02-04,2026-02-04,1600.03,1445.47
POL001441,PN-00001441,CUST001320,AGT00499,PROD0043,renewed,2026-08-25,2027-08-25,3962.57,3859.38
POL001442,PN-00001442,CUST000247,AGT00052,PROD0017,cancelled,2023-02-04,2024-02-04,13263.12,12881.78
POL001443,PN-00001443,CUST000507,AGT00348,PROD0029,cancelled,2026-08-16,2027-08-16,12217.55,11782.77
POL001444,PN-00001444,CUST000800,AGT00318,PROD0040,active,2025-02-17,2026-02-17,11007.41,10061.69
POL001445,PN-00001445,CUST000475,AGT00334,PROD0020,active,2025-09-25,2026-09-25,13690.03,12782.09
POL001446,PN-00001446,CUST004842,AGT00215,PROD0005,cancelled,2023-07-07,2024-07-06,5612.55,5436.71
POL001447,PN-00001447,CUST001884,AGT00118,PROD0050,issued,2025-10-31,2026-10-31,11671.37,10963.56
POL001448,PN-00001448,CUST004749,AGT00350,PROD0050,lapsed,2023-02-05,2024-02-05,6685.81,6508.71
POL001449,PN-00001449,CUST004169,AGT00045,PROD0021,active,2025-04-16,2026-04-16,6144.8,5546.73
POL001450,PN-00001450,CUST004717,AGT00274,PROD0004,lapsed,2024-12-20,2025-12-20,14142.21,13032.7
POL001451,PN-00001451,CUST001639,AGT00141,PROD0037,cancelled,2024-02-24,2025-02-23,6288.96,5933.71
POL001452,PN-00001452,CUST000502,AGT00355,PROD0034,active,2025-10-18,2026-10-18,6811.01,6323.6
POL001453,PN-00001453,CUST001188,AGT00151,PROD0045,expired,2024-06-17,2025-06-17,1683.21,1592.95
POL001454,PN-00001454,CUST001182,AGT00049,PROD0035,active,2025-10-02,2026-10-02,11254.29,10152.03
POL001455,PN-00001455,CUST003335,AGT00147,PROD0032,active,2024-09-09,2025-09-09,2218.1,2027.36
POL001456,PN-00001456,CUST004328,AGT00121,PROD0047,quoted,2024-09-10,2025-09-10,7980.63,7664.63
POL001457,PN-00001457,CUST001412,AGT00299,PROD0022,active,2023-08-02,2024-08-01,6483.18,6198.02
POL001458,PN-00001458,CUST004827,AGT00021,PROD0036,lapsed,2024-10-01,2025-10-01,5422.21,5308.14
POL001459,PN-00001459,CUST003094,AGT00072,PROD0029,active,2025-09-03,2026-09-03,13614.95,12392.43
POL001460,PN-00001460,CUST001534,AGT00173,PROD0034,lapsed,2023-07-16,2024-07-15,2220.33,2200.69
POL001461,PN-00001461,CUST003223,AGT00207,PROD0015,issued,2024-06-28,2025-06-28,403.2,387.99
POL001462,PN-00001462,CUST002067,AGT00134,PROD0030,active,2025-05-21,2026-05-21,5313.82,5234.0
POL001463,PN-00001463,CUST001058,AGT00156,PROD0026,cancelled,2026-06-05,2027-06-05,6196.38,6159.25
POL001464,PN-00001464,CUST000941,AGT00212,PROD0038,cancelled,2023-12-31,2024-12-30,1278.01,1159.43
POL001465,PN-00001465,CUST000855,AGT00127,PROD0024,lapsed,2026-09-07,2027-09-07,2410.67,2241.22
POL001466,PN-00001466,CUST002135,AGT00329,PROD0030,cancelled,2023-03-01,2024-02-29,10761.88,9693.34
POL001467,PN-00001467,CUST000189,AGT00182,PROD0029,lapsed,2024-06-16,2025-06-16,10339.37,10292.84
POL001468,PN-00001468,CUST003971,AGT00213,PROD0027,lapsed,2024-10-01,2025-10-01,8159.82,7587.1
POL001469,PN-00001469,CUST001851,AGT00280,PROD0043,renewed,2024-05-26,2025-05-26,2048.47,1932.88
POL001470,PN-00001470,CUST004059,AGT00275,PROD0050,active,2024-04-26,2025-04-26,3188.66,3042.19
POL001471,PN-00001471,CUST001045,AGT00472,PROD0017,lapsed,2025-01-12,2026-01-12,2163.93,2063.69
POL001472,PN-00001472,CUST003170,AGT00447,PROD0001,active,2024-01-23,2025-01-22,13235.38,12321.1
POL001473,PN-00001473,CUST003992,AGT00218,PROD0045,issued,2024-12-23,2025-12-23,4877.63,4783.69
POL001474,PN-00001474,CUST000809,AGT00053,PROD0042,quoted,2026-03-31,2027-03-31,9940.06,9596.26
POL001475,PN-00001475,CUST002400,AGT00345,PROD0050,issued,2025-08-05,2026-08-05,13006.22,12524.15
POL001476,PN-00001476,CUST004727,AGT00260,PROD0042,cancelled,2024-04-26,2025-04-26,14127.62,13449.18
POL001477,PN-00001477,CUST002308,AGT00287,PROD0046,active,2023-01-17,2024-01-17,10210.75,9658.03
POL001478,PN-00001478,CUST000602,AGT00070,PROD0029,cancelled,2025-09-30,2026-09-30,10550.42,9901.75
POL001479,PN-00001479,CUST004112,AGT00174,PROD0013,issued,2026-05-17,2027-05-17,366.07,354.4
POL001480,PN-00001480,CUST002309,AGT00139,PROD0032,active,2026-03-13,2027-03-13,13677.79,12329.17
POL001481,PN-00001481,CUST004311,AGT00002,PROD0043,lapsed,2024-01-29,2025-01-28,723.3,694.01
POL001482,PN-00001482,CUST001311,AGT00086,PROD0037,expired,2026-07-24,2027-07-24,957.45,886.74
POL001483,PN-00001483,CUST000794,AGT00310,PROD0040,active,2025-03-07,2026-03-07,5089.15,4597.0
POL001484,PN-00001484,CUST004629,AGT00126,PROD0030,active,2025-05-11,2026-05-11,4001.9,3930.44
POL001485,PN-00001485,CUST002614,AGT00285,PROD0029,active,2023-09-23,2024-09-22,8012.78,7402.21
POL001486,PN-00001486,CUST003153,AGT00164,PROD0027,quoted,2024-01-01,2024-12-31,14863.17,14844.66
POL001487,PN-00001487,CUST004542,AGT00005,PROD0024,issued,2026-04-02,2027-04-02,8293.12,8179.51
POL001488,PN-00001488,CUST004520,AGT00262,PROD0001,quoted,2023-01-15,2024-01-15,10575.35,9518.3
POL001489,PN-00001489,CUST001599,AGT00234,PROD0035,expired,2023-11-11,2024-11-10,8328.47,8216.26
POL001490,PN-00001490,CUST003925,AGT00323,PROD0011,active,2026-09-04,2027-09-04,12751.1,11541.17
POL001491,PN-00001491,CUST001562,AGT00006,PROD0030,lapsed,2023-05-25,2024-05-24,1202.79,1090.03
POL001492,PN-00001492,CUST003475,AGT00293,PROD0048,active,2023-12-15,2024-12-14,14111.21,13932.14
POL001493,PN-00001493,CUST004836,AGT00240,PROD0025,issued,2026-08-19,2027-08-19,6056.34,5672.54
POL001494,PN-00001494,CUST000567,AGT00179,PROD0045,lapsed,2023-05-19,2024-05-18,14640.42,13263.5
POL001495,PN-00001495,CUST000022,AGT00430,PROD0050,active,2023-09-17,2024-09-16,6978.84,6713.4
POL001496,PN-00001496,CUST001366,AGT00426,PROD0045,active,2026-05-02,2027-05-02,4831.33,4668.13
POL001497,PN-00001497,CUST003350,AGT00111,PROD0022,active,2026-01-06,2027-01-06,11602.99,10798.15
POL001498,PN-00001498,CUST001373,AGT00361,PROD0025,lapsed,2024-02-15,2025-02-14,8523.85,8086.86
POL001499,PN-00001499,CUST002207,AGT00316,PROD0021,quoted,2024-12-20,2025-12-20,9252.4,8890.98
POL001500,PN-00001500,CUST001882,AGT00482,PROD0016,lapsed,2025-01-06,2026-01-06,5639.67,5360.03
POL001501,PN-00001501,CUST003732,AGT00433,PROD0010,active,2025-11-21,2026-11-21,9847.05,9256.23
POL001502,PN-00001502,CUST001766,AGT00332,PROD0034,expired,2026-06-01,2027-06-01,1732.46,1573.36
POL001503,PN-00001503,CUST004915,AGT00014,PROD0023,lapsed,2024-10-19,2025-10-19,14412.37,13674.82
POL001504,PN-00001504,CUST001704,AGT00010,PROD0045,expired,2026-07-27,2027-07-27,2498.92,2270.59
POL001505,PN-00001505,CUST004794,AGT00308,PROD0043,active,2023-04-27,2024-04-26,14716.39,13339.65
POL001506,PN-00001506,CUST003834,AGT00290,PROD0021,quoted,2026-07-08,2027-07-08,9982.02,9170.58
POL001507,PN-00001507,CUST004881,AGT00400,PROD0033,issued,2026-06-13,2027-06-13,10328.77,9579.77
POL001508,PN-00001508,CUST002157,AGT00473,PROD0035,lapsed,2023-06-15,2024-06-14,12201.03,12142.93
POL001509,PN-00001509,CUST000992,AGT00243,PROD0041,cancelled,2023-11-28,2024-11-27,7845.85,7675.75
POL001510,PN-00001510,CUST002465,AGT00275,PROD0048,active,2025-09-17,2026-09-17,4275.61,3866.4
POL001511,PN-00001511,CUST000362,AGT00296,PROD0012,lapsed,2025-05-11,2026-05-11,3002.58,2993.62
POL001512,PN-00001512,CUST002840,AGT00377,PROD0035,renewed,2023-02-15,2024-02-15,14706.75,14201.99
POL001513,PN-00001513,CUST000176,AGT00425,PROD0004,quoted,2026-02-15,2027-02-15,9674.7,9051.16
POL001514,PN-00001514,CUST000170,AGT00042,PROD0037,active,2025-10-16,2026-10-16,4492.8,4476.82
POL001515,PN-00001515,CUST002637,AGT00229,PROD0021,active,2023-10-28,2024-10-27,9966.66,9299.07
POL001516,PN-00001516,CUST003061,AGT00448,PROD0041,lapsed,2025-05-13,2026-05-13,7653.21,7093.4
POL001517,PN-00001517,CUST004914,AGT00374,PROD0001,lapsed,2023-01-03,2024-01-03,1827.94,1665.48
POL001518,PN-00001518,CUST001730,AGT00195,PROD0010,active,2024-07-13,2025-07-13,10644.67,10240.89
POL001519,PN-00001519,CUST002339,AGT00402,PROD0031,cancelled,2023-03-18,2024-03-17,368.63,336.05
POL001520,PN-00001520,CUST000326,AGT00202,PROD0042,active,2025-07-07,2026-07-07,13590.97,13175.65
POL001521,PN-00001521,CUST003482,AGT00026,PROD0040,renewed,2025-01-06,2026-01-06,12189.64,11810.66
POL001522,PN-00001522,CUST001306,AGT00429,PROD0019,active,2025-12-26,2026-12-26,7344.31,6946.31
POL001523,PN-00001523,CUST001990,AGT00488,PROD0004,renewed,2025-12-24,2026-12-24,3425.59,3128.26
POL001524,PN-00001524,CUST004396,AGT00309,PROD0002,quoted,2026-06-19,2027-06-19,1689.01,1526.35
POL001525,PN-00001525,CUST003421,AGT00128,PROD0018,issued,2026-08-05,2027-08-05,7064.99,6715.2
POL001526,PN-00001526,CUST002164,AGT00456,PROD0050,active,2023-10-03,2024-10-02,969.73,887.97
POL001527,PN-00001527,CUST000127,AGT00162,PROD0050,cancelled,2026-02-28,2027-02-28,7307.97,6910.92
POL001528,PN-00001528,CUST001760,AGT00398,PROD0028,active,2026-02-11,2027-02-11,11687.11,11606.19
POL001529,PN-00001529,CUST003934,AGT00194,PROD0023,cancelled,2025-07-09,2026-07-09,5590.82,5225.76
POL001530,PN-00001530,CUST002719,AGT00261,PROD0027,expired,2026-02-15,2027-02-15,5059.47,4997.14
POL001531,PN-00001531,CUST002950,AGT00013,PROD0047,active,2025-05-22,2026-05-22,11504.41,11488.03
POL001532,PN-00001532,CUST004104,AGT00245,PROD0034,active,2023-12-10,2024-12-09,9970.29,9845.45
POL001533,PN-00001533,CUST004180,AGT00243,PROD0008,quoted,2024-04-04,2025-04-04,960.94,881.73
POL001534,PN-00001534,CUST002887,AGT00134,PROD0026,active,2026-08-05,2027-08-05,4195.78,3876.34
POL001535,PN-00001535,CUST003644,AGT00319,PROD0033,active,2024-12-16,2025-12-16,2302.6,2218.66
POL001536,PN-00001536,CUST004168,AGT00147,PROD0019,issued,2025-07-21,2026-07-21,388.98,376.9
POL001537,PN-00001537,CUST002551,AGT00191,PROD0003,expired,2024-11-04,2025-11-04,10095.47,9299.96
POL001538,PN-00001538,CUST001605,AGT00247,PROD0003,cancelled,2025-05-25,2026-05-25,9169.36,8847.3
POL001539,PN-00001539,CUST000538,AGT00268,PROD0007,issued,2026-04-24,2027-04-24,6090.35,5601.8
POL001540,PN-00001540,CUST003612,AGT00439,PROD0024,cancelled,2026-09-03,2027-09-03,9367.55,8958.98
POL001541,PN-00001541,CUST001340,AGT00092,PROD0037,active,2025-12-10,2026-12-10,14106.35,13042.94
POL001542,PN-00001542,CUST001244,AGT00148,PROD0005,renewed,2026-06-15,2027-06-15,10115.68,9961.06
POL001543,PN-00001543,CUST003785,AGT00369,PROD0006,issued,2023-06-15,2024-06-14,7941.09,7713.84
POL001544,PN-00001544,CUST003092,AGT00227,PROD0045,active,2025-08-01,2026-08-01,4629.33,4341.86
POL001545,PN-00001545,CUST002163,AGT00280,PROD0040,lapsed,2023-01-06,2024-01-06,13031.2,12160.51
POL001546,PN-00001546,CUST001272,AGT00225,PROD0007,expired,2024-06-12,2025-06-12,3583.27,3430.42
POL001547,PN-00001547,CUST002223,AGT00241,PROD0017,active,2026-05-22,2027-05-22,3320.76,3246.23
POL001548,PN-00001548,CUST003199,AGT00357,PROD0034,lapsed,2025-12-28,2026-12-28,8859.85,8344.13
POL001549,PN-00001549,CUST003203,AGT00324,PROD0048,lapsed,2023-07-05,2024-07-04,10598.98,10244.23
POL001550,PN-00001550,CUST003764,AGT00197,PROD0020,quoted,2024-10-09,2025-10-09,7995.53,7627.47
POL001551,PN-00001551,CUST001549,AGT00042,PROD0040,active,2025-04-28,2026-04-28,9626.85,9362.72
POL001552,PN-00001552,CUST003663,AGT00429,PROD0037,quoted,2023-03-16,2024-03-15,9710.85,9574.45
POL001553,PN-00001553,CUST001587,AGT00340,PROD0005,quoted,2023-10-02,2024-10-01,14894.58,13956.98
POL001554,PN-00001554,CUST004015,AGT00154,PROD0004,lapsed,2023-10-14,2024-10-13,13628.22,13290.92
POL001555,PN-00001555,CUST002474,AGT00475,PROD0022,renewed,2026-06-26,2027-06-26,5700.08,5371.45
POL001556,PN-00001556,CUST002630,AGT00192,PROD0037,expired,2023-07-12,2024-07-11,9713.64,9243.35
POL001557,PN-00001557,CUST001861,AGT00018,PROD0032,active,2025-11-27,2026-11-27,3854.04,3510.72
POL001558,PN-00001558,CUST004262,AGT00356,PROD0045,active,2024-05-10,2025-05-10,5423.74,4940.55
POL001559,PN-00001559,CUST001933,AGT00392,PROD0048,active,2024-06-19,2025-06-19,5118.4,4709.86
POL001560,PN-00001560,CUST003030,AGT00355,PROD0034,active,2023-04-25,2024-04-24,14479.93,13450.37
POL001561,PN-00001561,CUST002616,AGT00429,PROD0032,expired,2023-06-08,2024-06-07,13780.83,13772.31
POL001562,PN-00001562,CUST003812,AGT00139,PROD0050,active,2024-03-01,2025-03-01,5194.26,4984.89
POL001563,PN-00001563,CUST004214,AGT00421,PROD0027,quoted,2024-02-16,2025-02-15,2266.83,2075.02
POL001564,PN-00001564,CUST000817,AGT00238,PROD0017,quoted,2026-07-22,2027-07-22,13570.8,12389.75
POL001565,PN-00001565,CUST000609,AGT00023,PROD0025,renewed,2023-01-06,2024-01-06,11783.28,11061.99
POL001566,PN-00001566,CUST002431,AGT00141,PROD0014,expired,2024-03-01,2025-03-01,4413.57,3973.12
POL001567,PN-00001567,CUST003075,AGT00497,PROD0014,expired,2024-05-18,2025-05-18,10951.05,10160.09
POL001568,PN-00001568,CUST003306,AGT00327,PROD0012,renewed,2026-04-28,2027-04-28,12128.98,10961.84
POL001569,PN-00001569,CUST001402,AGT00170,PROD0010,issued,2023-07-13,2024-07-12,5591.8,5183.03
POL001570,PN-00001570,CUST001866,AGT00485,PROD0023,active,2023-07-15,2024-07-14,7280.26,7038.96
POL001571,PN-00001571,CUST004157,AGT00188,PROD0003,active,2024-06-23,2025-06-23,11034.26,10522.25
POL001572,PN-00001572,CUST001389,AGT00199,PROD0004,active,2026-07-21,2027-07-21,13289.27,13052.65
POL001573,PN-00001573,CUST002014,AGT00171,PROD0019,active,2026-09-03,2027-09-03,7217.57,6680.92
POL001574,PN-00001574,CUST002618,AGT00475,PROD0047,active,2025-01-07,2026-01-07,12100.67,10945.61
POL001575,PN-00001575,CUST003323,AGT00459,PROD0005,quoted,2023-08-26,2024-08-25,14903.16,13419.2
POL001576,PN-00001576,CUST002995,AGT00336,PROD0034,cancelled,2026-05-22,2027-05-22,2287.51,2252.2
POL001577,PN-00001577,CUST001353,AGT00101,PROD0018,quoted,2023-04-16,2024-04-15,7746.74,7554.63
POL001578,PN-00001578,CUST003432,AGT00288,PROD0043,cancelled,2024-04-06,2025-04-06,3518.33,3500.75
POL001579,PN-00001579,CUST003292,AGT00123,PROD0033,issued,2025-01-29,2026-01-29,8973.97,8548.44
POL001580,PN-00001580,CUST001261,AGT00285,PROD0017,renewed,2024-03-05,2025-03-05,9304.11,8650.11
POL001581,PN-00001581,CUST003192,AGT00297,PROD0036,cancelled,2023-03-28,2024-03-27,943.79,917.04
POL001582,PN-00001582,CUST004001,AGT00365,PROD0014,quoted,2024-02-19,2025-02-18,13639.36,12903.99
POL001583,PN-00001583,CUST001031,AGT00208,PROD0041,active,2025-03-06,2026-03-06,314.25,283.14
POL001584,PN-00001584,CUST002064,AGT00234,PROD0024,cancelled,2023-02-23,2024-02-23,1808.07,1630.07
POL001585,PN-00001585,CUST003379,AGT00348,PROD0026,lapsed,2024-12-11,2025-12-11,11792.01,11314.73
POL001586,PN-00001586,CUST000319,AGT00331,PROD0026,expired,2024-10-23,2025-10-23,8163.14,8054.99
POL001587,PN-00001587,CUST004071,AGT00444,PROD0048,active,2023-09-30,2024-09-29,2707.93,2515.52
POL001588,PN-00001588,CUST000346,AGT00130,PROD0016,active,2023-02-07,2024-02-07,1200.5,1163.31
POL001589,PN-00001589,CUST004704,AGT00054,PROD0003,renewed,2025-05-29,2026-05-29,12832.88,12625.15
POL001590,PN-00001590,CUST000826,AGT00379,PROD0016,cancelled,2025-02-20,2026-02-20,11454.36,10986.72
POL001591,PN-00001591,CUST000745,AGT00433,PROD0020,active,2023-10-29,2024-10-28,12550.38,11982.58
POL001592,PN-00001592,CUST000892,AGT00069,PROD0010,expired,2024-03-18,2025-03-18,2618.41,2534.44
POL001593,PN-00001593,CUST000989,AGT00139,PROD0001,cancelled,2023-09-27,2024-09-26,9649.43,8971.99
POL001594,PN-00001594,CUST001194,AGT00134,PROD0048,active,2026-05-02,2027-05-02,2596.13,2398.79
POL001595,PN-00001595,CUST001218,AGT00119,PROD0045,quoted,2023-09-27,2024-09-26,11677.77,10527.6
POL001596,PN-00001596,CUST000791,AGT00098,PROD0009,active,2025-07-05,2026-07-05,8038.47,7672.38
POL001597,PN-00001597,CUST001320,AGT00136,PROD0043,renewed,2024-04-27,2025-04-27,5193.79,4968.99
POL001598,PN-00001598,CUST001912,AGT00172,PROD0015,expired,2023-11-28,2024-11-27,9181.24,8370.15
POL001599,PN-00001599,CUST003971,AGT00211,PROD0012,lapsed,2026-04-20,2027-04-20,4425.96,4104.99
POL001600,PN-00001600,CUST004000,AGT00410,PROD0025,lapsed,2024-08-08,2025-08-08,1123.27,1095.59
POL001601,PN-00001601,CUST004884,AGT00445,PROD0030,cancelled,2025-07-27,2026-07-27,8826.32,8133.92
POL001602,PN-00001602,CUST000567,AGT00464,PROD0018,quoted,2023-01-08,2024-01-08,8411.86,8110.66
POL001603,PN-00001603,CUST000326,AGT00306,PROD0004,active,2025-03-14,2026-03-14,3915.96,3671.89
POL001604,PN-00001604,CUST001056,AGT00249,PROD0013,cancelled,2023-09-07,2024-09-06,10903.42,10274.37
POL001605,PN-00001605,CUST001343,AGT00216,PROD0005,active,2025-09-30,2026-09-30,11264.54,10621.7
POL001606,PN-00001606,CUST004815,AGT00075,PROD0019,lapsed,2024-10-19,2025-10-19,12231.29,11708.02
POL001607,PN-00001607,CUST003691,AGT00443,PROD0030,active,2024-02-05,2025-02-04,8295.2,8039.05
POL001608,PN-00001608,CUST001592,AGT00485,PROD0033,expired,2023-11-16,2024-11-15,1241.21,1137.72
POL001609,PN-00001609,CUST001311,AGT00085,PROD0012,active,2023-11-25,2024-11-24,14208.31,13067.09
POL001610,PN-00001610,CUST000678,AGT00101,PROD0033,active,2024-10-28,2025-10-28,2896.05,2669.43
POL001611,PN-00001611,CUST004927,AGT00015,PROD0025,quoted,2023-10-24,2024-10-23,7434.58,7264.63
POL001612,PN-00001612,CUST002387,AGT00471,PROD0003,active,2023-07-16,2024-07-15,14980.47,13593.89
POL001613,PN-00001613,CUST002552,AGT00174,PROD0011,active,2024-01-15,2025-01-14,8976.87,8305.08
POL001614,PN-00001614,CUST003029,AGT00199,PROD0029,active,2023-02-23,2024-02-23,7979.31,7640.41
POL001615,PN-00001615,CUST001858,AGT00464,PROD0045,active,2026-08-12,2027-08-12,5422.26,5105.05
POL001616,PN-00001616,CUST001281,AGT00356,PROD0040,renewed,2024-01-23,2025-01-22,3190.25,2960.02
POL001617,PN-00001617,CUST002887,AGT00473,PROD0013,active,2024-12-01,2025-12-01,8426.41,7758.38
POL001618,PN-00001618,CUST004279,AGT00229,PROD0033,cancelled,2026-08-11,2027-08-11,14166.12,13865.46
POL001619,PN-00001619,CUST000653,AGT00375,PROD0040,quoted,2023-02-14,2024-02-14,5303.08,5079.98
POL001620,PN-00001620,CUST002196,AGT00175,PROD0036,cancelled,2025-09-14,2026-09-14,5612.7,5084.65
POL001621,PN-00001621,CUST001517,AGT00177,PROD0031,active,2023-09-22,2024-09-21,3607.43,3251.74
POL001622,PN-00001622,CUST003949,AGT00003,PROD0036,issued,2025-05-12,2026-05-12,13147.45,12565.75
POL001623,PN-00001623,CUST004940,AGT00417,PROD0020,expired,2025-10-27,2026-10-27,12439.31,12042.83
POL001624,PN-00001624,CUST002336,AGT00239,PROD0047,active,2026-07-14,2027-07-14,11372.48,11080.38
POL001625,PN-00001625,CUST000803,AGT00138,PROD0036,expired,2024-05-26,2025-05-26,11177.21,11031.28
POL001626,PN-00001626,CUST000339,AGT00285,PROD0041,active,2025-02-19,2026-02-19,8699.23,8227.8
POL001627,PN-00001627,CUST000006,AGT00383,PROD0012,cancelled,2024-11-12,2025-11-12,12335.79,12092.59
POL001628,PN-00001628,CUST002165,AGT00457,PROD0041,quoted,2023-07-31,2024-07-30,12000.93,11871.51
POL001629,PN-00001629,CUST003015,AGT00182,PROD0048,active,2025-04-20,2026-04-20,2915.71,2909.43
POL001630,PN-00001630,CUST001171,AGT00217,PROD0043,lapsed,2025-04-15,2026-04-15,6851.76,6184.52
POL001631,PN-00001631,CUST004667,AGT00424,PROD0017,expired,2023-04-12,2024-04-11,11162.84,10383.92
POL001632,PN-00001632,CUST000291,AGT00128,PROD0013,active,2025-05-18,2026-05-18,12375.97,12179.65
POL001633,PN-00001633,CUST002662,AGT00389,PROD0013,cancelled,2023-11-16,2024-11-15,644.89,597.86
POL001634,PN-00001634,CUST001843,AGT00072,PROD0027,active,2026-07-22,2027-07-22,1287.14,1196.83
POL001635,PN-00001635,CUST000481,AGT00357,PROD0043,cancelled,2024-03-01,2025-03-01,7333.3,6709.5
POL001636,PN-00001636,CUST002184,AGT00098,PROD0008,cancelled,2023-03-30,2024-03-29,9247.84,8948.05
POL001637,PN-00001637,CUST003370,AGT00274,PROD0016,cancelled,2026-08-25,2027-08-25,13682.15,12643.36
POL001638,PN-00001638,CUST000640,AGT00383,PROD0012,active,2023-12-01,2024-11-30,14873.53,14483.29
POL001639,PN-00001639,CUST003292,AGT00142,PROD0038,lapsed,2025-06-28,2026-06-28,4441.36,4203.1
POL001640,PN-00001640,CUST003563,AGT00225,PROD0042,active,2026-07-06,2027-07-06,10119.37,9392.61
POL001641,PN-00001641,CUST004148,AGT00212,PROD0041,quoted,2024-04-21,2025-04-21,844.1,798.54
POL001642,PN-00001642,CUST000650,AGT00377,PROD0003,issued,2023-05-22,2024-05-21,11077.49,10119.52
POL001643,PN-00001643,CUST002376,AGT00269,PROD0050,active,2023-01-19,2024-01-19,5767.22,5734.03
POL001644,PN-00001644,CUST000859,AGT00058,PROD0048,quoted,2025-11-08,2026-11-08,7390.79,6670.57
POL001645,PN-00001645,CUST002099,AGT00300,PROD0005,quoted,2023-04-22,2024-04-21,9971.04,9411.98
POL001646,PN-00001646,CUST001576,AGT00353,PROD0005,active,2024-08-23,2025-08-23,13787.48,13786.37
POL001647,PN-00001647,CUST002321,AGT00292,PROD0039,expired,2024-03-01,2025-03-01,539.26,500.93
POL001648,PN-00001648,CUST002171,AGT00044,PROD0009,quoted,2023-05-31,2024-05-30,1167.25,1128.88
POL001649,PN-00001649,CUST002249,AGT00351,PROD0014,cancelled,2023-06-03,2024-06-02,729.56,683.63
POL001650,PN-00001650,CUST000077,AGT00112,PROD0006,lapsed,2025-01-16,2026-01-16,11000.72,10401.96
POL001651,PN-00001651,CUST002593,AGT00020,PROD0025,expired,2025-04-30,2026-04-30,526.66,497.42
POL001652,PN-00001652,CUST002931,AGT00332,PROD0008,lapsed,2024-07-01,2025-07-01,2005.43,1850.6
POL001653,PN-00001653,CUST000590,AGT00171,PROD0026,issued,2023-02-13,2024-02-13,8632.07,7998.33
POL001654,PN-00001654,CUST001078,AGT00477,PROD0030,active,2025-08-29,2026-08-29,1060.73,961.56
POL001655,PN-00001655,CUST001887,AGT00277,PROD0025,cancelled,2023-08-24,2024-08-23,1839.35,1677.89
POL001656,PN-00001656,CUST000650,AGT00465,PROD0046,renewed,2025-06-08,2026-06-08,2860.24,2816.21
POL001657,PN-00001657,CUST002098,AGT00107,PROD0049,active,2025-01-27,2026-01-27,9360.15,8528.84
POL001658,PN-00001658,CUST003219,AGT00054,PROD0042,quoted,2025-05-13,2026-05-13,14463.23,13930.7
POL001659,PN-00001659,CUST004088,AGT00096,PROD0021,quoted,2024-12-13,2025-12-13,3467.13,3292.66
POL001660,PN-00001660,CUST004090,AGT00460,PROD0005,renewed,2024-01-18,2025-01-17,2440.7,2232.03
POL001661,PN-00001661,CUST000261,AGT00280,PROD0042,active,2024-09-19,2025-09-19,5016.95,4666.09
POL001662,PN-00001662,CUST000164,AGT00281,PROD0034,quoted,2025-06-13,2026-06-13,10872.39,10589.37
POL001663,PN-00001663,CUST003511,AGT00346,PROD0038,active,2023-09-20,2024-09-19,4968.73,4875.6
POL001664,PN-00001664,CUST003339,AGT00020,PROD0007,active,2023-01-31,2024-01-31,13864.51,13562.46
POL001665,PN-00001665,CUST004840,AGT00051,PROD0050,quoted,2024-07-04,2025-07-04,11657.11,11437.18
POL001666,PN-00001666,CUST004138,AGT00059,PROD0011,issued,2026-07-02,2027-07-02,6939.55,6935.34
POL001667,PN-00001667,CUST004811,AGT00070,PROD0043,lapsed,2026-08-09,2027-08-09,3015.56,2848.94
POL001668,PN-00001668,CUST002506,AGT00376,PROD0005,active,2024-11-17,2025-11-17,10736.68,10331.5
POL001669,PN-00001669,CUST002916,AGT00136,PROD0041,cancelled,2024-01-28,2025-01-27,4678.44,4594.62
POL001670,PN-00001670,CUST001218,AGT00208,PROD0028,renewed,2024-06-17,2025-06-17,9778.2,9037.84
POL001671,PN-00001671,CUST003552,AGT00321,PROD0039,active,2025-03-17,2026-03-17,12645.75,12075.05
POL001672,PN-00001672,CUST000681,AGT00020,PROD0022,active,2023-05-24,2024-05-23,14297.26,13676.08
POL001673,PN-00001673,CUST001112,AGT00358,PROD0030,active,2023-10-31,2024-10-30,12342.14,11131.66
POL001674,PN-00001674,CUST003491,AGT00253,PROD0031,active,2025-10-16,2026-10-16,9377.7,9061.88
POL001675,PN-00001675,CUST003732,AGT00235,PROD0033,quoted,2023-05-17,2024-05-16,470.11,447.11
POL001676,PN-00001676,CUST001104,AGT00129,PROD0004,active,2025-10-27,2026-10-27,9262.29,8922.41
POL001677,PN-00001677,CUST000682,AGT00367,PROD0045,issued,2024-03-24,2025-03-24,3107.63,3105.57
POL001678,PN-00001678,CUST003723,AGT00296,PROD0012,active,2023-04-23,2024-04-22,8560.33,8381.81
POL001679,PN-00001679,CUST003157,AGT00043,PROD0046,quoted,2025-03-04,2026-03-04,9751.1,8856.29
POL001680,PN-00001680,CUST001238,AGT00302,PROD0021,expired,2023-08-28,2024-08-27,10284.37,9918.67
POL001681,PN-00001681,CUST003287,AGT00030,PROD0044,expired,2026-02-25,2027-02-25,13768.56,13701.24
POL001682,PN-00001682,CUST003468,AGT00398,PROD0008,quoted,2023-06-29,2024-06-28,12807.58,12237.23
POL001683,PN-00001683,CUST000014,AGT00345,PROD0016,active,2026-07-03,2027-07-03,696.4,672.6
POL001684,PN-00001684,CUST003912,AGT00201,PROD0031,quoted,2024-03-19,2025-03-19,11433.92,11176.11
POL001685,PN-00001685,CUST003420,AGT00118,PROD0014,cancelled,2024-03-23,2025-03-23,12298.5,11122.82
POL001686,PN-00001686,CUST003204,AGT00360,PROD0026,expired,2026-08-09,2027-08-09,14961.38,13478.09
POL001687,PN-00001687,CUST002789,AGT00182,PROD0002,quoted,2025-12-13,2026-12-13,9790.2,9143.81
POL001688,PN-00001688,CUST000399,AGT00348,PROD0039,quoted,2023-04-20,2024-04-19,8361.46,7873.23
POL001689,PN-00001689,CUST001531,AGT00185,PROD0004,quoted,2026-04-24,2027-04-24,11496.01,10750.48
POL001690,PN-00001690,CUST003038,AGT00457,PROD0028,issued,2024-08-27,2025-08-27,4880.95,4678.41
POL001691,PN-00001691,CUST002359,AGT00397,PROD0005,expired,2023-09-17,2024-09-16,4140.36,3753.58
POL001692,PN-00001692,CUST000395,AGT00191,PROD0001,quoted,2024-01-04,2025-01-03,9064.52,8557.1
POL001693,PN-00001693,CUST000756,AGT00298,PROD0008,active,2026-07-14,2027-07-14,7719.87,7419.8
POL001694,PN-00001694,CUST004396,AGT00108,PROD0027,quoted,2025-10-07,2026-10-07,7971.59,7363.37
POL001695,PN-00001695,CUST000768,AGT00231,PROD0029,issued,2024-07-25,2025-07-25,8583.33,8561.08
POL001696,PN-00001696,CUST003918,AGT00223,PROD0029,quoted,2024-11-12,2025-11-12,5758.84,5343.67
POL001697,PN-00001697,CUST004045,AGT00174,PROD0042,issued,2024-02-12,2025-02-11,11145.81,10401.72
POL001698,PN-00001698,CUST003652,AGT00182,PROD0042,cancelled,2023-09-28,2024-09-27,13429.06,12156.57
POL001699,PN-00001699,CUST004411,AGT00127,PROD0036,active,2025-03-17,2026-03-17,825.94,821.55
POL001700,PN-00001700,CUST000483,AGT00110,PROD0028,expired,2025-10-12,2026-10-12,4579.72,4324.22
POL001701,PN-00001701,CUST002950,AGT00452,PROD0026,active,2025-08-24,2026-08-24,14287.29,13961.57
POL001702,PN-00001702,CUST002663,AGT00483,PROD0005,renewed,2024-10-08,2025-10-08,3950.49,3667.81
POL001703,PN-00001703,CUST004903,AGT00479,PROD0009,issued,2025-10-13,2026-10-13,315.27,289.13
POL001704,PN-00001704,CUST003754,AGT00280,PROD0003,lapsed,2023-02-22,2024-02-22,3350.08,3044.89
POL001705,PN-00001705,CUST000018,AGT00060,PROD0001,quoted,2024-05-25,2025-05-25,9619.99,9141.66
POL001706,PN-00001706,CUST001961,AGT00132,PROD0007,quoted,2025-04-09,2026-04-09,441.55,422.86
POL001707,PN-00001707,CUST002847,AGT00251,PROD0046,cancelled,2025-12-01,2026-12-01,8161.1,7437.84
POL001708,PN-00001708,CUST003282,AGT00205,PROD0006,expired,2026-02-26,2027-02-26,571.6,529.34
POL001709,PN-00001709,CUST002178,AGT00459,PROD0039,active,2023-04-09,2024-04-08,4426.24,4313.31
POL001710,PN-00001710,CUST003266,AGT00368,PROD0005,active,2025-06-08,2026-06-08,14391.57,13132.51
POL001711,PN-00001711,CUST001384,AGT00239,PROD0045,issued,2025-06-28,2026-06-28,2243.83,2023.63
POL001712,PN-00001712,CUST002201,AGT00400,PROD0042,expired,2023-03-19,2024-03-18,2789.79,2516.2
POL001713,PN-00001713,CUST001476,AGT00268,PROD0042,expired,2024-09-11,2025-09-11,12815.96,11990.23
POL001714,PN-00001714,CUST002713,AGT00300,PROD0010,cancelled,2023-07-06,2024-07-05,10697.17,10037.22
POL001715,PN-00001715,CUST004155,AGT00414,PROD0026,active,2024-05-27,2025-05-27,13141.11,12943.74
POL001716,PN-00001716,CUST004793,AGT00231,PROD0018,issued,2024-12-22,2025-12-22,3095.84,2951.03
POL001717,PN-00001717,CUST001444,AGT00120,PROD0035,expired,2024-08-25,2025-08-25,8479.94,7703.4
POL001718,PN-00001718,CUST002489,AGT00156,PROD0017,active,2024-04-03,2025-04-03,11059.19,10693.82
POL001719,PN-00001719,CUST003615,AGT00463,PROD0015,quoted,2025-02-12,2026-02-12,11635.71,11194.11
POL001720,PN-00001720,CUST000508,AGT00263,PROD0022,renewed,2025-06-16,2026-06-16,5289.92,5079.83
POL001721,PN-00001721,CUST003628,AGT00201,PROD0049,active,2024-03-18,2025-03-18,1838.91,1775.27
POL001722,PN-00001722,CUST001473,AGT00364,PROD0037,active,2023-02-02,2024-02-02,491.52,488.2
POL001723,PN-00001723,CUST001360,AGT00329,PROD0032,cancelled,2026-01-05,2027-01-05,14071.45,12885.33
POL001724,PN-00001724,CUST001661,AGT00152,PROD0026,issued,2026-09-10,2027-09-10,1452.8,1422.22
POL001725,PN-00001725,CUST001308,AGT00058,PROD0049,quoted,2025-05-23,2026-05-23,7531.51,7396.4
POL001726,PN-00001726,CUST004986,AGT00210,PROD0003,expired,2023-07-01,2024-06-30,590.06,582.61
POL001727,PN-00001727,CUST004143,AGT00454,PROD0040,active,2025-07-01,2026-07-01,7679.95,7453.91
POL001728,PN-00001728,CUST001061,AGT00377,PROD0024,active,2025-05-13,2026-05-13,5599.84,5462.9
POL001729,PN-00001729,CUST001791,AGT00286,PROD0022,quoted,2024-05-28,2025-05-28,10625.96,10230.62
POL001730,PN-00001730,CUST002463,AGT00370,PROD0019,active,2026-07-06,2027-07-06,5250.2,5187.87
POL001731,PN-00001731,CUST004510,AGT00205,PROD0013,active,2025-12-15,2026-12-15,13288.63,12951.77
POL001732,PN-00001732,CUST003089,AGT00486,PROD0025,lapsed,2026-05-19,2027-05-19,11405.71,10401.78
POL001733,PN-00001733,CUST002110,AGT00151,PROD0039,quoted,2025-12-23,2026-12-23,6052.14,5530.11
POL001734,PN-00001734,CUST003314,AGT00407,PROD0022,lapsed,2024-04-06,2025-04-06,2994.63,2907.69
POL001735,PN-00001735,CUST001827,AGT00444,PROD0005,active,2024-12-06,2025-12-06,10043.11,9061.05
POL001736,PN-00001736,CUST000137,AGT00239,PROD0039,active,2023-08-02,2024-08-01,9384.14,9107.74
POL001737,PN-00001737,CUST004065,AGT00265,PROD0028,quoted,2023-02-16,2024-02-16,1412.83,1344.39
POL001738,PN-00001738,CUST001851,AGT00467,PROD0016,issued,2024-07-21,2025-07-21,12197.76,11196.75
POL001739,PN-00001739,CUST004324,AGT00077,PROD0039,cancelled,2026-08-15,2027-08-15,11234.85,10418.5
POL001740,PN-00001740,CUST000713,AGT00261,PROD0014,lapsed,2024-02-13,2025-02-12,11747.47,11184.62
POL001741,PN-00001741,CUST002493,AGT00334,PROD0032,cancelled,2024-09-21,2025-09-21,2427.17,2190.19
POL001742,PN-00001742,CUST002528,AGT00114,PROD0034,active,2023-09-30,2024-09-29,973.61,934.16
POL001743,PN-00001743,CUST000488,AGT00333,PROD0046,expired,2023-04-24,2024-04-23,6816.27,6439.49
POL001744,PN-00001744,CUST002728,AGT00172,PROD0001,active,2023-03-12,2024-03-11,11726.33,11693.26
POL001745,PN-00001745,CUST002611,AGT00248,PROD0041,expired,2026-07-18,2027-07-18,13423.1,13037.83
POL001746,PN-00001746,CUST001802,AGT00201,PROD0029,expired,2024-03-03,2025-03-03,3493.97,3168.32
POL001747,PN-00001747,CUST001481,AGT00498,PROD0017,cancelled,2025-08-24,2026-08-24,4428.36,4324.06
POL001748,PN-00001748,CUST000764,AGT00426,PROD0028,cancelled,2024-04-03,2025-04-03,2502.52,2361.56
POL001749,PN-00001749,CUST000528,AGT00329,PROD0018,active,2025-11-07,2026-11-07,13250.25,13198.23
POL001750,PN-00001750,CUST002167,AGT00335,PROD0016,cancelled,2025-05-03,2026-05-03,4735.49,4297.55
POL001751,PN-00001751,CUST004322,AGT00083,PROD0045,renewed,2025-07-09,2026-07-09,10313.49,9771.08
POL001752,PN-00001752,CUST000493,AGT00391,PROD0025,expired,2023-05-20,2024-05-19,4128.35,3727.69
POL001753,PN-00001753,CUST004036,AGT00343,PROD0017,active,2023-06-26,2024-06-25,9053.36,8171.25
POL001754,PN-00001754,CUST000494,AGT00032,PROD0047,expired,2026-04-19,2027-04-19,2579.74,2496.31
POL001755,PN-00001755,CUST001657,AGT00464,PROD0044,expired,2024-11-06,2025-11-06,13930.1,13691.87
POL001756,PN-00001756,CUST003655,AGT00267,PROD0016,lapsed,2026-07-05,2027-07-05,12165.37,11525.31
POL001757,PN-00001757,CUST003921,AGT00196,PROD0022,active,2024-06-17,2025-06-17,302.17,280.95
POL001758,PN-00001758,CUST003860,AGT00391,PROD0008,active,2024-08-02,2025-08-02,5364.89,5070.74
POL001759,PN-00001759,CUST000054,AGT00400,PROD0009,active,2025-12-24,2026-12-24,9818.13,9246.86
POL001760,PN-00001760,CUST002917,AGT00409,PROD0042,active,2025-06-02,2026-06-02,14472.44,13850.23
POL001761,PN-00001761,CUST003084,AGT00246,PROD0024,cancelled,2025-03-06,2026-03-06,2927.56,2857.78
POL001762,PN-00001762,CUST002794,AGT00346,PROD0017,active,2023-01-29,2024-01-29,3745.16,3589.42
POL001763,PN-00001763,CUST004180,AGT00388,PROD0037,cancelled,2024-05-20,2025-05-20,9194.33,8845.11
POL001764,PN-00001764,CUST002698,AGT00122,PROD0026,active,2026-09-06,2027-09-06,4686.46,4302.73
POL001765,PN-00001765,CUST000403,AGT00439,PROD0038,cancelled,2024-06-20,2025-06-20,6739.1,6238.41
POL001766,PN-00001766,CUST002130,AGT00254,PROD0026,active,2025-01-03,2026-01-03,7713.61,7413.04
POL001767,PN-00001767,CUST000092,AGT00035,PROD0036,active,2026-09-03,2027-09-03,7187.0,7068.29
POL001768,PN-00001768,CUST000512,AGT00140,PROD0016,active,2025-11-13,2026-11-13,8240.55,8130.25
POL001769,PN-00001769,CUST004256,AGT00231,PROD0005,lapsed,2024-12-24,2025-12-24,11608.86,10718.86
POL001770,PN-00001770,CUST002184,AGT00116,PROD0002,renewed,2023-09-27,2024-09-26,12397.65,12271.92
POL001771,PN-00001771,CUST001967,AGT00282,PROD0021,active,2024-09-28,2025-09-28,4273.66,4189.52
POL001772,PN-00001772,CUST000498,AGT00080,PROD0040,lapsed,2024-06-15,2025-06-15,12355.92,12065.13
POL001773,PN-00001773,CUST002471,AGT00358,PROD0028,lapsed,2025-11-21,2026-11-21,8019.82,7728.12
POL001774,PN-00001774,CUST000384,AGT00277,PROD0046,active,2025-07-13,2026-07-13,6188.36,6150.05
POL001775,PN-00001775,CUST001427,AGT00250,PROD0011,renewed,2024-09-21,2025-09-21,6756.19,6150.56
POL001776,PN-00001776,CUST002876,AGT00229,PROD0036,lapsed,2025-07-23,2026-07-23,3144.87,2857.14
POL001777,PN-00001777,CUST003332,AGT00063,PROD0026,renewed,2023-11-18,2024-11-17,1255.17,1156.22
POL001778,PN-00001778,CUST003881,AGT00433,PROD0006,renewed,2024-04-25,2025-04-25,11208.17,10308.7
POL001779,PN-00001779,CUST002391,AGT00011,PROD0045,issued,2026-08-03,2027-08-03,14725.97,14091.52
POL001780,PN-00001780,CUST000962,AGT00204,PROD0028,issued,2025-04-30,2026-04-30,13046.86,12295.62
POL001781,PN-00001781,CUST002546,AGT00383,PROD0044,lapsed,2026-09-15,2027-09-15,6137.57,5844.64
POL001782,PN-00001782,CUST004729,AGT00330,PROD0047,expired,2025-06-02,2026-06-02,7348.92,6740.64
POL001783,PN-00001783,CUST000623,AGT00258,PROD0009,active,2024-01-04,2025-01-03,4886.7,4459.58
POL001784,PN-00001784,CUST004048,AGT00208,PROD0042,quoted,2026-02-04,2027-02-04,6527.03,6518.48
POL001785,PN-00001785,CUST003735,AGT00053,PROD0026,active,2025-06-26,2026-06-26,1652.43,1572.92
POL001786,PN-00001786,CUST004676,AGT00184,PROD0030,renewed,2026-06-02,2027-06-02,2371.86,2261.99
POL001787,PN-00001787,CUST001414,AGT00099,PROD0021,quoted,2023-11-06,2024-11-05,9085.54,9068.36
POL001788,PN-00001788,CUST000213,AGT00402,PROD0040,issued,2024-01-23,2025-01-22,4597.02,4239.7
POL001789,PN-00001789,CUST003617,AGT00123,PROD0017,active,2024-11-29,2025-11-29,4259.98,4037.75
POL001790,PN-00001790,CUST000786,AGT00494,PROD0005,lapsed,2024-12-09,2025-12-09,13174.37,13163.66
POL001791,PN-00001791,CUST001481,AGT00486,PROD0005,cancelled,2026-02-15,2027-02-15,1965.12,1785.16
POL001792,PN-00001792,CUST000755,AGT00401,PROD0039,quoted,2023-01-04,2024-01-04,6928.92,6537.29
POL001793,PN-00001793,CUST003868,AGT00335,PROD0028,issued,2026-05-25,2027-05-25,3202.06,2948.95
POL001794,PN-00001794,CUST003205,AGT00462,PROD0020,active,2024-10-02,2025-10-02,3883.69,3570.34
POL001795,PN-00001795,CUST002425,AGT00083,PROD0023,active,2024-10-22,2025-10-22,14819.48,14761.68
POL001796,PN-00001796,CUST002006,AGT00125,PROD0045,issued,2023-12-25,2024-12-24,12285.65,11097.71
POL001797,PN-00001797,CUST001315,AGT00173,PROD0020,issued,2025-04-06,2026-04-06,6931.96,6441.34
POL001798,PN-00001798,CUST004824,AGT00343,PROD0039,renewed,2025-01-03,2026-01-03,12781.4,12105.55
POL001799,PN-00001799,CUST001905,AGT00049,PROD0045,expired,2025-09-10,2026-09-10,327.38,312.09
POL001800,PN-00001800,CUST001032,AGT00190,PROD0036,issued,2024-02-06,2025-02-05,3043.17,3012.43
POL001801,PN-00001801,CUST001773,AGT00169,PROD0020,active,2025-01-29,2026-01-29,6008.78,5879.95
POL001802,PN-00001802,CUST003858,AGT00316,PROD0033,active,2025-11-21,2026-11-21,10390.95,9805.88
POL001803,PN-00001803,CUST003552,AGT00121,PROD0027,active,2026-07-19,2027-07-19,12820.29,12798.46
POL001804,PN-00001804,CUST002556,AGT00369,PROD0020,issued,2026-04-01,2027-04-01,7764.06,7011.22
POL001805,PN-00001805,CUST003308,AGT00477,PROD0013,renewed,2023-09-28,2024-09-27,11824.58,11542.4
POL001806,PN-00001806,CUST004625,AGT00072,PROD0041,quoted,2023-02-25,2024-02-25,5842.0,5418.31
POL001807,PN-00001807,CUST004756,AGT00151,PROD0010,active,2026-06-15,2027-06-15,9264.46,9038.73
POL001808,PN-00001808,CUST000734,AGT00315,PROD0012,active,2024-06-29,2025-06-29,6869.41,6623.69
POL001809,PN-00001809,CUST002796,AGT00026,PROD0028,lapsed,2026-05-18,2027-05-18,10056.41,9955.51
POL001810,PN-00001810,CUST000490,AGT00295,PROD0038,active,2024-02-29,2025-02-28,7688.8,7592.58
POL001811,PN-00001811,CUST000774,AGT00071,PROD0002,lapsed,2024-03-17,2025-03-17,7820.54,7188.62
POL001812,PN-00001812,CUST004881,AGT00451,PROD0003,quoted,2023-08-03,2024-08-02,5725.49,5600.11
POL001813,PN-00001813,CUST003011,AGT00319,PROD0023,expired,2024-09-02,2025-09-02,7504.05,6812.65
POL001814,PN-00001814,CUST004578,AGT00386,PROD0004,lapsed,2026-07-10,2027-07-10,14662.72,13246.94
POL001815,PN-00001815,CUST001946,AGT00020,PROD0020,cancelled,2023-03-05,2024-03-04,390.14,377.74
POL001816,PN-00001816,CUST002213,AGT00446,PROD0027,active,2025-12-02,2026-12-02,549.09,500.69
POL001817,PN-00001817,CUST002247,AGT00109,PROD0016,cancelled,2025-05-02,2026-05-02,314.29,298.37
POL001818,PN-00001818,CUST001606,AGT00096,PROD0007,cancelled,2023-08-09,2024-08-08,2059.84,1908.66
POL001819,PN-00001819,CUST002723,AGT00318,PROD0041,active,2026-09-04,2027-09-04,9805.38,9391.52
POL001820,PN-00001820,CUST003883,AGT00305,PROD0048,quoted,2023-08-09,2024-08-08,9065.83,8705.25
POL001821,PN-00001821,CUST000545,AGT00121,PROD0025,expired,2024-08-22,2025-08-22,1266.73,1180.21
POL001822,PN-00001822,CUST004662,AGT00066,PROD0002,active,2025-01-24,2026-01-24,14680.57,14008.25
POL001823,PN-00001823,CUST001672,AGT00403,PROD0026,quoted,2023-02-21,2024-02-21,13545.32,13396.12
POL001824,PN-00001824,CUST000611,AGT00216,PROD0034,issued,2023-01-28,2024-01-28,1879.0,1755.05
POL001825,PN-00001825,CUST001776,AGT00380,PROD0027,active,2023-02-06,2024-02-06,9473.8,8725.57
POL001826,PN-00001826,CUST002453,AGT00187,PROD0041,renewed,2024-02-05,2025-02-04,9931.77,9144.75
POL001827,PN-00001827,CUST000482,AGT00002,PROD0038,issued,2025-04-27,2026-04-27,790.57,740.89
POL001828,PN-00001828,CUST002743,AGT00104,PROD0041,active,2023-03-01,2024-02-29,5574.53,5459.91
POL001829,PN-00001829,CUST002818,AGT00495,PROD0028,lapsed,2023-12-20,2024-12-19,13927.88,13296.65
POL001830,PN-00001830,CUST004601,AGT00332,PROD0045,active,2026-01-09,2027-01-09,556.36,556.04
POL001831,PN-00001831,CUST004059,AGT00023,PROD0017,cancelled,2025-04-23,2026-04-23,4361.25,4065.86
POL001832,PN-00001832,CUST000797,AGT00350,PROD0026,active,2026-03-13,2027-03-13,11063.63,10751.07
POL001833,PN-00001833,CUST000259,AGT00432,PROD0022,active,2026-07-31,2027-07-31,13421.71,12213.41
POL001834,PN-00001834,CUST004635,AGT00105,PROD0024,quoted,2024-02-12,2025-02-11,8632.05,7971.22
POL001835,PN-00001835,CUST004745,AGT00038,PROD0045,expired,2025-03-22,2026-03-22,12270.55,11654.09
POL001836,PN-00001836,CUST000218,AGT00320,PROD0044,lapsed,2025-01-07,2026-01-07,2581.05,2558.82
POL001837,PN-00001837,CUST002722,AGT00347,PROD0033,quoted,2025-02-14,2026-02-14,8100.46,7501.97
POL001838,PN-00001838,CUST001550,AGT00311,PROD0017,quoted,2023-10-23,2024-10-22,8971.75,8968.72
POL001839,PN-00001839,CUST004218,AGT00347,PROD0043,active,2025-12-23,2026-12-23,8928.47,8327.19
POL001840,PN-00001840,CUST004423,AGT00425,PROD0041,active,2024-10-26,2025-10-26,7415.81,7125.66
POL001841,PN-00001841,CUST004460,AGT00024,PROD0013,renewed,2025-09-06,2026-09-06,648.49,614.22
POL001842,PN-00001842,CUST000677,AGT00079,PROD0004,lapsed,2025-01-24,2026-01-24,14517.29,13660.06
POL001843,PN-00001843,CUST002506,AGT00266,PROD0023,renewed,2024-02-25,2025-02-24,10471.0,9687.78
POL001844,PN-00001844,CUST003759,AGT00486,PROD0036,active,2023-06-09,2024-06-08,12115.58,12085.36
POL001845,PN-00001845,CUST004854,AGT00179,PROD0045,active,2026-09-01,2027-09-01,2028.61,1828.64
POL001846,PN-00001846,CUST000470,AGT00381,PROD0005,expired,2026-02-07,2027-02-07,1784.36,1619.3
POL001847,PN-00001847,CUST000275,AGT00002,PROD0003,cancelled,2024-07-19,2025-07-19,7866.17,7319.02
POL001848,PN-00001848,CUST000895,AGT00371,PROD0050,active,2023-10-04,2024-10-03,10325.67,9815.93
POL001849,PN-00001849,CUST000849,AGT00005,PROD0047,cancelled,2026-04-08,2027-04-08,4481.01,4107.03
POL001850,PN-00001850,CUST002678,AGT00453,PROD0016,cancelled,2026-03-17,2027-03-17,5962.25,5867.97
POL001851,PN-00001851,CUST003534,AGT00041,PROD0018,active,2024-07-04,2025-07-04,1786.59,1726.41
POL001852,PN-00001852,CUST004621,AGT00278,PROD0029,quoted,2023-05-06,2024-05-05,1221.14,1173.78
POL001853,PN-00001853,CUST001059,AGT00063,PROD0022,issued,2023-10-26,2024-10-25,8955.55,8504.42
POL001854,PN-00001854,CUST003534,AGT00057,PROD0008,active,2023-07-17,2024-07-16,13306.88,12661.64
POL001855,PN-00001855,CUST001919,AGT00081,PROD0017,cancelled,2023-03-19,2024-03-18,9104.0,9038.52
POL001856,PN-00001856,CUST001111,AGT00477,PROD0044,active,2025-04-22,2026-04-22,12256.52,11182.17
POL001857,PN-00001857,CUST003383,AGT00366,PROD0037,quoted,2024-09-03,2025-09-03,7889.09,7101.64
POL001858,PN-00001858,CUST000527,AGT00085,PROD0046,quoted,2024-02-29,2025-02-28,3522.99,3213.87
POL001859,PN-00001859,CUST003726,AGT00297,PROD0025,expired,2024-11-21,2025-11-21,14731.59,14216.78
POL001860,PN-00001860,CUST002014,AGT00096,PROD0015,active,2026-01-28,2027-01-28,10986.6,10314.47
POL001861,PN-00001861,CUST002519,AGT00051,PROD0019,expired,2024-05-08,2025-05-08,4817.05,4764.51
POL001862,PN-00001862,CUST001436,AGT00411,PROD0033,active,2023-02-16,2024-02-16,11324.51,10942.26
POL001863,PN-00001863,CUST000457,AGT00161,PROD0013,quoted,2025-11-15,2026-11-15,10206.74,9535.89
POL001864,PN-00001864,CUST003009,AGT00004,PROD0040,issued,2024-07-07,2025-07-07,2678.62,2527.54
POL001865,PN-00001865,CUST001896,AGT00204,PROD0010,renewed,2024-11-09,2025-11-09,14303.58,13129.44
POL001866,PN-00001866,CUST000216,AGT00359,PROD0033,active,2025-10-01,2026-10-01,3019.87,3005.83
POL001867,PN-00001867,CUST001002,AGT00489,PROD0004,cancelled,2025-02-02,2026-02-02,8870.2,8640.6
POL001868,PN-00001868,CUST004691,AGT00261,PROD0048,cancelled,2023-06-22,2024-06-21,5784.95,5259.14
POL001869,PN-00001869,CUST002556,AGT00304,PROD0023,expired,2025-01-23,2026-01-23,2761.75,2556.27
POL001870,PN-00001870,CUST002601,AGT00072,PROD0009,active,2023-07-16,2024-07-15,7413.53,7081.17
POL001871,PN-00001871,CUST001160,AGT00136,PROD0050,active,2025-12-10,2026-12-10,7349.32,7030.75
POL001872,PN-00001872,CUST000490,AGT00340,PROD0011,issued,2023-02-16,2024-02-16,13399.48,12921.86
POL001873,PN-00001873,CUST003760,AGT00089,PROD0025,active,2024-10-05,2025-10-05,11691.51,11362.97
POL001874,PN-00001874,CUST001193,AGT00017,PROD0020,renewed,2026-07-04,2027-07-04,5233.39,4979.93
POL001875,PN-00001875,CUST000912,AGT00126,PROD0007,expired,2024-08-18,2025-08-18,5634.59,5148.43
POL001876,PN-00001876,CUST003055,AGT00117,PROD0004,active,2024-03-23,2025-03-23,1188.8,1103.28
POL001877,PN-00001877,CUST000536,AGT00113,PROD0002,active,2023-02-01,2024-02-01,1998.85,1812.14
POL001878,PN-00001878,CUST003476,AGT00155,PROD0020,active,2024-01-14,2025-01-13,1529.65,1447.81
POL001879,PN-00001879,CUST003917,AGT00258,PROD0044,cancelled,2023-02-26,2024-02-26,14478.5,13516.86
POL001880,PN-00001880,CUST001132,AGT00379,PROD0009,quoted,2025-09-06,2026-09-06,14496.95,14413.49
POL001881,PN-00001881,CUST001040,AGT00219,PROD0004,expired,2024-09-18,2025-09-18,8581.44,8257.88
POL001882,PN-00001882,CUST003876,AGT00314,PROD0038,active,2025-11-27,2026-11-27,14067.08,13154.88
POL001883,PN-00001883,CUST004847,AGT00224,PROD0042,active,2024-09-18,2025-09-18,1444.49,1350.26
POL001884,PN-00001884,CUST003669,AGT00354,PROD0028,expired,2024-08-16,2025-08-16,9386.47,8871.81
POL001885,PN-00001885,CUST003664,AGT00362,PROD0026,expired,2024-01-25,2025-01-24,3501.16,3328.21
POL001886,PN-00001886,CUST000329,AGT00227,PROD0008,active,2023-08-06,2024-08-05,9354.55,8885.98
POL001887,PN-00001887,CUST000391,AGT00337,PROD0050,active,2024-12-30,2025-12-30,9634.47,8714.84
POL001888,PN-00001888,CUST000542,AGT00074,PROD0031,active,2023-01-17,2024-01-17,11063.66,10099.56
POL001889,PN-00001889,CUST003026,AGT00478,PROD0037,active,2024-04-02,2025-04-02,3761.4,3464.34
POL001890,PN-00001890,CUST004522,AGT00044,PROD0020,expired,2024-04-20,2025-04-20,3419.27,3383.36
POL001891,PN-00001891,CUST000610,AGT00221,PROD0026,renewed,2026-06-26,2027-06-26,13231.63,12315.21
POL001892,PN-00001892,CUST002519,AGT00467,PROD0027,renewed,2026-04-07,2027-04-07,7452.49,6792.55
POL001893,PN-00001893,CUST004945,AGT00270,PROD0046,issued,2026-04-02,2027-04-02,5158.38,5050.99
POL001894,PN-00001894,CUST000965,AGT00190,PROD0032,active,2026-01-21,2027-01-21,13568.48,12537.11
POL001895,PN-00001895,CUST000492,AGT00468,PROD0013,cancelled,2025-10-10,2026-10-10,2026.26,2013.25
POL001896,PN-00001896,CUST004226,AGT00206,PROD0001,active,2024-01-08,2025-01-07,6214.45,5723.65
POL001897,PN-00001897,CUST001457,AGT00371,PROD0020,lapsed,2024-11-25,2025-11-25,12015.77,11680.9
POL001898,PN-00001898,CUST002340,AGT00365,PROD0025,renewed,2026-04-04,2027-04-04,12804.94,11613.04
POL001899,PN-00001899,CUST002304,AGT00237,PROD0042,quoted,2026-02-03,2027-02-03,7603.92,7238.29
POL001900,PN-00001900,CUST000189,AGT00183,PROD0042,issued,2025-07-30,2026-07-30,9517.96,9412.28
POL001901,PN-00001901,CUST004078,AGT00271,PROD0017,quoted,2026-07-18,2027-07-18,4810.09,4358.16
POL001902,PN-00001902,CUST003993,AGT00423,PROD0017,active,2025-11-08,2026-11-08,9155.01,8492.35
POL001903,PN-00001903,CUST001893,AGT00227,PROD0039,expired,2024-02-24,2025-02-23,6268.4,6241.37
POL001904,PN-00001904,CUST002348,AGT00159,PROD0035,renewed,2025-03-24,2026-03-24,11851.5,10804.69
POL001905,PN-00001905,CUST004412,AGT00269,PROD0005,active,2025-04-13,2026-04-13,1297.41,1263.65
POL001906,PN-00001906,CUST003609,AGT00331,PROD0015,renewed,2024-08-28,2025-08-28,12407.35,11524.22
POL001907,PN-00001907,CUST003422,AGT00225,PROD0034,active,2024-08-20,2025-08-20,5811.0,5498.84
POL001908,PN-00001908,CUST001926,AGT00355,PROD0016,issued,2026-08-08,2027-08-08,9619.94,9274.19
POL001909,PN-00001909,CUST004260,AGT00054,PROD0021,active,2025-04-30,2026-04-30,7583.96,6917.26
POL001910,PN-00001910,CUST001750,AGT00406,PROD0022,cancelled,2024-07-21,2025-07-21,9529.69,8904.09
POL001911,PN-00001911,CUST003590,AGT00306,PROD0030,renewed,2026-07-28,2027-07-28,12165.2,11679.96
POL001912,PN-00001912,CUST000500,AGT00244,PROD0029,active,2026-08-07,2027-08-07,1112.47,1071.41
POL001913,PN-00001913,CUST003058,AGT00173,PROD0014,issued,2023-02-24,2024-02-24,14867.89,14102.1
POL001914,PN-00001914,CUST000851,AGT00398,PROD0017,active,2023-08-02,2024-08-01,2524.88,2515.17
POL001915,PN-00001915,CUST004815,AGT00090,PROD0007,lapsed,2026-07-31,2027-07-31,2996.54,2803.98
POL001916,PN-00001916,CUST003669,AGT00354,PROD0009,cancelled,2024-06-13,2025-06-13,1068.31,998.01
POL001917,PN-00001917,CUST001332,AGT00168,PROD0007,lapsed,2025-10-17,2026-10-17,7196.45,6732.44
POL001918,PN-00001918,CUST002628,AGT00080,PROD0042,active,2025-04-06,2026-04-06,4828.1,4711.89
POL001919,PN-00001919,CUST002210,AGT00111,PROD0029,active,2024-09-22,2025-09-22,2570.47,2514.46
POL001920,PN-00001920,CUST000194,AGT00095,PROD0009,quoted,2023-04-16,2024-04-15,4345.45,4092.71
POL001921,PN-00001921,CUST004677,AGT00208,PROD0003,cancelled,2025-07-26,2026-07-26,2680.41,2454.29
POL001922,PN-00001922,CUST000506,AGT00489,PROD0044,lapsed,2023-08-07,2024-08-06,10945.45,10355.85
POL001923,PN-00001923,CUST000386,AGT00319,PROD0027,renewed,2025-07-13,2026-07-13,14273.77,13089.39
POL001924,PN-00001924,CUST000275,AGT00029,PROD0037,issued,2024-05-03,2025-05-03,14872.34,14477.87
POL001925,PN-00001925,CUST002806,AGT00200,PROD0047,active,2026-06-28,2027-06-28,3168.38,2870.3
POL001926,PN-00001926,CUST000009,AGT00217,PROD0047,expired,2024-12-12,2025-12-12,912.64,904.46
POL001927,PN-00001927,CUST000930,AGT00345,PROD0047,lapsed,2024-11-18,2025-11-18,13754.52,12727.63
POL001928,PN-00001928,CUST002878,AGT00065,PROD0014,active,2025-03-23,2026-03-23,3975.66,3606.79
POL001929,PN-00001929,CUST000224,AGT00410,PROD0003,expired,2023-12-16,2024-12-15,787.85,747.8
POL001930,PN-00001930,CUST000280,AGT00153,PROD0004,active,2025-04-23,2026-04-23,2413.61,2195.56
POL001931,PN-00001931,CUST002971,AGT00062,PROD0045,expired,2025-08-12,2026-08-12,4931.17,4671.19
POL001932,PN-00001932,CUST001465,AGT00456,PROD0037,lapsed,2025-04-15,2026-04-15,703.7,663.62
POL001933,PN-00001933,CUST001920,AGT00042,PROD0018,active,2024-03-09,2025-03-09,4276.1,3925.24
POL001934,PN-00001934,CUST004058,AGT00424,PROD0003,quoted,2024-08-10,2025-08-10,3489.73,3465.92
POL001935,PN-00001935,CUST003748,AGT00087,PROD0011,active,2023-10-21,2024-10-20,8551.96,8225.19
POL001936,PN-00001936,CUST004895,AGT00446,PROD0022,expired,2025-11-03,2026-11-03,8626.25,8183.41
POL001937,PN-00001937,CUST002401,AGT00085,PROD0035,renewed,2025-03-25,2026-03-25,784.78,767.02
POL001938,PN-00001938,CUST003860,AGT00342,PROD0034,lapsed,2025-07-11,2026-07-11,14344.66,14004.66
POL001939,PN-00001939,CUST004227,AGT00030,PROD0008,active,2023-08-01,2024-07-31,1236.98,1117.37
POL001940,PN-00001940,CUST002868,AGT00089,PROD0044,active,2026-04-03,2027-04-03,2510.78,2392.68
POL001941,PN-00001941,CUST002983,AGT00474,PROD0011,renewed,2023-10-30,2024-10-29,3392.5,3167.04
POL001942,PN-00001942,CUST002210,AGT00147,PROD0034,active,2023-03-03,2024-03-02,6143.73,5915.91
POL001943,PN-00001943,CUST002163,AGT00143,PROD0036,active,2026-06-02,2027-06-02,6167.1,5803.09
POL001944,PN-00001944,CUST002284,AGT00433,PROD0008,expired,2023-12-13,2024-12-12,6446.38,6268.44
POL001945,PN-00001945,CUST003002,AGT00167,PROD0041,active,2024-09-28,2025-09-28,2208.01,2030.57
POL001946,PN-00001946,CUST004817,AGT00293,PROD0031,active,2023-04-25,2024-04-24,2244.44,2170.45
POL001947,PN-00001947,CUST000635,AGT00380,PROD0025,quoted,2026-06-08,2027-06-08,12490.16,11630.67
POL001948,PN-00001948,CUST003114,AGT00038,PROD0004,expired,2023-11-01,2024-10-31,14487.79,13998.1
POL001949,PN-00001949,CUST003005,AGT00135,PROD0019,quoted,2023-06-19,2024-06-18,8928.91,8712.46
POL001950,PN-00001950,CUST002173,AGT00102,PROD0032,active,2025-08-10,2026-08-10,13043.03,12544.71
POL001951,PN-00001951,CUST003396,AGT00235,PROD0003,cancelled,2024-11-07,2025-11-07,455.97,429.23
POL001952,PN-00001952,CUST001380,AGT00122,PROD0029,active,2024-01-18,2025-01-17,14711.32,13824.21
POL001953,PN-00001953,CUST002200,AGT00396,PROD0021,lapsed,2025-03-24,2026-03-24,441.26,430.67
POL001954,PN-00001954,CUST002927,AGT00447,PROD0006,quoted,2023-06-24,2024-06-23,8901.68,8822.82
POL001955,PN-00001955,CUST002624,AGT00386,PROD0026,active,2024-04-26,2025-04-26,2886.34,2792.04
POL001956,PN-00001956,CUST003975,AGT00310,PROD0005,renewed,2023-08-25,2024-08-24,1430.96,1360.65
POL001957,PN-00001957,CUST000935,AGT00093,PROD0023,renewed,2026-05-19,2027-05-19,10757.93,9874.22
POL001958,PN-00001958,CUST004766,AGT00040,PROD0026,active,2026-05-07,2027-05-07,4580.19,4471.53
POL001959,PN-00001959,CUST001072,AGT00451,PROD0039,active,2023-10-18,2024-10-17,13883.58,13253.66
POL001960,PN-00001960,CUST000580,AGT00283,PROD0029,renewed,2024-11-07,2025-11-07,11922.45,11882.68
POL001961,PN-00001961,CUST003198,AGT00045,PROD0032,renewed,2025-04-09,2026-04-09,5803.19,5316.76
POL001962,PN-00001962,CUST002117,AGT00442,PROD0024,lapsed,2025-12-02,2026-12-02,13502.61,13471.37
POL001963,PN-00001963,CUST001930,AGT00224,PROD0028,lapsed,2023-01-29,2024-01-29,7644.87,7045.73
POL001964,PN-00001964,CUST002316,AGT00025,PROD0033,active,2024-02-16,2025-02-15,11076.26,10491.33
POL001965,PN-00001965,CUST001788,AGT00201,PROD0041,active,2023-08-19,2024-08-18,5469.74,5388.73
POL001966,PN-00001966,CUST003397,AGT00268,PROD0026,quoted,2025-02-22,2026-02-22,9773.41,9325.88
POL001967,PN-00001967,CUST000182,AGT00247,PROD0038,active,2025-01-26,2026-01-26,6431.07,5820.67
POL001968,PN-00001968,CUST000406,AGT00096,PROD0010,quoted,2025-09-19,2026-09-19,14981.89,14406.46
POL001969,PN-00001969,CUST003352,AGT00338,PROD0002,quoted,2024-07-29,2025-07-29,7213.99,6938.99
POL001970,PN-00001970,CUST004591,AGT00019,PROD0016,issued,2024-03-30,2025-03-30,6953.28,6442.12
POL001971,PN-00001971,CUST000914,AGT00111,PROD0031,active,2024-08-14,2025-08-14,6908.75,6562.5
POL001972,PN-00001972,CUST004660,AGT00117,PROD0038,expired,2023-12-26,2024-12-25,9573.63,9563.44
POL001973,PN-00001973,CUST004124,AGT00319,PROD0018,active,2026-03-14,2027-03-14,5117.61,4861.09
POL001974,PN-00001974,CUST003413,AGT00380,PROD0009,active,2026-06-04,2027-06-04,3921.75,3898.18
POL001975,PN-00001975,CUST004704,AGT00447,PROD0033,active,2024-03-14,2025-03-14,2377.25,2146.6
POL001976,PN-00001976,CUST003862,AGT00090,PROD0033,cancelled,2023-06-25,2024-06-24,11795.11,11337.13
POL001977,PN-00001977,CUST000859,AGT00323,PROD0043,lapsed,2025-05-02,2026-05-02,13826.48,12479.03
POL001978,PN-00001978,CUST004147,AGT00420,PROD0049,lapsed,2023-03-05,2024-03-04,9117.04,8865.26
POL001979,PN-00001979,CUST002153,AGT00010,PROD0040,active,2024-03-01,2025-03-01,3697.53,3489.58
POL001980,PN-00001980,CUST002202,AGT00399,PROD0020,active,2024-11-05,2025-11-05,12487.22,11842.76
POL001981,PN-00001981,CUST004934,AGT00133,PROD0009,active,2025-03-09,2026-03-09,7481.33,7249.04
POL001982,PN-00001982,CUST003968,AGT00092,PROD0012,cancelled,2023-10-30,2024-10-29,1798.06,1797.46
POL001983,PN-00001983,CUST001951,AGT00075,PROD0021,expired,2023-04-13,2024-04-12,11724.01,11276.74
POL001984,PN-00001984,CUST004739,AGT00097,PROD0050,renewed,2024-01-16,2025-01-15,8630.46,7986.28
POL001985,PN-00001985,CUST000792,AGT00044,PROD0046,issued,2025-03-19,2026-03-19,5272.3,4967.6
POL001986,PN-00001986,CUST004479,AGT00205,PROD0012,cancelled,2024-08-29,2025-08-29,12548.68,12396.52
POL001987,PN-00001987,CUST001842,AGT00103,PROD0038,quoted,2025-05-20,2026-05-20,6563.6,6530.35
POL001988,PN-00001988,CUST002794,AGT00424,PROD0030,expired,2024-10-24,2025-10-24,12704.36,11935.89
POL001989,PN-00001989,CUST002498,AGT00465,PROD0031,issued,2023-05-15,2024-05-14,14649.65,13934.8
POL001990,PN-00001990,CUST001739,AGT00468,PROD0009,active,2026-09-10,2027-09-10,356.14,327.41
POL001991,PN-00001991,CUST004697,AGT00061,PROD0038,expired,2023-06-28,2024-06-27,8198.87,7649.23
POL001992,PN-00001992,CUST002990,AGT00441,PROD0004,expired,2025-04-21,2026-04-21,14077.75,13486.9
POL001993,PN-00001993,CUST004167,AGT00175,PROD0005,expired,2025-02-13,2026-02-13,7034.46,6787.41
POL001994,PN-00001994,CUST002955,AGT00182,PROD0040,issued,2026-06-21,2027-06-21,14103.71,14021.27
POL001995,PN-00001995,CUST004891,AGT00195,PROD0027,quoted,2026-04-13,2027-04-13,6809.44,6632.83
POL001996,PN-00001996,CUST001130,AGT00102,PROD0025,cancelled,2024-07-16,2025-07-16,14756.59,14293.65
POL001997,PN-00001997,CUST002371,AGT00121,PROD0029,active,2023-01-10,2024-01-10,11147.9,11022.34
POL001998,PN-00001998,CUST002064,AGT00499,PROD0010,expired,2024-08-30,2025-08-30,9224.34,8445.19
POL001999,PN-00001999,CUST001619,AGT00062,PROD0032,active,2025-08-16,2026-08-16,7199.82,6989.73
POL002000,PN-00002000,CUST002240,AGT00076,PROD0012,active,2023-10-25,2024-10-24,1751.85,1695.74
POL002001,PN-00002001,CUST001075,AGT00496,PROD0042,renewed,2023-08-09,2024-08-08,12208.23,11221.56
POL002002,PN-00002002,CUST004205,AGT00048,PROD0043,active,2026-03-26,2027-03-26,715.36,662.24
POL002003,PN-00002003,CUST001672,AGT00054,PROD0030,active,2024-10-31,2025-10-31,1783.76,1710.79
POL002004,PN-00002004,CUST002993,AGT00277,PROD0016,lapsed,2026-02-19,2027-02-19,5105.84,4970.81
POL002005,PN-00002005,CUST001927,AGT00087,PROD0031,cancelled,2023-07-27,2024-07-26,658.62,606.41
POL002006,PN-00002006,CUST002643,AGT00045,PROD0014,active,2024-10-12,2025-10-12,9857.77,9842.69
POL002007,PN-00002007,CUST002415,AGT00116,PROD0005,issued,2025-06-19,2026-06-19,14456.66,14303.17
POL002008,PN-00002008,CUST003119,AGT00118,PROD0013,issued,2024-12-14,2025-12-14,4139.52,4015.99
POL002009,PN-00002009,CUST002134,AGT00444,PROD0014,lapsed,2024-05-12,2025-05-12,14070.76,13993.39
POL002010,PN-00002010,CUST001363,AGT00166,PROD0020,expired,2023-08-09,2024-08-08,7426.04,7087.79
POL002011,PN-00002011,CUST001153,AGT00353,PROD0044,lapsed,2023-10-29,2024-10-28,779.3,711.73
POL002012,PN-00002012,CUST004849,AGT00462,PROD0047,lapsed,2024-06-05,2025-06-05,5312.58,5146.69
POL002013,PN-00002013,CUST001424,AGT00476,PROD0033,issued,2024-09-13,2025-09-13,5394.6,5218.89
POL002014,PN-00002014,CUST003422,AGT00294,PROD0044,lapsed,2023-07-24,2024-07-23,11420.96,11388.82
POL002015,PN-00002015,CUST003500,AGT00381,PROD0012,active,2025-01-26,2026-01-26,14139.03,12876.1
POL002016,PN-00002016,CUST002478,AGT00165,PROD0016,active,2025-05-06,2026-05-06,5279.07,4865.71
POL002017,PN-00002017,CUST004238,AGT00495,PROD0028,expired,2023-08-16,2024-08-15,11864.38,11230.76
POL002018,PN-00002018,CUST002383,AGT00435,PROD0025,expired,2023-06-17,2024-06-16,6636.82,6521.36
POL002019,PN-00002019,CUST002611,AGT00140,PROD0016,quoted,2024-04-08,2025-04-08,6954.33,6595.56
POL002020,PN-00002020,CUST001941,AGT00196,PROD0031,active,2023-06-10,2024-06-09,2167.69,2055.81
POL002021,PN-00002021,CUST003422,AGT00311,PROD0049,issued,2025-02-06,2026-02-06,14459.93,13265.66
POL002022,PN-00002022,CUST003715,AGT00405,PROD0034,quoted,2026-05-03,2027-05-03,4747.88,4587.9
POL002023,PN-00002023,CUST003178,AGT00319,PROD0050,expired,2025-07-12,2026-07-12,2364.27,2233.36
POL002024,PN-00002024,CUST001154,AGT00438,PROD0004,expired,2024-07-12,2025-07-12,1609.37,1475.74
POL002025,PN-00002025,CUST001601,AGT00034,PROD0040,renewed,2023-08-05,2024-08-04,9779.48,9341.31
POL002026,PN-00002026,CUST003705,AGT00161,PROD0048,active,2026-02-17,2027-02-17,5961.36,5658.16
POL002027,PN-00002027,CUST002118,AGT00008,PROD0050,active,2023-08-28,2024-08-27,9230.73,8896.75
POL002028,PN-00002028,CUST002823,AGT00127,PROD0008,cancelled,2025-07-16,2026-07-16,14625.13,14331.54
POL002029,PN-00002029,CUST002134,AGT00201,PROD0007,active,2025-06-08,2026-06-08,1949.26,1859.89
POL002030,PN-00002030,CUST002228,AGT00026,PROD0015,active,2026-05-19,2027-05-19,13133.78,12930.73
POL002031,PN-00002031,CUST003906,AGT00173,PROD0019,quoted,2024-12-08,2025-12-08,6768.11,6485.12
POL002032,PN-00002032,CUST000730,AGT00133,PROD0009,quoted,2024-12-29,2025-12-29,14026.12,13488.24
POL002033,PN-00002033,CUST003214,AGT00101,PROD0027,cancelled,2023-04-26,2024-04-25,3505.6,3381.62
POL002034,PN-00002034,CUST001315,AGT00260,PROD0049,issued,2025-12-06,2026-12-06,3034.84,3016.8
POL002035,PN-00002035,CUST001218,AGT00317,PROD0040,active,2025-05-25,2026-05-25,7447.02,7368.11
POL002036,PN-00002036,CUST002529,AGT00104,PROD0023,cancelled,2026-01-02,2027-01-02,10579.42,10174.86
POL002037,PN-00002037,CUST000886,AGT00447,PROD0039,renewed,2025-08-06,2026-08-06,13266.02,12482.39
POL002038,PN-00002038,CUST004197,AGT00186,PROD0033,active,2025-03-13,2026-03-13,10643.11,9729.67
POL002039,PN-00002039,CUST002210,AGT00117,PROD0032,expired,2025-04-13,2026-04-13,3183.38,2921.27
POL002040,PN-00002040,CUST004075,AGT00050,PROD0005,expired,2025-08-03,2026-08-03,12242.14,11472.0
POL002041,PN-00002041,CUST001739,AGT00495,PROD0041,cancelled,2024-12-02,2025-12-02,9075.44,8482.9
POL002042,PN-00002042,CUST001600,AGT00311,PROD0018,expired,2025-01-26,2026-01-26,12159.79,11753.02
POL002043,PN-00002043,CUST004272,AGT00316,PROD0022,active,2025-10-26,2026-10-26,11743.07,11281.47
POL002044,PN-00002044,CUST004409,AGT00212,PROD0016,renewed,2023-05-06,2024-05-05,9219.08,8946.08
POL002045,PN-00002045,CUST004265,AGT00171,PROD0021,renewed,2026-07-09,2027-07-09,4367.7,4184.43
POL002046,PN-00002046,CUST002452,AGT00468,PROD0015,issued,2023-06-24,2024-06-23,4889.81,4529.58
POL002047,PN-00002047,CUST000584,AGT00183,PROD0017,quoted,2024-09-26,2025-09-26,10916.49,10457.77
POL002048,PN-00002048,CUST003790,AGT00432,PROD0025,active,2023-10-29,2024-10-28,4875.84,4656.55
POL002049,PN-00002049,CUST002956,AGT00254,PROD0017,cancelled,2023-03-09,2024-03-08,4845.79,4438.2
POL002050,PN-00002050,CUST003973,AGT00326,PROD0045,quoted,2025-08-10,2026-08-10,14879.69,13690.89
POL002051,PN-00002051,CUST002061,AGT00472,PROD0030,active,2025-06-01,2026-06-01,5891.29,5331.61
POL002052,PN-00002052,CUST003710,AGT00405,PROD0043,renewed,2025-06-23,2026-06-23,8683.98,8093.88
POL002053,PN-00002053,CUST000004,AGT00299,PROD0002,cancelled,2025-03-20,2026-03-20,10648.7,10400.11
POL002054,PN-00002054,CUST000807,AGT00319,PROD0019,active,2023-02-17,2024-02-17,7468.69,6931.31
POL002055,PN-00002055,CUST003344,AGT00053,PROD0024,issued,2023-03-27,2024-03-26,4297.61,4082.31
POL002056,PN-00002056,CUST004206,AGT00079,PROD0037,active,2023-11-07,2024-11-06,2345.63,2304.09
POL002057,PN-00002057,CUST000722,AGT00388,PROD0045,quoted,2024-03-07,2025-03-07,9387.31,8616.93
POL002058,PN-00002058,CUST002916,AGT00023,PROD0005,active,2023-07-11,2024-07-10,4766.6,4720.31
POL002059,PN-00002059,CUST003652,AGT00091,PROD0040,cancelled,2026-03-17,2027-03-17,1105.77,1105.68
POL002060,PN-00002060,CUST002638,AGT00065,PROD0016,quoted,2025-09-13,2026-09-13,7709.07,7132.78
POL002061,PN-00002061,CUST004052,AGT00177,PROD0031,lapsed,2024-08-22,2025-08-22,4905.63,4553.99
POL002062,PN-00002062,CUST001118,AGT00423,PROD0025,active,2024-04-19,2025-04-19,3175.03,3104.18
POL002063,PN-00002063,CUST004572,AGT00279,PROD0020,quoted,2025-04-28,2026-04-28,5336.95,4913.82
POL002064,PN-00002064,CUST002384,AGT00288,PROD0013,active,2023-04-19,2024-04-18,8519.56,7743.59
POL002065,PN-00002065,CUST000338,AGT00061,PROD0028,active,2023-04-11,2024-04-10,6262.14,6050.15
POL002066,PN-00002066,CUST002155,AGT00412,PROD0038,active,2023-03-26,2024-03-25,3259.79,3218.86
POL002067,PN-00002067,CUST002382,AGT00475,PROD0008,active,2025-09-20,2026-09-20,10337.89,9514.88
POL002068,PN-00002068,CUST001915,AGT00479,PROD0049,renewed,2026-07-15,2027-07-15,924.34,842.17
POL002069,PN-00002069,CUST001245,AGT00426,PROD0007,active,2026-07-05,2027-07-05,12804.52,11641.9
POL002070,PN-00002070,CUST003137,AGT00344,PROD0002,active,2025-06-07,2026-06-07,10077.73,10039.01
POL002071,PN-00002071,CUST000550,AGT00271,PROD0025,lapsed,2025-08-02,2026-08-02,14873.61,13555.05
POL002072,PN-00002072,CUST000696,AGT00339,PROD0002,quoted,2026-01-19,2027-01-19,12095.61,11072.63
POL002073,PN-00002073,CUST001930,AGT00471,PROD0035,expired,2026-02-14,2027-02-14,3842.64,3841.57
POL002074,PN-00002074,CUST003930,AGT00466,PROD0001,cancelled,2023-10-15,2024-10-14,12026.9,11365.1
POL002075,PN-00002075,CUST002593,AGT00123,PROD0023,issued,2025-05-16,2026-05-16,4851.25,4804.44
POL002076,PN-00002076,CUST004963,AGT00336,PROD0044,renewed,2024-01-23,2025-01-22,5425.59,5259.55
POL002077,PN-00002077,CUST004288,AGT00201,PROD0016,expired,2026-04-27,2027-04-27,14702.25,13471.0
POL002078,PN-00002078,CUST000137,AGT00340,PROD0011,active,2024-04-19,2025-04-19,7682.33,7657.63
POL002079,PN-00002079,CUST001179,AGT00030,PROD0015,cancelled,2023-05-25,2024-05-24,7280.8,7006.34
POL002080,PN-00002080,CUST002141,AGT00165,PROD0001,quoted,2026-05-28,2027-05-28,952.56,919.69
POL002081,PN-00002081,CUST002992,AGT00393,PROD0031,expired,2023-10-11,2024-10-10,7961.53,7655.58
POL002082,PN-00002082,CUST002786,AGT00121,PROD0037,issued,2026-08-02,2027-08-02,11798.39,10647.53
POL002083,PN-00002083,CUST003939,AGT00116,PROD0015,active,2024-03-12,2025-03-12,13819.26,13051.8
POL002084,PN-00002084,CUST002622,AGT00420,PROD0014,quoted,2024-08-28,2025-08-28,8241.54,8125.42
POL002085,PN-00002085,CUST002458,AGT00296,PROD0025,active,2025-03-12,2026-03-12,7960.68,7352.06
POL002086,PN-00002086,CUST004566,AGT00186,PROD0036,active,2024-12-07,2025-12-07,10950.94,9885.65
POL002087,PN-00002087,CUST000014,AGT00349,PROD0008,cancelled,2026-07-23,2027-07-23,10580.75,10240.64
POL002088,PN-00002088,CUST002481,AGT00397,PROD0020,renewed,2026-02-01,2027-02-01,12783.51,12265.31
POL002089,PN-00002089,CUST000033,AGT00229,PROD0018,lapsed,2023-04-27,2024-04-26,5686.64,5604.46
POL002090,PN-00002090,CUST003820,AGT00008,PROD0013,renewed,2023-10-03,2024-10-02,2799.9,2647.66
POL002091,PN-00002091,CUST000448,AGT00069,PROD0023,lapsed,2024-05-29,2025-05-29,11298.74,10441.28
POL002092,PN-00002092,CUST000610,AGT00014,PROD0014,active,2023-12-27,2024-12-26,391.68,356.66
POL002093,PN-00002093,CUST000428,AGT00118,PROD0041,issued,2025-09-23,2026-09-23,2229.24,2018.53
POL002094,PN-00002094,CUST001231,AGT00466,PROD0049,cancelled,2026-05-08,2027-05-08,6972.07,6844.86
POL002095,PN-00002095,CUST003671,AGT00168,PROD0023,active,2023-08-23,2024-08-22,2589.7,2450.71
POL002096,PN-00002096,CUST000457,AGT00253,PROD0049,active,2026-05-28,2027-05-28,6567.32,6047.09
POL002097,PN-00002097,CUST000190,AGT00408,PROD0012,renewed,2023-11-21,2024-11-20,5429.57,5096.81
POL002098,PN-00002098,CUST003580,AGT00428,PROD0035,issued,2026-06-29,2027-06-29,9284.01,9196.83
POL002099,PN-00002099,CUST004007,AGT00147,PROD0027,active,2023-11-25,2024-11-24,1750.21,1612.66
POL002100,PN-00002100,CUST002986,AGT00296,PROD0046,cancelled,2024-12-12,2025-12-12,8557.24,8524.68
POL002101,PN-00002101,CUST002871,AGT00204,PROD0011,active,2023-05-11,2024-05-10,8826.79,8471.89
POL002102,PN-00002102,CUST002672,AGT00433,PROD0039,active,2023-03-09,2024-03-08,8876.94,8765.81
POL002103,PN-00002103,CUST000616,AGT00385,PROD0020,active,2025-10-17,2026-10-17,5657.85,5522.63
POL002104,PN-00002104,CUST003503,AGT00434,PROD0013,active,2025-07-14,2026-07-14,11484.4,10736.59
POL002105,PN-00002105,CUST003420,AGT00479,PROD0019,expired,2025-11-06,2026-11-06,5502.24,5452.58
POL002106,PN-00002106,CUST004078,AGT00224,PROD0027,cancelled,2026-04-10,2027-04-10,5564.1,5384.37
POL002107,PN-00002107,CUST003983,AGT00371,PROD0001,expired,2024-10-20,2025-10-20,2028.89,2000.8
POL002108,PN-00002108,CUST000429,AGT00203,PROD0030,expired,2026-05-11,2027-05-11,11026.54,10942.06
POL002109,PN-00002109,CUST002762,AGT00035,PROD0007,quoted,2025-02-05,2026-02-05,8912.69,8300.4
POL002110,PN-00002110,CUST001126,AGT00448,PROD0022,quoted,2025-04-25,2026-04-25,7695.27,7164.61
POL002111,PN-00002111,CUST001358,AGT00218,PROD0017,renewed,2025-02-12,2026-02-12,14374.18,13824.12
POL002112,PN-00002112,CUST000380,AGT00435,PROD0047,active,2026-01-22,2027-01-22,992.51,961.61
POL002113,PN-00002113,CUST003337,AGT00430,PROD0001,lapsed,2026-07-10,2027-07-10,6029.18,5850.79
POL002114,PN-00002114,CUST001504,AGT00259,PROD0024,issued,2023-03-06,2024-03-05,10825.58,10195.02
POL002115,PN-00002115,CUST003807,AGT00170,PROD0001,quoted,2026-07-13,2027-07-13,9696.5,9346.84
POL002116,PN-00002116,CUST001294,AGT00093,PROD0022,active,2023-12-24,2024-12-23,1915.59,1831.51
POL002117,PN-00002117,CUST001430,AGT00298,PROD0044,expired,2024-07-30,2025-07-30,4202.18,4193.38
POL002118,PN-00002118,CUST001102,AGT00460,PROD0032,issued,2025-02-13,2026-02-13,3879.17,3835.28
POL002119,PN-00002119,CUST002406,AGT00262,PROD0030,renewed,2024-06-23,2025-06-23,8974.64,8642.62
POL002120,PN-00002120,CUST002582,AGT00344,PROD0007,cancelled,2023-09-27,2024-09-26,10192.0,9453.89
POL002121,PN-00002121,CUST004591,AGT00307,PROD0016,active,2026-01-23,2027-01-23,4903.27,4575.48
POL002122,PN-00002122,CUST002403,AGT00293,PROD0039,issued,2026-07-08,2027-07-08,12588.98,11875.51
POL002123,PN-00002123,CUST002847,AGT00115,PROD0023,cancelled,2026-08-14,2027-08-14,9821.8,8980.22
POL002124,PN-00002124,CUST004507,AGT00367,PROD0031,issued,2026-08-28,2027-08-28,10289.38,9393.95
POL002125,PN-00002125,CUST000058,AGT00293,PROD0045,issued,2023-04-01,2024-03-31,1266.42,1202.66
POL002126,PN-00002126,CUST002474,AGT00387,PROD0037,issued,2025-07-25,2026-07-25,3966.59,3618.52
POL002127,PN-00002127,CUST002353,AGT00458,PROD0039,expired,2025-05-16,2026-05-16,3810.6,3753.67
POL002128,PN-00002128,CUST004625,AGT00278,PROD0040,quoted,2023-07-17,2024-07-16,13960.99,13003.98
POL002129,PN-00002129,CUST000024,AGT00145,PROD0044,expired,2024-10-21,2025-10-21,9195.92,8860.37
POL002130,PN-00002130,CUST000836,AGT00317,PROD0042,active,2025-07-15,2026-07-15,13528.09,12258.61
POL002131,PN-00002131,CUST002967,AGT00316,PROD0032,active,2025-01-21,2026-01-21,11715.17,10850.27
POL002132,PN-00002132,CUST002383,AGT00184,PROD0039,quoted,2024-07-12,2025-07-12,2770.04,2691.39
POL002133,PN-00002133,CUST001335,AGT00009,PROD0044,issued,2025-11-08,2026-11-08,13601.17,13433.08
POL002134,PN-00002134,CUST001532,AGT00280,PROD0041,quoted,2025-04-13,2026-04-13,5011.91,4928.29
POL002135,PN-00002135,CUST004483,AGT00227,PROD0012,cancelled,2024-10-26,2025-10-26,5135.57,4781.64
POL002136,PN-00002136,CUST002741,AGT00455,PROD0008,active,2026-05-26,2027-05-26,1007.9,953.27
POL002137,PN-00002137,CUST003668,AGT00389,PROD0030,renewed,2023-01-05,2024-01-05,14739.88,14486.94
POL002138,PN-00002138,CUST004746,AGT00195,PROD0043,expired,2023-03-02,2024-03-01,14808.15,13464.57
POL002139,PN-00002139,CUST003472,AGT00301,PROD0018,cancelled,2023-08-19,2024-08-18,3405.44,3342.87
POL002140,PN-00002140,CUST001408,AGT00419,PROD0035,lapsed,2024-06-21,2025-06-21,11886.24,10941.26
POL002141,PN-00002141,CUST004923,AGT00161,PROD0050,cancelled,2025-01-07,2026-01-07,8943.12,8530.03
POL002142,PN-00002142,CUST001312,AGT00249,PROD0030,active,2023-05-07,2024-05-06,10489.67,10370.29
POL002143,PN-00002143,CUST003407,AGT00307,PROD0043,expired,2023-08-15,2024-08-14,12363.19,11823.36
POL002144,PN-00002144,CUST002063,AGT00307,PROD0002,lapsed,2025-06-09,2026-06-09,13330.34,12857.12
POL002145,PN-00002145,CUST004075,AGT00218,PROD0008,active,2023-02-09,2024-02-09,458.31,428.71
POL002146,PN-00002146,CUST000631,AGT00337,PROD0009,active,2023-02-25,2024-02-25,13866.55,12986.63
POL002147,PN-00002147,CUST004804,AGT00363,PROD0050,cancelled,2025-02-24,2026-02-24,8878.0,8834.93
POL002148,PN-00002148,CUST003845,AGT00106,PROD0046,active,2024-06-18,2025-06-18,9133.24,8733.63
POL002149,PN-00002149,CUST003467,AGT00103,PROD0014,lapsed,2025-09-03,2026-09-03,5570.32,5400.42
POL002150,PN-00002150,CUST002201,AGT00304,PROD0045,lapsed,2023-06-24,2024-06-23,3868.31,3765.98
POL002151,PN-00002151,CUST004332,AGT00255,PROD0001,issued,2023-08-20,2024-08-19,8549.08,8232.66
POL002152,PN-00002152,CUST000717,AGT00062,PROD0047,renewed,2024-04-17,2025-04-17,3734.64,3589.03
POL002153,PN-00002153,CUST001310,AGT00107,PROD0013,active,2023-07-12,2024-07-11,4209.46,3904.48
POL002154,PN-00002154,CUST003623,AGT00007,PROD0043,issued,2025-08-10,2026-08-10,13210.91,12080.78
POL002155,PN-00002155,CUST004123,AGT00249,PROD0050,active,2026-05-17,2027-05-17,6419.02,6255.77
POL002156,PN-00002156,CUST003976,AGT00389,PROD0040,lapsed,2026-08-15,2027-08-15,901.75,876.92
POL002157,PN-00002157,CUST001573,AGT00346,PROD0012,lapsed,2023-12-20,2024-12-19,11124.52,11055.81
POL002158,PN-00002158,CUST001484,AGT00451,PROD0004,active,2024-09-17,2025-09-17,4444.3,4292.66
POL002159,PN-00002159,CUST001960,AGT00442,PROD0021,lapsed,2023-08-18,2024-08-17,9174.75,8969.52
POL002160,PN-00002160,CUST004603,AGT00051,PROD0027,renewed,2024-06-07,2025-06-07,8916.1,8123.82
POL002161,PN-00002161,CUST000282,AGT00411,PROD0019,cancelled,2023-10-17,2024-10-16,10128.65,10120.17
POL002162,PN-00002162,CUST004844,AGT00009,PROD0001,active,2026-07-18,2027-07-18,3039.75,2785.65
POL002163,PN-00002163,CUST002253,AGT00392,PROD0007,issued,2025-10-18,2026-10-18,942.57,899.13
POL002164,PN-00002164,CUST001829,AGT00437,PROD0041,renewed,2023-07-15,2024-07-14,3806.81,3683.46
POL002165,PN-00002165,CUST001718,AGT00132,PROD0003,quoted,2024-04-04,2025-04-04,14808.34,14570.85
POL002166,PN-00002166,CUST003875,AGT00294,PROD0011,issued,2024-11-11,2025-11-11,10695.98,10159.06
POL002167,PN-00002167,CUST001827,AGT00126,PROD0023,expired,2025-12-02,2026-12-02,1993.71,1894.19
POL002168,PN-00002168,CUST001330,AGT00025,PROD0006,active,2026-07-10,2027-07-10,13215.12,12703.96
POL002169,PN-00002169,CUST003986,AGT00316,PROD0027,active,2026-02-06,2027-02-06,5709.86,5369.58
POL002170,PN-00002170,CUST000667,AGT00048,PROD0025,quoted,2025-07-14,2026-07-14,427.77,402.83
POL002171,PN-00002171,CUST000357,AGT00264,PROD0009,active,2023-08-05,2024-08-04,12404.67,11176.43
POL002172,PN-00002172,CUST003093,AGT00222,PROD0019,active,2026-07-27,2027-07-27,9651.2,9061.39
POL002173,PN-00002173,CUST004711,AGT00066,PROD0008,cancelled,2024-05-17,2025-05-17,13362.94,12085.21
POL002174,PN-00002174,CUST000823,AGT00054,PROD0016,expired,2024-07-08,2025-07-08,4067.41,3881.03
POL002175,PN-00002175,CUST004752,AGT00168,PROD0002,issued,2026-04-23,2027-04-23,2248.99,2213.42
POL002176,PN-00002176,CUST004315,AGT00147,PROD0033,active,2026-04-14,2027-04-14,13976.85,13076.7
POL002177,PN-00002177,CUST004784,AGT00143,PROD0048,cancelled,2026-05-01,2027-05-01,6755.91,6279.44
POL002178,PN-00002178,CUST001202,AGT00338,PROD0049,active,2023-04-23,2024-04-22,4546.01,4449.13
POL002179,PN-00002179,CUST002512,AGT00065,PROD0044,cancelled,2023-08-09,2024-08-08,6882.19,6477.47
POL002180,PN-00002180,CUST004662,AGT00132,PROD0038,expired,2023-01-04,2024-01-04,14137.4,13183.92
POL002181,PN-00002181,CUST002323,AGT00155,PROD0017,cancelled,2024-09-16,2025-09-16,6483.47,6149.57
POL002182,PN-00002182,CUST004234,AGT00035,PROD0019,active,2024-10-13,2025-10-13,2652.75,2574.05
POL002183,PN-00002183,CUST004192,AGT00388,PROD0033,expired,2025-12-29,2026-12-29,10095.22,9386.53
POL002184,PN-00002184,CUST002606,AGT00443,PROD0002,quoted,2026-02-21,2027-02-21,9272.54,8577.1
POL002185,PN-00002185,CUST000674,AGT00244,PROD0036,active,2024-08-24,2025-08-24,2582.26,2566.54
POL002186,PN-00002186,CUST000803,AGT00115,PROD0050,renewed,2025-06-13,2026-06-13,10632.7,9931.19
POL002187,PN-00002187,CUST004317,AGT00113,PROD0040,renewed,2024-03-15,2025-03-15,7468.84,7390.76
POL002188,PN-00002188,CUST001086,AGT00384,PROD0050,cancelled,2025-06-22,2026-06-22,11145.84,10311.42
POL002189,PN-00002189,CUST001242,AGT00084,PROD0017,cancelled,2023-08-25,2024-08-24,2713.27,2705.32
POL002190,PN-00002190,CUST000013,AGT00367,PROD0014,active,2025-12-15,2026-12-15,10257.78,10008.79
POL002191,PN-00002191,CUST001525,AGT00148,PROD0031,renewed,2023-10-09,2024-10-08,2952.29,2926.83
POL002192,PN-00002192,CUST000357,AGT00228,PROD0020,cancelled,2023-05-21,2024-05-20,9108.23,8394.63
POL002193,PN-00002193,CUST003912,AGT00026,PROD0044,active,2023-04-17,2024-04-16,12881.7,11801.18
POL002194,PN-00002194,CUST004881,AGT00470,PROD0039,lapsed,2026-02-14,2027-02-14,10061.41,9963.47
POL002195,PN-00002195,CUST003736,AGT00108,PROD0015,quoted,2025-02-02,2026-02-02,2641.7,2517.8
POL002196,PN-00002196,CUST004338,AGT00097,PROD0041,lapsed,2025-07-31,2026-07-31,5675.88,5614.89
POL002197,PN-00002197,CUST001469,AGT00497,PROD0027,issued,2024-04-08,2025-04-08,2639.02,2514.31
POL002198,PN-00002198,CUST002304,AGT00410,PROD0050,quoted,2025-01-26,2026-01-26,13221.59,12635.57
POL002199,PN-00002199,CUST002840,AGT00392,PROD0033,lapsed,2026-02-28,2027-02-28,10675.71,10647.14
POL002200,PN-00002200,CUST000765,AGT00271,PROD0008,active,2023-07-24,2024-07-23,12045.42,11059.31
POL002201,PN-00002201,CUST000984,AGT00255,PROD0046,active,2026-02-21,2027-02-21,3756.68,3674.04
POL002202,PN-00002202,CUST000017,AGT00211,PROD0017,cancelled,2024-01-24,2025-01-23,3246.97,3032.48
POL002203,PN-00002203,CUST002529,AGT00101,PROD0013,renewed,2024-08-04,2025-08-04,8588.42,8341.32
POL002204,PN-00002204,CUST004881,AGT00228,PROD0009,quoted,2026-07-04,2027-07-04,484.95,476.64
POL002205,PN-00002205,CUST004630,AGT00346,PROD0014,active,2024-01-15,2025-01-14,4578.3,4475.37
POL002206,PN-00002206,CUST000262,AGT00444,PROD0002,renewed,2026-06-09,2027-06-09,9784.63,9026.29
POL002207,PN-00002207,CUST003082,AGT00099,PROD0015,active,2023-10-01,2024-09-30,4612.84,4153.31
POL002208,PN-00002208,CUST004226,AGT00336,PROD0043,active,2025-10-16,2026-10-16,11544.05,10742.64
POL002209,PN-00002209,CUST003934,AGT00258,PROD0016,renewed,2026-03-19,2027-03-19,11130.07,10149.32
POL002210,PN-00002210,CUST001109,AGT00043,PROD0011,lapsed,2025-01-19,2026-01-19,7587.65,7543.97
POL002211,PN-00002211,CUST003537,AGT00479,PROD0039,active,2023-06-09,2024-06-08,1032.8,1017.45
POL002212,PN-00002212,CUST004661,AGT00258,PROD0043,active,2024-01-02,2025-01-01,7220.16,7217.56
POL002213,PN-00002213,CUST002383,AGT00334,PROD0040,quoted,2025-01-07,2026-01-07,2894.29,2732.4
POL002214,PN-00002214,CUST004674,AGT00299,PROD0041,lapsed,2023-06-07,2024-06-06,5528.24,5091.79
POL002215,PN-00002215,CUST000738,AGT00479,PROD0050,lapsed,2026-03-04,2027-03-04,7113.63,6812.2
POL002216,PN-00002216,CUST000875,AGT00219,PROD0026,quoted,2025-01-03,2026-01-03,12860.71,12772.26
POL002217,PN-00002217,CUST004382,AGT00025,PROD0004,quoted,2025-02-01,2026-02-01,4357.86,4249.54
POL002218,PN-00002218,CUST003824,AGT00225,PROD0025,active,2023-05-02,2024-05-01,2021.87,1864.62
POL002219,PN-00002219,CUST003187,AGT00071,PROD0022,quoted,2025-08-23,2026-08-23,5708.02,5698.27
POL002220,PN-00002220,CUST000159,AGT00111,PROD0025,cancelled,2025-04-21,2026-04-21,11330.9,10732.04
POL002221,PN-00002221,CUST002558,AGT00123,PROD0038,active,2025-08-30,2026-08-30,14907.79,14234.99
POL002222,PN-00002222,CUST003695,AGT00498,PROD0041,lapsed,2023-07-06,2024-07-05,11252.77,10430.74
POL002223,PN-00002223,CUST003000,AGT00258,PROD0005,quoted,2025-03-06,2026-03-06,3635.01,3608.07
POL002224,PN-00002224,CUST000878,AGT00090,PROD0038,active,2023-06-09,2024-06-08,8178.53,7693.58
POL002225,PN-00002225,CUST003888,AGT00498,PROD0009,issued,2024-11-07,2025-11-07,12433.06,11363.0
POL002226,PN-00002226,CUST004271,AGT00479,PROD0003,issued,2024-02-26,2025-02-25,14338.95,12980.65
POL002227,PN-00002227,CUST003119,AGT00079,PROD0015,quoted,2025-06-21,2026-06-21,662.05,621.24
POL002228,PN-00002228,CUST003723,AGT00345,PROD0019,active,2026-02-14,2027-02-14,10923.71,10570.32
POL002229,PN-00002229,CUST001312,AGT00443,PROD0010,active,2026-03-25,2027-03-25,2647.99,2607.97
POL002230,PN-00002230,CUST003223,AGT00173,PROD0049,active,2024-07-24,2025-07-24,7566.39,7423.95
POL002231,PN-00002231,CUST003544,AGT00309,PROD0006,quoted,2024-08-31,2025-08-31,5747.57,5291.39
POL002232,PN-00002232,CUST002772,AGT00116,PROD0023,active,2024-07-31,2025-07-31,2630.78,2483.71
POL002233,PN-00002233,CUST002095,AGT00224,PROD0028,active,2025-07-14,2026-07-14,13043.77,11957.7
POL002234,PN-00002234,CUST003948,AGT00200,PROD0005,renewed,2025-10-06,2026-10-06,4770.74,4574.2
POL002235,PN-00002235,CUST002274,AGT00413,PROD0023,active,2024-11-17,2025-11-17,14113.44,13117.38
POL002236,PN-00002236,CUST001399,AGT00355,PROD0003,expired,2025-01-07,2026-01-07,9081.36,8410.0
POL002237,PN-00002237,CUST001207,AGT00188,PROD0019,quoted,2026-05-22,2027-05-22,6913.46,6481.67
POL002238,PN-00002238,CUST001880,AGT00247,PROD0006,expired,2026-06-18,2027-06-18,12676.85,11459.87
POL002239,PN-00002239,CUST001549,AGT00149,PROD0049,active,2025-11-13,2026-11-13,9448.79,8569.2
POL002240,PN-00002240,CUST003508,AGT00024,PROD0008,cancelled,2024-12-13,2025-12-13,5887.11,5436.48
POL002241,PN-00002241,CUST004638,AGT00309,PROD0024,issued,2024-01-15,2025-01-14,13926.63,13609.44
POL002242,PN-00002242,CUST002605,AGT00144,PROD0012,cancelled,2024-06-06,2025-06-06,371.01,334.76
POL002243,PN-00002243,CUST002140,AGT00110,PROD0041,quoted,2025-08-10,2026-08-10,9282.66,9007.66
POL002244,PN-00002244,CUST003407,AGT00429,PROD0036,lapsed,2023-02-24,2024-02-24,8108.99,7493.49
POL002245,PN-00002245,CUST004320,AGT00368,PROD0048,lapsed,2025-01-26,2026-01-26,13418.47,12941.97
POL002246,PN-00002246,CUST001839,AGT00219,PROD0017,lapsed,2024-10-18,2025-10-18,4164.79,3935.03
POL002247,PN-00002247,CUST003678,AGT00295,PROD0037,cancelled,2025-09-16,2026-09-16,4121.14,4011.37
POL002248,PN-00002248,CUST001328,AGT00324,PROD0038,active,2026-08-20,2027-08-20,14757.6,13596.17
POL002249,PN-00002249,CUST004344,AGT00086,PROD0031,active,2024-10-30,2025-10-30,6232.72,5974.18
POL002250,PN-00002250,CUST004053,AGT00454,PROD0044,renewed,2025-12-17,2026-12-17,5118.7,4874.28
POL002251,PN-00002251,CUST003532,AGT00465,PROD0031,active,2024-01-07,2025-01-06,11515.54,10429.31
POL002252,PN-00002252,CUST004191,AGT00055,PROD0022,expired,2025-12-21,2026-12-21,383.86,382.46
POL002253,PN-00002253,CUST004280,AGT00346,PROD0050,issued,2026-05-04,2027-05-04,4144.63,3774.73
POL002254,PN-00002254,CUST004936,AGT00463,PROD0015,expired,2023-11-22,2024-11-21,12110.87,11483.93
POL002255,PN-00002255,CUST004610,AGT00316,PROD0038,active,2023-11-13,2024-11-12,7123.16,6564.96
POL002256,PN-00002256,CUST000865,AGT00011,PROD0001,cancelled,2023-10-28,2024-10-27,11004.35,10859.6
POL002257,PN-00002257,CUST003160,AGT00098,PROD0021,lapsed,2023-06-01,2024-05-31,12083.62,11899.05
POL002258,PN-00002258,CUST002875,AGT00232,PROD0004,active,2025-01-20,2026-01-20,3297.48,2981.44
POL002259,PN-00002259,CUST002013,AGT00193,PROD0005,quoted,2024-03-29,2025-03-29,10354.86,9386.79
POL002260,PN-00002260,CUST002554,AGT00414,PROD0027,issued,2024-07-14,2025-07-14,11918.74,11467.95
POL002261,PN-00002261,CUST003952,AGT00081,PROD0046,active,2026-03-01,2027-03-01,12519.64,11356.54
POL002262,PN-00002262,CUST000470,AGT00109,PROD0028,quoted,2025-10-06,2026-10-06,5123.18,4809.44
POL002263,PN-00002263,CUST001820,AGT00079,PROD0046,active,2025-12-09,2026-12-09,13419.15,12130.65
POL002264,PN-00002264,CUST000749,AGT00234,PROD0005,active,2024-01-24,2025-01-23,13304.35,13237.31
POL002265,PN-00002265,CUST003970,AGT00015,PROD0040,active,2025-07-30,2026-07-30,1789.72,1684.5
POL002266,PN-00002266,CUST003760,AGT00303,PROD0004,active,2026-02-04,2027-02-04,7139.33,6765.09
POL002267,PN-00002267,CUST000865,AGT00500,PROD0027,renewed,2026-03-15,2027-03-15,11981.42,11196.68
POL002268,PN-00002268,CUST001388,AGT00252,PROD0020,issued,2025-04-27,2026-04-27,13919.21,12587.33
POL002269,PN-00002269,CUST003275,AGT00327,PROD0039,renewed,2026-08-27,2027-08-27,12278.94,11409.66
POL002270,PN-00002270,CUST000014,AGT00305,PROD0045,lapsed,2025-08-04,2026-08-04,1109.18,1022.16
POL002271,PN-00002271,CUST003035,AGT00323,PROD0044,issued,2025-03-26,2026-03-26,5904.78,5635.63
POL002272,PN-00002272,CUST003096,AGT00049,PROD0001,active,2025-12-14,2026-12-14,13682.99,13424.07
POL002273,PN-00002273,CUST000336,AGT00004,PROD0032,issued,2023-05-08,2024-05-07,12491.4,11249.97
POL002274,PN-00002274,CUST001227,AGT00385,PROD0009,active,2023-09-29,2024-09-28,10956.05,10629.82
POL002275,PN-00002275,CUST004585,AGT00425,PROD0014,issued,2026-06-11,2027-06-11,915.01,900.82
POL002276,PN-00002276,CUST000293,AGT00063,PROD0005,expired,2026-01-23,2027-01-23,13657.37,13065.04
POL002277,PN-00002277,CUST002201,AGT00372,PROD0038,expired,2023-08-18,2024-08-17,376.31,373.14
POL002278,PN-00002278,CUST003575,AGT00316,PROD0034,quoted,2025-09-03,2026-09-03,12693.39,12488.77
POL002279,PN-00002279,CUST000901,AGT00145,PROD0040,expired,2024-09-16,2025-09-16,1466.54,1353.52
POL002280,PN-00002280,CUST001471,AGT00287,PROD0010,expired,2023-11-07,2024-11-06,5633.18,5214.8
POL002281,PN-00002281,CUST001107,AGT00467,PROD0038,expired,2024-11-05,2025-11-05,7750.98,7070.09
POL002282,PN-00002282,CUST003655,AGT00075,PROD0007,renewed,2023-05-09,2024-05-08,13504.17,12180.44
POL002283,PN-00002283,CUST001278,AGT00417,PROD0021,expired,2024-06-02,2025-06-02,12850.84,11972.03
POL002284,PN-00002284,CUST000296,AGT00498,PROD0011,active,2024-07-18,2025-07-18,13876.19,13738.88
POL002285,PN-00002285,CUST000686,AGT00433,PROD0034,active,2023-10-18,2024-10-17,13764.23,13263.92
POL002286,PN-00002286,CUST000413,AGT00170,PROD0045,cancelled,2025-08-13,2026-08-13,14228.69,12808.63
POL002287,PN-00002287,CUST001398,AGT00151,PROD0010,active,2024-05-30,2025-05-30,9867.47,9294.1
POL002288,PN-00002288,CUST002008,AGT00495,PROD0024,renewed,2024-01-03,2025-01-02,3639.04,3504.16
POL002289,PN-00002289,CUST002356,AGT00258,PROD0029,active,2025-10-16,2026-10-16,14162.45,12963.79
POL002290,PN-00002290,CUST001267,AGT00009,PROD0026,active,2023-07-04,2024-07-03,10446.02,9416.4
POL002291,PN-00002291,CUST000868,AGT00399,PROD0034,renewed,2025-04-30,2026-04-30,6909.3,6411.88
POL002292,PN-00002292,CUST004244,AGT00453,PROD0011,renewed,2023-12-31,2024-12-30,7801.12,7453.69
POL002293,PN-00002293,CUST004088,AGT00467,PROD0013,active,2026-06-13,2027-06-13,1208.18,1161.32
POL002294,PN-00002294,CUST001888,AGT00017,PROD0045,expired,2026-03-30,2027-03-30,13743.18,12906.78
POL002295,PN-00002295,CUST003680,AGT00388,PROD0028,quoted,2023-12-24,2024-12-23,8644.58,8327.12
POL002296,PN-00002296,CUST004987,AGT00435,PROD0028,issued,2026-08-25,2027-08-25,4884.73,4839.27
POL002297,PN-00002297,CUST000341,AGT00132,PROD0046,expired,2025-10-06,2026-10-06,2108.23,1960.19
POL002298,PN-00002298,CUST004878,AGT00168,PROD0017,active,2024-10-18,2025-10-18,9677.87,9419.38
POL002299,PN-00002299,CUST003335,AGT00177,PROD0030,issued,2025-08-03,2026-08-03,10839.41,10021.16
POL002300,PN-00002300,CUST003689,AGT00057,PROD0023,renewed,2024-02-09,2025-02-08,4043.6,3842.22
POL002301,PN-00002301,CUST004768,AGT00109,PROD0041,renewed,2023-12-24,2024-12-23,7960.53,7777.24
POL002302,PN-00002302,CUST001197,AGT00480,PROD0050,expired,2023-12-22,2024-12-21,12145.61,11448.76
POL002303,PN-00002303,CUST002625,AGT00132,PROD0049,active,2025-12-30,2026-12-30,9584.15,9104.58
POL002304,PN-00002304,CUST002500,AGT00394,PROD0039,active,2024-08-16,2025-08-16,14717.46,13750.17
POL002305,PN-00002305,CUST002254,AGT00332,PROD0004,quoted,2024-01-23,2025-01-22,13415.81,13040.27
POL002306,PN-00002306,CUST001273,AGT00330,PROD0007,expired,2024-09-06,2025-09-06,3735.11,3483.5
POL002307,PN-00002307,CUST004616,AGT00151,PROD0023,lapsed,2024-02-17,2025-02-16,8445.68,7746.55
POL002308,PN-00002308,CUST001762,AGT00070,PROD0016,cancelled,2024-09-17,2025-09-17,11905.1,11575.62
POL002309,PN-00002309,CUST001789,AGT00179,PROD0025,active,2025-05-04,2026-05-04,7866.02,7854.89
POL002310,PN-00002310,CUST004292,AGT00307,PROD0047,renewed,2025-04-30,2026-04-30,12294.73,11890.04
POL002311,PN-00002311,CUST002485,AGT00310,PROD0041,active,2023-11-01,2024-10-31,10068.72,9908.9
POL002312,PN-00002312,CUST004483,AGT00001,PROD0008,renewed,2024-02-18,2025-02-17,3721.58,3587.17
POL002313,PN-00002313,CUST000600,AGT00406,PROD0040,renewed,2023-06-09,2024-06-08,13532.89,12831.64
POL002314,PN-00002314,CUST000066,AGT00051,PROD0020,issued,2023-07-02,2024-07-01,1993.44,1865.09
POL002315,PN-00002315,CUST004329,AGT00056,PROD0041,active,2025-02-18,2026-02-18,12614.61,11440.36
POL002316,PN-00002316,CUST001994,AGT00313,PROD0018,issued,2023-11-25,2024-11-24,8367.56,7830.52
POL002317,PN-00002317,CUST003791,AGT00449,PROD0047,issued,2025-04-09,2026-04-09,5266.81,4938.36
POL002318,PN-00002318,CUST004917,AGT00230,PROD0041,renewed,2025-01-16,2026-01-16,633.4,622.02
POL002319,PN-00002319,CUST004961,AGT00386,PROD0049,cancelled,2023-10-08,2024-10-07,2075.27,1881.1
POL002320,PN-00002320,CUST004945,AGT00286,PROD0006,active,2023-05-08,2024-05-07,747.29,694.6
POL002321,PN-00002321,CUST000124,AGT00019,PROD0009,active,2025-07-29,2026-07-29,7475.39,7288.52
POL002322,PN-00002322,CUST003073,AGT00172,PROD0026,renewed,2026-03-04,2027-03-04,4549.78,4387.46
POL002323,PN-00002323,CUST001546,AGT00284,PROD0001,expired,2026-07-20,2027-07-20,8034.31,7924.65
POL002324,PN-00002324,CUST001352,AGT00447,PROD0026,active,2025-06-30,2026-06-30,6432.57,6236.36
POL002325,PN-00002325,CUST000823,AGT00045,PROD0020,quoted,2024-05-19,2025-05-19,1463.66,1384.45
POL002326,PN-00002326,CUST001874,AGT00441,PROD0039,renewed,2025-10-27,2026-10-27,13009.48,12999.73
POL002327,PN-00002327,CUST002264,AGT00056,PROD0018,active,2024-01-16,2025-01-15,6648.55,6072.8
POL002328,PN-00002328,CUST001809,AGT00016,PROD0025,issued,2024-06-10,2025-06-10,11038.89,10245.51
POL002329,PN-00002329,CUST001629,AGT00260,PROD0047,lapsed,2024-02-18,2025-02-17,12555.81,12395.2
POL002330,PN-00002330,CUST000519,AGT00212,PROD0032,active,2024-09-07,2025-09-07,10717.56,10385.88
POL002331,PN-00002331,CUST004875,AGT00427,PROD0021,cancelled,2024-09-28,2025-09-28,13119.47,12505.88
POL002332,PN-00002332,CUST003888,AGT00133,PROD0016,active,2026-02-16,2027-02-16,11920.25,11310.61
POL002333,PN-00002333,CUST002753,AGT00069,PROD0033,active,2026-04-22,2027-04-22,7419.54,7161.11
POL002334,PN-00002334,CUST002734,AGT00419,PROD0039,lapsed,2025-07-27,2026-07-27,13713.66,13634.95
POL002335,PN-00002335,CUST004450,AGT00092,PROD0012,active,2024-08-12,2025-08-12,5296.04,4780.41
POL002336,PN-00002336,CUST002291,AGT00078,PROD0008,active,2023-02-13,2024-02-13,438.53,422.58
POL002337,PN-00002337,CUST003273,AGT00061,PROD0008,cancelled,2025-08-27,2026-08-27,6849.19,6712.35
POL002338,PN-00002338,CUST003046,AGT00107,PROD0037,cancelled,2026-08-21,2027-08-21,760.79,718.2
POL002339,PN-00002339,CUST004477,AGT00195,PROD0025,expired,2023-09-20,2024-09-19,14654.11,14059.97
POL002340,PN-00002340,CUST001761,AGT00122,PROD0037,quoted,2024-11-24,2025-11-24,12077.73,10909.24
POL002341,PN-00002341,CUST001048,AGT00336,PROD0023,cancelled,2024-12-20,2025-12-20,14152.21,13955.01
POL002342,PN-00002342,CUST001502,AGT00444,PROD0041,active,2025-01-26,2026-01-26,6184.58,5847.17
POL002343,PN-00002343,CUST003994,AGT00343,PROD0048,cancelled,2024-03-22,2025-03-22,1851.01,1695.18
POL002344,PN-00002344,CUST002967,AGT00272,PROD0047,issued,2025-09-29,2026-09-29,12158.52,11211.23
POL002345,PN-00002345,CUST000779,AGT00378,PROD0008,issued,2023-05-09,2024-05-08,6840.15,6491.67
POL002346,PN-00002346,CUST001690,AGT00187,PROD0036,active,2024-02-06,2025-02-05,6345.47,6239.06
POL002347,PN-00002347,CUST001445,AGT00064,PROD0022,active,2023-06-27,2024-06-26,5294.96,4930.38
POL002348,PN-00002348,CUST004532,AGT00254,PROD0036,issued,2025-09-01,2026-09-01,1327.77,1225.66
POL002349,PN-00002349,CUST004986,AGT00111,PROD0023,issued,2025-11-17,2026-11-17,10308.58,10218.88
POL002350,PN-00002350,CUST002866,AGT00402,PROD0018,active,2026-01-07,2027-01-07,13480.07,12577.98
POL002351,PN-00002351,CUST001303,AGT00370,PROD0031,active,2024-03-12,2025-03-12,9280.41,8537.15
POL002352,PN-00002352,CUST001656,AGT00439,PROD0008,active,2025-05-31,2026-05-31,1511.96,1360.79
POL002353,PN-00002353,CUST004911,AGT00316,PROD0010,lapsed,2026-01-30,2027-01-30,6484.27,6264.59
POL002354,PN-00002354,CUST003897,AGT00286,PROD0019,renewed,2023-11-10,2024-11-09,10099.64,9575.88
POL002355,PN-00002355,CUST000843,AGT00162,PROD0015,active,2025-03-24,2026-03-24,9962.45,9013.17
POL002356,PN-00002356,CUST004833,AGT00226,PROD0048,expired,2024-12-25,2025-12-25,831.11,779.21
POL002357,PN-00002357,CUST004857,AGT00054,PROD0044,lapsed,2026-08-07,2027-08-07,2187.95,2037.8
POL002358,PN-00002358,CUST003243,AGT00266,PROD0022,active,2026-03-03,2027-03-03,12959.87,11765.9
POL002359,PN-00002359,CUST002340,AGT00421,PROD0037,issued,2024-04-29,2025-04-29,3320.27,3017.18
POL002360,PN-00002360,CUST003126,AGT00388,PROD0041,quoted,2026-01-14,2027-01-14,4970.36,4557.89
POL002361,PN-00002361,CUST001026,AGT00051,PROD0034,quoted,2023-03-26,2024-03-25,6079.75,5906.94
POL002362,PN-00002362,CUST003350,AGT00128,PROD0011,issued,2024-04-17,2025-04-17,10365.7,9899.1
POL002363,PN-00002363,CUST001407,AGT00075,PROD0039,cancelled,2026-09-11,2027-09-11,1607.81,1511.18
POL002364,PN-00002364,CUST001633,AGT00356,PROD0004,active,2025-06-20,2026-06-20,11099.75,10877.21
POL002365,PN-00002365,CUST004224,AGT00489,PROD0029,active,2023-06-10,2024-06-09,9825.38,9345.08
POL002366,PN-00002366,CUST002633,AGT00489,PROD0018,active,2024-09-22,2025-09-22,13879.02,12532.28
POL002367,PN-00002367,CUST003803,AGT00331,PROD0019,renewed,2024-11-21,2025-11-21,12278.65,11957.06
POL002368,PN-00002368,CUST003842,AGT00472,PROD0019,active,2023-09-06,2024-09-05,9829.32,9729.75
POL002369,PN-00002369,CUST002838,AGT00445,PROD0007,expired,2025-10-23,2026-10-23,3386.52,3130.66
POL002370,PN-00002370,CUST001434,AGT00454,PROD0024,active,2024-03-30,2025-03-30,12932.65,12552.16
POL002371,PN-00002371,CUST001613,AGT00021,PROD0022,renewed,2025-07-24,2026-07-24,11098.57,10751.74
POL002372,PN-00002372,CUST003111,AGT00207,PROD0004,active,2025-07-17,2026-07-17,14994.51,14735.54
POL002373,PN-00002373,CUST002758,AGT00012,PROD0030,quoted,2025-02-20,2026-02-20,6586.94,6545.01
POL002374,PN-00002374,CUST004716,AGT00329,PROD0044,cancelled,2025-01-01,2026-01-01,583.43,566.62
POL002375,PN-00002375,CUST003495,AGT00042,PROD0004,expired,2025-05-11,2026-05-11,7839.58,7347.61
POL002376,PN-00002376,CUST001714,AGT00070,PROD0025,issued,2024-06-05,2025-06-05,7597.85,7330.79
POL002377,PN-00002377,CUST002128,AGT00033,PROD0012,active,2024-07-11,2025-07-11,505.8,465.11
POL002378,PN-00002378,CUST003572,AGT00267,PROD0019,cancelled,2025-11-20,2026-11-20,12703.68,12174.02
POL002379,PN-00002379,CUST003177,AGT00026,PROD0001,lapsed,2023-01-11,2024-01-11,13263.43,12812.59
POL002380,PN-00002380,CUST001273,AGT00004,PROD0033,active,2025-09-26,2026-09-26,1853.42,1766.52
POL002381,PN-00002381,CUST004518,AGT00063,PROD0038,active,2024-03-17,2025-03-17,10750.59,10188.07
POL002382,PN-00002382,CUST004640,AGT00049,PROD0033,active,2026-04-28,2027-04-28,8762.81,8376.4
POL002383,PN-00002383,CUST000867,AGT00489,PROD0040,active,2025-12-30,2026-12-30,7324.76,6662.84
POL002384,PN-00002384,CUST002724,AGT00002,PROD0007,renewed,2025-12-10,2026-12-10,14339.94,13962.83
POL002385,PN-00002385,CUST003741,AGT00216,PROD0048,quoted,2023-01-17,2024-01-17,1807.43,1801.14
POL002386,PN-00002386,CUST003532,AGT00365,PROD0029,active,2024-10-16,2025-10-16,11316.18,10650.22
POL002387,PN-00002387,CUST002509,AGT00306,PROD0006,lapsed,2024-11-14,2025-11-14,2191.83,2107.37
POL002388,PN-00002388,CUST001377,AGT00262,PROD0007,cancelled,2025-04-06,2026-04-06,13122.86,12852.04
POL002389,PN-00002389,CUST000659,AGT00250,PROD0032,issued,2024-02-16,2025-02-15,1442.14,1419.89
POL002390,PN-00002390,CUST003776,AGT00462,PROD0019,active,2026-03-12,2027-03-12,3915.86,3651.99
POL002391,PN-00002391,CUST004006,AGT00347,PROD0028,cancelled,2024-01-09,2025-01-08,11816.26,11039.56
POL002392,PN-00002392,CUST002024,AGT00488,PROD0032,issued,2025-05-16,2026-05-16,9990.81,9084.47
POL002393,PN-00002393,CUST004249,AGT00450,PROD0009,expired,2024-10-18,2025-10-18,6728.22,6476.61
POL002394,PN-00002394,CUST002766,AGT00057,PROD0025,renewed,2024-03-15,2025-03-15,9063.24,8310.54
POL002395,PN-00002395,CUST000784,AGT00393,PROD0022,active,2024-05-30,2025-05-30,8161.59,7682.84
POL002396,PN-00002396,CUST004383,AGT00048,PROD0048,active,2024-02-04,2025-02-03,4523.68,4426.06
POL002397,PN-00002397,CUST000193,AGT00097,PROD0013,renewed,2024-08-03,2025-08-03,6213.1,5785.12
POL002398,PN-00002398,CUST004856,AGT00213,PROD0041,renewed,2025-10-31,2026-10-31,6782.38,6308.65
POL002399,PN-00002399,CUST002423,AGT00220,PROD0045,active,2024-10-07,2025-10-07,4777.13,4556.83
POL002400,PN-00002400,CUST000942,AGT00264,PROD0032,lapsed,2024-03-21,2025-03-21,9337.42,9019.5
POL002401,PN-00002401,CUST000867,AGT00389,PROD0009,lapsed,2024-11-06,2025-11-06,13610.79,12989.19
POL002402,PN-00002402,CUST004011,AGT00491,PROD0031,cancelled,2024-07-26,2025-07-26,12374.79,11209.19
POL002403,PN-00002403,CUST000534,AGT00175,PROD0005,expired,2024-03-01,2025-03-01,4862.03,4557.38
POL002404,PN-00002404,CUST004469,AGT00361,PROD0043,expired,2025-05-01,2026-05-01,5051.28,4859.16
POL002405,PN-00002405,CUST003513,AGT00354,PROD0048,active,2024-03-24,2025-03-24,8319.04,7731.01
POL002406,PN-00002406,CUST004031,AGT00041,PROD0015,cancelled,2024-09-22,2025-09-22,1575.65,1535.36
POL002407,PN-00002407,CUST004249,AGT00428,PROD0045,issued,2026-08-03,2027-08-03,3958.9,3573.11
POL002408,PN-00002408,CUST003020,AGT00398,PROD0030,renewed,2023-10-05,2024-10-04,9279.89,8743.12
POL002409,PN-00002409,CUST003133,AGT00188,PROD0027,quoted,2023-11-18,2024-11-17,14253.9,14078.15
POL002410,PN-00002410,CUST004087,AGT00324,PROD0004,active,2024-04-28,2025-04-28,13411.91,12357.74
POL002411,PN-00002411,CUST003080,AGT00226,PROD0044,active,2025-09-24,2026-09-24,6975.95,6869.15
POL002412,PN-00002412,CUST000275,AGT00442,PROD0048,renewed,2026-02-18,2027-02-18,4003.33,3964.1
POL002413,PN-00002413,CUST000918,AGT00267,PROD0012,active,2023-04-23,2024-04-22,13560.97,13115.18
POL002414,PN-00002414,CUST002256,AGT00019,PROD0040,lapsed,2024-05-17,2025-05-17,5229.38,4802.23
POL002415,PN-00002415,CUST000929,AGT00471,PROD0032,active,2024-02-10,2025-02-09,10405.99,10214.04
POL002416,PN-00002416,CUST000435,AGT00109,PROD0006,expired,2023-01-23,2024-01-23,6726.0,6242.7
POL002417,PN-00002417,CUST003569,AGT00360,PROD0024,lapsed,2023-07-17,2024-07-16,12685.43,12599.29
POL002418,PN-00002418,CUST003891,AGT00261,PROD0033,renewed,2025-10-17,2026-10-17,10827.33,10314.06
POL002419,PN-00002419,CUST004195,AGT00156,PROD0023,renewed,2025-10-22,2026-10-22,9498.16,9136.49
POL002420,PN-00002420,CUST002913,AGT00239,PROD0045,issued,2026-04-04,2027-04-04,7313.22,6795.64
POL002421,PN-00002421,CUST004906,AGT00045,PROD0030,expired,2026-05-17,2027-05-17,12686.48,11502.88
POL002422,PN-00002422,CUST000444,AGT00477,PROD0025,active,2026-04-21,2027-04-21,10714.57,10500.19
POL002423,PN-00002423,CUST004679,AGT00412,PROD0023,active,2023-07-17,2024-07-16,605.04,601.91
POL002424,PN-00002424,CUST004041,AGT00344,PROD0034,expired,2025-03-25,2026-03-25,6069.49,5791.51
POL002425,PN-00002425,CUST004968,AGT00293,PROD0034,quoted,2024-09-09,2025-09-09,2447.68,2258.96
POL002426,PN-00002426,CUST003157,AGT00481,PROD0022,quoted,2023-05-04,2024-05-03,9729.71,9611.23
POL002427,PN-00002427,CUST001146,AGT00134,PROD0007,active,2023-07-17,2024-07-16,4306.94,3893.19
POL002428,PN-00002428,CUST003629,AGT00209,PROD0024,active,2023-07-14,2024-07-13,14977.26,13803.05
POL002429,PN-00002429,CUST001457,AGT00430,PROD0037,renewed,2024-08-01,2025-08-01,9122.78,8609.39
POL002430,PN-00002430,CUST002038,AGT00365,PROD0041,issued,2026-03-12,2027-03-12,6438.44,6434.46
POL002431,PN-00002431,CUST004424,AGT00139,PROD0041,renewed,2026-03-07,2027-03-07,2719.43,2462.1
POL002432,PN-00002432,CUST002600,AGT00106,PROD0034,expired,2025-05-18,2026-05-18,8278.36,7508.36
POL002433,PN-00002433,CUST004652,AGT00230,PROD0027,issued,2025-10-02,2026-10-02,5838.22,5808.93
POL002434,PN-00002434,CUST001607,AGT00172,PROD0020,issued,2026-07-16,2027-07-16,5016.73,5013.22
POL002435,PN-00002435,CUST001857,AGT00436,PROD0008,lapsed,2024-12-06,2025-12-06,11193.24,10775.66
POL002436,PN-00002436,CUST002492,AGT00286,PROD0042,cancelled,2026-03-26,2027-03-26,13056.46,12070.73
POL002437,PN-00002437,CUST000544,AGT00092,PROD0004,cancelled,2023-03-07,2024-03-06,7941.11,7605.18
POL002438,PN-00002438,CUST000349,AGT00160,PROD0004,active,2023-03-02,2024-03-01,13054.45,11884.77
POL002439,PN-00002439,CUST003696,AGT00017,PROD0014,active,2025-04-08,2026-04-08,10830.96,10705.81
POL002440,PN-00002440,CUST004022,AGT00371,PROD0016,active,2024-03-21,2025-03-21,1441.08,1414.74
POL002441,PN-00002441,CUST001222,AGT00160,PROD0005,renewed,2024-08-21,2025-08-21,13301.24,12135.94
POL002442,PN-00002442,CUST004200,AGT00294,PROD0031,issued,2025-03-16,2026-03-16,2688.0,2623.39
POL002443,PN-00002443,CUST003843,AGT00311,PROD0043,active,2024-08-25,2025-08-25,10995.37,10004.19
POL002444,PN-00002444,CUST000849,AGT00254,PROD0009,lapsed,2025-10-12,2026-10-12,13417.41,13104.72
POL002445,PN-00002445,CUST000663,AGT00363,PROD0022,cancelled,2023-06-27,2024-06-26,13572.91,13551.96
POL002446,PN-00002446,CUST004017,AGT00351,PROD0037,active,2025-05-13,2026-05-13,3768.37,3445.71
POL002447,PN-00002447,CUST000495,AGT00340,PROD0047,issued,2024-07-16,2025-07-16,8925.69,8588.58
POL002448,PN-00002448,CUST003439,AGT00358,PROD0042,expired,2026-07-20,2027-07-20,4989.1,4685.85
POL002449,PN-00002449,CUST003944,AGT00048,PROD0018,expired,2024-12-19,2025-12-19,7418.27,6911.17
POL002450,PN-00002450,CUST004353,AGT00462,PROD0045,expired,2025-06-06,2026-06-06,11749.36,10765.83
POL002451,PN-00002451,CUST001755,AGT00227,PROD0033,renewed,2025-01-31,2026-01-31,10535.57,9969.27
POL002452,PN-00002452,CUST003794,AGT00063,PROD0012,active,2023-05-15,2024-05-14,8755.77,8628.17
POL002453,PN-00002453,CUST004957,AGT00404,PROD0006,renewed,2025-10-05,2026-10-05,5881.36,5293.84
POL002454,PN-00002454,CUST004010,AGT00327,PROD0001,renewed,2023-01-03,2024-01-03,2166.28,2074.74
POL002455,PN-00002455,CUST003473,AGT00397,PROD0011,active,2024-07-20,2025-07-20,4799.44,4531.85
POL002456,PN-00002456,CUST002378,AGT00486,PROD0013,quoted,2023-01-01,2024-01-01,10581.11,9755.16
POL002457,PN-00002457,CUST004466,AGT00255,PROD0033,expired,2026-07-28,2027-07-28,11394.3,11380.18
POL002458,PN-00002458,CUST002350,AGT00217,PROD0022,issued,2026-03-01,2027-03-01,4820.5,4655.97
POL002459,PN-00002459,CUST004428,AGT00213,PROD0035,active,2026-08-15,2027-08-15,11068.98,10627.39
POL002460,PN-00002460,CUST004188,AGT00250,PROD0045,active,2024-07-10,2025-07-10,9152.63,8876.93
POL002461,PN-00002461,CUST000064,AGT00108,PROD0047,expired,2026-04-05,2027-04-05,2375.93,2269.7
POL002462,PN-00002462,CUST003299,AGT00257,PROD0031,active,2023-02-22,2024-02-22,9828.13,9307.67
POL002463,PN-00002463,CUST003049,AGT00497,PROD0048,active,2025-10-02,2026-10-02,8110.07,7564.81
POL002464,PN-00002464,CUST003167,AGT00455,PROD0021,active,2024-03-15,2025-03-15,362.57,335.76
POL002465,PN-00002465,CUST003429,AGT00148,PROD0014,issued,2023-02-06,2024-02-06,13691.96,12627.41
POL002466,PN-00002466,CUST001230,AGT00089,PROD0023,active,2025-08-01,2026-08-01,5748.43,5217.29
POL002467,PN-00002467,CUST001341,AGT00216,PROD0026,cancelled,2024-09-18,2025-09-18,11361.23,11055.52
POL002468,PN-00002468,CUST000025,AGT00293,PROD0018,renewed,2024-10-07,2025-10-07,5737.06,5296.69
POL002469,PN-00002469,CUST002347,AGT00395,PROD0037,expired,2023-11-05,2024-11-04,9994.6,9416.8
POL002470,PN-00002470,CUST001192,AGT00414,PROD0043,expired,2024-06-02,2025-06-02,7522.29,6771.9
POL002471,PN-00002471,CUST004551,AGT00078,PROD0044,issued,2025-10-25,2026-10-25,1173.01,1062.85
POL002472,PN-00002472,CUST001184,AGT00131,PROD0021,lapsed,2025-12-12,2026-12-12,11656.2,11279.68
POL002473,PN-00002473,CUST003511,AGT00140,PROD0008,active,2026-07-12,2027-07-12,7059.42,6775.5
POL002474,PN-00002474,CUST003188,AGT00314,PROD0031,active,2026-05-20,2027-05-20,3895.79,3800.68
POL002475,PN-00002475,CUST001664,AGT00126,PROD0033,lapsed,2024-02-05,2025-02-04,10949.37,10342.89
POL002476,PN-00002476,CUST003520,AGT00284,PROD0033,expired,2024-03-06,2025-03-06,8409.99,8008.0
POL002477,PN-00002477,CUST004337,AGT00077,PROD0023,renewed,2025-11-16,2026-11-16,2104.58,1938.4
POL002478,PN-00002478,CUST003553,AGT00495,PROD0035,expired,2023-07-29,2024-07-28,13692.44,12800.5
POL002479,PN-00002479,CUST001164,AGT00128,PROD0022,active,2023-03-18,2024-03-17,7519.98,7128.88
POL002480,PN-00002480,CUST004019,AGT00120,PROD0047,issued,2026-07-17,2027-07-17,5590.66,5355.72
POL002481,PN-00002481,CUST004283,AGT00013,PROD0025,expired,2025-11-23,2026-11-23,4058.08,3664.64
POL002482,PN-00002482,CUST001614,AGT00476,PROD0014,cancelled,2024-08-15,2025-08-15,2894.69,2621.87
POL002483,PN-00002483,CUST003233,AGT00238,PROD0010,expired,2023-11-12,2024-11-11,6302.39,5788.81
POL002484,PN-00002484,CUST000723,AGT00460,PROD0004,renewed,2025-07-09,2026-07-09,6241.14,6079.5
POL002485,PN-00002485,CUST003640,AGT00413,PROD0050,renewed,2026-01-07,2027-01-07,12844.6,12421.61
POL002486,PN-00002486,CUST001876,AGT00360,PROD0039,issued,2025-09-14,2026-09-14,1405.97,1403.62
POL002487,PN-00002487,CUST000372,AGT00184,PROD0042,expired,2026-03-26,2027-03-26,6736.36,6400.47
POL002488,PN-00002488,CUST004704,AGT00459,PROD0037,cancelled,2024-04-11,2025-04-11,3492.96,3218.95
POL002489,PN-00002489,CUST003981,AGT00144,PROD0003,active,2025-05-19,2026-05-19,2620.13,2394.87
POL002490,PN-00002490,CUST000962,AGT00029,PROD0046,active,2024-04-27,2025-04-27,3851.7,3845.51
POL002491,PN-00002491,CUST003869,AGT00256,PROD0013,lapsed,2025-03-08,2026-03-08,5447.7,5195.22
POL002492,PN-00002492,CUST004962,AGT00057,PROD0040,expired,2026-01-03,2027-01-03,12410.25,11269.82
POL002493,PN-00002493,CUST001157,AGT00298,PROD0020,cancelled,2023-02-13,2024-02-13,6183.18,6165.71
POL002494,PN-00002494,CUST001495,AGT00136,PROD0030,lapsed,2025-04-05,2026-04-05,12772.63,11940.16
POL002495,PN-00002495,CUST001208,AGT00414,PROD0026,cancelled,2026-09-14,2027-09-14,10584.55,9562.63
POL002496,PN-00002496,CUST003810,AGT00072,PROD0036,lapsed,2024-09-04,2025-09-04,12699.31,12252.72
POL002497,PN-00002497,CUST002908,AGT00269,PROD0050,lapsed,2023-01-17,2024-01-17,697.14,657.31
POL002498,PN-00002498,CUST004657,AGT00083,PROD0045,cancelled,2024-07-02,2025-07-02,9779.63,9476.55
POL002499,PN-00002499,CUST002677,AGT00034,PROD0018,lapsed,2026-06-16,2027-06-16,721.94,704.29
POL002500,PN-00002500,CUST001831,AGT00177,PROD0047,active,2026-05-28,2027-05-28,7470.28,6891.84
POL002501,PN-00002501,CUST002352,AGT00488,PROD0021,active,2024-04-25,2025-04-25,14873.56,14306.32
POL002502,PN-00002502,CUST003210,AGT00052,PROD0046,renewed,2023-05-06,2024-05-05,7463.63,7058.0
POL002503,PN-00002503,CUST001225,AGT00083,PROD0010,expired,2025-05-29,2026-05-29,4819.89,4689.98
POL002504,PN-00002504,CUST000693,AGT00388,PROD0021,quoted,2024-05-10,2025-05-10,3783.06,3408.72
POL002505,PN-00002505,CUST004070,AGT00006,PROD0009,quoted,2025-07-31,2026-07-31,11694.93,11526.6
POL002506,PN-00002506,CUST003902,AGT00432,PROD0027,expired,2026-06-06,2027-06-06,7214.44,6993.53
POL002507,PN-00002507,CUST001993,AGT00439,PROD0035,issued,2023-03-21,2024-03-20,13487.65,12478.97
POL002508,PN-00002508,CUST001969,AGT00446,PROD0036,quoted,2025-02-11,2026-02-11,9841.53,8972.54
POL002509,PN-00002509,CUST003563,AGT00265,PROD0005,quoted,2023-11-14,2024-11-13,11496.6,10919.42
POL002510,PN-00002510,CUST000053,AGT00028,PROD0002,issued,2025-04-04,2026-04-04,9294.41,9248.8
POL002511,PN-00002511,CUST002998,AGT00272,PROD0023,active,2026-03-10,2027-03-10,3519.94,3472.4
POL002512,PN-00002512,CUST002117,AGT00132,PROD0021,cancelled,2024-12-29,2025-12-29,14174.68,13016.24
POL002513,PN-00002513,CUST001487,AGT00066,PROD0007,lapsed,2024-09-13,2025-09-13,11223.09,11206.94
POL002514,PN-00002514,CUST002533,AGT00144,PROD0050,cancelled,2023-06-21,2024-06-20,3086.18,2980.0
POL002515,PN-00002515,CUST003664,AGT00206,PROD0037,quoted,2026-05-13,2027-05-13,3226.4,2980.7
POL002516,PN-00002516,CUST000649,AGT00163,PROD0028,quoted,2026-04-10,2027-04-10,5109.07,4844.23
POL002517,PN-00002517,CUST002861,AGT00378,PROD0043,issued,2025-06-10,2026-06-10,9086.74,8189.9
POL002518,PN-00002518,CUST003534,AGT00421,PROD0014,issued,2025-04-22,2026-04-22,13580.72,13319.74
POL002519,PN-00002519,CUST004251,AGT00437,PROD0032,lapsed,2024-08-19,2025-08-19,903.23,871.45
POL002520,PN-00002520,CUST000524,AGT00233,PROD0013,active,2023-02-20,2024-02-20,10396.49,10222.68
POL002521,PN-00002521,CUST001191,AGT00036,PROD0018,renewed,2024-10-05,2025-10-05,2245.34,2220.45
POL002522,PN-00002522,CUST004256,AGT00299,PROD0039,expired,2026-04-03,2027-04-03,13365.32,12209.16
POL002523,PN-00002523,CUST004721,AGT00493,PROD0016,active,2023-01-16,2024-01-16,11777.96,11250.89
POL002524,PN-00002524,CUST000463,AGT00185,PROD0010,quoted,2023-06-03,2024-06-02,7686.14,7163.8
POL002525,PN-00002525,CUST000428,AGT00287,PROD0013,active,2023-08-07,2024-08-06,8693.06,8391.07
POL002526,PN-00002526,CUST000438,AGT00135,PROD0045,lapsed,2026-01-23,2027-01-23,5502.12,5264.02
POL002527,PN-00002527,CUST002671,AGT00135,PROD0040,active,2026-02-03,2027-02-03,1299.04,1204.51
POL002528,PN-00002528,CUST000127,AGT00305,PROD0016,expired,2026-01-18,2027-01-18,14173.32,13256.6
POL002529,PN-00002529,CUST002522,AGT00236,PROD0005,renewed,2026-06-28,2027-06-28,11630.31,11213.32
POL002530,PN-00002530,CUST000422,AGT00352,PROD0024,active,2024-06-03,2025-06-03,7802.12,7435.02
POL002531,PN-00002531,CUST000303,AGT00173,PROD0026,quoted,2025-02-18,2026-02-18,2551.68,2515.42
POL002532,PN-00002532,CUST000388,AGT00427,PROD0024,active,2025-03-14,2026-03-14,14949.85,13861.82
POL002533,PN-00002533,CUST003206,AGT00447,PROD0007,issued,2025-01-08,2026-01-08,454.54,415.38
POL002534,PN-00002534,CUST001812,AGT00470,PROD0022,cancelled,2023-04-18,2024-04-17,6430.63,6340.44
POL002535,PN-00002535,CUST003546,AGT00429,PROD0004,cancelled,2025-01-07,2026-01-07,727.68,699.85
POL002536,PN-00002536,CUST004189,AGT00437,PROD0024,renewed,2026-08-11,2027-08-11,5777.4,5447.05
POL002537,PN-00002537,CUST003971,AGT00276,PROD0037,renewed,2024-03-11,2025-03-11,12443.38,11911.97
POL002538,PN-00002538,CUST002037,AGT00299,PROD0007,active,2026-05-17,2027-05-17,4833.23,4459.02
POL002539,PN-00002539,CUST001245,AGT00449,PROD0037,active,2026-04-30,2027-04-30,912.51,850.97
POL002540,PN-00002540,CUST001249,AGT00043,PROD0045,expired,2026-03-06,2027-03-06,11059.33,10847.02
POL002541,PN-00002541,CUST000150,AGT00304,PROD0008,expired,2023-02-25,2024-02-25,2329.86,2308.08
POL002542,PN-00002542,CUST002229,AGT00255,PROD0005,active,2024-09-23,2025-09-23,3053.19,2799.27
POL002543,PN-00002543,CUST000826,AGT00039,PROD0041,expired,2026-04-04,2027-04-04,1022.98,986.97
POL002544,PN-00002544,CUST001095,AGT00121,PROD0032,lapsed,2025-07-10,2026-07-10,3124.55,2846.17
POL002545,PN-00002545,CUST001796,AGT00486,PROD0016,lapsed,2023-01-16,2024-01-16,9297.45,8593.97
POL002546,PN-00002546,CUST002156,AGT00190,PROD0011,quoted,2024-05-26,2025-05-26,7514.3,6918.63
POL002547,PN-00002547,CUST003162,AGT00112,PROD0013,active,2024-01-06,2025-01-05,7870.11,7581.34
POL002548,PN-00002548,CUST002986,AGT00214,PROD0021,lapsed,2025-04-06,2026-04-06,14476.82,13597.62
POL002549,PN-00002549,CUST004354,AGT00018,PROD0048,lapsed,2026-09-10,2027-09-10,14389.04,13008.75
POL002550,PN-00002550,CUST000407,AGT00367,PROD0024,cancelled,2026-02-13,2027-02-13,8763.79,8694.33
POL002551,PN-00002551,CUST001764,AGT00279,PROD0008,cancelled,2024-11-01,2025-11-01,7196.06,7099.03
POL002552,PN-00002552,CUST000436,AGT00468,PROD0006,lapsed,2024-10-05,2025-10-05,4262.51,4257.17
POL002553,PN-00002553,CUST002729,AGT00233,PROD0035,quoted,2023-08-07,2024-08-06,8529.32,8496.38
POL002554,PN-00002554,CUST003720,AGT00318,PROD0046,issued,2024-07-14,2025-07-14,9402.58,9213.69
POL002555,PN-00002555,CUST004346,AGT00267,PROD0008,issued,2024-12-12,2025-12-12,10144.68,10099.2
POL002556,PN-00002556,CUST002221,AGT00219,PROD0027,cancelled,2023-07-09,2024-07-08,13362.49,12363.69
POL002557,PN-00002557,CUST003721,AGT00048,PROD0003,expired,2023-01-08,2024-01-08,13054.86,12948.74
POL002558,PN-00002558,CUST003400,AGT00432,PROD0010,lapsed,2025-03-21,2026-03-21,6046.06,5775.97
POL002559,PN-00002559,CUST002380,AGT00439,PROD0021,expired,2024-11-12,2025-11-12,3753.68,3460.83
POL002560,PN-00002560,CUST004066,AGT00218,PROD0028,cancelled,2025-01-08,2026-01-08,9186.01,8835.37
POL002561,PN-00002561,CUST000374,AGT00087,PROD0043,active,2024-04-13,2025-04-13,4350.32,4016.65
POL002562,PN-00002562,CUST004597,AGT00053,PROD0028,expired,2024-01-06,2025-01-05,3012.87,3004.58
POL002563,PN-00002563,CUST004181,AGT00434,PROD0020,lapsed,2026-06-11,2027-06-11,9799.52,9454.7
POL002564,PN-00002564,CUST000793,AGT00160,PROD0025,active,2023-11-25,2024-11-24,8365.41,7866.74
POL002565,PN-00002565,CUST002746,AGT00276,PROD0004,active,2026-09-12,2027-09-12,5798.53,5335.09
POL002566,PN-00002566,CUST002956,AGT00043,PROD0041,active,2024-02-13,2025-02-12,1435.32,1341.38
POL002567,PN-00002567,CUST000932,AGT00418,PROD0007,active,2025-06-28,2026-06-28,13481.43,12787.33
POL002568,PN-00002568,CUST002372,AGT00244,PROD0013,active,2024-08-31,2025-08-31,4808.74,4542.15
POL002569,PN-00002569,CUST001440,AGT00117,PROD0050,issued,2026-06-24,2027-06-24,13366.62,12675.01
POL002570,PN-00002570,CUST003116,AGT00039,PROD0040,active,2025-04-14,2026-04-14,8496.21,7940.77
POL002571,PN-00002571,CUST004476,AGT00175,PROD0043,active,2025-12-06,2026-12-06,14840.63,14338.32
POL002572,PN-00002572,CUST000985,AGT00111,PROD0041,renewed,2024-10-05,2025-10-05,10534.4,9801.64
POL002573,PN-00002573,CUST004324,AGT00230,PROD0020,renewed,2025-07-04,2026-07-04,4325.88,3977.78
POL002574,PN-00002574,CUST003905,AGT00078,PROD0037,renewed,2026-07-11,2027-07-11,6472.1,6049.61
POL002575,PN-00002575,CUST002798,AGT00225,PROD0032,quoted,2026-04-22,2027-04-22,8704.54,8169.09
POL002576,PN-00002576,CUST004152,AGT00460,PROD0016,cancelled,2024-08-15,2025-08-15,4159.37,3795.14
POL002577,PN-00002577,CUST004146,AGT00020,PROD0039,cancelled,2024-10-09,2025-10-09,4132.3,3751.27
POL002578,PN-00002578,CUST001033,AGT00149,PROD0007,lapsed,2025-01-25,2026-01-25,13851.77,13793.86
POL002579,PN-00002579,CUST001941,AGT00160,PROD0036,expired,2024-05-29,2025-05-29,389.14,383.1
POL002580,PN-00002580,CUST000714,AGT00344,PROD0029,expired,2023-04-09,2024-04-08,13394.05,12392.07
POL002581,PN-00002581,CUST000961,AGT00156,PROD0020,active,2024-10-28,2025-10-28,3421.47,3247.75
POL002582,PN-00002582,CUST002864,AGT00432,PROD0012,cancelled,2023-02-11,2024-02-11,1716.69,1610.46
POL002583,PN-00002583,CUST000784,AGT00142,PROD0028,active,2023-08-12,2024-08-11,5880.11,5876.42
POL002584,PN-00002584,CUST002873,AGT00452,PROD0031,expired,2024-04-11,2025-04-11,3060.5,3028.54
POL002585,PN-00002585,CUST004242,AGT00139,PROD0001,active,2026-06-21,2027-06-21,1602.86,1454.07
POL002586,PN-00002586,CUST004026,AGT00260,PROD0005,renewed,2023-02-01,2024-02-01,9394.11,8559.23
POL002587,PN-00002587,CUST003067,AGT00247,PROD0042,active,2023-07-29,2024-07-28,9957.71,9861.73
POL002588,PN-00002588,CUST000833,AGT00160,PROD0038,cancelled,2025-01-04,2026-01-04,1749.98,1632.19
POL002589,PN-00002589,CUST001552,AGT00278,PROD0032,quoted,2024-03-11,2025-03-11,5939.81,5913.49
POL002590,PN-00002590,CUST003826,AGT00090,PROD0039,issued,2025-03-18,2026-03-18,6567.19,6465.34
POL002591,PN-00002591,CUST004240,AGT00026,PROD0035,lapsed,2024-06-10,2025-06-10,3846.28,3661.11
POL002592,PN-00002592,CUST000562,AGT00196,PROD0035,renewed,2024-09-28,2025-09-28,8083.1,7851.53
POL002593,PN-00002593,CUST001601,AGT00334,PROD0002,renewed,2026-05-02,2027-05-02,9180.88,9114.83
POL002594,PN-00002594,CUST002554,AGT00371,PROD0025,quoted,2024-07-18,2025-07-18,3985.89,3681.41
POL002595,PN-00002595,CUST000057,AGT00194,PROD0043,issued,2023-01-06,2024-01-06,4147.23,4012.06
POL002596,PN-00002596,CUST000390,AGT00262,PROD0006,active,2025-11-17,2026-11-17,7347.3,6651.33
POL002597,PN-00002597,CUST001453,AGT00253,PROD0041,active,2025-02-12,2026-02-12,3815.64,3742.29
POL002598,PN-00002598,CUST003744,AGT00094,PROD0011,active,2024-02-28,2025-02-27,11797.87,11600.52
POL002599,PN-00002599,CUST002655,AGT00031,PROD0017,expired,2024-03-01,2025-03-01,2448.28,2421.5
POL002600,PN-00002600,CUST002720,AGT00300,PROD0004,cancelled,2024-06-17,2025-06-17,7125.61,6563.29
POL002601,PN-00002601,CUST001154,AGT00085,PROD0027,active,2026-09-07,2027-09-07,13689.88,13128.19
POL002602,PN-00002602,CUST000430,AGT00495,PROD0049,renewed,2024-12-05,2025-12-05,12959.86,12815.52
POL002603,PN-00002603,CUST002501,AGT00432,PROD0024,cancelled,2023-07-17,2024-07-16,3162.66,3102.36
POL002604,PN-00002604,CUST004813,AGT00223,PROD0019,expired,2023-10-25,2024-10-24,6485.9,6371.73
POL002605,PN-00002605,CUST000209,AGT00313,PROD0036,active,2026-06-28,2027-06-28,10686.85,10117.3
POL002606,PN-00002606,CUST000091,AGT00359,PROD0021,active,2023-07-03,2024-07-02,4097.97,3735.08
POL002607,PN-00002607,CUST003169,AGT00149,PROD0006,issued,2023-05-22,2024-05-21,9237.76,8961.74
POL002608,PN-00002608,CUST003558,AGT00188,PROD0027,active,2024-09-27,2025-09-27,10842.63,10515.33
POL002609,PN-00002609,CUST002364,AGT00454,PROD0012,expired,2025-05-26,2026-05-26,898.62,820.19
POL002610,PN-00002610,CUST004712,AGT00338,PROD0012,active,2023-12-09,2024-12-08,3083.29,2837.75
POL002611,PN-00002611,CUST003789,AGT00312,PROD0040,cancelled,2024-01-20,2025-01-19,8205.26,8142.73
POL002612,PN-00002612,CUST002463,AGT00189,PROD0036,cancelled,2026-03-03,2027-03-03,2758.19,2499.97
POL002613,PN-00002613,CUST003954,AGT00143,PROD0032,active,2024-10-21,2025-10-21,2886.34,2777.43
POL002614,PN-00002614,CUST003756,AGT00182,PROD0026,active,2025-01-20,2026-01-20,4925.86,4686.91
POL002615,PN-00002615,CUST004204,AGT00345,PROD0040,active,2024-11-13,2025-11-13,14930.04,14237.39
POL002616,PN-00002616,CUST003508,AGT00252,PROD0027,renewed,2025-05-17,2026-05-17,5401.73,4893.01
POL002617,PN-00002617,CUST000658,AGT00377,PROD0001,issued,2023-06-10,2024-06-09,2764.48,2555.87
POL002618,PN-00002618,CUST004226,AGT00253,PROD0023,active,2024-03-06,2025-03-06,9722.78,8924.11
POL002619,PN-00002619,CUST002469,AGT00148,PROD0048,cancelled,2025-11-13,2026-11-13,3452.89,3207.22
POL002620,PN-00002620,CUST002717,AGT00387,PROD0030,lapsed,2024-08-13,2025-08-13,8589.3,8342.07
POL002621,PN-00002621,CUST001893,AGT00317,PROD0028,lapsed,2025-12-01,2026-12-01,14567.59,14120.56
POL002622,PN-00002622,CUST002966,AGT00078,PROD0024,active,2024-08-09,2025-08-09,3462.41,3441.02
POL002623,PN-00002623,CUST002039,AGT00478,PROD0049,issued,2024-11-26,2025-11-26,2841.33,2657.2
POL002624,PN-00002624,CUST004016,AGT00101,PROD0044,expired,2024-08-09,2025-08-09,11909.38,11844.54
POL002625,PN-00002625,CUST000175,AGT00482,PROD0028,active,2025-12-26,2026-12-26,10939.23,10908.74
POL002626,PN-00002626,CUST002096,AGT00241,PROD0007,cancelled,2025-01-03,2026-01-03,7294.62,6868.04
POL002627,PN-00002627,CUST000864,AGT00009,PROD0035,issued,2023-04-06,2024-04-05,10067.6,9100.0
POL002628,PN-00002628,CUST001748,AGT00420,PROD0002,issued,2023-11-29,2024-11-28,2938.81,2855.27
POL002629,PN-00002629,CUST001718,AGT00299,PROD0022,issued,2025-01-14,2026-01-14,1867.16,1841.05
POL002630,PN-00002630,CUST003421,AGT00306,PROD0033,active,2024-04-04,2025-04-04,2305.05,2202.59
POL002631,PN-00002631,CUST002125,AGT00051,PROD0017,expired,2023-09-17,2024-09-16,14051.54,13796.98
POL002632,PN-00002632,CUST001091,AGT00212,PROD0048,active,2023-09-19,2024-09-18,1972.73,1838.47
POL002633,PN-00002633,CUST003890,AGT00055,PROD0022,cancelled,2026-08-16,2027-08-16,834.33,761.3
POL002634,PN-00002634,CUST003218,AGT00251,PROD0035,lapsed,2025-06-21,2026-06-21,7558.01,7414.26
POL002635,PN-00002635,CUST000643,AGT00348,PROD0008,issued,2026-08-01,2027-08-01,5488.4,5053.75
POL002636,PN-00002636,CUST003463,AGT00275,PROD0020,active,2024-01-17,2025-01-16,3176.67,3083.36
POL002637,PN-00002637,CUST003222,AGT00098,PROD0022,expired,2024-12-28,2025-12-28,11958.52,11493.13
POL002638,PN-00002638,CUST000333,AGT00107,PROD0013,active,2025-03-03,2026-03-03,12390.0,11258.24
POL002639,PN-00002639,CUST002796,AGT00228,PROD0006,active,2026-03-08,2027-03-08,6988.39,6429.5
POL002640,PN-00002640,CUST004491,AGT00052,PROD0023,active,2024-08-23,2025-08-23,5308.8,5018.98
POL002641,PN-00002641,CUST004581,AGT00374,PROD0031,active,2025-06-14,2026-06-14,9690.96,9332.4
POL002642,PN-00002642,CUST000055,AGT00451,PROD0012,active,2024-03-16,2025-03-16,5147.06,4643.63
POL002643,PN-00002643,CUST004779,AGT00120,PROD0001,lapsed,2026-06-28,2027-06-28,9295.78,8769.26
POL002644,PN-00002644,CUST004973,AGT00041,PROD0039,lapsed,2025-02-03,2026-02-03,483.03,455.82
POL002645,PN-00002645,CUST004662,AGT00201,PROD0037,active,2026-03-16,2027-03-16,9218.54,8912.38
POL002646,PN-00002646,CUST000887,AGT00292,PROD0042,active,2023-09-10,2024-09-09,13337.67,12753.43
POL002647,PN-00002647,CUST003770,AGT00140,PROD0025,issued,2023-08-30,2024-08-29,2847.88,2733.57
POL002648,PN-00002648,CUST000072,AGT00019,PROD0010,cancelled,2024-08-15,2025-08-15,1638.36,1493.05
POL002649,PN-00002649,CUST002678,AGT00267,PROD0049,renewed,2025-03-22,2026-03-22,13618.67,12543.81
POL002650,PN-00002650,CUST001675,AGT00104,PROD0011,lapsed,2025-08-27,2026-08-27,803.63,785.56
POL002651,PN-00002651,CUST004859,AGT00310,PROD0026,lapsed,2025-04-16,2026-04-16,14453.06,13633.22
POL002652,PN-00002652,CUST004367,AGT00189,PROD0035,issued,2024-07-04,2025-07-04,3424.2,3213.68
POL002653,PN-00002653,CUST000550,AGT00031,PROD0046,issued,2025-04-09,2026-04-09,5511.61,5128.39
POL002654,PN-00002654,CUST002074,AGT00432,PROD0030,expired,2024-02-28,2025-02-27,11869.8,11554.13
POL002655,PN-00002655,CUST002378,AGT00384,PROD0013,cancelled,2023-06-10,2024-06-09,567.62,535.77
POL002656,PN-00002656,CUST000544,AGT00340,PROD0003,active,2024-02-24,2025-02-23,10300.78,9745.52
POL002657,PN-00002657,CUST004697,AGT00213,PROD0003,lapsed,2026-02-15,2027-02-15,13833.82,13819.56
POL002658,PN-00002658,CUST002709,AGT00281,PROD0025,active,2026-06-02,2027-06-02,6935.07,6927.2
POL002659,PN-00002659,CUST004272,AGT00154,PROD0014,active,2024-06-07,2025-06-07,13553.82,12333.74
POL002660,PN-00002660,CUST004648,AGT00142,PROD0050,issued,2024-11-13,2025-11-13,2755.9,2526.84
POL002661,PN-00002661,CUST004491,AGT00222,PROD0003,quoted,2025-05-18,2026-05-18,2342.52,2285.5
POL002662,PN-00002662,CUST004196,AGT00056,PROD0036,quoted,2023-04-02,2024-04-01,10327.29,9969.22
POL002663,PN-00002663,CUST004791,AGT00060,PROD0021,active,2023-09-12,2024-09-11,12033.23,11726.57
POL002664,PN-00002664,CUST002391,AGT00002,PROD0023,quoted,2023-05-03,2024-05-02,8507.83,8223.02
POL002665,PN-00002665,CUST001984,AGT00346,PROD0018,active,2025-09-08,2026-09-08,9549.94,9521.55
POL002666,PN-00002666,CUST003290,AGT00466,PROD0015,active,2025-04-29,2026-04-29,4043.47,3708.57
POL002667,PN-00002667,CUST003375,AGT00156,PROD0029,active,2023-10-05,2024-10-04,5007.95,4852.36
POL002668,PN-00002668,CUST004710,AGT00379,PROD0012,expired,2024-08-07,2025-08-07,5306.41,4782.73
POL002669,PN-00002669,CUST002370,AGT00065,PROD0017,issued,2023-02-23,2024-02-23,8191.97,7744.32
POL002670,PN-00002670,CUST002265,AGT00071,PROD0024,expired,2024-04-30,2025-04-30,13957.76,13298.85
POL002671,PN-00002671,CUST002765,AGT00385,PROD0041,expired,2024-01-16,2025-01-15,6947.4,6602.19
POL002672,PN-00002672,CUST001450,AGT00010,PROD0037,lapsed,2023-07-20,2024-07-19,8356.84,7606.48
POL002673,PN-00002673,CUST001249,AGT00158,PROD0050,active,2025-02-25,2026-02-25,6030.1,5959.98
POL002674,PN-00002674,CUST004399,AGT00021,PROD0039,quoted,2025-09-26,2026-09-26,323.54,310.86
POL002675,PN-00002675,CUST003835,AGT00301,PROD0046,active,2023-02-01,2024-02-01,9228.71,8636.18
POL002676,PN-00002676,CUST000832,AGT00426,PROD0044,issued,2024-10-13,2025-10-13,9454.4,8952.54
POL002677,PN-00002677,CUST001747,AGT00121,PROD0008,cancelled,2025-06-19,2026-06-19,1106.67,1095.08
POL002678,PN-00002678,CUST001960,AGT00256,PROD0039,expired,2025-08-28,2026-08-28,325.05,294.22
POL002679,PN-00002679,CUST001931,AGT00240,PROD0049,lapsed,2025-09-07,2026-09-07,13839.14,13092.88
POL002680,PN-00002680,CUST003013,AGT00102,PROD0030,quoted,2023-06-26,2024-06-25,7537.44,7299.75
POL002681,PN-00002681,CUST002649,AGT00118,PROD0016,active,2024-04-10,2025-04-10,664.74,659.75
POL002682,PN-00002682,CUST001527,AGT00173,PROD0025,expired,2026-03-24,2027-03-24,13717.11,12717.97
POL002683,PN-00002683,CUST002060,AGT00470,PROD0005,active,2024-01-26,2025-01-25,13882.21,12591.09
POL002684,PN-00002684,CUST000823,AGT00183,PROD0006,active,2026-05-03,2027-05-03,6394.09,6144.84
POL002685,PN-00002685,CUST004419,AGT00385,PROD0045,expired,2024-09-08,2025-09-08,2620.88,2530.72
POL002686,PN-00002686,CUST001618,AGT00045,PROD0024,quoted,2024-09-11,2025-09-11,13284.8,12744.12
POL002687,PN-00002687,CUST000241,AGT00106,PROD0042,issued,2026-08-30,2027-08-30,14172.8,13105.25
POL002688,PN-00002688,CUST002915,AGT00421,PROD0025,expired,2026-08-04,2027-08-04,5336.47,5033.41
POL002689,PN-00002689,CUST000721,AGT00107,PROD0026,active,2024-09-18,2025-09-18,6455.09,6021.76
POL002690,PN-00002690,CUST002470,AGT00167,PROD0011,active,2024-01-12,2025-01-11,7871.06,7251.25
POL002691,PN-00002691,CUST002664,AGT00352,PROD0014,cancelled,2024-09-24,2025-09-24,7819.26,7604.37
POL002692,PN-00002692,CUST004880,AGT00229,PROD0049,active,2026-06-08,2027-06-08,8651.45,8302.01
POL002693,PN-00002693,CUST003329,AGT00182,PROD0029,active,2025-07-23,2026-07-23,4934.68,4933.95
POL002694,PN-00002694,CUST001813,AGT00178,PROD0012,renewed,2023-09-02,2024-09-01,10134.68,9121.34
POL002695,PN-00002695,CUST003175,AGT00151,PROD0001,active,2025-06-06,2026-06-06,4539.83,4174.95
POL002696,PN-00002696,CUST000626,AGT00166,PROD0018,active,2023-03-25,2024-03-24,2586.79,2581.61
POL002697,PN-00002697,CUST004121,AGT00105,PROD0001,quoted,2025-07-15,2026-07-15,13382.62,12187.62
POL002698,PN-00002698,CUST001613,AGT00073,PROD0032,active,2026-07-23,2027-07-23,607.74,586.51
POL002699,PN-00002699,CUST004679,AGT00059,PROD0017,cancelled,2023-07-29,2024-07-28,13025.17,11885.95
POL002700,PN-00002700,CUST004958,AGT00322,PROD0026,expired,2024-02-16,2025-02-15,12370.66,12289.43
POL002701,PN-00002701,CUST001370,AGT00238,PROD0010,expired,2023-06-01,2024-05-31,3056.21,3040.08
POL002702,PN-00002702,CUST002143,AGT00351,PROD0021,renewed,2024-08-06,2025-08-06,3279.68,3088.86
POL002703,PN-00002703,CUST003941,AGT00313,PROD0028,expired,2025-09-07,2026-09-07,9988.99,9468.91
POL002704,PN-00002704,CUST001524,AGT00198,PROD0039,active,2025-11-18,2026-11-18,6302.57,5675.32
POL002705,PN-00002705,CUST000730,AGT00354,PROD0015,renewed,2024-02-27,2025-02-26,3542.8,3406.42
POL002706,PN-00002706,CUST004596,AGT00378,PROD0047,issued,2026-01-31,2027-01-31,14253.25,14010.75
POL002707,PN-00002707,CUST000010,AGT00088,PROD0042,renewed,2025-05-04,2026-05-04,10094.44,9206.76
POL002708,PN-00002708,CUST004643,AGT00198,PROD0005,active,2024-08-30,2025-08-30,12893.87,12407.89
POL002709,PN-00002709,CUST004425,AGT00181,PROD0008,cancelled,2024-09-23,2025-09-23,11100.72,10459.62
POL002710,PN-00002710,CUST001010,AGT00500,PROD0027,lapsed,2023-03-27,2024-03-26,12004.4,11143.88
POL002711,PN-00002711,CUST002673,AGT00500,PROD0045,expired,2023-11-04,2024-11-03,6155.42,5857.15
POL002712,PN-00002712,CUST001507,AGT00431,PROD0011,cancelled,2025-10-24,2026-10-24,7038.77,6835.13
POL002713,PN-00002713,CUST000587,AGT00158,PROD0050,expired,2023-06-23,2024-06-22,11373.87,10671.57
POL002714,PN-00002714,CUST003020,AGT00315,PROD0011,active,2026-06-25,2027-06-25,13240.91,12885.68
POL002715,PN-00002715,CUST003702,AGT00271,PROD0039,lapsed,2023-04-05,2024-04-04,13693.18,12782.57
POL002716,PN-00002716,CUST000355,AGT00217,PROD0037,active,2023-01-31,2024-01-31,3111.09,2888.83
POL002717,PN-00002717,CUST003954,AGT00378,PROD0047,quoted,2023-05-26,2024-05-25,1451.77,1326.53
POL002718,PN-00002718,CUST001742,AGT00013,PROD0042,lapsed,2023-10-12,2024-10-11,13588.12,13079.01
POL002719,PN-00002719,CUST002971,AGT00327,PROD0037,issued,2024-11-07,2025-11-07,10622.8,10297.99
POL002720,PN-00002720,CUST001142,AGT00304,PROD0041,quoted,2023-11-12,2024-11-11,14728.81,13940.37
POL002721,PN-00002721,CUST001206,AGT00101,PROD0003,lapsed,2024-02-24,2025-02-23,3865.09,3536.59
POL002722,PN-00002722,CUST001838,AGT00296,PROD0035,issued,2026-06-18,2027-06-18,10233.47,9318.15
POL002723,PN-00002723,CUST000983,AGT00491,PROD0016,renewed,2026-07-07,2027-07-07,11538.71,11265.36
POL002724,PN-00002724,CUST003847,AGT00471,PROD0016,renewed,2026-01-13,2027-01-13,12408.48,11914.14
POL002725,PN-00002725,CUST003597,AGT00283,PROD0030,lapsed,2025-03-09,2026-03-09,14710.05,14447.66
POL002726,PN-00002726,CUST002015,AGT00201,PROD0001,active,2026-07-24,2027-07-24,8404.99,7717.75
POL002727,PN-00002727,CUST004860,AGT00395,PROD0025,active,2025-04-15,2026-04-15,5136.81,4754.49
POL002728,PN-00002728,CUST002132,AGT00408,PROD0033,active,2025-02-10,2026-02-10,5280.47,4856.95
POL002729,PN-00002729,CUST003301,AGT00080,PROD0002,active,2025-02-21,2026-02-21,8059.19,7798.02
POL002730,PN-00002730,CUST004564,AGT00326,PROD0020,issued,2026-03-05,2027-03-05,9331.75,8946.92
POL002731,PN-00002731,CUST003597,AGT00073,PROD0004,lapsed,2023-12-21,2024-12-20,12691.57,11522.85
POL002732,PN-00002732,CUST001708,AGT00006,PROD0049,active,2023-01-10,2024-01-10,7910.48,7848.85
POL002733,PN-00002733,CUST001790,AGT00300,PROD0008,lapsed,2024-08-16,2025-08-16,13506.9,12313.15
POL002734,PN-00002734,CUST000619,AGT00359,PROD0041,active,2025-06-16,2026-06-16,8985.96,8889.65
POL002735,PN-00002735,CUST000174,AGT00321,PROD0022,active,2023-01-03,2024-01-03,14980.61,14338.63
POL002736,PN-00002736,CUST002784,AGT00028,PROD0019,active,2024-08-02,2025-08-02,3813.99,3600.79
POL002737,PN-00002737,CUST004839,AGT00086,PROD0037,quoted,2026-02-17,2027-02-17,13336.49,12192.33
POL002738,PN-00002738,CUST004261,AGT00144,PROD0042,issued,2024-06-24,2025-06-24,11504.15,11269.68
POL002739,PN-00002739,CUST003354,AGT00045,PROD0044,expired,2025-02-12,2026-02-12,9000.97,8828.97
POL002740,PN-00002740,CUST002237,AGT00426,PROD0004,cancelled,2025-11-30,2026-11-30,11192.36,11171.93
POL002741,PN-00002741,CUST000940,AGT00484,PROD0042,active,2026-08-27,2027-08-27,6589.3,6088.86
POL002742,PN-00002742,CUST000851,AGT00101,PROD0032,cancelled,2023-01-29,2024-01-29,14690.28,13930.47
POL002743,PN-00002743,CUST002411,AGT00040,PROD0003,active,2024-05-12,2025-05-12,7294.72,6693.06
POL002744,PN-00002744,CUST002742,AGT00308,PROD0018,active,2023-09-08,2024-09-07,10865.22,10169.98
POL002745,PN-00002745,CUST004376,AGT00108,PROD0034,expired,2024-12-17,2025-12-17,1529.95,1412.8
POL002746,PN-00002746,CUST004040,AGT00265,PROD0005,active,2023-08-31,2024-08-30,6347.1,6165.93
POL002747,PN-00002747,CUST003364,AGT00422,PROD0033,issued,2024-07-16,2025-07-16,12146.94,11932.06
POL002748,PN-00002748,CUST001398,AGT00351,PROD0040,issued,2023-05-01,2024-04-30,11946.86,11679.31
POL002749,PN-00002749,CUST001457,AGT00427,PROD0039,cancelled,2026-08-21,2027-08-21,1784.71,1699.3
POL002750,PN-00002750,CUST002793,AGT00351,PROD0008,lapsed,2023-07-21,2024-07-20,8398.43,7626.8
POL002751,PN-00002751,CUST000990,AGT00424,PROD0004,quoted,2023-07-12,2024-07-11,4492.98,4102.83
POL002752,PN-00002752,CUST003037,AGT00128,PROD0022,expired,2026-07-22,2027-07-22,11845.82,11264.63
POL002753,PN-00002753,CUST004180,AGT00304,PROD0001,quoted,2023-07-19,2024-07-18,11833.49,11286.61
POL002754,PN-00002754,CUST001152,AGT00355,PROD0016,issued,2024-11-20,2025-11-20,6603.34,6206.55
POL002755,PN-00002755,CUST003134,AGT00203,PROD0004,expired,2023-10-20,2024-10-19,6958.94,6653.43
POL002756,PN-00002756,CUST001476,AGT00238,PROD0034,active,2026-07-20,2027-07-20,8454.84,8345.62
POL002757,PN-00002757,CUST004200,AGT00395,PROD0044,lapsed,2025-07-30,2026-07-30,14387.42,13059.05
POL002758,PN-00002758,CUST001629,AGT00433,PROD0035,renewed,2024-04-15,2025-04-15,4815.42,4693.67
POL002759,PN-00002759,CUST002852,AGT00500,PROD0006,active,2023-01-26,2024-01-26,9831.51,9314.69
POL002760,PN-00002760,CUST000014,AGT00322,PROD0036,lapsed,2023-03-04,2024-03-03,3015.94,2763.99
POL002761,PN-00002761,CUST000774,AGT00111,PROD0008,lapsed,2023-06-11,2024-06-10,10549.51,9676.75
POL002762,PN-00002762,CUST000757,AGT00426,PROD0048,quoted,2024-09-08,2025-09-08,11148.09,10338.77
POL002763,PN-00002763,CUST002422,AGT00159,PROD0025,active,2026-03-07,2027-03-07,7127.3,6519.12
POL002764,PN-00002764,CUST002685,AGT00289,PROD0027,quoted,2024-03-28,2025-03-28,4714.73,4601.92
POL002765,PN-00002765,CUST000750,AGT00303,PROD0029,active,2025-05-09,2026-05-09,8031.53,7426.55
POL002766,PN-00002766,CUST002947,AGT00004,PROD0004,cancelled,2024-06-13,2025-06-13,1828.69,1662.15
POL002767,PN-00002767,CUST000710,AGT00102,PROD0041,renewed,2023-03-31,2024-03-30,3452.81,3375.49
POL002768,PN-00002768,CUST003197,AGT00037,PROD0031,issued,2023-01-09,2024-01-09,5990.27,5623.51
POL002769,PN-00002769,CUST003293,AGT00285,PROD0047,active,2024-07-02,2025-07-02,12865.63,12603.4
POL002770,PN-00002770,CUST004412,AGT00346,PROD0009,lapsed,2026-08-05,2027-08-05,14616.0,13868.75
POL002771,PN-00002771,CUST004350,AGT00159,PROD0050,issued,2025-12-07,2026-12-07,13803.84,13130.06
POL002772,PN-00002772,CUST004380,AGT00200,PROD0037,active,2025-03-16,2026-03-16,9184.2,8982.83
POL002773,PN-00002773,CUST002085,AGT00460,PROD0017,renewed,2023-04-25,2024-04-24,5100.55,4663.02
POL002774,PN-00002774,CUST002533,AGT00256,PROD0049,active,2025-08-02,2026-08-02,2815.61,2753.81
POL002775,PN-00002775,CUST003359,AGT00437,PROD0013,active,2026-08-24,2027-08-24,14486.41,13074.86
POL002776,PN-00002776,CUST004776,AGT00039,PROD0027,active,2023-01-16,2024-01-16,14269.94,13676.62
POL002777,PN-00002777,CUST002413,AGT00488,PROD0008,active,2025-09-04,2026-09-04,11113.43,10962.56
POL002778,PN-00002778,CUST000560,AGT00458,PROD0040,quoted,2023-02-28,2024-02-28,1219.28,1182.55
POL002779,PN-00002779,CUST003198,AGT00217,PROD0034,renewed,2025-02-08,2026-02-08,3868.92,3533.94
POL002780,PN-00002780,CUST004470,AGT00407,PROD0024,cancelled,2026-02-10,2027-02-10,8766.65,8340.24
POL002781,PN-00002781,CUST002050,AGT00373,PROD0047,active,2026-09-03,2027-09-03,1049.71,995.27
POL002782,PN-00002782,CUST003000,AGT00356,PROD0030,active,2023-06-30,2024-06-29,12456.33,12246.69
POL002783,PN-00002783,CUST002603,AGT00199,PROD0023,active,2025-02-25,2026-02-25,12896.95,11737.3
POL002784,PN-00002784,CUST003510,AGT00162,PROD0026,issued,2025-03-09,2026-03-09,6468.02,6038.01
POL002785,PN-00002785,CUST000919,AGT00498,PROD0006,renewed,2023-09-01,2024-08-31,2363.12,2131.05
POL002786,PN-00002786,CUST004279,AGT00353,PROD0043,lapsed,2023-02-06,2024-02-06,10481.03,10237.9
POL002787,PN-00002787,CUST001571,AGT00392,PROD0024,active,2026-03-12,2027-03-12,6514.6,6386.92
POL002788,PN-00002788,CUST003353,AGT00094,PROD0024,renewed,2024-11-25,2025-11-25,2317.54,2183.36
POL002789,PN-00002789,CUST002863,AGT00015,PROD0046,lapsed,2024-05-01,2025-05-01,3056.73,2948.4
POL002790,PN-00002790,CUST004387,AGT00025,PROD0034,expired,2025-05-05,2026-05-05,1264.03,1222.61
POL002791,PN-00002791,CUST004232,AGT00380,PROD0013,active,2023-01-21,2024-01-21,12341.13,11452.89
POL002792,PN-00002792,CUST001189,AGT00083,PROD0038,renewed,2026-05-19,2027-05-19,13151.03,12546.33
POL002793,PN-00002793,CUST001777,AGT00067,PROD0008,active,2023-01-07,2024-01-07,1248.85,1151.31
POL002794,PN-00002794,CUST004776,AGT00279,PROD0037,quoted,2024-03-20,2025-03-20,441.14,409.4
POL002795,PN-00002795,CUST000389,AGT00127,PROD0032,active,2025-05-10,2026-05-10,5367.02,5277.77
POL002796,PN-00002796,CUST004647,AGT00339,PROD0002,quoted,2023-08-06,2024-08-05,13408.11,13241.36
POL002797,PN-00002797,CUST003545,AGT00171,PROD0048,cancelled,2023-01-01,2024-01-01,2476.42,2340.24
POL002798,PN-00002798,CUST004002,AGT00020,PROD0044,cancelled,2026-05-09,2027-05-09,982.71,944.44
POL002799,PN-00002799,CUST001172,AGT00350,PROD0030,active,2026-05-17,2027-05-17,8585.33,8062.41
POL002800,PN-00002800,CUST003236,AGT00310,PROD0005,issued,2026-05-03,2027-05-03,11511.69,10954.91
POL002801,PN-00002801,CUST001581,AGT00394,PROD0034,lapsed,2025-05-10,2026-05-10,13249.11,12923.41
POL002802,PN-00002802,CUST001538,AGT00195,PROD0009,expired,2025-04-16,2026-04-16,8925.23,8103.68
POL002803,PN-00002803,CUST001589,AGT00200,PROD0029,renewed,2025-08-30,2026-08-30,13316.34,13206.05
POL002804,PN-00002804,CUST003750,AGT00163,PROD0012,active,2026-05-09,2027-05-09,6342.41,6300.15
POL002805,PN-00002805,CUST001474,AGT00353,PROD0025,active,2026-06-29,2027-06-29,1759.26,1707.77
POL002806,PN-00002806,CUST003786,AGT00474,PROD0035,active,2026-01-19,2027-01-19,11014.78,10019.36
POL002807,PN-00002807,CUST001133,AGT00133,PROD0021,renewed,2023-12-02,2024-12-01,11985.39,10829.34
POL002808,PN-00002808,CUST000313,AGT00406,PROD0035,cancelled,2025-08-25,2026-08-25,5266.32,4761.25
POL002809,PN-00002809,CUST003523,AGT00084,PROD0017,lapsed,2024-08-27,2025-08-27,12686.14,11519.46
POL002810,PN-00002810,CUST004397,AGT00273,PROD0043,cancelled,2025-02-28,2026-02-28,6795.99,6703.53
POL002811,PN-00002811,CUST000831,AGT00116,PROD0037,active,2023-08-20,2024-08-19,13826.11,13170.14
POL002812,PN-00002812,CUST000510,AGT00225,PROD0018,active,2023-06-15,2024-06-14,4692.45,4233.51
POL002813,PN-00002813,CUST001973,AGT00142,PROD0040,active,2026-09-06,2027-09-06,11909.17,10970.48
POL002814,PN-00002814,CUST001430,AGT00280,PROD0043,active,2023-06-03,2024-06-02,14053.45,12671.5
POL002815,PN-00002815,CUST003199,AGT00091,PROD0020,active,2025-08-30,2026-08-30,8134.34,7967.93
POL002816,PN-00002816,CUST003605,AGT00475,PROD0049,active,2024-01-14,2025-01-13,3470.24,3290.32
POL002817,PN-00002817,CUST001862,AGT00120,PROD0004,quoted,2025-10-24,2026-10-24,10014.41,9255.22
POL002818,PN-00002818,CUST002610,AGT00398,PROD0019,lapsed,2024-09-26,2025-09-26,6132.49,5692.98
POL002819,PN-00002819,CUST002040,AGT00494,PROD0049,quoted,2024-01-01,2024-12-31,12575.97,12406.54
POL002820,PN-00002820,CUST004865,AGT00165,PROD0019,expired,2026-05-16,2027-05-16,5989.38,5451.37
POL002821,PN-00002821,CUST003773,AGT00411,PROD0046,renewed,2024-01-21,2025-01-20,1141.4,1091.89
POL002822,PN-00002822,CUST000025,AGT00294,PROD0040,lapsed,2023-06-05,2024-06-04,10517.71,10354.88
POL002823,PN-00002823,CUST002285,AGT00204,PROD0029,quoted,2025-05-08,2026-05-08,1301.8,1249.3
POL002824,PN-00002824,CUST003050,AGT00061,PROD0006,cancelled,2023-03-23,2024-03-22,3466.18,3259.58
POL002825,PN-00002825,CUST001336,AGT00164,PROD0031,quoted,2025-03-25,2026-03-25,2255.02,2250.35
POL002826,PN-00002826,CUST004875,AGT00018,PROD0010,renewed,2025-12-14,2026-12-14,679.87,663.42
POL002827,PN-00002827,CUST004837,AGT00499,PROD0045,quoted,2024-12-04,2025-12-04,5792.23,5678.79
POL002828,PN-00002828,CUST002104,AGT00153,PROD0018,expired,2023-05-31,2024-05-30,5362.43,5190.79
POL002829,PN-00002829,CUST000339,AGT00484,PROD0024,renewed,2025-07-08,2026-07-08,13470.88,12626.2
POL002830,PN-00002830,CUST001268,AGT00411,PROD0012,renewed,2023-02-14,2024-02-14,2707.34,2523.06
POL002831,PN-00002831,CUST004656,AGT00092,PROD0036,quoted,2024-03-10,2025-03-10,8597.43,8013.17
POL002832,PN-00002832,CUST003765,AGT00015,PROD0008,expired,2024-04-09,2025-04-09,9738.42,9448.61
POL002833,PN-00002833,CUST000237,AGT00495,PROD0043,active,2025-07-23,2026-07-23,3015.63,2760.1
POL002834,PN-00002834,CUST002288,AGT00266,PROD0039,active,2024-01-31,2025-01-30,12514.02,11547.22
POL002835,PN-00002835,CUST003814,AGT00457,PROD0031,renewed,2025-01-18,2026-01-18,6480.52,6228.64
POL002836,PN-00002836,CUST002220,AGT00479,PROD0025,cancelled,2025-03-05,2026-03-05,13020.74,11984.95
POL002837,PN-00002837,CUST001526,AGT00142,PROD0008,active,2024-08-24,2025-08-24,7728.65,7279.28
POL002838,PN-00002838,CUST004601,AGT00310,PROD0033,renewed,2026-02-01,2027-02-01,11003.99,10389.21
POL002839,PN-00002839,CUST003902,AGT00445,PROD0041,cancelled,2024-08-08,2025-08-08,6727.03,6410.63
POL002840,PN-00002840,CUST003597,AGT00282,PROD0024,cancelled,2025-03-18,2026-03-18,12377.29,11248.18
POL002841,PN-00002841,CUST004766,AGT00092,PROD0018,active,2023-10-09,2024-10-08,6892.09,6385.77
POL002842,PN-00002842,CUST004409,AGT00349,PROD0009,lapsed,2026-08-29,2027-08-29,9368.76,9324.43
POL002843,PN-00002843,CUST000748,AGT00205,PROD0023,lapsed,2023-10-23,2024-10-22,2998.77,2845.99
POL002844,PN-00002844,CUST001703,AGT00168,PROD0007,renewed,2023-06-27,2024-06-26,8396.29,8001.91
POL002845,PN-00002845,CUST001971,AGT00133,PROD0041,lapsed,2023-05-20,2024-05-19,4323.98,4281.73
POL002846,PN-00002846,CUST003975,AGT00226,PROD0020,active,2025-06-30,2026-06-30,14129.21,13541.7
POL002847,PN-00002847,CUST000634,AGT00489,PROD0002,lapsed,2024-01-31,2025-01-30,1289.51,1217.15
POL002848,PN-00002848,CUST001467,AGT00255,PROD0032,quoted,2026-03-10,2027-03-10,14249.65,14071.37
POL002849,PN-00002849,CUST004419,AGT00259,PROD0034,active,2025-02-21,2026-02-21,6739.99,6558.3
POL002850,PN-00002850,CUST001432,AGT00488,PROD0001,quoted,2024-11-07,2025-11-07,10384.91,10036.68
POL002851,PN-00002851,CUST002658,AGT00241,PROD0035,active,2024-08-29,2025-08-29,6230.57,6120.24
POL002852,PN-00002852,CUST003320,AGT00108,PROD0017,lapsed,2025-04-13,2026-04-13,5157.75,5013.97
POL002853,PN-00002853,CUST002605,AGT00396,PROD0008,active,2024-12-09,2025-12-09,3720.93,3372.53
POL002854,PN-00002854,CUST000588,AGT00347,PROD0015,lapsed,2025-12-03,2026-12-03,2142.75,2065.96
POL002855,PN-00002855,CUST003968,AGT00320,PROD0004,expired,2025-12-24,2026-12-24,11306.38,10923.02
POL002856,PN-00002856,CUST003500,AGT00162,PROD0007,expired,2026-08-01,2027-08-01,4025.93,3948.54
POL002857,PN-00002857,CUST000840,AGT00254,PROD0001,expired,2024-12-17,2025-12-17,8630.09,8166.75
POL002858,PN-00002858,CUST000877,AGT00460,PROD0045,active,2024-11-16,2025-11-16,5733.0,5265.17
POL002859,PN-00002859,CUST002526,AGT00040,PROD0048,expired,2023-10-01,2024-09-30,4165.55,4147.56
POL002860,PN-00002860,CUST003065,AGT00172,PROD0010,cancelled,2026-09-09,2027-09-09,14047.06,13651.3
POL002861,PN-00002861,CUST004598,AGT00232,PROD0013,lapsed,2024-10-11,2025-10-11,1986.75,1835.46
POL002862,PN-00002862,CUST000047,AGT00482,PROD0012,renewed,2023-11-22,2024-11-21,12032.23,11691.24
POL002863,PN-00002863,CUST000677,AGT00110,PROD0042,quoted,2023-06-15,2024-06-14,7657.15,7001.03
POL002864,PN-00002864,CUST002278,AGT00308,PROD0034,lapsed,2023-04-16,2024-04-15,768.56,711.23
POL002865,PN-00002865,CUST002581,AGT00418,PROD0022,renewed,2025-01-07,2026-01-07,6865.74,6348.47
POL002866,PN-00002866,CUST001775,AGT00077,PROD0036,issued,2024-01-05,2025-01-04,3664.67,3367.18
POL002867,PN-00002867,CUST000544,AGT00282,PROD0041,active,2024-05-08,2025-05-08,6413.62,6172.26
POL002868,PN-00002868,CUST002040,AGT00184,PROD0038,lapsed,2025-11-16,2026-11-16,9724.68,9016.27
POL002869,PN-00002869,CUST004919,AGT00265,PROD0049,renewed,2025-10-15,2026-10-15,3332.82,3297.01
POL002870,PN-00002870,CUST004182,AGT00140,PROD0049,renewed,2024-11-16,2025-11-16,6576.78,5989.49
POL002871,PN-00002871,CUST001553,AGT00239,PROD0004,active,2026-07-04,2027-07-04,2411.44,2264.91
POL002872,PN-00002872,CUST004999,AGT00269,PROD0018,quoted,2024-12-13,2025-12-13,8590.28,8248.3
POL002873,PN-00002873,CUST003110,AGT00205,PROD0002,lapsed,2026-03-20,2027-03-20,4664.67,4290.77
POL002874,PN-00002874,CUST000448,AGT00418,PROD0027,expired,2023-10-29,2024-10-28,13852.18,12870.08
POL002875,PN-00002875,CUST002717,AGT00258,PROD0035,renewed,2026-03-05,2027-03-05,8976.74,8238.35
POL002876,PN-00002876,CUST002193,AGT00138,PROD0049,active,2024-09-07,2025-09-07,6015.95,5463.75
POL002877,PN-00002877,CUST004342,AGT00351,PROD0018,quoted,2023-10-14,2024-10-13,10403.78,9966.01
POL002878,PN-00002878,CUST001416,AGT00235,PROD0020,quoted,2026-04-14,2027-04-14,3911.3,3750.5
POL002879,PN-00002879,CUST000755,AGT00351,PROD0006,active,2023-10-21,2024-10-20,2334.31,2324.4
POL002880,PN-00002880,CUST000607,AGT00175,PROD0042,lapsed,2023-07-17,2024-07-16,14819.51,13862.1
POL002881,PN-00002881,CUST001723,AGT00197,PROD0033,active,2024-07-25,2025-07-25,771.12,758.8
POL002882,PN-00002882,CUST003177,AGT00343,PROD0022,renewed,2023-12-05,2024-12-04,14944.8,13462.05
POL002883,PN-00002883,CUST004403,AGT00441,PROD0029,issued,2025-10-17,2026-10-17,7298.75,7017.38
POL002884,PN-00002884,CUST000379,AGT00106,PROD0012,expired,2023-11-21,2024-11-20,14470.54,13061.95
POL002885,PN-00002885,CUST001982,AGT00147,PROD0049,active,2025-08-08,2026-08-08,7789.32,7197.2
POL002886,PN-00002886,CUST003492,AGT00240,PROD0017,active,2025-12-25,2026-12-25,4850.78,4849.1
POL002887,PN-00002887,CUST001796,AGT00040,PROD0050,active,2023-05-07,2024-05-06,12310.49,11252.19
POL002888,PN-00002888,CUST001901,AGT00279,PROD0043,active,2024-12-25,2025-12-25,12221.72,11545.36
POL002889,PN-00002889,CUST003561,AGT00491,PROD0031,cancelled,2024-04-28,2025-04-28,1110.34,1060.15
POL002890,PN-00002890,CUST004408,AGT00090,PROD0005,active,2026-06-25,2027-06-25,6515.56,6360.52
POL002891,PN-00002891,CUST004936,AGT00492,PROD0040,active,2025-05-09,2026-05-09,8319.25,7713.14
POL002892,PN-00002892,CUST000764,AGT00467,PROD0009,cancelled,2023-06-13,2024-06-12,2494.06,2479.61
POL002893,PN-00002893,CUST004111,AGT00315,PROD0034,active,2024-02-05,2025-02-04,11111.09,10765.89
POL002894,PN-00002894,CUST000172,AGT00245,PROD0035,active,2023-09-02,2024-09-01,4228.35,4195.85
POL002895,PN-00002895,CUST002703,AGT00240,PROD0002,quoted,2025-04-24,2026-04-24,6922.82,6547.1
POL002896,PN-00002896,CUST001528,AGT00431,PROD0020,cancelled,2024-06-03,2025-06-03,13495.37,12551.29
POL002897,PN-00002897,CUST003842,AGT00167,PROD0042,issued,2026-05-18,2027-05-18,14467.37,13169.8
POL002898,PN-00002898,CUST000903,AGT00192,PROD0049,renewed,2025-04-30,2026-04-30,12066.09,11113.94
POL002899,PN-00002899,CUST000340,AGT00067,PROD0020,active,2023-11-19,2024-11-18,5991.9,5582.83
POL002900,PN-00002900,CUST003517,AGT00454,PROD0015,expired,2026-03-17,2027-03-17,14202.21,13532.32
POL002901,PN-00002901,CUST003041,AGT00263,PROD0014,quoted,2023-07-23,2024-07-22,12169.59,11186.74
POL002902,PN-00002902,CUST002837,AGT00285,PROD0044,renewed,2024-12-07,2025-12-07,7700.35,7034.46
POL002903,PN-00002903,CUST001560,AGT00349,PROD0012,active,2025-08-27,2026-08-27,5444.6,5167.4
POL002904,PN-00002904,CUST000582,AGT00311,PROD0010,issued,2025-03-07,2026-03-07,4793.73,4671.92
POL002905,PN-00002905,CUST001418,AGT00121,PROD0036,lapsed,2025-06-17,2026-06-17,12267.21,12211.26
POL002906,PN-00002906,CUST004484,AGT00016,PROD0032,expired,2024-05-25,2025-05-25,6690.08,6645.77
POL002907,PN-00002907,CUST002520,AGT00292,PROD0032,cancelled,2023-03-27,2024-03-26,5867.77,5620.63
POL002908,PN-00002908,CUST000022,AGT00373,PROD0047,expired,2026-07-15,2027-07-15,2019.9,1951.84
POL002909,PN-00002909,CUST002189,AGT00113,PROD0048,active,2024-05-05,2025-05-05,5378.73,4942.46
POL002910,PN-00002910,CUST002731,AGT00404,PROD0002,issued,2023-12-19,2024-12-18,1375.21,1356.24
POL002911,PN-00002911,CUST004168,AGT00242,PROD0001,quoted,2023-04-01,2024-03-31,14419.83,13753.03
POL002912,PN-00002912,CUST001147,AGT00092,PROD0009,active,2023-04-23,2024-04-22,5576.48,5436.96
POL002913,PN-00002913,CUST000349,AGT00278,PROD0038,cancelled,2024-04-26,2025-04-26,8765.16,8224.77
POL002914,PN-00002914,CUST000404,AGT00271,PROD0037,expired,2025-12-18,2026-12-18,745.71,699.7
POL002915,PN-00002915,CUST003662,AGT00060,PROD0001,lapsed,2023-07-08,2024-07-07,4504.32,4135.57
POL002916,PN-00002916,CUST003816,AGT00423,PROD0023,issued,2026-03-03,2027-03-03,9323.58,9108.18
POL002917,PN-00002917,CUST003991,AGT00099,PROD0037,expired,2023-04-01,2024-03-31,11921.01,11115.38
POL002918,PN-00002918,CUST003301,AGT00264,PROD0034,cancelled,2026-07-13,2027-07-13,10996.52,10404.96
POL002919,PN-00002919,CUST003520,AGT00399,PROD0003,active,2024-01-10,2025-01-09,7133.21,6506.29
POL002920,PN-00002920,CUST000163,AGT00123,PROD0023,active,2023-04-19,2024-04-18,2559.82,2534.15
POL002921,PN-00002921,CUST002788,AGT00008,PROD0026,renewed,2024-02-13,2025-02-12,2161.67,2115.11
POL002922,PN-00002922,CUST000499,AGT00478,PROD0045,active,2024-12-16,2025-12-16,2570.9,2549.02
POL002923,PN-00002923,CUST003502,AGT00312,PROD0017,expired,2026-07-25,2027-07-25,11224.73,11109.48
POL002924,PN-00002924,CUST003126,AGT00275,PROD0027,active,2025-02-14,2026-02-14,7162.09,6740.77
POL002925,PN-00002925,CUST000984,AGT00143,PROD0011,quoted,2025-10-31,2026-10-31,4783.69,4307.74
POL002926,PN-00002926,CUST000111,AGT00429,PROD0045,renewed,2023-08-13,2024-08-12,3412.4,3160.94
POL002927,PN-00002927,CUST003665,AGT00262,PROD0018,quoted,2025-09-28,2026-09-28,11055.45,10787.83
POL002928,PN-00002928,CUST001969,AGT00260,PROD0012,active,2024-01-26,2025-01-25,14394.84,13423.36
POL002929,PN-00002929,CUST004442,AGT00354,PROD0015,active,2024-04-02,2025-04-02,7368.95,7105.29
POL002930,PN-00002930,CUST001158,AGT00446,PROD0014,quoted,2024-04-26,2025-04-26,4247.99,3872.3
POL002931,PN-00002931,CUST002261,AGT00061,PROD0031,renewed,2025-10-08,2026-10-08,6251.58,5963.38
POL002932,PN-00002932,CUST003454,AGT00418,PROD0028,quoted,2023-06-10,2024-06-09,921.81,832.92
POL002933,PN-00002933,CUST002880,AGT00307,PROD0006,expired,2023-09-09,2024-09-08,8086.16,7409.09
POL002934,PN-00002934,CUST002197,AGT00256,PROD0039,active,2024-05-03,2025-05-03,9460.29,9419.67
POL002935,PN-00002935,CUST004164,AGT00341,PROD0037,active,2023-06-24,2024-06-23,4492.03,4220.15
POL002936,PN-00002936,CUST004824,AGT00329,PROD0044,active,2025-03-07,2026-03-07,14467.69,13145.63
POL002937,PN-00002937,CUST002622,AGT00497,PROD0045,lapsed,2024-12-12,2025-12-12,9610.38,8695.32
POL002938,PN-00002938,CUST000155,AGT00258,PROD0031,cancelled,2025-01-28,2026-01-28,7624.66,7213.64
POL002939,PN-00002939,CUST000808,AGT00485,PROD0045,active,2024-03-10,2025-03-10,1911.82,1861.23
POL002940,PN-00002940,CUST004519,AGT00070,PROD0013,lapsed,2025-10-02,2026-10-02,1097.04,1018.15
POL002941,PN-00002941,CUST002099,AGT00199,PROD0035,issued,2026-07-31,2027-07-31,4999.35,4833.18
POL002942,PN-00002942,CUST004438,AGT00045,PROD0016,active,2025-11-03,2026-11-03,5692.98,5609.07
POL002943,PN-00002943,CUST004499,AGT00482,PROD0020,active,2023-12-29,2024-12-28,9357.23,9311.47
POL002944,PN-00002944,CUST002293,AGT00166,PROD0030,renewed,2023-04-05,2024-04-04,1266.17,1171.16
POL002945,PN-00002945,CUST003991,AGT00339,PROD0003,cancelled,2023-05-17,2024-05-16,994.18,913.91
POL002946,PN-00002946,CUST000363,AGT00178,PROD0019,active,2026-03-03,2027-03-03,7449.94,7057.31
POL002947,PN-00002947,CUST001909,AGT00041,PROD0041,expired,2023-03-19,2024-03-18,8149.84,7469.35
POL002948,PN-00002948,CUST003937,AGT00240,PROD0021,quoted,2025-05-06,2026-05-06,12784.94,12061.66
POL002949,PN-00002949,CUST000181,AGT00154,PROD0008,expired,2025-11-01,2026-11-01,6674.74,6014.4
POL002950,PN-00002950,CUST002945,AGT00197,PROD0026,lapsed,2023-07-25,2024-07-24,1548.67,1422.74
POL002951,PN-00002951,CUST004729,AGT00067,PROD0006,cancelled,2023-02-05,2024-02-05,14808.96,14072.46
POL002952,PN-00002952,CUST002493,AGT00113,PROD0024,quoted,2026-02-25,2027-02-25,12190.69,11684.97
POL002953,PN-00002953,CUST002636,AGT00115,PROD0013,active,2025-02-11,2026-02-11,3213.95,3078.4
POL002954,PN-00002954,CUST001103,AGT00257,PROD0041,issued,2026-04-26,2027-04-26,6298.52,5993.68
POL002955,PN-00002955,CUST003312,AGT00062,PROD0043,expired,2025-08-30,2026-08-30,5000.54,4773.25
POL002956,PN-00002956,CUST001786,AGT00129,PROD0021,expired,2026-09-12,2027-09-12,4340.44,4312.79
POL002957,PN-00002957,CUST001390,AGT00089,PROD0002,active,2025-05-02,2026-05-02,12195.45,11388.52
POL002958,PN-00002958,CUST002811,AGT00271,PROD0050,active,2024-05-07,2025-05-07,1100.72,1078.68
POL002959,PN-00002959,CUST002865,AGT00274,PROD0004,cancelled,2026-02-04,2027-02-04,11723.32,11026.62
POL002960,PN-00002960,CUST002013,AGT00131,PROD0048,quoted,2024-08-16,2025-08-16,9371.45,8909.4
POL002961,PN-00002961,CUST002851,AGT00432,PROD0015,lapsed,2024-08-17,2025-08-17,14720.88,13602.09
POL002962,PN-00002962,CUST000700,AGT00458,PROD0039,active,2024-01-17,2025-01-16,6777.59,6734.07
POL002963,PN-00002963,CUST003625,AGT00260,PROD0014,active,2024-08-13,2025-08-13,992.12,906.57
POL002964,PN-00002964,CUST004112,AGT00041,PROD0036,renewed,2023-07-02,2024-07-01,5975.85,5429.67
POL002965,PN-00002965,CUST004023,AGT00232,PROD0043,active,2023-07-12,2024-07-11,2052.33,1905.48
POL002966,PN-00002966,CUST001430,AGT00028,PROD0032,renewed,2024-03-24,2025-03-24,6720.28,6257.19
POL002967,PN-00002967,CUST003728,AGT00388,PROD0017,issued,2023-08-05,2024-08-04,7263.76,6902.0
POL002968,PN-00002968,CUST004330,AGT00003,PROD0002,quoted,2023-05-08,2024-05-07,715.57,706.73
POL002969,PN-00002969,CUST000740,AGT00117,PROD0016,active,2023-05-01,2024-04-30,12552.68,12203.01
POL002970,PN-00002970,CUST002264,AGT00423,PROD0036,quoted,2026-04-20,2027-04-20,570.96,518.41
POL002971,PN-00002971,CUST002026,AGT00428,PROD0050,issued,2026-08-08,2027-08-08,8689.56,8129.28
POL002972,PN-00002972,CUST004576,AGT00443,PROD0047,renewed,2023-06-09,2024-06-08,8829.27,8624.31
POL002973,PN-00002973,CUST001207,AGT00137,PROD0019,expired,2024-05-26,2025-05-26,9782.98,9734.63
POL002974,PN-00002974,CUST002641,AGT00194,PROD0005,active,2025-11-26,2026-11-26,11052.05,10417.97
POL002975,PN-00002975,CUST004698,AGT00456,PROD0007,lapsed,2025-02-03,2026-02-03,13586.42,13239.08
POL002976,PN-00002976,CUST001607,AGT00106,PROD0026,renewed,2024-11-03,2025-11-03,9429.26,8778.23
POL002977,PN-00002977,CUST000365,AGT00477,PROD0041,lapsed,2026-04-24,2027-04-24,1832.73,1734.02
POL002978,PN-00002978,CUST000973,AGT00309,PROD0012,lapsed,2026-06-01,2027-06-01,11382.03,11141.13
POL002979,PN-00002979,CUST001826,AGT00483,PROD0034,expired,2023-09-26,2024-09-25,12689.42,11861.49
POL002980,PN-00002980,CUST000994,AGT00291,PROD0031,expired,2025-12-31,2026-12-31,9635.33,9195.43
POL002981,PN-00002981,CUST000578,AGT00070,PROD0025,issued,2025-04-05,2026-04-05,6348.0,5957.62
POL002982,PN-00002982,CUST004703,AGT00433,PROD0037,renewed,2023-11-20,2024-11-19,11011.99,10868.06
POL002983,PN-00002983,CUST000220,AGT00346,PROD0033,expired,2026-07-22,2027-07-22,6537.63,6116.01
POL002984,PN-00002984,CUST002429,AGT00475,PROD0035,renewed,2025-05-18,2026-05-18,5756.01,5435.01
POL002985,PN-00002985,CUST002620,AGT00308,PROD0030,active,2025-10-01,2026-10-01,6675.17,6469.49
POL002986,PN-00002986,CUST004154,AGT00009,PROD0003,expired,2025-08-04,2026-08-04,4976.12,4739.49
POL002987,PN-00002987,CUST001575,AGT00336,PROD0047,active,2024-05-23,2025-05-23,11771.03,11580.18
POL002988,PN-00002988,CUST001835,AGT00290,PROD0016,active,2024-07-25,2025-07-25,7174.1,6952.57
POL002989,PN-00002989,CUST001440,AGT00223,PROD0032,cancelled,2026-02-25,2027-02-25,7651.61,7229.85
POL002990,PN-00002990,CUST003660,AGT00126,PROD0042,cancelled,2026-01-20,2027-01-20,13599.18,12594.9
POL002991,PN-00002991,CUST003299,AGT00002,PROD0048,renewed,2025-01-06,2026-01-06,2584.53,2583.24
POL002992,PN-00002992,CUST001722,AGT00070,PROD0005,cancelled,2024-05-24,2025-05-24,3502.46,3332.22
POL002993,PN-00002993,CUST003595,AGT00349,PROD0036,lapsed,2026-04-10,2027-04-10,2761.57,2630.47
POL002994,PN-00002994,CUST000124,AGT00085,PROD0046,cancelled,2023-11-17,2024-11-16,8949.81,8353.46
POL002995,PN-00002995,CUST004096,AGT00204,PROD0040,lapsed,2024-03-22,2025-03-22,1110.85,1059.47
POL002996,PN-00002996,CUST004081,AGT00417,PROD0044,issued,2023-03-07,2024-03-06,6747.97,6634.97
POL002997,PN-00002997,CUST004926,AGT00402,PROD0047,active,2023-01-21,2024-01-21,6436.25,6233.5
POL002998,PN-00002998,CUST000681,AGT00178,PROD0048,active,2024-07-31,2025-07-31,3605.27,3350.59
POL002999,PN-00002999,CUST000646,AGT00289,PROD0032,renewed,2024-09-27,2025-09-27,13425.8,12087.32
POL003000,PN-00003000,CUST004473,AGT00498,PROD0019,renewed,2026-01-13,2027-01-13,11215.68,10233.24
POL003001,PN-00003001,CUST003604,AGT00387,PROD0050,lapsed,2023-11-21,2024-11-20,4609.24,4439.27
POL003002,PN-00003002,CUST004799,AGT00194,PROD0016,cancelled,2024-06-08,2025-06-08,3269.98,3214.51
POL003003,PN-00003003,CUST000386,AGT00497,PROD0040,active,2024-05-28,2025-05-28,1834.23,1766.57
POL003004,PN-00003004,CUST003210,AGT00494,PROD0030,lapsed,2024-01-01,2024-12-31,4210.15,4044.63
POL003005,PN-00003005,CUST001344,AGT00287,PROD0043,active,2025-10-05,2026-10-05,1135.05,1037.74
POL003006,PN-00003006,CUST000828,AGT00191,PROD0026,issued,2025-05-18,2026-05-18,6897.67,6674.82
POL003007,PN-00003007,CUST000628,AGT00262,PROD0030,quoted,2023-09-01,2024-08-31,7132.08,6609.84
POL003008,PN-00003008,CUST002733,AGT00367,PROD0040,active,2026-03-18,2027-03-18,12090.95,11748.08
POL003009,PN-00003009,CUST000370,AGT00244,PROD0006,lapsed,2025-11-22,2026-11-22,13036.24,12949.86
POL003010,PN-00003010,CUST000184,AGT00077,PROD0012,lapsed,2023-06-11,2024-06-10,3861.73,3700.55
POL003011,PN-00003011,CUST003258,AGT00017,PROD0021,active,2023-03-13,2024-03-12,3104.79,2913.78
POL003012,PN-00003012,CUST000737,AGT00243,PROD0016,renewed,2024-08-27,2025-08-27,1621.49,1605.13
POL003013,PN-00003013,CUST002104,AGT00467,PROD0006,cancelled,2024-07-25,2025-07-25,6293.27,5893.15
POL003014,PN-00003014,CUST002685,AGT00044,PROD0012,cancelled,2024-05-21,2025-05-21,12932.86,12110.56
POL003015,PN-00003015,CUST000615,AGT00213,PROD0049,issued,2024-09-09,2025-09-09,11266.16,10532.67
POL003016,PN-00003016,CUST003365,AGT00208,PROD0013,expired,2023-02-18,2024-02-18,10446.74,9610.8
POL003017,PN-00003017,CUST004199,AGT00211,PROD0046,cancelled,2024-09-22,2025-09-22,7781.88,7018.54
POL003018,PN-00003018,CUST003658,AGT00480,PROD0019,active,2024-06-20,2025-06-20,3369.25,3335.32
POL003019,PN-00003019,CUST002598,AGT00434,PROD0042,issued,2023-01-03,2024-01-03,1245.23,1172.16
POL003020,PN-00003020,CUST001893,AGT00204,PROD0017,expired,2025-08-02,2026-08-02,589.3,568.75
POL003021,PN-00003021,CUST003499,AGT00433,PROD0041,issued,2025-09-09,2026-09-09,7436.04,7303.87
POL003022,PN-00003022,CUST001704,AGT00136,PROD0005,active,2024-09-24,2025-09-24,12012.31,11140.26
POL003023,PN-00003023,CUST002257,AGT00281,PROD0028,issued,2024-07-16,2025-07-16,11631.92,11265.6
POL003024,PN-00003024,CUST002592,AGT00111,PROD0023,active,2023-02-20,2024-02-20,8689.89,7991.51
POL003025,PN-00003025,CUST002877,AGT00377,PROD0049,active,2023-06-05,2024-06-04,12552.0,11346.1
POL003026,PN-00003026,CUST003102,AGT00481,PROD0014,active,2026-05-10,2027-05-10,2555.22,2462.46
POL003027,PN-00003027,CUST003310,AGT00187,PROD0007,renewed,2024-02-23,2025-02-22,2428.29,2206.29
POL003028,PN-00003028,CUST000283,AGT00154,PROD0040,active,2026-09-04,2027-09-04,8867.87,8361.75
POL003029,PN-00003029,CUST002296,AGT00386,PROD0016,renewed,2025-11-23,2026-11-23,4199.63,4078.4
POL003030,PN-00003030,CUST004998,AGT00288,PROD0007,quoted,2026-03-25,2027-03-25,12072.34,11302.57
POL003031,PN-00003031,CUST004962,AGT00049,PROD0025,active,2024-03-08,2025-03-08,3815.29,3685.12
POL003032,PN-00003032,CUST003204,AGT00066,PROD0021,active,2026-04-08,2027-04-08,14952.11,14759.51
POL003033,PN-00003033,CUST003511,AGT00185,PROD0032,active,2023-09-03,2024-09-02,1933.51,1877.11
POL003034,PN-00003034,CUST004702,AGT00381,PROD0007,active,2023-10-14,2024-10-13,7809.68,7030.74
POL003035,PN-00003035,CUST000218,AGT00219,PROD0012,issued,2024-05-04,2025-05-04,11444.85,10886.73
POL003036,PN-00003036,CUST001393,AGT00138,PROD0024,issued,2023-08-26,2024-08-25,6392.21,6068.48
POL003037,PN-00003037,CUST003277,AGT00063,PROD0044,renewed,2026-03-19,2027-03-19,6719.68,6464.45
POL003038,PN-00003038,CUST000700,AGT00049,PROD0031,active,2023-10-16,2024-10-15,9310.21,8599.98
POL003039,PN-00003039,CUST002673,AGT00290,PROD0008,cancelled,2024-05-24,2025-05-24,11055.32,10177.81
POL003040,PN-00003040,CUST003059,AGT00127,PROD0023,lapsed,2025-06-03,2026-06-03,2763.26,2724.09
POL003041,PN-00003041,CUST001125,AGT00368,PROD0020,quoted,2024-12-26,2025-12-26,10561.43,10320.02
POL003042,PN-00003042,CUST000230,AGT00295,PROD0017,renewed,2023-08-01,2024-07-31,4216.94,4075.73
POL003043,PN-00003043,CUST000738,AGT00388,PROD0028,lapsed,2026-02-01,2027-02-01,2737.14,2510.83
POL003044,PN-00003044,CUST004393,AGT00334,PROD0009,lapsed,2024-08-17,2025-08-17,4495.88,4118.7
POL003045,PN-00003045,CUST000793,AGT00205,PROD0013,renewed,2025-02-07,2026-02-07,2213.53,1993.04
POL003046,PN-00003046,CUST004286,AGT00221,PROD0042,renewed,2024-08-06,2025-08-06,9764.7,9645.72
POL003047,PN-00003047,CUST001160,AGT00498,PROD0046,active,2023-11-29,2024-11-28,3500.23,3485.53
POL003048,PN-00003048,CUST002067,AGT00082,PROD0028,lapsed,2024-02-14,2025-02-13,6959.03,6767.68
POL003049,PN-00003049,CUST003218,AGT00263,PROD0048,active,2023-06-10,2024-06-09,2630.85,2395.13
POL003050,PN-00003050,CUST002805,AGT00070,PROD0034,lapsed,2025-09-20,2026-09-20,14138.55,13120.74
POL003051,PN-00003051,CUST002845,AGT00313,PROD0001,active,2024-07-22,2025-07-22,4095.01,3970.77
POL003052,PN-00003052,CUST003628,AGT00218,PROD0020,issued,2024-03-15,2025-03-15,4314.41,3884.48
POL003053,PN-00003053,CUST003754,AGT00301,PROD0020,cancelled,2023-03-10,2024-03-09,5984.64,5495.4
POL003054,PN-00003054,CUST002866,AGT00112,PROD0012,active,2026-03-31,2027-03-31,3926.83,3639.42
POL003055,PN-00003055,CUST002201,AGT00340,PROD0035,cancelled,2024-04-20,2025-04-20,4383.04,3996.76
POL003056,PN-00003056,CUST004811,AGT00189,PROD0021,renewed,2023-01-11,2024-01-11,11376.34,10787.98
POL003057,PN-00003057,CUST002162,AGT00253,PROD0009,cancelled,2026-01-18,2027-01-18,11827.49,11435.77
POL003058,PN-00003058,CUST000227,AGT00467,PROD0028,quoted,2025-05-17,2026-05-17,2915.53,2654.16
POL003059,PN-00003059,CUST003513,AGT00481,PROD0012,active,2024-01-19,2025-01-18,686.28,662.9
POL003060,PN-00003060,CUST003675,AGT00228,PROD0008,active,2024-06-14,2025-06-14,9305.68,8885.01
POL003061,PN-00003061,CUST003899,AGT00085,PROD0019,active,2025-11-26,2026-11-26,3979.73,3752.75
POL003062,PN-00003062,CUST002855,AGT00089,PROD0034,expired,2024-05-01,2025-05-01,385.35,367.99
POL003063,PN-00003063,CUST000421,AGT00441,PROD0036,quoted,2023-04-07,2024-04-06,7778.11,7563.88
POL003064,PN-00003064,CUST004115,AGT00438,PROD0001,active,2026-05-01,2027-05-01,7672.59,7036.57
POL003065,PN-00003065,CUST000295,AGT00298,PROD0009,issued,2024-12-30,2025-12-30,2900.96,2612.0
POL003066,PN-00003066,CUST004861,AGT00141,PROD0050,cancelled,2023-10-23,2024-10-22,3174.29,3072.31
POL003067,PN-00003067,CUST004024,AGT00290,PROD0006,active,2024-03-09,2025-03-09,1029.71,977.18
POL003068,PN-00003068,CUST004760,AGT00067,PROD0038,cancelled,2026-04-03,2027-04-03,465.13,422.66
POL003069,PN-00003069,CUST000127,AGT00408,PROD0044,lapsed,2023-12-10,2024-12-09,2789.82,2768.75
POL003070,PN-00003070,CUST001116,AGT00433,PROD0024,lapsed,2025-08-07,2026-08-07,8710.99,8624.1
POL003071,PN-00003071,CUST002029,AGT00171,PROD0040,active,2024-05-28,2025-05-28,13946.96,13153.67
POL003072,PN-00003072,CUST000279,AGT00119,PROD0012,lapsed,2023-12-16,2024-12-15,4704.84,4236.45
POL003073,PN-00003073,CUST003833,AGT00243,PROD0042,renewed,2023-03-07,2024-03-06,484.47,473.43
POL003074,PN-00003074,CUST000853,AGT00252,PROD0007,expired,2024-12-11,2025-12-11,1023.58,976.71
POL003075,PN-00003075,CUST001216,AGT00151,PROD0025,lapsed,2023-01-28,2024-01-28,7741.89,7584.11
POL003076,PN-00003076,CUST003025,AGT00421,PROD0037,quoted,2023-11-28,2024-11-27,14344.53,13686.62
POL003077,PN-00003077,CUST000960,AGT00485,PROD0023,active,2023-06-22,2024-06-21,11776.7,11359.94
POL003078,PN-00003078,CUST004180,AGT00214,PROD0025,renewed,2023-04-04,2024-04-03,616.58,614.53
POL003079,PN-00003079,CUST002374,AGT00296,PROD0018,renewed,2023-08-13,2024-08-12,1811.17,1649.97
POL003080,PN-00003080,CUST004774,AGT00460,PROD0004,lapsed,2024-04-25,2025-04-25,6264.61,6089.62
POL003081,PN-00003081,CUST002033,AGT00242,PROD0009,quoted,2024-12-05,2025-12-05,9320.92,9092.41
POL003082,PN-00003082,CUST001196,AGT00162,PROD0039,active,2026-03-25,2027-03-25,6563.28,6248.99
POL003083,PN-00003083,CUST001670,AGT00138,PROD0049,renewed,2024-04-14,2025-04-14,10570.14,10084.95
POL003084,PN-00003084,CUST003493,AGT00322,PROD0032,active,2023-06-02,2024-06-01,5227.59,5127.98
POL003085,PN-00003085,CUST004645,AGT00354,PROD0049,cancelled,2024-11-26,2025-11-26,10195.44,9994.79
POL003086,PN-00003086,CUST000670,AGT00404,PROD0038,renewed,2024-09-10,2025-09-10,6757.96,6117.04
POL003087,PN-00003087,CUST003832,AGT00046,PROD0039,quoted,2023-06-20,2024-06-19,11203.17,10342.97
POL003088,PN-00003088,CUST001546,AGT00113,PROD0026,active,2024-04-01,2025-04-01,13570.22,12368.45
POL003089,PN-00003089,CUST003852,AGT00092,PROD0013,cancelled,2024-06-28,2025-06-28,461.77,450.38
POL003090,PN-00003090,CUST000710,AGT00191,PROD0021,lapsed,2025-12-27,2026-12-27,14445.67,13933.89
POL003091,PN-00003091,CUST003555,AGT00216,PROD0016,active,2023-08-14,2024-08-13,14756.36,14264.54
POL003092,PN-00003092,CUST004440,AGT00239,PROD0004,cancelled,2025-02-07,2026-02-07,1915.76,1782.4
POL003093,PN-00003093,CUST000950,AGT00058,PROD0045,cancelled,2025-12-04,2026-12-04,11469.76,11024.53
POL003094,PN-00003094,CUST004894,AGT00364,PROD0008,expired,2026-07-01,2027-07-01,2474.82,2307.83
POL003095,PN-00003095,CUST004757,AGT00172,PROD0008,expired,2025-09-01,2026-09-01,3317.75,3203.02
POL003096,PN-00003096,CUST003466,AGT00157,PROD0036,issued,2023-09-03,2024-09-02,4395.38,4051.66
POL003097,PN-00003097,CUST003691,AGT00462,PROD0017,quoted,2023-02-17,2024-02-17,14870.88,14424.67
POL003098,PN-00003098,CUST004644,AGT00280,PROD0004,quoted,2023-08-28,2024-08-27,12438.91,12310.91
POL003099,PN-00003099,CUST002032,AGT00285,PROD0011,active,2024-01-07,2025-01-06,4323.43,3992.78
POL003100,PN-00003100,CUST003150,AGT00178,PROD0050,cancelled,2024-06-27,2025-06-27,14490.3,13157.62
POL003101,PN-00003101,CUST004210,AGT00312,PROD0041,renewed,2026-09-06,2027-09-06,7666.07,7283.22
POL003102,PN-00003102,CUST002707,AGT00440,PROD0021,issued,2023-05-14,2024-05-13,14865.49,13893.81
POL003103,PN-00003103,CUST001954,AGT00206,PROD0038,quoted,2026-02-16,2027-02-16,13574.05,13428.14
POL003104,PN-00003104,CUST001750,AGT00139,PROD0024,lapsed,2026-05-18,2027-05-18,10791.47,10743.35
POL003105,PN-00003105,CUST001679,AGT00015,PROD0019,lapsed,2026-06-17,2027-06-17,4310.09,3899.2
POL003106,PN-00003106,CUST000570,AGT00018,PROD0001,expired,2025-05-02,2026-05-02,8922.4,8577.3
POL003107,PN-00003107,CUST000766,AGT00309,PROD0035,active,2024-03-18,2025-03-18,3066.64,2786.28
POL003108,PN-00003108,CUST003856,AGT00302,PROD0049,expired,2023-12-11,2024-12-10,6023.55,5594.71
POL003109,PN-00003109,CUST001947,AGT00363,PROD0004,cancelled,2025-07-04,2026-07-04,5400.68,5165.17
POL003110,PN-00003110,CUST004708,AGT00291,PROD0002,active,2026-09-04,2027-09-04,14211.71,12819.79
POL003111,PN-00003111,CUST000945,AGT00031,PROD0025,issued,2025-07-05,2026-07-05,1920.8,1813.54
POL003112,PN-00003112,CUST003079,AGT00190,PROD0007,cancelled,2023-02-06,2024-02-06,12126.21,11647.6
POL003113,PN-00003113,CUST000209,AGT00277,PROD0025,renewed,2024-11-03,2025-11-03,3462.56,3216.48
POL003114,PN-00003114,CUST002225,AGT00182,PROD0045,active,2025-01-01,2026-01-01,10778.11,10340.46
POL003115,PN-00003115,CUST000698,AGT00269,PROD0024,cancelled,2025-06-09,2026-06-09,5962.67,5519.1
POL003116,PN-00003116,CUST004627,AGT00494,PROD0016,lapsed,2024-06-07,2025-06-07,13804.36,12570.24
POL003117,PN-00003117,CUST001211,AGT00394,PROD0027,issued,2025-11-25,2026-11-25,8360.09,7530.12
POL003118,PN-00003118,CUST004571,AGT00448,PROD0025,active,2026-07-08,2027-07-08,10172.87,9215.53
POL003119,PN-00003119,CUST004901,AGT00238,PROD0003,quoted,2026-07-10,2027-07-10,12287.4,11661.39
POL003120,PN-00003120,CUST004303,AGT00062,PROD0030,active,2025-05-17,2026-05-17,2190.12,2042.74
POL003121,PN-00003121,CUST004351,AGT00279,PROD0008,issued,2023-06-23,2024-06-22,9808.3,8989.71
POL003122,PN-00003122,CUST003604,AGT00238,PROD0027,issued,2023-07-21,2024-07-20,13275.64,12672.29
POL003123,PN-00003123,CUST003686,AGT00258,PROD0018,expired,2024-09-29,2025-09-29,2164.16,2049.09
POL003124,PN-00003124,CUST000160,AGT00032,PROD0017,cancelled,2026-09-10,2027-09-10,14158.89,13604.24
POL003125,PN-00003125,CUST003370,AGT00162,PROD0032,active,2023-07-09,2024-07-08,2999.3,2788.83
POL003126,PN-00003126,CUST002868,AGT00280,PROD0020,cancelled,2025-06-21,2026-06-21,8652.22,7862.9
POL003127,PN-00003127,CUST003203,AGT00033,PROD0017,quoted,2026-03-20,2027-03-20,12850.28,12812.12
POL003128,PN-00003128,CUST000547,AGT00425,PROD0043,quoted,2024-06-25,2025-06-25,712.36,664.97
POL003129,PN-00003129,CUST002464,AGT00160,PROD0037,cancelled,2025-05-15,2026-05-15,2798.45,2559.09
POL003130,PN-00003130,CUST000898,AGT00216,PROD0023,renewed,2024-05-19,2025-05-19,8409.35,8255.2
POL003131,PN-00003131,CUST001779,AGT00407,PROD0038,expired,2023-04-09,2024-04-08,7025.07,6596.8
POL003132,PN-00003132,CUST003296,AGT00249,PROD0023,active,2023-11-07,2024-11-06,12748.69,11705.51
POL003133,PN-00003133,CUST001972,AGT00054,PROD0050,renewed,2024-10-18,2025-10-18,7368.0,6637.87
POL003134,PN-00003134,CUST002844,AGT00402,PROD0036,active,2023-05-15,2024-05-14,1806.27,1675.76
POL003135,PN-00003135,CUST000479,AGT00408,PROD0031,expired,2025-06-15,2026-06-15,8394.74,7743.09
POL003136,PN-00003136,CUST000350,AGT00346,PROD0040,quoted,2025-05-13,2026-05-13,11103.46,10964.0
POL003137,PN-00003137,CUST004660,AGT00072,PROD0010,expired,2025-07-30,2026-07-30,2060.51,1940.0
POL003138,PN-00003138,CUST001691,AGT00439,PROD0039,active,2026-08-16,2027-08-16,3665.32,3630.01
POL003139,PN-00003139,CUST000011,AGT00044,PROD0030,active,2026-07-12,2027-07-12,14385.23,14182.63
POL003140,PN-00003140,CUST002813,AGT00172,PROD0033,active,2023-05-18,2024-05-17,12616.69,11515.47
POL003141,PN-00003141,CUST003561,AGT00051,PROD0013,active,2024-11-18,2025-11-18,9938.57,9876.71
POL003142,PN-00003142,CUST003707,AGT00472,PROD0001,lapsed,2023-06-18,2024-06-17,10171.29,9284.37
POL003143,PN-00003143,CUST001657,AGT00331,PROD0050,quoted,2023-09-29,2024-09-28,9761.55,8835.7
POL003144,PN-00003144,CUST002657,AGT00442,PROD0044,expired,2024-04-01,2025-04-01,933.41,884.04
POL003145,PN-00003145,CUST002531,AGT00009,PROD0050,cancelled,2025-07-17,2026-07-17,1680.2,1549.16
POL003146,PN-00003146,CUST000928,AGT00390,PROD0005,lapsed,2024-11-27,2025-11-27,6233.04,5746.81
POL003147,PN-00003147,CUST003398,AGT00091,PROD0048,cancelled,2026-02-11,2027-02-11,13262.39,12192.55
POL003148,PN-00003148,CUST000873,AGT00398,PROD0033,active,2024-06-13,2025-06-13,8281.02,7649.8
POL003149,PN-00003149,CUST002357,AGT00289,PROD0010,expired,2023-08-15,2024-08-14,5365.95,4965.33
POL003150,PN-00003150,CUST004268,AGT00240,PROD0049,active,2023-05-10,2024-05-09,5859.64,5654.24
POL003151,PN-00003151,CUST001715,AGT00368,PROD0004,active,2024-02-29,2025-02-28,14922.78,13573.87
POL003152,PN-00003152,CUST004523,AGT00366,PROD0033,issued,2023-04-05,2024-04-04,7155.37,6806.11
POL003153,PN-00003153,CUST000686,AGT00426,PROD0045,active,2024-11-15,2025-11-15,5242.39,5226.08
POL003154,PN-00003154,CUST000718,AGT00460,PROD0009,issued,2025-01-23,2026-01-23,1776.33,1695.46
POL003155,PN-00003155,CUST001561,AGT00493,PROD0045,issued,2024-02-04,2025-02-03,4568.38,4325.87
POL003156,PN-00003156,CUST000593,AGT00304,PROD0020,cancelled,2024-06-29,2025-06-29,14908.62,14356.26
POL003157,PN-00003157,CUST003879,AGT00459,PROD0028,expired,2025-03-06,2026-03-06,13940.69,12756.49
POL003158,PN-00003158,CUST001652,AGT00211,PROD0029,issued,2023-07-31,2024-07-30,1805.54,1760.37
POL003159,PN-00003159,CUST000354,AGT00117,PROD0020,renewed,2025-01-21,2026-01-21,10442.48,10120.81
POL003160,PN-00003160,CUST001001,AGT00324,PROD0029,active,2024-11-28,2025-11-28,5895.22,5428.43
POL003161,PN-00003161,CUST000048,AGT00025,PROD0009,active,2024-01-14,2025-01-13,4600.5,4199.83
POL003162,PN-00003162,CUST003688,AGT00047,PROD0026,active,2025-02-27,2026-02-27,4873.37,4708.68
POL003163,PN-00003163,CUST001578,AGT00377,PROD0045,renewed,2024-12-29,2025-12-29,13766.84,13253.17
POL003164,PN-00003164,CUST001310,AGT00470,PROD0005,active,2023-05-16,2024-05-15,1310.05,1304.62
POL003165,PN-00003165,CUST001325,AGT00227,PROD0049,active,2023-01-18,2024-01-18,12625.0,12278.36
POL003166,PN-00003166,CUST003455,AGT00416,PROD0031,active,2025-05-28,2026-05-28,9569.14,8657.65
POL003167,PN-00003167,CUST000956,AGT00373,PROD0050,active,2023-07-11,2024-07-10,7630.35,6924.66
POL003168,PN-00003168,CUST000638,AGT00021,PROD0040,active,2023-08-23,2024-08-22,753.98,708.17
POL003169,PN-00003169,CUST000394,AGT00421,PROD0022,quoted,2024-01-16,2025-01-15,9830.01,9153.06
POL003170,PN-00003170,CUST002789,AGT00424,PROD0025,expired,2025-05-05,2026-05-05,8162.19,7925.54
POL003171,PN-00003171,CUST000729,AGT00011,PROD0013,cancelled,2026-01-27,2027-01-27,12675.39,11674.74
POL003172,PN-00003172,CUST001488,AGT00070,PROD0030,active,2025-12-20,2026-12-20,3682.42,3585.87
POL003173,PN-00003173,CUST000067,AGT00086,PROD0022,active,2024-03-15,2025-03-15,2966.35,2826.58
POL003174,PN-00003174,CUST004460,AGT00444,PROD0002,expired,2025-10-04,2026-10-04,11662.4,11194.24
POL003175,PN-00003175,CUST003570,AGT00183,PROD0030,cancelled,2025-08-26,2026-08-26,11976.97,11152.8
POL003176,PN-00003176,CUST004685,AGT00181,PROD0039,issued,2023-12-03,2024-12-02,8445.7,7817.6
POL003177,PN-00003177,CUST001934,AGT00391,PROD0005,active,2023-12-07,2024-12-06,13141.11,12277.08
POL003178,PN-00003178,CUST001938,AGT00133,PROD0030,issued,2024-06-19,2025-06-19,8854.9,8809.86
POL003179,PN-00003179,CUST003328,AGT00018,PROD0047,renewed,2025-11-09,2026-11-09,4200.86,4009.36
POL003180,PN-00003180,CUST000988,AGT00286,PROD0011,active,2023-10-24,2024-10-23,2701.31,2614.61
POL003181,PN-00003181,CUST004694,AGT00409,PROD0019,active,2024-07-24,2025-07-24,6975.25,6651.51
POL003182,PN-00003182,CUST004303,AGT00182,PROD0043,active,2025-03-20,2026-03-20,11741.05,10920.6
POL003183,PN-00003183,CUST002692,AGT00042,PROD0045,cancelled,2024-06-21,2025-06-21,2903.72,2747.93
POL003184,PN-00003184,CUST004804,AGT00048,PROD0017,quoted,2023-09-29,2024-09-28,5877.68,5571.83
POL003185,PN-00003185,CUST001798,AGT00104,PROD0038,lapsed,2023-06-24,2024-06-23,4266.33,3895.01
POL003186,PN-00003186,CUST003304,AGT00403,PROD0019,active,2025-03-23,2026-03-23,1994.37,1837.13
POL003187,PN-00003187,CUST004925,AGT00181,PROD0021,active,2024-06-24,2025-06-24,5693.71,5634.68
POL003188,PN-00003188,CUST004679,AGT00399,PROD0008,quoted,2024-03-01,2025-03-01,6789.91,6670.48
POL003189,PN-00003189,CUST003839,AGT00226,PROD0041,renewed,2024-03-21,2025-03-21,1186.02,1134.03
POL003190,PN-00003190,CUST001976,AGT00437,PROD0040,active,2026-06-07,2027-06-07,10955.01,10298.07
POL003191,PN-00003191,CUST003237,AGT00083,PROD0004,active,2025-09-07,2026-09-07,5351.82,5118.03
POL003192,PN-00003192,CUST004911,AGT00045,PROD0049,active,2026-09-12,2027-09-12,11812.52,11279.78
POL003193,PN-00003193,CUST001296,AGT00265,PROD0044,lapsed,2026-03-01,2027-03-01,12400.15,12202.44
POL003194,PN-00003194,CUST001727,AGT00453,PROD0047,active,2024-10-18,2025-10-18,493.38,474.75
POL003195,PN-00003195,CUST002486,AGT00273,PROD0041,cancelled,2024-10-21,2025-10-21,5293.97,4784.06
POL003196,PN-00003196,CUST004174,AGT00061,PROD0023,active,2023-07-12,2024-07-11,10364.9,9758.05
POL003197,PN-00003197,CUST003774,AGT00497,PROD0033,expired,2024-11-14,2025-11-14,6110.61,5597.95
POL003198,PN-00003198,CUST003846,AGT00479,PROD0046,renewed,2025-03-15,2026-03-15,13911.75,13738.61
POL003199,PN-00003199,CUST001452,AGT00159,PROD0015,active,2025-11-01,2026-11-01,12474.56,11562.83
POL003200,PN-00003200,CUST002971,AGT00210,PROD0023,active,2023-06-20,2024-06-19,10729.08,10292.16
POL003201,PN-00003201,CUST003706,AGT00176,PROD0014,active,2026-08-24,2027-08-24,814.11,753.83
POL003202,PN-00003202,CUST001741,AGT00125,PROD0035,active,2024-06-19,2025-06-19,5025.25,4690.39
POL003203,PN-00003203,CUST000028,AGT00046,PROD0009,issued,2026-09-04,2027-09-04,2391.52,2369.4
POL003204,PN-00003204,CUST004270,AGT00332,PROD0033,active,2024-08-31,2025-08-31,8529.69,7744.02
POL003205,PN-00003205,CUST000440,AGT00492,PROD0023,lapsed,2026-05-27,2027-05-27,3902.18,3735.92
POL003206,PN-00003206,CUST001919,AGT00013,PROD0037,active,2023-11-08,2024-11-07,9909.73,9068.93
POL003207,PN-00003207,CUST000325,AGT00085,PROD0046,renewed,2024-09-24,2025-09-24,13191.49,12435.25
POL003208,PN-00003208,CUST004851,AGT00225,PROD0003,active,2025-04-07,2026-04-07,13100.66,12703.37
POL003209,PN-00003209,CUST001302,AGT00283,PROD0011,renewed,2025-02-13,2026-02-13,10700.1,9939.88
POL003210,PN-00003210,CUST000151,AGT00342,PROD0001,renewed,2026-05-10,2027-05-10,14192.24,13465.23
POL003211,PN-00003211,CUST002685,AGT00354,PROD0019,active,2026-04-03,2027-04-03,9981.46,9347.98
POL003212,PN-00003212,CUST004897,AGT00180,PROD0038,active,2023-02-07,2024-02-07,11041.62,10037.66
POL003213,PN-00003213,CUST002984,AGT00171,PROD0013,cancelled,2023-04-17,2024-04-16,2037.03,1878.5
POL003214,PN-00003214,CUST001627,AGT00222,PROD0047,active,2024-06-13,2025-06-13,6015.94,5694.09
POL003215,PN-00003215,CUST003492,AGT00244,PROD0041,active,2024-11-03,2025-11-03,13760.99,12784.61
POL003216,PN-00003216,CUST001725,AGT00323,PROD0006,active,2024-07-02,2025-07-02,7870.8,7177.79
POL003217,PN-00003217,CUST002133,AGT00466,PROD0022,cancelled,2025-10-08,2026-10-08,2953.98,2769.35
POL003218,PN-00003218,CUST001861,AGT00084,PROD0007,lapsed,2025-03-23,2026-03-23,12213.9,12018.26
POL003219,PN-00003219,CUST002882,AGT00163,PROD0001,active,2023-11-12,2024-11-11,5996.39,5875.54
POL003220,PN-00003220,CUST000113,AGT00181,PROD0034,quoted,2024-03-03,2025-03-03,10990.84,10400.17
POL003221,PN-00003221,CUST001219,AGT00287,PROD0033,active,2024-07-31,2025-07-31,11791.15,11744.99
POL003222,PN-00003222,CUST004752,AGT00077,PROD0047,lapsed,2025-12-25,2026-12-25,9623.73,9364.71
POL003223,PN-00003223,CUST003329,AGT00449,PROD0025,quoted,2025-11-01,2026-11-01,8803.9,8009.75
POL003224,PN-00003224,CUST003277,AGT00324,PROD0044,active,2024-11-28,2025-11-28,14126.79,13463.16
POL003225,PN-00003225,CUST002336,AGT00489,PROD0020,active,2024-02-05,2025-02-04,770.24,744.07
POL003226,PN-00003226,CUST003484,AGT00053,PROD0017,active,2023-07-15,2024-07-14,6652.89,6421.77
POL003227,PN-00003227,CUST000147,AGT00236,PROD0041,active,2023-11-28,2024-11-27,7600.04,7376.18
POL003228,PN-00003228,CUST000240,AGT00024,PROD0043,quoted,2026-07-29,2027-07-29,12859.26,11808.92
POL003229,PN-00003229,CUST002407,AGT00412,PROD0001,active,2025-06-25,2026-06-25,8680.83,8335.42
POL003230,PN-00003230,CUST003628,AGT00243,PROD0047,issued,2026-02-22,2027-02-22,7835.21,7088.63
POL003231,PN-00003231,CUST002152,AGT00261,PROD0024,cancelled,2026-04-14,2027-04-14,1774.39,1733.99
POL003232,PN-00003232,CUST000203,AGT00380,PROD0023,active,2024-06-27,2025-06-27,2808.68,2684.01
POL003233,PN-00003233,CUST003663,AGT00268,PROD0019,issued,2026-07-20,2027-07-20,947.47,925.46
POL003234,PN-00003234,CUST004092,AGT00496,PROD0007,lapsed,2024-06-17,2025-06-17,393.31,387.79
POL003235,PN-00003235,CUST004246,AGT00238,PROD0032,issued,2026-03-26,2027-03-26,11463.15,10687.4
POL003236,PN-00003236,CUST003282,AGT00313,PROD0038,issued,2023-11-25,2024-11-24,2266.87,2252.14
POL003237,PN-00003237,CUST001635,AGT00234,PROD0041,issued,2026-04-07,2027-04-07,797.9,749.86
POL003238,PN-00003238,CUST004289,AGT00145,PROD0044,renewed,2023-01-29,2024-01-29,4829.84,4755.84
POL003239,PN-00003239,CUST001931,AGT00118,PROD0001,active,2026-06-30,2027-06-30,10466.3,9912.58
POL003240,PN-00003240,CUST004886,AGT00052,PROD0020,active,2023-07-29,2024-07-28,13585.55,13269.23
POL003241,PN-00003241,CUST004107,AGT00155,PROD0009,expired,2025-08-14,2026-08-14,13227.38,12553.22
POL003242,PN-00003242,CUST003742,AGT00143,PROD0007,renewed,2025-06-06,2026-06-06,5241.05,4863.65
POL003243,PN-00003243,CUST003344,AGT00377,PROD0025,expired,2025-06-21,2026-06-21,8470.42,7797.85
POL003244,PN-00003244,CUST003632,AGT00052,PROD0025,issued,2024-08-30,2025-08-30,3777.33,3646.28
POL003245,PN-00003245,CUST000931,AGT00049,PROD0026,cancelled,2025-11-26,2026-11-26,5725.09,5719.69
POL003246,PN-00003246,CUST001133,AGT00160,PROD0005,lapsed,2025-10-09,2026-10-09,2029.74,1927.02
POL003247,PN-00003247,CUST004020,AGT00281,PROD0011,active,2024-10-06,2025-10-06,6279.51,5822.91
POL003248,PN-00003248,CUST001672,AGT00089,PROD0021,issued,2023-06-29,2024-06-28,448.0,404.41
POL003249,PN-00003249,CUST004561,AGT00268,PROD0013,issued,2023-08-29,2024-08-28,11838.72,10974.33
POL003250,PN-00003250,CUST000437,AGT00044,PROD0006,issued,2023-09-22,2024-09-21,968.06,933.88
POL003251,PN-00003251,CUST002503,AGT00240,PROD0017,cancelled,2026-02-21,2027-02-21,1670.68,1618.31
POL003252,PN-00003252,CUST004659,AGT00224,PROD0007,active,2026-04-19,2027-04-19,13086.47,12937.44
POL003253,PN-00003253,CUST001547,AGT00399,PROD0033,issued,2023-04-26,2024-04-25,3035.64,2784.54
POL003254,PN-00003254,CUST002639,AGT00412,PROD0045,renewed,2026-01-08,2027-01-08,2565.46,2501.2
POL003255,PN-00003255,CUST004170,AGT00496,PROD0002,active,2025-10-17,2026-10-17,935.04,884.67
POL003256,PN-00003256,CUST002974,AGT00230,PROD0018,active,2024-01-31,2025-01-30,6322.91,5794.05
POL003257,PN-00003257,CUST002249,AGT00092,PROD0044,quoted,2024-09-26,2025-09-26,10280.48,10226.33
POL003258,PN-00003258,CUST003164,AGT00320,PROD0007,active,2026-07-12,2027-07-12,4980.55,4680.96
POL003259,PN-00003259,CUST003575,AGT00311,PROD0041,quoted,2023-09-27,2024-09-26,13851.14,13136.13
POL003260,PN-00003260,CUST001428,AGT00293,PROD0030,active,2023-11-02,2024-11-01,2233.66,2166.83
POL003261,PN-00003261,CUST004287,AGT00332,PROD0029,expired,2023-02-22,2024-02-22,7778.97,7733.86
POL003262,PN-00003262,CUST001973,AGT00107,PROD0020,renewed,2024-07-20,2025-07-20,5450.96,5421.52
POL003263,PN-00003263,CUST000384,AGT00282,PROD0012,quoted,2026-03-12,2027-03-12,13435.52,13016.61
POL003264,PN-00003264,CUST004208,AGT00369,PROD0021,lapsed,2025-03-08,2026-03-08,10596.68,9585.67
POL003265,PN-00003265,CUST001134,AGT00286,PROD0020,active,2024-07-24,2025-07-24,328.32,310.29
POL003266,PN-00003266,CUST001640,AGT00215,PROD0045,lapsed,2023-09-28,2024-09-27,9987.61,9957.19
POL003267,PN-00003267,CUST002261,AGT00317,PROD0019,active,2023-08-11,2024-08-10,10364.37,10164.99
POL003268,PN-00003268,CUST003751,AGT00307,PROD0004,cancelled,2024-06-24,2025-06-24,4509.28,4095.3
POL003269,PN-00003269,CUST001921,AGT00459,PROD0032,expired,2026-07-20,2027-07-20,9202.22,9104.63
POL003270,PN-00003270,CUST000147,AGT00429,PROD0049,lapsed,2025-06-02,2026-06-02,609.66,595.65
POL003271,PN-00003271,CUST001059,AGT00128,PROD0044,quoted,2025-11-25,2026-11-25,2454.33,2212.28
POL003272,PN-00003272,CUST001412,AGT00305,PROD0031,renewed,2026-01-03,2027-01-03,425.88,414.41
POL003273,PN-00003273,CUST004525,AGT00072,PROD0041,cancelled,2024-07-03,2025-07-03,6502.42,5983.87
POL003274,PN-00003274,CUST004994,AGT00076,PROD0010,issued,2024-01-06,2025-01-05,14303.1,13055.56
POL003275,PN-00003275,CUST004486,AGT00053,PROD0026,cancelled,2026-06-30,2027-06-30,606.92,595.97
POL003276,PN-00003276,CUST001779,AGT00397,PROD0012,renewed,2023-11-03,2024-11-02,3646.38,3334.12
POL003277,PN-00003277,CUST002499,AGT00133,PROD0009,expired,2024-07-02,2025-07-02,1349.64,1329.35
POL003278,PN-00003278,CUST004226,AGT00110,PROD0036,issued,2025-12-11,2026-12-11,14031.56,12985.21
POL003279,PN-00003279,CUST004451,AGT00300,PROD0042,active,2026-05-03,2027-05-03,4284.08,4280.13
POL003280,PN-00003280,CUST001345,AGT00110,PROD0044,lapsed,2024-01-28,2025-01-27,2165.49,2152.38
POL003281,PN-00003281,CUST002467,AGT00218,PROD0049,renewed,2025-03-20,2026-03-20,2056.08,1867.14
POL003282,PN-00003282,CUST004165,AGT00363,PROD0007,active,2025-11-08,2026-11-08,6180.31,6141.18
POL003283,PN-00003283,CUST000909,AGT00123,PROD0042,cancelled,2024-04-09,2025-04-09,6857.57,6662.6
POL003284,PN-00003284,CUST001463,AGT00042,PROD0050,cancelled,2024-06-16,2025-06-16,5367.67,5273.95
POL003285,PN-00003285,CUST002109,AGT00229,PROD0009,quoted,2023-11-13,2024-11-12,7327.72,7234.87
POL003286,PN-00003286,CUST004227,AGT00465,PROD0040,renewed,2026-07-28,2027-07-28,9387.05,9201.32
POL003287,PN-00003287,CUST002083,AGT00085,PROD0012,renewed,2026-09-08,2027-09-08,5345.57,4918.27
POL003288,PN-00003288,CUST001789,AGT00252,PROD0017,cancelled,2025-11-20,2026-11-20,12937.23,12481.52
POL003289,PN-00003289,CUST004299,AGT00109,PROD0029,active,2024-07-04,2025-07-04,12745.17,12406.43
POL003290,PN-00003290,CUST000428,AGT00205,PROD0043,lapsed,2023-01-10,2024-01-10,12511.73,11569.0
POL003291,PN-00003291,CUST003725,AGT00250,PROD0016,expired,2025-06-09,2026-06-09,11275.98,10693.0
POL003292,PN-00003292,CUST002978,AGT00489,PROD0033,renewed,2024-12-29,2025-12-29,8848.92,8764.69
POL003293,PN-00003293,CUST000767,AGT00373,PROD0047,active,2024-10-11,2025-10-11,7176.77,6621.49
POL003294,PN-00003294,CUST002723,AGT00114,PROD0033,quoted,2024-03-09,2025-03-09,7632.61,7010.05
POL003295,PN-00003295,CUST004376,AGT00371,PROD0048,active,2026-04-27,2027-04-27,13743.5,13442.97
POL003296,PN-00003296,CUST000459,AGT00168,PROD0028,renewed,2026-05-01,2027-05-01,11051.67,10366.26
POL003297,PN-00003297,CUST000859,AGT00488,PROD0040,lapsed,2023-12-12,2024-12-11,7111.02,6485.11
POL003298,PN-00003298,CUST000360,AGT00237,PROD0039,active,2026-07-18,2027-07-18,6191.98,5907.74
POL003299,PN-00003299,CUST004706,AGT00409,PROD0040,active,2024-12-24,2025-12-24,2626.61,2536.52
POL003300,PN-00003300,CUST003724,AGT00168,PROD0028,active,2023-08-26,2024-08-25,13090.12,12956.54
POL003301,PN-00003301,CUST003659,AGT00078,PROD0004,quoted,2023-06-11,2024-06-10,7295.83,6612.68
POL003302,PN-00003302,CUST003656,AGT00165,PROD0041,expired,2024-11-07,2025-11-07,5194.27,4911.01
POL003303,PN-00003303,CUST002411,AGT00246,PROD0016,expired,2025-01-24,2026-01-24,1944.65,1838.34
POL003304,PN-00003304,CUST002488,AGT00444,PROD0020,lapsed,2024-06-17,2025-06-17,10467.29,10010.55
POL003305,PN-00003305,CUST000348,AGT00403,PROD0046,expired,2025-10-02,2026-10-02,14253.18,13523.7
POL003306,PN-00003306,CUST004028,AGT00266,PROD0048,quoted,2025-11-21,2026-11-21,1069.01,1048.71
POL003307,PN-00003307,CUST002346,AGT00385,PROD0037,quoted,2023-10-05,2024-10-04,3520.93,3513.28
POL003308,PN-00003308,CUST000080,AGT00287,PROD0014,lapsed,2024-04-04,2025-04-04,4748.87,4501.84
POL003309,PN-00003309,CUST000987,AGT00400,PROD0021,quoted,2024-10-02,2025-10-02,11913.12,11904.29
POL003310,PN-00003310,CUST001606,AGT00316,PROD0041,active,2024-02-02,2025-02-01,1105.16,1050.96
POL003311,PN-00003311,CUST000081,AGT00098,PROD0049,issued,2025-01-26,2026-01-26,4261.25,4187.48
POL003312,PN-00003312,CUST002043,AGT00226,PROD0048,cancelled,2024-03-26,2025-03-26,1907.19,1868.28
POL003313,PN-00003313,CUST000237,AGT00407,PROD0050,lapsed,2024-07-08,2025-07-08,8397.21,8083.95
POL003314,PN-00003314,CUST004469,AGT00056,PROD0050,cancelled,2026-06-16,2027-06-16,8254.4,7895.46
POL003315,PN-00003315,CUST004638,AGT00237,PROD0015,active,2023-10-10,2024-10-09,10504.76,10373.2
POL003316,PN-00003316,CUST003941,AGT00269,PROD0003,lapsed,2026-06-27,2027-06-27,8979.42,8292.75
POL003317,PN-00003317,CUST004711,AGT00433,PROD0035,issued,2025-03-22,2026-03-22,3396.77,3270.78
POL003318,PN-00003318,CUST003437,AGT00092,PROD0002,renewed,2024-07-20,2025-07-20,14283.42,13657.51
POL003319,PN-00003319,CUST001610,AGT00465,PROD0003,expired,2024-03-31,2025-03-31,8279.79,7931.05
POL003320,PN-00003320,CUST004682,AGT00387,PROD0017,quoted,2026-01-21,2027-01-21,6076.05,5752.62
POL003321,PN-00003321,CUST003112,AGT00358,PROD0040,active,2026-01-06,2027-01-06,11321.81,10498.22
POL003322,PN-00003322,CUST002246,AGT00301,PROD0005,issued,2023-09-03,2024-09-02,8321.91,7524.9
POL003323,PN-00003323,CUST002811,AGT00135,PROD0043,active,2023-12-07,2024-12-06,6773.17,6314.58
POL003324,PN-00003324,CUST003764,AGT00118,PROD0001,quoted,2023-07-29,2024-07-28,14880.79,14174.59
POL003325,PN-00003325,CUST001111,AGT00173,PROD0033,active,2024-09-09,2025-09-09,2878.6,2595.49
POL003326,PN-00003326,CUST001322,AGT00329,PROD0047,active,2025-08-31,2026-08-31,13934.1,13216.21
POL003327,PN-00003327,CUST003051,AGT00082,PROD0008,active,2024-12-05,2025-12-05,12686.11,12035.51
POL003328,PN-00003328,CUST001206,AGT00124,PROD0005,active,2023-09-04,2024-09-03,10605.62,9849.64
POL003329,PN-00003329,CUST003163,AGT00197,PROD0015,renewed,2026-01-15,2027-01-15,2632.69,2485.03
POL003330,PN-00003330,CUST002994,AGT00407,PROD0038,renewed,2025-06-18,2026-06-18,2238.23,2118.74
POL003331,PN-00003331,CUST004685,AGT00261,PROD0045,cancelled,2024-07-17,2025-07-17,6288.66,5778.46
POL003332,PN-00003332,CUST002468,AGT00488,PROD0026,renewed,2024-11-09,2025-11-09,9684.73,8993.66
POL003333,PN-00003333,CUST000500,AGT00315,PROD0025,lapsed,2026-01-07,2027-01-07,3714.33,3697.41
POL003334,PN-00003334,CUST004879,AGT00259,PROD0032,active,2023-07-12,2024-07-11,6578.36,6418.27
POL003335,PN-00003335,CUST003282,AGT00404,PROD0011,issued,2026-06-11,2027-06-11,2149.66,2098.77
POL003336,PN-00003336,CUST003935,AGT00385,PROD0013,cancelled,2025-03-08,2026-03-08,11597.33,10717.6
POL003337,PN-00003337,CUST004891,AGT00002,PROD0035,quoted,2023-05-12,2024-05-11,1555.25,1403.35
POL003338,PN-00003338,CUST003950,AGT00436,PROD0045,issued,2025-08-22,2026-08-22,8244.29,8237.69
POL003339,PN-00003339,CUST004247,AGT00426,PROD0011,active,2025-04-16,2026-04-16,3289.4,2983.72
POL003340,PN-00003340,CUST004424,AGT00249,PROD0044,active,2023-04-08,2024-04-07,3354.31,3081.26
POL003341,PN-00003341,CUST000464,AGT00376,PROD0033,active,2023-07-01,2024-06-30,9480.04,9124.52
POL003342,PN-00003342,CUST001230,AGT00083,PROD0031,cancelled,2024-06-12,2025-06-12,9832.4,9109.81
POL003343,PN-00003343,CUST002868,AGT00372,PROD0019,active,2024-08-02,2025-08-02,13709.08,12946.43
POL003344,PN-00003344,CUST004050,AGT00364,PROD0039,renewed,2023-12-24,2024-12-23,4565.44,4481.64
POL003345,PN-00003345,CUST003766,AGT00473,PROD0005,expired,2025-07-22,2026-07-22,4883.62,4847.19
POL003346,PN-00003346,CUST004572,AGT00199,PROD0029,active,2026-03-10,2027-03-10,11629.43,10612.63
POL003347,PN-00003347,CUST000048,AGT00349,PROD0050,renewed,2025-02-08,2026-02-08,2072.93,1954.58
POL003348,PN-00003348,CUST004358,AGT00445,PROD0011,issued,2024-01-27,2025-01-26,6953.87,6830.22
POL003349,PN-00003349,CUST001073,AGT00163,PROD0047,active,2026-05-24,2027-05-24,12894.82,12781.31
POL003350,PN-00003350,CUST004462,AGT00253,PROD0034,issued,2025-10-08,2026-10-08,8586.72,7879.85
POL003351,PN-00003351,CUST000629,AGT00091,PROD0006,active,2023-11-27,2024-11-26,13504.74,12581.11
POL003352,PN-00003352,CUST004550,AGT00058,PROD0024,quoted,2025-06-08,2026-06-08,7330.36,6724.13
POL003353,PN-00003353,CUST003185,AGT00088,PROD0011,issued,2024-10-26,2025-10-26,11412.35,10964.8
POL003354,PN-00003354,CUST001573,AGT00163,PROD0027,lapsed,2023-09-25,2024-09-24,12015.73,11853.8
POL003355,PN-00003355,CUST002381,AGT00118,PROD0032,active,2024-01-11,2025-01-10,12023.9,11883.65
POL003356,PN-00003356,CUST004097,AGT00131,PROD0002,cancelled,2023-07-23,2024-07-22,13044.45,12895.41
POL003357,PN-00003357,CUST001087,AGT00030,PROD0003,quoted,2024-06-27,2025-06-27,3909.87,3738.82
POL003358,PN-00003358,CUST000570,AGT00277,PROD0011,issued,2025-10-21,2026-10-21,11500.22,10526.71
POL003359,PN-00003359,CUST003945,AGT00469,PROD0040,expired,2025-03-24,2026-03-24,9980.22,9892.09
POL003360,PN-00003360,CUST003822,AGT00263,PROD0014,issued,2023-02-23,2024-02-23,3133.39,2973.65
POL003361,PN-00003361,CUST004889,AGT00382,PROD0018,active,2023-04-13,2024-04-12,9340.97,9224.72
POL003362,PN-00003362,CUST003896,AGT00180,PROD0006,lapsed,2024-03-12,2025-03-12,7456.83,7416.35
POL003363,PN-00003363,CUST002113,AGT00272,PROD0008,issued,2024-09-12,2025-09-12,11130.62,10811.16
POL003364,PN-00003364,CUST003120,AGT00254,PROD0037,issued,2026-06-12,2027-06-12,12914.61,12341.99
POL003365,PN-00003365,CUST002674,AGT00035,PROD0040,active,2023-11-11,2024-11-10,342.1,341.82
POL003366,PN-00003366,CUST003495,AGT00180,PROD0016,active,2025-11-16,2026-11-16,5238.87,4735.52
POL003367,PN-00003367,CUST003303,AGT00277,PROD0019,active,2024-12-11,2025-12-11,9617.23,9322.95
POL003368,PN-00003368,CUST000447,AGT00480,PROD0007,cancelled,2023-04-07,2024-04-06,12584.21,12413.77
POL003369,PN-00003369,CUST004496,AGT00232,PROD0046,active,2026-05-30,2027-05-30,9372.78,8565.96
POL003370,PN-00003370,CUST002783,AGT00242,PROD0047,quoted,2026-09-10,2027-09-10,10690.54,9759.14
POL003371,PN-00003371,CUST001432,AGT00173,PROD0040,issued,2024-05-23,2025-05-23,13447.81,12993.39
POL003372,PN-00003372,CUST001513,AGT00491,PROD0031,active,2023-12-12,2024-12-11,5780.43,5593.98
POL003373,PN-00003373,CUST004671,AGT00415,PROD0024,active,2024-10-06,2025-10-06,9490.39,9187.6
POL003374,PN-00003374,CUST003711,AGT00296,PROD0021,active,2026-01-22,2027-01-22,2247.93,2198.84
POL003375,PN-00003375,CUST003846,AGT00495,PROD0029,expired,2023-11-01,2024-10-31,3794.47,3582.64
POL003376,PN-00003376,CUST003973,AGT00267,PROD0013,renewed,2026-02-28,2027-02-28,460.75,429.39
POL003377,PN-00003377,CUST000660,AGT00209,PROD0013,expired,2026-01-18,2027-01-18,365.8,335.84
POL003378,PN-00003378,CUST003956,AGT00319,PROD0020,quoted,2023-01-27,2024-01-27,9250.58,8750.11
POL003379,PN-00003379,CUST003824,AGT00369,PROD0009,issued,2023-12-14,2024-12-13,9373.96,8904.82
POL003380,PN-00003380,CUST002247,AGT00273,PROD0001,active,2024-03-21,2025-03-21,6179.48,5953.57
POL003381,PN-00003381,CUST002916,AGT00156,PROD0017,active,2023-02-21,2024-02-21,10278.81,9862.62
POL003382,PN-00003382,CUST002967,AGT00196,PROD0022,cancelled,2023-02-09,2024-02-09,10079.83,9825.27
POL003383,PN-00003383,CUST002301,AGT00287,PROD0020,active,2023-05-26,2024-05-25,14719.16,14087.17
POL003384,PN-00003384,CUST001039,AGT00276,PROD0015,quoted,2024-11-02,2025-11-02,10782.88,10469.18
POL003385,PN-00003385,CUST001105,AGT00429,PROD0038,issued,2024-04-24,2025-04-24,14640.57,13296.58
POL003386,PN-00003386,CUST003995,AGT00396,PROD0020,active,2025-11-12,2026-11-12,9630.7,9067.81
POL003387,PN-00003387,CUST001988,AGT00474,PROD0035,active,2023-04-05,2024-04-04,5446.74,5115.4
POL003388,PN-00003388,CUST000273,AGT00243,PROD0001,active,2026-09-15,2027-09-15,14200.97,13105.88
POL003389,PN-00003389,CUST000860,AGT00250,PROD0024,renewed,2026-05-26,2027-05-26,3114.48,2853.02
POL003390,PN-00003390,CUST000537,AGT00451,PROD0003,active,2026-01-13,2027-01-13,10198.1,9511.36
POL003391,PN-00003391,CUST001647,AGT00474,PROD0042,active,2023-06-06,2024-06-05,11405.85,10774.94
POL003392,PN-00003392,CUST004847,AGT00499,PROD0026,expired,2023-08-01,2024-07-31,11566.85,10798.52
POL003393,PN-00003393,CUST004322,AGT00275,PROD0046,cancelled,2026-05-31,2027-05-31,9199.49,9196.72
POL003394,PN-00003394,CUST004143,AGT00417,PROD0021,renewed,2024-02-03,2025-02-02,13349.37,13341.74
POL003395,PN-00003395,CUST004191,AGT00430,PROD0006,lapsed,2025-05-22,2026-05-22,10756.54,10363.86
POL003396,PN-00003396,CUST003315,AGT00169,PROD0005,lapsed,2023-08-03,2024-08-02,8743.21,8352.99
POL003397,PN-00003397,CUST002342,AGT00330,PROD0020,active,2025-08-30,2026-08-30,3153.87,2864.82
POL003398,PN-00003398,CUST003708,AGT00261,PROD0049,renewed,2024-10-23,2025-10-23,4612.59,4282.87
POL003399,PN-00003399,CUST003908,AGT00473,PROD0044,quoted,2025-08-04,2026-08-04,643.22,612.4
POL003400,PN-00003400,CUST002801,AGT00378,PROD0022,active,2026-02-04,2027-02-04,10907.94,10157.54
POL003401,PN-00003401,CUST003058,AGT00442,PROD0027,active,2024-08-03,2025-08-03,11365.98,11285.09
POL003402,PN-00003402,CUST003821,AGT00362,PROD0024,issued,2024-09-23,2025-09-23,1509.82,1468.45
POL003403,PN-00003403,CUST002636,AGT00219,PROD0024,quoted,2023-11-04,2024-11-03,7249.91,7187.24
POL003404,PN-00003404,CUST002821,AGT00419,PROD0025,lapsed,2023-11-28,2024-11-27,6029.21,5475.29
POL003405,PN-00003405,CUST000466,AGT00421,PROD0024,active,2023-09-15,2024-09-14,6923.73,6249.71
POL003406,PN-00003406,CUST004574,AGT00167,PROD0017,issued,2025-03-26,2026-03-26,3800.96,3581.4
POL003407,PN-00003407,CUST002274,AGT00478,PROD0046,expired,2025-04-17,2026-04-17,874.34,842.39
POL003408,PN-00003408,CUST004622,AGT00399,PROD0013,cancelled,2023-11-26,2024-11-25,3809.68,3554.03
POL003409,PN-00003409,CUST004414,AGT00108,PROD0033,active,2025-12-02,2026-12-02,3264.22,3011.81
POL003410,PN-00003410,CUST000729,AGT00135,PROD0038,cancelled,2024-05-24,2025-05-24,9867.66,9720.57
POL003411,PN-00003411,CUST004188,AGT00167,PROD0037,active,2023-12-04,2024-12-03,7674.98,7479.53
POL003412,PN-00003412,CUST003227,AGT00220,PROD0028,renewed,2024-10-21,2025-10-21,3352.33,3221.77
POL003413,PN-00003413,CUST000719,AGT00018,PROD0037,lapsed,2023-02-13,2024-02-13,615.19,611.05
POL003414,PN-00003414,CUST000001,AGT00021,PROD0002,expired,2024-02-25,2025-02-24,13469.47,12660.21
POL003415,PN-00003415,CUST000738,AGT00239,PROD0036,lapsed,2023-01-27,2024-01-27,7769.5,7633.53
POL003416,PN-00003416,CUST002104,AGT00158,PROD0045,issued,2026-07-03,2027-07-03,13808.13,12967.88
POL003417,PN-00003417,CUST001177,AGT00489,PROD0032,cancelled,2025-09-22,2026-09-22,11738.94,10569.17
POL003418,PN-00003418,CUST004989,AGT00391,PROD0019,issued,2023-11-28,2024-11-27,5510.7,5044.57
POL003419,PN-00003419,CUST004702,AGT00060,PROD0024,renewed,2024-02-17,2025-02-16,5715.85,5331.57
POL003420,PN-00003420,CUST004797,AGT00457,PROD0011,renewed,2025-09-12,2026-09-12,1373.56,1354.92
POL003421,PN-00003421,CUST003231,AGT00465,PROD0008,active,2025-02-08,2026-02-08,2758.14,2649.48
POL003422,PN-00003422,CUST001556,AGT00109,PROD0034,quoted,2023-02-20,2024-02-20,1908.23,1863.17
POL003423,PN-00003423,CUST003887,AGT00452,PROD0044,renewed,2023-04-02,2024-04-01,1998.97,1949.9
POL003424,PN-00003424,CUST002406,AGT00158,PROD0026,active,2023-02-10,2024-02-10,8226.65,8218.92
POL003425,PN-00003425,CUST003075,AGT00136,PROD0037,cancelled,2023-08-28,2024-08-27,7464.33,6725.01
POL003426,PN-00003426,CUST004486,AGT00389,PROD0013,active,2023-07-14,2024-07-13,13951.15,12866.63
POL003427,PN-00003427,CUST002613,AGT00438,PROD0044,renewed,2024-04-08,2025-04-08,4308.84,4040.54
POL003428,PN-00003428,CUST000845,AGT00429,PROD0032,quoted,2024-08-10,2025-08-10,1351.16,1329.5
POL003429,PN-00003429,CUST001813,AGT00232,PROD0023,expired,2023-08-03,2024-08-02,4683.09,4346.0
POL003430,PN-00003430,CUST003346,AGT00356,PROD0025,lapsed,2025-12-17,2026-12-17,10373.92,9530.53
POL003431,PN-00003431,CUST001554,AGT00313,PROD0046,active,2025-07-18,2026-07-18,10207.34,10159.66
POL003432,PN-00003432,CUST001071,AGT00228,PROD0034,lapsed,2025-03-16,2026-03-16,772.39,717.54
POL003433,PN-00003433,CUST003385,AGT00111,PROD0024,quoted,2025-01-20,2026-01-20,13845.68,12555.3
POL003434,PN-00003434,CUST000544,AGT00337,PROD0039,active,2026-03-06,2027-03-06,12192.46,12100.3
POL003435,PN-00003435,CUST004851,AGT00367,PROD0038,active,2024-12-13,2025-12-13,2199.07,2173.79
POL003436,PN-00003436,CUST002760,AGT00296,PROD0024,issued,2024-04-29,2025-04-29,14173.27,13852.58
POL003437,PN-00003437,CUST003176,AGT00187,PROD0018,quoted,2026-03-11,2027-03-11,11036.66,10304.64
POL003438,PN-00003438,CUST002376,AGT00497,PROD0017,issued,2025-01-08,2026-01-08,10266.21,9506.3
POL003439,PN-00003439,CUST001211,AGT00395,PROD0005,active,2023-01-10,2024-01-10,2311.34,2196.79
POL003440,PN-00003440,CUST003903,AGT00001,PROD0041,expired,2025-07-14,2026-07-14,1370.62,1236.6
POL003441,PN-00003441,CUST002360,AGT00483,PROD0009,issued,2023-05-17,2024-05-16,2375.5,2329.06
POL003442,PN-00003442,CUST000051,AGT00018,PROD0019,renewed,2025-04-14,2026-04-14,8257.59,7723.88
POL003443,PN-00003443,CUST000663,AGT00021,PROD0004,expired,2025-12-13,2026-12-13,4480.88,4173.36
POL003444,PN-00003444,CUST001437,AGT00178,PROD0044,lapsed,2024-11-09,2025-11-09,10701.85,10042.37
POL003445,PN-00003445,CUST001165,AGT00094,PROD0011,cancelled,2026-06-18,2027-06-18,1110.81,1089.35
POL003446,PN-00003446,CUST002321,AGT00413,PROD0007,cancelled,2025-07-31,2026-07-31,1601.07,1595.21
POL003447,PN-00003447,CUST003136,AGT00255,PROD0014,active,2026-05-14,2027-05-14,11062.16,10728.07
POL003448,PN-00003448,CUST003371,AGT00387,PROD0037,quoted,2023-03-09,2024-03-08,7144.72,7025.55
POL003449,PN-00003449,CUST002058,AGT00348,PROD0034,active,2026-08-16,2027-08-16,7539.34,7037.54
POL003450,PN-00003450,CUST004297,AGT00494,PROD0050,cancelled,2024-01-20,2025-01-19,14220.73,12916.15
POL003451,PN-00003451,CUST002985,AGT00326,PROD0009,renewed,2023-04-22,2024-04-21,4771.23,4305.18
POL003452,PN-00003452,CUST002509,AGT00267,PROD0013,renewed,2023-01-15,2024-01-15,10400.34,9766.69
POL003453,PN-00003453,CUST003786,AGT00449,PROD0016,active,2023-12-15,2024-12-14,5620.57,5365.49
POL003454,PN-00003454,CUST003769,AGT00432,PROD0047,active,2024-09-20,2025-09-20,3475.09,3181.79
POL003455,PN-00003455,CUST003234,AGT00391,PROD0011,expired,2023-09-19,2024-09-18,5258.32,5191.03
POL003456,PN-00003456,CUST001706,AGT00156,PROD0034,active,2024-03-07,2025-03-07,6995.27,6922.09
POL003457,PN-00003457,CUST001900,AGT00439,PROD0001,expired,2023-05-27,2024-05-26,4123.02,3816.52
POL003458,PN-00003458,CUST003955,AGT00187,PROD0050,quoted,2023-03-03,2024-03-02,3959.8,3878.21
POL003459,PN-00003459,CUST002677,AGT00379,PROD0019,active,2023-06-24,2024-06-23,8259.09,7484.14
POL003460,PN-00003460,CUST004791,AGT00254,PROD0007,issued,2023-03-31,2024-03-30,12266.86,11889.21
POL003461,PN-00003461,CUST000161,AGT00142,PROD0049,quoted,2024-07-07,2025-07-07,3480.78,3259.25
POL003462,PN-00003462,CUST000355,AGT00299,PROD0035,active,2023-04-20,2024-04-19,12319.01,12097.2
POL003463,PN-00003463,CUST000337,AGT00340,PROD0038,quoted,2025-04-17,2026-04-17,10544.07,10258.39
POL003464,PN-00003464,CUST003939,AGT00450,PROD0026,lapsed,2025-10-28,2026-10-28,4588.42,4309.58
POL003465,PN-00003465,CUST002682,AGT00267,PROD0043,cancelled,2024-09-12,2025-09-12,2585.74,2375.02
POL003466,PN-00003466,CUST003805,AGT00226,PROD0025,cancelled,2025-12-06,2026-12-06,5469.51,5122.86
POL003467,PN-00003467,CUST003562,AGT00431,PROD0050,active,2024-08-23,2025-08-23,4882.25,4677.84
POL003468,PN-00003468,CUST004049,AGT00253,PROD0022,active,2023-02-17,2024-02-17,1570.54,1436.48
POL003469,PN-00003469,CUST002946,AGT00067,PROD0046,active,2025-04-15,2026-04-15,12423.48,11938.7
POL003470,PN-00003470,CUST001128,AGT00440,PROD0012,expired,2023-12-21,2024-12-20,1625.55,1472.43
POL003471,PN-00003471,CUST002911,AGT00090,PROD0013,active,2025-11-08,2026-11-08,11942.82,11475.95
POL003472,PN-00003472,CUST003688,AGT00039,PROD0045,quoted,2024-08-12,2025-08-12,2969.92,2890.08
POL003473,PN-00003473,CUST001822,AGT00341,PROD0021,renewed,2025-07-23,2026-07-23,13253.4,12753.51
POL003474,PN-00003474,CUST000985,AGT00091,PROD0017,active,2023-04-14,2024-04-13,4561.46,4341.3
POL003475,PN-00003475,CUST001747,AGT00193,PROD0010,renewed,2024-04-14,2025-04-14,14921.73,13933.82
POL003476,PN-00003476,CUST002878,AGT00105,PROD0014,active,2025-08-14,2026-08-14,3241.5,3213.26
POL003477,PN-00003477,CUST003834,AGT00333,PROD0028,expired,2024-03-21,2025-03-21,1217.22,1134.48
POL003478,PN-00003478,CUST004394,AGT00183,PROD0033,expired,2023-10-20,2024-10-19,6974.37,6968.28
POL003479,PN-00003479,CUST002458,AGT00473,PROD0041,issued,2025-03-06,2026-03-06,12889.65,12045.76
POL003480,PN-00003480,CUST004541,AGT00292,PROD0032,active,2024-03-24,2025-03-24,9639.86,9362.67
POL003481,PN-00003481,CUST004180,AGT00475,PROD0021,active,2025-12-16,2026-12-16,13984.72,13522.3
POL003482,PN-00003482,CUST002556,AGT00327,PROD0009,active,2026-03-06,2027-03-06,8003.05,7529.46
POL003483,PN-00003483,CUST003830,AGT00210,PROD0008,cancelled,2026-07-02,2027-07-02,610.08,550.51
POL003484,PN-00003484,CUST003243,AGT00041,PROD0007,cancelled,2024-12-11,2025-12-11,14230.79,13325.45
POL003485,PN-00003485,CUST000794,AGT00023,PROD0032,lapsed,2024-09-04,2025-09-04,12156.99,11090.36
POL003486,PN-00003486,CUST004270,AGT00206,PROD0049,issued,2026-05-25,2027-05-25,13132.42,11932.63
POL003487,PN-00003487,CUST004545,AGT00271,PROD0039,issued,2023-02-26,2024-02-26,1242.76,1209.7
POL003488,PN-00003488,CUST003592,AGT00427,PROD0009,quoted,2026-04-28,2027-04-28,7006.6,6883.04
POL003489,PN-00003489,CUST001525,AGT00452,PROD0027,issued,2025-11-04,2026-11-04,3442.9,3221.22
POL003490,PN-00003490,CUST003326,AGT00087,PROD0042,expired,2024-06-18,2025-06-18,3035.93,2747.08
POL003491,PN-00003491,CUST000567,AGT00399,PROD0007,renewed,2025-04-06,2026-04-06,9487.32,8934.65
POL003492,PN-00003492,CUST000087,AGT00176,PROD0018,active,2024-05-20,2025-05-20,5205.37,5129.56
POL003493,PN-00003493,CUST004520,AGT00404,PROD0009,active,2023-05-18,2024-05-17,9188.16,8921.99
POL003494,PN-00003494,CUST000685,AGT00298,PROD0047,active,2023-01-03,2024-01-03,10478.87,9612.39
POL003495,PN-00003495,CUST000864,AGT00017,PROD0045,active,2025-08-28,2026-08-28,11790.67,11012.59
POL003496,PN-00003496,CUST003701,AGT00188,PROD0040,active,2023-10-14,2024-10-13,2070.29,1912.97
POL003497,PN-00003497,CUST000293,AGT00414,PROD0013,quoted,2024-09-04,2025-09-04,7778.11,7252.8
POL003498,PN-00003498,CUST002059,AGT00490,PROD0014,issued,2023-06-17,2024-06-16,6810.02,6631.01
POL003499,PN-00003499,CUST002293,AGT00431,PROD0026,issued,2024-03-05,2025-03-05,11631.67,11387.93
POL003500,PN-00003500,CUST004301,AGT00355,PROD0025,issued,2025-07-20,2026-07-20,13111.74,12543.16
POL003501,PN-00003501,CUST004055,AGT00274,PROD0014,cancelled,2024-12-17,2025-12-17,593.94,552.42
POL003502,PN-00003502,CUST002419,AGT00186,PROD0040,issued,2024-01-24,2025-01-23,1905.95,1757.73
POL003503,PN-00003503,CUST000780,AGT00077,PROD0023,quoted,2024-08-21,2025-08-21,13560.58,13504.93
POL003504,PN-00003504,CUST004730,AGT00298,PROD0032,issued,2024-01-31,2025-01-30,4061.88,3751.54
POL003505,PN-00003505,CUST000176,AGT00478,PROD0022,renewed,2024-07-23,2025-07-23,10479.51,10373.06
POL003506,PN-00003506,CUST003374,AGT00131,PROD0049,lapsed,2025-09-15,2026-09-15,1910.66,1879.35
POL003507,PN-00003507,CUST003151,AGT00355,PROD0009,active,2026-07-14,2027-07-14,8933.33,8405.4
POL003508,PN-00003508,CUST000907,AGT00098,PROD0006,active,2024-08-28,2025-08-28,13201.95,12876.77
POL003509,PN-00003509,CUST002306,AGT00284,PROD0042,active,2023-01-18,2024-01-18,11746.92,11489.71
POL003510,PN-00003510,CUST003610,AGT00392,PROD0035,cancelled,2024-05-27,2025-05-27,11022.34,10654.68
POL003511,PN-00003511,CUST004244,AGT00142,PROD0022,active,2026-01-02,2027-01-02,4729.4,4318.96
POL003512,PN-00003512,CUST003634,AGT00369,PROD0031,active,2025-02-14,2026-02-14,10383.13,9444.29
POL003513,PN-00003513,CUST000446,AGT00217,PROD0049,active,2025-06-07,2026-06-07,13151.12,12277.56
POL003514,PN-00003514,CUST003676,AGT00303,PROD0013,active,2024-08-04,2025-08-04,4040.19,3777.93
POL003515,PN-00003515,CUST001007,AGT00365,PROD0038,renewed,2023-03-20,2024-03-19,6262.08,5821.94
POL003516,PN-00003516,CUST001178,AGT00034,PROD0047,lapsed,2023-01-16,2024-01-16,12805.78,11771.42
POL003517,PN-00003517,CUST003407,AGT00107,PROD0047,renewed,2024-07-20,2025-07-20,4640.21,4223.91
POL003518,PN-00003518,CUST004251,AGT00132,PROD0011,cancelled,2024-11-10,2025-11-10,6832.12,6830.44
POL003519,PN-00003519,CUST001518,AGT00416,PROD0015,cancelled,2025-07-31,2026-07-31,14756.85,13592.17
POL003520,PN-00003520,CUST002115,AGT00290,PROD0030,lapsed,2023-09-15,2024-09-14,14671.23,13819.42
POL003521,PN-00003521,CUST004176,AGT00430,PROD0042,active,2026-08-24,2027-08-24,11305.83,10362.77
POL003522,PN-00003522,CUST002724,AGT00435,PROD0050,active,2024-03-28,2025-03-28,5248.71,5226.2
POL003523,PN-00003523,CUST001491,AGT00230,PROD0029,quoted,2024-06-19,2025-06-19,9870.36,9073.29
POL003524,PN-00003524,CUST004243,AGT00131,PROD0032,renewed,2023-08-15,2024-08-14,3529.98,3490.04
POL003525,PN-00003525,CUST002782,AGT00271,PROD0032,active,2025-10-02,2026-10-02,11005.68,10084.12
POL003526,PN-00003526,CUST000676,AGT00435,PROD0044,quoted,2026-07-07,2027-07-07,10116.13,9138.46
POL003527,PN-00003527,CUST002502,AGT00007,PROD0041,active,2023-11-04,2024-11-03,3457.51,3157.7
POL003528,PN-00003528,CUST000387,AGT00097,PROD0015,active,2026-01-21,2027-01-21,7335.07,7007.21
POL003529,PN-00003529,CUST003056,AGT00471,PROD0050,quoted,2024-03-06,2025-03-06,5576.01,5461.05
POL003530,PN-00003530,CUST001027,AGT00050,PROD0021,active,2025-04-22,2026-04-22,3826.29,3597.83
POL003531,PN-00003531,CUST003404,AGT00290,PROD0018,expired,2026-08-03,2027-08-03,11405.43,11258.78
POL003532,PN-00003532,CUST004160,AGT00193,PROD0047,issued,2026-06-29,2027-06-29,13827.96,13282.8
POL003533,PN-00003533,CUST003930,AGT00278,PROD0045,issued,2024-10-19,2025-10-19,12824.61,12618.93
POL003534,PN-00003534,CUST002537,AGT00151,PROD0021,active,2024-10-18,2025-10-18,3940.16,3781.16
POL003535,PN-00003535,CUST004080,AGT00255,PROD0013,active,2025-10-03,2026-10-03,12845.86,12681.04
POL003536,PN-00003536,CUST001280,AGT00278,PROD0014,lapsed,2023-07-01,2024-06-30,7701.14,7335.6
POL003537,PN-00003537,CUST003227,AGT00056,PROD0026,active,2025-05-07,2026-05-07,6180.8,6065.55
POL003538,PN-00003538,CUST001514,AGT00406,PROD0033,issued,2023-03-13,2024-03-12,9167.35,8561.54
POL003539,PN-00003539,CUST000921,AGT00195,PROD0033,renewed,2023-12-19,2024-12-18,4641.3,4388.96
POL003540,PN-00003540,CUST002919,AGT00347,PROD0017,active,2026-03-21,2027-03-21,1973.1,1950.18
POL003541,PN-00003541,CUST003512,AGT00191,PROD0042,expired,2024-07-07,2025-07-07,14815.62,13857.59
POL003542,PN-00003542,CUST001487,AGT00476,PROD0028,active,2025-09-15,2026-09-15,10358.85,10334.11
POL003543,PN-00003543,CUST000144,AGT00235,PROD0023,active,2024-04-07,2025-04-07,5421.88,5158.11
POL003544,PN-00003544,CUST002136,AGT00480,PROD0024,active,2025-04-26,2026-04-26,2714.71,2503.24
POL003545,PN-00003545,CUST004921,AGT00167,PROD0028,lapsed,2024-11-08,2025-11-08,1896.34,1735.82
POL003546,PN-00003546,CUST001751,AGT00434,PROD0004,active,2026-05-01,2027-05-01,12389.95,11754.27
POL003547,PN-00003547,CUST000298,AGT00176,PROD0037,cancelled,2025-05-24,2026-05-24,6877.81,6650.84
POL003548,PN-00003548,CUST003546,AGT00043,PROD0011,lapsed,2024-07-13,2025-07-13,8599.08,8326.83
POL003549,PN-00003549,CUST001886,AGT00397,PROD0020,expired,2024-06-12,2025-06-12,1735.04,1645.82
POL003550,PN-00003550,CUST004752,AGT00432,PROD0025,active,2026-04-05,2027-04-05,11060.13,10517.35
POL003551,PN-00003551,CUST001227,AGT00191,PROD0044,issued,2023-12-04,2024-12-03,12761.35,12515.62
POL003552,PN-00003552,CUST004878,AGT00115,PROD0031,active,2024-03-12,2025-03-12,11377.05,10936.9
POL003553,PN-00003553,CUST004254,AGT00479,PROD0015,issued,2023-06-22,2024-06-21,11480.0,11137.66
POL003554,PN-00003554,CUST004217,AGT00216,PROD0029,active,2024-06-24,2025-06-24,13320.81,13025.95
POL003555,PN-00003555,CUST003671,AGT00269,PROD0028,active,2025-12-12,2026-12-12,13777.56,12580.5
POL003556,PN-00003556,CUST003748,AGT00033,PROD0035,expired,2023-06-27,2024-06-26,14642.27,14081.68
POL003557,PN-00003557,CUST002057,AGT00429,PROD0008,expired,2026-01-28,2027-01-28,14781.95,14416.7
POL003558,PN-00003558,CUST004081,AGT00483,PROD0043,renewed,2023-06-18,2024-06-17,7713.92,7472.1
POL003559,PN-00003559,CUST000934,AGT00176,PROD0015,renewed,2026-03-16,2027-03-16,8474.71,7854.47
POL003560,PN-00003560,CUST000172,AGT00180,PROD0049,issued,2024-07-10,2025-07-10,1435.5,1375.63
POL003561,PN-00003561,CUST004799,AGT00299,PROD0020,cancelled,2026-05-17,2027-05-17,8152.84,7872.9
POL003562,PN-00003562,CUST000995,AGT00434,PROD0008,expired,2025-09-12,2026-09-12,4543.27,4125.24
POL003563,PN-00003563,CUST001074,AGT00073,PROD0029,cancelled,2024-09-27,2025-09-27,718.21,652.27
POL003564,PN-00003564,CUST001375,AGT00428,PROD0011,lapsed,2025-12-08,2026-12-08,10291.57,9844.62
POL003565,PN-00003565,CUST001792,AGT00333,PROD0030,quoted,2023-03-03,2024-03-02,8525.95,8307.08
POL003566,PN-00003566,CUST002832,AGT00232,PROD0044,issued,2024-07-19,2025-07-19,3589.57,3430.4
POL003567,PN-00003567,CUST000956,AGT00019,PROD0002,active,2024-09-29,2025-09-29,9795.95,9066.37
POL003568,PN-00003568,CUST000300,AGT00428,PROD0049,active,2023-09-04,2024-09-03,13367.57,12755.43
POL003569,PN-00003569,CUST002940,AGT00133,PROD0043,renewed,2026-09-02,2027-09-02,8672.29,8586.52
POL003570,PN-00003570,CUST003280,AGT00397,PROD0015,quoted,2023-07-25,2024-07-24,9889.38,9406.77
POL003571,PN-00003571,CUST000065,AGT00284,PROD0028,quoted,2025-06-14,2026-06-14,6802.68,6305.1
POL003572,PN-00003572,CUST001060,AGT00378,PROD0038,renewed,2025-01-05,2026-01-05,12434.63,11935.72
POL003573,PN-00003573,CUST001745,AGT00165,PROD0018,expired,2023-04-05,2024-04-04,12504.3,11592.56
POL003574,PN-00003574,CUST004328,AGT00082,PROD0015,lapsed,2025-01-07,2026-01-07,8656.8,8033.43
POL003575,PN-00003575,CUST004365,AGT00258,PROD0032,issued,2025-03-26,2026-03-26,14235.56,13577.48
POL003576,PN-00003576,CUST003430,AGT00145,PROD0049,active,2025-11-27,2026-11-27,10501.25,9530.79
POL003577,PN-00003577,CUST001440,AGT00042,PROD0010,expired,2024-05-02,2025-05-02,4441.24,4012.63
POL003578,PN-00003578,CUST004934,AGT00459,PROD0042,quoted,2024-02-23,2025-02-22,11430.91,11094.9
POL003579,PN-00003579,CUST001198,AGT00238,PROD0010,expired,2024-04-07,2025-04-07,5210.96,4830.75
POL003580,PN-00003580,CUST001719,AGT00196,PROD0006,lapsed,2023-08-16,2024-08-15,3912.99,3832.91
POL003581,PN-00003581,CUST004373,AGT00243,PROD0004,expired,2024-10-18,2025-10-18,7198.58,6595.12
POL003582,PN-00003582,CUST004153,AGT00144,PROD0032,lapsed,2025-02-04,2026-02-04,13769.1,13070.85
POL003583,PN-00003583,CUST000367,AGT00379,PROD0004,expired,2026-03-10,2027-03-10,6630.29,6045.41
POL003584,PN-00003584,CUST003075,AGT00294,PROD0040,lapsed,2024-07-26,2025-07-26,7862.56,7760.49
POL003585,PN-00003585,CUST002888,AGT00208,PROD0047,expired,2023-04-01,2024-03-31,2099.02,1994.71
POL003586,PN-00003586,CUST004538,AGT00471,PROD0049,renewed,2025-04-27,2026-04-27,6981.44,6651.02
POL003587,PN-00003587,CUST002728,AGT00119,PROD0047,renewed,2023-10-08,2024-10-07,4811.61,4699.12
POL003588,PN-00003588,CUST001765,AGT00314,PROD0014,expired,2023-03-26,2024-03-25,3636.24,3611.57
POL003589,PN-00003589,CUST004675,AGT00289,PROD0014,quoted,2023-09-15,2024-09-14,5857.67,5417.11
POL003590,PN-00003590,CUST004439,AGT00474,PROD0045,cancelled,2025-03-24,2026-03-24,14769.73,14358.23
POL003591,PN-00003591,CUST002338,AGT00068,PROD0048,lapsed,2024-01-23,2025-01-22,13015.79,11974.13
POL003592,PN-00003592,CUST004297,AGT00005,PROD0044,renewed,2024-03-23,2025-03-23,6946.08,6302.02
POL003593,PN-00003593,CUST003550,AGT00165,PROD0035,active,2026-01-20,2027-01-20,613.75,611.05
POL003594,PN-00003594,CUST000953,AGT00354,PROD0010,expired,2023-03-22,2024-03-21,3994.67,3730.16
POL003595,PN-00003595,CUST002676,AGT00194,PROD0021,expired,2025-06-08,2026-06-08,6030.53,5879.29
POL003596,PN-00003596,CUST001719,AGT00201,PROD0013,issued,2026-02-04,2027-02-04,10109.49,9309.68
POL003597,PN-00003597,CUST001172,AGT00408,PROD0043,active,2023-10-15,2024-10-14,13302.78,13117.92
POL003598,PN-00003598,CUST002328,AGT00496,PROD0049,active,2024-01-10,2025-01-09,1723.53,1635.99
POL003599,PN-00003599,CUST004676,AGT00282,PROD0012,lapsed,2023-03-04,2024-03-03,4742.94,4480.17
POL003600,PN-00003600,CUST001761,AGT00256,PROD0047,issued,2023-04-05,2024-04-04,13757.1,12621.36
POL003601,PN-00003601,CUST001646,AGT00172,PROD0050,active,2025-07-05,2026-07-05,12552.66,12226.49
POL003602,PN-00003602,CUST003860,AGT00363,PROD0048,issued,2024-12-11,2025-12-11,9076.73,8331.28
POL003603,PN-00003603,CUST001064,AGT00302,PROD0044,active,2026-06-25,2027-06-25,2207.85,2183.12
POL003604,PN-00003604,CUST000557,AGT00120,PROD0014,active,2025-06-28,2026-06-28,512.96,478.14
POL003605,PN-00003605,CUST003886,AGT00452,PROD0018,cancelled,2023-01-15,2024-01-15,10032.3,9078.59
POL003606,PN-00003606,CUST003871,AGT00362,PROD0019,issued,2026-05-17,2027-05-17,9686.11,9668.64
POL003607,PN-00003607,CUST004948,AGT00080,PROD0035,expired,2023-10-03,2024-10-02,3185.63,3051.78
POL003608,PN-00003608,CUST002558,AGT00320,PROD0016,expired,2026-01-23,2027-01-23,12650.54,12095.14
POL003609,PN-00003609,CUST000718,AGT00123,PROD0036,active,2023-01-29,2024-01-29,10409.31,10346.5
POL003610,PN-00003610,CUST004605,AGT00102,PROD0016,active,2025-06-07,2026-06-07,11318.47,11255.43
POL003611,PN-00003611,CUST003315,AGT00036,PROD0020,expired,2023-05-08,2024-05-07,4472.69,4059.66
POL003612,PN-00003612,CUST002364,AGT00454,PROD0024,cancelled,2025-05-11,2026-05-11,1582.32,1508.89
POL003613,PN-00003613,CUST004138,AGT00057,PROD0042,active,2023-06-03,2024-06-02,471.79,455.82
POL003614,PN-00003614,CUST001239,AGT00409,PROD0038,active,2024-01-13,2025-01-12,2712.73,2458.68
POL003615,PN-00003615,CUST004018,AGT00381,PROD0033,cancelled,2026-04-01,2027-04-01,10766.67,10458.56
POL003616,PN-00003616,CUST004282,AGT00298,PROD0014,quoted,2026-08-12,2027-08-12,9848.23,8926.68
POL003617,PN-00003617,CUST000318,AGT00349,PROD0036,issued,2026-05-12,2027-05-12,11963.3,11865.86
POL003618,PN-00003618,CUST003939,AGT00082,PROD0015,active,2023-10-30,2024-10-29,10991.71,10611.29
POL003619,PN-00003619,CUST004078,AGT00154,PROD0048,quoted,2025-06-19,2026-06-19,7926.84,7206.01
POL003620,PN-00003620,CUST002532,AGT00137,PROD0008,lapsed,2023-01-13,2024-01-13,7781.62,7161.78
POL003621,PN-00003621,CUST002208,AGT00129,PROD0010,active,2024-11-25,2025-11-25,3947.86,3607.82
POL003622,PN-00003622,CUST004900,AGT00389,PROD0020,lapsed,2023-07-08,2024-07-07,12168.46,11355.06
POL003623,PN-00003623,CUST002154,AGT00244,PROD0048,active,2025-10-19,2026-10-19,936.92,897.92
POL003624,PN-00003624,CUST004153,AGT00344,PROD0041,issued,2024-01-24,2025-01-23,1499.43,1405.59
POL003625,PN-00003625,CUST000562,AGT00306,PROD0006,active,2023-01-22,2024-01-22,4594.72,4474.77
POL003626,PN-00003626,CUST003643,AGT00394,PROD0037,active,2023-12-25,2024-12-24,13951.92,13909.2
POL003627,PN-00003627,CUST000744,AGT00015,PROD0043,active,2023-11-09,2024-11-08,14751.41,13489.19
POL003628,PN-00003628,CUST000378,AGT00165,PROD0039,quoted,2025-03-09,2026-03-09,3289.24,3261.93
POL003629,PN-00003629,CUST001292,AGT00217,PROD0036,issued,2024-08-23,2025-08-23,4439.72,4415.7
POL003630,PN-00003630,CUST003839,AGT00407,PROD0030,lapsed,2025-06-03,2026-06-03,12558.7,12070.14
POL003631,PN-00003631,CUST000717,AGT00354,PROD0031,renewed,2025-05-25,2026-05-25,9616.03,9329.39
POL003632,PN-00003632,CUST004613,AGT00491,PROD0027,quoted,2023-09-14,2024-09-13,10941.01,10176.66
POL003633,PN-00003633,CUST004807,AGT00253,PROD0024,quoted,2026-01-23,2027-01-23,9537.4,9488.96
POL003634,PN-00003634,CUST002529,AGT00033,PROD0004,active,2023-03-01,2024-02-29,8048.48,7520.57
POL003635,PN-00003635,CUST004853,AGT00326,PROD0012,cancelled,2024-03-09,2025-03-09,995.82,905.87
POL003636,PN-00003636,CUST003922,AGT00212,PROD0036,cancelled,2023-11-26,2024-11-25,12721.02,12588.84
POL003637,PN-00003637,CUST002622,AGT00455,PROD0010,quoted,2025-10-31,2026-10-31,7852.94,7311.08
POL003638,PN-00003638,CUST003413,AGT00483,PROD0002,quoted,2025-01-16,2026-01-16,4332.23,4060.77
POL003639,PN-00003639,CUST000353,AGT00260,PROD0020,cancelled,2026-08-10,2027-08-10,9760.39,9426.76
POL003640,PN-00003640,CUST000714,AGT00244,PROD0048,active,2023-01-30,2024-01-30,13741.21,13476.41
POL003641,PN-00003641,CUST002317,AGT00246,PROD0014,renewed,2023-02-14,2024-02-14,13378.71,12788.58
POL003642,PN-00003642,CUST003615,AGT00170,PROD0009,active,2025-03-02,2026-03-02,3597.96,3551.82
POL003643,PN-00003643,CUST004278,AGT00447,PROD0017,active,2024-08-28,2025-08-28,2000.2,1935.94
POL003644,PN-00003644,CUST002635,AGT00283,PROD0042,issued,2023-04-22,2024-04-21,12966.99,11747.59
POL003645,PN-00003645,CUST003935,AGT00384,PROD0031,active,2023-01-31,2024-01-31,713.01,700.56
POL003646,PN-00003646,CUST002603,AGT00278,PROD0009,quoted,2024-02-11,2025-02-10,5160.4,4869.68
POL003647,PN-00003647,CUST003838,AGT00159,PROD0043,cancelled,2023-06-19,2024-06-18,11201.99,10612.05
POL003648,PN-00003648,CUST000437,AGT00458,PROD0033,lapsed,2025-12-23,2026-12-23,3264.69,3263.15
POL003649,PN-00003649,CUST000293,AGT00136,PROD0007,active,2025-02-18,2026-02-18,1768.82,1652.38
POL003650,PN-00003650,CUST002291,AGT00113,PROD0046,issued,2024-09-15,2025-09-15,8898.03,8644.59
POL003651,PN-00003651,CUST004121,AGT00294,PROD0010,cancelled,2024-09-21,2025-09-21,12422.77,11742.76
POL003652,PN-00003652,CUST002346,AGT00334,PROD0027,active,2026-07-06,2027-07-06,4637.89,4264.94
POL003653,PN-00003653,CUST001889,AGT00029,PROD0018,quoted,2023-02-02,2024-02-02,3489.75,3373.32
POL003654,PN-00003654,CUST002777,AGT00281,PROD0050,cancelled,2023-06-16,2024-06-15,7662.97,7404.45
POL003655,PN-00003655,CUST002866,AGT00121,PROD0022,expired,2023-01-07,2024-01-07,12863.09,11738.12
POL003656,PN-00003656,CUST001246,AGT00185,PROD0035,active,2023-03-10,2024-03-09,11085.64,10655.8
POL003657,PN-00003657,CUST004665,AGT00336,PROD0050,renewed,2024-05-30,2025-05-30,11672.28,11596.15
POL003658,PN-00003658,CUST001952,AGT00110,PROD0005,active,2023-12-27,2024-12-26,12270.71,11899.13
POL003659,PN-00003659,CUST003122,AGT00380,PROD0023,lapsed,2024-11-19,2025-11-19,6223.78,5813.64
POL003660,PN-00003660,CUST000486,AGT00439,PROD0011,lapsed,2023-10-08,2024-10-07,443.39,399.85
POL003661,PN-00003661,CUST001557,AGT00279,PROD0046,active,2024-08-31,2025-08-31,11405.25,10777.86
POL003662,PN-00003662,CUST003028,AGT00034,PROD0014,active,2024-01-13,2025-01-12,14347.35,13481.06
POL003663,PN-00003663,CUST000623,AGT00280,PROD0013,issued,2025-01-27,2026-01-27,13213.23,12228.86
POL003664,PN-00003664,CUST000929,AGT00323,PROD0011,active,2023-04-02,2024-04-01,1980.77,1790.74
POL003665,PN-00003665,CUST003715,AGT00302,PROD0033,quoted,2024-04-07,2025-04-07,4335.79,4097.2
POL003666,PN-00003666,CUST003644,AGT00404,PROD0005,quoted,2026-08-28,2027-08-28,6491.04,5906.84
POL003667,PN-00003667,CUST000256,AGT00288,PROD0047,renewed,2024-03-27,2025-03-27,11698.84,11470.88
POL003668,PN-00003668,CUST002532,AGT00427,PROD0039,active,2026-03-02,2027-03-02,6627.09,6027.56
POL003669,PN-00003669,CUST002945,AGT00114,PROD0042,renewed,2024-05-08,2025-05-08,12791.87,12617.53
POL003670,PN-00003670,CUST002626,AGT00104,PROD0007,active,2025-10-09,2026-10-09,14736.28,14466.92
POL003671,PN-00003671,CUST004476,AGT00193,PROD0007,active,2024-01-14,2025-01-13,14049.17,13003.03
POL003672,PN-00003672,CUST000189,AGT00460,PROD0042,cancelled,2023-04-07,2024-04-06,783.72,750.32
POL003673,PN-00003673,CUST004047,AGT00430,PROD0046,issued,2024-11-15,2025-11-15,12891.61,12289.63
POL003674,PN-00003674,CUST002816,AGT00020,PROD0041,lapsed,2023-04-03,2024-04-02,3020.11,2860.93
POL003675,PN-00003675,CUST002191,AGT00007,PROD0043,cancelled,2025-12-22,2026-12-22,8992.07,8974.88
POL003676,PN-00003676,CUST004000,AGT00361,PROD0034,active,2024-06-18,2025-06-18,13085.5,12230.25
POL003677,PN-00003677,CUST004598,AGT00480,PROD0044,active,2023-03-19,2024-03-18,10701.32,10492.19
POL003678,PN-00003678,CUST002547,AGT00093,PROD0008,active,2026-07-26,2027-07-26,4733.18,4672.43
POL003679,PN-00003679,CUST004183,AGT00153,PROD0005,active,2025-03-04,2026-03-04,10912.65,10776.6
POL003680,PN-00003680,CUST004024,AGT00240,PROD0042,renewed,2026-04-26,2027-04-26,13970.54,13471.21
POL003681,PN-00003681,CUST003409,AGT00314,PROD0048,active,2024-02-12,2025-02-11,9379.61,8447.02
POL003682,PN-00003682,CUST003021,AGT00425,PROD0006,renewed,2025-01-21,2026-01-21,11189.8,10077.06
POL003683,PN-00003683,CUST002057,AGT00417,PROD0023,active,2024-01-22,2025-01-21,11130.78,10030.07
POL003684,PN-00003684,CUST001796,AGT00129,PROD0040,cancelled,2024-07-11,2025-07-11,8462.25,8381.17
POL003685,PN-00003685,CUST004607,AGT00470,PROD0033,lapsed,2023-10-20,2024-10-19,10452.34,9898.83
POL003686,PN-00003686,CUST002385,AGT00113,PROD0016,active,2025-10-05,2026-10-05,13625.95,12415.14
POL003687,PN-00003687,CUST002156,AGT00323,PROD0001,active,2023-10-20,2024-10-19,9257.19,9238.97
POL003688,PN-00003688,CUST000415,AGT00280,PROD0007,issued,2023-01-16,2024-01-16,3564.6,3233.17
POL003689,PN-00003689,CUST002455,AGT00007,PROD0032,renewed,2024-12-06,2025-12-06,5793.5,5525.6
POL003690,PN-00003690,CUST003580,AGT00087,PROD0005,active,2025-05-02,2026-05-02,13622.34,12949.33
POL003691,PN-00003691,CUST002359,AGT00120,PROD0004,active,2024-11-14,2025-11-14,3435.14,3411.53
POL003692,PN-00003692,CUST003923,AGT00498,PROD0022,lapsed,2024-12-27,2025-12-27,609.49,557.55
POL003693,PN-00003693,CUST001878,AGT00284,PROD0010,lapsed,2025-12-17,2026-12-17,9637.61,8767.79
POL003694,PN-00003694,CUST003229,AGT00042,PROD0015,cancelled,2025-07-25,2026-07-25,9898.26,9585.61
POL003695,PN-00003695,CUST004386,AGT00439,PROD0050,active,2023-03-01,2024-02-29,7511.56,7443.59
POL003696,PN-00003696,CUST001000,AGT00158,PROD0025,active,2024-04-02,2025-04-02,5425.77,4960.51
POL003697,PN-00003697,CUST002503,AGT00223,PROD0034,lapsed,2025-04-28,2026-04-28,3456.2,3264.0
POL003698,PN-00003698,CUST000431,AGT00108,PROD0011,active,2024-02-13,2025-02-12,8021.52,7822.66
POL003699,PN-00003699,CUST003945,AGT00032,PROD0020,active,2026-06-02,2027-06-02,4145.31,3928.47
POL003700,PN-00003700,CUST002397,AGT00015,PROD0011,lapsed,2025-02-16,2026-02-16,5482.75,5111.96
POL003701,PN-00003701,CUST001480,AGT00135,PROD0024,active,2026-02-20,2027-02-20,13926.02,12861.56
POL003702,PN-00003702,CUST002031,AGT00062,PROD0002,cancelled,2025-11-05,2026-11-05,1761.55,1699.49
POL003703,PN-00003703,CUST004394,AGT00374,PROD0002,issued,2024-10-29,2025-10-29,11270.35,10428.63
POL003704,PN-00003704,CUST004229,AGT00268,PROD0046,renewed,2023-12-27,2024-12-26,7264.02,6999.44
POL003705,PN-00003705,CUST002184,AGT00463,PROD0038,active,2023-04-05,2024-04-04,8918.48,8612.29
POL003706,PN-00003706,CUST004075,AGT00047,PROD0035,issued,2026-08-06,2027-08-06,11722.51,11396.61
POL003707,PN-00003707,CUST001182,AGT00152,PROD0049,issued,2023-03-20,2024-03-19,6274.64,6100.37
POL003708,PN-00003708,CUST003352,AGT00049,PROD0015,renewed,2024-03-19,2025-03-19,5461.12,5018.3
POL003709,PN-00003709,CUST002026,AGT00242,PROD0004,cancelled,2023-12-12,2024-12-11,12977.9,12098.1
POL003710,PN-00003710,CUST003201,AGT00098,PROD0019,active,2026-07-14,2027-07-14,8376.17,7634.53
POL003711,PN-00003711,CUST002896,AGT00238,PROD0030,quoted,2023-08-15,2024-08-14,14919.93,14542.7
POL003712,PN-00003712,CUST002063,AGT00290,PROD0009,active,2023-10-22,2024-10-21,11347.37,10915.07
POL003713,PN-00003713,CUST003513,AGT00213,PROD0024,cancelled,2023-10-07,2024-10-06,8127.02,7885.44
POL003714,PN-00003714,CUST002122,AGT00055,PROD0038,active,2023-01-01,2024-01-01,7833.74,7651.62
POL003715,PN-00003715,CUST003669,AGT00143,PROD0021,cancelled,2026-09-08,2027-09-08,6953.51,6544.29
POL003716,PN-00003716,CUST004764,AGT00334,PROD0049,cancelled,2026-05-22,2027-05-22,2507.37,2261.1
POL003717,PN-00003717,CUST003518,AGT00446,PROD0013,active,2024-04-09,2025-04-09,7283.25,6857.53
POL003718,PN-00003718,CUST001649,AGT00192,PROD0049,active,2024-04-17,2025-04-17,7583.17,6899.24
POL003719,PN-00003719,CUST003229,AGT00125,PROD0004,quoted,2025-10-19,2026-10-19,1182.67,1136.28
POL003720,PN-00003720,CUST002693,AGT00272,PROD0014,lapsed,2023-02-12,2024-02-12,4082.63,4051.32
POL003721,PN-00003721,CUST003216,AGT00112,PROD0010,active,2024-05-05,2025-05-05,1273.73,1197.76
POL003722,PN-00003722,CUST002620,AGT00483,PROD0032,active,2024-07-30,2025-07-30,7312.79,7022.61
POL003723,PN-00003723,CUST003243,AGT00202,PROD0032,active,2024-04-11,2025-04-11,5088.34,4630.07
POL003724,PN-00003724,CUST000132,AGT00267,PROD0016,lapsed,2024-09-02,2025-09-02,978.83,938.91
POL003725,PN-00003725,CUST002289,AGT00400,PROD0001,active,2026-06-18,2027-06-18,3414.08,3163.66
POL003726,PN-00003726,CUST003205,AGT00144,PROD0031,cancelled,2026-05-12,2027-05-12,14074.0,12974.8
POL003727,PN-00003727,CUST002753,AGT00445,PROD0025,cancelled,2023-12-02,2024-12-01,12064.56,11209.25
POL003728,PN-00003728,CUST003415,AGT00069,PROD0027,lapsed,2025-07-19,2026-07-19,12724.84,12137.7
POL003729,PN-00003729,CUST001295,AGT00477,PROD0027,active,2025-09-05,2026-09-05,1204.23,1135.73
POL003730,PN-00003730,CUST004778,AGT00048,PROD0027,active,2025-03-04,2026-03-04,6757.32,6616.77
POL003731,PN-00003731,CUST000986,AGT00360,PROD0048,renewed,2026-08-09,2027-08-09,7026.59,7018.15
POL003732,PN-00003732,CUST004831,AGT00142,PROD0005,renewed,2024-09-03,2025-09-03,4200.5,4090.04
POL003733,PN-00003733,CUST000198,AGT00394,PROD0018,active,2024-11-30,2025-11-30,3615.95,3606.65
POL003734,PN-00003734,CUST003625,AGT00375,PROD0025,renewed,2026-04-20,2027-04-20,11835.76,11360.21
POL003735,PN-00003735,CUST003566,AGT00071,PROD0030,active,2025-03-27,2026-03-27,2510.42,2320.8
POL003736,PN-00003736,CUST003354,AGT00338,PROD0004,quoted,2025-04-01,2026-04-01,3545.53,3541.09
POL003737,PN-00003737,CUST004830,AGT00272,PROD0012,lapsed,2024-03-01,2025-03-01,10717.38,10269.17
POL003738,PN-00003738,CUST000625,AGT00243,PROD0033,cancelled,2025-10-01,2026-10-01,11395.25,11239.99
POL003739,PN-00003739,CUST001811,AGT00319,PROD0012,renewed,2023-06-02,2024-06-01,1894.14,1809.68
POL003740,PN-00003740,CUST000848,AGT00380,PROD0025,lapsed,2023-10-18,2024-10-17,5931.43,5621.42
POL003741,PN-00003741,CUST001802,AGT00169,PROD0048,cancelled,2023-08-28,2024-08-27,13951.53,13735.07
POL003742,PN-00003742,CUST003787,AGT00109,PROD0020,expired,2024-09-06,2025-09-06,11777.31,11215.91
POL003743,PN-00003743,CUST000017,AGT00019,PROD0040,active,2024-08-25,2025-08-25,6890.73,6516.31
POL003744,PN-00003744,CUST004853,AGT00084,PROD0038,expired,2024-04-24,2025-04-24,12838.42,12550.39
POL003745,PN-00003745,CUST000813,AGT00199,PROD0027,quoted,2023-11-12,2024-11-11,13643.48,13022.19
POL003746,PN-00003746,CUST004698,AGT00455,PROD0009,expired,2026-03-12,2027-03-12,6087.14,5619.85
POL003747,PN-00003747,CUST003497,AGT00375,PROD0048,expired,2025-09-30,2026-09-30,6958.14,6422.83
POL003748,PN-00003748,CUST003074,AGT00198,PROD0015,active,2025-02-01,2026-02-01,2182.86,2052.55
POL003749,PN-00003749,CUST000152,AGT00405,PROD0029,active,2025-01-09,2026-01-09,5706.45,5140.97
POL003750,PN-00003750,CUST004579,AGT00142,PROD0008,active,2024-02-05,2025-02-04,14315.84,14002.08
POL003751,PN-00003751,CUST004700,AGT00027,PROD0007,active,2023-05-16,2024-05-15,7053.8,6908.38
POL003752,PN-00003752,CUST001074,AGT00003,PROD0042,renewed,2025-08-18,2026-08-18,9079.48,8610.4
POL003753,PN-00003753,CUST004758,AGT00337,PROD0033,issued,2026-01-04,2027-01-04,10303.67,10217.9
POL003754,PN-00003754,CUST001427,AGT00192,PROD0027,active,2023-05-21,2024-05-20,6388.86,5775.62
POL003755,PN-00003755,CUST001402,AGT00283,PROD0042,lapsed,2023-01-08,2024-01-08,2227.23,2010.33
POL003756,PN-00003756,CUST001400,AGT00464,PROD0012,expired,2024-09-08,2025-09-08,4624.49,4362.34
POL003757,PN-00003757,CUST003386,AGT00167,PROD0006,cancelled,2025-08-26,2026-08-26,10574.09,10110.44
POL003758,PN-00003758,CUST003261,AGT00210,PROD0012,renewed,2025-04-06,2026-04-06,5516.52,5414.11
POL003759,PN-00003759,CUST002448,AGT00465,PROD0014,active,2026-01-20,2027-01-20,12243.17,11260.2
POL003760,PN-00003760,CUST004677,AGT00090,PROD0013,issued,2025-12-05,2026-12-05,4196.48,3855.41
POL003761,PN-00003761,CUST003239,AGT00456,PROD0039,active,2023-06-09,2024-06-08,6991.2,6694.78
POL003762,PN-00003762,CUST002993,AGT00230,PROD0029,active,2024-08-30,2025-08-30,2761.99,2717.29
POL003763,PN-00003763,CUST004653,AGT00284,PROD0017,renewed,2023-04-24,2024-04-23,10282.58,9280.88
POL003764,PN-00003764,CUST002638,AGT00154,PROD0030,active,2023-11-13,2024-11-12,1006.74,949.69
POL003765,PN-00003765,CUST003182,AGT00353,PROD0021,expired,2023-10-18,2024-10-17,8931.75,8448.82
POL003766,PN-00003766,CUST004867,AGT00422,PROD0017,issued,2025-08-23,2026-08-23,1928.38,1870.85
POL003767,PN-00003767,CUST003357,AGT00277,PROD0003,issued,2025-09-30,2026-09-30,3714.85,3613.12
POL003768,PN-00003768,CUST000377,AGT00015,PROD0006,renewed,2025-07-06,2026-07-06,8665.41,8146.98
POL003769,PN-00003769,CUST000381,AGT00027,PROD0012,active,2023-11-24,2024-11-23,501.77,486.16
POL003770,PN-00003770,CUST003524,AGT00158,PROD0050,active,2023-09-25,2024-09-24,3492.51,3190.93
POL003771,PN-00003771,CUST002816,AGT00164,PROD0012,active,2023-10-16,2024-10-15,735.19,669.13
POL003772,PN-00003772,CUST002130,AGT00498,PROD0022,active,2026-09-02,2027-09-02,10649.25,10258.82
POL003773,PN-00003773,CUST000890,AGT00076,PROD0048,active,2023-02-17,2024-02-17,2789.51,2789.48
POL003774,PN-00003774,CUST000216,AGT00296,PROD0017,active,2023-08-05,2024-08-04,1471.9,1408.49
POL003775,PN-00003775,CUST003300,AGT00171,PROD0017,cancelled,2024-12-13,2025-12-13,2641.37,2403.0
POL003776,PN-00003776,CUST003191,AGT00164,PROD0027,expired,2026-06-10,2027-06-10,8539.32,7944.29
POL003777,PN-00003777,CUST004932,AGT00482,PROD0021,active,2023-02-23,2024-02-23,12479.4,11740.13
POL003778,PN-00003778,CUST004189,AGT00475,PROD0040,renewed,2025-09-14,2026-09-14,5749.85,5262.61
POL003779,PN-00003779,CUST001570,AGT00365,PROD0007,quoted,2024-08-10,2025-08-10,10478.97,9855.83
POL003780,PN-00003780,CUST002453,AGT00122,PROD0012,cancelled,2025-11-10,2026-11-10,7655.92,7610.87
POL003781,PN-00003781,CUST004731,AGT00319,PROD0019,quoted,2025-07-16,2026-07-16,874.65,823.44
POL003782,PN-00003782,CUST004713,AGT00374,PROD0048,active,2026-01-25,2027-01-25,1970.76,1817.64
POL003783,PN-00003783,CUST003870,AGT00037,PROD0004,quoted,2024-06-12,2025-06-12,4758.52,4518.19
POL003784,PN-00003784,CUST000857,AGT00115,PROD0043,lapsed,2025-05-14,2026-05-14,4032.41,4014.8
POL003785,PN-00003785,CUST000443,AGT00449,PROD0025,renewed,2025-12-26,2026-12-26,13520.94,12864.83
POL003786,PN-00003786,CUST004415,AGT00476,PROD0002,active,2024-01-23,2025-01-22,9102.27,8778.64
POL003787,PN-00003787,CUST003774,AGT00408,PROD0031,cancelled,2026-06-19,2027-06-19,11879.89,10918.93
POL003788,PN-00003788,CUST004435,AGT00381,PROD0032,lapsed,2024-11-12,2025-11-12,1415.04,1371.8
POL003789,PN-00003789,CUST002793,AGT00109,PROD0047,renewed,2024-05-30,2025-05-30,14424.07,13906.8
POL003790,PN-00003790,CUST000441,AGT00118,PROD0037,renewed,2025-08-05,2026-08-05,11059.8,10178.41
POL003791,PN-00003791,CUST004210,AGT00002,PROD0002,active,2024-06-01,2025-06-01,13600.05,13148.12
POL003792,PN-00003792,CUST001587,AGT00085,PROD0042,active,2025-05-05,2026-05-05,11013.82,10612.55
POL003793,PN-00003793,CUST001010,AGT00402,PROD0001,active,2024-06-24,2025-06-24,11554.94,11340.09
POL003794,PN-00003794,CUST000115,AGT00018,PROD0045,cancelled,2026-02-03,2027-02-03,14688.49,14022.21
POL003795,PN-00003795,CUST001426,AGT00357,PROD0045,active,2024-01-25,2025-01-24,14099.26,13481.45
POL003796,PN-00003796,CUST004292,AGT00035,PROD0040,active,2024-04-14,2025-04-14,4686.01,4637.86
POL003797,PN-00003797,CUST000522,AGT00461,PROD0019,expired,2025-06-15,2026-06-15,9778.0,9258.51
POL003798,PN-00003798,CUST003985,AGT00113,PROD0011,active,2024-10-10,2025-10-10,1543.43,1405.91
POL003799,PN-00003799,CUST003439,AGT00036,PROD0030,active,2024-01-24,2025-01-23,13008.76,12071.9
POL003800,PN-00003800,CUST001226,AGT00060,PROD0047,active,2026-04-05,2027-04-05,7035.33,6509.57
POL003801,PN-00003801,CUST003881,AGT00415,PROD0045,renewed,2025-03-27,2026-03-27,14863.06,13783.82
POL003802,PN-00003802,CUST001872,AGT00168,PROD0041,quoted,2024-02-23,2025-02-22,10704.37,10457.05
POL003803,PN-00003803,CUST003143,AGT00267,PROD0018,active,2023-09-11,2024-09-10,12880.88,12223.15
POL003804,PN-00003804,CUST002221,AGT00029,PROD0026,renewed,2026-03-03,2027-03-03,12596.28,12356.96
POL003805,PN-00003805,CUST002153,AGT00060,PROD0015,quoted,2024-01-08,2025-01-07,5943.12,5891.25
POL003806,PN-00003806,CUST000843,AGT00412,PROD0021,lapsed,2023-04-23,2024-04-22,13689.59,13617.01
POL003807,PN-00003807,CUST004741,AGT00068,PROD0009,quoted,2026-06-10,2027-06-10,7714.47,7398.53
POL003808,PN-00003808,CUST001185,AGT00039,PROD0049,renewed,2024-04-04,2025-04-04,3341.11,3017.2
POL003809,PN-00003809,CUST002638,AGT00404,PROD0045,lapsed,2023-03-27,2024-03-26,3483.7,3278.04
POL003810,PN-00003810,CUST000132,AGT00255,PROD0011,quoted,2026-06-22,2027-06-22,4691.3,4414.59
POL003811,PN-00003811,CUST004128,AGT00235,PROD0013,active,2024-07-15,2025-07-15,5224.18,5001.36
POL003812,PN-00003812,CUST000958,AGT00315,PROD0029,cancelled,2023-10-26,2024-10-25,8193.46,7647.08
POL003813,PN-00003813,CUST003143,AGT00256,PROD0040,quoted,2024-05-10,2025-05-10,2056.12,1983.2
POL003814,PN-00003814,CUST001266,AGT00243,PROD0033,active,2025-05-20,2026-05-20,3184.26,3036.13
POL003815,PN-00003815,CUST003614,AGT00418,PROD0027,issued,2025-01-10,2026-01-10,10867.4,9925.52
POL003816,PN-00003816,CUST000454,AGT00479,PROD0027,cancelled,2026-05-26,2027-05-26,12640.72,12552.12
POL003817,PN-00003817,CUST001294,AGT00453,PROD0008,cancelled,2023-08-04,2024-08-03,823.48,758.59
POL003818,PN-00003818,CUST003259,AGT00439,PROD0008,expired,2024-11-15,2025-11-15,5920.42,5607.79
POL003819,PN-00003819,CUST004535,AGT00351,PROD0022,issued,2026-06-10,2027-06-10,6821.41,6283.17
POL003820,PN-00003820,CUST000596,AGT00059,PROD0009,lapsed,2026-05-29,2027-05-29,2466.88,2389.09
POL003821,PN-00003821,CUST004258,AGT00035,PROD0001,active,2024-07-07,2025-07-07,2777.7,2652.97
POL003822,PN-00003822,CUST002659,AGT00321,PROD0012,expired,2024-06-03,2025-06-03,6929.2,6457.69
POL003823,PN-00003823,CUST002931,AGT00149,PROD0023,cancelled,2023-03-30,2024-03-29,12148.9,11326.54
POL003824,PN-00003824,CUST004430,AGT00266,PROD0022,quoted,2026-05-15,2027-05-15,7859.72,7377.91
POL003825,PN-00003825,CUST000413,AGT00157,PROD0016,renewed,2026-04-01,2027-04-01,11828.42,11254.79
POL003826,PN-00003826,CUST004423,AGT00492,PROD0039,lapsed,2026-03-30,2027-03-30,8796.5,8678.9
POL003827,PN-00003827,CUST002495,AGT00393,PROD0018,active,2023-01-03,2024-01-03,6115.42,5986.01
POL003828,PN-00003828,CUST004750,AGT00388,PROD0003,active,2026-03-15,2027-03-15,9645.32,8727.54
POL003829,PN-00003829,CUST001088,AGT00054,PROD0037,quoted,2025-12-14,2026-12-14,8735.36,8025.46
POL003830,PN-00003830,CUST000008,AGT00408,PROD0050,active,2025-10-14,2026-10-14,7134.7,6457.67
POL003831,PN-00003831,CUST004121,AGT00451,PROD0006,active,2024-11-06,2025-11-06,3678.5,3667.36
POL003832,PN-00003832,CUST001806,AGT00106,PROD0013,renewed,2025-03-04,2026-03-04,12023.66,11360.94
POL003833,PN-00003833,CUST002832,AGT00073,PROD0037,cancelled,2025-10-07,2026-10-07,8800.58,8126.52
POL003834,PN-00003834,CUST002520,AGT00052,PROD0046,renewed,2023-10-23,2024-10-22,14068.27,13488.57
POL003835,PN-00003835,CUST000852,AGT00404,PROD0015,active,2023-10-21,2024-10-20,5794.31,5295.94
POL003836,PN-00003836,CUST002929,AGT00267,PROD0049,active,2026-02-22,2027-02-22,7786.23,7607.54
POL003837,PN-00003837,CUST000143,AGT00156,PROD0049,renewed,2023-06-11,2024-06-10,6509.82,6038.03
POL003838,PN-00003838,CUST001124,AGT00050,PROD0009,cancelled,2023-08-18,2024-08-17,1598.19,1486.49
POL003839,PN-00003839,CUST002225,AGT00159,PROD0042,quoted,2025-11-19,2026-11-19,11363.15,10392.42
POL003840,PN-00003840,CUST002447,AGT00388,PROD0027,issued,2023-05-30,2024-05-29,568.96,534.19
POL003841,PN-00003841,CUST004375,AGT00048,PROD0001,renewed,2025-10-10,2026-10-10,1803.65,1710.69
POL003842,PN-00003842,CUST004756,AGT00434,PROD0048,cancelled,2025-09-29,2026-09-29,3702.68,3680.49
POL003843,PN-00003843,CUST002487,AGT00325,PROD0026,renewed,2023-01-22,2024-01-22,6868.78,6300.0
POL003844,PN-00003844,CUST002521,AGT00021,PROD0016,active,2026-07-24,2027-07-24,2916.9,2627.85
POL003845,PN-00003845,CUST002486,AGT00474,PROD0002,renewed,2023-07-30,2024-07-29,2625.6,2508.96
POL003846,PN-00003846,CUST003480,AGT00493,PROD0046,active,2026-08-03,2027-08-03,13299.02,13166.06
POL003847,PN-00003847,CUST002543,AGT00103,PROD0026,cancelled,2023-05-23,2024-05-22,4326.25,4250.18
POL003848,PN-00003848,CUST000695,AGT00081,PROD0039,issued,2023-02-02,2024-02-02,3993.55,3958.5
POL003849,PN-00003849,CUST004333,AGT00223,PROD0035,renewed,2025-05-20,2026-05-20,6589.6,6158.14
POL003850,PN-00003850,CUST002405,AGT00205,PROD0040,active,2025-10-24,2026-10-24,11641.75,10923.22
POL003851,PN-00003851,CUST001690,AGT00391,PROD0010,lapsed,2023-03-13,2024-03-12,8658.54,8436.93
POL003852,PN-00003852,CUST003330,AGT00260,PROD0023,quoted,2024-01-26,2025-01-25,1555.26,1506.7
POL003853,PN-00003853,CUST003868,AGT00485,PROD0003,expired,2023-05-18,2024-05-17,11415.79,10403.24
POL003854,PN-00003854,CUST004221,AGT00241,PROD0004,renewed,2026-07-10,2027-07-10,10670.47,10347.63
POL003855,PN-00003855,CUST001872,AGT00456,PROD0040,expired,2023-09-23,2024-09-22,4218.1,3990.98
POL003856,PN-00003856,CUST001895,AGT00046,PROD0020,cancelled,2025-03-05,2026-03-05,4418.76,4317.85
POL003857,PN-00003857,CUST004163,AGT00415,PROD0034,active,2023-12-26,2024-12-25,3794.99,3655.48
POL003858,PN-00003858,CUST003367,AGT00428,PROD0037,active,2025-06-03,2026-06-03,12818.45,12785.75
POL003859,PN-00003859,CUST003669,AGT00348,PROD0032,active,2024-03-12,2025-03-12,14252.59,13528.67
POL003860,PN-00003860,CUST002095,AGT00443,PROD0038,issued,2023-12-04,2024-12-03,9185.45,8493.74
POL003861,PN-00003861,CUST001133,AGT00157,PROD0001,expired,2025-03-16,2026-03-16,1357.21,1314.48
POL003862,PN-00003862,CUST002365,AGT00207,PROD0002,active,2025-01-02,2026-01-02,6123.63,6069.41
POL003863,PN-00003863,CUST002067,AGT00473,PROD0024,expired,2023-02-25,2024-02-25,13882.37,13351.56
POL003864,PN-00003864,CUST004292,AGT00086,PROD0025,expired,2023-06-20,2024-06-19,13624.82,13266.13
POL003865,PN-00003865,CUST000777,AGT00103,PROD0018,lapsed,2024-03-31,2025-03-31,9540.9,9231.02
POL003866,PN-00003866,CUST000579,AGT00080,PROD0049,quoted,2024-11-25,2025-11-25,8537.6,7842.13
POL003867,PN-00003867,CUST003211,AGT00087,PROD0006,renewed,2026-05-12,2027-05-12,6803.93,6420.07
POL003868,PN-00003868,CUST002456,AGT00376,PROD0020,active,2023-04-30,2024-04-29,4670.59,4254.23
POL003869,PN-00003869,CUST001200,AGT00355,PROD0044,active,2025-05-02,2026-05-02,4931.99,4647.12
POL003870,PN-00003870,CUST003237,AGT00029,PROD0017,quoted,2025-04-07,2026-04-07,4664.36,4607.77
POL003871,PN-00003871,CUST000222,AGT00225,PROD0011,expired,2024-09-17,2025-09-17,7106.63,7030.71
POL003872,PN-00003872,CUST000084,AGT00493,PROD0023,active,2024-03-22,2025-03-22,1355.04,1303.1
POL003873,PN-00003873,CUST003938,AGT00388,PROD0034,renewed,2024-03-05,2025-03-05,7094.42,6651.9
POL003874,PN-00003874,CUST004942,AGT00401,PROD0015,renewed,2025-10-06,2026-10-06,7244.35,7179.87
POL003875,PN-00003875,CUST001520,AGT00157,PROD0050,active,2023-12-27,2024-12-26,13450.13,12754.33
POL003876,PN-00003876,CUST002556,AGT00401,PROD0045,lapsed,2023-05-28,2024-05-27,2889.6,2793.41
POL003877,PN-00003877,CUST003377,AGT00395,PROD0007,lapsed,2023-10-01,2024-09-30,11384.78,10410.95
POL003878,PN-00003878,CUST000866,AGT00082,PROD0018,lapsed,2026-04-09,2027-04-09,9304.34,8803.36
POL003879,PN-00003879,CUST004992,AGT00291,PROD0039,lapsed,2024-08-09,2025-08-09,9983.21,9058.02
POL003880,PN-00003880,CUST002553,AGT00355,PROD0003,issued,2025-04-13,2026-04-13,10690.32,9811.05
POL003881,PN-00003881,CUST003753,AGT00178,PROD0026,active,2023-07-04,2024-07-03,10933.34,10838.17
POL003882,PN-00003882,CUST004580,AGT00218,PROD0031,lapsed,2024-01-20,2025-01-19,2405.06,2389.85
POL003883,PN-00003883,CUST004124,AGT00493,PROD0018,expired,2025-12-02,2026-12-02,1354.34,1334.13
POL003884,PN-00003884,CUST002261,AGT00236,PROD0005,expired,2025-03-03,2026-03-03,5406.99,5199.18
POL003885,PN-00003885,CUST004387,AGT00379,PROD0027,active,2024-10-11,2025-10-11,1322.58,1193.71
POL003886,PN-00003886,CUST002154,AGT00057,PROD0023,renewed,2023-09-21,2024-09-20,7684.18,7300.87
POL003887,PN-00003887,CUST002453,AGT00238,PROD0050,expired,2025-09-17,2026-09-17,413.98,411.74
POL003888,PN-00003888,CUST003075,AGT00071,PROD0002,active,2023-11-06,2024-11-05,10052.09,9429.15
POL003889,PN-00003889,CUST004028,AGT00016,PROD0026,lapsed,2025-01-30,2026-01-30,11593.7,10517.99
POL003890,PN-00003890,CUST003869,AGT00277,PROD0038,active,2024-11-08,2025-11-08,14195.07,14105.97
POL003891,PN-00003891,CUST002686,AGT00151,PROD0015,issued,2025-01-18,2026-01-18,9851.61,9026.72
POL003892,PN-00003892,CUST000157,AGT00160,PROD0024,expired,2026-01-21,2027-01-21,12056.76,11115.2
POL003893,PN-00003893,CUST004517,AGT00182,PROD0039,quoted,2025-01-15,2026-01-15,2327.82,2174.08
POL003894,PN-00003894,CUST000321,AGT00030,PROD0018,quoted,2024-10-09,2025-10-09,11897.27,11579.23
POL003895,PN-00003895,CUST003124,AGT00392,PROD0027,lapsed,2023-01-26,2024-01-26,5788.96,5235.69
POL003896,PN-00003896,CUST002587,AGT00292,PROD0011,lapsed,2026-08-06,2027-08-06,4137.22,3758.76
POL003897,PN-00003897,CUST004314,AGT00321,PROD0033,cancelled,2024-05-19,2025-05-19,2697.2,2650.41
POL003898,PN-00003898,CUST000460,AGT00087,PROD0008,expired,2023-08-08,2024-08-07,6352.1,5972.48
POL003899,PN-00003899,CUST000355,AGT00083,PROD0035,active,2026-06-01,2027-06-01,10107.34,9626.9
POL003900,PN-00003900,CUST000768,AGT00132,PROD0040,cancelled,2025-11-02,2026-11-02,9207.7,9105.12
POL003901,PN-00003901,CUST004829,AGT00339,PROD0007,cancelled,2025-09-14,2026-09-14,8413.36,8405.92
POL003902,PN-00003902,CUST004526,AGT00358,PROD0013,issued,2025-02-25,2026-02-25,12106.52,11278.35
POL003903,PN-00003903,CUST004569,AGT00113,PROD0015,active,2025-02-12,2026-02-12,6012.73,5582.76
POL003904,PN-00003904,CUST001612,AGT00145,PROD0030,active,2024-07-31,2025-07-31,3662.02,3403.65
POL003905,PN-00003905,CUST001161,AGT00221,PROD0030,active,2026-01-25,2027-01-25,11283.4,11071.58
POL003906,PN-00003906,CUST003242,AGT00223,PROD0047,cancelled,2023-05-13,2024-05-12,1901.3,1888.65
POL003907,PN-00003907,CUST003269,AGT00288,PROD0042,quoted,2023-06-07,2024-06-06,13441.68,12898.98
POL003908,PN-00003908,CUST003137,AGT00158,PROD0043,lapsed,2023-04-28,2024-04-27,5739.9,5449.11
POL003909,PN-00003909,CUST003505,AGT00214,PROD0002,lapsed,2023-06-05,2024-06-04,7223.82,6615.27
POL003910,PN-00003910,CUST003121,AGT00437,PROD0007,renewed,2024-08-05,2025-08-05,11310.29,10436.59
POL003911,PN-00003911,CUST003707,AGT00150,PROD0035,renewed,2023-02-28,2024-02-28,2496.66,2429.43
POL003912,PN-00003912,CUST001097,AGT00484,PROD0032,expired,2024-02-19,2025-02-18,484.17,466.01
POL003913,PN-00003913,CUST004790,AGT00157,PROD0026,active,2025-02-02,2026-02-02,11988.17,10916.06
POL003914,PN-00003914,CUST002394,AGT00448,PROD0024,lapsed,2026-08-29,2027-08-29,6055.98,5802.86
POL003915,PN-00003915,CUST004474,AGT00275,PROD0018,expired,2024-02-05,2025-02-04,12104.72,11574.58
POL003916,PN-00003916,CUST002485,AGT00432,PROD0015,expired,2026-02-15,2027-02-15,631.5,624.1
POL003917,PN-00003917,CUST002242,AGT00055,PROD0020,cancelled,2025-02-04,2026-02-04,7153.96,7152.92
POL003918,PN-00003918,CUST003724,AGT00101,PROD0036,expired,2023-05-15,2024-05-14,5332.16,5181.3
POL003919,PN-00003919,CUST004736,AGT00481,PROD0039,lapsed,2025-08-18,2026-08-18,9754.76,8857.73
POL003920,PN-00003920,CUST003477,AGT00043,PROD0013,active,2026-08-21,2027-08-21,613.64,604.85
POL003921,PN-00003921,CUST003941,AGT00447,PROD0026,issued,2024-03-17,2025-03-17,9044.03,8496.23
POL003922,PN-00003922,CUST002328,AGT00399,PROD0039,renewed,2025-10-19,2026-10-19,3330.3,3128.24
POL003923,PN-00003923,CUST003800,AGT00349,PROD0045,expired,2025-02-24,2026-02-24,5687.23,5286.56
POL003924,PN-00003924,CUST004093,AGT00056,PROD0035,renewed,2023-06-14,2024-06-13,10211.35,9554.15
POL003925,PN-00003925,CUST001860,AGT00137,PROD0003,renewed,2026-04-04,2027-04-04,6654.3,6502.73
POL003926,PN-00003926,CUST002820,AGT00059,PROD0006,active,2025-09-21,2026-09-21,4946.17,4858.0
POL003927,PN-00003927,CUST002320,AGT00421,PROD0018,active,2023-04-30,2024-04-29,6363.06,5801.78
POL003928,PN-00003928,CUST004820,AGT00052,PROD0025,expired,2024-01-09,2025-01-08,6669.55,6416.54
POL003929,PN-00003929,CUST003439,AGT00473,PROD0031,renewed,2023-11-29,2024-11-28,11646.19,11399.48
POL003930,PN-00003930,CUST004132,AGT00357,PROD0016,active,2024-03-15,2025-03-15,2873.98,2695.59
POL003931,PN-00003931,CUST001704,AGT00500,PROD0032,expired,2024-02-13,2025-02-12,1257.42,1231.85
POL003932,PN-00003932,CUST001429,AGT00156,PROD0013,issued,2025-05-11,2026-05-11,8849.27,8631.91
POL003933,PN-00003933,CUST000379,AGT00023,PROD0028,renewed,2025-08-26,2026-08-26,8478.1,7764.2
POL003934,PN-00003934,CUST003758,AGT00062,PROD0024,active,2025-05-14,2026-05-14,8897.66,8652.41
POL003935,PN-00003935,CUST003840,AGT00413,PROD0001,lapsed,2023-05-30,2024-05-29,2617.91,2411.46
POL003936,PN-00003936,CUST004809,AGT00384,PROD0050,active,2024-06-07,2025-06-07,10380.56,9424.08
POL003937,PN-00003937,CUST003129,AGT00142,PROD0025,issued,2023-02-25,2024-02-25,7465.81,6981.42
POL003938,PN-00003938,CUST000010,AGT00221,PROD0041,active,2025-03-16,2026-03-16,5404.67,5160.73
POL003939,PN-00003939,CUST001641,AGT00026,PROD0003,renewed,2024-06-17,2025-06-17,5118.42,4962.27
POL003940,PN-00003940,CUST004172,AGT00453,PROD0026,cancelled,2025-12-29,2026-12-29,12980.96,12485.81
POL003941,PN-00003941,CUST001230,AGT00078,PROD0009,expired,2023-04-18,2024-04-17,571.0,566.82
POL003942,PN-00003942,CUST002839,AGT00370,PROD0044,renewed,2026-07-01,2027-07-01,13564.53,12622.87
POL003943,PN-00003943,CUST000945,AGT00153,PROD0018,issued,2023-10-05,2024-10-04,9686.47,9209.51
POL003944,PN-00003944,CUST000021,AGT00108,PROD0019,expired,2023-10-22,2024-10-21,318.75,318.74
POL003945,PN-00003945,CUST004502,AGT00240,PROD0012,quoted,2023-05-19,2024-05-18,13888.73,12889.55
POL003946,PN-00003946,CUST003515,AGT00214,PROD0034,quoted,2025-08-25,2026-08-25,9737.68,9697.9
POL003947,PN-00003947,CUST004572,AGT00062,PROD0032,issued,2026-06-04,2027-06-04,6000.55,5448.84
POL003948,PN-00003948,CUST003554,AGT00248,PROD0007,active,2023-10-28,2024-10-27,3757.61,3528.24
POL003949,PN-00003949,CUST002810,AGT00260,PROD0015,lapsed,2025-03-24,2026-03-24,12156.28,10943.4
POL003950,PN-00003950,CUST000787,AGT00209,PROD0043,issued,2025-04-30,2026-04-30,5562.09,5468.48
POL003951,PN-00003951,CUST003457,AGT00409,PROD0027,active,2023-12-02,2024-12-01,2756.23,2745.04
POL003952,PN-00003952,CUST000316,AGT00279,PROD0025,active,2023-05-09,2024-05-08,10367.4,9434.83
POL003953,PN-00003953,CUST000172,AGT00364,PROD0045,expired,2025-01-14,2026-01-14,660.06,648.86
POL003954,PN-00003954,CUST004934,AGT00294,PROD0017,active,2025-09-20,2026-09-20,8394.45,7999.63
POL003955,PN-00003955,CUST000589,AGT00356,PROD0018,lapsed,2025-03-23,2026-03-23,392.68,359.12
POL003956,PN-00003956,CUST003637,AGT00155,PROD0001,active,2025-08-17,2026-08-17,8626.33,8562.04
POL003957,PN-00003957,CUST002546,AGT00160,PROD0019,renewed,2023-08-20,2024-08-19,10158.27,9978.16
POL003958,PN-00003958,CUST003086,AGT00220,PROD0025,expired,2023-07-02,2024-07-01,12517.64,11498.49
POL003959,PN-00003959,CUST001823,AGT00088,PROD0016,cancelled,2026-04-10,2027-04-10,14058.99,12667.0
POL003960,PN-00003960,CUST004811,AGT00248,PROD0025,active,2023-06-18,2024-06-17,885.9,809.24
POL003961,PN-00003961,CUST000839,AGT00201,PROD0022,lapsed,2025-10-25,2026-10-25,10684.09,10106.66
POL003962,PN-00003962,CUST003101,AGT00343,PROD0031,cancelled,2023-03-11,2024-03-10,13128.14,12680.19
POL003963,PN-00003963,CUST000938,AGT00318,PROD0015,quoted,2025-12-09,2026-12-09,8166.81,7842.34
POL003964,PN-00003964,CUST002217,AGT00175,PROD0041,renewed,2025-11-11,2026-11-11,1586.49,1560.73
POL003965,PN-00003965,CUST004924,AGT00441,PROD0006,quoted,2026-05-15,2027-05-15,14146.8,13115.6
POL003966,PN-00003966,CUST000272,AGT00045,PROD0036,cancelled,2025-01-18,2026-01-18,8909.97,8161.6
POL003967,PN-00003967,CUST001862,AGT00057,PROD0006,expired,2026-01-31,2027-01-31,6746.14,6308.37
POL003968,PN-00003968,CUST003368,AGT00252,PROD0012,active,2024-01-16,2025-01-15,4336.8,4124.57
POL003969,PN-00003969,CUST002748,AGT00373,PROD0002,lapsed,2024-05-23,2025-05-23,14422.19,13430.3
POL003970,PN-00003970,CUST000448,AGT00050,PROD0044,active,2026-03-07,2027-03-07,5502.88,5040.42
POL003971,PN-00003971,CUST002168,AGT00300,PROD0012,active,2024-07-09,2025-07-09,4045.58,3652.1
POL003972,PN-00003972,CUST003277,AGT00222,PROD0006,active,2024-12-08,2025-12-08,8732.63,8464.91
POL003973,PN-00003973,CUST001100,AGT00027,PROD0038,active,2025-10-01,2026-10-01,12456.08,12230.84
POL003974,PN-00003974,CUST003168,AGT00034,PROD0036,lapsed,2024-01-21,2025-01-20,11305.86,10365.23
POL003975,PN-00003975,CUST002765,AGT00353,PROD0038,active,2023-09-01,2024-08-31,4631.02,4540.76
POL003976,PN-00003976,CUST000937,AGT00363,PROD0031,expired,2023-12-16,2024-12-15,4406.26,4289.93
POL003977,PN-00003977,CUST002819,AGT00040,PROD0033,quoted,2023-12-25,2024-12-24,1115.18,1065.27
POL003978,PN-00003978,CUST000933,AGT00414,PROD0029,renewed,2025-11-17,2026-11-17,330.89,328.19
POL003979,PN-00003979,CUST001637,AGT00175,PROD0015,renewed,2025-11-27,2026-11-27,10861.63,10711.84
POL003980,PN-00003980,CUST001226,AGT00136,PROD0010,cancelled,2023-05-02,2024-05-01,13363.84,12647.91
POL003981,PN-00003981,CUST001830,AGT00221,PROD0024,active,2026-03-10,2027-03-10,11566.55,10775.32
POL003982,PN-00003982,CUST000211,AGT00253,PROD0047,renewed,2024-01-18,2025-01-17,11905.39,11717.37
POL003983,PN-00003983,CUST004713,AGT00081,PROD0039,expired,2023-01-04,2024-01-04,10585.88,10316.88
POL003984,PN-00003984,CUST004408,AGT00388,PROD0005,active,2023-05-23,2024-05-22,11008.94,10914.45
POL003985,PN-00003985,CUST001868,AGT00246,PROD0004,issued,2024-01-06,2025-01-05,10623.7,9968.13
POL003986,PN-00003986,CUST000757,AGT00198,PROD0045,renewed,2025-08-30,2026-08-30,2959.11,2679.03
POL003987,PN-00003987,CUST001188,AGT00375,PROD0019,active,2023-06-12,2024-06-11,856.52,806.66
POL003988,PN-00003988,CUST000799,AGT00009,PROD0035,active,2024-02-27,2025-02-26,494.97,486.77
POL003989,PN-00003989,CUST000154,AGT00392,PROD0038,active,2023-06-27,2024-06-26,4766.41,4593.54
POL003990,PN-00003990,CUST004729,AGT00122,PROD0035,cancelled,2024-06-06,2025-06-06,12695.93,12443.5
POL003991,PN-00003991,CUST002031,AGT00047,PROD0044,lapsed,2023-05-21,2024-05-20,10690.01,10256.1
POL003992,PN-00003992,CUST001883,AGT00028,PROD0031,renewed,2024-04-18,2025-04-18,1471.2,1345.07
POL003993,PN-00003993,CUST004432,AGT00266,PROD0031,renewed,2024-01-03,2025-01-02,8078.23,7329.25
POL003994,PN-00003994,CUST000335,AGT00155,PROD0010,expired,2024-04-20,2025-04-20,7759.74,7375.11
POL003995,PN-00003995,CUST000185,AGT00380,PROD0038,renewed,2023-01-15,2024-01-15,506.52,497.07
POL003996,PN-00003996,CUST003760,AGT00316,PROD0028,renewed,2024-07-30,2025-07-30,2612.0,2579.67
POL003997,PN-00003997,CUST000283,AGT00311,PROD0030,active,2025-12-21,2026-12-21,11809.18,11068.86
POL003998,PN-00003998,CUST004809,AGT00317,PROD0005,cancelled,2024-01-21,2025-01-20,13755.82,13551.64
POL003999,PN-00003999,CUST000558,AGT00116,PROD0008,active,2025-08-01,2026-08-01,9518.31,8804.69
POL004000,PN-00004000,CUST002746,AGT00415,PROD0045,cancelled,2023-09-06,2024-09-05,11988.71,11092.85
POL004001,PN-00004001,CUST001397,AGT00344,PROD0015,quoted,2024-02-25,2025-02-24,4124.91,3784.69
POL004002,PN-00004002,CUST004559,AGT00335,PROD0033,issued,2025-01-12,2026-01-12,11955.09,10770.7
POL004003,PN-00004003,CUST004301,AGT00311,PROD0010,renewed,2026-07-21,2027-07-21,12290.05,11179.04
POL004004,PN-00004004,CUST000012,AGT00457,PROD0034,cancelled,2025-07-16,2026-07-16,4319.63,3992.8
POL004005,PN-00004005,CUST002782,AGT00309,PROD0041,expired,2026-05-04,2027-05-04,6670.31,6468.89
POL004006,PN-00004006,CUST004581,AGT00382,PROD0029,cancelled,2023-10-03,2024-10-02,12418.56,11488.28
POL004007,PN-00004007,CUST004063,AGT00499,PROD0032,lapsed,2024-11-08,2025-11-08,3771.84,3680.77
POL004008,PN-00004008,CUST004482,AGT00061,PROD0048,lapsed,2025-07-10,2026-07-10,11970.31,11042.26
POL004009,PN-00004009,CUST001556,AGT00067,PROD0018,issued,2025-08-23,2026-08-23,8003.48,7212.38
POL004010,PN-00004010,CUST000970,AGT00407,PROD0028,lapsed,2023-11-06,2024-11-05,1978.49,1893.25
POL004011,PN-00004011,CUST003935,AGT00131,PROD0050,active,2024-08-06,2025-08-06,6494.67,5903.66
POL004012,PN-00004012,CUST004586,AGT00355,PROD0006,issued,2024-12-07,2025-12-07,10264.82,9636.95
POL004013,PN-00004013,CUST000942,AGT00366,PROD0040,active,2023-02-08,2024-02-08,7554.39,7481.75
POL004014,PN-00004014,CUST002796,AGT00060,PROD0039,active,2025-02-10,2026-02-10,4542.38,4196.59
POL004015,PN-00004015,CUST000205,AGT00195,PROD0045,quoted,2025-05-21,2026-05-21,1258.45,1147.03
POL004016,PN-00004016,CUST002226,AGT00401,PROD0034,cancelled,2024-08-23,2025-08-23,2710.04,2482.78
POL004017,PN-00004017,CUST003352,AGT00432,PROD0030,quoted,2023-09-02,2024-09-01,9112.5,8550.01
POL004018,PN-00004018,CUST002429,AGT00423,PROD0032,quoted,2024-02-12,2025-02-11,10406.82,10167.87
POL004019,PN-00004019,CUST003927,AGT00181,PROD0013,lapsed,2024-11-27,2025-11-27,8142.03,7493.75
POL004020,PN-00004020,CUST002239,AGT00494,PROD0014,cancelled,2024-11-05,2025-11-05,10103.1,10017.94
POL004021,PN-00004021,CUST000930,AGT00121,PROD0013,expired,2024-04-08,2025-04-08,1316.96,1283.09
POL004022,PN-00004022,CUST003054,AGT00465,PROD0018,active,2024-02-07,2025-02-06,2260.74,2097.03
POL004023,PN-00004023,CUST004645,AGT00113,PROD0023,renewed,2024-12-30,2025-12-30,2112.59,2017.87
POL004024,PN-00004024,CUST001599,AGT00337,PROD0032,active,2025-08-27,2026-08-27,7384.09,7206.93
POL004025,PN-00004025,CUST002524,AGT00118,PROD0037,lapsed,2025-10-16,2026-10-16,12885.37,12257.61
POL004026,PN-00004026,CUST002237,AGT00073,PROD0030,expired,2023-08-16,2024-08-15,11138.56,10377.06
POL004027,PN-00004027,CUST002309,AGT00476,PROD0023,active,2025-01-06,2026-01-06,11086.84,10555.73
POL004028,PN-00004028,CUST000152,AGT00448,PROD0014,expired,2024-06-29,2025-06-29,7458.06,6935.83
POL004029,PN-00004029,CUST003039,AGT00356,PROD0018,expired,2024-09-19,2025-09-19,306.51,291.73
POL004030,PN-00004030,CUST004867,AGT00303,PROD0047,active,2024-09-06,2025-09-06,2497.55,2288.14
POL004031,PN-00004031,CUST001547,AGT00204,PROD0038,lapsed,2024-04-20,2025-04-20,380.04,343.18
POL004032,PN-00004032,CUST000804,AGT00332,PROD0043,issued,2026-01-12,2027-01-12,7493.48,7231.81
POL004033,PN-00004033,CUST004651,AGT00279,PROD0047,active,2024-01-23,2025-01-22,11014.17,9952.18
POL004034,PN-00004034,CUST000240,AGT00415,PROD0023,cancelled,2025-05-26,2026-05-26,9518.71,8992.73
POL004035,PN-00004035,CUST001347,AGT00341,PROD0013,issued,2026-01-04,2027-01-04,6603.66,6212.72
POL004036,PN-00004036,CUST000391,AGT00040,PROD0035,issued,2025-05-29,2026-05-29,1327.04,1311.68
POL004037,PN-00004037,CUST001999,AGT00483,PROD0050,quoted,2025-06-02,2026-06-02,10255.03,9937.38
POL004038,PN-00004038,CUST004855,AGT00171,PROD0035,cancelled,2023-03-07,2024-03-06,11795.13,11494.46
POL004039,PN-00004039,CUST000618,AGT00263,PROD0020,renewed,2023-04-06,2024-04-05,4655.58,4612.9
POL004040,PN-00004040,CUST001977,AGT00182,PROD0003,lapsed,2024-04-27,2025-04-27,12169.92,11908.41
POL004041,PN-00004041,CUST002474,AGT00301,PROD0030,active,2024-08-23,2025-08-23,1240.08,1138.71
POL004042,PN-00004042,CUST004313,AGT00161,PROD0023,active,2025-04-12,2026-04-12,12901.93,12671.65
POL004043,PN-00004043,CUST001886,AGT00217,PROD0027,active,2023-01-11,2024-01-11,14326.24,13213.19
POL004044,PN-00004044,CUST001203,AGT00447,PROD0047,active,2023-07-09,2024-07-08,7617.94,7617.74
POL004045,PN-00004045,CUST000866,AGT00061,PROD0036,issued,2023-12-24,2024-12-23,14380.29,13298.72
POL004046,PN-00004046,CUST002643,AGT00038,PROD0002,quoted,2023-11-14,2024-11-13,6964.62,6513.05
POL004047,PN-00004047,CUST004268,AGT00045,PROD0017,expired,2025-07-30,2026-07-30,14975.53,14477.95
POL004048,PN-00004048,CUST002727,AGT00194,PROD0009,active,2024-05-13,2025-05-13,14660.96,13246.48
POL004049,PN-00004049,CUST002094,AGT00235,PROD0037,lapsed,2025-07-11,2026-07-11,6238.45,5943.16
POL004050,PN-00004050,CUST002179,AGT00102,PROD0017,active,2026-08-10,2027-08-10,5966.81,5563.96
POL004051,PN-00004051,CUST001275,AGT00313,PROD0021,active,2024-06-13,2025-06-13,6222.75,6201.66
POL004052,PN-00004052,CUST003907,AGT00107,PROD0016,quoted,2024-03-25,2025-03-25,14075.83,12981.75
POL004053,PN-00004053,CUST000057,AGT00140,PROD0030,expired,2023-07-22,2024-07-21,5902.82,5791.98
POL004054,PN-00004054,CUST001242,AGT00121,PROD0019,active,2026-08-28,2027-08-28,2895.96,2822.08
POL004055,PN-00004055,CUST000383,AGT00062,PROD0009,issued,2026-07-21,2027-07-21,8036.74,7709.62
POL004056,PN-00004056,CUST000098,AGT00386,PROD0001,cancelled,2023-08-11,2024-08-10,1619.63,1479.4
POL004057,PN-00004057,CUST003999,AGT00340,PROD0047,renewed,2025-10-26,2026-10-26,1801.02,1753.07
POL004058,PN-00004058,CUST002393,AGT00051,PROD0020,expired,2025-03-02,2026-03-02,5414.8,5226.0
POL004059,PN-00004059,CUST003692,AGT00023,PROD0032,active,2023-03-18,2024-03-17,9585.65,9240.8
POL004060,PN-00004060,CUST003890,AGT00100,PROD0049,issued,2025-07-22,2026-07-22,10646.84,9853.9
POL004061,PN-00004061,CUST003062,AGT00492,PROD0016,active,2024-10-19,2025-10-19,5467.4,5154.67
POL004062,PN-00004062,CUST001355,AGT00065,PROD0010,active,2026-01-01,2027-01-01,13302.59,12581.85
POL004063,PN-00004063,CUST003315,AGT00199,PROD0003,active,2023-04-26,2024-04-25,9286.38,9084.2
POL004064,PN-00004064,CUST004729,AGT00001,PROD0037,expired,2023-07-06,2024-07-05,9802.61,8928.09
POL004065,PN-00004065,CUST001855,AGT00192,PROD0036,active,2023-07-21,2024-07-20,5721.25,5204.38
POL004066,PN-00004066,CUST003038,AGT00319,PROD0020,lapsed,2023-04-27,2024-04-26,1148.16,1147.85
POL004067,PN-00004067,CUST003291,AGT00172,PROD0028,expired,2023-01-16,2024-01-16,8415.54,8047.93
POL004068,PN-00004068,CUST002219,AGT00344,PROD0018,expired,2026-05-08,2027-05-08,12921.97,12591.58
POL004069,PN-00004069,CUST004638,AGT00423,PROD0030,expired,2025-08-04,2026-08-04,5600.19,5552.05
POL004070,PN-00004070,CUST000545,AGT00083,PROD0016,issued,2024-08-20,2025-08-20,553.96,540.38
POL004071,PN-00004071,CUST002686,AGT00069,PROD0012,active,2026-06-08,2027-06-08,686.56,619.64
POL004072,PN-00004072,CUST000734,AGT00183,PROD0002,active,2025-09-15,2026-09-15,6627.66,6078.0
POL004073,PN-00004073,CUST000805,AGT00076,PROD0048,active,2023-08-12,2024-08-11,7047.49,6372.43
POL004074,PN-00004074,CUST002463,AGT00114,PROD0017,lapsed,2023-12-23,2024-12-22,3055.22,3032.05
POL004075,PN-00004075,CUST002434,AGT00495,PROD0006,cancelled,2026-05-11,2027-05-11,8349.0,7900.85
POL004076,PN-00004076,CUST004195,AGT00244,PROD0014,active,2024-08-14,2025-08-14,1922.65,1915.0
POL004077,PN-00004077,CUST001222,AGT00107,PROD0003,renewed,2025-07-24,2026-07-24,3620.66,3294.64
POL004078,PN-00004078,CUST001737,AGT00200,PROD0048,renewed,2023-05-21,2024-05-20,7666.72,7094.83
POL004079,PN-00004079,CUST004075,AGT00264,PROD0038,cancelled,2025-01-06,2026-01-06,3370.3,3339.2
POL004080,PN-00004080,CUST001336,AGT00165,PROD0035,cancelled,2024-10-14,2025-10-14,13063.3,12179.72
POL004081,PN-00004081,CUST004674,AGT00175,PROD0008,active,2024-10-06,2025-10-06,4272.72,3951.47
POL004082,PN-00004082,CUST000443,AGT00148,PROD0016,active,2026-01-26,2027-01-26,7548.21,6970.99
POL004083,PN-00004083,CUST004429,AGT00263,PROD0019,quoted,2026-02-17,2027-02-17,11424.76,10769.19
POL004084,PN-00004084,CUST002156,AGT00333,PROD0008,active,2024-09-03,2025-09-03,4713.73,4413.37
POL004085,PN-00004085,CUST000409,AGT00291,PROD0044,active,2025-02-20,2026-02-20,8811.18,8618.39
POL004086,PN-00004086,CUST002720,AGT00359,PROD0032,issued,2026-03-21,2027-03-21,10338.69,9642.28
POL004087,PN-00004087,CUST002913,AGT00491,PROD0002,expired,2025-12-19,2026-12-19,8323.24,7659.11
POL004088,PN-00004088,CUST002784,AGT00267,PROD0019,quoted,2024-11-11,2025-11-11,4291.79,4131.9
POL004089,PN-00004089,CUST001482,AGT00497,PROD0039,renewed,2025-03-07,2026-03-07,5356.55,4845.49
POL004090,PN-00004090,CUST002083,AGT00243,PROD0027,lapsed,2025-10-25,2026-10-25,13332.83,12471.66
POL004091,PN-00004091,CUST003248,AGT00281,PROD0016,issued,2024-10-02,2025-10-02,1096.81,1077.52
POL004092,PN-00004092,CUST001943,AGT00142,PROD0020,cancelled,2023-03-03,2024-03-02,2979.18,2789.34
POL004093,PN-00004093,CUST004018,AGT00347,PROD0004,active,2023-09-12,2024-09-11,13703.15,13546.05
POL004094,PN-00004094,CUST004830,AGT00174,PROD0002,expired,2024-05-07,2025-05-07,9556.48,9151.12
POL004095,PN-00004095,CUST003120,AGT00279,PROD0015,issued,2024-09-04,2025-09-04,821.91,749.85
POL004096,PN-00004096,CUST002203,AGT00178,PROD0020,active,2026-03-14,2027-03-14,7937.42,7452.41
POL004097,PN-00004097,CUST003233,AGT00185,PROD0013,active,2024-09-19,2025-09-19,9630.0,8686.83
POL004098,PN-00004098,CUST003466,AGT00211,PROD0028,issued,2024-02-09,2025-02-08,4855.52,4571.6
POL004099,PN-00004099,CUST000442,AGT00192,PROD0048,active,2024-10-23,2025-10-23,7546.74,7433.37
POL004100,PN-00004100,CUST004711,AGT00021,PROD0017,active,2025-01-04,2026-01-04,5245.5,4821.7
POL004101,PN-00004101,CUST001526,AGT00413,PROD0015,active,2024-01-31,2025-01-30,1485.15,1347.6
POL004102,PN-00004102,CUST001275,AGT00352,PROD0005,issued,2023-04-06,2024-04-05,8463.12,8193.96
POL004103,PN-00004103,CUST000334,AGT00112,PROD0035,lapsed,2025-09-28,2026-09-28,7227.92,6523.99
POL004104,PN-00004104,CUST000276,AGT00485,PROD0029,lapsed,2025-10-19,2026-10-19,11802.77,11332.3
POL004105,PN-00004105,CUST004232,AGT00049,PROD0037,renewed,2025-04-05,2026-04-05,8414.13,8344.33
POL004106,PN-00004106,CUST003411,AGT00442,PROD0025,lapsed,2025-05-30,2026-05-30,7787.29,7240.9
POL004107,PN-00004107,CUST001638,AGT00422,PROD0013,quoted,2023-07-01,2024-06-30,6673.06,6404.41
POL004108,PN-00004108,CUST001752,AGT00116,PROD0035,renewed,2023-05-16,2024-05-15,10058.35,9193.6
POL004109,PN-00004109,CUST002404,AGT00311,PROD0048,active,2023-04-02,2024-04-01,1888.8,1710.21
POL004110,PN-00004110,CUST002498,AGT00103,PROD0039,lapsed,2024-04-16,2025-04-16,4407.25,4231.54
POL004111,PN-00004111,CUST002173,AGT00245,PROD0043,active,2024-05-17,2025-05-17,7874.23,7282.2
POL004112,PN-00004112,CUST002594,AGT00418,PROD0014,cancelled,2025-09-24,2026-09-24,2915.66,2834.51
POL004113,PN-00004113,CUST000104,AGT00047,PROD0022,cancelled,2024-04-20,2025-04-20,10092.45,9609.23
POL004114,PN-00004114,CUST004679,AGT00212,PROD0010,active,2023-02-06,2024-02-06,818.53,805.43
POL004115,PN-00004115,CUST000290,AGT00084,PROD0001,active,2023-08-17,2024-08-16,13718.8,12867.72
POL004116,PN-00004116,CUST004391,AGT00492,PROD0026,renewed,2023-05-04,2024-05-03,12723.81,11742.95
POL004117,PN-00004117,CUST002907,AGT00166,PROD0045,quoted,2025-01-15,2026-01-15,5643.01,5273.74
POL004118,PN-00004118,CUST004456,AGT00048,PROD0046,expired,2025-08-13,2026-08-13,12770.22,12688.02
POL004119,PN-00004119,CUST000752,AGT00155,PROD0011,active,2025-03-01,2026-03-01,11932.65,11092.41
POL004120,PN-00004120,CUST001857,AGT00211,PROD0032,quoted,2025-09-04,2026-09-04,11504.07,11305.32
POL004121,PN-00004121,CUST000736,AGT00045,PROD0002,active,2025-10-23,2026-10-23,891.97,860.24
POL004122,PN-00004122,CUST003220,AGT00458,PROD0018,cancelled,2026-06-19,2027-06-19,1815.53,1753.14
POL004123,PN-00004123,CUST003905,AGT00133,PROD0034,expired,2026-04-28,2027-04-28,5579.11,5169.55
POL004124,PN-00004124,CUST003047,AGT00077,PROD0032,issued,2024-11-24,2025-11-24,11245.65,10619.44
POL004125,PN-00004125,CUST004786,AGT00479,PROD0005,active,2023-01-14,2024-01-14,5632.3,5317.9
POL004126,PN-00004126,CUST002934,AGT00210,PROD0023,active,2025-02-27,2026-02-27,3592.69,3411.86
POL004127,PN-00004127,CUST002109,AGT00099,PROD0020,issued,2026-01-24,2027-01-24,8433.52,8111.06
POL004128,PN-00004128,CUST000207,AGT00390,PROD0049,active,2023-03-05,2024-03-04,13885.91,12845.51
POL004129,PN-00004129,CUST000182,AGT00468,PROD0005,expired,2023-09-29,2024-09-28,6903.88,6760.23
POL004130,PN-00004130,CUST003188,AGT00493,PROD0026,cancelled,2023-09-30,2024-09-29,5786.6,5772.97
POL004131,PN-00004131,CUST003858,AGT00279,PROD0031,issued,2024-08-28,2025-08-28,4685.45,4277.5
POL004132,PN-00004132,CUST004121,AGT00160,PROD0033,renewed,2024-08-10,2025-08-10,2867.33,2859.53
POL004133,PN-00004133,CUST001438,AGT00405,PROD0032,active,2024-06-03,2025-06-03,11609.88,10539.2
POL004134,PN-00004134,CUST002099,AGT00029,PROD0043,renewed,2024-08-11,2025-08-11,14744.34,14091.2
POL004135,PN-00004135,CUST004615,AGT00435,PROD0043,renewed,2023-06-26,2024-06-25,3278.08,2986.57
POL004136,PN-00004136,CUST000575,AGT00323,PROD0027,lapsed,2025-12-11,2026-12-11,14608.09,14065.41
POL004137,PN-00004137,CUST004643,AGT00307,PROD0042,expired,2023-06-04,2024-06-03,9602.64,9480.72
POL004138,PN-00004138,CUST004351,AGT00353,PROD0009,active,2025-07-13,2026-07-13,13233.38,12024.65
POL004139,PN-00004139,CUST002871,AGT00331,PROD0023,active,2023-01-07,2024-01-07,8980.85,8867.23
POL004140,PN-00004140,CUST001729,AGT00101,PROD0003,renewed,2026-05-20,2027-05-20,13858.2,12536.74
POL004141,PN-00004141,CUST004211,AGT00083,PROD0046,lapsed,2024-07-15,2025-07-15,12665.04,11854.83
POL004142,PN-00004142,CUST001277,AGT00255,PROD0004,active,2024-08-21,2025-08-21,9340.95,8666.25
POL004143,PN-00004143,CUST002506,AGT00484,PROD0025,active,2024-03-05,2025-03-05,12147.38,11397.82
POL004144,PN-00004144,CUST003940,AGT00132,PROD0037,issued,2025-06-06,2026-06-06,12814.56,11852.7
POL004145,PN-00004145,CUST000681,AGT00008,PROD0005,active,2025-02-01,2026-02-01,2168.5,2107.63
POL004146,PN-00004146,CUST004352,AGT00048,PROD0023,lapsed,2026-04-12,2027-04-12,5524.4,5266.16
POL004147,PN-00004147,CUST001344,AGT00101,PROD0028,expired,2026-02-22,2027-02-22,8043.67,7265.92
POL004148,PN-00004148,CUST004528,AGT00089,PROD0015,cancelled,2023-10-31,2024-10-30,3786.4,3446.05
POL004149,PN-00004149,CUST002019,AGT00337,PROD0038,active,2024-11-04,2025-11-04,10741.6,10014.06
POL004150,PN-00004150,CUST002167,AGT00295,PROD0044,quoted,2024-08-09,2025-08-09,5615.48,5171.31
POL004151,PN-00004151,CUST003848,AGT00206,PROD0035,issued,2026-09-11,2027-09-11,1809.99,1808.87
POL004152,PN-00004152,CUST001758,AGT00426,PROD0011,renewed,2024-07-23,2025-07-23,7206.41,6621.26
POL004153,PN-00004153,CUST004188,AGT00051,PROD0019,active,2023-06-11,2024-06-10,4377.76,4132.14
POL004154,PN-00004154,CUST003590,AGT00487,PROD0018,cancelled,2024-12-04,2025-12-04,10305.11,10164.22
POL004155,PN-00004155,CUST001004,AGT00481,PROD0029,active,2024-04-19,2025-04-19,11437.82,10299.83
POL004156,PN-00004156,CUST003330,AGT00174,PROD0045,renewed,2024-06-21,2025-06-21,12663.03,11893.25
POL004157,PN-00004157,CUST003676,AGT00272,PROD0006,issued,2025-01-30,2026-01-30,11128.98,10484.28
POL004158,PN-00004158,CUST002894,AGT00172,PROD0041,active,2023-07-10,2024-07-09,11923.07,11664.5
POL004159,PN-00004159,CUST003170,AGT00129,PROD0010,expired,2023-06-06,2024-06-05,11594.83,10496.78
POL004160,PN-00004160,CUST000932,AGT00246,PROD0006,active,2024-09-14,2025-09-14,14092.97,13923.77
POL004161,PN-00004161,CUST001422,AGT00418,PROD0044,active,2023-09-15,2024-09-14,9227.73,8610.06
POL004162,PN-00004162,CUST000810,AGT00289,PROD0026,active,2024-10-11,2025-10-11,1495.73,1464.7
POL004163,PN-00004163,CUST000807,AGT00281,PROD0043,active,2023-02-01,2024-02-01,11792.94,11622.79
POL004164,PN-00004164,CUST000229,AGT00266,PROD0021,quoted,2024-04-05,2025-04-05,7910.6,7645.4
POL004165,PN-00004165,CUST004960,AGT00140,PROD0050,renewed,2023-11-23,2024-11-22,579.42,565.57
POL004166,PN-00004166,CUST003260,AGT00355,PROD0007,renewed,2026-06-10,2027-06-10,8990.64,8622.96
POL004167,PN-00004167,CUST004847,AGT00219,PROD0022,active,2026-03-25,2027-03-25,10522.78,9576.47
POL004168,PN-00004168,CUST004555,AGT00453,PROD0032,lapsed,2023-02-15,2024-02-15,14654.18,13861.77
POL004169,PN-00004169,CUST000627,AGT00171,PROD0029,issued,2024-06-18,2025-06-18,10503.05,9896.26
POL004170,PN-00004170,CUST003982,AGT00035,PROD0028,quoted,2024-10-18,2025-10-18,6673.52,6456.97
POL004171,PN-00004171,CUST004309,AGT00461,PROD0028,lapsed,2025-05-31,2026-05-31,7536.25,7185.79
POL004172,PN-00004172,CUST000969,AGT00375,PROD0028,active,2026-02-01,2027-02-01,2915.1,2904.99
POL004173,PN-00004173,CUST003012,AGT00075,PROD0042,active,2025-11-22,2026-11-22,5678.86,5570.01
POL004174,PN-00004174,CUST000541,AGT00446,PROD0022,issued,2024-08-13,2025-08-13,14023.61,13555.89
POL004175,PN-00004175,CUST000149,AGT00205,PROD0033,issued,2026-04-13,2027-04-13,8496.13,7736.31
POL004176,PN-00004176,CUST004532,AGT00329,PROD0006,renewed,2023-06-14,2024-06-13,5893.65,5884.32
POL004177,PN-00004177,CUST004384,AGT00251,PROD0013,quoted,2024-07-10,2025-07-10,7816.45,7472.13
POL004178,PN-00004178,CUST002625,AGT00060,PROD0045,expired,2024-05-31,2025-05-31,9337.74,9211.1
POL004179,PN-00004179,CUST003710,AGT00192,PROD0030,expired,2026-09-11,2027-09-11,1771.91,1695.96
POL004180,PN-00004180,CUST002380,AGT00013,PROD0009,active,2024-01-29,2025-01-28,1679.74,1639.55
POL004181,PN-00004181,CUST002353,AGT00494,PROD0012,expired,2025-02-27,2026-02-27,8534.68,8182.89
POL004182,PN-00004182,CUST002819,AGT00237,PROD0007,cancelled,2024-03-26,2025-03-26,12253.58,11596.77
POL004183,PN-00004183,CUST000373,AGT00055,PROD0028,cancelled,2026-01-25,2027-01-25,14690.34,13317.86
POL004184,PN-00004184,CUST001195,AGT00087,PROD0047,quoted,2024-07-08,2025-07-08,13302.56,12203.96
POL004185,PN-00004185,CUST004254,AGT00390,PROD0029,active,2026-01-02,2027-01-02,9328.15,8436.6
POL004186,PN-00004186,CUST004402,AGT00060,PROD0019,quoted,2025-08-11,2026-08-11,6069.2,5629.15
POL004187,PN-00004187,CUST004701,AGT00203,PROD0045,expired,2024-01-12,2025-01-11,11141.0,10187.57
POL004188,PN-00004188,CUST004615,AGT00493,PROD0011,cancelled,2023-11-05,2024-11-04,5438.28,5004.87
POL004189,PN-00004189,CUST003489,AGT00087,PROD0008,lapsed,2023-01-12,2024-01-12,10946.73,10789.6
POL004190,PN-00004190,CUST001633,AGT00093,PROD0046,active,2025-06-30,2026-06-30,2202.41,2157.78
POL004191,PN-00004191,CUST000330,AGT00222,PROD0026,active,2025-08-06,2026-08-06,5718.45,5650.15
POL004192,PN-00004192,CUST000123,AGT00187,PROD0037,quoted,2025-10-16,2026-10-16,3444.2,3182.62
POL004193,PN-00004193,CUST002652,AGT00342,PROD0016,cancelled,2025-08-25,2026-08-25,11696.66,11676.48
POL004194,PN-00004194,CUST000498,AGT00486,PROD0033,expired,2025-11-23,2026-11-23,3295.07,3150.33
POL004195,PN-00004195,CUST001137,AGT00289,PROD0017,renewed,2025-11-23,2026-11-23,2108.35,2092.15
POL004196,PN-00004196,CUST000423,AGT00143,PROD0038,active,2025-05-09,2026-05-09,7475.27,6829.13
POL004197,PN-00004197,CUST000691,AGT00466,PROD0038,active,2023-05-24,2024-05-23,6606.78,6244.72
POL004198,PN-00004198,CUST004285,AGT00400,PROD0002,renewed,2023-03-15,2024-03-14,4260.19,3896.44
POL004199,PN-00004199,CUST001365,AGT00355,PROD0047,lapsed,2025-12-22,2026-12-22,14077.24,13669.58
POL004200,PN-00004200,CUST001750,AGT00297,PROD0029,renewed,2026-02-26,2027-02-26,13808.88,12431.73
POL004201,PN-00004201,CUST004600,AGT00482,PROD0029,issued,2025-09-02,2026-09-02,873.61,813.86
POL004202,PN-00004202,CUST001378,AGT00458,PROD0048,active,2024-09-06,2025-09-06,10385.97,9641.96
POL004203,PN-00004203,CUST000715,AGT00023,PROD0009,active,2026-06-25,2027-06-25,8730.7,7940.26
POL004204,PN-00004204,CUST001760,AGT00207,PROD0031,quoted,2026-08-30,2027-08-30,12844.91,11606.07
POL004205,PN-00004205,CUST001511,AGT00374,PROD0022,quoted,2024-06-23,2025-06-23,2461.03,2410.19
POL004206,PN-00004206,CUST004219,AGT00111,PROD0007,lapsed,2025-11-18,2026-11-18,12853.88,11646.44
POL004207,PN-00004207,CUST002282,AGT00097,PROD0002,lapsed,2025-07-24,2026-07-24,1838.18,1798.18
POL004208,PN-00004208,CUST001780,AGT00452,PROD0003,active,2024-11-07,2025-11-07,11276.91,10538.57
POL004209,PN-00004209,CUST004501,AGT00068,PROD0032,lapsed,2026-07-28,2027-07-28,5564.51,5458.39
POL004210,PN-00004210,CUST003249,AGT00266,PROD0024,renewed,2026-02-09,2027-02-09,1723.2,1599.15
POL004211,PN-00004211,CUST004519,AGT00349,PROD0045,renewed,2024-09-04,2025-09-04,6419.56,5943.41
POL004212,PN-00004212,CUST001280,AGT00088,PROD0013,expired,2023-12-17,2024-12-16,11926.21,11891.0
POL004213,PN-00004213,CUST002081,AGT00085,PROD0022,active,2023-01-18,2024-01-18,4750.71,4731.62
POL004214,PN-00004214,CUST000767,AGT00478,PROD0045,expired,2025-09-21,2026-09-21,4602.75,4309.01
POL004215,PN-00004215,CUST004459,AGT00279,PROD0020,expired,2023-04-20,2024-04-19,14524.82,13704.86
POL004216,PN-00004216,CUST000696,AGT00468,PROD0010,issued,2024-07-06,2025-07-06,5370.86,4871.47
POL004217,PN-00004217,CUST000310,AGT00415,PROD0007,active,2023-11-18,2024-11-17,12066.88,11709.53
POL004218,PN-00004218,CUST000940,AGT00427,PROD0036,expired,2023-08-04,2024-08-03,1788.08,1618.71
POL004219,PN-00004219,CUST003255,AGT00092,PROD0048,expired,2023-07-27,2024-07-26,637.74,612.89
POL004220,PN-00004220,CUST001336,AGT00210,PROD0047,lapsed,2024-01-06,2025-01-05,1657.7,1536.89
POL004221,PN-00004221,CUST001480,AGT00375,PROD0002,active,2023-11-17,2024-11-16,993.2,900.78
POL004222,PN-00004222,CUST002556,AGT00035,PROD0003,active,2026-04-26,2027-04-26,2222.6,2047.98
POL004223,PN-00004223,CUST004794,AGT00183,PROD0048,cancelled,2024-08-31,2025-08-31,362.12,354.78
POL004224,PN-00004224,CUST004351,AGT00360,PROD0025,expired,2024-08-07,2025-08-07,2476.64,2413.51
POL004225,PN-00004225,CUST004027,AGT00089,PROD0050,renewed,2024-07-21,2025-07-21,11932.53,11822.09
POL004226,PN-00004226,CUST001127,AGT00412,PROD0032,lapsed,2024-03-03,2025-03-03,1303.85,1247.71
POL004227,PN-00004227,CUST000304,AGT00223,PROD0004,active,2024-09-24,2025-09-24,4228.1,3812.62
POL004228,PN-00004228,CUST003629,AGT00145,PROD0019,issued,2024-12-25,2025-12-25,7290.29,7047.52
POL004229,PN-00004229,CUST003907,AGT00103,PROD0019,issued,2023-10-31,2024-10-30,12838.81,11881.35
POL004230,PN-00004230,CUST000750,AGT00051,PROD0018,lapsed,2023-02-20,2024-02-20,7114.22,6953.0
POL004231,PN-00004231,CUST001893,AGT00495,PROD0028,active,2025-02-18,2026-02-18,12373.55,12158.11
POL004232,PN-00004232,CUST000082,AGT00254,PROD0004,active,2024-01-28,2025-01-27,7908.95,7789.34
POL004233,PN-00004233,CUST002392,AGT00089,PROD0030,active,2023-08-23,2024-08-22,12802.99,12453.74
POL004234,PN-00004234,CUST001172,AGT00153,PROD0032,active,2023-04-27,2024-04-26,6416.46,6201.82
POL004235,PN-00004235,CUST004661,AGT00069,PROD0009,renewed,2023-09-19,2024-09-18,4924.09,4824.81
POL004236,PN-00004236,CUST000797,AGT00216,PROD0047,quoted,2024-08-18,2025-08-18,1028.56,954.52
POL004237,PN-00004237,CUST004105,AGT00464,PROD0046,active,2026-03-16,2027-03-16,5592.71,5180.87
POL004238,PN-00004238,CUST002180,AGT00114,PROD0041,cancelled,2024-07-29,2025-07-29,11864.5,11186.95
POL004239,PN-00004239,CUST003345,AGT00470,PROD0026,issued,2024-03-22,2025-03-22,9171.7,9000.96
POL004240,PN-00004240,CUST000345,AGT00431,PROD0006,quoted,2023-10-13,2024-10-12,11061.91,10382.34
POL004241,PN-00004241,CUST001975,AGT00182,PROD0032,renewed,2024-12-31,2025-12-31,9658.87,9291.45
POL004242,PN-00004242,CUST004896,AGT00240,PROD0021,expired,2025-04-08,2026-04-08,7070.56,6561.7
POL004243,PN-00004243,CUST003458,AGT00254,PROD0025,active,2025-03-23,2026-03-23,14051.94,14001.66
POL004244,PN-00004244,CUST000761,AGT00113,PROD0020,active,2025-11-11,2026-11-11,1816.88,1800.44
POL004245,PN-00004245,CUST001741,AGT00086,PROD0020,expired,2023-10-18,2024-10-17,2672.68,2671.0
POL004246,PN-00004246,CUST002096,AGT00381,PROD0023,active,2024-02-13,2025-02-12,10615.6,10319.91
POL004247,PN-00004247,CUST002351,AGT00354,PROD0041,expired,2023-09-30,2024-09-29,2063.93,1877.16
POL004248,PN-00004248,CUST000134,AGT00146,PROD0037,quoted,2025-11-18,2026-11-18,3117.24,3066.32
POL004249,PN-00004249,CUST002740,AGT00432,PROD0033,lapsed,2023-07-25,2024-07-24,11536.52,10604.26
POL004250,PN-00004250,CUST002997,AGT00039,PROD0049,quoted,2024-08-22,2025-08-22,6184.74,5765.84
POL004251,PN-00004251,CUST000702,AGT00275,PROD0015,active,2025-09-12,2026-09-12,6367.25,6124.94
POL004252,PN-00004252,CUST004724,AGT00385,PROD0003,lapsed,2023-03-16,2024-03-15,5015.87,4622.94
POL004253,PN-00004253,CUST002094,AGT00047,PROD0002,cancelled,2026-01-16,2027-01-16,1026.75,927.76
POL004254,PN-00004254,CUST004837,AGT00170,PROD0004,active,2026-09-09,2027-09-09,14019.02,14017.55
POL004255,PN-00004255,CUST002232,AGT00463,PROD0024,expired,2023-08-18,2024-08-17,3379.42,3371.69
POL004256,PN-00004256,CUST000307,AGT00065,PROD0047,active,2026-05-29,2027-05-29,13383.46,13341.51
POL004257,PN-00004257,CUST001223,AGT00353,PROD0003,cancelled,2026-02-22,2027-02-22,5189.36,4671.76
POL004258,PN-00004258,CUST001567,AGT00406,PROD0007,issued,2023-10-24,2024-10-23,11943.62,11179.08
POL004259,PN-00004259,CUST004697,AGT00183,PROD0037,cancelled,2026-06-11,2027-06-11,12723.1,12176.66
POL004260,PN-00004260,CUST001417,AGT00468,PROD0018,renewed,2023-05-24,2024-05-23,9231.54,8411.05
POL004261,PN-00004261,CUST003207,AGT00174,PROD0021,quoted,2024-03-19,2025-03-19,5872.45,5354.55
POL004262,PN-00004262,CUST000707,AGT00056,PROD0042,active,2025-08-21,2026-08-21,11576.92,10569.54
POL004263,PN-00004263,CUST000363,AGT00344,PROD0016,active,2023-11-06,2024-11-05,10499.88,10014.05
POL004264,PN-00004264,CUST003252,AGT00037,PROD0019,issued,2024-07-01,2025-07-01,14637.5,13861.34
POL004265,PN-00004265,CUST001279,AGT00422,PROD0005,issued,2026-09-02,2027-09-02,6450.77,6006.67
POL004266,PN-00004266,CUST004469,AGT00062,PROD0005,active,2023-07-23,2024-07-22,13006.45,12873.14
POL004267,PN-00004267,CUST003346,AGT00284,PROD0032,issued,2023-12-31,2024-12-30,5877.0,5579.4
POL004268,PN-00004268,CUST003918,AGT00008,PROD0012,lapsed,2023-09-08,2024-09-07,5810.88,5713.66
POL004269,PN-00004269,CUST002109,AGT00180,PROD0003,expired,2024-02-23,2025-02-22,5629.09,5587.96
POL004270,PN-00004270,CUST001833,AGT00046,PROD0013,active,2023-08-08,2024-08-07,2531.72,2481.93
POL004271,PN-00004271,CUST000611,AGT00497,PROD0047,active,2024-01-14,2025-01-13,4861.54,4719.79
POL004272,PN-00004272,CUST003123,AGT00195,PROD0045,issued,2025-03-06,2026-03-06,2183.62,2174.89
POL004273,PN-00004273,CUST003090,AGT00499,PROD0012,active,2023-06-10,2024-06-09,5218.83,5195.01
POL004274,PN-00004274,CUST002113,AGT00008,PROD0049,active,2025-02-25,2026-02-25,332.51,313.19
POL004275,PN-00004275,CUST000925,AGT00357,PROD0009,lapsed,2023-01-20,2024-01-20,5345.18,4957.77
POL004276,PN-00004276,CUST004571,AGT00145,PROD0017,active,2025-07-14,2026-07-14,5772.45,5440.92
POL004277,PN-00004277,CUST000506,AGT00015,PROD0031,active,2024-08-29,2025-08-29,7881.08,7763.12
POL004278,PN-00004278,CUST001548,AGT00190,PROD0016,active,2024-03-08,2025-03-08,14422.32,14353.34
POL004279,PN-00004279,CUST002256,AGT00033,PROD0029,quoted,2024-12-18,2025-12-18,1932.52,1869.45
POL004280,PN-00004280,CUST003673,AGT00340,PROD0023,active,2025-03-02,2026-03-02,5702.55,5323.96
POL004281,PN-00004281,CUST002687,AGT00134,PROD0033,lapsed,2024-05-03,2025-05-03,7742.1,7545.48
POL004282,PN-00004282,CUST003078,AGT00046,PROD0010,cancelled,2024-02-11,2025-02-10,13409.78,13097.71
POL004283,PN-00004283,CUST003986,AGT00313,PROD0001,active,2024-11-23,2025-11-23,366.62,331.49
POL004284,PN-00004284,CUST004886,AGT00032,PROD0031,lapsed,2023-09-18,2024-09-17,8614.64,8023.47
POL004285,PN-00004285,CUST002035,AGT00199,PROD0028,issued,2025-04-07,2026-04-07,6797.11,6737.81
POL004286,PN-00004286,CUST001751,AGT00388,PROD0039,lapsed,2025-04-08,2026-04-08,11304.67,10622.46
POL004287,PN-00004287,CUST001674,AGT00279,PROD0037,renewed,2025-07-28,2026-07-28,5210.2,4701.22
POL004288,PN-00004288,CUST000651,AGT00093,PROD0006,cancelled,2024-08-11,2025-08-11,3193.81,3068.58
POL004289,PN-00004289,CUST001564,AGT00459,PROD0040,active,2024-04-10,2025-04-10,8679.52,8591.78
POL004290,PN-00004290,CUST001395,AGT00263,PROD0048,lapsed,2023-11-02,2024-11-01,13688.88,13534.04
POL004291,PN-00004291,CUST000987,AGT00394,PROD0023,expired,2025-05-03,2026-05-03,5708.88,5145.84
POL004292,PN-00004292,CUST000441,AGT00090,PROD0036,active,2026-09-09,2027-09-09,7130.45,6745.62
POL004293,PN-00004293,CUST000153,AGT00197,PROD0018,active,2026-01-16,2027-01-16,1456.33,1359.81
POL004294,PN-00004294,CUST004281,AGT00500,PROD0011,active,2026-06-19,2027-06-19,12745.79,11812.97
POL004295,PN-00004295,CUST002327,AGT00476,PROD0009,quoted,2024-04-19,2025-04-19,13388.09,12592.75
POL004296,PN-00004296,CUST004236,AGT00160,PROD0014,active,2026-04-27,2027-04-27,3942.37,3810.86
POL004297,PN-00004297,CUST003190,AGT00014,PROD0026,active,2023-10-24,2024-10-23,13120.97,12521.07
POL004298,PN-00004298,CUST001210,AGT00118,PROD0040,active,2023-08-13,2024-08-12,9113.63,8630.84
POL004299,PN-00004299,CUST004115,AGT00352,PROD0043,active,2025-08-22,2026-08-22,4395.57,4309.72
POL004300,PN-00004300,CUST003438,AGT00367,PROD0044,issued,2023-01-31,2024-01-31,12941.24,12487.05
POL004301,PN-00004301,CUST004445,AGT00211,PROD0033,active,2025-02-28,2026-02-28,5600.73,5306.59
POL004302,PN-00004302,CUST004892,AGT00450,PROD0020,active,2025-11-23,2026-11-23,1975.23,1897.43
POL004303,PN-00004303,CUST003378,AGT00151,PROD0021,active,2024-08-05,2025-08-05,7939.43,7511.18
POL004304,PN-00004304,CUST001024,AGT00290,PROD0047,issued,2024-12-12,2025-12-12,9182.97,8837.44
POL004305,PN-00004305,CUST004812,AGT00135,PROD0008,active,2024-04-10,2025-04-10,6169.18,5971.3
POL004306,PN-00004306,CUST003857,AGT00083,PROD0038,lapsed,2023-07-17,2024-07-16,2054.64,2054.11
POL004307,PN-00004307,CUST002544,AGT00023,PROD0047,renewed,2023-08-27,2024-08-26,12021.03,11755.82
POL004308,PN-00004308,CUST000016,AGT00285,PROD0012,expired,2024-02-12,2025-02-11,1594.01,1452.19
POL004309,PN-00004309,CUST001173,AGT00181,PROD0033,lapsed,2026-01-23,2027-01-23,2263.07,2095.25
POL004310,PN-00004310,CUST002150,AGT00469,PROD0047,issued,2023-12-16,2024-12-15,14305.8,13789.54
POL004311,PN-00004311,CUST004154,AGT00434,PROD0002,issued,2024-06-25,2025-06-25,5607.99,5594.73
POL004312,PN-00004312,CUST004446,AGT00444,PROD0039,active,2026-03-03,2027-03-03,5776.82,5262.22
POL004313,PN-00004313,CUST003911,AGT00463,PROD0020,renewed,2026-07-31,2027-07-31,13701.89,13605.61
POL004314,PN-00004314,CUST003472,AGT00385,PROD0047,issued,2024-04-14,2025-04-14,6055.58,5966.14
POL004315,PN-00004315,CUST001784,AGT00402,PROD0050,renewed,2025-08-19,2026-08-19,646.9,584.94
POL004316,PN-00004316,CUST001344,AGT00099,PROD0030,active,2023-09-10,2024-09-09,9941.9,9308.38
POL004317,PN-00004317,CUST003087,AGT00403,PROD0033,active,2024-01-15,2025-01-14,1931.16,1739.47
POL004318,PN-00004318,CUST001795,AGT00439,PROD0024,active,2025-11-19,2026-11-19,2061.38,2055.88
POL004319,PN-00004319,CUST003642,AGT00318,PROD0043,expired,2024-11-08,2025-11-08,1519.56,1463.94
POL004320,PN-00004320,CUST002163,AGT00192,PROD0010,cancelled,2024-06-25,2025-06-25,760.07,722.55
POL004321,PN-00004321,CUST003817,AGT00089,PROD0015,lapsed,2025-01-13,2026-01-13,9051.68,8873.55
POL004322,PN-00004322,CUST002576,AGT00398,PROD0023,active,2023-11-17,2024-11-16,12780.92,12284.24
POL004323,PN-00004323,CUST003954,AGT00403,PROD0003,lapsed,2024-01-08,2025-01-07,5665.15,5259.23
POL004324,PN-00004324,CUST004591,AGT00415,PROD0021,active,2024-10-05,2025-10-05,12678.17,11610.35
POL004325,PN-00004325,CUST000312,AGT00165,PROD0019,renewed,2025-10-25,2026-10-25,10959.05,10886.03
POL004326,PN-00004326,CUST004734,AGT00057,PROD0012,expired,2026-05-14,2027-05-14,7708.34,7282.79
POL004327,PN-00004327,CUST002036,AGT00334,PROD0024,expired,2024-04-27,2025-04-27,7002.45,6824.85
POL004328,PN-00004328,CUST001198,AGT00106,PROD0004,renewed,2023-01-08,2024-01-08,9508.28,8638.76
POL004329,PN-00004329,CUST002899,AGT00495,PROD0023,active,2025-09-03,2026-09-03,11985.1,10945.48
POL004330,PN-00004330,CUST003066,AGT00333,PROD0008,active,2025-03-15,2026-03-15,12848.84,11654.63
POL004331,PN-00004331,CUST002851,AGT00354,PROD0028,renewed,2026-07-25,2027-07-25,12756.41,11825.13
POL004332,PN-00004332,CUST004568,AGT00379,PROD0025,renewed,2024-02-25,2025-02-24,7603.29,6881.67
POL004333,PN-00004333,CUST000134,AGT00109,PROD0027,lapsed,2025-03-16,2026-03-16,3877.12,3655.14
POL004334,PN-00004334,CUST000442,AGT00066,PROD0025,issued,2026-07-06,2027-07-06,7816.99,7567.5
POL004335,PN-00004335,CUST002733,AGT00479,PROD0033,quoted,2024-06-12,2025-06-12,13645.63,12736.39
POL004336,PN-00004336,CUST000547,AGT00273,PROD0041,lapsed,2026-02-03,2027-02-03,6276.43,5853.25
POL004337,PN-00004337,CUST001527,AGT00260,PROD0033,issued,2026-08-01,2027-08-01,7195.44,6796.9
POL004338,PN-00004338,CUST003786,AGT00140,PROD0027,active,2023-04-29,2024-04-28,453.55,412.27
POL004339,PN-00004339,CUST003062,AGT00444,PROD0036,lapsed,2026-02-14,2027-02-14,2836.94,2681.18
POL004340,PN-00004340,CUST001931,AGT00191,PROD0006,active,2025-09-03,2026-09-03,1570.28,1518.7
POL004341,PN-00004341,CUST004635,AGT00228,PROD0017,quoted,2024-11-24,2025-11-24,521.89,501.21
POL004342,PN-00004342,CUST000408,AGT00219,PROD0018,quoted,2026-09-15,2027-09-15,14955.81,14659.46
POL004343,PN-00004343,CUST003873,AGT00338,PROD0005,cancelled,2026-08-03,2027-08-03,2852.37,2632.38
POL004344,PN-00004344,CUST002359,AGT00496,PROD0027,cancelled,2023-08-06,2024-08-05,1725.38,1660.84
POL004345,PN-00004345,CUST001495,AGT00428,PROD0017,active,2026-07-13,2027-07-13,742.5,738.61
POL004346,PN-00004346,CUST004589,AGT00414,PROD0044,cancelled,2024-01-13,2025-01-12,1091.33,1042.49
POL004347,PN-00004347,CUST000939,AGT00118,PROD0002,active,2025-11-18,2026-11-18,14623.17,14030.22
POL004348,PN-00004348,CUST001562,AGT00057,PROD0005,cancelled,2025-06-07,2026-06-07,9673.21,9320.66
POL004349,PN-00004349,CUST001011,AGT00181,PROD0009,active,2023-10-28,2024-10-27,13308.79,12327.79
POL004350,PN-00004350,CUST000449,AGT00426,PROD0036,renewed,2026-03-02,2027-03-02,6512.56,6372.36
POL004351,PN-00004351,CUST001777,AGT00250,PROD0050,renewed,2025-02-24,2026-02-24,5932.14,5346.11
POL004352,PN-00004352,CUST004594,AGT00449,PROD0004,expired,2025-02-25,2026-02-25,11510.61,10420.55
POL004353,PN-00004353,CUST002814,AGT00368,PROD0004,cancelled,2025-05-09,2026-05-09,4559.54,4147.13
POL004354,PN-00004354,CUST004427,AGT00118,PROD0012,quoted,2026-02-03,2027-02-03,11031.41,10841.35
POL004355,PN-00004355,CUST000797,AGT00338,PROD0019,quoted,2024-07-28,2025-07-28,898.33,833.06
POL004356,PN-00004356,CUST004229,AGT00290,PROD0049,issued,2024-01-28,2025-01-27,5022.78,4748.8
POL004357,PN-00004357,CUST001200,AGT00443,PROD0019,cancelled,2025-06-06,2026-06-06,1904.27,1743.61
POL004358,PN-00004358,CUST002379,AGT00334,PROD0046,active,2023-06-14,2024-06-13,1280.81,1162.84
POL004359,PN-00004359,CUST004524,AGT00422,PROD0007,lapsed,2023-10-11,2024-10-10,6397.67,6120.22
POL004360,PN-00004360,CUST003152,AGT00190,PROD0035,active,2024-03-24,2025-03-24,5120.76,4850.24
POL004361,PN-00004361,CUST004398,AGT00105,PROD0047,expired,2026-08-24,2027-08-24,14271.63,13968.87
POL004362,PN-00004362,CUST004475,AGT00166,PROD0027,expired,2023-02-25,2024-02-25,10823.27,10790.01
POL004363,PN-00004363,CUST002199,AGT00167,PROD0049,active,2025-04-10,2026-04-10,7807.69,7369.74
POL004364,PN-00004364,CUST004974,AGT00437,PROD0014,renewed,2023-06-15,2024-06-14,9406.79,9000.05
POL004365,PN-00004365,CUST004832,AGT00220,PROD0022,active,2026-03-03,2027-03-03,1825.08,1751.05
POL004366,PN-00004366,CUST002072,AGT00446,PROD0017,active,2026-08-20,2027-08-20,11680.39,11232.79
POL004367,PN-00004367,CUST000041,AGT00238,PROD0042,renewed,2026-02-06,2027-02-06,4841.39,4772.43
POL004368,PN-00004368,CUST004115,AGT00135,PROD0017,quoted,2026-05-05,2027-05-05,9869.98,9608.58
POL004369,PN-00004369,CUST001382,AGT00415,PROD0049,renewed,2024-04-23,2025-04-23,1157.77,1055.25
POL004370,PN-00004370,CUST002537,AGT00336,PROD0025,quoted,2024-11-06,2025-11-06,13833.76,13354.56
POL004371,PN-00004371,CUST001225,AGT00285,PROD0028,issued,2023-01-27,2024-01-27,12641.12,12018.74
POL004372,PN-00004372,CUST003642,AGT00210,PROD0040,issued,2023-05-18,2024-05-17,764.16,747.74
POL004373,PN-00004373,CUST004480,AGT00365,PROD0039,active,2026-01-10,2027-01-10,1730.29,1639.06
POL004374,PN-00004374,CUST000451,AGT00058,PROD0008,quoted,2023-04-01,2024-03-31,4487.82,4267.31
POL004375,PN-00004375,CUST002193,AGT00142,PROD0045,active,2024-06-02,2025-06-02,4052.42,3961.11
POL004376,PN-00004376,CUST001099,AGT00179,PROD0026,issued,2025-08-20,2026-08-20,2267.93,2168.79
POL004377,PN-00004377,CUST002719,AGT00039,PROD0006,cancelled,2023-01-16,2024-01-16,8653.5,8416.78
POL004378,PN-00004378,CUST001081,AGT00206,PROD0023,active,2025-12-11,2026-12-11,9704.22,8802.56
POL004379,PN-00004379,CUST002798,AGT00183,PROD0006,active,2024-09-06,2025-09-06,12141.3,11753.31
POL004380,PN-00004380,CUST000090,AGT00436,PROD0001,lapsed,2023-01-15,2024-01-15,8136.82,7764.28
POL004381,PN-00004381,CUST004269,AGT00335,PROD0031,issued,2026-08-08,2027-08-08,6493.91,6044.73
POL004382,PN-00004382,CUST003751,AGT00460,PROD0029,lapsed,2023-12-06,2024-12-05,2653.5,2485.99
POL004383,PN-00004383,CUST003520,AGT00404,PROD0038,active,2024-01-24,2025-01-23,1449.29,1386.06
POL004384,PN-00004384,CUST002909,AGT00148,PROD0035,quoted,2026-02-17,2027-02-17,1356.19,1318.37
POL004385,PN-00004385,CUST004033,AGT00103,PROD0010,issued,2025-08-07,2026-08-07,6417.99,6155.41
POL004386,PN-00004386,CUST004977,AGT00370,PROD0003,renewed,2024-04-30,2025-04-30,6878.86,6501.42
POL004387,PN-00004387,CUST000725,AGT00050,PROD0001,cancelled,2023-12-15,2024-12-14,12326.17,11944.49
POL004388,PN-00004388,CUST001583,AGT00401,PROD0030,active,2026-09-12,2027-09-12,4980.52,4586.27
POL004389,PN-00004389,CUST004455,AGT00161,PROD0008,active,2024-12-11,2025-12-11,10107.71,9677.73
POL004390,PN-00004390,CUST000323,AGT00341,PROD0002,expired,2025-10-10,2026-10-10,4192.62,4138.52
POL004391,PN-00004391,CUST003875,AGT00069,PROD0015,lapsed,2026-04-18,2027-04-18,7034.14,6708.05
POL004392,PN-00004392,CUST000668,AGT00054,PROD0034,quoted,2025-10-30,2026-10-30,2423.42,2287.52
POL004393,PN-00004393,CUST000264,AGT00166,PROD0043,cancelled,2026-03-29,2027-03-29,13832.25,13189.6
POL004394,PN-00004394,CUST003795,AGT00395,PROD0003,active,2024-05-30,2025-05-30,2418.23,2343.82
POL004395,PN-00004395,CUST003838,AGT00209,PROD0038,active,2025-04-12,2026-04-12,7334.12,6696.77
POL004396,PN-00004396,CUST003058,AGT00455,PROD0018,quoted,2026-04-18,2027-04-18,6067.42,6006.46
POL004397,PN-00004397,CUST003981,AGT00402,PROD0001,renewed,2023-12-27,2024-12-26,8353.15,7697.19
POL004398,PN-00004398,CUST004059,AGT00430,PROD0009,cancelled,2024-03-04,2025-03-04,8382.61,7926.37
POL004399,PN-00004399,CUST001277,AGT00060,PROD0026,expired,2025-06-11,2026-06-11,2944.3,2847.75
POL004400,PN-00004400,CUST003163,AGT00268,PROD0041,active,2024-01-07,2025-01-06,7320.47,6712.22
POL004401,PN-00004401,CUST004619,AGT00446,PROD0004,active,2026-08-31,2027-08-31,12177.86,11443.56
POL004402,PN-00004402,CUST002660,AGT00379,PROD0044,quoted,2024-08-19,2025-08-19,4571.76,4402.83
POL004403,PN-00004403,CUST003304,AGT00260,PROD0034,lapsed,2026-03-22,2027-03-22,5177.64,5162.96
POL004404,PN-00004404,CUST004985,AGT00402,PROD0016,issued,2023-10-26,2024-10-25,1333.65,1289.81
POL004405,PN-00004405,CUST001880,AGT00097,PROD0047,active,2023-03-06,2024-03-05,13841.05,12632.0
POL004406,PN-00004406,CUST003919,AGT00310,PROD0021,lapsed,2024-03-06,2025-03-06,4704.85,4600.85
POL004407,PN-00004407,CUST003411,AGT00129,PROD0023,expired,2023-01-29,2024-01-29,4463.25,4092.07
POL004408,PN-00004408,CUST000204,AGT00439,PROD0050,active,2024-09-25,2025-09-25,10369.38,10366.21
POL004409,PN-00004409,CUST000791,AGT00208,PROD0014,expired,2023-07-07,2024-07-06,6544.45,6392.61
POL004410,PN-00004410,CUST002358,AGT00432,PROD0007,quoted,2025-09-24,2026-09-24,1108.06,1021.71
POL004411,PN-00004411,CUST003610,AGT00301,PROD0002,renewed,2024-06-10,2025-06-10,14653.94,13577.99
POL004412,PN-00004412,CUST001025,AGT00060,PROD0009,expired,2023-03-22,2024-03-21,6557.59,5915.92
POL004413,PN-00004413,CUST004102,AGT00014,PROD0045,expired,2026-01-01,2027-01-01,11577.79,11107.14
POL004414,PN-00004414,CUST000053,AGT00386,PROD0009,issued,2026-02-19,2027-02-19,10099.76,9723.37
POL004415,PN-00004415,CUST000428,AGT00257,PROD0033,active,2025-10-25,2026-10-25,471.59,437.42
POL004416,PN-00004416,CUST000509,AGT00245,PROD0022,lapsed,2024-04-26,2025-04-26,562.03,558.68
POL004417,PN-00004417,CUST003643,AGT00447,PROD0030,expired,2023-10-26,2024-10-25,2527.38,2470.48
POL004418,PN-00004418,CUST003208,AGT00477,PROD0029,cancelled,2024-04-07,2025-04-07,4399.54,4351.1
POL004419,PN-00004419,CUST004277,AGT00357,PROD0028,cancelled,2023-05-08,2024-05-07,1613.1,1567.05
POL004420,PN-00004420,CUST000368,AGT00271,PROD0024,active,2026-02-11,2027-02-11,5042.35,4828.21
POL004421,PN-00004421,CUST002386,AGT00354,PROD0025,renewed,2024-12-18,2025-12-18,1292.65,1265.21
POL004422,PN-00004422,CUST004789,AGT00087,PROD0008,cancelled,2023-10-20,2024-10-19,6784.8,6202.5
POL004423,PN-00004423,CUST000760,AGT00248,PROD0008,quoted,2025-11-17,2026-11-17,6458.58,6242.8
POL004424,PN-00004424,CUST003526,AGT00259,PROD0016,quoted,2025-08-29,2026-08-29,2362.67,2362.24
POL004425,PN-00004425,CUST003581,AGT00131,PROD0035,active,2026-08-28,2027-08-28,13184.37,12475.85
POL004426,PN-00004426,CUST002019,AGT00113,PROD0009,expired,2024-10-29,2025-10-29,8442.87,7774.86
POL004427,PN-00004427,CUST004542,AGT00452,PROD0006,quoted,2024-04-12,2025-04-12,566.5,527.05
POL004428,PN-00004428,CUST001981,AGT00453,PROD0025,expired,2023-10-22,2024-10-21,14683.21,14047.59
POL004429,PN-00004429,CUST002729,AGT00126,PROD0048,active,2026-08-10,2027-08-10,10994.23,9903.21
POL004430,PN-00004430,CUST004560,AGT00404,PROD0006,expired,2026-01-08,2027-01-08,7644.62,7006.51
POL004431,PN-00004431,CUST002312,AGT00002,PROD0018,quoted,2025-05-27,2026-05-27,5856.01,5761.92
POL004432,PN-00004432,CUST000287,AGT00223,PROD0044,lapsed,2023-05-14,2024-05-13,8718.49,8593.92
POL004433,PN-00004433,CUST003079,AGT00047,PROD0034,active,2026-06-08,2027-06-08,3279.75,3140.01
POL004434,PN-00004434,CUST004440,AGT00221,PROD0021,expired,2024-01-31,2025-01-30,14962.58,14623.79
POL004435,PN-00004435,CUST002449,AGT00183,PROD0002,lapsed,2023-06-07,2024-06-06,8435.34,7996.35
POL004436,PN-00004436,CUST002975,AGT00448,PROD0004,active,2024-04-10,2025-04-10,12273.11,11969.08
POL004437,PN-00004437,CUST001662,AGT00198,PROD0042,issued,2023-06-03,2024-06-02,2899.01,2691.7
POL004438,PN-00004438,CUST003172,AGT00449,PROD0007,issued,2025-12-12,2026-12-12,14469.83,13211.58
POL004439,PN-00004439,CUST000520,AGT00168,PROD0046,issued,2023-11-24,2024-11-23,1281.42,1255.06
POL004440,PN-00004440,CUST001968,AGT00405,PROD0014,quoted,2026-01-23,2027-01-23,6983.54,6316.69
POL004441,PN-00004441,CUST003165,AGT00020,PROD0016,lapsed,2026-08-23,2027-08-23,2647.88,2539.15
POL004442,PN-00004442,CUST004933,AGT00401,PROD0045,active,2025-01-04,2026-01-04,14224.16,13467.49
POL004443,PN-00004443,CUST003782,AGT00189,PROD0028,issued,2026-07-15,2027-07-15,13775.7,12427.93
POL004444,PN-00004444,CUST004836,AGT00439,PROD0020,renewed,2025-01-27,2026-01-27,2327.12,2123.82
POL004445,PN-00004445,CUST002765,AGT00312,PROD0018,expired,2023-01-13,2024-01-13,3137.66,2906.16
POL004446,PN-00004446,CUST002449,AGT00356,PROD0006,quoted,2024-01-31,2025-01-30,14704.9,14608.74
POL004447,PN-00004447,CUST004199,AGT00443,PROD0017,active,2024-10-16,2025-10-16,5606.98,5507.64
POL004448,PN-00004448,CUST002653,AGT00149,PROD0040,active,2024-06-07,2025-06-07,12195.82,11597.64
POL004449,PN-00004449,CUST000583,AGT00133,PROD0006,active,2024-04-26,2025-04-26,11359.96,10391.98
POL004450,PN-00004450,CUST002583,AGT00271,PROD0050,active,2025-06-02,2026-06-02,12894.43,11877.16
POL004451,PN-00004451,CUST001555,AGT00475,PROD0042,expired,2024-03-13,2025-03-13,458.62,417.32
POL004452,PN-00004452,CUST001862,AGT00056,PROD0005,active,2023-09-11,2024-09-10,10165.2,9649.47
POL004453,PN-00004453,CUST001693,AGT00357,PROD0027,quoted,2025-08-19,2026-08-19,10839.6,10310.23
POL004454,PN-00004454,CUST001022,AGT00484,PROD0014,active,2025-01-28,2026-01-28,10973.31,10688.05
POL004455,PN-00004455,CUST001244,AGT00040,PROD0008,quoted,2023-06-06,2024-06-05,1826.48,1816.36
POL004456,PN-00004456,CUST004500,AGT00111,PROD0043,active,2023-04-11,2024-04-10,7758.37,7669.21
POL004457,PN-00004457,CUST001693,AGT00024,PROD0039,active,2026-08-29,2027-08-29,12398.94,11799.17
POL004458,PN-00004458,CUST004954,AGT00043,PROD0041,expired,2026-08-13,2027-08-13,9228.31,9063.99
POL004459,PN-00004459,CUST000173,AGT00083,PROD0002,expired,2025-11-10,2026-11-10,2552.8,2465.27
POL004460,PN-00004460,CUST004149,AGT00326,PROD0008,active,2026-01-22,2027-01-22,2052.32,1888.94
POL004461,PN-00004461,CUST002604,AGT00473,PROD0042,lapsed,2025-11-29,2026-11-29,6498.37,6009.79
POL004462,PN-00004462,CUST003025,AGT00259,PROD0046,lapsed,2026-02-23,2027-02-23,423.02,402.91
POL004463,PN-00004463,CUST003703,AGT00249,PROD0043,quoted,2026-04-29,2027-04-29,6703.87,6340.04
POL004464,PN-00004464,CUST004559,AGT00254,PROD0037,active,2023-04-16,2024-04-15,2922.33,2752.46
POL004465,PN-00004465,CUST002240,AGT00082,PROD0013,lapsed,2026-09-05,2027-09-05,5362.36,5213.46
POL004466,PN-00004466,CUST003126,AGT00140,PROD0033,active,2024-07-13,2025-07-13,715.34,692.91
POL004467,PN-00004467,CUST003865,AGT00015,PROD0010,renewed,2026-03-27,2027-03-27,894.06,885.77
POL004468,PN-00004468,CUST002095,AGT00075,PROD0010,lapsed,2026-08-04,2027-08-04,4175.13,3773.05
POL004469,PN-00004469,CUST002468,AGT00238,PROD0025,active,2026-01-12,2027-01-12,8775.61,8621.9
POL004470,PN-00004470,CUST001559,AGT00332,PROD0044,cancelled,2026-05-27,2027-05-27,11389.59,11270.64
POL004471,PN-00004471,CUST003209,AGT00183,PROD0049,lapsed,2025-11-09,2026-11-09,5815.27,5652.69
POL004472,PN-00004472,CUST000874,AGT00140,PROD0004,lapsed,2024-05-19,2025-05-19,12573.01,12384.8
POL004473,PN-00004473,CUST002789,AGT00494,PROD0018,renewed,2024-10-26,2025-10-26,3852.57,3685.63
POL004474,PN-00004474,CUST001543,AGT00334,PROD0049,active,2023-12-19,2024-12-18,13634.29,12567.86
POL004475,PN-00004475,CUST002823,AGT00350,PROD0029,issued,2023-04-30,2024-04-29,7749.92,7030.48
POL004476,PN-00004476,CUST003883,AGT00184,PROD0038,issued,2025-02-12,2026-02-12,6297.34,6267.32
POL004477,PN-00004477,CUST002387,AGT00157,PROD0043,lapsed,2025-05-18,2026-05-18,6018.11,5817.96
POL004478,PN-00004478,CUST004795,AGT00031,PROD0034,cancelled,2026-05-27,2027-05-27,12072.63,11433.5
POL004479,PN-00004479,CUST000403,AGT00248,PROD0003,active,2025-02-25,2026-02-25,2010.49,1984.12
POL004480,PN-00004480,CUST001441,AGT00086,PROD0043,cancelled,2024-03-14,2025-03-14,12445.99,12314.47
POL004481,PN-00004481,CUST004828,AGT00214,PROD0001,lapsed,2025-02-11,2026-02-11,13848.83,12927.52
POL004482,PN-00004482,CUST002883,AGT00089,PROD0012,cancelled,2026-04-17,2027-04-17,11790.09,10638.07
POL004483,PN-00004483,CUST002465,AGT00148,PROD0014,active,2025-06-09,2026-06-09,573.13,546.43
POL004484,PN-00004484,CUST002358,AGT00274,PROD0043,issued,2025-03-19,2026-03-19,10882.58,10374.5
POL004485,PN-00004485,CUST004062,AGT00146,PROD0021,renewed,2025-06-19,2026-06-19,11295.12,10620.41
POL004486,PN-00004486,CUST001065,AGT00222,PROD0042,quoted,2024-03-13,2025-03-13,11999.57,11561.97
POL004487,PN-00004487,CUST004156,AGT00298,PROD0043,active,2025-09-02,2026-09-02,14163.47,13665.4
POL004488,PN-00004488,CUST000388,AGT00114,PROD0028,quoted,2024-12-28,2025-12-28,14502.48,13726.82
POL004489,PN-00004489,CUST002253,AGT00217,PROD0029,active,2024-05-28,2025-05-28,3461.02,3437.86
POL004490,PN-00004490,CUST004642,AGT00362,PROD0044,cancelled,2025-07-23,2026-07-23,1089.18,1016.99
POL004491,PN-00004491,CUST000244,AGT00057,PROD0045,active,2024-02-13,2025-02-12,3337.01,3291.71
POL004492,PN-00004492,CUST001863,AGT00383,PROD0006,renewed,2025-08-20,2026-08-20,10959.83,10630.64
POL004493,PN-00004493,CUST003461,AGT00357,PROD0015,lapsed,2023-07-17,2024-07-16,7664.51,7171.05
POL004494,PN-00004494,CUST002109,AGT00011,PROD0049,issued,2023-10-25,2024-10-24,6050.94,5945.79
POL004495,PN-00004495,CUST000399,AGT00063,PROD0022,active,2025-12-02,2026-12-02,12714.9,11927.99
POL004496,PN-00004496,CUST001387,AGT00107,PROD0006,lapsed,2023-04-05,2024-04-04,6840.59,6736.73
POL004497,PN-00004497,CUST002757,AGT00241,PROD0031,active,2025-11-19,2026-11-19,10407.52,9802.63
POL004498,PN-00004498,CUST000263,AGT00191,PROD0019,issued,2023-10-03,2024-10-02,572.09,520.05
POL004499,PN-00004499,CUST003437,AGT00201,PROD0033,expired,2023-12-21,2024-12-20,7207.61,6650.36
POL004500,PN-00004500,CUST002486,AGT00024,PROD0006,active,2025-11-09,2026-11-09,8322.09,7960.27
POL004501,PN-00004501,CUST003604,AGT00371,PROD0017,issued,2023-08-10,2024-08-09,8380.96,8231.46
POL004502,PN-00004502,CUST001035,AGT00238,PROD0006,issued,2026-08-17,2027-08-17,5530.58,5405.92
POL004503,PN-00004503,CUST000902,AGT00303,PROD0018,lapsed,2025-12-12,2026-12-12,2792.14,2669.39
POL004504,PN-00004504,CUST001149,AGT00240,PROD0027,active,2024-03-24,2025-03-24,4270.4,4027.91
POL004505,PN-00004505,CUST003041,AGT00229,PROD0047,lapsed,2023-08-02,2024-08-01,8120.34,7634.66
POL004506,PN-00004506,CUST004403,AGT00389,PROD0013,renewed,2024-10-11,2025-10-11,14864.69,14812.97
POL004507,PN-00004507,CUST003823,AGT00147,PROD0022,renewed,2025-08-01,2026-08-01,1932.34,1774.86
POL004508,PN-00004508,CUST002164,AGT00482,PROD0044,active,2025-07-21,2026-07-21,9053.32,8260.18
POL004509,PN-00004509,CUST004916,AGT00277,PROD0002,active,2025-06-24,2026-06-24,1389.34,1276.83
POL004510,PN-00004510,CUST003631,AGT00263,PROD0007,cancelled,2023-10-24,2024-10-23,10943.14,10236.86
POL004511,PN-00004511,CUST001309,AGT00426,PROD0015,renewed,2025-06-17,2026-06-17,3904.14,3690.23
POL004512,PN-00004512,CUST000166,AGT00139,PROD0044,cancelled,2023-07-30,2024-07-29,3982.13,3949.2
POL004513,PN-00004513,CUST004428,AGT00274,PROD0027,active,2023-06-21,2024-06-20,3483.65,3203.1
POL004514,PN-00004514,CUST001996,AGT00189,PROD0037,active,2023-03-08,2024-03-07,6157.71,6089.84
POL004515,PN-00004515,CUST003750,AGT00232,PROD0021,lapsed,2024-11-25,2025-11-25,14154.46,13143.83
POL004516,PN-00004516,CUST000128,AGT00145,PROD0010,renewed,2023-05-19,2024-05-18,12138.51,11641.61
POL004517,PN-00004517,CUST004259,AGT00266,PROD0022,quoted,2025-07-29,2026-07-29,6288.83,5703.39
POL004518,PN-00004518,CUST004681,AGT00208,PROD0046,expired,2025-05-05,2026-05-05,13733.37,13303.72
POL004519,PN-00004519,CUST004689,AGT00105,PROD0038,renewed,2026-03-05,2027-03-05,11187.91,11102.38
POL004520,PN-00004520,CUST001595,AGT00199,PROD0041,renewed,2023-03-07,2024-03-06,13059.45,12513.01
POL004521,PN-00004521,CUST004894,AGT00022,PROD0046,lapsed,2026-03-07,2027-03-07,7457.42,7418.05
POL004522,PN-00004522,CUST001499,AGT00417,PROD0002,lapsed,2025-10-20,2026-10-20,9985.95,9973.97
POL004523,PN-00004523,CUST001994,AGT00267,PROD0005,active,2023-01-27,2024-01-27,1889.45,1776.8
POL004524,PN-00004524,CUST001068,AGT00144,PROD0001,issued,2025-11-04,2026-11-04,11225.68,10787.37
POL004525,PN-00004525,CUST001228,AGT00367,PROD0046,expired,2025-02-14,2026-02-14,4133.03,3918.86
POL004526,PN-00004526,CUST002067,AGT00475,PROD0021,active,2025-04-22,2026-04-22,10459.12,10173.97
POL004527,PN-00004527,CUST001459,AGT00075,PROD0042,active,2024-11-04,2025-11-04,630.24,608.1
POL004528,PN-00004528,CUST003818,AGT00378,PROD0034,active,2025-12-02,2026-12-02,12498.61,11874.74
POL004529,PN-00004529,CUST004553,AGT00432,PROD0001,active,2025-02-05,2026-02-05,8798.4,8340.14
POL004530,PN-00004530,CUST001483,AGT00004,PROD0002,active,2023-09-19,2024-09-18,8137.71,7506.6
POL004531,PN-00004531,CUST001810,AGT00339,PROD0029,active,2023-07-12,2024-07-11,14539.54,14322.6
POL004532,PN-00004532,CUST002329,AGT00099,PROD0044,quoted,2025-10-27,2026-10-27,9993.64,9782.72
POL004533,PN-00004533,CUST002015,AGT00467,PROD0047,active,2025-08-02,2026-08-02,13030.41,12587.38
POL004534,PN-00004534,CUST004977,AGT00081,PROD0035,quoted,2026-02-04,2027-02-04,13037.87,12754.23
POL004535,PN-00004535,CUST004684,AGT00207,PROD0039,active,2025-05-08,2026-05-08,4952.8,4719.48
POL004536,PN-00004536,CUST002758,AGT00120,PROD0041,issued,2025-08-11,2026-08-11,4928.11,4521.94
POL004537,PN-00004537,CUST001238,AGT00007,PROD0032,cancelled,2023-10-08,2024-10-07,1562.34,1530.59
POL004538,PN-00004538,CUST004453,AGT00325,PROD0004,active,2024-11-06,2025-11-06,5948.01,5897.17
POL004539,PN-00004539,CUST001230,AGT00138,PROD0032,active,2026-08-28,2027-08-28,821.3,791.81
POL004540,PN-00004540,CUST000689,AGT00122,PROD0047,quoted,2024-01-26,2025-01-25,7120.14,6450.54
POL004541,PN-00004541,CUST004403,AGT00159,PROD0001,active,2026-06-15,2027-06-15,10404.54,10389.49
POL004542,PN-00004542,CUST001216,AGT00294,PROD0015,cancelled,2026-02-21,2027-02-21,14337.19,13371.75
POL004543,PN-00004543,CUST000323,AGT00225,PROD0041,quoted,2026-04-16,2027-04-16,3076.21,2780.26
POL004544,PN-00004544,CUST004344,AGT00069,PROD0043,active,2023-09-20,2024-09-19,12078.47,11193.56
POL004545,PN-00004545,CUST004854,AGT00063,PROD0015,issued,2023-03-22,2024-03-21,9532.46,8579.35
POL004546,PN-00004546,CUST003040,AGT00163,PROD0043,issued,2025-09-22,2026-09-22,1104.63,1058.1
POL004547,PN-00004547,CUST003339,AGT00131,PROD0001,issued,2025-02-21,2026-02-21,4329.8,4059.03
POL004548,PN-00004548,CUST000894,AGT00496,PROD0008,active,2025-11-08,2026-11-08,2306.42,2142.08
POL004549,PN-00004549,CUST001838,AGT00344,PROD0046,cancelled,2023-12-05,2024-12-04,11250.72,10195.1
POL004550,PN-00004550,CUST000209,AGT00066,PROD0016,active,2024-01-02,2025-01-01,3162.1,3073.95
POL004551,PN-00004551,CUST000992,AGT00112,PROD0037,active,2026-03-29,2027-03-29,9671.94,9600.71
POL004552,PN-00004552,CUST004426,AGT00162,PROD0033,active,2023-09-04,2024-09-03,4461.89,4236.52
POL004553,PN-00004553,CUST002597,AGT00019,PROD0012,active,2023-10-09,2024-10-08,1768.16,1729.54
POL004554,PN-00004554,CUST000695,AGT00201,PROD0006,issued,2023-04-18,2024-04-17,10449.26,10030.99
POL004555,PN-00004555,CUST004758,AGT00174,PROD0015,quoted,2023-10-18,2024-10-17,14469.53,13498.08
POL004556,PN-00004556,CUST003928,AGT00258,PROD0042,active,2024-08-31,2025-08-31,14999.64,14719.25
POL004557,PN-00004557,CUST004426,AGT00046,PROD0019,cancelled,2026-08-30,2027-08-30,13014.81,12807.44
POL004558,PN-00004558,CUST002496,AGT00353,PROD0046,renewed,2023-09-08,2024-09-07,9485.13,9431.91
POL004559,PN-00004559,CUST004402,AGT00445,PROD0006,quoted,2025-09-21,2026-09-21,6276.54,6066.0
POL004560,PN-00004560,CUST004871,AGT00418,PROD0042,active,2023-07-30,2024-07-29,1887.97,1850.56
POL004561,PN-00004561,CUST001713,AGT00375,PROD0008,quoted,2025-06-09,2026-06-09,10455.64,9492.0
POL004562,PN-00004562,CUST002396,AGT00057,PROD0001,lapsed,2024-09-09,2025-09-09,10211.69,9723.39
POL004563,PN-00004563,CUST000225,AGT00209,PROD0017,active,2024-12-13,2025-12-13,5892.45,5684.83
POL004564,PN-00004564,CUST000244,AGT00323,PROD0002,active,2026-06-15,2027-06-15,8342.04,8096.4
POL004565,PN-00004565,CUST001561,AGT00222,PROD0050,active,2025-01-23,2026-01-23,2432.78,2337.88
POL004566,PN-00004566,CUST001072,AGT00192,PROD0041,cancelled,2023-09-16,2024-09-15,1055.18,989.63
POL004567,PN-00004567,CUST003376,AGT00353,PROD0047,issued,2025-08-08,2026-08-08,9397.19,9284.76
POL004568,PN-00004568,CUST003487,AGT00228,PROD0005,active,2023-10-19,2024-10-18,7119.58,6979.97
POL004569,PN-00004569,CUST000156,AGT00050,PROD0015,renewed,2023-02-14,2024-02-14,5417.89,4946.86
POL004570,PN-00004570,CUST001656,AGT00128,PROD0042,renewed,2023-12-05,2024-12-04,4849.59,4755.42
POL004571,PN-00004571,CUST003754,AGT00342,PROD0013,expired,2023-02-03,2024-02-03,6121.77,6040.12
POL004572,PN-00004572,CUST004175,AGT00242,PROD0036,active,2025-06-13,2026-06-13,12463.65,12391.27
POL004573,PN-00004573,CUST000498,AGT00365,PROD0044,active,2023-10-07,2024-10-06,12342.73,11778.81
POL004574,PN-00004574,CUST002824,AGT00148,PROD0003,expired,2024-07-03,2025-07-03,505.68,493.05
POL004575,PN-00004575,CUST003511,AGT00443,PROD0025,cancelled,2025-11-30,2026-11-30,9951.76,9639.28
POL004576,PN-00004576,CUST000822,AGT00164,PROD0028,cancelled,2026-08-29,2027-08-29,2211.0,2166.18
POL004577,PN-00004577,CUST002146,AGT00266,PROD0008,expired,2026-06-29,2027-06-29,11418.93,10292.05
POL004578,PN-00004578,CUST002723,AGT00425,PROD0042,renewed,2026-06-02,2027-06-02,8288.31,7914.75
POL004579,PN-00004579,CUST002320,AGT00461,PROD0031,expired,2023-03-14,2024-03-13,5320.08,4948.27
POL004580,PN-00004580,CUST003777,AGT00347,PROD0007,issued,2025-09-17,2026-09-17,2440.07,2237.61
POL004581,PN-00004581,CUST004616,AGT00263,PROD0007,active,2024-10-04,2025-10-04,12406.72,11501.8
POL004582,PN-00004582,CUST002944,AGT00116,PROD0013,active,2026-01-19,2027-01-19,4677.0,4219.08
POL004583,PN-00004583,CUST001134,AGT00214,PROD0039,active,2025-07-18,2026-07-18,7724.69,7113.94
POL004584,PN-00004584,CUST000413,AGT00365,PROD0012,active,2023-04-13,2024-04-12,7699.71,6963.07
POL004585,PN-00004585,CUST002976,AGT00205,PROD0017,quoted,2024-11-23,2025-11-23,9331.11,9314.48
POL004586,PN-00004586,CUST002116,AGT00131,PROD0004,cancelled,2024-11-28,2025-11-28,8195.56,7734.24
POL004587,PN-00004587,CUST002987,AGT00041,PROD0038,active,2025-08-22,2026-08-22,11279.27,11026.91
POL004588,PN-00004588,CUST002832,AGT00483,PROD0003,active,2024-05-29,2025-05-29,14830.3,14463.03
POL004589,PN-00004589,CUST002465,AGT00444,PROD0046,active,2026-02-27,2027-02-27,11060.36,10789.31
POL004590,PN-00004590,CUST000144,AGT00304,PROD0024,active,2024-07-27,2025-07-27,5006.58,4976.85
POL004591,PN-00004591,CUST000712,AGT00094,PROD0049,issued,2025-12-13,2026-12-13,3398.12,3332.26
POL004592,PN-00004592,CUST004673,AGT00437,PROD0019,active,2026-04-10,2027-04-10,4620.63,4578.71
POL004593,PN-00004593,CUST001506,AGT00430,PROD0033,cancelled,2024-04-29,2025-04-29,2367.55,2288.76
POL004594,PN-00004594,CUST003761,AGT00448,PROD0019,expired,2023-11-15,2024-11-14,6743.09,6568.73
POL004595,PN-00004595,CUST000029,AGT00437,PROD0018,cancelled,2026-06-13,2027-06-13,12912.69,11651.43
POL004596,PN-00004596,CUST002492,AGT00498,PROD0029,expired,2025-12-24,2026-12-24,9888.2,9601.6
POL004597,PN-00004597,CUST000551,AGT00452,PROD0028,active,2024-02-08,2025-02-07,8331.07,7919.72
POL004598,PN-00004598,CUST000521,AGT00007,PROD0047,active,2024-11-19,2025-11-19,10881.49,10171.73
POL004599,PN-00004599,CUST001345,AGT00054,PROD0008,active,2025-10-29,2026-10-29,8988.75,8432.47
POL004600,PN-00004600,CUST002005,AGT00054,PROD0006,expired,2025-06-07,2026-06-07,14682.84,13756.63
POL004601,PN-00004601,CUST003022,AGT00200,PROD0015,active,2026-07-12,2027-07-12,6561.99,5906.09
POL004602,PN-00004602,CUST002420,AGT00421,PROD0044,quoted,2024-01-31,2025-01-30,3276.89,2975.04
POL004603,PN-00004603,CUST003248,AGT00421,PROD0019,cancelled,2023-01-27,2024-01-27,7039.23,6924.5
POL004604,PN-00004604,CUST002700,AGT00368,PROD0026,issued,2026-03-07,2027-03-07,4500.0,4169.09
POL004605,PN-00004605,CUST003195,AGT00500,PROD0047,cancelled,2025-06-26,2026-06-26,14963.82,14393.74
POL004606,PN-00004606,CUST001193,AGT00354,PROD0033,expired,2024-02-04,2025-02-03,10911.94,10706.78
POL004607,PN-00004607,CUST003020,AGT00387,PROD0031,issued,2025-07-25,2026-07-25,4152.13,4009.6
POL004608,PN-00004608,CUST001004,AGT00414,PROD0028,expired,2025-01-15,2026-01-15,6417.71,6258.07
POL004609,PN-00004609,CUST003794,AGT00206,PROD0020,active,2023-01-28,2024-01-28,6142.59,5763.5
POL004610,PN-00004610,CUST002788,AGT00261,PROD0026,issued,2023-08-23,2024-08-22,6879.95,6230.26
POL004611,PN-00004611,CUST004673,AGT00422,PROD0027,active,2025-07-30,2026-07-30,8690.7,8356.8
POL004612,PN-00004612,CUST001505,AGT00144,PROD0038,active,2026-08-09,2027-08-09,6278.15,5792.6
POL004613,PN-00004613,CUST002322,AGT00103,PROD0028,lapsed,2026-05-15,2027-05-15,13786.74,13660.65
POL004614,PN-00004614,CUST000685,AGT00177,PROD0027,active,2024-01-16,2025-01-15,10784.25,10783.43
POL004615,PN-00004615,CUST004903,AGT00395,PROD0019,active,2025-06-28,2026-06-28,6875.87,6235.87
POL004616,PN-00004616,CUST001768,AGT00115,PROD0045,quoted,2024-05-21,2025-05-21,6396.23,5830.66
POL004617,PN-00004617,CUST003849,AGT00486,PROD0035,quoted,2025-05-20,2026-05-20,7324.63,6861.49
POL004618,PN-00004618,CUST002317,AGT00383,PROD0022,lapsed,2023-03-16,2024-03-15,3312.14,3259.01
POL004619,PN-00004619,CUST000818,AGT00220,PROD0044,lapsed,2025-01-12,2026-01-12,13833.05,13318.02
POL004620,PN-00004620,CUST000454,AGT00322,PROD0044,active,2025-03-15,2026-03-15,1903.74,1786.1
POL004621,PN-00004621,CUST004541,AGT00404,PROD0032,lapsed,2025-02-09,2026-02-09,391.42,378.44
POL004622,PN-00004622,CUST003039,AGT00439,PROD0029,quoted,2025-03-12,2026-03-12,4796.43,4414.5
POL004623,PN-00004623,CUST003079,AGT00449,PROD0013,active,2023-12-13,2024-12-12,13256.69,12643.38
POL004624,PN-00004624,CUST003532,AGT00208,PROD0012,active,2023-10-22,2024-10-21,7640.08,6942.68
POL004625,PN-00004625,CUST001833,AGT00210,PROD0025,expired,2024-11-20,2025-11-20,14704.28,13905.91
POL004626,PN-00004626,CUST004976,AGT00029,PROD0025,active,2023-04-01,2024-03-31,13992.93,13290.29
POL004627,PN-00004627,CUST004054,AGT00388,PROD0011,renewed,2024-02-04,2025-02-03,6378.66,6003.68
POL004628,PN-00004628,CUST002121,AGT00236,PROD0045,renewed,2025-06-04,2026-06-04,6345.25,6109.67
POL004629,PN-00004629,CUST003414,AGT00131,PROD0002,issued,2023-11-17,2024-11-16,2619.59,2605.62
POL004630,PN-00004630,CUST001042,AGT00419,PROD0013,active,2024-06-07,2025-06-07,12957.35,12716.95
POL004631,PN-00004631,CUST002780,AGT00373,PROD0029,active,2023-12-23,2024-12-22,4219.99,4048.94
POL004632,PN-00004632,CUST000716,AGT00234,PROD0028,active,2024-07-08,2025-07-08,8208.85,7734.94
POL004633,PN-00004633,CUST002468,AGT00410,PROD0034,cancelled,2026-07-27,2027-07-27,1374.51,1363.28
POL004634,PN-00004634,CUST003919,AGT00263,PROD0005,lapsed,2026-02-24,2027-02-24,3890.58,3749.67
POL004635,PN-00004635,CUST000139,AGT00252,PROD0001,issued,2024-03-28,2025-03-28,9590.44,8967.75
POL004636,PN-00004636,CUST003423,AGT00497,PROD0031,active,2023-01-20,2024-01-20,5300.69,5113.77
POL004637,PN-00004637,CUST000330,AGT00273,PROD0050,lapsed,2024-11-03,2025-11-03,1573.88,1447.85
POL004638,PN-00004638,CUST003158,AGT00030,PROD0026,active,2026-03-10,2027-03-10,6218.17,5787.62
POL004639,PN-00004639,CUST004486,AGT00487,PROD0039,issued,2025-01-15,2026-01-15,6425.39,5823.66
POL004640,PN-00004640,CUST001592,AGT00007,PROD0035,cancelled,2026-04-19,2027-04-19,6781.06,6460.94
POL004641,PN-00004641,CUST001745,AGT00285,PROD0045,active,2026-09-05,2027-09-05,11530.32,10440.7
POL004642,PN-00004642,CUST002430,AGT00395,PROD0018,issued,2023-07-20,2024-07-19,13996.78,13151.39
POL004643,PN-00004643,CUST000801,AGT00104,PROD0001,active,2025-03-24,2026-03-24,3254.12,3099.93
POL004644,PN-00004644,CUST001588,AGT00294,PROD0027,quoted,2023-06-30,2024-06-29,9552.56,8875.04
POL004645,PN-00004645,CUST004219,AGT00403,PROD0002,quoted,2025-11-20,2026-11-20,8560.02,7973.22
POL004646,PN-00004646,CUST003920,AGT00459,PROD0017,renewed,2026-04-08,2027-04-08,7984.91,7474.05
POL004647,PN-00004647,CUST002074,AGT00401,PROD0047,active,2023-04-20,2024-04-19,2788.15,2649.22
POL004648,PN-00004648,CUST000546,AGT00424,PROD0014,active,2026-01-07,2027-01-07,9119.46,8625.6
POL004649,PN-00004649,CUST001884,AGT00174,PROD0043,active,2024-07-30,2025-07-30,11418.19,11059.97
POL004650,PN-00004650,CUST002758,AGT00404,PROD0035,renewed,2026-06-18,2027-06-18,642.13,636.15
POL004651,PN-00004651,CUST001657,AGT00334,PROD0004,cancelled,2023-09-13,2024-09-12,8994.3,8213.8
POL004652,PN-00004652,CUST000614,AGT00393,PROD0018,renewed,2024-12-23,2025-12-23,11960.72,11530.23
POL004653,PN-00004653,CUST001397,AGT00425,PROD0019,expired,2025-01-23,2026-01-23,11080.94,10443.34
POL004654,PN-00004654,CUST003560,AGT00110,PROD0004,lapsed,2025-01-04,2026-01-04,1924.5,1908.45
POL004655,PN-00004655,CUST003369,AGT00101,PROD0029,active,2026-06-18,2027-06-18,8905.14,8797.49
POL004656,PN-00004656,CUST003774,AGT00125,PROD0013,lapsed,2024-02-11,2025-02-10,14909.88,14663.19
POL004657,PN-00004657,CUST003244,AGT00283,PROD0041,cancelled,2024-05-26,2025-05-26,6098.72,5761.7
POL004658,PN-00004658,CUST000492,AGT00407,PROD0008,active,2024-11-05,2025-11-05,10246.96,9499.41
POL004659,PN-00004659,CUST000979,AGT00435,PROD0028,active,2023-11-11,2024-11-10,9258.37,9005.56
POL004660,PN-00004660,CUST003319,AGT00095,PROD0008,active,2024-05-03,2025-05-03,4149.68,3834.01
POL004661,PN-00004661,CUST003661,AGT00046,PROD0050,cancelled,2023-12-21,2024-12-20,543.79,515.92
POL004662,PN-00004662,CUST001055,AGT00420,PROD0005,expired,2024-03-24,2025-03-24,9707.02,8738.85
POL004663,PN-00004663,CUST004131,AGT00096,PROD0034,active,2026-06-06,2027-06-06,6927.28,6780.41
POL004664,PN-00004664,CUST004188,AGT00230,PROD0003,cancelled,2023-10-18,2024-10-17,14750.21,13867.23
POL004665,PN-00004665,CUST002682,AGT00451,PROD0049,quoted,2024-04-22,2025-04-22,13392.6,12683.35
POL004666,PN-00004666,CUST004789,AGT00360,PROD0004,expired,2025-09-05,2026-09-05,736.68,666.01
POL004667,PN-00004667,CUST004703,AGT00224,PROD0030,cancelled,2024-09-18,2025-09-18,4179.16,4172.43
POL004668,PN-00004668,CUST004802,AGT00394,PROD0015,renewed,2024-07-22,2025-07-22,5650.41,5605.24
POL004669,PN-00004669,CUST003330,AGT00359,PROD0044,cancelled,2023-08-20,2024-08-19,14121.37,13950.05
POL004670,PN-00004670,CUST003488,AGT00106,PROD0016,issued,2025-03-08,2026-03-08,577.66,520.89
POL004671,PN-00004671,CUST000646,AGT00433,PROD0016,active,2023-12-02,2024-12-01,3431.87,3153.87
POL004672,PN-00004672,CUST001868,AGT00456,PROD0026,lapsed,2025-10-14,2026-10-14,2645.2,2455.57
POL004673,PN-00004673,CUST001875,AGT00021,PROD0035,quoted,2023-06-26,2024-06-25,6342.78,5833.92
POL004674,PN-00004674,CUST000235,AGT00107,PROD0047,quoted,2024-07-10,2025-07-10,14553.1,13680.42
POL004675,PN-00004675,CUST004159,AGT00369,PROD0040,quoted,2024-12-04,2025-12-04,11036.56,10235.92
POL004676,PN-00004676,CUST002391,AGT00458,PROD0036,issued,2024-11-07,2025-11-07,12261.84,11806.29
POL004677,PN-00004677,CUST003530,AGT00270,PROD0047,active,2026-02-17,2027-02-17,11098.93,10070.01
POL004678,PN-00004678,CUST000535,AGT00450,PROD0020,renewed,2024-05-19,2025-05-19,9607.11,9175.19
POL004679,PN-00004679,CUST004327,AGT00232,PROD0015,active,2024-02-02,2025-02-01,14599.9,13704.51
POL004680,PN-00004680,CUST003953,AGT00220,PROD0048,active,2025-03-28,2026-03-28,8105.23,7338.85
POL004681,PN-00004681,CUST000216,AGT00379,PROD0032,active,2024-03-03,2025-03-03,7236.15,7164.23
POL004682,PN-00004682,CUST003711,AGT00408,PROD0032,active,2024-08-18,2025-08-18,12753.86,11774.63
POL004683,PN-00004683,CUST002799,AGT00009,PROD0034,cancelled,2025-11-27,2026-11-27,12829.51,12409.19
POL004684,PN-00004684,CUST000251,AGT00145,PROD0018,active,2024-11-21,2025-11-21,11777.19,10792.35
POL004685,PN-00004685,CUST002014,AGT00189,PROD0041,renewed,2025-11-14,2026-11-14,8228.33,7922.79
POL004686,PN-00004686,CUST001409,AGT00050,PROD0004,lapsed,2026-04-05,2027-04-05,4217.59,3814.72
POL004687,PN-00004687,CUST002307,AGT00352,PROD0030,active,2026-04-24,2027-04-24,9834.96,9584.09
POL004688,PN-00004688,CUST004834,AGT00262,PROD0015,lapsed,2023-01-14,2024-01-14,13194.39,12878.66
POL004689,PN-00004689,CUST003487,AGT00422,PROD0004,renewed,2026-01-02,2027-01-02,721.26,675.65
POL004690,PN-00004690,CUST001804,AGT00294,PROD0015,lapsed,2026-09-12,2027-09-12,10636.38,10498.9
POL004691,PN-00004691,CUST003079,AGT00232,PROD0049,quoted,2025-05-17,2026-05-17,11817.41,11654.02
POL004692,PN-00004692,CUST002066,AGT00093,PROD0031,active,2023-03-23,2024-03-22,8972.72,8615.86
POL004693,PN-00004693,CUST003369,AGT00385,PROD0022,lapsed,2024-08-20,2025-08-20,11128.06,10991.73
POL004694,PN-00004694,CUST004791,AGT00456,PROD0020,active,2026-07-18,2027-07-18,3197.0,3127.38
POL004695,PN-00004695,CUST004210,AGT00331,PROD0001,expired,2025-01-21,2026-01-21,3491.33,3222.95
POL004696,PN-00004696,CUST003635,AGT00405,PROD0041,expired,2023-06-12,2024-06-11,14056.47,13347.19
POL004697,PN-00004697,CUST000334,AGT00132,PROD0050,lapsed,2025-06-28,2026-06-28,9883.28,8956.05
POL004698,PN-00004698,CUST002540,AGT00129,PROD0023,cancelled,2023-09-26,2024-09-25,8910.44,8477.99
POL004699,PN-00004699,CUST002147,AGT00298,PROD0007,lapsed,2024-08-10,2025-08-10,8331.72,7871.92
POL004700,PN-00004700,CUST002674,AGT00293,PROD0012,active,2023-07-18,2024-07-17,9867.09,8976.85
POL004701,PN-00004701,CUST000326,AGT00178,PROD0034,lapsed,2025-09-11,2026-09-11,6016.04,5654.96
POL004702,PN-00004702,CUST004927,AGT00374,PROD0017,active,2025-02-17,2026-02-17,1263.12,1243.62
POL004703,PN-00004703,CUST003148,AGT00166,PROD0047,issued,2025-10-17,2026-10-17,1219.3,1178.08
POL004704,PN-00004704,CUST004520,AGT00346,PROD0029,issued,2024-10-01,2025-10-01,14483.24,13078.23
POL004705,PN-00004705,CUST003287,AGT00211,PROD0013,active,2023-09-23,2024-09-22,6349.99,6250.85
POL004706,PN-00004706,CUST003465,AGT00112,PROD0003,cancelled,2024-01-05,2025-01-04,14101.72,13971.18
POL004707,PN-00004707,CUST004038,AGT00278,PROD0048,active,2025-04-28,2026-04-28,5253.93,4904.66
POL004708,PN-00004708,CUST004520,AGT00197,PROD0027,active,2025-03-11,2026-03-11,7065.4,6660.22
POL004709,PN-00004709,CUST000231,AGT00113,PROD0010,active,2023-07-17,2024-07-16,1934.8,1794.97
POL004710,PN-00004710,CUST004602,AGT00220,PROD0006,renewed,2025-01-03,2026-01-03,13234.07,12719.62
POL004711,PN-00004711,CUST004155,AGT00440,PROD0020,issued,2024-06-27,2025-06-27,10433.4,9958.49
POL004712,PN-00004712,CUST002852,AGT00034,PROD0039,active,2026-05-02,2027-05-02,6342.81,6146.52
POL004713,PN-00004713,CUST003940,AGT00380,PROD0027,lapsed,2023-10-17,2024-10-16,11906.9,11417.01
POL004714,PN-00004714,CUST000478,AGT00262,PROD0010,quoted,2024-03-25,2025-03-25,7429.08,6963.81
POL004715,PN-00004715,CUST003431,AGT00006,PROD0011,lapsed,2024-02-09,2025-02-08,3620.26,3265.59
POL004716,PN-00004716,CUST003652,AGT00363,PROD0016,active,2023-11-08,2024-11-07,13882.46,12673.15
POL004717,PN-00004717,CUST001558,AGT00358,PROD0049,lapsed,2025-09-29,2026-09-29,13868.48,13512.67
POL004718,PN-00004718,CUST000802,AGT00053,PROD0028,expired,2023-10-02,2024-10-01,5355.82,5312.43
POL004719,PN-00004719,CUST003656,AGT00482,PROD0005,issued,2025-10-28,2026-10-28,5714.23,5296.18
POL004720,PN-00004720,CUST003619,AGT00227,PROD0030,issued,2023-09-02,2024-09-01,5942.38,5756.91
POL004721,PN-00004721,CUST001625,AGT00269,PROD0004,active,2026-05-01,2027-05-01,11973.13,11554.9
POL004722,PN-00004722,CUST003807,AGT00262,PROD0049,issued,2025-03-18,2026-03-18,13243.13,12042.54
POL004723,PN-00004723,CUST004701,AGT00034,PROD0037,active,2023-12-04,2024-12-03,8510.68,8317.36
POL004724,PN-00004724,CUST002200,AGT00019,PROD0009,quoted,2025-06-07,2026-06-07,9724.5,9401.79
POL004725,PN-00004725,CUST001841,AGT00171,PROD0043,lapsed,2026-02-11,2027-02-11,13494.21,13152.13
POL004726,PN-00004726,CUST003806,AGT00145,PROD0041,active,2026-08-03,2027-08-03,3421.12,3099.8
POL004727,PN-00004727,CUST004171,AGT00407,PROD0021,quoted,2026-01-28,2027-01-28,4565.65,4245.85
POL004728,PN-00004728,CUST002969,AGT00322,PROD0017,renewed,2026-06-17,2027-06-17,2934.06,2754.68
POL004729,PN-00004729,CUST003831,AGT00343,PROD0022,active,2025-06-06,2026-06-06,6933.2,6759.9
POL004730,PN-00004730,CUST003354,AGT00210,PROD0036,cancelled,2025-11-24,2026-11-24,1420.01,1419.9
POL004731,PN-00004731,CUST001742,AGT00387,PROD0038,issued,2023-09-24,2024-09-23,10184.97,10169.72
POL004732,PN-00004732,CUST001638,AGT00381,PROD0013,active,2025-09-27,2026-09-27,3294.67,3282.7
POL004733,PN-00004733,CUST002483,AGT00430,PROD0004,active,2025-12-01,2026-12-01,1721.05,1602.32
POL004734,PN-00004734,CUST004605,AGT00293,PROD0004,active,2023-10-26,2024-10-25,651.28,595.3
POL004735,PN-00004735,CUST003831,AGT00120,PROD0023,active,2026-06-03,2027-06-03,8848.9,8046.37
POL004736,PN-00004736,CUST003904,AGT00343,PROD0033,active,2025-05-26,2026-05-26,12311.73,11948.21
POL004737,PN-00004737,CUST004349,AGT00424,PROD0049,expired,2023-12-01,2024-11-30,8584.94,7794.52
POL004738,PN-00004738,CUST001375,AGT00007,PROD0021,lapsed,2023-10-31,2024-10-30,10222.36,9657.43
POL004739,PN-00004739,CUST000292,AGT00062,PROD0037,active,2023-04-08,2024-04-07,5837.06,5502.42
POL004740,PN-00004740,CUST003053,AGT00078,PROD0005,active,2026-07-10,2027-07-10,10063.98,9934.69
POL004741,PN-00004741,CUST002890,AGT00208,PROD0010,renewed,2024-05-31,2025-05-31,4569.3,4301.93
POL004742,PN-00004742,CUST001256,AGT00430,PROD0040,quoted,2023-11-16,2024-11-15,10930.54,10300.77
POL004743,PN-00004743,CUST002870,AGT00134,PROD0024,expired,2025-04-29,2026-04-29,13257.6,12969.32
POL004744,PN-00004744,CUST000442,AGT00473,PROD0013,renewed,2025-06-20,2026-06-20,14577.27,13188.06
POL004745,PN-00004745,CUST000419,AGT00290,PROD0024,cancelled,2025-01-17,2026-01-17,7408.62,6840.85
POL004746,PN-00004746,CUST004159,AGT00451,PROD0034,renewed,2023-09-22,2024-09-21,14755.08,14099.41
POL004747,PN-00004747,CUST001687,AGT00235,PROD0006,issued,2023-07-30,2024-07-29,7290.93,7176.19
POL004748,PN-00004748,CUST004558,AGT00180,PROD0045,issued,2026-08-08,2027-08-08,6231.05,6036.72
POL004749,PN-00004749,CUST003871,AGT00432,PROD0035,renewed,2023-06-15,2024-06-14,7668.1,7516.06
POL004750,PN-00004750,CUST004137,AGT00390,PROD0006,issued,2025-01-06,2026-01-06,8382.88,7987.61
POL004751,PN-00004751,CUST003518,AGT00072,PROD0016,lapsed,2026-05-17,2027-05-17,3319.16,3075.97
POL004752,PN-00004752,CUST004125,AGT00332,PROD0030,renewed,2023-05-19,2024-05-18,8753.51,7947.34
POL004753,PN-00004753,CUST003296,AGT00425,PROD0012,quoted,2023-08-06,2024-08-05,440.66,433.1
POL004754,PN-00004754,CUST002117,AGT00463,PROD0032,active,2023-05-24,2024-05-23,11895.94,10759.35
POL004755,PN-00004755,CUST002692,AGT00459,PROD0028,quoted,2025-11-22,2026-11-22,5286.33,5185.88
POL004756,PN-00004756,CUST001587,AGT00462,PROD0029,expired,2023-01-09,2024-01-09,13364.79,13356.98
POL004757,PN-00004757,CUST000519,AGT00475,PROD0020,issued,2025-05-16,2026-05-16,12746.97,11541.2
POL004758,PN-00004758,CUST003768,AGT00325,PROD0019,lapsed,2023-12-22,2024-12-21,3493.35,3211.82
POL004759,PN-00004759,CUST003470,AGT00071,PROD0016,active,2023-08-15,2024-08-14,10938.27,10360.41
POL004760,PN-00004760,CUST000761,AGT00498,PROD0010,cancelled,2025-03-17,2026-03-17,10375.52,10254.32
POL004761,PN-00004761,CUST001286,AGT00320,PROD0009,active,2025-04-05,2026-04-05,5999.25,5936.07
POL004762,PN-00004762,CUST003177,AGT00069,PROD0004,active,2023-07-12,2024-07-11,14879.38,13821.61
POL004763,PN-00004763,CUST000834,AGT00129,PROD0046,expired,2025-11-09,2026-11-09,12342.21,11390.88
POL004764,PN-00004764,CUST001207,AGT00361,PROD0038,active,2025-10-22,2026-10-22,6091.62,6088.34
POL004765,PN-00004765,CUST000898,AGT00042,PROD0036,expired,2023-02-06,2024-02-06,3271.34,3169.14
POL004766,PN-00004766,CUST004451,AGT00169,PROD0013,active,2025-01-16,2026-01-16,8971.27,8738.05
POL004767,PN-00004767,CUST004134,AGT00096,PROD0044,active,2025-05-27,2026-05-27,3969.51,3749.85
POL004768,PN-00004768,CUST004287,AGT00442,PROD0045,active,2025-12-20,2026-12-20,13548.64,12642.61
POL004769,PN-00004769,CUST001021,AGT00312,PROD0034,active,2025-10-17,2026-10-17,8146.58,7505.73
POL004770,PN-00004770,CUST000987,AGT00404,PROD0032,active,2023-11-01,2024-10-31,3206.01,3062.9
POL004771,PN-00004771,CUST001293,AGT00330,PROD0049,renewed,2024-04-05,2025-04-05,9395.96,8756.69
POL004772,PN-00004772,CUST000760,AGT00398,PROD0014,cancelled,2025-12-21,2026-12-21,7242.42,7186.47
POL004773,PN-00004773,CUST002340,AGT00413,PROD0019,cancelled,2023-02-25,2024-02-25,12017.67,11644.15
POL004774,PN-00004774,CUST003984,AGT00166,PROD0023,issued,2024-01-29,2025-01-28,2988.54,2964.92
POL004775,PN-00004775,CUST003449,AGT00428,PROD0040,quoted,2023-03-25,2024-03-24,12243.05,11993.96
POL004776,PN-00004776,CUST001296,AGT00372,PROD0042,issued,2024-09-05,2025-09-05,8882.89,8241.03
POL004777,PN-00004777,CUST000862,AGT00007,PROD0045,renewed,2025-08-20,2026-08-20,13014.83,12778.38
POL004778,PN-00004778,CUST003762,AGT00264,PROD0037,cancelled,2025-05-11,2026-05-11,7587.41,7389.87
POL004779,PN-00004779,CUST003136,AGT00469,PROD0001,cancelled,2023-01-02,2024-01-02,4356.53,4247.99
POL004780,PN-00004780,CUST002489,AGT00176,PROD0032,renewed,2026-05-27,2027-05-27,4444.86,4383.32
POL004781,PN-00004781,CUST001887,AGT00239,PROD0014,expired,2025-07-20,2026-07-20,3352.29,3301.66
POL004782,PN-00004782,CUST004715,AGT00448,PROD0023,active,2024-02-16,2025-02-15,6929.96,6453.4
POL004783,PN-00004783,CUST004665,AGT00487,PROD0031,active,2023-09-04,2024-09-03,2702.36,2534.18
POL004784,PN-00004784,CUST004847,AGT00162,PROD0005,active,2024-08-17,2025-08-17,9843.48,9268.95
POL004785,PN-00004785,CUST001329,AGT00474,PROD0003,active,2023-05-04,2024-05-03,8822.93,8815.21
POL004786,PN-00004786,CUST004186,AGT00192,PROD0016,quoted,2024-09-30,2025-09-30,11243.66,10270.43
POL004787,PN-00004787,CUST003969,AGT00467,PROD0002,cancelled,2025-11-06,2026-11-06,13864.78,12805.62
POL004788,PN-00004788,CUST004991,AGT00242,PROD0002,quoted,2025-06-10,2026-06-10,10053.46,9125.13
POL004789,PN-00004789,CUST004048,AGT00138,PROD0036,renewed,2026-03-23,2027-03-23,6062.63,5793.89
POL004790,PN-00004790,CUST001068,AGT00220,PROD0015,active,2025-10-01,2026-10-01,5889.61,5455.49
POL004791,PN-00004791,CUST000568,AGT00004,PROD0022,active,2026-03-16,2027-03-16,9560.03,8710.79
POL004792,PN-00004792,CUST000189,AGT00151,PROD0043,active,2024-09-06,2025-09-06,11718.92,11703.16
POL004793,PN-00004793,CUST002684,AGT00020,PROD0048,cancelled,2024-11-02,2025-11-02,11828.37,11337.99
POL004794,PN-00004794,CUST004957,AGT00007,PROD0027,cancelled,2023-05-05,2024-05-04,3865.15,3640.91
POL004795,PN-00004795,CUST001321,AGT00237,PROD0001,cancelled,2025-02-27,2026-02-27,1408.76,1273.46
POL004796,PN-00004796,CUST004909,AGT00051,PROD0032,cancelled,2023-08-03,2024-08-02,14607.88,13504.45
POL004797,PN-00004797,CUST001223,AGT00285,PROD0007,active,2025-08-02,2026-08-02,7399.03,6663.63
POL004798,PN-00004798,CUST004570,AGT00269,PROD0020,cancelled,2025-08-27,2026-08-27,8788.41,8486.78
POL004799,PN-00004799,CUST000614,AGT00402,PROD0044,active,2023-08-29,2024-08-28,5629.33,5247.87
POL004800,PN-00004800,CUST000525,AGT00216,PROD0020,lapsed,2024-03-15,2025-03-15,11258.45,10279.42
POL004801,PN-00004801,CUST004380,AGT00121,PROD0025,quoted,2025-08-03,2026-08-03,14511.74,13921.28
POL004802,PN-00004802,CUST002066,AGT00435,PROD0007,lapsed,2026-02-04,2027-02-04,8358.46,8178.79
POL004803,PN-00004803,CUST004524,AGT00352,PROD0046,renewed,2025-10-02,2026-10-02,11035.35,10955.56
POL004804,PN-00004804,CUST004814,AGT00346,PROD0035,active,2026-01-24,2027-01-24,7059.57,6801.11
POL004805,PN-00004805,CUST001585,AGT00027,PROD0044,cancelled,2025-06-18,2026-06-18,5312.43,5222.15
POL004806,PN-00004806,CUST004500,AGT00209,PROD0042,lapsed,2023-07-12,2024-07-11,5879.32,5439.65
POL004807,PN-00004807,CUST001611,AGT00428,PROD0001,active,2023-03-17,2024-03-16,11066.33,10990.9
POL004808,PN-00004808,CUST001345,AGT00012,PROD0027,quoted,2024-08-21,2025-08-21,6206.96,5846.99
POL004809,PN-00004809,CUST003508,AGT00250,PROD0012,active,2026-06-15,2027-06-15,14598.32,13746.86
POL004810,PN-00004810,CUST000696,AGT00304,PROD0041,quoted,2024-09-17,2025-09-17,10787.81,9904.9
POL004811,PN-00004811,CUST004122,AGT00360,PROD0043,active,2023-12-30,2024-12-29,9071.71,8819.37
POL004812,PN-00004812,CUST004186,AGT00352,PROD0001,active,2023-12-28,2024-12-27,6703.09,6591.35
POL004813,PN-00004813,CUST004581,AGT00028,PROD0015,active,2023-06-02,2024-06-01,5393.36,4945.58
POL004814,PN-00004814,CUST003530,AGT00162,PROD0042,renewed,2025-12-13,2026-12-13,1551.58,1468.22
POL004815,PN-00004815,CUST004765,AGT00491,PROD0042,renewed,2026-08-15,2027-08-15,3012.58,2871.36
POL004816,PN-00004816,CUST003476,AGT00120,PROD0027,active,2025-12-23,2026-12-23,1874.01,1689.86
POL004817,PN-00004817,CUST001804,AGT00077,PROD0021,quoted,2023-10-11,2024-10-10,6556.52,5945.76
POL004818,PN-00004818,CUST000727,AGT00277,PROD0041,active,2023-08-08,2024-08-07,13361.96,13251.51
POL004819,PN-00004819,CUST003934,AGT00109,PROD0034,lapsed,2025-12-13,2026-12-13,14093.9,13611.07
POL004820,PN-00004820,CUST000627,AGT00323,PROD0010,active,2023-12-07,2024-12-06,1583.4,1524.11
POL004821,PN-00004821,CUST003403,AGT00180,PROD0009,quoted,2023-07-14,2024-07-13,1184.66,1118.67
POL004822,PN-00004822,CUST002235,AGT00171,PROD0012,quoted,2023-04-07,2024-04-06,10963.59,9904.98
POL004823,PN-00004823,CUST004724,AGT00041,PROD0005,renewed,2026-05-29,2027-05-29,9540.95,8698.24
POL004824,PN-00004824,CUST004133,AGT00015,PROD0033,issued,2025-01-30,2026-01-30,9528.32,9501.32
POL004825,PN-00004825,CUST000518,AGT00429,PROD0021,active,2023-02-17,2024-02-17,10062.8,9164.47
POL004826,PN-00004826,CUST001324,AGT00372,PROD0022,issued,2023-05-03,2024-05-02,12635.67,12605.75
POL004827,PN-00004827,CUST004127,AGT00234,PROD0050,lapsed,2024-11-09,2025-11-09,1181.56,1084.87
POL004828,PN-00004828,CUST003830,AGT00411,PROD0003,renewed,2024-02-04,2025-02-03,8621.89,7972.04
POL004829,PN-00004829,CUST000068,AGT00225,PROD0040,active,2026-04-22,2027-04-22,1692.1,1606.29
POL004830,PN-00004830,CUST000881,AGT00308,PROD0006,issued,2023-03-06,2024-03-05,4355.13,4051.57
POL004831,PN-00004831,CUST002096,AGT00196,PROD0046,issued,2026-01-06,2027-01-06,7674.8,7511.83
POL004832,PN-00004832,CUST002606,AGT00385,PROD0027,cancelled,2023-05-12,2024-05-11,919.33,878.47
POL004833,PN-00004833,CUST002424,AGT00277,PROD0047,issued,2024-05-05,2025-05-05,5287.87,5190.86
POL004834,PN-00004834,CUST003831,AGT00172,PROD0015,active,2025-05-04,2026-05-04,11252.15,11166.22
POL004835,PN-00004835,CUST003875,AGT00315,PROD0040,active,2023-04-25,2024-04-24,5503.25,5328.68
POL004836,PN-00004836,CUST002523,AGT00244,PROD0022,issued,2023-01-28,2024-01-28,12134.69,12005.72
POL004837,PN-00004837,CUST004511,AGT00099,PROD0023,expired,2025-05-13,2026-05-13,3114.26,3092.48
POL004838,PN-00004838,CUST002213,AGT00432,PROD0003,cancelled,2026-07-15,2027-07-15,14053.25,13389.17
POL004839,PN-00004839,CUST002709,AGT00260,PROD0036,cancelled,2023-05-30,2024-05-29,1775.25,1659.9
POL004840,PN-00004840,CUST003893,AGT00044,PROD0031,renewed,2023-02-17,2024-02-17,6804.88,6369.94
POL004841,PN-00004841,CUST003492,AGT00460,PROD0028,renewed,2023-09-27,2024-09-26,14800.43,13425.94
POL004842,PN-00004842,CUST003195,AGT00053,PROD0003,quoted,2024-08-06,2025-08-06,2836.41,2623.65
POL004843,PN-00004843,CUST003873,AGT00106,PROD0046,expired,2024-12-15,2025-12-15,3740.16,3563.97
POL004844,PN-00004844,CUST004101,AGT00034,PROD0021,renewed,2026-06-29,2027-06-29,12494.56,11915.27
POL004845,PN-00004845,CUST000077,AGT00370,PROD0030,expired,2026-08-27,2027-08-27,12829.23,12688.05
POL004846,PN-00004846,CUST003514,AGT00310,PROD0001,cancelled,2023-05-08,2024-05-07,12375.97,11442.05
POL004847,PN-00004847,CUST003821,AGT00168,PROD0021,active,2023-05-05,2024-05-04,11272.99,11233.38
POL004848,PN-00004848,CUST000815,AGT00133,PROD0020,active,2024-09-18,2025-09-18,3783.57,3511.42
POL004849,PN-00004849,CUST004933,AGT00087,PROD0026,active,2025-03-27,2026-03-27,2865.91,2750.38
POL004850,PN-00004850,CUST002817,AGT00050,PROD0038,active,2025-12-05,2026-12-05,1880.83,1793.23
POL004851,PN-00004851,CUST001911,AGT00097,PROD0018,issued,2026-06-14,2027-06-14,9779.28,9113.16
POL004852,PN-00004852,CUST002763,AGT00462,PROD0012,active,2026-03-21,2027-03-21,11191.13,10589.22
POL004853,PN-00004853,CUST003859,AGT00348,PROD0030,lapsed,2023-07-02,2024-07-01,3096.13,2977.69
POL004854,PN-00004854,CUST003372,AGT00061,PROD0026,active,2023-02-17,2024-02-17,1159.12,1055.31
POL004855,PN-00004855,CUST001987,AGT00421,PROD0044,renewed,2026-07-05,2027-07-05,7540.71,6837.54
POL004856,PN-00004856,CUST004432,AGT00242,PROD0043,lapsed,2026-05-25,2027-05-25,11845.29,11420.11
POL004857,PN-00004857,CUST004744,AGT00085,PROD0037,quoted,2024-05-09,2025-05-09,1158.97,1150.01
POL004858,PN-00004858,CUST003693,AGT00488,PROD0031,lapsed,2023-10-16,2024-10-15,12341.87,11476.46
POL004859,PN-00004859,CUST000425,AGT00311,PROD0042,active,2023-01-11,2024-01-11,12885.99,12413.58
POL004860,PN-00004860,CUST000213,AGT00300,PROD0050,expired,2024-07-10,2025-07-10,6302.06,6091.98
POL004861,PN-00004861,CUST000031,AGT00172,PROD0001,quoted,2025-05-02,2026-05-02,7898.44,7848.06
POL004862,PN-00004862,CUST001496,AGT00418,PROD0024,lapsed,2025-01-27,2026-01-27,11091.76,10560.34
POL004863,PN-00004863,CUST004892,AGT00234,PROD0013,active,2025-07-31,2026-07-31,9681.65,8738.23
POL004864,PN-00004864,CUST000091,AGT00135,PROD0008,active,2026-04-05,2027-04-05,694.26,681.91
POL004865,PN-00004865,CUST003362,AGT00496,PROD0044,active,2023-08-02,2024-08-01,7588.52,6974.49
POL004866,PN-00004866,CUST004083,AGT00292,PROD0041,quoted,2025-06-20,2026-06-20,11490.11,10993.99
POL004867,PN-00004867,CUST000122,AGT00169,PROD0015,issued,2024-02-03,2025-02-02,11474.0,11101.34
POL004868,PN-00004868,CUST001313,AGT00169,PROD0008,active,2025-12-15,2026-12-15,14745.28,13931.49
POL004869,PN-00004869,CUST002117,AGT00271,PROD0024,active,2024-10-12,2025-10-12,972.7,883.44
POL004870,PN-00004870,CUST003685,AGT00497,PROD0049,renewed,2024-08-24,2025-08-24,10728.27,9784.46
POL004871,PN-00004871,CUST002823,AGT00468,PROD0025,renewed,2025-01-03,2026-01-03,1061.13,965.53
POL004872,PN-00004872,CUST000255,AGT00006,PROD0031,active,2024-06-09,2025-06-09,8454.69,8362.61
POL004873,PN-00004873,CUST001221,AGT00224,PROD0035,issued,2023-10-24,2024-10-23,12449.91,11383.05
POL004874,PN-00004874,CUST001184,AGT00368,PROD0007,expired,2024-10-14,2025-10-14,12164.53,12087.23
POL004875,PN-00004875,CUST001422,AGT00025,PROD0031,expired,2026-09-12,2027-09-12,13863.3,13426.95
POL004876,PN-00004876,CUST004691,AGT00187,PROD0046,renewed,2025-10-05,2026-10-05,4901.64,4462.44
POL004877,PN-00004877,CUST004142,AGT00222,PROD0039,quoted,2025-07-07,2026-07-07,2368.1,2322.39
POL004878,PN-00004878,CUST003574,AGT00435,PROD0039,cancelled,2025-08-12,2026-08-12,3896.96,3872.87
POL004879,PN-00004879,CUST004217,AGT00230,PROD0046,active,2026-08-10,2027-08-10,10708.5,10268.85
POL004880,PN-00004880,CUST001213,AGT00437,PROD0043,cancelled,2024-03-07,2025-03-07,2055.82,1872.52
POL004881,PN-00004881,CUST000066,AGT00449,PROD0041,renewed,2026-02-16,2027-02-16,1452.83,1382.01
POL004882,PN-00004882,CUST000642,AGT00117,PROD0022,quoted,2025-07-28,2026-07-28,1342.73,1287.82
POL004883,PN-00004883,CUST001615,AGT00355,PROD0050,issued,2025-04-19,2026-04-19,6551.79,6213.68
POL004884,PN-00004884,CUST003355,AGT00185,PROD0033,lapsed,2025-11-04,2026-11-04,1560.85,1543.11
POL004885,PN-00004885,CUST001966,AGT00412,PROD0030,expired,2025-02-12,2026-02-12,14671.56,13303.73
POL004886,PN-00004886,CUST003692,AGT00040,PROD0009,quoted,2024-12-28,2025-12-28,5317.22,5259.82
POL004887,PN-00004887,CUST002820,AGT00277,PROD0017,issued,2026-03-20,2027-03-20,3177.11,3114.45
POL004888,PN-00004888,CUST003922,AGT00490,PROD0035,expired,2023-11-23,2024-11-22,12589.16,11665.17
POL004889,PN-00004889,CUST000478,AGT00402,PROD0036,active,2024-02-08,2025-02-07,4264.85,3969.24
POL004890,PN-00004890,CUST002250,AGT00032,PROD0012,cancelled,2025-11-25,2026-11-25,7972.44,7648.43
POL004891,PN-00004891,CUST000696,AGT00029,PROD0033,renewed,2025-07-24,2026-07-24,6952.35,6475.29
POL004892,PN-00004892,CUST003578,AGT00194,PROD0047,quoted,2024-05-20,2025-05-20,4907.67,4830.49
POL004893,PN-00004893,CUST004158,AGT00036,PROD0035,active,2025-05-18,2026-05-18,11482.79,10519.98
POL004894,PN-00004894,CUST000079,AGT00240,PROD0047,expired,2024-02-22,2025-02-21,8437.11,7870.93
POL004895,PN-00004895,CUST002375,AGT00120,PROD0029,active,2023-01-07,2024-01-07,1851.53,1844.9
POL004896,PN-00004896,CUST004874,AGT00300,PROD0012,active,2025-12-11,2026-12-11,9255.35,8453.3
POL004897,PN-00004897,CUST004687,AGT00472,PROD0029,active,2025-04-14,2026-04-14,1624.3,1512.27
POL004898,PN-00004898,CUST004383,AGT00254,PROD0031,quoted,2026-08-11,2027-08-11,10310.04,9378.69
POL004899,PN-00004899,CUST000835,AGT00012,PROD0046,expired,2026-07-03,2027-07-03,8138.57,7431.84
POL004900,PN-00004900,CUST002979,AGT00102,PROD0006,renewed,2023-09-10,2024-09-09,13735.42,12507.77
POL004901,PN-00004901,CUST001142,AGT00396,PROD0025,renewed,2024-11-18,2025-11-18,2276.47,2075.44
POL004902,PN-00004902,CUST000077,AGT00207,PROD0034,expired,2024-06-16,2025-06-16,6315.25,5909.39
POL004903,PN-00004903,CUST003420,AGT00188,PROD0035,active,2024-05-27,2025-05-27,777.79,749.5
POL004904,PN-00004904,CUST004746,AGT00043,PROD0042,renewed,2023-05-08,2024-05-07,3460.84,3207.17
POL004905,PN-00004905,CUST003697,AGT00100,PROD0028,renewed,2024-09-05,2025-09-05,5637.89,5624.39
POL004906,PN-00004906,CUST001308,AGT00422,PROD0006,lapsed,2023-11-28,2024-11-27,4701.14,4573.63
POL004907,PN-00004907,CUST003652,AGT00222,PROD0041,cancelled,2024-09-08,2025-09-08,1399.16,1325.59
POL004908,PN-00004908,CUST001116,AGT00063,PROD0044,issued,2024-05-22,2025-05-22,14379.97,13942.07
POL004909,PN-00004909,CUST000681,AGT00127,PROD0038,active,2025-02-14,2026-02-14,8024.43,7866.09
POL004910,PN-00004910,CUST000392,AGT00087,PROD0033,expired,2023-11-24,2024-11-23,8778.35,8326.91
POL004911,PN-00004911,CUST001446,AGT00092,PROD0050,issued,2023-02-03,2024-02-03,7581.37,7407.08
POL004912,PN-00004912,CUST000629,AGT00111,PROD0024,active,2023-02-26,2024-02-26,12258.5,11264.23
POL004913,PN-00004913,CUST003381,AGT00266,PROD0049,active,2026-04-23,2027-04-23,4524.41,4345.59
POL004914,PN-00004914,CUST004052,AGT00287,PROD0014,active,2025-05-23,2026-05-23,7291.78,6778.71
POL004915,PN-00004915,CUST001537,AGT00087,PROD0019,cancelled,2024-11-10,2025-11-10,6937.77,6904.63
POL004916,PN-00004916,CUST002995,AGT00139,PROD0037,renewed,2025-06-10,2026-06-10,8238.91,7544.64
POL004917,PN-00004917,CUST003741,AGT00352,PROD0026,active,2023-03-28,2024-03-27,4129.96,4088.53
POL004918,PN-00004918,CUST000760,AGT00245,PROD0032,expired,2023-08-15,2024-08-14,7444.83,7431.28
POL004919,PN-00004919,CUST004834,AGT00499,PROD0019,lapsed,2024-07-10,2025-07-10,4856.61,4462.33
POL004920,PN-00004920,CUST003101,AGT00110,PROD0012,quoted,2024-07-11,2025-07-11,7547.54,7026.97
POL004921,PN-00004921,CUST004792,AGT00349,PROD0043,active,2025-01-30,2026-01-30,14538.98,14526.24
POL004922,PN-00004922,CUST003846,AGT00487,PROD0008,renewed,2023-12-05,2024-12-04,1029.84,950.74
POL004923,PN-00004923,CUST000723,AGT00197,PROD0036,expired,2023-03-29,2024-03-28,8190.58,8020.1
POL004924,PN-00004924,CUST001485,AGT00139,PROD0010,renewed,2024-05-17,2025-05-17,9394.49,9054.94
POL004925,PN-00004925,CUST003210,AGT00356,PROD0031,lapsed,2024-10-17,2025-10-17,3211.13,2961.31
POL004926,PN-00004926,CUST000829,AGT00283,PROD0031,quoted,2024-11-28,2025-11-28,9226.34,8638.21
POL004927,PN-00004927,CUST004338,AGT00154,PROD0008,active,2026-04-10,2027-04-10,11494.97,10934.86
POL004928,PN-00004928,CUST002259,AGT00214,PROD0019,lapsed,2023-08-25,2024-08-24,1281.07,1219.82
POL004929,PN-00004929,CUST001904,AGT00372,PROD0018,quoted,2025-04-01,2026-04-01,6941.88,6541.09
POL004930,PN-00004930,CUST003462,AGT00309,PROD0014,renewed,2026-01-10,2027-01-10,11964.46,11053.41
POL004931,PN-00004931,CUST000598,AGT00016,PROD0049,quoted,2025-03-22,2026-03-22,3906.65,3879.42
POL004932,PN-00004932,CUST003599,AGT00087,PROD0005,lapsed,2026-02-25,2027-02-25,5769.88,5266.58
POL004933,PN-00004933,CUST003222,AGT00034,PROD0026,cancelled,2024-05-23,2025-05-23,4808.73,4463.42
POL004934,PN-00004934,CUST002341,AGT00314,PROD0033,quoted,2024-10-31,2025-10-31,14855.63,14492.12
POL004935,PN-00004935,CUST003900,AGT00178,PROD0011,quoted,2024-09-25,2025-09-25,1200.07,1088.72
POL004936,PN-00004936,CUST003000,AGT00186,PROD0002,active,2024-08-22,2025-08-22,9003.34,8396.12
POL004937,PN-00004937,CUST004491,AGT00059,PROD0019,renewed,2023-07-11,2024-07-10,2524.2,2509.56
POL004938,PN-00004938,CUST000196,AGT00039,PROD0047,lapsed,2025-01-08,2026-01-08,3824.06,3630.9
POL004939,PN-00004939,CUST001108,AGT00339,PROD0035,active,2024-05-03,2025-05-03,12658.71,12145.02
POL004940,PN-00004940,CUST001263,AGT00422,PROD0016,issued,2025-10-25,2026-10-25,10179.94,9829.66
POL004941,PN-00004941,CUST004017,AGT00143,PROD0042,renewed,2023-04-03,2024-04-02,1113.67,1030.37
POL004942,PN-00004942,CUST001175,AGT00198,PROD0011,active,2026-01-03,2027-01-03,13560.49,12491.88
POL004943,PN-00004943,CUST001833,AGT00339,PROD0032,active,2025-02-26,2026-02-26,909.67,847.76
POL004944,PN-00004944,CUST003883,AGT00495,PROD0009,active,2026-04-29,2027-04-29,4404.85,4090.22
POL004945,PN-00004945,CUST003943,AGT00089,PROD0009,active,2023-11-19,2024-11-18,13571.27,13479.28
POL004946,PN-00004946,CUST001223,AGT00257,PROD0016,active,2026-08-07,2027-08-07,3901.07,3802.23
POL004947,PN-00004947,CUST001300,AGT00324,PROD0025,active,2023-04-01,2024-03-31,11666.6,10710.2
POL004948,PN-00004948,CUST001229,AGT00338,PROD0029,renewed,2024-11-07,2025-11-07,5819.42,5615.99
POL004949,PN-00004949,CUST002900,AGT00271,PROD0014,issued,2024-09-17,2025-09-17,10322.21,10136.28
POL004950,PN-00004950,CUST001794,AGT00013,PROD0040,issued,2025-11-04,2026-11-04,12086.2,11760.89
POL004951,PN-00004951,CUST004224,AGT00385,PROD0006,active,2026-03-22,2027-03-22,10732.13,9969.05
POL004952,PN-00004952,CUST001166,AGT00144,PROD0008,active,2023-12-16,2024-12-15,9113.52,8526.79
POL004953,PN-00004953,CUST004936,AGT00253,PROD0024,lapsed,2023-11-26,2024-11-25,2319.27,2140.19
POL004954,PN-00004954,CUST000256,AGT00390,PROD0040,active,2024-03-27,2025-03-27,8953.54,8611.35
POL004955,PN-00004955,CUST000296,AGT00419,PROD0002,active,2026-05-26,2027-05-26,2890.21,2718.97
POL004956,PN-00004956,CUST003595,AGT00274,PROD0024,cancelled,2023-06-19,2024-06-18,4351.16,4065.56
POL004957,PN-00004957,CUST004867,AGT00160,PROD0019,active,2024-07-13,2025-07-13,11077.64,10839.55
POL004958,PN-00004958,CUST004919,AGT00463,PROD0042,renewed,2025-08-06,2026-08-06,13844.81,12663.61
POL004959,PN-00004959,CUST004606,AGT00097,PROD0011,active,2024-04-18,2025-04-18,3301.71,3147.52
POL004960,PN-00004960,CUST001662,AGT00249,PROD0044,renewed,2024-12-23,2025-12-23,5767.16,5558.34
POL004961,PN-00004961,CUST001794,AGT00253,PROD0035,active,2024-11-27,2025-11-27,1657.86,1654.27
POL004962,PN-00004962,CUST000626,AGT00055,PROD0025,active,2024-11-06,2025-11-06,3469.08,3420.52
POL004963,PN-00004963,CUST003442,AGT00130,PROD0023,expired,2025-02-19,2026-02-19,10511.95,9928.34
POL004964,PN-00004964,CUST002884,AGT00430,PROD0029,issued,2023-03-13,2024-03-12,5508.78,5410.22
POL004965,PN-00004965,CUST003923,AGT00048,PROD0024,lapsed,2026-06-28,2027-06-28,9790.77,9030.13
POL004966,PN-00004966,CUST001885,AGT00405,PROD0015,active,2024-04-20,2025-04-20,5681.01,5551.73
POL004967,PN-00004967,CUST003047,AGT00173,PROD0002,lapsed,2023-09-08,2024-09-07,3325.46,3094.37
POL004968,PN-00004968,CUST000451,AGT00362,PROD0047,issued,2024-05-12,2025-05-12,11011.95,9996.69
POL004969,PN-00004969,CUST001909,AGT00226,PROD0013,active,2023-10-12,2024-10-11,647.32,591.15
POL004970,PN-00004970,CUST000681,AGT00500,PROD0030,lapsed,2024-04-12,2025-04-12,14467.7,14465.37
POL004971,PN-00004971,CUST001033,AGT00323,PROD0028,expired,2023-03-22,2024-03-21,14437.12,13771.49
POL004972,PN-00004972,CUST004558,AGT00357,PROD0048,active,2026-08-09,2027-08-09,6383.41,5745.54
POL004973,PN-00004973,CUST003938,AGT00009,PROD0040,active,2026-06-28,2027-06-28,14583.44,13918.34
POL004974,PN-00004974,CUST004423,AGT00209,PROD0015,lapsed,2026-05-03,2027-05-03,11311.45,11147.42
POL004975,PN-00004975,CUST002563,AGT00489,PROD0028,active,2026-02-22,2027-02-22,14218.17,13684.97
POL004976,PN-00004976,CUST002720,AGT00294,PROD0006,active,2023-06-26,2024-06-25,14561.38,14005.6
POL004977,PN-00004977,CUST004305,AGT00157,PROD0038,active,2026-08-23,2027-08-23,3351.58,3123.62
POL004978,PN-00004978,CUST004658,AGT00126,PROD0010,active,2025-06-26,2026-06-26,5725.8,5506.9
POL004979,PN-00004979,CUST003184,AGT00311,PROD0019,active,2025-10-22,2026-10-22,11241.34,11098.1
POL004980,PN-00004980,CUST001029,AGT00029,PROD0045,quoted,2023-06-17,2024-06-16,12703.55,12509.84
POL004981,PN-00004981,CUST002646,AGT00400,PROD0013,expired,2024-02-17,2025-02-16,2823.49,2799.08
POL004982,PN-00004982,CUST004990,AGT00037,PROD0007,active,2026-02-16,2027-02-16,5845.74,5777.95
POL004983,PN-00004983,CUST000909,AGT00038,PROD0022,expired,2023-07-10,2024-07-09,14921.38,13867.08
POL004984,PN-00004984,CUST002066,AGT00474,PROD0027,active,2024-11-13,2025-11-13,9194.44,8451.42
POL004985,PN-00004985,CUST003403,AGT00398,PROD0024,active,2026-05-03,2027-05-03,7244.3,6833.21
POL004986,PN-00004986,CUST000154,AGT00027,PROD0034,renewed,2023-01-31,2024-01-31,352.36,317.23
POL004987,PN-00004987,CUST001535,AGT00083,PROD0027,lapsed,2023-03-24,2024-03-23,11220.06,10663.5
POL004988,PN-00004988,CUST004353,AGT00157,PROD0043,issued,2024-01-24,2025-01-23,13716.3,12620.66
POL004989,PN-00004989,CUST002191,AGT00318,PROD0030,quoted,2024-05-17,2025-05-17,2030.14,2023.43
POL004990,PN-00004990,CUST001743,AGT00288,PROD0034,active,2025-12-19,2026-12-19,9786.76,8906.78
POL004991,PN-00004991,CUST001319,AGT00320,PROD0046,active,2023-01-17,2024-01-17,4872.13,4463.5
POL004992,PN-00004992,CUST001187,AGT00122,PROD0048,quoted,2025-05-12,2026-05-12,2130.87,2080.6
POL004993,PN-00004993,CUST000171,AGT00340,PROD0040,lapsed,2025-10-04,2026-10-04,2479.73,2386.44
POL004994,PN-00004994,CUST001695,AGT00365,PROD0035,issued,2023-12-18,2024-12-17,1308.0,1182.33
POL004995,PN-00004995,CUST002965,AGT00388,PROD0007,quoted,2023-01-12,2024-01-12,13747.26,13542.9
POL004996,PN-00004996,CUST004912,AGT00251,PROD0033,quoted,2024-09-11,2025-09-11,8581.55,7964.97
POL004997,PN-00004997,CUST001266,AGT00359,PROD0003,renewed,2026-04-06,2027-04-06,6732.72,6620.6
POL004998,PN-00004998,CUST003321,AGT00433,PROD0028,quoted,2024-05-08,2025-05-08,1807.6,1635.96
POL004999,PN-00004999,CUST002540,AGT00172,PROD0013,active,2023-06-07,2024-06-06,9073.39,8292.72
POL005000,PN-00005000,CUST001759,AGT00197,PROD0021,issued,2024-05-03,2025-05-03,2717.18,2515.71
