party_id,party_type,display_name,first_name,last_name,organization_name,date_of_birth,email,phone,preferred_contact_method
PTY000001,person,Danielle Johnson,Danielle,Johnson,,1959-06-04,jeffreydoyle@example.net,001-581-896-0013x3890,email
PTY000002,person,Jeffrey Lawrence,Jeffrey,Lawrence,,1995-10-16,blakeerik@example.com,942-335-1161x55940,phone
PTY000003,person,Teresa Gray,Teresa,Gray,,1978-04-11,maria95@example.net,610.934.1316,phone
PTY000004,person,Cynthia Diaz,Cynthia,Diaz,,1965-11-24,jason41@example.net,+1-228-732-7648x3503,app
PTY000005,person,Richard Jones,Richard,Jones,,2002-11-06,jason76@example.net,724.523.8849x696,app
PTY000006,person,Wendy Taylor,Wendy,Taylor,,1974-04-17,camposmichelle@example.org,+1-326-691-6697x8480,email
PTY000007,person,Kayla Peterson,Kayla,Peterson,,1960-09-05,amoore@example.net,001-248-728-1489x3252,email
PTY000008,person,Tracy Rodriguez,Tracy,Rodriguez,,1965-05-29,john39@example.org,671-882-2782,phone
PTY000009,organization,Hickman Ltd,,,Hickman Ltd,,jenniferross@example.net,+1-557-587-1331x5098,app
PTY000010,person,Adrian Zimmerman,Adrian,Zimmerman,,1944-09-18,carlosjohnson@example.com,983-547-3829,app
PTY000011,person,Kristen Aguirre,Kristen,Aguirre,,1953-08-31,davisryan@example.com,(870)410-6513x33872,app
PTY000012,person,Joshua Wright,Joshua,Wright,,2003-07-15,ramosmichelle@example.net,908-501-3267,phone
PTY000013,person,Michelle Barrera,Michelle,Barrera,,1951-11-30,ysmith@example.com,246.787.2343x098,app
PTY000014,person,Brian Silva,Brian,Silva,,1974-12-05,brianromero@example.org,291-336-1939,email
PTY000015,person,Robert Silva,Robert,Silva,,1976-04-13,sarah35@example.org,362-547-5107x991,mail
PTY000016,person,William Anderson,William,Anderson,,1964-06-16,suarezmike@example.org,384.498.0841x241,sms
PTY000017,person,Joseph Jacobs,Joseph,Jacobs,,1989-07-17,james48@example.com,801-264-0052x427,phone
PTY000018,person,Daniel Landry,Daniel,Landry,,1987-09-25,amydavenport@example.net,+1-526-520-4505,email
PTY000019,person,Elizabeth Gomez,Elizabeth,Gomez,,1978-10-22,vdickson@example.org,622.460.2563,mail
PTY000020,person,Kristin Rodriguez,Kristin,Rodriguez,,2000-01-22,garrisonjeffrey@example.com,(843)730-3654x145,sms
PTY000021,person,Sheila Wilson,Sheila,Wilson,,2006-09-29,gregory40@example.org,+1-265-856-9816x934,app
PTY000022,person,Aaron Frost,Aaron,Frost,,1977-05-08,michaeljones@example.net,895-814-8465x64823,email
PTY000023,person,Erica Orr,Erica,Orr,,1982-08-05,richard04@example.com,969.495.7773,app
PTY000024,person,Donna Campbell,Donna,Campbell,,1985-11-19,clarence34@example.org,820.503.7917,mail
PTY000025,person,Jennifer Cruz,Jennifer,Cruz,,1967-11-27,dylanwatts@example.org,001-763-928-7083x17278,app
PTY000026,person,Cheyenne Ball,Cheyenne,Ball,,1975-01-22,jrivas@example.com,(677)943-4873,app
PTY000027,person,Chris Mitchell,Chris,Mitchell,,1959-03-14,luis81@example.org,(936)823-1665,app
PTY000028,person,Bryan Wall,Bryan,Wall,,1967-03-19,gateskathy@example.com,805.946.6889x3734,email
PTY000029,person,Anthony Rogers,Anthony,Rogers,,1986-12-04,dramsey@example.org,+1-280-669-9016x272,phone
PTY000030,person,Nicholas Lewis,Nicholas,Lewis,,1962-12-13,kathleen64@example.com,517-208-0531x003,email
PTY000031,person,Christine Allen,Christine,Allen,,1972-12-07,elliottjeffery@example.net,852-899-1241x904,email
PTY000032,person,Shelly Gonzalez,Shelly,Gonzalez,,1980-12-31,curtisbarton@example.net,+1-819-905-8651x850,sms
PTY000033,person,Daniel Yu,Daniel,Yu,,1983-12-17,bzimmerman@example.org,001-684-998-7769x4531,sms
PTY000034,person,John Marshall,John,Marshall,,1982-03-29,frogers@example.com,(273)554-5494,sms
PTY000035,person,Christopher Cortez,Christopher,Cortez,,1973-12-15,hannahbrewer@example.com,701.843.6349x578,phone
PTY000036,person,Wendy Pierce,Wendy,Pierce,,1964-08-25,qnelson@example.org,635-618-2337,email
PTY000037,organization,Wall LLC,,,Wall LLC,,michaelturner@example.net,+1-324-200-8427,phone
PTY000038,organization,"Mitchell, Mendoza and Peterson",,,"Mitchell, Mendoza and Peterson",,kingmichelle@example.org,667-319-0229,phone
PTY000039,person,Victoria Wilson,Victoria,Wilson,,1992-09-23,yobrien@example.net,286.377.4964,mail
PTY000040,person,Stacey Clark,Stacey,Clark,,1955-01-26,donna23@example.org,+1-212-506-7974,sms
PTY000041,organization,Mann-Warner,,,Mann-Warner,,ojones@example.com,+1-693-661-8324x2102,phone
PTY000042,person,Scott Harrison,Scott,Harrison,,1961-05-27,gbender@example.net,271.690.6594x0139,email
PTY000043,person,Barbara Hines,Barbara,Hines,,1952-08-18,cstone@example.com,(796)371-7565,email
PTY000044,person,Mia Rivera,Mia,Rivera,,1987-11-30,zroberts@example.net,2719545168,mail
PTY000045,person,Robert Lopez,Robert,Lopez,,1965-04-30,wgarrett@example.org,548.424.7710,email
PTY000046,person,Lance Smith,Lance,Smith,,1968-06-21,walkermaureen@example.org,412.874.8467x737,app
PTY000047,person,James Greene,James,Greene,,1991-06-30,michellehill@example.com,784-804-4997x27875,phone
PTY000048,person,Stanley Morris,Stanley,Morris,,1953-07-18,ashleyhall@example.com,7573662702,mail
PTY000049,person,Morgan Alexander,Morgan,Alexander,,1976-07-01,jsmith@example.com,+1-921-274-5961x5865,phone
PTY000050,person,Christina Young,Christina,Young,,1987-04-13,wendy16@example.org,001-517-824-0050x45562,phone
PTY000051,person,Ashlee Sparks,Ashlee,Sparks,,1952-04-10,christianpitts@example.net,+1-437-392-3747x40748,app
PTY000052,organization,Landry-Huerta,,,Landry-Huerta,,danielle64@example.com,836-671-3695x9440,sms
PTY000053,organization,Knight Ltd,,,Knight Ltd,,lozanojulie@example.com,001-739-453-3942x10470,mail
PTY000054,organization,Browning LLC,,,Browning LLC,,ithompson@example.net,(488)542-4745x171,mail
PTY000055,person,Michelle Ramsey,Michelle,Ramsey,,2007-05-24,zcoffey@example.net,(716)304-8175x496,phone
PTY000056,person,Emily Ruiz,Emily,Ruiz,,1982-11-13,rose31@example.net,446.812.0047x113,app
PTY000057,person,Shawn Santiago,Shawn,Santiago,,1991-04-12,umatthews@example.org,(717)796-4053x77351,email
PTY000058,person,Bruce Hill,Bruce,Hill,,2006-08-05,rushmadison@example.org,+1-539-500-5329x31839,email
PTY000059,person,Mark Hernandez,Mark,Hernandez,,2001-12-27,ramireztracey@example.org,+1-742-210-2053,phone
PTY000060,person,Grant Williams,Grant,Williams,,1991-03-08,vfox@example.org,975.289.1783x9084,app
PTY000061,person,Bruce Mendoza,Bruce,Mendoza,,1968-01-15,fparks@example.net,711.859.2124x998,mail
PTY000062,person,Virginia Schmidt,Virginia,Schmidt,,1971-08-02,sgarcia@example.org,+1-883-767-3657x6615,app
PTY000063,person,Elizabeth Brooks,Elizabeth,Brooks,,1951-02-04,fjones@example.org,(215)628-0988x51656,app
PTY000064,person,Caroline Bell,Caroline,Bell,,1980-01-14,ericolson@example.org,(285)614-9368x998,app
PTY000065,person,Anthony Nelson,Anthony,Nelson,,1992-08-03,sandra50@example.org,(896)812-0183,email
PTY000066,organization,Peterson-Wood,,,Peterson-Wood,,kimberly99@example.org,9229901476,sms
PTY000067,person,Robert Lewis,Robert,Lewis,,1975-07-29,reeddaniel@example.net,+1-497-684-0369x00343,email
PTY000068,person,Keith Wilson,Keith,Wilson,,1974-07-22,ythompson@example.net,001-738-885-1606x071,mail
PTY000069,person,Ashley Mckinney,Ashley,Mckinney,,1969-02-17,darius05@example.org,+1-875-616-1369x681,mail
PTY000070,person,Julie Walker,Julie,Walker,,1993-09-23,charlesschultz@example.net,435.952.3124x32921,sms
PTY000071,organization,Webster-Wolf,,,Webster-Wolf,,kmaldonado@example.net,+1-795-352-7177x4490,phone
PTY000072,organization,Murray-Johnson,,,Murray-Johnson,,marie11@example.net,+1-986-479-8079x359,email
PTY000073,person,Susan Hayes,Susan,Hayes,,1995-11-23,toni18@example.net,(703)777-8892,app
PTY000074,organization,Hughes-Schroeder,,,Hughes-Schroeder,,mccormickdeborah@example.org,818-464-4925x19254,phone
PTY000075,person,Brooke Hurley,Brooke,Hurley,,1961-10-10,vschneider@example.org,+1-581-468-5054x23573,sms
PTY000076,person,Eric Phillips,Eric,Phillips,,1994-05-04,romeroamber@example.net,805.792.9622x29270,app
PTY000077,organization,"Ball, Montes and Bishop",,,"Ball, Montes and Bishop",,pyoung@example.com,435.697.7468x8623,email
PTY000078,organization,Davidson LLC,,,Davidson LLC,,dawsonzachary@example.org,812-247-8261x3750,sms
PTY000079,person,Randy Brooks,Randy,Brooks,,1966-12-27,brooksanthony@example.org,001-352-220-4727x790,email
PTY000080,person,Jonathan Conley,Jonathan,Conley,,1978-01-20,srodriguez@example.org,510-436-9711x7980,sms
PTY000081,person,Kelly Smith,Kelly,Smith,,1964-09-19,ashleylopez@example.net,285-818-8888,phone
PTY000082,person,Morgan Williams,Morgan,Williams,,1967-01-13,jon05@example.org,(931)495-2058x527,phone
PTY000083,organization,Brown Group,,,Brown Group,,carterbradley@example.org,5546868740,email
PTY000084,person,Michael Norman,Michael,Norman,,1999-08-17,joshua56@example.com,001-876-452-7758x4161,mail
PTY000085,person,Amy Morris,Amy,Morris,,1946-02-27,donna47@example.net,001-362-875-7059x640,app
PTY000086,person,Michael Owen,Michael,Owen,,1986-12-10,stephaniethomas@example.net,+1-770-721-3556x90927,phone
PTY000087,person,Scott Jones,Scott,Jones,,1950-01-29,raymond43@example.org,9275868144,app
PTY000088,person,Wendy Mitchell,Wendy,Mitchell,,2003-01-28,igonzalez@example.org,427.715.5188x442,sms
PTY000089,organization,"Walker, Galloway and Conner",,,"Walker, Galloway and Conner",,kristyjohnson@example.net,001-857-982-9114,app
PTY000090,person,Alicia Hammond,Alicia,Hammond,,1996-09-26,martinezlogan@example.org,378.452.8922x680,phone
PTY000091,organization,Martin-Morris,,,Martin-Morris,,michaeleverett@example.com,343-484-2498,phone
PTY000092,person,Brittany Carpenter,Brittany,Carpenter,,1952-05-11,megan90@example.org,909-643-9690,mail
PTY000093,person,Dawn Turner,Dawn,Turner,,1957-05-16,eevans@example.net,4277677359,mail
PTY000094,organization,"Flores, Travis and Reed",,,"Flores, Travis and Reed",,xanderson@example.net,+1-415-337-1473,mail
PTY000095,person,Brent Dougherty,Brent,Dougherty,,1999-07-07,kwright@example.com,001-953-227-8774,phone
PTY000096,person,Christopher Long,Christopher,Long,,1971-10-28,jasongomez@example.org,779-274-8016x2456,email
PTY000097,person,Richard Hudson,Richard,Hudson,,1953-12-15,angela16@example.net,784.499.1216x558,email
PTY000098,organization,Morrison Group,,,Morrison Group,,williamsderrick@example.com,687.729.8259x5269,app
PTY000099,person,William Hicks,William,Hicks,,1974-01-16,thomas05@example.com,+1-916-494-0974x99309,app
PTY000100,person,Alexandria Griffith,Alexandria,Griffith,,1993-06-02,rhernandez@example.org,8915307562,email
PTY000101,person,Robert Hampton,Robert,Hampton,,2003-05-08,vsalas@example.net,7284385786,email
PTY000102,person,Steve Patel,Steve,Patel,,1977-11-18,erica49@example.com,934.784.3443,email
PTY000103,person,Timothy Castro,Timothy,Castro,,2004-04-19,keith98@example.com,(652)640-4157x4733,sms
PTY000104,person,Derrick Gilbert,Derrick,Gilbert,,1980-08-22,johnsantiago@example.net,230.416.5712,app
PTY000105,person,Richard Donovan,Richard,Donovan,,2000-06-25,mwoods@example.com,440-619-3802x62067,sms
PTY000106,person,Nancy Smith,Nancy,Smith,,1979-05-11,hebertmatthew@example.com,+1-688-472-8743x1527,phone
PTY000107,organization,Doyle LLC,,,Doyle LLC,,gregorychase@example.com,(585)916-1227x53046,phone
PTY000108,organization,Finley-Turner,,,Finley-Turner,,greenmichael@example.org,6177426841,app
PTY000109,person,Christina Robinson,Christina,Robinson,,1949-10-18,vhernandez@example.net,(768)378-3391x878,phone
PTY000110,person,Samantha Rodriguez,Samantha,Rodriguez,,1997-02-08,ashleyhernandez@example.com,971.239.7187x07286,mail
PTY000111,person,Angelica Chambers,Angelica,Chambers,,1961-09-05,fosterlisa@example.net,391.906.5180,email
PTY000112,person,Anthony Ortiz,Anthony,Ortiz,,1993-01-13,katiegood@example.net,(456)576-6182x51286,mail
PTY000113,person,Mary Avila,Mary,Avila,,2007-04-18,steven86@example.net,(533)575-2431x0690,mail
PTY000114,person,Carlos Wheeler,Carlos,Wheeler,,1971-02-02,sanchezbradley@example.com,783.702.8439,mail
PTY000115,person,Joel Walter,Joel,Walter,,2007-10-14,roberthill@example.net,001-726-887-0568,email
PTY000116,person,Ricky Evans,Ricky,Evans,,1953-03-22,oallen@example.com,001-627-508-6688x263,mail
PTY000117,person,Mark Miller,Mark,Miller,,1971-04-26,christopher30@example.com,(299)501-3983x7354,email
PTY000118,person,Sharon Hayden,Sharon,Hayden,,1948-09-09,srocha@example.net,001-636-738-5467x854,phone
PTY000119,person,William Crawford,William,Crawford,,1947-06-02,ugill@example.org,(856)609-3204x899,app
PTY000120,person,Elijah Rivera,Elijah,Rivera,,1966-07-22,victorpena@example.net,247-377-2522x87280,phone
PTY000121,person,Sierra Barnett,Sierra,Barnett,,1992-09-20,gutierrezmegan@example.org,920-938-7509,phone
PTY000122,person,Alfred Patel,Alfred,Patel,,1968-09-12,smithjennifer@example.net,608-762-1182x3398,mail
PTY000123,person,Joseph Sanders,Joseph,Sanders,,1966-02-04,pstevens@example.net,941.201.6668,email
PTY000124,person,Dana Warner,Dana,Warner,,1946-05-03,pbruce@example.com,001-218-303-3974,app
PTY000125,person,Gabrielle Ramirez,Gabrielle,Ramirez,,1977-08-30,whitemelissa@example.org,892.761.4293,email
PTY000126,organization,Campos-Taylor,,,Campos-Taylor,,masonterri@example.org,763-215-9996,email
PTY000127,person,Cynthia Bowers,Cynthia,Bowers,,1971-05-15,jperez@example.com,(829)761-9431x14262,phone
PTY000128,person,Michael Davis,Michael,Davis,,2004-11-16,sean41@example.org,226-378-8861,mail
PTY000129,person,Michael Davis,Michael,Davis,,1981-05-28,michelle04@example.com,(918)439-8262x2444,mail
PTY000130,person,Bryan Hamilton,Bryan,Hamilton,,1969-05-13,todd15@example.com,279.893.7124,mail
PTY000131,person,Martin Oliver,Martin,Oliver,,1995-06-05,scott69@example.org,759-837-5265x4793,phone
PTY000132,person,Juan Hartman,Juan,Hartman,,1965-07-19,frederickjames@example.net,(980)473-7416,email
PTY000133,person,Cynthia Allen,Cynthia,Allen,,1985-07-13,jennifermccormick@example.org,397.396.8868x058,sms
PTY000134,person,Kayla Sandoval,Kayla,Sandoval,,1964-11-12,deborahwilliams@example.net,+1-565-961-0143x88899,sms
PTY000135,person,Neil Ford,Neil,Ford,,1986-12-14,michaeljohnson@example.org,961-312-5457x3875,app
PTY000136,person,Samuel Horton,Samuel,Horton,,1962-05-30,evanslisa@example.org,7518238282,phone
PTY000137,person,Susan Hall,Susan,Hall,,1968-04-09,jacobsandoval@example.com,5936796603,sms
PTY000138,person,Karen Stokes,Karen,Stokes,,1944-12-19,lloydamanda@example.com,737-714-7859x69691,email
PTY000139,organization,Williamson-Cervantes,,,Williamson-Cervantes,,samantha91@example.net,(851)834-1252,app
PTY000140,person,Candace Andrews,Candace,Andrews,,1969-06-30,tommymedina@example.net,(282)774-2257,sms
PTY000141,person,Stephanie Washington,Stephanie,Washington,,1953-12-26,gmaynard@example.net,667.567.7219x0340,email
PTY000142,organization,"Roberts, Norman and Cunningham",,,"Roberts, Norman and Cunningham",,hdunn@example.net,848-358-0783,mail
PTY000143,organization,"Greer, Potter and Evans",,,"Greer, Potter and Evans",,colemichael@example.org,513.239.5962x923,app
PTY000144,person,Ashley Patel,Ashley,Patel,,1981-04-28,mariopadilla@example.com,001-448-512-6042,email
PTY000145,organization,Dawson and Sons,,,Dawson and Sons,,kburns@example.net,766-271-1684x577,email
PTY000146,person,Misty Boone,Misty,Boone,,1947-01-18,sreid@example.com,686-736-3745,email
PTY000147,organization,"Lane, Knight and Washington",,,"Lane, Knight and Washington",,patricia00@example.org,+1-670-312-7706x3242,email
PTY000148,person,Diamond Wright,Diamond,Wright,,1966-01-05,brettgarrett@example.net,001-936-211-0371x293,mail
PTY000149,person,Alan Cooper,Alan,Cooper,,1948-11-30,ebenson@example.org,861.411.5542,app
PTY000150,person,Darlene Byrd,Darlene,Byrd,,1945-05-13,bishopfrank@example.com,001-732-869-7311x2196,app
PTY000151,organization,Moody-Wright,,,Moody-Wright,,wrightcarolyn@example.net,+1-540-943-8983x640,email
PTY000152,organization,Rodriguez-Porter,,,Rodriguez-Porter,,ricetiffany@example.com,626-596-5827x10910,email
PTY000153,person,Bill Brown,Bill,Brown,,1994-06-02,ohunter@example.net,566.461.8892x41418,app
PTY000154,organization,"Murphy, Willis and Hines",,,"Murphy, Willis and Hines",,collinssamuel@example.org,6314617990,app
PTY000155,person,David Zimmerman,David,Zimmerman,,1988-06-11,martinstephanie@example.net,342.952.4105x64814,sms
PTY000156,person,Spencer Ward,Spencer,Ward,,1974-09-15,michaelscott@example.org,001-913-780-0030,sms
PTY000157,person,Patrick Hernandez,Patrick,Hernandez,,2004-01-28,tranrobin@example.net,+1-263-453-6541x9518,sms
PTY000158,person,Jeffrey Black,Jeffrey,Black,,1943-11-01,djones@example.com,001-945-718-7053x49493,phone
PTY000159,person,Brittany Snyder,Brittany,Snyder,,1993-04-14,jessicapayne@example.org,(206)803-8505,mail
PTY000160,person,Melinda Acosta,Melinda,Acosta,,1947-10-13,alyssaallen@example.com,9243103865,email
PTY000161,person,Beverly Wagner,Beverly,Wagner,,1984-01-27,kjones@example.org,(423)344-5655x74313,mail
PTY000162,organization,Garcia Group,,,Garcia Group,,hedwards@example.net,(537)747-4112x490,app
PTY000163,person,Eddie Dawson,Eddie,Dawson,,2006-08-10,randy04@example.com,(306)478-8317,email
PTY000164,organization,Smith and Sons,,,Smith and Sons,,jamesmorales@example.net,+1-319-294-1013x7215,phone
PTY000165,organization,Williams-Glass,,,Williams-Glass,,zunderwood@example.com,9664253244,sms
PTY000166,person,Austin Harvey,Austin,Harvey,,1957-06-08,victor87@example.org,246-826-3838,sms
PTY000167,person,Kimberly Howard,Kimberly,Howard,,1977-10-06,kcooper@example.net,564-420-5930x40785,phone
PTY000168,person,Craig Sandoval,Craig,Sandoval,,1958-11-05,gallagherstacie@example.net,(452)523-9559x0599,sms
PTY000169,person,Mary Cochran,Mary,Cochran,,2006-09-29,lweaver@example.com,2107393087,mail
PTY000170,organization,"Harris, Anderson and Love",,,"Harris, Anderson and Love",,brian29@example.net,(718)651-5691,sms
PTY000171,organization,Taylor-Moore,,,Taylor-Moore,,fconner@example.net,828-295-3926x44220,app
PTY000172,person,Ian Flores,Ian,Flores,,1995-10-01,daniellegarcia@example.com,(951)235-5215,app
PTY000173,person,Joseph Wright,Joseph,Wright,,1945-04-28,jonathan10@example.org,(576)426-7658x6179,email
PTY000174,person,Shannon Lloyd,Shannon,Lloyd,,1942-12-25,andrew41@example.org,826-421-8159x97062,sms
PTY000175,person,Brian Rivera,Brian,Rivera,,2007-01-06,robertspencer@example.net,+1-944-443-1069,email
PTY000176,organization,Ward Group,,,Ward Group,,phillipsebony@example.net,931.603.2417x1467,phone
PTY000177,person,Christopher Stephens,Christopher,Stephens,,1953-04-16,nicole52@example.com,4473743490,sms
PTY000178,organization,Barnett PLC,,,Barnett PLC,,larellano@example.org,+1-906-686-8793,phone
PTY000179,person,Christian Orr,Christian,Orr,,1989-04-26,shawrachel@example.net,+1-592-417-2233x20616,phone
PTY000180,person,Mary Scott,Mary,Scott,,2002-09-09,millerangela@example.net,348-370-9986x16229,app
PTY000181,person,Anna Garcia,Anna,Garcia,,1960-03-05,natalie46@example.net,899.770.2462x9960,sms
PTY000182,person,Hannah Williams,Hannah,Williams,,1973-01-17,penny05@example.com,547-913-2475x4691,email
PTY000183,person,Jason Holloway,Jason,Holloway,,1991-02-17,xmalone@example.org,521.248.6289x02330,sms
PTY000184,person,Stephen Hull,Stephen,Hull,,1988-08-28,joshuacolon@example.net,(710)435-7972x7985,email
PTY000185,person,Mary Green,Mary,Green,,1997-04-01,mitchellpaul@example.org,001-233-933-4680,phone
PTY000186,person,Rhonda Holland,Rhonda,Holland,,1981-08-13,walkercharlene@example.com,001-846-365-7437x489,phone
PTY000187,person,Adrian Key,Adrian,Key,,2006-06-24,anna99@example.com,517-215-4544x4328,app
PTY000188,person,Linda Lang,Linda,Lang,,1981-07-16,rguerrero@example.org,001-507-944-6660x9935,app
PTY000189,person,Rebecca Powers,Rebecca,Powers,,1975-03-26,megan82@example.com,772-548-2513,email
PTY000190,person,Julie Parker,Julie,Parker,,1994-05-04,nathan94@example.com,370-899-9173,phone
PTY000191,organization,"Evans, Brown and Dickerson",,,"Evans, Brown and Dickerson",,victoriacooper@example.net,625.521.7525x007,email
PTY000192,person,Kathleen Jackson,Kathleen,Jackson,,1992-09-24,tracygallagher@example.org,(296)566-6760,app
PTY000193,organization,"Watson, Smith and Morris",,,"Watson, Smith and Morris",,andrewsmith@example.net,635.442.1689,phone
PTY000194,person,Cameron Williams,Cameron,Williams,,2005-04-02,stephen89@example.net,262-457-5326x03323,phone
PTY000195,person,David Dawson,David,Dawson,,1994-08-12,brooksdanielle@example.net,+1-609-901-0016x761,sms
PTY000196,person,Jacqueline Harris,Jacqueline,Harris,,1987-05-17,turnerdorothy@example.net,549.592.6189x14117,email
PTY000197,person,Kimberly Decker,Kimberly,Decker,,2006-12-06,michaelortiz@example.org,3873375300,phone
PTY000198,person,Mary Caldwell,Mary,Caldwell,,1950-11-10,chancharles@example.net,443-274-4701,email
PTY000199,person,Melissa Ward,Melissa,Ward,,1986-10-06,ronald11@example.org,7227557941,app
PTY000200,person,Ian Morales,Ian,Morales,,2006-03-12,ynelson@example.net,462.812.0216x9797,app
PTY000201,person,Kimberly Carr,Kimberly,Carr,,1999-05-29,timothyfreeman@example.com,301.845.0899x358,phone
PTY000202,person,Dorothy Wright,Dorothy,Wright,,1964-03-27,jhernandez@example.net,7025877217,phone
PTY000203,person,Mark Ramirez,Mark,Ramirez,,1975-03-16,andreagray@example.org,377-997-1775,email
PTY000204,person,Julie Smith,Julie,Smith,,1968-02-29,jjohnson@example.org,799-248-8375,sms
PTY000205,person,Lisa Richard,Lisa,Richard,,1963-04-20,xmoran@example.net,211.430.5548x851,phone
PTY000206,person,Travis Underwood,Travis,Underwood,,1991-03-28,nrodriguez@example.org,216.337.3516,phone
PTY000207,person,Kelsey Hayes,Kelsey,Hayes,,1985-07-08,tamarasmith@example.net,4863978292,mail
PTY000208,person,Paul Burke,Paul,Burke,,2000-10-10,william66@example.net,001-634-765-4722x698,mail
PTY000209,person,Jennifer Walls,Jennifer,Walls,,1983-10-03,jamesweber@example.com,+1-652-828-8515x87996,phone
PTY000210,person,Lindsey Mills,Lindsey,Mills,,1942-06-06,qthomas@example.org,242.744.2043,sms
PTY000211,person,Lisa Garcia,Lisa,Garcia,,1999-10-12,juliahoffman@example.org,540.766.6580x04397,phone
PTY000212,person,Kari Payne,Kari,Payne,,1981-10-08,kimberlybrandt@example.com,621.422.8160x648,email
PTY000213,person,Eugene Singleton,Eugene,Singleton,,1941-02-03,steven20@example.org,390-494-7985x15832,mail
PTY000214,person,Robert Herrera,Robert,Herrera,,1946-12-19,jeffrey35@example.com,(543)298-7801x573,sms
PTY000215,person,Felicia Flores,Felicia,Flores,,2003-01-14,cruzamber@example.com,5857887704,sms
PTY000216,person,Willie Vaughan,Willie,Vaughan,,1952-02-06,simsjason@example.net,001-336-213-8612x07501,app
PTY000217,person,Gregory King,Gregory,King,,1945-07-02,rhondarussell@example.com,+1-366-750-6180x9190,app
PTY000218,person,Sarah Rodriguez,Sarah,Rodriguez,,1994-04-04,catherine47@example.com,(207)428-3268x4245,email
PTY000219,person,David Smith,David,Smith,,1981-04-23,fmedina@example.com,653.568.2223,sms
PTY000220,person,Danny Lambert,Danny,Lambert,,1979-04-25,yorksarah@example.net,481.541.4139x755,app
PTY000221,person,Craig Harvey,Craig,Harvey,,2001-12-17,louishayes@example.net,+1-849-629-9556x20533,email
PTY000222,person,Mary Taylor,Mary,Taylor,,1990-08-03,natalie77@example.com,001-347-281-2914x28341,app
PTY000223,person,Melissa Welch,Melissa,Welch,,1996-01-04,nhammond@example.org,+1-648-487-2563,sms
PTY000224,person,Steven Dixon,Steven,Dixon,,1967-09-17,wayne39@example.net,(982)772-2992,mail
PTY000225,organization,Robinson Group,,,Robinson Group,,bryanwood@example.org,+1-438-856-7700x51844,app
PTY000226,person,Desiree Diaz,Desiree,Diaz,,1985-03-02,blacknicholas@example.org,665.557.7908x27231,mail
PTY000227,organization,Lopez LLC,,,Lopez LLC,,guerrerorobert@example.com,001-417-477-3926x0302,phone
PTY000228,person,Crystal Williams,Crystal,Williams,,1979-08-26,brianscott@example.org,869.490.4137x97723,email
PTY000229,person,Laura Hoover,Laura,Hoover,,1953-01-31,gary57@example.net,001-813-466-2103,email
PTY000230,organization,"Davis, Alvarez and Mendez",,,"Davis, Alvarez and Mendez",,richamanda@example.org,772-298-0686,app
PTY000231,person,Heidi Patterson,Heidi,Patterson,,2004-07-26,yclarke@example.com,001-691-862-4731,sms
PTY000232,person,Jonathan Smith,Jonathan,Smith,,1991-04-25,lanedavid@example.org,(735)665-1269x4486,email
PTY000233,person,Victoria Sanders,Victoria,Sanders,,1954-07-27,jarnold@example.com,(858)487-4495,app
PTY000234,person,Melissa Hopkins,Melissa,Hopkins,,1991-08-07,seanlyons@example.org,838-265-8902,email
PTY000235,person,Linda Morrow,Linda,Morrow,,1972-10-21,qdavis@example.org,(919)906-6984x902,app
PTY000236,person,Alex Jefferson,Alex,Jefferson,,2004-01-18,james98@example.net,001-739-820-5302x146,mail
PTY000237,person,Richard Gonzalez,Richard,Gonzalez,,1941-10-02,calhounandrea@example.net,+1-895-254-3937,mail
PTY000238,person,Jose Russell,Jose,Russell,,1947-12-15,gordonmatthew@example.org,248.994.7697x35779,app
PTY000239,person,Darren Jones,Darren,Jones,,1983-10-30,ericahall@example.com,(958)780-4341x65182,phone
PTY000240,person,Michael Shannon,Michael,Shannon,,1959-01-07,staceyvega@example.org,333.334.3333x9521,mail
PTY000241,person,Emma Alvarado,Emma,Alvarado,,1982-06-24,duranamber@example.org,459.257.9472x8463,app
PTY000242,organization,"Lloyd, Mendoza and Fernandez",,,"Lloyd, Mendoza and Fernandez",,phillip27@example.org,001-687-450-0369x155,sms
PTY000243,person,Amy Young,Amy,Young,,1972-10-13,michael76@example.org,(855)864-7292x93143,app
PTY000244,person,James Marsh,James,Marsh,,1990-12-19,thomassmith@example.com,428.285.7448x9061,sms
PTY000245,person,Jason King,Jason,King,,1997-10-19,colematthew@example.com,(488)645-0615x939,phone
PTY000246,person,Michael Nunez,Michael,Nunez,,1973-11-18,ypreston@example.net,572-725-6996x1125,app
PTY000247,organization,Delgado-Page,,,Delgado-Page,,cnelson@example.com,001-498-876-2202x3413,sms
PTY000248,person,Dakota Brown,Dakota,Brown,,2000-07-02,bkelley@example.com,411.449.2164x33472,mail
PTY000249,person,Anthony Alvarado,Anthony,Alvarado,,1999-04-04,michelle78@example.com,+1-872-682-9979,phone
PTY000250,organization,Olson-Perez,,,Olson-Perez,,ramosmichael@example.com,(240)908-2547,mail
PTY000251,person,Stacey Woods,Stacey,Woods,,1941-04-30,myates@example.org,4858368663,email
PTY000252,person,Maria Walker,Maria,Walker,,1946-02-05,hgarrett@example.net,001-944-984-6312x241,app
PTY000253,organization,Graves-Vasquez,,,Graves-Vasquez,,andrew08@example.org,(414)242-7031,sms
PTY000254,person,Tristan Peterson,Tristan,Peterson,,1961-11-29,dbolton@example.net,9514204618,phone
PTY000255,person,James Skinner,James,Skinner,,1996-04-27,hclayton@example.net,567.930.3718,phone
PTY000256,person,Paul Ali,Paul,Ali,,2004-06-01,eric08@example.net,547-843-5031,phone
PTY000257,person,Mark Jackson,Mark,Jackson,,1959-07-01,fosterjohn@example.org,001-379-725-1327,email
PTY000258,person,Sarah Shea,Sarah,Shea,,1983-04-01,browndeanna@example.net,+1-512-273-5857,mail
PTY000259,organization,"Gray, Ramsey and King",,,"Gray, Ramsey and King",,washingtonsamuel@example.com,+1-673-492-8557,email
PTY000260,person,Casey Moore,Casey,Moore,,1960-10-29,amber70@example.net,962.409.5935x18638,mail
PTY000261,organization,"Campbell, Ortiz and Morris",,,"Campbell, Ortiz and Morris",,millscarl@example.org,(803)917-3109,phone
PTY000262,person,Alicia Miles,Alicia,Miles,,1958-02-15,diazcatherine@example.org,7372170586,mail
PTY000263,person,Madison Baker,Madison,Baker,,1943-06-23,davenportchristian@example.org,811.338.6338x39288,phone
PTY000264,person,Katie Ray,Katie,Ray,,1986-08-10,bpark@example.org,(928)768-5289,email
PTY000265,person,Rachel Pierce,Rachel,Pierce,,2008-07-17,megan66@example.net,293-698-3684x57760,mail
PTY000266,person,Caitlin Holmes,Caitlin,Holmes,,2008-04-23,adam33@example.com,2489889921,phone
PTY000267,organization,Moore-Baker,,,Moore-Baker,,jesseshepherd@example.org,001-369-631-5727,mail
PTY000268,person,Benjamin Stokes,Benjamin,Stokes,,1966-09-03,deleonsandra@example.com,(766)413-9060x480,app
PTY000269,person,Mark Wolfe,Mark,Wolfe,,1951-02-18,nunezwendy@example.com,001-299-881-3646x22517,email
PTY000270,person,Jose Ross,Jose,Ross,,1970-04-11,kathleencastillo@example.org,369.338.9833x1465,phone
PTY000271,person,Emily Henderson,Emily,Henderson,,1964-05-30,malikwheeler@example.org,001-342-359-7927x03352,app
PTY000272,organization,"Brown, Rush and Mcintosh",,,"Brown, Rush and Mcintosh",,alexander14@example.com,405.238.3388x4879,app
PTY000273,person,Nicholas Escobar,Nicholas,Escobar,,1976-07-22,scottbrian@example.org,001-694-807-0164x510,mail
PTY000274,organization,Whitney PLC,,,Whitney PLC,,mckeetodd@example.net,+1-512-638-7800,app
PTY000275,person,Matthew Long,Matthew,Long,,1951-05-24,reedmichael@example.net,838-440-4608x4325,app
PTY000276,person,Christopher Reyes,Christopher,Reyes,,2006-01-28,robertberry@example.com,495-878-2329x8324,phone
PTY000277,person,Wendy Daugherty,Wendy,Daugherty,,1950-08-02,lonniegrant@example.net,925-620-5664,mail
PTY000278,person,Edwin Lopez,Edwin,Lopez,,1949-08-29,anthonyodom@example.net,499-993-9330x517,phone
PTY000279,person,Jennifer Brooks,Jennifer,Brooks,,1998-09-11,ihenry@example.org,530.360.4633,app
PTY000280,person,Gregory Blevins,Gregory,Blevins,,1970-08-08,dwatts@example.org,(360)996-5699x98808,phone
PTY000281,person,Stephen Rich,Stephen,Rich,,2000-06-10,aprilfoster@example.net,6866803476,mail
PTY000282,person,Steven Henderson,Steven,Henderson,,1982-06-07,vaughnrebecca@example.com,+1-271-481-2982x6657,sms
PTY000283,person,Shawn Mosley,Shawn,Mosley,,2001-09-01,nicoledavis@example.com,001-421-811-7518x689,sms
PTY000284,person,Andrea Williams,Andrea,Williams,,1952-05-03,ariana22@example.org,(406)544-7421,sms
PTY000285,organization,Dean LLC,,,Dean LLC,,ellismelissa@example.net,9973339776,email
PTY000286,person,Carolyn Smith,Carolyn,Smith,,2000-09-27,christine83@example.org,(620)750-2099,phone
PTY000287,person,Samantha Williams,Samantha,Williams,,1969-01-30,evanmitchell@example.net,001-799-882-7950x145,mail
PTY000288,person,Lori Chang,Lori,Chang,,1998-02-04,carterdennis@example.net,358-968-3390x198,phone
PTY000289,person,Jennifer Jacobs,Jennifer,Jacobs,,1994-05-06,ronald54@example.net,001-995-429-9787,mail
PTY000290,person,Nicole Hall,Nicole,Hall,,1960-06-23,aaronjohnson@example.net,539-266-0558,sms
PTY000291,organization,"Harris, Campbell and Tyler",,,"Harris, Campbell and Tyler",,kevin85@example.org,755-769-9023,mail
PTY000292,person,Sandra Mendoza,Sandra,Mendoza,,1972-12-30,brewertimothy@example.net,285.576.0849x588,email
PTY000293,person,Barbara Rivera,Barbara,Rivera,,2003-01-20,carl24@example.org,868-329-9629x14504,mail
PTY000294,person,Tyler Young,Tyler,Young,,1971-06-18,javier42@example.org,(903)617-8078x235,app
PTY000295,person,Kimberly Thomas,Kimberly,Thomas,,2000-01-13,shortsharon@example.net,(230)376-8104,app
PTY000296,person,Mathew Small,Mathew,Small,,1947-09-22,andrew43@example.com,434.448.5714,mail
PTY000297,person,Joshua Smith,Joshua,Smith,,1983-02-06,clarkmichael@example.com,224-493-2149x587,sms
PTY000298,person,Anthony Berger,Anthony,Berger,,1944-02-22,reyeschristopher@example.com,(399)979-5453,mail
PTY000299,person,Ashley Davis,Ashley,Davis,,1995-04-23,tdavis@example.net,+1-977-933-2945x6255,app
PTY000300,organization,Jones Inc,,,Jones Inc,,timothy24@example.com,+1-992-881-6158x148,app
PTY000301,person,Brittany Allen,Brittany,Allen,,1957-04-16,terrireyes@example.com,396.969.5832,mail
PTY000302,person,Danny Carlson,Danny,Carlson,,1962-11-07,shortgregory@example.com,591-496-5701,sms
PTY000303,person,Paige Berger,Paige,Berger,,1983-12-31,shermandonna@example.com,+1-646-699-7335,mail
PTY000304,person,Samantha Zuniga,Samantha,Zuniga,,1989-07-21,veronica90@example.net,562.840.5800x85140,mail
PTY000305,person,Jacqueline Long,Jacqueline,Long,,1962-05-11,bsullivan@example.net,427.623.8656,mail
PTY000306,person,Whitney Santiago,Whitney,Santiago,,1949-11-05,jonesalfred@example.net,862.912.6796x9278,mail
PTY000307,person,Paul Perez,Paul,Perez,,1969-08-12,lanemelanie@example.org,001-384-968-9500x975,app
PTY000308,organization,"Miller, Cross and Fox",,,"Miller, Cross and Fox",,steven18@example.net,737-218-9490,email
PTY000309,person,Taylor Hunt,Taylor,Hunt,,1972-08-21,robert44@example.org,2946940792,app
PTY000310,organization,"Weber, Mitchell and Miller",,,"Weber, Mitchell and Miller",,yorkjoshua@example.org,+1-444-640-1929x275,email
PTY000311,person,Kimberly Young,Kimberly,Young,,1953-01-05,cooperchristopher@example.org,+1-627-366-3723x950,mail
PTY000312,person,Brian Marshall,Brian,Marshall,,1973-02-11,thomas83@example.com,+1-367-742-8604x76580,mail
PTY000313,person,Stephanie Reynolds,Stephanie,Reynolds,,2003-03-08,matthew41@example.com,+1-296-373-9385x2580,email
PTY000314,person,Alexander Davis,Alexander,Davis,,1947-10-12,ubell@example.com,330-409-1093x911,mail
PTY000315,person,Nicholas Gallagher,Nicholas,Gallagher,,1984-10-18,pauladominguez@example.com,871-774-6542x1406,phone
PTY000316,person,Wendy Scott,Wendy,Scott,,1996-01-08,gregory17@example.org,+1-662-371-2863x917,sms
PTY000317,person,Austin Jones,Austin,Jones,,1990-03-21,kimberly07@example.org,+1-800-864-2569x0877,mail
PTY000318,person,Megan Norman,Megan,Norman,,1994-02-25,fernandezaaron@example.net,001-371-998-5546x01585,mail
PTY000319,person,Kathleen Roberts,Kathleen,Roberts,,1954-07-13,angelaponce@example.net,446.215.7173,email
PTY000320,person,James Cortez,James,Cortez,,1981-01-21,tracybrown@example.net,+1-547-987-0050x5061,email
PTY000321,organization,"Berg, Herrera and Figueroa",,,"Berg, Herrera and Figueroa",,sandyjohnson@example.org,407.390.3202x0417,email
PTY000322,person,Lisa Rodriguez,Lisa,Rodriguez,,1974-07-16,bryanharris@example.com,001-365-319-8253x0925,phone
PTY000323,person,Joshua Todd,Joshua,Todd,,1952-02-22,angela73@example.net,2212962071,email
PTY000324,person,Harry Davis,Harry,Davis,,1985-01-22,robert72@example.org,(448)976-3290,phone
PTY000325,person,Cheryl Miller,Cheryl,Miller,,1996-12-13,michael08@example.org,918.519.5883,email
PTY000326,organization,Brown-Rodriguez,,,Brown-Rodriguez,,ginaschmitt@example.com,222.300.5436x4597,phone
PTY000327,person,Joy Buckley,Joy,Buckley,,1952-09-04,kristenwashington@example.org,537-399-5635,phone
PTY000328,person,Mark Garcia,Mark,Garcia,,1990-11-29,ykane@example.org,979-470-6239,email
PTY000329,organization,Brooks-Ellis,,,Brooks-Ellis,,crystalcantrell@example.org,620-490-4217x76253,phone
PTY000330,person,Kristine Little,Kristine,Little,,1982-04-28,belindatran@example.org,268-873-9774,sms
PTY000331,person,Jill Wright,Jill,Wright,,1962-12-24,lriley@example.org,001-806-900-7806,phone
PTY000332,organization,"Nicholson, Chavez and Allen",,,"Nicholson, Chavez and Allen",,steelerichard@example.org,(954)231-0742,app
PTY000333,person,Tiffany Ford,Tiffany,Ford,,1950-02-21,xlopez@example.net,501.365.8046x498,phone
PTY000334,person,Christine Rogers,Christine,Rogers,,2004-02-24,robertsonrenee@example.com,4163579055,email
PTY000335,organization,"Fletcher, Harris and Zavala",,,"Fletcher, Harris and Zavala",,amberbanks@example.net,001-993-935-5486x40155,email
PTY000336,person,Walter Gallegos,Walter,Gallegos,,1972-09-13,shannon51@example.org,911.462.4112x412,app
PTY000337,person,Nancy Meyer,Nancy,Meyer,,1983-05-25,cartertara@example.net,(275)567-0431,mail
PTY000338,person,Mary Stone,Mary,Stone,,1963-07-26,plane@example.net,979-788-7749x24243,email
PTY000339,organization,Carrillo-Williams,,,Carrillo-Williams,,justin29@example.org,001-484-922-2231x059,phone
PTY000340,person,Jorge Lopez,Jorge,Lopez,,1978-12-26,wadetiffany@example.org,(778)428-4106x727,sms
PTY000341,organization,Cordova PLC,,,Cordova PLC,,deborah47@example.com,001-892-597-5170x28140,email
PTY000342,organization,Howard-Nguyen,,,Howard-Nguyen,,brandywalker@example.com,901.787.1863,email
PTY000343,person,Carrie Hunt,Carrie,Hunt,,1944-07-10,raymond65@example.com,(904)655-4781x376,app
PTY000344,person,Frank Luna,Frank,Luna,,2001-10-19,achandler@example.org,001-391-823-4785,sms
PTY000345,person,Christopher Ortiz,Christopher,Ortiz,,2002-12-07,robert87@example.net,001-623-626-4870,app
PTY000346,person,Troy Singh,Troy,Singh,,1955-12-27,moodyeric@example.com,+1-771-946-2730x1471,email
PTY000347,person,Ariana Oneill,Ariana,Oneill,,1983-06-11,hmccann@example.com,690.742.9025x72520,mail
PTY000348,person,Robert Barr,Robert,Barr,,1964-12-07,robertsalyssa@example.org,732.419.2855x44518,mail
PTY000349,person,Alexander Holmes,Alexander,Holmes,,1966-02-03,kjenkins@example.org,328.833.8988,mail
PTY000350,person,Steven Jones,Steven,Jones,,1996-06-06,sandramendoza@example.com,001-452-479-8524x013,mail
PTY000351,person,Hailey Parker,Hailey,Parker,,1954-12-27,tinacoleman@example.org,207-960-3108,app
PTY000352,person,David King,David,King,,1945-03-20,elizabeth11@example.net,793.725.0124,app
PTY000353,organization,Wyatt Ltd,,,Wyatt Ltd,,williamjones@example.net,001-408-933-4280x13875,mail
PTY000354,person,Emily Rodriguez,Emily,Rodriguez,,1997-07-06,tina63@example.net,961.751.7182,mail
PTY000355,organization,"Roberts, Bowen and Miller",,,"Roberts, Bowen and Miller",,swilson@example.com,+1-447-238-6463x175,sms
PTY000356,person,Yolanda Vasquez,Yolanda,Vasquez,,1947-11-13,qkim@example.net,712-566-9121,phone
PTY000357,person,Matthew Larson,Matthew,Larson,,2008-02-15,bmartinez@example.net,449.994.6579x6784,sms
PTY000358,person,Daniel King,Daniel,King,,1974-07-19,courtneytaylor@example.org,001-301-370-2695x2499,phone
PTY000359,person,Donna Meyer,Donna,Meyer,,1974-03-15,qharris@example.com,784.885.8800x6167,app
PTY000360,organization,Stevens-Johnson,,,Stevens-Johnson,,nicole27@example.com,(946)971-9788,mail
PTY000361,person,Anna Moore,Anna,Moore,,1944-07-02,lbaker@example.com,+1-254-750-0902x559,email
PTY000362,person,Oscar Patterson,Oscar,Patterson,,2008-03-17,robert03@example.org,249.711.4152,sms
PTY000363,person,Benjamin Barrett,Benjamin,Barrett,,1969-06-16,sadams@example.com,001-905-369-6591,mail
PTY000364,person,Hannah Harris,Hannah,Harris,,1974-07-06,garrett45@example.com,871.583.4404,sms
PTY000365,person,Claudia Rubio,Claudia,Rubio,,1989-07-19,vargasjoshua@example.net,876.635.1484x68536,sms
PTY000366,person,Colleen Chavez,Colleen,Chavez,,1992-08-29,nicoleburton@example.net,(297)537-4896,app
PTY000367,person,Michael Hernandez,Michael,Hernandez,,1950-12-13,megan65@example.org,+1-536-244-2493x6312,app
PTY000368,person,John Wilcox,John,Wilcox,,1972-04-17,bcastro@example.com,+1-203-224-2044x8207,app
PTY000369,person,Michele Miller,Michele,Miller,,1981-08-24,michelle65@example.net,+1-316-523-1981x89847,email
PTY000370,person,Carol Mejia,Carol,Mejia,,1962-01-13,marisa63@example.com,221.923.4764,mail
PTY000371,person,Amanda Lyons,Amanda,Lyons,,1948-05-24,amy73@example.com,(557)654-0900,app
PTY000372,person,Angela Parker,Angela,Parker,,2005-12-07,rebecca18@example.org,760.864.4134x327,mail
PTY000373,person,Kristina Hill,Kristina,Hill,,1946-02-27,aruiz@example.com,001-961-224-8156x985,mail
PTY000374,person,Kathleen Davidson,Kathleen,Davidson,,1953-03-18,igibbs@example.org,(734)959-1123x8296,email
PTY000375,person,Timothy Moss,Timothy,Moss,,1958-06-13,graceserrano@example.com,216.252.6693,phone
PTY000376,person,Sandra Holland,Sandra,Holland,,1983-05-08,rebeccamccann@example.org,320-269-6942x152,phone
PTY000377,person,Jennifer Graham,Jennifer,Graham,,2003-04-25,fwilcox@example.org,533.544.7626,app
PTY000378,person,Wanda Campbell,Wanda,Campbell,,1986-10-16,robertortiz@example.org,9443397359,mail
PTY000379,organization,Harrison LLC,,,Harrison LLC,,tmcdaniel@example.com,001-769-241-1800x537,app
PTY000380,person,Adam Wagner,Adam,Wagner,,1966-08-19,tiffany52@example.net,4923428757,mail
PTY000381,organization,Page-Hamilton,,,Page-Hamilton,,darryl02@example.com,956-444-9485x625,sms
PTY000382,person,Angela Livingston,Angela,Livingston,,1984-01-13,jbrown@example.org,920.274.2761,mail
PTY000383,person,Scott Zhang,Scott,Zhang,,1978-11-16,hellis@example.net,(615)513-4228,sms
PTY000384,person,Brandy Bonilla,Brandy,Bonilla,,1976-07-03,robertjones@example.com,+1-915-904-1659x15201,phone
PTY000385,person,Shawn Moses,Shawn,Moses,,1981-02-22,riverabradley@example.net,859.323.0450x189,phone
PTY000386,person,Raymond Thompson,Raymond,Thompson,,2006-05-19,ndavis@example.org,(764)521-4764x9251,email
PTY000387,organization,Griffin-Hughes,,,Griffin-Hughes,,anna61@example.com,(992)366-1085x732,phone
PTY000388,person,Kelly Kim,Kelly,Kim,,2002-06-11,ievans@example.net,838-864-9081x0818,phone
PTY000389,person,Cody Guerrero,Cody,Guerrero,,1979-05-24,michael91@example.net,6177226016,sms
PTY000390,organization,"Ramsey, Todd and Cole",,,"Ramsey, Todd and Cole",,matthew23@example.org,394-216-8006,app
PTY000391,organization,Rios Group,,,Rios Group,,vmelton@example.net,001-374-299-5641x2203,sms
PTY000392,person,Heather Lopez,Heather,Lopez,,1942-07-14,timothythomas@example.org,(983)914-7276x01227,phone
PTY000393,person,Andrew Cole,Andrew,Cole,,1957-03-21,kennethgallegos@example.com,6502166799,phone
PTY000394,person,Tony Tucker,Tony,Tucker,,1980-12-05,dhall@example.net,3699581467,phone
PTY000395,person,Cindy Lucas,Cindy,Lucas,,1971-03-21,ssmith@example.net,975.473.8395,email
PTY000396,organization,Sharp-Myers,,,Sharp-Myers,,rwhitaker@example.net,001-957-329-3417x2232,phone
PTY000397,person,Laura Hahn,Laura,Hahn,,1974-04-22,jimmy80@example.org,(545)322-8015x619,email
PTY000398,person,Anna Tucker,Anna,Tucker,,2008-04-29,kristen08@example.com,(389)210-7711,app
PTY000399,person,William Jackson,William,Jackson,,1948-09-28,rhondamoore@example.com,001-878-271-2552x137,phone
PTY000400,person,John Lamb,John,Lamb,,1963-12-08,william14@example.com,001-965-732-8632x666,email
PTY000401,person,Sherry Ramos,Sherry,Ramos,,1993-02-12,robbinszachary@example.org,455-262-6060,app
PTY000402,person,Tiffany Whitney,Tiffany,Whitney,,1995-02-01,robert84@example.net,001-955-704-8926x7389,mail
PTY000403,person,Pam Harrington,Pam,Harrington,,1968-03-27,nicolemiller@example.net,262-288-4318x84852,mail
PTY000404,person,Pamela Fernandez,Pamela,Fernandez,,1958-04-24,marilyntorres@example.com,910.754.8510x17490,phone
PTY000405,person,Tonya Trujillo,Tonya,Trujillo,,2008-01-04,michaelmitchell@example.net,001-526-783-1589,sms
PTY000406,person,Shawn Thomas,Shawn,Thomas,,1969-09-04,dmiller@example.com,(873)671-5869,email
PTY000407,person,Breanna Fields,Breanna,Fields,,2008-07-09,fbarker@example.net,(222)482-7728x81377,mail
PTY000408,person,Sherry Wood,Sherry,Wood,,2005-06-24,guzmanricky@example.org,(994)208-2154x544,email
PTY000409,organization,Thomas PLC,,,Thomas PLC,,twilliams@example.com,827.901.8510,email
PTY000410,person,Ashley Knight,Ashley,Knight,,2001-12-21,kimberly79@example.org,001-828-777-7251x99663,phone
PTY000411,organization,"Williams, Santiago and Ramos",,,"Williams, Santiago and Ramos",,debbie20@example.net,+1-548-918-1398x9098,sms
PTY000412,person,Wayne Smith,Wayne,Smith,,1985-07-03,suzannehill@example.org,297.918.9569,phone
PTY000413,person,Michelle Johnson,Michelle,Johnson,,1970-06-13,robertheath@example.com,(641)811-8242x2412,app
PTY000414,person,Erika Brown,Erika,Brown,,2006-02-10,howard04@example.com,552-565-4610,app
PTY000415,organization,"Willis, Vasquez and Goodwin",,,"Willis, Vasquez and Goodwin",,ravery@example.org,578-461-7063x04891,app
PTY000416,person,Kevin Russell,Kevin,Russell,,1946-06-02,kristathomas@example.net,(638)468-7007,app
PTY000417,person,Aaron Mahoney,Aaron,Mahoney,,1973-07-09,carla65@example.net,698.340.2891,mail
PTY000418,person,Randall Martinez,Randall,Martinez,,1950-03-19,natalie39@example.net,254-974-3553x79502,sms
PTY000419,organization,Valenzuela Ltd,,,Valenzuela Ltd,,robertwoodard@example.net,868.411.8071x5695,mail
PTY000420,person,Mary Cain,Mary,Cain,,2007-08-28,martinezmitchell@example.org,903.704.5319x433,app
PTY000421,organization,Campbell Ltd,,,Campbell Ltd,,adrianjoyce@example.net,(314)498-7283x9992,email
PTY000422,organization,"Brown, Green and Hudson",,,"Brown, Green and Hudson",,nicoledaniel@example.com,208.794.8706,email
PTY000423,person,Ryan Carney,Ryan,Carney,,1959-05-11,fraziersteven@example.com,203.504.6875x06351,phone
PTY000424,person,Tiffany Coleman,Tiffany,Coleman,,1945-10-10,jamesmurphy@example.org,+1-710-276-0954x3173,email
PTY000425,person,Lorraine Stone,Lorraine,Stone,,1956-10-26,parsonschristine@example.org,+1-279-611-0065x1207,phone
PTY000426,person,Cheryl Reynolds,Cheryl,Reynolds,,1947-08-21,hansenkenneth@example.com,(319)763-9907x6769,app
PTY000427,person,Debra Lowe,Debra,Lowe,,1942-06-23,lholmes@example.org,610-791-9392,phone
PTY000428,person,Robert Hardy,Robert,Hardy,,1970-12-19,johnrobles@example.org,(449)468-5498,mail
PTY000429,person,Terrance Morrison,Terrance,Morrison,,1960-07-07,tara89@example.net,+1-520-938-8065x33315,app
PTY000430,person,Heather Holden,Heather,Holden,,1981-07-10,melissa95@example.net,565-521-7073x0337,sms
PTY000431,person,Timothy Tate,Timothy,Tate,,1996-02-23,lindsay63@example.com,(405)601-5081,phone
PTY000432,person,Scott Welch,Scott,Welch,,2002-10-26,bradley03@example.org,323-242-5832x3024,sms
PTY000433,person,Marie Taylor,Marie,Taylor,,1985-04-09,morganjason@example.com,455.428.9611,email
PTY000434,person,Laura Lee,Laura,Lee,,1966-06-12,louis63@example.org,001-999-538-4253x04289,sms
PTY000435,organization,"Miller, Ruiz and Alvarado",,,"Miller, Ruiz and Alvarado",,jacksonpaul@example.net,001-885-278-7255x87774,phone
PTY000436,person,Jamie Jacobson,Jamie,Jacobson,,1971-06-22,randytorres@example.com,001-925-748-1214,email
PTY000437,organization,Silva Group,,,Silva Group,,ronald76@example.com,(375)646-0273x415,phone
PTY000438,person,Megan Hunt,Megan,Hunt,,1984-07-05,hartmansara@example.org,615-608-3535,sms
PTY000439,person,Julie Mack,Julie,Mack,,1998-03-29,james92@example.net,001-484-804-4566x9078,email
PTY000440,person,Jeremy Cummings,Jeremy,Cummings,,1954-12-28,lhall@example.net,001-777-451-5366x37780,phone
PTY000441,person,Barbara Anderson,Barbara,Anderson,,2004-11-26,porterdonna@example.com,736-866-8459x09022,app
PTY000442,organization,Harris-Myers,,,Harris-Myers,,glopez@example.com,001-974-212-1820,sms
PTY000443,person,Jacob Jones,Jacob,Jones,,2006-03-29,ocampbell@example.com,+1-481-870-5802x56621,email
PTY000444,person,Timothy Jones,Timothy,Jones,,2005-09-14,davidharris@example.com,001-272-499-4938x743,sms
PTY000445,person,Sean Summers,Sean,Summers,,1981-11-13,aliciakent@example.com,879.501.4754x692,sms
PTY000446,organization,Yoder Ltd,,,Yoder Ltd,,qellis@example.org,001-991-860-3248x413,app
PTY000447,person,Victoria Tran,Victoria,Tran,,2008-06-09,charles18@example.com,(572)843-8070x17656,mail
PTY000448,person,Benjamin King,Benjamin,King,,1988-12-17,markgoodman@example.com,311.483.7274x220,app
PTY000449,person,Kelly Nichols,Kelly,Nichols,,1967-04-22,chrisgallagher@example.net,327-852-3083x708,mail
PTY000450,person,Hannah Wallace,Hannah,Wallace,,1981-06-01,williamsnicholas@example.org,753.531.0600,app
PTY000451,person,Erin Brown,Erin,Brown,,2005-12-13,roblesmaria@example.org,001-820-868-1558x3938,email
PTY000452,person,David Lewis,David,Lewis,,1964-12-21,glenn65@example.org,(937)331-4950x1364,phone
PTY000453,organization,"Herrera, Mooney and Jefferson",,,"Herrera, Mooney and Jefferson",,johnathandavis@example.com,+1-862-552-5715x0997,app
PTY000454,person,Wesley Bush,Wesley,Bush,,1941-08-12,andrewblake@example.org,836-539-1025x7432,sms
PTY000455,organization,"Johnson, Mclean and George",,,"Johnson, Mclean and George",,vstevenson@example.org,250-586-4035x533,email
PTY000456,person,Laurie Horton,Laurie,Horton,,1955-11-05,lboyd@example.com,+1-501-571-3023x2129,mail
PTY000457,organization,"Miller, Hardy and Collins",,,"Miller, Hardy and Collins",,johnthompson@example.org,949-873-4715x6627,mail
PTY000458,person,William Moss,William,Moss,,1992-06-12,lorileon@example.org,001-966-614-9828x24674,phone
PTY000459,organization,Hart-Castillo,,,Hart-Castillo,,derrick73@example.org,700.885.7666,mail
PTY000460,person,Tracy Davidson,Tracy,Davidson,,1980-09-28,ortizbenjamin@example.org,(592)536-4587x5066,email
PTY000461,person,Tim Dorsey,Tim,Dorsey,,1965-04-21,terrydeanna@example.com,+1-872-343-9920x116,sms
PTY000462,person,April Lopez,April,Lopez,,1969-06-28,mariaking@example.com,686.294.6119x52436,sms
PTY000463,person,Valerie Velasquez,Valerie,Velasquez,,1940-10-25,jonesheather@example.net,(546)422-5223x72817,email
PTY000464,person,James Brady,James,Brady,,1995-10-10,jordanbarrera@example.com,291.521.4161x415,sms
PTY000465,person,Timothy Chambers,Timothy,Chambers,,1947-07-27,brownkaren@example.org,+1-890-713-8069x84775,mail
PTY000466,person,Nathan Wu,Nathan,Wu,,1962-02-27,shelleyortega@example.com,+1-605-551-0762x091,mail
PTY000467,organization,Hayes-Parks,,,Hayes-Parks,,qrobertson@example.org,9508505739,email
PTY000468,person,Jocelyn Bauer,Jocelyn,Bauer,,1964-05-30,ecrosby@example.net,001-916-349-3289x802,email
PTY000469,person,Kevin Nunez,Kevin,Nunez,,1978-01-19,cjackson@example.org,683.533.2116x0256,sms
PTY000470,person,Jennifer Wade,Jennifer,Wade,,2005-06-16,wadesandra@example.net,001-571-553-9915x6686,email
PTY000471,person,Jonathon Carter,Jonathon,Carter,,1948-04-15,petersonbrittany@example.org,001-519-852-5690x4098,app
PTY000472,person,Tina Flores,Tina,Flores,,1965-07-19,aprilguzman@example.org,960-987-5243,app
PTY000473,person,Dylan Campbell,Dylan,Campbell,,1991-07-19,georgekyle@example.net,749-473-7460,mail
PTY000474,person,Maria Clark,Maria,Clark,,1990-07-26,isabellawilliams@example.org,364.620.8656x7566,phone
PTY000475,organization,Horton-Lee,,,Horton-Lee,,udavis@example.net,4475292774,sms
PTY000476,organization,Brock and Sons,,,Brock and Sons,,coxmelissa@example.org,+1-826-462-0157x20185,mail
PTY000477,person,Courtney Powell,Courtney,Powell,,1943-01-08,allentracy@example.net,+1-326-317-6475x011,email
PTY000478,person,Tracy Barnett,Tracy,Barnett,,1975-05-25,andrewberry@example.net,341.492.6764x9215,sms
PTY000479,organization,Hess-Smith,,,Hess-Smith,,lbrown@example.net,001-213-412-9208x751,phone
PTY000480,person,Bailey Delgado,Bailey,Delgado,,1946-09-07,melissa01@example.org,445.982.6034x08487,mail
PTY000481,person,Heather Mills,Heather,Mills,,2007-10-22,catherine83@example.net,503-703-2432,email
PTY000482,person,Joshua Daniel,Joshua,Daniel,,1969-06-05,piercejorge@example.net,(367)614-6283,app
PTY000483,person,Wanda Terry,Wanda,Terry,,1953-10-25,anne89@example.org,(825)366-0931x41818,phone
PTY000484,person,Mark Davis,Mark,Davis,,2002-08-01,kimberly23@example.com,6169361128,app
PTY000485,person,Cody Bailey,Cody,Bailey,,1979-08-24,andrea91@example.org,(956)425-8896,app
PTY000486,person,Jonathon Parks,Jonathon,Parks,,1989-03-30,dianethomas@example.net,001-640-653-9672x7578,email
PTY000487,person,Stephanie Meyer,Stephanie,Meyer,,1989-08-07,kevinhodge@example.com,(251)811-3129x01487,email
PTY000488,person,Erica Randolph,Erica,Randolph,,1949-12-28,rjimenez@example.net,+1-716-509-3068,email
PTY000489,person,Virginia Guerrero,Virginia,Guerrero,,2003-05-07,lawsontami@example.net,001-783-321-5285x06762,mail
PTY000490,person,Matthew Shelton,Matthew,Shelton,,1997-04-22,robertstimothy@example.com,909.263.4807,app
PTY000491,person,Michael Gilbert,Michael,Gilbert,,1963-01-25,michael05@example.net,(465)801-6731,mail
PTY000492,person,David Freeman,David,Freeman,,1951-04-20,jeremy65@example.com,(262)784-1772x256,mail
PTY000493,person,Nicole Fletcher,Nicole,Fletcher,,1948-03-28,justinanderson@example.com,001-750-823-7416x7872,mail
PTY000494,organization,"Barber, Harmon and Petersen",,,"Barber, Harmon and Petersen",,danielrodriguez@example.org,(225)880-3056,phone
PTY000495,person,Timothy Campbell,Timothy,Campbell,,1946-05-01,jwright@example.net,523.441.4363x71892,phone
PTY000496,organization,Martinez Group,,,Martinez Group,,hilljames@example.org,(909)231-0668x43356,app
PTY000497,person,William Schneider,William,Schneider,,1961-06-01,adamsjuan@example.com,001-963-650-2000x534,email
PTY000498,person,Rebekah Garcia,Rebekah,Garcia,,1953-04-15,stacy55@example.com,710-582-5559,mail
PTY000499,person,Debra Clark,Debra,Clark,,1966-11-04,eatondavid@example.net,+1-610-993-3711x895,app
PTY000500,person,Veronica Harris,Veronica,Harris,,1989-10-03,bradleylee@example.net,001-248-455-7161x768,email
PTY000501,person,Carol Horton,Carol,Horton,,1949-06-25,brandon90@example.net,867.888.1278,sms
PTY000502,organization,Lawson-Clark,,,Lawson-Clark,,moorejeffery@example.net,6873884434,app
PTY000503,person,George Williams,George,Williams,,1956-12-01,benjamin24@example.org,603-438-1059x551,phone
PTY000504,person,Ricky Carr,Ricky,Carr,,1962-10-19,garrettalex@example.com,642.540.8916,app
PTY000505,person,Lisa Walker,Lisa,Walker,,1958-12-31,bonniemorton@example.com,(473)965-2717,sms
PTY000506,person,Jackson Huffman,Jackson,Huffman,,1953-07-24,lharding@example.net,904-822-6931x2163,app
PTY000507,organization,Ramsey and Sons,,,Ramsey and Sons,,morrisonnicholas@example.org,200-223-1429,mail
PTY000508,person,Susan Rodriguez,Susan,Rodriguez,,1990-10-20,melissa13@example.org,397.224.5723x0848,sms
PTY000509,person,Mallory Garcia,Mallory,Garcia,,1960-11-25,huntmary@example.org,5308366254,phone
PTY000510,organization,"Henson, Carson and Rodriguez",,,"Henson, Carson and Rodriguez",,vickiwalker@example.com,(719)451-5109x226,mail
PTY000511,person,Erin Hernandez,Erin,Hernandez,,1986-02-12,colleen45@example.org,975-341-0225x267,mail
PTY000512,person,Daniel Simmons,Daniel,Simmons,,1990-02-28,duane52@example.org,001-965-957-6769x52366,sms
PTY000513,person,Amanda Underwood,Amanda,Underwood,,1966-11-18,carpenterrobert@example.net,001-731-735-0305x87210,mail
PTY000514,person,Melinda Delacruz,Melinda,Delacruz,,1996-06-10,kenneththomas@example.net,(333)930-2126x06501,phone
PTY000515,person,Mary Harrell,Mary,Harrell,,1942-10-06,michaelmiller@example.org,9968227284,email
PTY000516,person,Jennifer Wallace,Jennifer,Wallace,,1984-08-03,mitchelleric@example.net,6926820667,app
PTY000517,organization,"Perez, Huynh and Nelson",,,"Perez, Huynh and Nelson",,boydtiffany@example.org,001-736-890-3628x9177,sms
PTY000518,person,Margaret Martin,Margaret,Martin,,1995-05-18,deborah34@example.org,315-395-0342,mail
PTY000519,person,Jason Smith,Jason,Smith,,2002-08-12,jacob30@example.org,219-790-9700x514,app
PTY000520,person,Karen Benjamin,Karen,Benjamin,,1974-09-30,leonardmyers@example.com,(815)968-1820,email
PTY000521,person,Brenda Christian,Brenda,Christian,,1960-06-13,edwardford@example.net,733-922-8898,mail
PTY000522,person,Kristen Morgan,Kristen,Morgan,,1965-03-24,twilliams@example.net,(333)999-1297x1024,email
PTY000523,person,Clinton Edwards,Clinton,Edwards,,2004-04-09,evan49@example.com,(911)227-4747x219,sms
PTY000524,person,Michael Mitchell,Michael,Mitchell,,1968-07-17,scotthunt@example.net,351-668-7409x03802,app
PTY000525,person,Nicholas Hudson,Nicholas,Hudson,,1998-10-24,walkermorgan@example.net,357-878-7112,email
PTY000526,person,Kayla Gonzalez,Kayla,Gonzalez,,1963-01-29,stewartwendy@example.com,471.547.0827,app
PTY000527,person,Luke Johnson,Luke,Johnson,,1981-08-11,zbrown@example.com,(873)303-0644x21214,sms
PTY000528,person,Kenneth Joseph,Kenneth,Joseph,,2000-01-01,qwarren@example.com,(801)965-4235,app
PTY000529,person,Thomas Barker,Thomas,Barker,,1951-08-23,sgomez@example.net,(908)493-1992x5502,app
PTY000530,person,Victor Stewart,Victor,Stewart,,1994-08-09,ubaker@example.org,827.591.0336x829,phone
PTY000531,person,Michael Farley,Michael,Farley,,2006-11-01,woodmichael@example.com,381-477-6655x8685,phone
PTY000532,person,Stephen Brooks,Stephen,Brooks,,1978-04-28,amyjames@example.net,001-964-391-1110x961,mail
PTY000533,person,Cynthia Gordon,Cynthia,Gordon,,1995-07-20,contrerasmelissa@example.org,978.861.3715,email
PTY000534,person,Rebecca Newman,Rebecca,Newman,,1994-02-07,xsmith@example.org,744.744.6306x00025,phone
PTY000535,person,George Armstrong,George,Armstrong,,1969-12-21,angelamyers@example.net,+1-560-396-2626x5826,email
PTY000536,person,Jennifer Martinez,Jennifer,Martinez,,1948-10-06,ocameron@example.com,+1-425-231-1060,sms
PTY000537,person,Christine Stephens,Christine,Stephens,,2006-11-18,armstronganthony@example.net,(575)823-3438,sms
PTY000538,person,Kaylee Hopkins,Kaylee,Hopkins,,1959-06-03,donovancourtney@example.net,001-611-479-1124,sms
PTY000539,person,Christopher Snyder,Christopher,Snyder,,1965-04-20,peterhenry@example.org,(217)313-6657x22402,phone
PTY000540,person,Theresa Chaney,Theresa,Chaney,,1973-08-21,moorejudy@example.org,790.380.8823,app
PTY000541,person,Rachel Johnson,Rachel,Johnson,,1950-02-20,christopherholt@example.org,847-531-5847x768,app
PTY000542,person,John Gonzalez,John,Gonzalez,,1998-04-13,suzanne19@example.net,823-876-7694x5919,phone
PTY000543,person,James Gomez,James,Gomez,,2001-10-23,colepamela@example.net,896-449-8560x125,email
PTY000544,organization,Sanchez-Lewis,,,Sanchez-Lewis,,nathan51@example.org,505-337-9538x16493,mail
PTY000545,organization,"Ramirez, Franklin and Ware",,,"Ramirez, Franklin and Ware",,berrydebbie@example.net,001-965-453-3077x04611,phone
PTY000546,person,Carolyn Garza,Carolyn,Garza,,1956-10-18,mitchelldawn@example.net,7742260880,app
PTY000547,person,Chad Davis,Chad,Davis,,1995-04-27,rcummings@example.com,001-756-318-5790x64771,phone
PTY000548,person,Anthony Williams,Anthony,Williams,,1941-06-01,danielmorris@example.net,001-263-621-3580x0401,sms
PTY000549,person,Charles Murphy,Charles,Murphy,,1982-05-28,knelson@example.org,001-371-525-2967,sms
PTY000550,person,Becky Stanley,Becky,Stanley,,2007-02-24,marc73@example.org,241-558-3311x703,mail
PTY000551,person,Taylor Cruz,Taylor,Cruz,,1973-11-22,petersonlisa@example.net,554.872.8123x56798,app
PTY000552,person,Jacob Ramirez,Jacob,Ramirez,,1951-11-19,stephanie91@example.org,711.630.7240x787,email
PTY000553,person,David Pierce,David,Pierce,,1964-10-29,zlewis@example.net,(885)407-4510x66343,sms
PTY000554,organization,"Hill, Lawson and Stone",,,"Hill, Lawson and Stone",,maldonadodebbie@example.org,310.609.4318,sms
PTY000555,person,Jeremy Oliver,Jeremy,Oliver,,1989-06-02,gmyers@example.org,001-947-632-3549x4012,sms
PTY000556,person,Melissa Watts,Melissa,Watts,,1952-04-17,erin22@example.com,720.976.5024x120,sms
PTY000557,person,Brandy Freeman,Brandy,Freeman,,1957-07-20,brodriguez@example.net,+1-643-988-2211x45775,mail
PTY000558,person,Jon Ellis,Jon,Ellis,,1997-01-13,kevin58@example.net,+1-271-548-0263x257,email
PTY000559,person,Becky Dominguez,Becky,Dominguez,,1970-01-07,jamie13@example.com,+1-614-687-8245x5696,mail
PTY000560,organization,Williams PLC,,,Williams PLC,,mary16@example.com,001-654-410-7272,sms
PTY000561,organization,Tucker-Brown,,,Tucker-Brown,,alexis03@example.com,001-210-674-0650,sms
PTY000562,person,Devin Koch,Devin,Koch,,1994-02-22,stephaniereeves@example.org,001-836-391-4307x5366,email
PTY000563,person,Patricia Mora,Patricia,Mora,,1981-05-03,glen65@example.net,(334)626-8344,sms
PTY000564,person,Ashley Fuller,Ashley,Fuller,,1977-11-07,nicholasliu@example.com,828-975-8575,app
PTY000565,person,Robert Jenkins,Robert,Jenkins,,1942-08-04,bernardrobert@example.org,+1-843-498-5298x940,app
PTY000566,person,Richard Smith,Richard,Smith,,1995-08-29,fcombs@example.org,215-591-4975x019,sms
PTY000567,person,Zachary Hart,Zachary,Hart,,2006-07-13,rtaylor@example.net,(244)407-9311,app
PTY000568,person,Cassandra Martinez,Cassandra,Martinez,,1947-04-20,jameswells@example.net,960.314.6723x849,phone
PTY000569,person,Ryan Fields,Ryan,Fields,,1953-04-14,lorisandoval@example.org,383.977.4419x75466,app
PTY000570,person,Robert Coleman,Robert,Coleman,,1942-08-12,stephen96@example.org,001-940-697-0527,phone
PTY000571,person,Albert Moore,Albert,Moore,,1974-10-11,michaelmccarthy@example.com,812.925.9572x44617,email
PTY000572,person,Catherine White,Catherine,White,,1988-12-02,david59@example.net,(999)761-0023x117,mail
PTY000573,person,Kathleen Zavala,Kathleen,Zavala,,1995-09-24,danielgilmore@example.net,(461)709-4101x7590,app
PTY000574,person,Daniel Cole,Daniel,Cole,,1949-10-10,jameshenry@example.net,433-226-8319x0130,phone
PTY000575,person,Michael Russell,Michael,Russell,,1977-11-26,petersonfaith@example.net,+1-387-933-9785x5982,sms
PTY000576,person,Ronald Bennett,Ronald,Bennett,,1945-07-13,martinezzachary@example.org,673-609-8503,mail
PTY000577,person,Peter Howard,Peter,Howard,,2000-01-29,tammyjones@example.net,389.984.6908,phone
PTY000578,person,Sharon Mercer,Sharon,Mercer,,1985-02-28,johnsonrobert@example.org,302-838-5037x19905,app
PTY000579,person,Carly Salazar,Carly,Salazar,,1946-03-12,rpotts@example.net,6105783567,app
PTY000580,organization,Velazquez Inc,,,Velazquez Inc,,amandadalton@example.net,+1-308-770-6626x68217,sms
PTY000581,person,Michael Cooper,Michael,Cooper,,2003-03-08,allenchristopher@example.org,268.490.0301,sms
PTY000582,person,Samuel Campbell,Samuel,Campbell,,1962-01-31,carrie34@example.org,+1-967-611-1483x753,sms
PTY000583,person,Shelly Deleon,Shelly,Deleon,,1960-08-16,alisonadams@example.net,+1-381-505-6974,email
PTY000584,person,Rhonda Skinner,Rhonda,Skinner,,1976-02-29,kevintran@example.org,(820)637-7107x044,email
PTY000585,person,Margaret Miller,Margaret,Miller,,1959-09-13,ysimpson@example.com,703.236.2680x408,phone
PTY000586,person,Renee Webster,Renee,Webster,,1963-08-03,lisa93@example.org,696-460-1864x87699,app
PTY000587,person,Susan Mcdonald,Susan,Mcdonald,,2008-04-03,davidsmith@example.net,613-684-5960x945,email
PTY000588,person,Kimberly Patrick,Kimberly,Patrick,,1982-01-30,martinezashley@example.com,527-870-7070x578,email
PTY000589,person,Brian Mcmillan,Brian,Mcmillan,,1959-07-10,stephanie72@example.com,001-944-772-3229x03102,app
PTY000590,person,Bobby Love,Bobby,Love,,1944-11-05,theresa05@example.net,001-509-535-1187x181,mail
PTY000591,person,Mark Watson,Mark,Watson,,1996-09-10,bjones@example.com,(605)295-5657,sms
PTY000592,organization,Richardson LLC,,,Richardson LLC,,rhondajohnson@example.net,258.489.5369,mail
PTY000593,person,Patrick Cuevas,Patrick,Cuevas,,1946-01-17,benjaminvictoria@example.net,698.568.1809x78875,email
PTY000594,person,Mary Carter,Mary,Carter,,1957-04-25,john53@example.com,513-976-5158x81579,mail
PTY000595,person,Kristie Hall,Kristie,Hall,,1997-01-15,sarasanchez@example.com,+1-992-594-4551x16682,app
PTY000596,organization,Walter Inc,,,Walter Inc,,davidbaker@example.net,001-871-820-6021x288,sms
PTY000597,organization,Anderson-Terry,,,Anderson-Terry,,jenniferwilson@example.com,001-999-810-1576,phone
PTY000598,person,Keith Woods,Keith,Woods,,1949-11-13,jenniferlawrence@example.net,920-499-5765,mail
PTY000599,person,William Chapman,William,Chapman,,2004-12-31,halltrevor@example.org,001-788-498-6456,mail
PTY000600,person,Stephanie Williams,Stephanie,Williams,,2005-01-07,russellramirez@example.net,315-542-1447x73244,phone
PTY000601,person,Elizabeth Thomas,Elizabeth,Thomas,,1954-10-14,anthonyorr@example.net,+1-830-970-5349,email
PTY000602,person,Abigail Guerra,Abigail,Guerra,,1960-10-11,moransamantha@example.org,767.441.2415x131,mail
PTY000603,person,William Hill,William,Hill,,1983-08-16,mannleroy@example.org,(618)953-8003x29633,email
PTY000604,person,Edward Cervantes,Edward,Cervantes,,1990-08-17,mcampbell@example.net,583-406-1789,app
PTY000605,person,Benjamin Watts,Benjamin,Watts,,1982-06-13,pwelch@example.net,(978)624-3477x695,mail
PTY000606,person,Colin Rodriguez,Colin,Rodriguez,,2000-08-26,robert75@example.org,+1-561-227-5156x27796,sms
PTY000607,organization,Adams-Lewis,,,Adams-Lewis,,xbrown@example.com,756-267-6640x473,mail
PTY000608,organization,West-Walker,,,West-Walker,,amandachan@example.org,+1-395-229-8006x155,phone
PTY000609,person,April Cox,April,Cox,,1954-03-19,maryfoster@example.net,242.255.6383,email
PTY000610,person,Megan Fischer,Megan,Fischer,,1976-07-16,masonlacey@example.org,(844)803-3041,app
PTY000611,person,David Yang,David,Yang,,1959-01-30,joneswilliam@example.net,001-860-208-9219x63945,sms
PTY000612,person,Kevin Stevens,Kevin,Stevens,,1947-06-29,tanya97@example.com,261-936-8474x8836,sms
PTY000613,person,Jessica Bean,Jessica,Bean,,1992-08-11,chavezbecky@example.org,(437)557-9145x2118,mail
PTY000614,person,Michelle Burns,Michelle,Burns,,1957-09-20,thomaschristina@example.com,893.207.4645x20599,phone
PTY000615,person,Joseph Clark,Joseph,Clark,,1978-12-24,ugardner@example.net,357.878.8116,email
PTY000616,person,David Smith,David,Smith,,1976-02-03,martinsamuel@example.org,8672287286,app
PTY000617,person,Kenneth Graham,Kenneth,Graham,,1960-09-23,alexandra95@example.net,+1-522-748-3958x9477,email
PTY000618,person,Sara Cortez,Sara,Cortez,,1998-09-18,frankespinoza@example.com,5565227104,sms
PTY000619,person,Heather Medina,Heather,Medina,,1963-03-27,browntaylor@example.org,858-635-0344,email
PTY000620,person,Michael Wang,Michael,Wang,,2004-04-15,ann31@example.net,(813)742-4912,email
PTY000621,person,Barbara Castaneda,Barbara,Castaneda,,1981-11-11,tammy97@example.org,(903)231-9222,app
PTY000622,person,Marcus Huang,Marcus,Huang,,1944-04-05,williamgonzales@example.net,754.381.3866x6754,email
PTY000623,person,Nicole Wilkinson,Nicole,Wilkinson,,2005-09-20,soniabass@example.net,(768)477-4186,phone
PTY000624,person,Anthony Diaz,Anthony,Diaz,,1972-06-04,jessica39@example.net,565.220.3758,app
PTY000625,person,Brenda Murphy,Brenda,Murphy,,2002-09-15,ruth80@example.net,904-976-0440x907,email
PTY000626,organization,Wells Ltd,,,Wells Ltd,,johnsonanthony@example.net,(722)316-1070,phone
PTY000627,organization,"Ramirez, Phelps and Rios",,,"Ramirez, Phelps and Rios",,cookemily@example.com,001-429-658-0660x138,phone
PTY000628,person,Christopher Ramos,Christopher,Ramos,,1959-06-17,haleyortiz@example.net,001-304-348-5157x9197,sms
PTY000629,person,Samantha White,Samantha,White,,1946-08-03,lonniesims@example.org,001-620-435-7134x32406,app
PTY000630,person,Joshua Cunningham,Joshua,Cunningham,,1968-11-17,marynelson@example.org,(744)774-1759,sms
PTY000631,person,Kelsey Mills,Kelsey,Mills,,1997-02-26,benjamindavenport@example.com,(689)336-5435,phone
PTY000632,organization,"Ayala, Scott and Mcdonald",,,"Ayala, Scott and Mcdonald",,weekszachary@example.net,(272)779-5596,sms
PTY000633,person,Jacqueline Soto,Jacqueline,Soto,,1999-11-13,moorethomas@example.com,+1-812-854-2782x0797,email
PTY000634,person,Thomas Sanchez,Thomas,Sanchez,,1989-12-07,carolyn76@example.com,2384166496,phone
PTY000635,person,William Nielsen,William,Nielsen,,2001-01-15,stephaniebradley@example.org,(450)914-2576,sms
PTY000636,person,Aaron Hernandez,Aaron,Hernandez,,2000-10-16,kevinmiller@example.org,461.732.8507,app
PTY000637,person,Cory Pierce,Cory,Pierce,,1967-07-11,robertabarnett@example.com,001-831-362-5265x469,email
PTY000638,person,Michael Santiago,Michael,Santiago,,2006-09-25,walkercharlotte@example.org,(555)280-9961x327,sms
PTY000639,person,Jason Graham,Jason,Graham,,1963-10-26,bvaldez@example.org,346-770-4622x6817,phone
PTY000640,person,Gina Garcia,Gina,Garcia,,1999-05-26,alara@example.org,329-986-7076x60464,app
PTY000641,person,Wayne Norman,Wayne,Norman,,1989-02-28,megan51@example.org,(286)912-0594x38976,email
PTY000642,person,Juan Martinez,Juan,Martinez,,1974-01-10,mrichardson@example.net,(246)954-0842x456,mail
PTY000643,person,Mark Fields,Mark,Fields,,1981-04-02,howardbenjamin@example.net,(532)918-1227x6457,app
PTY000644,organization,Jones LLC,,,Jones LLC,,thomastiffany@example.net,468-615-4660,email
PTY000645,person,Jennifer Newton,Jennifer,Newton,,1946-02-07,ysanford@example.org,001-944-598-8305,app
PTY000646,person,Kathleen Kim,Kathleen,Kim,,1991-07-14,joshuapowers@example.net,(724)340-6306x2447,app
PTY000647,person,Jeffrey Smith,Jeffrey,Smith,,1962-10-19,bryceroberts@example.net,+1-779-769-5867x805,app
PTY000648,person,Michael Wallace,Michael,Wallace,,1972-02-22,sclark@example.org,+1-664-660-9178x51385,mail
PTY000649,person,Karen Hayes,Karen,Hayes,,1972-07-06,moorebrenda@example.net,(896)360-4873x682,email
PTY000650,person,Collin Robinson,Collin,Robinson,,2008-03-22,duncangregory@example.org,001-868-565-3694x55158,mail
PTY000651,person,Michele Simpson,Michele,Simpson,,1972-04-11,margaret72@example.org,(540)285-7216x9666,email
PTY000652,person,Christine Taylor,Christine,Taylor,,1982-11-23,greenejessica@example.org,493-929-7150x96883,mail
PTY000653,person,Miguel Baxter,Miguel,Baxter,,1952-08-18,mgiles@example.com,(941)503-9773,email
PTY000654,person,Laura Kaufman,Laura,Kaufman,,1974-09-30,laramary@example.org,371.800.6876,app
PTY000655,person,Susan Ware,Susan,Ware,,1977-04-10,baldwincatherine@example.net,001-807-370-4605x687,email
PTY000656,person,Dale Boone,Dale,Boone,,1992-04-14,bowenmichael@example.net,623-973-4151x77345,sms
PTY000657,organization,Cobb-Lyons,,,Cobb-Lyons,,brooke22@example.net,603-459-5442x9477,app
PTY000658,organization,"Trujillo, Anderson and Lawson",,,"Trujillo, Anderson and Lawson",,oscott@example.org,894.929.0458,sms
PTY000659,person,Christine Jackson,Christine,Jackson,,1964-02-18,brendamason@example.net,(567)628-7276x015,app
PTY000660,organization,Walker LLC,,,Walker LLC,,santosmichael@example.com,001-708-333-5061,sms
PTY000661,person,Joseph Nixon,Joseph,Nixon,,1998-04-27,wallerbrian@example.net,333.542.3372x09484,app
PTY000662,organization,"Rivas, Brown and Leach",,,"Rivas, Brown and Leach",,bruce33@example.net,001-997-571-8051x37171,mail
PTY000663,person,Cory Lawrence,Cory,Lawrence,,1981-06-03,aevans@example.net,(717)939-9704x69472,email
PTY000664,organization,"Campbell, Brewer and Baker",,,"Campbell, Brewer and Baker",,matthewbyrd@example.net,871-627-0587x7221,phone
PTY000665,person,Cody Atkins,Cody,Atkins,,1964-01-05,jamesrodriguez@example.org,548.445.8714,mail
PTY000666,person,Mario Lee,Mario,Lee,,1967-09-03,melissabishop@example.org,787-796-4347x45245,mail
PTY000667,person,Shannon Coleman,Shannon,Coleman,,1967-06-28,zsmith@example.org,(852)774-0334x45056,mail
PTY000668,person,Angela Stevenson,Angela,Stevenson,,1994-12-23,christinaalexander@example.com,813-925-7970,mail
PTY000669,person,John Benitez,John,Benitez,,1980-08-04,dbrown@example.net,648-557-4172x15622,sms
PTY000670,person,Anna Gonzales,Anna,Gonzales,,1963-01-07,angela40@example.org,001-615-657-3257x37553,sms
PTY000671,person,Cassandra Cantu,Cassandra,Cantu,,1950-04-03,mayronald@example.com,7809850960,sms
PTY000672,person,Justin Cook,Justin,Cook,,1945-04-11,cunninghamterri@example.org,+1-828-619-7931,mail
PTY000673,person,Steven Preston,Steven,Preston,,2008-05-16,debrajones@example.net,001-257-886-0694,email
PTY000674,person,Andrew Perez,Andrew,Perez,,1969-10-10,jonathanwalker@example.net,001-358-273-9592x32342,email
PTY000675,person,Amanda Blackburn,Amanda,Blackburn,,1943-05-24,amberblevins@example.com,333-834-2643x35027,email
PTY000676,person,Anthony Dillon,Anthony,Dillon,,1998-11-01,omargriffin@example.com,336.491.1289,phone
PTY000677,organization,Martinez Group,,,Martinez Group,,kara56@example.org,218.257.4817,email
PTY000678,organization,Lara-Ross,,,Lara-Ross,,gomezsonya@example.org,(243)416-7045x02329,app
PTY000679,organization,"Moore, Neal and Farmer",,,"Moore, Neal and Farmer",,carlsonjason@example.net,+1-445-296-2622x82251,sms
PTY000680,person,Tyler Torres,Tyler,Torres,,1983-04-06,regina49@example.com,8054070260,mail
PTY000681,person,Eric Smith,Eric,Smith,,2001-10-05,christophermcneil@example.org,776.787.2904x7742,mail
PTY000682,person,Summer Barnett,Summer,Barnett,,1947-04-08,kvasquez@example.org,(638)322-3116,sms
PTY000683,organization,Perez and Sons,,,Perez and Sons,,mark79@example.net,294.425.6529x06032,sms
PTY000684,person,Cynthia Conley,Cynthia,Conley,,1956-11-22,randysmith@example.com,653.796.7379x4871,email
PTY000685,organization,Barajas-Lopez,,,Barajas-Lopez,,lindsay78@example.com,+1-315-384-1560x82137,app
PTY000686,person,Andrea Phillips,Andrea,Phillips,,2000-02-20,kurt68@example.org,226.783.2303x58929,phone
PTY000687,person,Amber Steele,Amber,Steele,,2008-07-25,nicholasgarcia@example.org,+1-893-928-9634x0646,phone
PTY000688,person,Taylor Taylor,Taylor,Taylor,,2004-07-19,aaron48@example.net,439-891-0622x7236,sms
PTY000689,organization,Vargas-Wright,,,Vargas-Wright,,chad42@example.com,392-637-2450,sms
PTY000690,person,Alexandria Ingram,Alexandria,Ingram,,1981-06-07,chall@example.com,889-672-1540,sms
PTY000691,organization,Sims Group,,,Sims Group,,nancyholt@example.com,001-343-681-1995x37660,phone
PTY000692,person,Megan Oconnor,Megan,Oconnor,,2002-04-11,danielle56@example.net,651-301-7397x396,app
PTY000693,organization,"Freeman, Obrien and Cunningham",,,"Freeman, Obrien and Cunningham",,gwilliams@example.net,+1-919-911-3599x6605,app
PTY000694,organization,"Boyer, Johnson and Ross",,,"Boyer, Johnson and Ross",,bcaldwell@example.org,001-620-751-4607,email
PTY000695,organization,"Cooper, Beltran and Wright",,,"Cooper, Beltran and Wright",,ubowers@example.com,001-742-738-8565x271,sms
PTY000696,person,Christina Singh,Christina,Singh,,1997-08-12,leslietorres@example.net,965-797-2634,phone
PTY000697,person,Matthew Kim,Matthew,Kim,,1965-04-22,susanmorris@example.org,894.388.4882,sms
PTY000698,person,James Davis,James,Davis,,1981-05-26,jphelps@example.net,285-562-6149x91537,sms
PTY000699,person,Amy Contreras,Amy,Contreras,,1959-05-05,simpsonmartha@example.org,937.932.0430,phone
PTY000700,person,Robert Arnold,Robert,Arnold,,1979-05-14,robertabbott@example.net,(396)445-4655x3585,app
PTY000701,person,Marc Carey,Marc,Carey,,1988-07-05,laurariley@example.org,978.951.9358x37490,email
PTY000702,person,Tyler Graham,Tyler,Graham,,2005-07-28,andrewwest@example.net,6572215149,email
PTY000703,person,Jennifer Henry,Jennifer,Henry,,1988-08-18,valerielewis@example.com,284-753-9862x8950,app
PTY000704,person,Briana Hampton,Briana,Hampton,,1945-07-17,morenojessica@example.net,339.322.0715,mail
PTY000705,person,Sophia Berry,Sophia,Berry,,2005-04-16,yballard@example.net,625.821.4526x4712,mail
PTY000706,person,James Bell,James,Bell,,1984-10-01,morgankaren@example.net,209-708-0512x080,phone
PTY000707,person,Paul Johnson,Paul,Johnson,,2002-04-21,michele23@example.net,+1-972-483-5129x592,sms
PTY000708,person,William Olsen,William,Olsen,,1970-12-31,howellsavannah@example.org,741-952-9821x7392,app
PTY000709,organization,"Kelley, Price and West",,,"Kelley, Price and West",,barnettcameron@example.org,(323)773-6050x791,email
PTY000710,person,Rhonda Hart,Rhonda,Hart,,1988-06-29,psherman@example.org,952-373-4666x6170,phone
PTY000711,person,Marc Webb,Marc,Webb,,1967-03-02,tyler40@example.net,2312499825,app
PTY000712,person,Brandon Turner,Brandon,Turner,,1953-07-08,tamara06@example.net,982.585.0317x23513,email
PTY000713,person,Ashley Austin,Ashley,Austin,,1943-10-15,sharris@example.org,503-652-6356x0229,mail
PTY000714,person,Nicole Henderson,Nicole,Henderson,,1979-07-14,jamie46@example.net,2668643749,mail
PTY000715,organization,Dominguez Group,,,Dominguez Group,,elizabethwalker@example.net,612-871-2852,mail
PTY000716,person,Justin Mitchell,Justin,Mitchell,,1998-12-04,daniel16@example.org,387-332-8077,sms
PTY000717,person,Jeremy Whitaker,Jeremy,Whitaker,,1953-04-06,farmerlindsay@example.org,(295)472-7908x33509,app
PTY000718,person,Matthew Clements,Matthew,Clements,,2003-06-10,michaelgonzalez@example.net,5667248132,sms
PTY000719,person,Diane Gonzales,Diane,Gonzales,,2000-01-02,pjones@example.net,448.722.8501x16880,email
PTY000720,person,Mitchell Thomas,Mitchell,Thomas,,1947-10-09,adamsmith@example.org,(891)930-9810x7964,app
PTY000721,person,Renee Young,Renee,Young,,1974-02-02,michael77@example.org,885.632.4264x250,app
PTY000722,person,Douglas Stevens,Douglas,Stevens,,1989-01-26,vanessamartinez@example.net,(736)866-7776x755,email
PTY000723,person,Dean Moreno,Dean,Moreno,,1957-06-13,jennifercarroll@example.net,+1-995-678-6543x62718,mail
PTY000724,organization,"Jenkins, Gonzalez and Morgan",,,"Jenkins, Gonzalez and Morgan",,donnagiles@example.com,(470)836-9249,email
PTY000725,person,Bailey Owen,Bailey,Owen,,1950-12-18,pstewart@example.net,(375)299-8011,phone
PTY000726,person,Alan Atkins,Alan,Atkins,,1944-04-19,melissa55@example.org,001-623-641-5959x7752,phone
PTY000727,person,Craig Hoffman,Craig,Hoffman,,2002-01-03,frankwilson@example.net,(928)887-4312x71026,sms
PTY000728,person,Thomas Wang,Thomas,Wang,,1980-08-06,sarah99@example.org,607.895.5151x229,sms
PTY000729,person,Sabrina Rodriguez,Sabrina,Rodriguez,,2004-05-03,suzanneflores@example.net,759-670-9962,email
PTY000730,person,James Ramirez,James,Ramirez,,1976-02-15,burnsrebecca@example.org,+1-234-447-6504x7158,mail
PTY000731,person,Monica House,Monica,House,,1941-06-08,turnerjames@example.com,(660)546-5586x6525,phone
PTY000732,person,Tracy Adams,Tracy,Adams,,2002-11-11,fsellers@example.net,381-302-1312x51293,app
PTY000733,person,Alec Smith,Alec,Smith,,1995-08-16,molly91@example.org,001-375-419-1023,app
PTY000734,organization,Higgins Inc,,,Higgins Inc,,hamiltongina@example.org,4169583737,sms
PTY000735,person,Keith Lowe,Keith,Lowe,,1999-07-28,ramoswilliam@example.org,(534)428-9311,mail
PTY000736,person,Melinda Avila,Melinda,Avila,,1956-03-15,ralphhuff@example.com,+1-668-443-6453x804,mail
PTY000737,person,Calvin Brown,Calvin,Brown,,1964-02-18,harveylisa@example.org,+1-970-715-9591x94575,mail
PTY000738,person,Victor Hines,Victor,Hines,,1962-01-15,jeremyjackson@example.net,(867)275-6777x226,sms
PTY000739,organization,Kramer Group,,,Kramer Group,,reginaldsmith@example.net,(429)623-1067,mail
PTY000740,organization,Gonzalez-Crawford,,,Gonzalez-Crawford,,kevinmoses@example.net,333-379-7662x705,mail
PTY000741,person,Stephanie Mccarthy,Stephanie,Mccarthy,,1982-01-26,donald87@example.org,(670)742-5496x91928,sms
PTY000742,person,Jenny Roman,Jenny,Roman,,1999-07-06,mikewaller@example.org,9756633535,mail
PTY000743,person,Angela Ray,Angela,Ray,,1963-03-28,rachelsheppard@example.net,001-239-793-3797,sms
PTY000744,person,William Davis,William,Davis,,1991-10-05,cindymiller@example.com,594.517.6342x507,app
PTY000745,person,Cynthia Murphy,Cynthia,Murphy,,1996-11-02,yhoffman@example.com,675-598-3399x14038,sms
PTY000746,person,Krystal Henderson,Krystal,Henderson,,1996-05-31,evansjames@example.com,4069157276,mail
PTY000747,person,Katherine Rodriguez,Katherine,Rodriguez,,1959-04-29,thill@example.net,742.492.5010x587,phone
PTY000748,person,Leslie Le,Leslie,Le,,1978-02-22,fullerdebbie@example.com,(259)404-5990,app
PTY000749,person,Tyler Mcintosh,Tyler,Mcintosh,,1950-03-25,curtismartin@example.net,915.855.1651,app
PTY000750,person,Amy Warren,Amy,Warren,,1984-05-20,jneal@example.org,272.214.3308,mail
PTY000751,person,Dawn Terry,Dawn,Terry,,1973-04-13,williamskatherine@example.org,(985)256-6084,sms
PTY000752,person,Elizabeth Terry,Elizabeth,Terry,,1978-02-20,williamsbrittany@example.org,497.805.1958,sms
PTY000753,person,Jason Herrera,Jason,Herrera,,2002-12-27,joseph58@example.com,(339)645-3546,email
PTY000754,organization,Johnson-Morrison,,,Johnson-Morrison,,hharris@example.org,(613)539-4394x5703,email
PTY000755,organization,"Johnson, Smith and Gallegos",,,"Johnson, Smith and Gallegos",,jamie65@example.com,(292)277-8943x1910,app
PTY000756,person,Mercedes Arroyo,Mercedes,Arroyo,,2004-01-03,turnerpatrick@example.net,(610)853-3651,sms
PTY000757,person,Desiree Evans,Desiree,Evans,,1943-02-02,turnerjose@example.org,607-620-1137,phone
PTY000758,person,Andrew Hart,Andrew,Hart,,1945-01-05,jasonsanders@example.com,2073676209,email
PTY000759,person,Susan Walter,Susan,Walter,,1989-01-06,jennifer34@example.org,+1-743-337-0096x87304,sms
PTY000760,person,Carly Bryant,Carly,Bryant,,1972-11-10,nathanielwinters@example.net,+1-782-955-6296,phone
PTY000761,organization,Saunders-Hernandez,,,Saunders-Hernandez,,alowe@example.com,(419)742-5577x82058,phone
PTY000762,person,Amber Collier,Amber,Collier,,1951-07-23,tiffanysparks@example.net,(416)518-8081x9048,phone
PTY000763,person,Gabriella French,Gabriella,French,,1973-12-30,nguyenmary@example.com,+1-568-963-9561,mail
PTY000764,organization,Flowers and Sons,,,Flowers and Sons,,barrytanya@example.org,221.643.6438x1300,app
PTY000765,person,David Lopez,David,Lopez,,1993-07-09,jonesshaun@example.org,(956)209-4565x34699,app
PTY000766,organization,"Henry, Johnson and Flores",,,"Henry, Johnson and Flores",,scottthomas@example.com,001-681-369-9570x60717,sms
PTY000767,person,Christopher Ramsey,Christopher,Ramsey,,1989-05-28,gibsonkaitlyn@example.org,+1-470-254-8739x610,phone
PTY000768,person,Selena Wallace,Selena,Wallace,,1974-11-16,steventerry@example.com,+1-604-491-8727,email
PTY000769,person,Bill Burke,Bill,Burke,,1969-09-30,mcdanieltanya@example.org,677.430.6260,mail
PTY000770,person,Jeffrey Glenn,Jeffrey,Glenn,,1980-06-02,cperez@example.net,912-722-9907,sms
PTY000771,organization,"Jordan, Erickson and Hurst",,,"Jordan, Erickson and Hurst",,cynthia16@example.com,7469861114,email
PTY000772,person,Richard Calhoun,Richard,Calhoun,,2002-05-28,davidmartin@example.net,(437)885-8471,app
PTY000773,person,Darrell Williams,Darrell,Williams,,1954-06-26,kevinfrancis@example.com,2506801849,sms
PTY000774,person,Nicole Taylor,Nicole,Taylor,,2003-05-13,michellesolis@example.org,+1-477-373-1268x81228,mail
PTY000775,person,Tim Fritz,Tim,Fritz,,1945-08-25,johnmolina@example.net,(834)960-6056x035,email
PTY000776,person,Catherine Camacho,Catherine,Camacho,,1991-08-26,timothyavery@example.net,(323)498-4716x90618,sms
PTY000777,person,Kendra Williams,Kendra,Williams,,1959-08-02,pcampbell@example.com,489-954-7876x9899,email
PTY000778,organization,Davis-Burns,,,Davis-Burns,,amanda91@example.com,+1-644-549-8355x3935,app
PTY000779,organization,Holmes-Jenkins,,,Holmes-Jenkins,,carla39@example.org,001-543-558-8537x98214,mail
PTY000780,person,Carly Schultz,Carly,Schultz,,1963-09-01,paigepacheco@example.com,667.349.7852,app
PTY000781,organization,Martinez-Bennett,,,Martinez-Bennett,,msmith@example.com,378.994.8963x4067,email
PTY000782,person,Samuel Edwards,Samuel,Edwards,,1950-03-20,davidwolf@example.org,8145188421,app
PTY000783,person,Bill Keller,Bill,Keller,,1944-10-13,rodrigueztiffany@example.net,546-433-3999x485,sms
PTY000784,organization,Spencer LLC,,,Spencer LLC,,georgeburch@example.com,989.302.1994,mail
PTY000785,organization,Sanchez Group,,,Sanchez Group,,johnlynch@example.org,841.903.4699,phone
PTY000786,person,Jason Garcia,Jason,Garcia,,1946-04-16,cmarquez@example.org,001-269-960-8437x6855,mail
PTY000787,person,William Hughes,William,Hughes,,1970-10-19,nathanwarner@example.net,001-562-863-3556x434,sms
PTY000788,person,Caroline Harrison,Caroline,Harrison,,1942-05-12,debbiebrown@example.net,9698556076,app
PTY000789,person,Christopher Scott,Christopher,Scott,,1956-04-05,michael47@example.org,(739)289-8306,email
PTY000790,person,Kathleen Davis,Kathleen,Davis,,2003-01-12,christopherdominguez@example.org,818-647-2426x423,mail
PTY000791,person,Garrett Jones,Garrett,Jones,,2000-01-13,oliverashley@example.net,(348)376-2303,app
PTY000792,organization,Adams and Sons,,,Adams and Sons,,maxwellangela@example.com,001-222-882-3052x4808,app
PTY000793,person,Dennis Williams,Dennis,Williams,,1951-04-27,johnlynch@example.com,001-247-337-2132,sms
PTY000794,person,Tonya Taylor,Tonya,Taylor,,1960-04-02,frice@example.net,001-868-486-8785x99648,sms
PTY000795,person,Wesley Porter,Wesley,Porter,,1995-06-24,clarkcarol@example.com,519-866-6450x5730,mail
PTY000796,person,Kimberly Christensen,Kimberly,Christensen,,1971-04-30,deborahturner@example.org,(703)574-7677,app
PTY000797,person,Steven Perry,Steven,Perry,,1944-03-15,stacieprince@example.org,950-257-6619x4588,sms
PTY000798,person,Sarah Melton,Sarah,Melton,,1973-05-03,gomezjames@example.net,(501)728-4008,sms
PTY000799,person,Andrew Powell,Andrew,Powell,,1995-01-18,ureed@example.com,(308)491-7768x089,app
PTY000800,person,Sarah Gray,Sarah,Gray,,1985-08-30,osimon@example.com,(223)219-6463,sms
PTY000801,person,Kevin Mckay,Kevin,Mckay,,1953-12-11,ahudson@example.org,(489)943-0120x47137,app
PTY000802,person,Danny Caldwell,Danny,Caldwell,,1995-12-11,christina57@example.com,001-688-555-8298,sms
PTY000803,person,Jeremy Johnson,Jeremy,Johnson,,1973-08-08,mark84@example.com,001-460-394-4128x3337,app
PTY000804,person,Heidi Wagner,Heidi,Wagner,,1968-10-15,vbarnes@example.com,832-897-1506,sms
PTY000805,person,Eric Kennedy,Eric,Kennedy,,1942-10-16,sharon14@example.org,476.793.6634x3925,mail
PTY000806,person,Brittney Castaneda,Brittney,Castaneda,,1947-07-23,millerjoan@example.org,+1-267-412-0072,app
PTY000807,person,Kelly Bridges,Kelly,Bridges,,1986-11-24,elizabeth10@example.org,351-609-1090x3267,sms
PTY000808,organization,"Carter, Copeland and Jones",,,"Carter, Copeland and Jones",,dillon79@example.com,(781)479-3406,mail
PTY000809,person,Heather Patrick,Heather,Patrick,,1965-02-13,kelly66@example.org,353-937-2201x0912,phone
PTY000810,organization,Hernandez Inc,,,Hernandez Inc,,kaylee59@example.org,001-476-861-8943x705,email
PTY000811,person,James Jones,James,Jones,,1942-11-04,perry77@example.net,(357)925-6592x0246,app
PTY000812,person,Nancy Cook,Nancy,Cook,,1943-07-27,johnmunoz@example.com,726.200.5595,email
PTY000813,person,Daniel Ingram,Daniel,Ingram,,2006-09-01,jasoncook@example.net,001-684-986-8999x3607,sms
PTY000814,person,Bradley Cook,Bradley,Cook,,1968-06-05,wellsnatalie@example.com,+1-693-859-3744x039,phone
PTY000815,person,Joseph Schmidt,Joseph,Schmidt,,1943-06-20,stephaniecole@example.com,6602148860,mail
PTY000816,person,Tyler Carpenter,Tyler,Carpenter,,1977-01-19,kimberly36@example.net,001-452-683-0615x3701,phone
PTY000817,person,Gary Carter,Gary,Carter,,1958-03-16,bmartin@example.org,001-525-314-4881x1210,phone
PTY000818,person,Kimberly Bauer,Kimberly,Bauer,,2004-12-21,tammy17@example.com,388-778-1794,sms
PTY000819,person,Kristina Gomez,Kristina,Gomez,,1967-02-07,amywright@example.org,+1-211-722-5288x375,app
PTY000820,organization,Sparks-Reynolds,,,Sparks-Reynolds,,mlewis@example.net,+1-279-913-7876x5530,app
PTY000821,person,Jacob Duncan,Jacob,Duncan,,1941-11-15,deborah60@example.com,712.319.8819x277,sms
PTY000822,organization,"Cochran, Hartman and Little",,,"Cochran, Hartman and Little",,larryshort@example.com,7108424624,phone
PTY000823,organization,Hester LLC,,,Hester LLC,,jimenezjoanna@example.com,3047521289,mail
PTY000824,person,Daniel Villegas,Daniel,Villegas,,1992-12-20,lucas12@example.net,391.630.4488,phone
PTY000825,person,Rebecca Barrett,Rebecca,Barrett,,1947-07-18,cgoodwin@example.com,(715)840-2119x01707,app
PTY000826,person,Amber Baker,Amber,Baker,,1980-11-30,christopherjackson@example.net,001-810-273-2283,mail
PTY000827,person,Erin Golden,Erin,Golden,,1979-12-14,travisyoung@example.com,896.638.4526,mail
PTY000828,person,Joseph Jensen,Joseph,Jensen,,2001-03-30,mannjonathan@example.net,401.269.3429x2913,phone
PTY000829,person,Jerry Wright,Jerry,Wright,,1943-11-17,suttondean@example.org,419-403-1061x537,app
PTY000830,person,Jennifer Floyd,Jennifer,Floyd,,1999-10-31,mark66@example.net,247.632.3653x37746,mail
PTY000831,person,Aaron Ford,Aaron,Ford,,1944-11-20,goodmanalice@example.org,(714)624-4260x78197,app
PTY000832,person,Dawn Cole,Dawn,Cole,,1987-07-23,mary64@example.org,637.720.3763x8821,sms
PTY000833,person,Alexa Vaughn,Alexa,Vaughn,,1959-03-16,julie01@example.net,434-943-8998,phone
PTY000834,person,Tiffany Smith,Tiffany,Smith,,2005-12-10,murphyhannah@example.net,(895)707-3214x64493,app
PTY000835,person,Cody Ruiz,Cody,Ruiz,,1954-01-24,markhodge@example.com,538.857.3680x1192,mail
PTY000836,person,Michelle Harris,Michelle,Harris,,1968-10-08,garciaveronica@example.net,323.633.5104x096,mail
PTY000837,organization,"Chapman, Cole and Clark",,,"Chapman, Cole and Clark",,sandra91@example.org,898-730-7482x073,app
PTY000838,person,Craig Gordon,Craig,Gordon,,1956-04-25,aaron55@example.com,+1-420-519-0432,phone
PTY000839,person,Joan Oconnor,Joan,Oconnor,,1954-01-14,jamesphillips@example.org,+1-973-892-0135x46212,app
PTY000840,person,Adrian Brooks,Adrian,Brooks,,1976-12-24,gabrielleorozco@example.org,423-612-6163,sms
PTY000841,person,Jennifer Reeves,Jennifer,Reeves,,2000-11-07,olivia29@example.net,+1-593-876-2974x54930,mail
PTY000842,person,Kenneth Barton,Kenneth,Barton,,1972-05-05,baxterdarrell@example.net,(403)281-8769,app
PTY000843,person,April Ryan,April,Ryan,,1956-06-25,johnwilliams@example.net,+1-313-688-1588,app
PTY000844,person,Jose Dunn,Jose,Dunn,,1997-01-22,bradleyhenry@example.org,(331)782-9716,sms
PTY000845,person,Steven Maldonado,Steven,Maldonado,,2008-04-06,anthony00@example.net,001-900-715-2911x371,phone
PTY000846,person,Brian Mccoy,Brian,Mccoy,,2006-08-16,ballvanessa@example.com,(918)644-4218x2998,mail
PTY000847,organization,Boyd-Tate,,,Boyd-Tate,,gregoryhines@example.net,+1-205-267-0867x009,phone
PTY000848,person,Ebony Blackwell,Ebony,Blackwell,,1966-06-04,dana15@example.net,748.726.6913x62483,email
PTY000849,person,Donna Diaz,Donna,Diaz,,1996-08-13,kristenbennett@example.org,+1-907-706-3369,mail
PTY000850,person,Kristin Smith,Kristin,Smith,,1983-03-14,davidbrown@example.org,664-481-8804,email
PTY000851,person,Amy Wells,Amy,Wells,,2000-08-15,zacharygray@example.org,616.843.2126x94289,email
PTY000852,person,Kenneth Smith,Kenneth,Smith,,2000-07-21,iavila@example.com,001-486-731-4417x0646,app
PTY000853,person,Sophia Brooks,Sophia,Brooks,,1960-06-26,lopezkristina@example.net,+1-655-282-4301x76464,phone
PTY000854,person,Kelsey Cross,Kelsey,Cross,,1965-10-10,angelamason@example.org,552-579-0504x043,email
PTY000855,person,Jason Hubbard,Jason,Hubbard,,1964-11-14,mariascott@example.com,001-316-232-1119x787,phone
PTY000856,person,Catherine Gonzalez,Catherine,Gonzalez,,1981-01-30,mccoyjames@example.org,(965)730-6011,sms
PTY000857,person,Victoria Davis,Victoria,Davis,,2006-02-01,umaxwell@example.net,8023300915,sms
PTY000858,person,Andrea Monroe,Andrea,Monroe,,1976-05-10,sancheznicholas@example.com,+1-774-449-1609x3659,phone
PTY000859,person,Norma Jones,Norma,Jones,,1981-10-15,stokesmonica@example.net,001-494-818-4336x87509,sms
PTY000860,person,James Briggs,James,Briggs,,1951-06-10,catherinewagner@example.org,274.655.6114,phone
PTY000861,person,David Herrera,David,Herrera,,2004-09-20,gallegoscrystal@example.com,476.866.0811,mail
PTY000862,organization,Mcmillan and Sons,,,Mcmillan and Sons,,meyerjames@example.com,(691)706-2715x3123,email
PTY000863,person,Michael Roth,Michael,Roth,,1975-05-09,ryanrodriguez@example.net,268.929.3844x0134,email
PTY000864,person,Kimberly Cooper,Kimberly,Cooper,,1956-11-12,jroy@example.net,226.703.3591x01570,phone
PTY000865,person,Victoria Carpenter,Victoria,Carpenter,,1945-02-13,justin20@example.net,649.926.9996x996,app
PTY000866,organization,Small LLC,,,Small LLC,,amandadiaz@example.com,+1-593-425-9140x8499,app
PTY000867,person,Pamela Rodriguez,Pamela,Rodriguez,,1997-10-25,kellythomas@example.com,(898)206-9087x2617,email
PTY000868,person,Dawn Thompson,Dawn,Thompson,,1955-05-27,anna38@example.net,659.253.8280,phone
PTY000869,person,Phyllis Choi,Phyllis,Choi,,2001-02-01,jarvisrachel@example.net,+1-665-308-2695x826,email
PTY000870,person,Kristen Reyes,Kristen,Reyes,,1966-06-14,richard13@example.org,+1-776-312-3859,phone
PTY000871,person,Johnathan Lee,Johnathan,Lee,,1958-11-18,pweaver@example.net,001-848-840-0273x00869,app
PTY000872,person,Bryan Brown,Bryan,Brown,,1997-06-10,egordon@example.org,+1-339-750-0168x09414,email
PTY000873,person,Brian Russell,Brian,Russell,,1952-10-07,monicaavery@example.net,(420)253-4407x77946,mail
PTY000874,organization,"Hahn, Mcclure and Barber",,,"Hahn, Mcclure and Barber",,mpowers@example.org,(608)217-7602x991,app
PTY000875,person,Ray Warren,Ray,Warren,,1977-01-06,carlos33@example.org,331.925.5235x617,app
PTY000876,organization,Harris and Sons,,,Harris and Sons,,millerfrank@example.com,736-838-5277,phone
PTY000877,person,David Robinson,David,Robinson,,1945-10-07,kurt90@example.net,(395)802-6480,sms
PTY000878,person,Joshua Cooley,Joshua,Cooley,,1956-10-20,qharris@example.org,(378)912-7782x2102,email
PTY000879,organization,"Herrera, White and Fuller",,,"Herrera, White and Fuller",,april62@example.net,+1-557-397-3638,sms
PTY000880,person,Melanie Thompson,Melanie,Thompson,,1987-02-01,ricky53@example.net,001-570-879-8661x77067,app
PTY000881,person,April Aguirre,April,Aguirre,,1999-03-28,diazaaron@example.net,(812)723-5521,phone
PTY000882,person,Alexis Rogers,Alexis,Rogers,,2008-01-01,rgiles@example.com,(292)618-2192x5967,app
PTY000883,person,Joe Hanson,Joe,Hanson,,1977-07-31,krista02@example.org,6504938694,email
PTY000884,organization,Khan-Morgan,,,Khan-Morgan,,hollandjustin@example.com,+1-888-970-7152x3867,app
PTY000885,organization,Ryan Ltd,,,Ryan Ltd,,anthonygilbert@example.com,(819)917-7987x6829,app
PTY000886,organization,"Bruce, Hood and Anderson",,,"Bruce, Hood and Anderson",,troybrady@example.net,+1-658-206-2350,email
PTY000887,person,Elizabeth Parrish,Elizabeth,Parrish,,1992-02-15,njames@example.com,+1-479-800-1248x25544,mail
PTY000888,person,Steven Long,Steven,Long,,1950-04-05,margaret94@example.org,+1-832-489-4633x8915,mail
PTY000889,person,Jose Cohen,Jose,Cohen,,2003-01-16,jacob57@example.org,562-392-6933x58951,sms
PTY000890,person,Ann Myers,Ann,Myers,,1965-08-08,lynntracy@example.com,(385)309-5744x3034,sms
PTY000891,person,Sara Wilson,Sara,Wilson,,1973-06-15,mmartin@example.net,001-759-634-0153x641,sms
PTY000892,person,Shawn Murphy,Shawn,Murphy,,1963-01-05,danieldaniel@example.com,+1-636-478-1367x500,email
PTY000893,organization,"Lin, Lang and Campbell",,,"Lin, Lang and Campbell",,johnsonmichael@example.com,(698)719-8780x9270,sms
PTY000894,person,David Kirk,David,Kirk,,1976-07-22,richard25@example.net,001-466-905-9867x87442,email
PTY000895,person,Janice Dixon,Janice,Dixon,,2007-08-12,amber59@example.com,(759)242-8249x116,app
PTY000896,person,Derek Rosales,Derek,Rosales,,2000-10-05,williamslaurie@example.com,+1-739-731-3215x5130,phone
PTY000897,person,Timothy Boyd,Timothy,Boyd,,1983-10-24,lpeters@example.net,944-448-8966,mail
PTY000898,person,Victor Jefferson,Victor,Jefferson,,2008-02-10,rodneynolan@example.com,001-546-420-2582x5431,phone
PTY000899,person,Jasmine Morton,Jasmine,Morton,,1947-11-30,jamesbrown@example.org,+1-820-649-1060x183,mail
PTY000900,person,Tracy Harris,Tracy,Harris,,1978-04-28,icooper@example.org,001-676-981-7225x77545,sms
PTY000901,person,Derek Moore,Derek,Moore,,1979-07-31,nguyenchristine@example.net,001-376-983-1608x27172,email
PTY000902,person,Grace Gonzalez,Grace,Gonzalez,,1994-04-12,sararios@example.org,8524229993,email
PTY000903,person,Stephanie Oconnor,Stephanie,Oconnor,,1995-02-09,diane91@example.net,738-682-3255x3983,sms
PTY000904,organization,Butler-Burns,,,Butler-Burns,,fmclaughlin@example.org,(964)330-9544,mail
PTY000905,organization,Barry PLC,,,Barry PLC,,ksmith@example.org,912.705.3978x713,mail
PTY000906,person,Devon Bean,Devon,Bean,,2005-01-26,davidjohnson@example.net,001-912-956-0832x00487,email
PTY000907,person,Michael Clark,Michael,Clark,,1991-01-24,elizabeth52@example.org,+1-786-300-3044x3619,sms
PTY000908,person,Steve Reed,Steve,Reed,,2000-01-14,stephaniewiggins@example.net,602-592-9501,email
PTY000909,person,Timothy Valdez,Timothy,Valdez,,1990-09-20,brianmorrow@example.org,001-367-413-9719,sms
PTY000910,person,Raymond Schultz,Raymond,Schultz,,1990-07-03,darrellmoore@example.net,001-876-372-0191x116,sms
PTY000911,person,David White,David,White,,1948-12-09,griffinjennifer@example.net,001-787-533-9304x9366,mail
PTY000912,person,Amanda Guerrero,Amanda,Guerrero,,1971-09-11,kimberly12@example.com,(711)240-8682,mail
PTY000913,person,Barbara Nguyen,Barbara,Nguyen,,1949-11-14,caitlynbennett@example.org,001-735-456-1039,phone
PTY000914,person,Kimberly Silva,Kimberly,Silva,,1996-09-30,frankjeremy@example.com,724-836-5858,mail
PTY000915,person,Kurt Bradshaw,Kurt,Bradshaw,,1955-02-19,greencharles@example.net,001-920-627-0615x92738,app
PTY000916,person,Bruce George,Bruce,George,,1944-11-23,fhiggins@example.com,(290)563-2248x15542,email
PTY000917,person,Jacqueline Delacruz,Jacqueline,Delacruz,,1942-11-29,briansmith@example.com,(779)675-6491x5795,email
PTY000918,person,Ronald Thompson,Ronald,Thompson,,1957-06-15,timothy12@example.com,260.810.8018x103,app
PTY000919,person,Angela Garcia,Angela,Garcia,,1967-11-02,kathryn17@example.org,(780)280-8157x12901,app
PTY000920,person,Steven Gonzalez,Steven,Gonzalez,,1943-08-07,pchavez@example.org,835.410.4584x743,sms
PTY000921,person,Danny Gonzalez,Danny,Gonzalez,,1941-11-23,iwhite@example.net,+1-557-566-9470x31805,email
PTY000922,person,Catherine Moore,Catherine,Moore,,1995-10-27,bweeks@example.com,(821)859-1832x70004,sms
PTY000923,person,Ronald Collins,Ronald,Collins,,1963-03-10,fischerlaura@example.org,397.671.4004x938,mail
PTY000924,organization,"Smith, Wright and Bright",,,"Smith, Wright and Bright",,stewartgeorge@example.com,+1-598-309-4976x987,mail
PTY000925,person,James Garza,James,Garza,,1987-05-02,cervantespatrick@example.net,001-641-566-1237x4077,mail
PTY000926,person,Jesus Thompson,Jesus,Thompson,,1962-08-23,vwhite@example.net,499.249.9197x01426,mail
PTY000927,person,Jason Williams,Jason,Williams,,1972-01-23,danieljenkins@example.org,+1-904-418-1359x98989,sms
PTY000928,organization,Miller Group,,,Miller Group,,simonamanda@example.net,001-448-401-8644,mail
PTY000929,person,Katherine Hayes,Katherine,Hayes,,2000-08-08,alejandra39@example.com,957.308.2004x80675,email
PTY000930,person,Maria White,Maria,White,,1953-07-25,telliott@example.net,(411)928-7942x9688,mail
PTY000931,person,Jessica Myers,Jessica,Myers,,2004-11-24,dbeck@example.com,3957314196,app
PTY000932,person,Ronald Snyder,Ronald,Snyder,,1978-04-06,gregorymitchell@example.net,+1-883-456-5179,email
PTY000933,person,Kelly Williams,Kelly,Williams,,1981-11-11,smiles@example.net,(368)934-9604x7842,app
PTY000934,person,Alexander Hoffman,Alexander,Hoffman,,1947-08-31,wthomas@example.net,001-536-248-8208x93486,email
PTY000935,person,Nicole Taylor,Nicole,Taylor,,1958-04-20,wmendoza@example.net,399.516.0911x413,email
PTY000936,person,Michael Campos,Michael,Campos,,1981-07-08,yolandamarks@example.net,(313)837-6052x30458,sms
PTY000937,person,Martin Greer,Martin,Greer,,1942-03-15,michaelblanchard@example.com,824.819.1650x3440,mail
PTY000938,organization,Harrison Ltd,,,Harrison Ltd,,vmosley@example.org,001-482-349-8980x88067,email
PTY000939,organization,Miller-Nelson,,,Miller-Nelson,,cobbmary@example.net,(566)848-6989,phone
PTY000940,person,Heather Dunn,Heather,Dunn,,1961-11-30,sbradley@example.org,759-545-0119x29207,sms
PTY000941,person,Heidi James,Heidi,James,,1987-12-27,bellchad@example.org,(603)798-8636x53621,mail
PTY000942,person,Nathan Brown,Nathan,Brown,,1973-09-30,williamsbrooke@example.net,001-642-848-9420,app
PTY000943,person,Yolanda Fleming,Yolanda,Fleming,,1959-05-09,areynolds@example.org,964-620-4565x77580,app
PTY000944,person,Kayla Oconnell,Kayla,Oconnell,,1953-10-17,colemanjohn@example.com,766-522-6540x165,mail
PTY000945,person,Sara Smith,Sara,Smith,,2004-02-15,lmartin@example.org,(824)427-6774,sms
PTY000946,person,Kathryn Austin,Kathryn,Austin,,1967-04-05,garciagregory@example.net,215-284-8860,email
PTY000947,person,Daniel Chapman,Daniel,Chapman,,2007-07-14,folson@example.net,(631)929-9570,phone
PTY000948,person,Dennis Higgins,Dennis,Higgins,,1994-08-22,melissa61@example.org,001-812-203-8437x5365,app
PTY000949,person,Steven Bell,Steven,Bell,,1996-06-10,miguelbaker@example.net,(742)618-3854,app
PTY000950,person,Brandon Lowe,Brandon,Lowe,,1969-12-01,kevin54@example.net,952.331.1232x748,sms
PTY000951,person,Shannon Santana,Shannon,Santana,,1967-10-20,johncarter@example.net,+1-227-320-3886x21750,mail
PTY000952,person,Catherine Hughes,Catherine,Hughes,,1957-07-06,scottjennifer@example.org,5697358824,app
PTY000953,person,Melanie Ibarra,Melanie,Ibarra,,1941-07-06,hodgemichelle@example.net,001-418-616-7784x8165,mail
PTY000954,person,Jonathan Rangel,Jonathan,Rangel,,2005-09-24,jose60@example.net,385.217.9937,email
PTY000955,person,Darlene Curtis,Darlene,Curtis,,2002-08-28,john91@example.org,+1-878-484-8699,email
PTY000956,person,Nicole Duran,Nicole,Duran,,1981-06-17,torrestricia@example.com,001-527-214-7246,phone
PTY000957,person,Lisa Hensley,Lisa,Hensley,,2007-11-03,lpage@example.com,(538)339-7283,email
PTY000958,person,Edward Rodriguez,Edward,Rodriguez,,1984-09-03,kjohnson@example.net,428.380.9832,sms
PTY000959,person,Bradley Wilson,Bradley,Wilson,,1953-04-22,gregorysmith@example.org,001-986-876-6100x898,app
PTY000960,organization,Smith Inc,,,Smith Inc,,jaime61@example.com,2389453198,sms
PTY000961,person,Joshua Logan,Joshua,Logan,,1992-11-11,jamesparker@example.net,810-903-0762x05459,phone
PTY000962,person,Mary Rivera,Mary,Rivera,,2002-02-25,grahamteresa@example.net,(264)911-0654x1134,sms
PTY000963,organization,"Nguyen, Ross and Meyers",,,"Nguyen, Ross and Meyers",,kelsey70@example.net,+1-805-883-6683x482,phone
PTY000964,person,Erik Lawson,Erik,Lawson,,1994-02-14,riceamber@example.net,+1-789-217-8791,phone
PTY000965,person,Nathan Garza,Nathan,Garza,,1952-12-31,shawn19@example.com,(409)832-0126x5789,phone
PTY000966,person,Alexis Levine,Alexis,Levine,,1978-05-12,juareztina@example.net,(621)375-5851x777,email
PTY000967,person,Emily Taylor,Emily,Taylor,,1960-11-26,yguzman@example.org,488-824-1996,app
PTY000968,organization,Thompson-Thomas,,,Thompson-Thomas,,lcook@example.org,204.754.2185x457,sms
PTY000969,person,Ryan Wagner,Ryan,Wagner,,1940-11-26,davidkane@example.com,6902016356,app
PTY000970,person,Stephen Lewis,Stephen,Lewis,,1949-12-18,melanie72@example.net,(489)454-0017,app
PTY000971,person,Haley Love,Haley,Love,,1957-01-24,taylorrobert@example.com,+1-350-371-0580,email
PTY000972,person,Autumn Villegas,Autumn,Villegas,,1982-04-01,meganblackwell@example.org,+1-215-226-1053x70923,mail
PTY000973,person,Steven Pacheco,Steven,Pacheco,,1981-02-08,erin07@example.com,001-918-894-8543x298,app
PTY000974,person,Brittany Berry,Brittany,Berry,,1999-08-02,mcooper@example.com,371-561-9827x348,mail
PTY000975,organization,"Ayala, Johnson and Cook",,,"Ayala, Johnson and Cook",,michaelhoffman@example.net,(432)817-4357x4835,email
PTY000976,person,Alyssa Sullivan,Alyssa,Sullivan,,1959-04-15,bwilliams@example.com,698.434.4883,sms
PTY000977,person,Louis Perez,Louis,Perez,,2003-05-23,richard28@example.org,750-877-4065x79551,mail
PTY000978,person,Erik Cunningham,Erik,Cunningham,,1990-05-01,wheeleramber@example.com,001-851-307-4091x31117,app
PTY000979,person,Carolyn Parks,Carolyn,Parks,,1950-05-24,linda76@example.org,+1-422-406-9535x41201,phone
PTY000980,organization,Santana-Glover,,,Santana-Glover,,monica00@example.org,(201)951-5325x94795,app
PTY000981,person,Justin Blanchard,Justin,Blanchard,,1974-03-18,hubbardjanet@example.org,898.605.9503x100,phone
PTY000982,person,Susan Howell,Susan,Howell,,2006-09-15,kendra03@example.net,001-210-645-2036,app
PTY000983,person,Caleb Daniels,Caleb,Daniels,,1983-05-14,mosesveronica@example.com,+1-792-885-5359x520,email
PTY000984,organization,Johnson Group,,,Johnson Group,,khudson@example.org,+1-206-596-8018x6774,phone
PTY000985,person,Wendy Mason,Wendy,Mason,,1987-12-18,jenniferhuber@example.net,894.949.5300,phone
PTY000986,person,Stephen Blake,Stephen,Blake,,1998-04-25,matthewsmith@example.org,+1-350-917-3654x2624,sms
PTY000987,person,Amanda White,Amanda,White,,1944-11-13,dorisarmstrong@example.org,234.851.1009,sms
PTY000988,organization,"Williams, Sanchez and Walsh",,,"Williams, Sanchez and Walsh",,pdixon@example.org,(211)666-7329,sms
PTY000989,person,Peggy Cook,Peggy,Cook,,2007-01-28,kcook@example.net,+1-875-692-1299,sms
PTY000990,person,Gary Williams,Gary,Williams,,2005-07-30,robertbrock@example.org,9279558214,app
PTY000991,person,Pamela Neal,Pamela,Neal,,1949-04-15,solomondanny@example.com,(438)302-3621,phone
PTY000992,person,Michael Lozano,Michael,Lozano,,1994-03-05,boydrenee@example.net,5597161186,app
PTY000993,organization,Pierce-Miller,,,Pierce-Miller,,ashley77@example.org,001-516-388-0053x789,email
PTY000994,organization,"Werner, Franklin and Moore",,,"Werner, Franklin and Moore",,znolan@example.net,454-501-8227x200,phone
PTY000995,organization,"Phillips, Anderson and House",,,"Phillips, Anderson and House",,derekdougherty@example.org,714-547-4328x116,app
PTY000996,person,Jacqueline Nunez,Jacqueline,Nunez,,1990-10-10,andersoncynthia@example.org,523-222-7752x135,phone
PTY000997,organization,Gordon Group,,,Gordon Group,,olivia64@example.com,700.859.3777,app
PTY000998,person,Rebecca Davis,Rebecca,Davis,,1977-04-08,davidjones@example.org,+1-529-316-1746x9029,app
PTY000999,person,Sherry Johnson,Sherry,Johnson,,1957-07-31,carl66@example.org,(291)731-6708,email
PTY001000,person,Richard Dyer,Richard,Dyer,,2006-08-21,zskinner@example.com,001-606-636-2198x65504,email
PTY001001,organization,Douglas-Alexander,,,Douglas-Alexander,,mmyers@example.net,593-439-6504x9627,sms
PTY001002,person,Meghan Cruz,Meghan,Cruz,,1970-03-26,davistanya@example.com,262.958.5421,app
PTY001003,person,Stacy Wheeler,Stacy,Wheeler,,1987-06-23,singhsarah@example.org,+1-434-619-9643x3853,app
PTY001004,person,Stacey Dickson,Stacey,Dickson,,1953-05-30,elizabeth58@example.org,934.830.3115,mail
PTY001005,organization,Brooks Ltd,,,Brooks Ltd,,mitchell76@example.net,001-547-757-6945,sms
PTY001006,person,Tammy Kim,Tammy,Kim,,1979-02-10,rritter@example.com,(798)261-6342x1254,mail
PTY001007,person,Amanda Odonnell,Amanda,Odonnell,,1979-09-06,sara94@example.net,852-869-2559,mail
PTY001008,person,Kevin Griffin,Kevin,Griffin,,1948-05-21,alexanderberg@example.com,(635)291-4261,mail
PTY001009,person,Whitney Mckay,Whitney,Mckay,,1984-12-26,johnmerritt@example.com,545-943-0796,email
PTY001010,person,Jeremy Woodward,Jeremy,Woodward,,1987-01-11,johnsondebbie@example.net,978-352-2115,mail
PTY001011,person,Sabrina Hawkins,Sabrina,Hawkins,,1962-05-16,jasonochoa@example.net,426-287-4470x173,mail
PTY001012,person,Heather Jenkins,Heather,Jenkins,,1963-12-11,jeffreywallace@example.com,(296)365-6337,phone
PTY001013,person,Joshua Brown,Joshua,Brown,,1997-01-05,buckleycrystal@example.com,(278)210-5580,app
PTY001014,person,Samantha Webb,Samantha,Webb,,1987-02-23,jessicajones@example.org,373-916-0943x91368,sms
PTY001015,person,Victoria Kerr,Victoria,Kerr,,1954-03-19,gonzalezcindy@example.com,001-428-762-0929x735,sms
PTY001016,person,Tammy Bell,Tammy,Bell,,2001-06-29,reneehernandez@example.org,+1-573-793-8992x0457,phone
PTY001017,person,Jeremiah Perez,Jeremiah,Perez,,1969-10-02,hunterteresa@example.com,(410)587-0826x9718,app
PTY001018,organization,Johnson-Smith,,,Johnson-Smith,,moorecory@example.net,+1-638-882-1764,email
PTY001019,person,Timothy Nguyen,Timothy,Nguyen,,1992-01-01,david33@example.net,(422)780-1944,phone
PTY001020,person,Ann Santiago,Ann,Santiago,,1991-02-07,jenniferortega@example.net,+1-822-556-0629x5350,email
PTY001021,person,Marissa Reid,Marissa,Reid,,1989-11-04,plin@example.org,+1-518-604-6741x3075,mail
PTY001022,person,Kelsey Delgado,Kelsey,Delgado,,1962-10-03,alexanderkeller@example.org,001-762-660-8463x97561,phone
PTY001023,person,Krystal Williams,Krystal,Williams,,1962-05-18,ashley21@example.com,664-211-9556,email
PTY001024,person,Ashley Lambert,Ashley,Lambert,,1979-12-03,nvargas@example.net,478-275-2070x20426,mail
PTY001025,organization,Dean Ltd,,,Dean Ltd,,hernandezcharles@example.org,001-836-296-7897,mail
PTY001026,person,Ashley Mills,Ashley,Mills,,1955-05-20,martintracy@example.com,719.922.7607,phone
PTY001027,person,Deborah Fisher,Deborah,Fisher,,1956-11-07,sheliacohen@example.net,001-743-419-1654x308,app
PTY001028,person,Jesse Thomas,Jesse,Thomas,,1951-07-01,willismichael@example.org,001-857-964-4974x70002,phone
PTY001029,person,Randall Parker,Randall,Parker,,1985-12-27,tcrawford@example.net,797.241.6365x604,mail
PTY001030,organization,Russell LLC,,,Russell LLC,,holly73@example.org,001-364-396-9277,mail
PTY001031,person,Nicole Cunningham,Nicole,Cunningham,,1965-01-28,ashleyjames@example.com,305.497.0255,sms
PTY001032,person,Allison Ford,Allison,Ford,,1986-08-08,ronaldyoung@example.org,594-689-8959x65466,email
PTY001033,person,Teresa Molina,Teresa,Molina,,2000-03-24,julie44@example.org,991-669-9939x3449,mail
PTY001034,organization,Andrews LLC,,,Andrews LLC,,hbaker@example.net,+1-682-323-0958x62973,mail
PTY001035,person,John Garcia,John,Garcia,,1941-04-02,sanderson@example.org,670-875-4853,phone
PTY001036,organization,Rogers-Mcbride,,,Rogers-Mcbride,,michelemartinez@example.org,4045496461,sms
PTY001037,person,Ashley Morrow,Ashley,Morrow,,1950-05-02,daniel13@example.net,256.858.9635x957,email
PTY001038,person,Tara Miller,Tara,Miller,,1979-09-30,sherylgreen@example.com,+1-343-545-6631,mail
PTY001039,organization,"Pierce, Williams and Harris",,,"Pierce, Williams and Harris",,jamesrussell@example.net,001-220-633-4742x4631,mail
PTY001040,person,Jesse Hayes,Jesse,Hayes,,1980-02-21,sgordon@example.net,+1-368-900-8529x46902,app
PTY001041,person,Samuel Mitchell,Samuel,Mitchell,,1972-05-28,jacob04@example.org,702-438-5022x89466,email
PTY001042,person,Shane Rogers,Shane,Rogers,,2000-01-22,jamesanderson@example.org,+1-230-520-2569x133,phone
PTY001043,person,Andrew Gonzalez,Andrew,Gonzalez,,1968-06-29,ualexander@example.net,767-750-7627,sms
PTY001044,person,John Goodman,John,Goodman,,1952-07-08,darlene30@example.org,(539)684-7230,sms
PTY001045,person,Jennifer Sampson,Jennifer,Sampson,,1949-09-05,martinezkenneth@example.org,001-701-272-2240,mail
PTY001046,person,Scott Johns,Scott,Johns,,1968-11-07,donna87@example.net,001-717-575-4619x92406,app
PTY001047,organization,"Brennan, Alexander and Kramer",,,"Brennan, Alexander and Kramer",,vfuller@example.net,822-659-0956,phone
PTY001048,person,Jennifer Melendez,Jennifer,Melendez,,1990-01-09,staceywashington@example.net,279.312.1211,app
PTY001049,person,Alyssa Church,Alyssa,Church,,1943-07-26,heidihaas@example.net,(690)717-0740x39251,email
PTY001050,person,Gregory Flores,Gregory,Flores,,2000-12-25,snydergerald@example.org,464.333.8722x0542,app
PTY001051,person,Nicholas Bennett,Nicholas,Bennett,,1962-07-09,brittany63@example.org,001-908-733-4447x0488,app
PTY001052,person,Alexander Marshall,Alexander,Marshall,,1995-06-14,alexbrooks@example.net,(885)519-5377x4926,app
PTY001053,organization,Meza PLC,,,Meza PLC,,robert42@example.com,375.422.5920x6165,email
PTY001054,person,Lisa Anderson,Lisa,Anderson,,1985-03-22,ashley22@example.net,511-856-3029x5596,email
PTY001055,person,John Barnett,John,Barnett,,1995-12-28,debbiejackson@example.net,001-742-306-6154x9808,sms
PTY001056,person,James Cummings,James,Cummings,,1955-11-20,williamsaudrey@example.org,001-321-712-2121x548,app
PTY001057,person,Amanda Kane,Amanda,Kane,,1977-09-09,znichols@example.com,2198185488,phone
PTY001058,person,Kyle Torres,Kyle,Torres,,1949-10-18,williamspaul@example.net,377.887.3585x66464,app
PTY001059,organization,"Anderson, Phillips and White",,,"Anderson, Phillips and White",,jennifergraham@example.org,(413)620-4104,mail
PTY001060,organization,"Robinson, Kaufman and Campbell",,,"Robinson, Kaufman and Campbell",,kpace@example.net,617-397-2699,email
PTY001061,person,Denise Palmer,Denise,Palmer,,1954-04-06,mossandrew@example.org,(866)502-0005x32853,email
PTY001062,person,Monique Smith,Monique,Smith,,1983-09-14,nguyenharry@example.org,938.805.8269x29900,sms
PTY001063,person,Amanda Reynolds,Amanda,Reynolds,,1996-09-08,pavila@example.org,(883)389-6337,app
PTY001064,person,William Reid,William,Reid,,2000-10-24,dthompson@example.org,468.541.0132,phone
PTY001065,organization,Love and Sons,,,Love and Sons,,nunezmelinda@example.net,252.879.1875,app
PTY001066,person,Stephanie Olson,Stephanie,Olson,,1966-12-14,curtisroberto@example.net,001-959-920-8814x3192,sms
PTY001067,organization,Wilson-Hull,,,Wilson-Hull,,gomezbrittney@example.net,+1-838-845-7202,sms
PTY001068,person,Miguel Ashley,Miguel,Ashley,,1967-11-17,ngallagher@example.com,001-412-757-3498,mail
PTY001069,organization,Walker-Nelson,,,Walker-Nelson,,afuller@example.com,001-642-399-0747x2966,sms
PTY001070,organization,Andrews-Sanders,,,Andrews-Sanders,,hartangela@example.net,547.648.5994x641,sms
PTY001071,organization,Jenkins and Sons,,,Jenkins and Sons,,mary85@example.org,(298)481-6498x0445,app
PTY001072,organization,"Bowman, Drake and Liu",,,"Bowman, Drake and Liu",,tammie10@example.org,(627)606-6489x0082,mail
PTY001073,organization,Meyer-Carrillo,,,Meyer-Carrillo,,hawkinsamber@example.net,905.674.8839,sms
PTY001074,person,Martha Paul,Martha,Paul,,1947-12-03,robert30@example.org,750.500.3056x619,email
PTY001075,person,Andre Donaldson,Andre,Donaldson,,1965-01-12,jcarter@example.com,001-993-478-4679x08701,sms
PTY001076,person,Robert Day,Robert,Day,,1943-01-31,rodriguezkaren@example.com,(810)934-4442x990,mail
PTY001077,organization,Ortega-Blevins,,,Ortega-Blevins,,xcardenas@example.org,706-822-1559x9672,sms
PTY001078,person,Kayla Lopez,Kayla,Lopez,,1998-11-24,davidsmith@example.org,647.604.7476,app
PTY001079,person,Gail Nguyen,Gail,Nguyen,,1981-05-09,carolynnguyen@example.org,783.750.7124,sms
PTY001080,organization,Garcia Ltd,,,Garcia Ltd,,smithjohn@example.org,+1-521-717-3277x26488,app
PTY001081,person,Angela Joseph,Angela,Joseph,,1962-07-27,george94@example.org,+1-352-251-6185x75917,email
PTY001082,organization,Hendricks-Rice,,,Hendricks-Rice,,coxcarol@example.com,674.347.3535x247,mail
PTY001083,person,Martha Anthony,Martha,Anthony,,1948-10-23,beverly97@example.org,549-330-5378x803,app
PTY001084,organization,"Robinson, Miller and Cobb",,,"Robinson, Miller and Cobb",,johnnewman@example.net,(360)787-8828,mail
PTY001085,person,Laura Castillo,Laura,Castillo,,1973-01-17,alecwilcox@example.com,(751)552-1746,phone
PTY001086,person,Sara Daniel,Sara,Daniel,,1973-07-20,garciaanne@example.org,(467)834-4671x776,app
PTY001087,person,Brianna Brown,Brianna,Brown,,1961-10-30,jasonfoster@example.net,+1-294-266-4509x999,phone
PTY001088,person,Daniel Patel,Daniel,Patel,,1978-06-01,timothy90@example.net,652.611.8968,mail
PTY001089,person,George Phillips,George,Phillips,,1959-07-22,christine97@example.net,(372)285-7595x828,mail
PTY001090,person,Harold Jones,Harold,Jones,,1991-06-02,msimon@example.net,+1-612-648-8397x17059,mail
PTY001091,person,Sara Cochran,Sara,Cochran,,1994-06-18,laura36@example.com,001-828-368-1123x03885,mail
PTY001092,organization,Lane PLC,,,Lane PLC,,fflowers@example.com,490-809-9217x79055,app
PTY001093,person,Sandy Richards,Sandy,Richards,,1955-10-01,christopher58@example.net,001-307-205-3260x11939,email
PTY001094,person,John Mathews,John,Mathews,,1949-04-05,pparker@example.com,(313)260-9085x818,app
PTY001095,person,Justin Brown,Justin,Brown,,1949-12-09,jason73@example.com,358-573-6627,app
PTY001096,person,Hannah Hicks,Hannah,Hicks,,1981-07-05,ncarroll@example.com,790.605.8561,mail
PTY001097,organization,Wade-Miller,,,Wade-Miller,,michelle63@example.net,492.555.1164x3690,mail
PTY001098,person,Thomas White,Thomas,White,,1942-08-17,amyfisher@example.net,(860)353-4281x6441,phone
PTY001099,person,Austin Garcia,Austin,Garcia,,2008-09-13,uhaley@example.net,258.546.4051,app
PTY001100,person,Elizabeth Payne,Elizabeth,Payne,,1949-12-02,abaird@example.com,(676)636-2814,app
PTY001101,person,Shawn Rice,Shawn,Rice,,1980-02-10,brittanybauer@example.org,001-269-406-7649,sms
PTY001102,organization,Wagner LLC,,,Wagner LLC,,uhubbard@example.com,635-587-2717,mail
PTY001103,person,Andrew Faulkner,Andrew,Faulkner,,1995-07-24,mccormickkatherine@example.com,001-903-743-9881x87387,phone
PTY001104,person,Suzanne Walker,Suzanne,Walker,,1956-08-20,richardjuarez@example.com,7415309091,app
PTY001105,person,William Walsh,William,Walsh,,1969-03-25,lopezdavid@example.org,(942)904-1231x905,phone
PTY001106,person,Dennis Adams,Dennis,Adams,,1959-09-23,smithjasmine@example.com,001-294-919-3245x381,sms
PTY001107,person,Jennifer Collins,Jennifer,Collins,,2005-09-05,douglashill@example.com,5984726496,mail
PTY001108,person,Gregory Miller,Gregory,Miller,,1974-06-18,laura24@example.org,832-861-1890x034,mail
PTY001109,person,Cory James,Cory,James,,1944-02-17,ismith@example.com,320.720.0953x662,app
PTY001110,person,James Mullen,James,Mullen,,1980-05-29,smithsteven@example.net,900-317-3259x00739,sms
PTY001111,person,Jake Osborne,Jake,Osborne,,1985-03-27,fjackson@example.org,986.490.8716,app
PTY001112,organization,Wilson LLC,,,Wilson LLC,,molly46@example.org,219.428.1707x4436,mail
PTY001113,person,Mandy Malone,Mandy,Malone,,1960-08-27,isaiahthomas@example.net,(602)952-3941x2094,sms
PTY001114,person,Lauren Wells,Lauren,Wells,,1952-12-23,njensen@example.net,(365)951-3276,sms
PTY001115,person,Carrie Evans,Carrie,Evans,,1978-08-17,wallererica@example.com,(359)785-1602x119,sms
PTY001116,person,Stephanie Herrera,Stephanie,Herrera,,2003-06-19,jacksonrussell@example.com,001-849-286-4786x86237,sms
PTY001117,person,Rebecca Porter,Rebecca,Porter,,1959-01-11,stephen08@example.net,678.419.1907,sms
PTY001118,person,Christopher Turner,Christopher,Turner,,1944-02-19,uduncan@example.net,001-936-292-3534x84864,phone
PTY001119,person,William Wilson,William,Wilson,,1979-10-10,bflores@example.org,(702)712-3720,app
PTY001120,person,Aaron Clark,Aaron,Clark,,1955-07-13,brownandrew@example.net,(334)367-3919x0088,app
PTY001121,person,Johnny Sullivan,Johnny,Sullivan,,1940-11-20,rileymelissa@example.org,(292)832-7379x8979,phone
PTY001122,person,Alan Pope,Alan,Pope,,1963-08-19,amy18@example.com,846.330.0099x8433,app
PTY001123,organization,Sharp and Sons,,,Sharp and Sons,,gmiller@example.net,451-698-5458,phone
PTY001124,person,Edward Smith,Edward,Smith,,1983-12-25,linda01@example.com,853.646.6075,email
PTY001125,organization,Perkins-Padilla,,,Perkins-Padilla,,jreynolds@example.net,3104824028,phone
PTY001126,person,Samantha Delgado,Samantha,Delgado,,1975-08-23,xcarlson@example.com,9266208581,email
PTY001127,person,Haley Conway,Haley,Conway,,1972-07-11,kristinehoward@example.org,(442)735-7004x12918,mail
PTY001128,person,Daniel Wilson,Daniel,Wilson,,1969-03-14,fullerkristie@example.com,(290)646-1007x923,mail
PTY001129,person,Ronald Johnson,Ronald,Johnson,,1946-07-05,annaboyd@example.com,701-323-2961,phone
PTY001130,person,David Pena,David,Pena,,1958-09-15,alexander66@example.com,844.560.4227,app
PTY001131,person,Melissa Evans,Melissa,Evans,,1996-11-11,rodriguezchristopher@example.org,7578347243,mail
PTY001132,person,Christopher Kidd,Christopher,Kidd,,1977-02-05,frankstewart@example.org,001-427-426-7086x6656,mail
PTY001133,person,Joshua Jones,Joshua,Jones,,2003-10-06,ahenson@example.net,784.294.7712x903,sms
PTY001134,person,Benjamin Proctor,Benjamin,Proctor,,1948-02-12,vincent74@example.org,(835)443-4046,sms
PTY001135,person,Stacey Hernandez,Stacey,Hernandez,,1963-08-05,mbridges@example.net,001-952-554-9206x44111,email
PTY001136,organization,"Pierce, Schmidt and Ford",,,"Pierce, Schmidt and Ford",,vincentroy@example.com,659.848.8218,phone
PTY001137,organization,"Johnson, Sullivan and Green",,,"Johnson, Sullivan and Green",,reedcorey@example.org,4215254341,email
PTY001138,person,Michelle Wilson,Michelle,Wilson,,1968-01-11,collinsjulie@example.net,(303)972-1860x03203,mail
PTY001139,person,Andrea Vargas,Andrea,Vargas,,1981-11-02,millerlindsey@example.org,9348713171,email
PTY001140,person,Brandon Curry,Brandon,Curry,,2000-11-27,jhenson@example.com,+1-390-584-1947x85501,mail
PTY001141,person,Susan Peterson,Susan,Peterson,,1963-09-09,jasminjohnson@example.org,+1-287-580-7279,sms
PTY001142,person,Taylor Dougherty,Taylor,Dougherty,,1947-11-28,sjohnson@example.net,697-922-3996,email
PTY001143,person,Tracy Martinez,Tracy,Martinez,,1954-03-07,omorgan@example.org,968.210.2480x855,app
PTY001144,organization,Jackson LLC,,,Jackson LLC,,james23@example.com,(721)969-0696,email
PTY001145,person,Jordan Estrada,Jordan,Estrada,,1942-01-24,rowen@example.net,(316)891-3952x150,sms
PTY001146,person,Patricia Colon,Patricia,Colon,,1967-02-20,smithsarah@example.org,550.484.2431,app
PTY001147,organization,Weaver-Carter,,,Weaver-Carter,,robinsonalejandro@example.org,001-969-710-5302x1516,mail
PTY001148,person,Kathryn Klein,Kathryn,Klein,,2008-01-08,zwolfe@example.net,239.753.4811,app
PTY001149,person,Andre Wilson,Andre,Wilson,,1992-07-01,rhonda64@example.org,389.961.5738x5512,sms
PTY001150,person,Rebecca Rivera,Rebecca,Rivera,,1947-05-30,jimwatson@example.net,881.255.4260x9723,email
PTY001151,person,Eric Buchanan,Eric,Buchanan,,1970-04-27,kelsey67@example.com,(205)917-1073,phone
PTY001152,person,David Cruz,David,Cruz,,1958-08-24,pschmidt@example.org,303.617.5438x0274,sms
PTY001153,person,Wesley Nguyen,Wesley,Nguyen,,1971-12-11,patrickmartin@example.org,846-686-2728x84076,email
PTY001154,person,Derek Griffin,Derek,Griffin,,2001-06-07,jvega@example.com,735-438-6762,sms
PTY001155,organization,Barry Group,,,Barry Group,,alawson@example.net,001-504-688-6932x055,phone
PTY001156,person,Adam Kramer,Adam,Kramer,,1987-06-25,thomaslane@example.net,759-876-4053,app
PTY001157,person,Shannon Doyle,Shannon,Doyle,,1974-09-30,vporter@example.com,526-819-0384x227,mail
PTY001158,organization,"Hood, Gibson and Clark",,,"Hood, Gibson and Clark",,mccarthygregory@example.net,(371)911-7576,sms
PTY001159,person,Daniel Martin,Daniel,Martin,,1993-10-01,eric85@example.org,248-569-8305x2169,mail
PTY001160,person,Breanna Drake,Breanna,Drake,,1953-06-12,roachjulie@example.net,+1-201-842-6471,phone
PTY001161,person,Amy Oneill,Amy,Oneill,,1971-05-16,wstephenson@example.org,616.537.0500,mail
PTY001162,person,Jason Gutierrez,Jason,Gutierrez,,1971-12-07,jonramirez@example.net,217.529.4763,phone
PTY001163,person,Susan Johnson,Susan,Johnson,,1967-10-09,jordan25@example.net,001-498-351-9393x2727,sms
PTY001164,person,Ernest Armstrong,Ernest,Armstrong,,1996-08-30,pwalker@example.org,696-702-6676x5272,phone
PTY001165,person,Tiffany Chapman,Tiffany,Chapman,,1958-09-23,andrew08@example.net,(440)267-5602x08019,sms
PTY001166,person,Gabriel Ingram,Gabriel,Ingram,,2002-03-26,kimberly43@example.net,4447890932,sms
PTY001167,organization,Wright and Sons,,,Wright and Sons,,bernardjohn@example.org,7256550193,app
PTY001168,person,Mark Robbins,Mark,Robbins,,2001-10-12,perezrichard@example.net,+1-684-539-3332,sms
PTY001169,person,Phillip Martin,Phillip,Martin,,1969-10-01,adrianmedina@example.com,001-283-912-4412,phone
PTY001170,person,Kimberly Potter,Kimberly,Potter,,1967-06-10,rebecca99@example.net,(901)923-7631,email
PTY001171,person,Kyle Watson,Kyle,Watson,,1951-08-08,escobarpatrick@example.net,001-341-593-7591x92267,sms
PTY001172,person,Cory Watson,Cory,Watson,,1989-11-17,banderson@example.com,952.586.4612x0961,mail
PTY001173,organization,Smith PLC,,,Smith PLC,,donnasuarez@example.com,324-603-2115x35505,sms
PTY001174,person,Jason Ingram,Jason,Ingram,,1947-07-16,evanselizabeth@example.org,377.597.2479x25422,sms
PTY001175,person,Jean King,Jean,King,,1995-01-02,isabella81@example.net,(804)587-7067,app
PTY001176,person,Suzanne Gilmore,Suzanne,Gilmore,,1992-04-05,briannaandersen@example.com,(215)790-2578x464,phone
PTY001177,person,Dana Floyd,Dana,Floyd,,1965-02-26,mariaweaver@example.com,001-467-726-2084x672,mail
PTY001178,person,Kevin Robinson,Kevin,Robinson,,1993-10-18,jillian19@example.com,(482)722-5018,mail
PTY001179,organization,"Flynn, Peck and Sullivan",,,"Flynn, Peck and Sullivan",,seth86@example.org,001-342-601-2234,sms
PTY001180,person,Ashley Thompson,Ashley,Thompson,,1941-06-27,jacobsdiana@example.com,(270)726-6045,app
PTY001181,person,Russell Lopez,Russell,Lopez,,1973-03-08,deborah03@example.net,401-493-3538,app
PTY001182,person,Ethan Huff,Ethan,Huff,,1947-01-30,herringjeffrey@example.org,001-806-308-2770x564,phone
PTY001183,organization,"Goodman, Guerra and Brown",,,"Goodman, Guerra and Brown",,zberg@example.com,485.500.9537,email
PTY001184,organization,Henderson-Wallace,,,Henderson-Wallace,,ohopkins@example.net,333-861-0944,mail
PTY001185,organization,Taylor-Gonzalez,,,Taylor-Gonzalez,,pricejoshua@example.com,937-827-7685,sms
PTY001186,person,Patricia Goodwin,Patricia,Goodwin,,1969-06-04,kristymunoz@example.org,+1-204-361-7551x887,app
PTY001187,person,Mary Snyder,Mary,Snyder,,1982-08-05,geraldterry@example.org,(948)437-4441,email
PTY001188,organization,Adams Group,,,Adams Group,,laura86@example.net,879-202-5485x362,app
PTY001189,person,Juan Mcdonald,Juan,Mcdonald,,1954-03-04,rgross@example.org,+1-800-695-3855x7421,app
PTY001190,organization,Morris PLC,,,Morris PLC,,conleyantonio@example.org,681.646.0476x1437,phone
PTY001191,person,Jason Williams,Jason,Williams,,1990-03-26,wmiller@example.com,+1-656-346-7263x6815,sms
PTY001192,organization,"Watson, Holmes and Lynch",,,"Watson, Holmes and Lynch",,maysedward@example.com,001-229-610-8450x786,mail
PTY001193,person,Theresa Cox,Theresa,Cox,,1991-12-11,cjohnson@example.org,001-937-546-9833x067,phone
PTY001194,organization,Roth Group,,,Roth Group,,kelleyderek@example.net,(966)879-4190,mail
PTY001195,person,Mark Shaw,Mark,Shaw,,1963-02-17,hugheskaren@example.net,(434)428-9876x05504,app
PTY001196,person,Maria Benson,Maria,Benson,,1944-09-13,deborah86@example.net,001-218-967-0663x20162,email
PTY001197,person,James Pacheco,James,Pacheco,,1980-04-08,katiehicks@example.net,798-527-1826,phone
PTY001198,organization,Ford Group,,,Ford Group,,fergusonlynn@example.com,+1-342-569-4203x983,mail
PTY001199,person,Susan Turner,Susan,Turner,,2008-01-18,rodriguezmichael@example.net,+1-567-206-9219x587,app
PTY001200,person,Micheal Davies,Micheal,Davies,,1976-10-22,susannelson@example.net,843.602.1781x67806,app
PTY001201,person,Elizabeth Byrd,Elizabeth,Byrd,,1964-02-06,garciadebra@example.com,001-492-881-5037x01709,sms
PTY001202,person,Crystal Williams,Crystal,Williams,,2000-07-31,harriswilliam@example.net,8814726282,mail
PTY001203,person,Denise Townsend,Denise,Townsend,,1997-05-22,megan50@example.net,9726889592,email
PTY001204,person,Christopher Barnes,Christopher,Barnes,,1940-11-09,rgiles@example.org,001-496-212-7662x0808,app
PTY001205,person,John Wilson,John,Wilson,,1944-07-29,virginiafisher@example.net,244-335-9624x587,email
PTY001206,person,Gregory Fitzgerald,Gregory,Fitzgerald,,1960-10-19,kennethsandoval@example.com,769.509.1237,sms
PTY001207,person,Albert Arnold,Albert,Arnold,,1958-10-29,tsullivan@example.org,796.470.2436,app
PTY001208,person,Megan Vance,Megan,Vance,,1961-09-09,belljeffrey@example.com,481-387-5403x648,email
PTY001209,person,Michael Love,Michael,Love,,1971-06-14,xwright@example.com,001-866-623-2360x667,email
PTY001210,person,Brenda Anderson,Brenda,Anderson,,1980-04-11,ashley72@example.org,001-204-829-8622x6992,mail
PTY001211,person,Robert Jones,Robert,Jones,,1971-08-01,wthompson@example.com,+1-899-929-9833x587,phone
PTY001212,person,Jennifer Hayes,Jennifer,Hayes,,1953-06-15,sabrina60@example.com,534-382-0849,sms
PTY001213,person,Mark Morrison,Mark,Morrison,,1991-06-23,theresagreene@example.org,(960)800-1440,mail
PTY001214,person,Dylan Jensen,Dylan,Jensen,,1991-07-17,fryekevin@example.net,+1-730-449-1341x03897,mail
PTY001215,person,Rachel Bridges,Rachel,Bridges,,1972-09-11,antoniosalazar@example.com,+1-456-542-2405x9208,app
PTY001216,person,Matthew Hall,Matthew,Hall,,1979-07-07,bholder@example.net,294-789-6298,sms
PTY001217,person,Richard Anderson,Richard,Anderson,,1941-01-01,wellsmichael@example.net,7799661869,phone
PTY001218,organization,Todd Ltd,,,Todd Ltd,,melissa04@example.org,374-212-5313x7956,mail
PTY001219,organization,Crawford Group,,,Crawford Group,,dawnjones@example.com,3365192025,phone
PTY001220,person,Zachary Lee,Zachary,Lee,,1971-12-26,leejessica@example.com,847-448-9047x6078,email
PTY001221,person,Kim Edwards,Kim,Edwards,,1945-03-06,holtthomas@example.com,591-470-8517,sms
PTY001222,person,Michelle Watkins,Michelle,Watkins,,1946-01-18,michael34@example.org,+1-918-658-0558x115,app
PTY001223,person,Joseph Owen,Joseph,Owen,,1967-05-31,john16@example.org,+1-377-600-4093x0454,app
PTY001224,person,Traci Vang,Traci,Vang,,1957-08-18,gregorybrock@example.org,+1-239-966-2038x58864,phone
PTY001225,person,Amanda Smith,Amanda,Smith,,1967-05-14,eric51@example.com,969-633-3562x3039,mail
PTY001226,person,Joseph Smith,Joseph,Smith,,2002-06-28,gillmary@example.com,3893870920,phone
PTY001227,person,Amber Sharp,Amber,Sharp,,1987-11-07,michelle11@example.org,+1-426-861-1584x85805,phone
PTY001228,person,John Barrett,John,Barrett,,1948-04-16,djohnson@example.net,+1-622-905-3970x77454,email
PTY001229,person,Jessica Benjamin,Jessica,Benjamin,,1944-07-26,samanthawoodard@example.org,914.861.9953x946,app
PTY001230,person,Whitney Anderson,Whitney,Anderson,,1968-06-08,johnwarner@example.net,(905)930-2618x4025,phone
PTY001231,person,Adam Meadows,Adam,Meadows,,1975-11-20,dwilliams@example.com,406.363.6050,email
PTY001232,person,Deborah Patterson,Deborah,Patterson,,1997-09-11,hansonbriana@example.org,490.791.2030,app
PTY001233,person,Derek Franklin,Derek,Franklin,,1963-10-11,haleysaunders@example.com,001-859-279-5319x26009,mail
PTY001234,organization,Roy Group,,,Roy Group,,samantha74@example.net,344-392-0548x94453,email
PTY001235,person,Angela Mccoy,Angela,Mccoy,,1948-12-04,wbailey@example.net,744.456.6229,email
PTY001236,person,David Jensen,David,Jensen,,1944-04-08,holly60@example.org,(816)224-8607x04726,mail
PTY001237,person,David Gomez,David,Gomez,,2008-05-15,diazmichael@example.org,(230)717-3167x156,app
PTY001238,person,Alisha Armstrong,Alisha,Armstrong,,1966-02-13,haroldturner@example.org,695.747.9406,email
PTY001239,person,Jason Frazier,Jason,Frazier,,1962-06-23,usilva@example.net,519.818.9866x469,app
PTY001240,person,Mark Mcclure,Mark,Mcclure,,1978-05-23,jamesmorris@example.net,948.376.8057x0237,phone
PTY001241,organization,"Baker, Foley and Shaffer",,,"Baker, Foley and Shaffer",,elliottfrank@example.net,(867)633-3297x323,sms
PTY001242,organization,Williams-Oneill,,,Williams-Oneill,,marcohines@example.com,569.792.4277x392,app
PTY001243,person,Denise Williams,Denise,Williams,,1956-12-03,andrewdavis@example.net,6164933284,phone
PTY001244,person,Jason Phillips,Jason,Phillips,,1985-08-11,jacobsalicia@example.net,8752515452,phone
PTY001245,organization,Morris-Carroll,,,Morris-Carroll,,harrissusan@example.org,4064433226,phone
PTY001246,person,Trevor Mcdonald,Trevor,Mcdonald,,1955-07-26,sheilaperry@example.net,806.264.7070x38503,sms
PTY001247,person,Matthew Edwards,Matthew,Edwards,,1983-03-02,derek41@example.net,9747027406,email
PTY001248,organization,"Jackson, Chavez and Taylor",,,"Jackson, Chavez and Taylor",,wilkinsonrussell@example.org,8033638564,app
PTY001249,person,Justin West,Justin,West,,1962-02-23,nbrewer@example.org,239.797.9849x14986,mail
PTY001250,organization,Smith-Campbell,,,Smith-Campbell,,douglasbutler@example.com,332-323-9461x2128,mail
PTY001251,person,Mark Roberts,Mark,Roberts,,2004-03-08,jeremy00@example.net,627-962-2398,sms
PTY001252,person,Kevin Serrano,Kevin,Serrano,,2003-12-08,matthewespinoza@example.net,771.688.8223x78870,app
PTY001253,person,Carlos Boyd,Carlos,Boyd,,1966-11-13,archerjames@example.net,795-864-7998x460,mail
PTY001254,person,Gloria Hanson,Gloria,Hanson,,1979-04-27,rlee@example.net,209.472.3610,phone
PTY001255,person,Robert Cruz,Robert,Cruz,,1949-09-20,garciamarcus@example.com,001-778-364-5786x5557,mail
PTY001256,person,Vickie Jackson,Vickie,Jackson,,1972-09-16,ahill@example.org,(887)758-6824x0516,app
PTY001257,person,Jonathan Rodriguez,Jonathan,Rodriguez,,1952-08-16,michelle41@example.net,001-897-840-2338,phone
PTY001258,person,Andre Rowe,Andre,Rowe,,1997-08-19,lori01@example.com,5368309442,sms
PTY001259,person,Bruce Williams,Bruce,Williams,,1987-11-30,jessica89@example.net,+1-230-894-1349,mail
PTY001260,person,Dana Colon,Dana,Colon,,1973-01-27,kparrish@example.com,(845)628-4135,app
PTY001261,person,Alisha Evans,Alisha,Evans,,2002-12-06,marshallmichael@example.com,001-274-480-9573x94059,mail
PTY001262,organization,"Haas, Smith and Love",,,"Haas, Smith and Love",,joseph03@example.org,(489)225-8490x734,app
PTY001263,person,Jeremy Elliott,Jeremy,Elliott,,1970-08-26,iruiz@example.com,559.251.4186x482,mail
PTY001264,person,Vincent Fischer,Vincent,Fischer,,1949-06-30,kristin86@example.net,641.496.2332x60586,sms
PTY001265,person,Stephen Roberson,Stephen,Roberson,,1960-08-13,coreyhendrix@example.org,001-906-462-9315x181,sms
PTY001266,person,Kenneth Thomas,Kenneth,Thomas,,1966-09-01,lorraine94@example.com,+1-389-906-2327x237,mail
PTY001267,person,Colleen Bautista,Colleen,Bautista,,1942-07-18,nicoleperez@example.net,001-600-965-4870,email
PTY001268,organization,Carpenter-Warner,,,Carpenter-Warner,,burtonsean@example.com,353-798-1889x07378,phone
PTY001269,person,Brandy Flores,Brandy,Flores,,1981-09-16,grantkevin@example.net,+1-562-268-3848x876,sms
PTY001270,person,Michelle Chung,Michelle,Chung,,1987-05-04,jross@example.org,001-361-421-9051,app
PTY001271,organization,"Holland, Fernandez and Schneider",,,"Holland, Fernandez and Schneider",,dixondennis@example.org,+1-970-466-9010x7923,email
PTY001272,person,Bridget Thomas,Bridget,Thomas,,1978-05-11,jeffreywhitehead@example.net,+1-864-597-0350x67578,phone
PTY001273,organization,Morgan Ltd,,,Morgan Ltd,,fsmith@example.com,712.931.5550,app
PTY001274,person,Erica Johnson,Erica,Johnson,,1949-05-08,warrenchristine@example.net,001-338-644-4045x8831,mail
PTY001275,person,Caleb Barron,Caleb,Barron,,2005-06-03,curtisjacqueline@example.org,850.336.8715,sms
PTY001276,person,Julia Aguilar,Julia,Aguilar,,1970-07-05,iwilliamson@example.org,(834)945-6844,email
PTY001277,person,Autumn Carter,Autumn,Carter,,2002-12-21,lorihenderson@example.com,301-763-2957x3783,phone
PTY001278,person,Brandi Jimenez,Brandi,Jimenez,,1971-07-15,carolynwarner@example.org,+1-773-618-6830x29158,mail
PTY001279,person,Dawn Ferrell,Dawn,Ferrell,,1956-02-21,gregorydavis@example.net,(518)654-8396x607,app
PTY001280,person,Kelly Cruz,Kelly,Cruz,,1972-10-03,paul15@example.net,+1-295-784-1749x1617,mail
PTY001281,person,Alexander Martin,Alexander,Martin,,1951-12-23,palmerclifford@example.net,+1-214-613-4476,app
PTY001282,person,Lisa Harris,Lisa,Harris,,1973-11-02,vroberts@example.org,001-828-764-3302,sms
PTY001283,person,Tanya Curry,Tanya,Curry,,1979-11-06,lmann@example.org,+1-836-867-7196,mail
PTY001284,organization,Cisneros-Smith,,,Cisneros-Smith,,julie34@example.org,2223234998,sms
PTY001285,person,Rachel Clark,Rachel,Clark,,1970-06-30,aspencer@example.com,(890)317-7915x244,sms
PTY001286,person,Joshua Johnson,Joshua,Johnson,,1951-11-19,johngarrison@example.org,546.956.4260x186,app
PTY001287,person,Karen Gray,Karen,Gray,,1945-03-26,jill69@example.net,559-722-7764x14900,mail
PTY001288,person,Aaron White,Aaron,White,,1995-04-04,matthew34@example.com,+1-548-567-2288x39047,mail
PTY001289,person,Carl Buckley,Carl,Buckley,,1959-06-28,ssimon@example.org,(974)793-2511x497,phone
PTY001290,person,Jason Anderson,Jason,Anderson,,1987-07-17,robertsbrandy@example.com,777.266.1830,sms
PTY001291,person,Brian Sharp,Brian,Sharp,,1977-03-06,fhanna@example.com,991.851.1436,email
PTY001292,organization,Welch Inc,,,Welch Inc,,elindsey@example.net,210.896.8564x257,phone
PTY001293,person,Dawn Pearson,Dawn,Pearson,,1940-11-12,michelleshort@example.net,231.254.2306,email
PTY001294,person,Jack Brown,Jack,Brown,,2005-12-18,psawyer@example.net,205-322-4114x20667,app
PTY001295,organization,Jones-Flores,,,Jones-Flores,,andrewbird@example.com,(433)482-2224x00539,app
PTY001296,person,Elizabeth Williams,Elizabeth,Williams,,1966-06-01,dianadavis@example.net,001-590-511-3484x3391,sms
PTY001297,person,Darlene Cox,Darlene,Cox,,1975-11-22,hmoses@example.org,(539)645-6452,phone
PTY001298,person,Jacob Ross,Jacob,Ross,,1993-04-11,chelsea60@example.org,898-966-3420x953,phone
PTY001299,person,Dana Wells,Dana,Wells,,2002-04-15,joshuaberry@example.net,+1-752-797-3561x5266,app
PTY001300,person,Anna Jones,Anna,Jones,,1973-11-29,xhorne@example.org,+1-880-796-6414x7533,mail
PTY001301,organization,Roberts Group,,,Roberts Group,,sandra66@example.net,535-838-9629x85324,sms
PTY001302,person,Troy Vargas,Troy,Vargas,,1960-12-22,morganchristopher@example.net,863.583.5434x685,mail
PTY001303,person,Elizabeth Johnson,Elizabeth,Johnson,,1994-02-11,longamanda@example.com,001-379-739-9816,mail
PTY001304,person,Michelle Nunez,Michelle,Nunez,,1974-09-27,garciapenny@example.net,+1-937-410-3073x7260,sms
PTY001305,person,Kimberly Mejia,Kimberly,Mejia,,2004-11-17,hillchristina@example.com,+1-408-326-4931,phone
PTY001306,organization,Sanders-Gonzalez,,,Sanders-Gonzalez,,krista76@example.org,442-692-6456x33917,mail
PTY001307,person,Alexander Foster,Alexander,Foster,,1979-09-05,william11@example.org,+1-566-549-7196x7068,app
PTY001308,person,Mark Greene,Mark,Greene,,1942-12-11,blancharddaniel@example.com,001-590-616-3994x90133,app
PTY001309,person,Teresa Lewis,Teresa,Lewis,,2003-02-26,qwhitaker@example.org,+1-548-214-0984x10167,email
PTY001310,person,Charles King,Charles,King,,1977-10-03,garciaalex@example.com,001-891-800-4202,email
PTY001311,person,Sara Powell,Sara,Powell,,1977-09-30,adkinscharles@example.net,+1-603-442-1348x548,phone
PTY001312,person,Wendy Clark,Wendy,Clark,,1954-02-23,colemanheather@example.net,+1-917-391-3860x15711,email
PTY001313,person,James Taylor,James,Taylor,,1988-09-17,aguilarkyle@example.org,(347)302-8814,email
PTY001314,person,David Ferguson,David,Ferguson,,1998-08-16,logan71@example.net,567.385.7646,app
PTY001315,person,John Kramer,John,Kramer,,1946-02-17,hardinvictor@example.net,761-694-2321,sms
PTY001316,person,Natalie Jones,Natalie,Jones,,1956-11-13,morajeff@example.org,(996)626-1684x55252,app
PTY001317,organization,Smith Ltd,,,Smith Ltd,,justin17@example.net,+1-699-548-8566,mail
PTY001318,person,Tina Johnson,Tina,Johnson,,1947-12-02,ryan56@example.org,(458)742-2717x266,email
PTY001319,person,Richard Johnson,Richard,Johnson,,1966-10-04,alvarezelizabeth@example.org,341-230-6862x4087,app
PTY001320,organization,Schmitt Group,,,Schmitt Group,,dweaver@example.net,317-328-2076x238,mail
PTY001321,person,Michael Sparks,Michael,Sparks,,1951-09-09,jeromearnold@example.org,(482)540-8475,email
PTY001322,organization,Cooke-Garza,,,Cooke-Garza,,anthony41@example.org,001-784-579-1351x1350,sms
PTY001323,organization,Coffey-Acevedo,,,Coffey-Acevedo,,fredday@example.net,(906)541-5780,sms
PTY001324,person,Anthony House,Anthony,House,,1941-11-17,johnsonkevin@example.net,853-941-9528x1447,app
PTY001325,person,Keith Stephenson,Keith,Stephenson,,1949-06-24,thompsondarlene@example.net,+1-293-506-3578,phone
PTY001326,person,Steven Richards,Steven,Richards,,1948-07-24,connorholloway@example.net,001-974-736-9905x5855,email
PTY001327,organization,"Armstrong, Wolfe and Smith",,,"Armstrong, Wolfe and Smith",,jacob06@example.net,(890)745-2898x60610,phone
PTY001328,person,Robert Allen,Robert,Allen,,1971-06-29,nathan01@example.com,727-561-3681x49802,phone
PTY001329,organization,"Smith, Ramirez and Mendoza",,,"Smith, Ramirez and Mendoza",,kgilbert@example.net,+1-464-544-7725x084,app
PTY001330,person,Julie Santana,Julie,Santana,,1952-07-22,kevinsmith@example.org,717-724-1553x691,sms
PTY001331,person,Leslie Campbell,Leslie,Campbell,,2005-10-23,cruzmary@example.net,(702)642-5703x3329,mail
PTY001332,person,Michael Galvan,Michael,Galvan,,1998-06-09,morrisamanda@example.org,963.404.0296x62991,sms
PTY001333,person,Cory Phillips,Cory,Phillips,,1951-05-23,mariajohnson@example.org,(278)821-5392x66937,mail
PTY001334,organization,Andersen LLC,,,Andersen LLC,,maddoxdavid@example.org,001-428-204-8502,phone
PTY001335,person,Robert Powers,Robert,Powers,,1944-01-10,raydawn@example.org,(493)779-7190x000,sms
PTY001336,person,Russell Bennett,Russell,Bennett,,1953-03-30,nicholas47@example.org,555.494.0799x23045,email
PTY001337,person,Julia Miller,Julia,Miller,,1966-11-29,yowens@example.net,001-714-556-4743x70194,mail
PTY001338,person,Erica Lyons,Erica,Lyons,,1947-10-25,santiagoterri@example.com,(365)705-2761x20928,mail
PTY001339,organization,Kelley-Russell,,,Kelley-Russell,,roblescolleen@example.org,(831)916-7870,mail
PTY001340,person,Cynthia Harris,Cynthia,Harris,,1957-06-15,edwardsutton@example.org,+1-759-821-2684,email
PTY001341,person,Jeffrey Jimenez,Jeffrey,Jimenez,,1946-05-14,megan94@example.org,4005375398,email
PTY001342,person,Jacqueline Jones,Jacqueline,Jones,,1950-06-15,samuel98@example.com,(793)327-8417x8376,mail
PTY001343,person,Nicole Peterson,Nicole,Peterson,,1955-01-08,blakegarcia@example.com,+1-406-952-6642x67351,app
PTY001344,person,Isaac Ramirez,Isaac,Ramirez,,2004-11-19,jeffrey37@example.com,+1-465-469-7648x78496,app
PTY001345,person,Joshua Pham,Joshua,Pham,,1960-04-21,maria04@example.com,+1-325-406-9296x5685,phone
PTY001346,person,Loretta Brown,Loretta,Brown,,1969-05-28,karenliu@example.net,329.435.0979x3442,app
PTY001347,person,Barbara Turner,Barbara,Turner,,1999-10-28,rachel22@example.org,677-280-4579x7251,sms
PTY001348,person,Stephen Harris,Stephen,Harris,,1984-12-03,claytonchavez@example.net,(333)872-0945,email
PTY001349,person,Tracy Cannon,Tracy,Cannon,,1971-01-04,fosterrichard@example.org,+1-628-463-0112x20084,app
PTY001350,organization,Montoya-Mejia,,,Montoya-Mejia,,jamesmullins@example.com,896.208.2896x713,email
PTY001351,person,Melissa Bowman,Melissa,Bowman,,1957-12-09,pamela92@example.org,+1-656-749-0132,sms
PTY001352,person,Kathryn Davis,Kathryn,Davis,,1979-01-31,neilsummers@example.org,215-246-1758,phone
PTY001353,organization,Lynn Ltd,,,Lynn Ltd,,mitchelldanielle@example.org,504-331-5668x5135,phone
PTY001354,person,Joshua Brewer,Joshua,Brewer,,1973-03-10,stephen58@example.org,609.901.6856,email
PTY001355,person,Daniel Randall,Daniel,Randall,,1971-05-21,barry90@example.org,716.898.8371x611,phone
PTY001356,organization,Pollard-Holmes,,,Pollard-Holmes,,krodriguez@example.net,767.259.8332x6170,phone
PTY001357,organization,Montes-Herrera,,,Montes-Herrera,,jake58@example.org,001-756-557-2853,mail
PTY001358,organization,Lane PLC,,,Lane PLC,,justinhughes@example.net,(617)875-8015,sms
PTY001359,person,Ronald Washington,Ronald,Washington,,1999-11-05,adamgolden@example.org,8288532727,phone
PTY001360,person,Brittany Shepherd,Brittany,Shepherd,,1955-10-25,levi50@example.org,928-454-6130x87308,app
PTY001361,person,Norma Kirby,Norma,Kirby,,1984-03-09,ocannon@example.net,001-427-977-7118x425,email
PTY001362,person,Denise Dorsey,Denise,Dorsey,,1954-03-18,deleonbryan@example.com,621-902-4234,mail
PTY001363,person,Jay Byrd,Jay,Byrd,,1944-03-27,joanne77@example.com,796-819-9716,email
PTY001364,person,Michael Ross,Michael,Ross,,1993-01-31,crussell@example.net,+1-468-633-4400x952,app
PTY001365,organization,Downs Group,,,Downs Group,,james79@example.org,001-722-619-1439x070,app
PTY001366,person,Timothy Sanchez,Timothy,Sanchez,,1944-02-12,cookkristina@example.net,815-201-0162,sms
PTY001367,person,Anthony Johnson,Anthony,Johnson,,1968-01-08,ann34@example.com,497-383-3548x83571,sms
PTY001368,person,Justin Powell,Justin,Powell,,1979-07-04,meyerspatrick@example.net,466.443.2031x72665,mail
PTY001369,person,Lance Ryan,Lance,Ryan,,1958-08-31,vanessajimenez@example.org,700-302-0860x1460,sms
PTY001370,organization,"Johnson, Cannon and Ramirez",,,"Johnson, Cannon and Ramirez",,tylerwilson@example.net,503.235.6369,mail
PTY001371,person,Christopher Brown,Christopher,Brown,,1989-11-12,lawrencealicia@example.net,001-231-487-8104,phone
PTY001372,organization,"Schneider, Vaughan and Rogers",,,"Schneider, Vaughan and Rogers",,caleb89@example.org,+1-809-830-4376x613,mail
PTY001373,person,George Hendricks,George,Hendricks,,1942-05-23,taylorderrick@example.net,(281)759-4747x05311,app
PTY001374,person,Erin Arroyo,Erin,Arroyo,,1986-08-06,alansalazar@example.com,397.698.4218,phone
PTY001375,person,Donald Henderson,Donald,Henderson,,1956-07-19,ulutz@example.com,+1-501-867-6718x7762,email
PTY001376,person,Sara Reynolds,Sara,Reynolds,,1976-07-01,angel62@example.com,(529)922-6667x8809,phone
PTY001377,person,Dawn Miller,Dawn,Miller,,1967-08-08,gary89@example.net,001-389-407-4993x598,phone
PTY001378,person,Marcus Dean,Marcus,Dean,,1973-05-23,uhernandez@example.net,664.308.3858x0501,sms
PTY001379,person,Kerri Rodriguez,Kerri,Rodriguez,,2005-03-02,jrivera@example.net,991.329.5651,email
PTY001380,person,Deborah Skinner,Deborah,Skinner,,1961-09-10,pwilliams@example.com,001-900-292-4492x87875,email
PTY001381,person,Courtney Day,Courtney,Day,,1993-05-17,brittanysmith@example.org,001-825-701-8607x4290,mail
PTY001382,person,Edward White,Edward,White,,1956-02-28,rickyclark@example.org,+1-880-862-0073x0242,sms
PTY001383,person,Dominic Miles,Dominic,Miles,,1979-10-14,ecox@example.net,+1-640-257-1446x9567,phone
PTY001384,person,Jennifer Daniels,Jennifer,Daniels,,1974-04-03,michaeltorres@example.com,845.714.6688,phone
PTY001385,person,Sara Palmer,Sara,Palmer,,1986-01-17,william48@example.net,858.662.6736,mail
PTY001386,organization,"Edwards, Moore and Valencia",,,"Edwards, Moore and Valencia",,hkennedy@example.com,5896432698,app
PTY001387,organization,Sanchez-Cantrell,,,Sanchez-Cantrell,,sshea@example.com,+1-405-604-5050,mail
PTY001388,person,Richard Martin,Richard,Martin,,1996-09-11,williamsjames@example.org,001-293-590-7737x29545,email
PTY001389,person,Anna Johnson,Anna,Johnson,,1969-05-28,matthewhaney@example.org,(702)504-5028x143,sms
PTY001390,organization,Taylor Group,,,Taylor Group,,kelsey33@example.com,+1-453-811-1235x904,email
PTY001391,organization,Lopez-Murray,,,Lopez-Murray,,edward66@example.org,+1-751-308-5738x38554,app
PTY001392,person,Jordan Sherman,Jordan,Sherman,,2007-03-07,yatesmadison@example.net,793-751-1745,mail
PTY001393,person,Katelyn Robinson,Katelyn,Robinson,,1971-08-03,bradshawrobert@example.com,(881)367-3374,sms
PTY001394,person,Whitney Taylor,Whitney,Taylor,,1946-08-15,maria56@example.net,001-926-841-2608x4818,mail
PTY001395,person,Ernest Lawrence,Ernest,Lawrence,,2004-03-11,colemanjim@example.net,(730)439-9516x70450,app
PTY001396,person,Samantha Martinez,Samantha,Martinez,,1986-10-16,ralexander@example.org,(734)338-8804,app
PTY001397,organization,"Carter, Hernandez and Thomas",,,"Carter, Hernandez and Thomas",,richarddiaz@example.net,(782)731-3427,phone
PTY001398,person,Scott Owens,Scott,Owens,,1981-12-21,rodriguezmark@example.net,8447318343,phone
PTY001399,person,Jeffrey Pope,Jeffrey,Pope,,2001-01-15,jenningsmelissa@example.net,001-377-911-5062,sms
PTY001400,person,Cassidy Price,Cassidy,Price,,1993-12-10,lisa73@example.org,516.829.1087x39221,sms
PTY001401,person,Ashley Jones,Ashley,Jones,,1962-08-21,drobinson@example.com,001-371-705-2987x70745,phone
PTY001402,person,Michelle Brown,Michelle,Brown,,1959-05-14,brent20@example.org,001-768-838-7890x34502,phone
PTY001403,person,Shaun Sanders,Shaun,Sanders,,1956-11-20,nelsoncassandra@example.net,546.875.4182,sms
PTY001404,person,Amber Davis,Amber,Davis,,1945-11-05,mariaortega@example.com,(210)351-3346,sms
PTY001405,person,Amy Moore,Amy,Moore,,1940-11-27,youngdiane@example.org,(832)208-3168x163,email
PTY001406,person,John Cunningham,John,Cunningham,,1986-02-19,wongjacqueline@example.org,001-269-207-8947x6720,sms
PTY001407,person,Michael Miller,Michael,Miller,,1988-04-04,deleontammy@example.org,416.534.8508x951,mail
PTY001408,organization,Smith-Watson,,,Smith-Watson,,khanbreanna@example.org,+1-744-754-5697x296,app
PTY001409,person,Perry Wilson,Perry,Wilson,,1953-05-15,fpatterson@example.org,371.488.6263x956,mail
PTY001410,person,Judy Hubbard,Judy,Hubbard,,1966-09-06,bstephens@example.com,(473)571-3887x402,phone
PTY001411,person,Grace Pennington,Grace,Pennington,,1992-07-10,elizabeth14@example.com,(362)676-3304x1176,email
PTY001412,person,Grant Lambert,Grant,Lambert,,1966-03-14,kennethperez@example.net,(886)936-4704x6568,sms
PTY001413,organization,Robinson PLC,,,Robinson PLC,,aaronramirez@example.org,993.263.1592x2912,mail
PTY001414,person,Patrick George,Patrick,George,,1959-10-10,williamsjoseph@example.com,001-329-511-8722x8247,mail
PTY001415,person,Andrew Herrera,Andrew,Herrera,,1971-01-31,epearson@example.com,+1-278-798-4974x99799,mail
PTY001416,organization,Spears and Sons,,,Spears and Sons,,henrydaniel@example.net,(556)758-1898x10617,phone
PTY001417,person,Richard Sanchez,Richard,Sanchez,,2008-04-16,ggonzalez@example.org,+1-875-557-2616x949,sms
PTY001418,organization,Sloan-Hunter,,,Sloan-Hunter,,berrypatricia@example.net,001-999-390-6820x130,phone
PTY001419,person,Ronald Snyder,Ronald,Snyder,,1953-07-15,dannywalker@example.net,661.231.7985,sms
PTY001420,person,Karen Williams,Karen,Williams,,1987-08-12,sanchezemily@example.net,(345)485-8356x399,mail
PTY001421,person,Timothy Ramirez,Timothy,Ramirez,,1990-07-22,cassandramoore@example.com,001-451-374-1925x81476,sms
PTY001422,person,Lori Frey,Lori,Frey,,1988-10-18,richardjohnson@example.net,+1-563-699-4541,app
PTY001423,person,Lucas Davis,Lucas,Davis,,1967-03-22,kimberlymorrison@example.org,001-979-468-5909x64598,sms
PTY001424,person,Crystal Melendez,Crystal,Melendez,,1942-11-23,jacquelinemurray@example.net,001-835-916-6811x33973,sms
PTY001425,person,Anthony Schwartz,Anthony,Schwartz,,1948-12-11,tsandoval@example.com,5242222419,sms
PTY001426,person,Robert Gaines,Robert,Gaines,,1953-04-14,ryanparker@example.org,681-444-4248,app
PTY001427,person,Elizabeth Barnett,Elizabeth,Barnett,,1951-06-01,john50@example.net,+1-647-265-1186x156,app
PTY001428,organization,"Lang, Mitchell and Parker",,,"Lang, Mitchell and Parker",,james89@example.net,337-205-4245,phone
PTY001429,organization,"Blankenship, White and Dalton",,,"Blankenship, White and Dalton",,johnsonjames@example.com,894-429-9202x37666,email
PTY001430,person,Kimberly Hudson,Kimberly,Hudson,,1956-08-12,amandadavis@example.com,418-639-0934,phone
PTY001431,person,Desiree Trevino,Desiree,Trevino,,1960-09-19,grayemily@example.net,001-534-963-3488x9334,sms
PTY001432,person,Nathan Crosby,Nathan,Crosby,,1990-11-25,ngraham@example.com,001-408-765-4243x8269,mail
PTY001433,person,Matthew Cole,Matthew,Cole,,1954-08-09,lori09@example.com,(588)895-9470,phone
PTY001434,person,Lindsay Jacobs,Lindsay,Jacobs,,2006-01-18,ncampbell@example.com,+1-217-265-0471x883,phone
PTY001435,person,Kathleen Yates,Kathleen,Yates,,1963-11-11,derek87@example.org,649-966-8667x989,phone
PTY001436,person,Allen Haynes,Allen,Haynes,,1971-11-06,brennanmichelle@example.com,001-501-649-7110,mail
PTY001437,person,Laura Tapia,Laura,Tapia,,2004-02-26,zgarcia@example.com,(866)950-5188x601,mail
PTY001438,organization,"Carter, Hart and Cummings",,,"Carter, Hart and Cummings",,jamesbenson@example.com,+1-569-985-0450x566,mail
PTY001439,organization,Collins-Taylor,,,Collins-Taylor,,rachel86@example.org,789.925.7140x2503,mail
PTY001440,organization,Garner-Campos,,,Garner-Campos,,willie16@example.org,349.236.8063x58530,app
PTY001441,person,Kayla Horn,Kayla,Horn,,1950-04-29,ydunn@example.net,919-230-4852x77586,app
PTY001442,person,Patricia Hughes,Patricia,Hughes,,1968-12-11,brettlee@example.com,844.543.9468,sms
PTY001443,organization,Garcia Inc,,,Garcia Inc,,jameswood@example.net,(417)807-3174x45776,app
PTY001444,person,Pamela Hughes,Pamela,Hughes,,2004-11-22,uwallace@example.net,7896897747,email
PTY001445,person,Gabrielle Santos,Gabrielle,Santos,,2004-09-27,mary52@example.net,(937)674-0376x768,sms
PTY001446,person,Angel Wiggins,Angel,Wiggins,,1942-03-29,wfisher@example.org,297-253-4115x7330,app
PTY001447,person,Dawn Williams,Dawn,Williams,,1998-08-17,joanna65@example.com,(582)734-4538x565,app
PTY001448,person,Stephanie Mcintyre,Stephanie,Mcintyre,,1999-07-26,shellyjordan@example.org,+1-700-847-0911x0349,sms
PTY001449,person,Christian Greene,Christian,Greene,,1992-10-16,fbass@example.org,+1-315-683-7466,email
PTY001450,person,Jessica Ruiz,Jessica,Ruiz,,1969-08-19,dixonkathryn@example.com,470.747.9666x82905,email
PTY001451,person,Richard Spence,Richard,Spence,,1980-08-06,alvin91@example.com,001-723-630-2927x640,phone
PTY001452,organization,Becker-Hanson,,,Becker-Hanson,,jthompson@example.org,605-913-1866x047,app
PTY001453,organization,Lewis PLC,,,Lewis PLC,,kingjessica@example.net,224-474-4203x59441,app
PTY001454,organization,"Perez, Wagner and Brewer",,,"Perez, Wagner and Brewer",,victoria86@example.com,477-741-3135x1830,phone
PTY001455,person,Willie Gonzalez,Willie,Gonzalez,,2002-01-01,ibarton@example.org,(739)288-5217x895,sms
PTY001456,person,Lisa Mills,Lisa,Mills,,1988-09-28,rangelteresa@example.net,(355)581-6759x2383,mail
PTY001457,organization,Patel-Blevins,,,Patel-Blevins,,kelleyjennifer@example.org,001-403-381-4634x2924,app
PTY001458,person,Hannah Walter,Hannah,Walter,,1979-10-14,pgarner@example.org,001-612-318-5273,sms
PTY001459,person,Veronica Phillips,Veronica,Phillips,,1968-01-14,gonzalezchristopher@example.net,(253)901-5303x044,mail
PTY001460,person,Scott Miller,Scott,Miller,,1989-03-05,englishchristina@example.net,(359)484-5576x63454,sms
PTY001461,person,Carla Garcia,Carla,Garcia,,1968-05-18,matthew06@example.com,+1-419-410-6166x91008,email
PTY001462,person,Elizabeth Anderson,Elizabeth,Anderson,,1991-01-26,sullivandonald@example.net,(821)475-6269,phone
PTY001463,person,Anthony Lee,Anthony,Lee,,1959-02-24,tberry@example.org,001-200-559-3257x2287,sms
PTY001464,person,Eric Johnson,Eric,Johnson,,2006-01-17,rdurham@example.net,797-424-3871x29514,mail
PTY001465,person,Rachel Shepherd,Rachel,Shepherd,,1963-03-31,mccarthydylan@example.net,660.960.4802x24065,app
PTY001466,person,Joseph Blevins,Joseph,Blevins,,1967-11-14,bobby90@example.com,289-385-6643,sms
PTY001467,person,Rachel Murphy,Rachel,Murphy,,1997-12-09,ryan23@example.net,+1-578-388-7656,email
PTY001468,person,Jamie Hopkins,Jamie,Hopkins,,1944-04-12,iholland@example.net,6119386047,mail
PTY001469,person,Rachel Miller,Rachel,Miller,,1980-01-01,lewisallen@example.com,648-695-3829,email
PTY001470,person,Charles Dawson,Charles,Dawson,,1949-01-05,steve90@example.com,847.928.3951,email
PTY001471,person,Jason Brown,Jason,Brown,,1979-02-12,jessica26@example.com,8844886865,email
PTY001472,person,Brittany Jackson,Brittany,Jackson,,1993-05-26,moniquemoore@example.org,001-780-818-3235x306,email
PTY001473,person,Amanda Evans,Amanda,Evans,,2004-10-26,awashington@example.net,780.996.4583x7449,phone
PTY001474,organization,Thomas-Hall,,,Thomas-Hall,,christopherwoods@example.com,+1-859-428-9748x74114,phone
PTY001475,organization,Wallace-Hodges,,,Wallace-Hodges,,tylerchristine@example.com,353-849-6551x564,phone
PTY001476,person,Scott George,Scott,George,,1956-11-16,mcintyrebrendan@example.org,(482)401-6301x597,app
PTY001477,person,Sandra Thomas,Sandra,Thomas,,1976-05-22,katherine34@example.net,+1-327-266-8098x460,mail
PTY001478,person,Joshua Leon,Joshua,Leon,,1954-01-30,angela15@example.org,835.286.6715x544,mail
PTY001479,person,Michael Willis,Michael,Willis,,2001-06-11,sarah62@example.com,(305)436-4991,phone
PTY001480,person,Jennifer Nicholson,Jennifer,Nicholson,,1964-06-17,owallace@example.net,(585)202-1553,mail
PTY001481,person,Emily Gibson,Emily,Gibson,,2000-03-27,ana12@example.com,(664)639-5678,app
PTY001482,person,Kaitlyn Smith,Kaitlyn,Smith,,1978-11-24,guerramaria@example.org,+1-699-619-8177x55129,mail
PTY001483,organization,Leon PLC,,,Leon PLC,,matthewchambers@example.com,998-828-3859x747,mail
PTY001484,person,Michael Deleon,Michael,Deleon,,1980-05-03,olsonmichael@example.com,001-494-434-3687x7156,email
PTY001485,person,Jessica Greer,Jessica,Greer,,1958-10-14,tuckerstacey@example.net,341.253.5977,phone
PTY001486,person,Elizabeth Rodriguez,Elizabeth,Rodriguez,,2005-05-04,dawn77@example.org,001-749-843-1487x22557,email
PTY001487,organization,Garcia-Cooper,,,Garcia-Cooper,,zparker@example.net,257-739-5232x85558,email
PTY001488,organization,Burgess-Turner,,,Burgess-Turner,,gcox@example.org,+1-666-902-8413x6233,phone
PTY001489,person,Aaron Smith,Aaron,Smith,,1947-08-20,richard97@example.net,001-714-279-7341x855,sms
PTY001490,person,April Robinson,April,Robinson,,2004-08-05,nathan60@example.org,203.396.1017x590,mail
PTY001491,person,Samuel Johnson,Samuel,Johnson,,1966-10-14,parmstrong@example.com,001-707-386-9285,sms
PTY001492,person,Raymond Padilla,Raymond,Padilla,,1948-03-08,beth38@example.net,(276)935-3673x55896,app
PTY001493,person,Brian Anderson,Brian,Anderson,,1977-01-17,josephmiller@example.org,251.939.0143,app
PTY001494,person,Renee Collins,Renee,Collins,,1974-03-23,theresa36@example.com,+1-935-579-6714x80300,app
PTY001495,person,Linda Schroeder,Linda,Schroeder,,1970-06-11,ann26@example.org,825.326.3794x12886,app
PTY001496,person,Christopher Martinez,Christopher,Martinez,,1949-06-12,lauramartin@example.com,+1-625-826-1197x8925,sms
PTY001497,person,Tiffany Blake,Tiffany,Blake,,1971-06-08,crystal46@example.com,001-732-355-4411x818,mail
PTY001498,organization,Reyes Group,,,Reyes Group,,williamsmith@example.com,(803)688-1937,phone
PTY001499,person,Kimberly Herrera,Kimberly,Herrera,,2001-10-21,michelle14@example.com,+1-322-401-4833x35401,app
PTY001500,organization,Jackson-Clark,,,Jackson-Clark,,asmith@example.net,564.977.0906x7618,email
PTY001501,person,Nicholas Yang,Nicholas,Yang,,1966-02-07,webbdestiny@example.net,862-217-2048,sms
PTY001502,person,Diane Garcia,Diane,Garcia,,1967-03-30,bradleymercado@example.net,(664)356-4967,phone
PTY001503,person,Brianna Miller,Brianna,Miller,,1943-03-24,jennifer39@example.net,6644909703,email
PTY001504,person,Matthew Stanley,Matthew,Stanley,,1948-07-01,hfleming@example.net,858-991-3682,sms
PTY001505,person,Stephanie Ford,Stephanie,Ford,,1952-08-17,yusandra@example.org,+1-236-925-2602x216,app
PTY001506,person,Michael Hill,Michael,Hill,,1941-06-03,michellereilly@example.org,258.838.4391,mail
PTY001507,organization,West-Mcclure,,,West-Mcclure,,melissa74@example.com,469-535-1021x401,phone
PTY001508,organization,Miller LLC,,,Miller LLC,,william97@example.net,001-303-959-7177,mail
PTY001509,person,Holly Lee,Holly,Lee,,1964-03-18,dmason@example.net,712-546-0516x4838,phone
PTY001510,person,John Cruz,John,Cruz,,1958-04-29,avilashawn@example.com,576.300.6434x597,app
PTY001511,person,Danielle Kennedy,Danielle,Kennedy,,1956-10-16,perezgregory@example.net,(675)974-5104x84809,app
PTY001512,person,Jessica Robinson,Jessica,Robinson,,1948-09-03,ewingpaul@example.com,327-307-9959x4761,mail
PTY001513,person,Brett Ashley,Brett,Ashley,,1979-11-30,cmyers@example.com,556-657-2897x2269,phone
PTY001514,person,William Adams,William,Adams,,2008-01-04,changbethany@example.net,546.485.6066x99261,sms
PTY001515,person,Sarah Casey,Sarah,Casey,,1973-02-14,webermichelle@example.com,579.957.0399x626,app
PTY001516,person,Taylor White,Taylor,White,,1991-06-08,yjones@example.org,4734512896,sms
PTY001517,person,Donna Johnson,Donna,Johnson,,1977-06-06,karlmartin@example.org,+1-830-623-9934x46060,mail
PTY001518,person,Jasmine Frazier,Jasmine,Frazier,,1940-11-12,psalazar@example.org,357.486.5294,phone
PTY001519,person,William Sanchez,William,Sanchez,,1989-05-23,johnsonpatrick@example.com,288-654-8753x119,app
PTY001520,organization,Cox LLC,,,Cox LLC,,alyssasmith@example.org,964.825.5078x688,mail
PTY001521,person,Anthony White,Anthony,White,,1956-04-08,garywright@example.org,901.995.8663x9928,mail
PTY001522,person,Erik Blackwell,Erik,Blackwell,,1974-07-14,margaretlyons@example.com,(849)656-2917,mail
PTY001523,person,Kevin Simmons,Kevin,Simmons,,1956-08-30,kathleenweaver@example.net,9706051028,phone
PTY001524,person,Matthew Miller,Matthew,Miller,,2004-08-09,thomaserik@example.net,+1-401-375-4541x6487,app
PTY001525,person,Brian Barron,Brian,Barron,,1968-04-27,danderson@example.com,+1-801-252-6974x4203,phone
PTY001526,person,Timothy Kerr,Timothy,Kerr,,1963-12-16,jessica33@example.org,001-258-872-3836,email
PTY001527,person,Brandon Miller,Brandon,Miller,,1958-05-17,sean92@example.org,(967)214-8581,phone
PTY001528,organization,Diaz Ltd,,,Diaz Ltd,,cunninghamtyler@example.com,+1-720-492-5192x01828,sms
PTY001529,person,John Bush,John,Bush,,2006-09-07,rwilkinson@example.net,+1-337-395-8291x5855,mail
PTY001530,organization,Kirby-Pham,,,Kirby-Pham,,mmiller@example.org,9755741424,mail
PTY001531,organization,"Jenkins, Cruz and Reed",,,"Jenkins, Cruz and Reed",,holmesamy@example.net,924-497-7367,app
PTY001532,person,Nicole Scott,Nicole,Scott,,1953-09-22,james54@example.net,587.229.6571x564,app
PTY001533,person,Mary Austin,Mary,Austin,,1979-08-04,hinesjeremy@example.net,+1-204-324-7960x0094,sms
PTY001534,organization,Hale-Webb,,,Hale-Webb,,sperry@example.org,(262)325-4920x3693,sms
PTY001535,organization,"Bernard, Leblanc and Soto",,,"Bernard, Leblanc and Soto",,gaineserika@example.org,731.817.2264x147,email
PTY001536,person,Ashley French,Ashley,French,,2000-07-05,waltersaimee@example.org,+1-533-759-8474x229,app
PTY001537,person,Christina Cohen,Christina,Cohen,,2002-09-28,zcobb@example.org,(739)202-2624x736,mail
PTY001538,person,Brad Harris,Brad,Harris,,1981-11-20,andrewsjacqueline@example.net,9649761442,phone
PTY001539,person,John Mclaughlin,John,Mclaughlin,,1962-10-26,jordan04@example.org,+1-531-569-7920x6754,email
PTY001540,person,Kevin Hall,Kevin,Hall,,1979-10-22,rmatthews@example.com,792.952.8783,sms
PTY001541,person,James Wilcox,James,Wilcox,,1996-12-01,mcclainjohn@example.com,645.333.0236,email
PTY001542,person,Megan Hernandez,Megan,Hernandez,,1992-04-19,bmahoney@example.net,001-785-237-2033,email
PTY001543,person,Mario Jones,Mario,Jones,,1943-12-27,johnanderson@example.org,6712555870,phone
PTY001544,organization,Hernandez-Woodard,,,Hernandez-Woodard,,stacey64@example.org,599-225-5125,sms
PTY001545,organization,Townsend-Jones,,,Townsend-Jones,,richardlynn@example.net,(905)734-9419x715,mail
PTY001546,person,Michael Avery,Michael,Avery,,2001-07-21,oreynolds@example.org,524.763.0616x21856,app
PTY001547,person,David Sawyer,David,Sawyer,,1940-10-05,egraham@example.com,7428059868,phone
PTY001548,person,Caitlin Murray,Caitlin,Murray,,1945-12-21,james36@example.org,909.301.0146x10392,email
PTY001549,organization,"Wheeler, Johnson and Lloyd",,,"Wheeler, Johnson and Lloyd",,ydouglas@example.org,+1-781-868-7851,sms
PTY001550,organization,"Williams, Bell and Johnson",,,"Williams, Bell and Johnson",,zcook@example.net,+1-426-972-8007,sms
PTY001551,organization,Holloway Ltd,,,Holloway Ltd,,nunezsherry@example.com,223.573.5640x783,app
PTY001552,person,Brandon Ross,Brandon,Ross,,1970-11-19,dakota45@example.com,+1-883-867-1467x490,sms
PTY001553,person,Alison Cummings,Alison,Cummings,,1971-04-17,carlos85@example.com,716-845-6059,sms
PTY001554,organization,Shea and Sons,,,Shea and Sons,,gordonsabrina@example.net,539.520.0258x565,sms
PTY001555,organization,Warner-Olson,,,Warner-Olson,,andrewgonzalez@example.com,287.319.2615x4872,email
PTY001556,person,Douglas Ortega,Douglas,Ortega,,1950-02-18,stephanie45@example.com,5059490809,mail
PTY001557,person,Richard Ellis,Richard,Ellis,,1976-02-15,ytaylor@example.org,(630)534-3830x0091,sms
PTY001558,person,Lawrence Gilbert,Lawrence,Gilbert,,1982-10-17,valerievasquez@example.net,917-599-6546x628,phone
PTY001559,person,Michael Boyd,Michael,Boyd,,1995-01-16,vmoore@example.org,256.700.2230x234,phone
PTY001560,person,Patrick Mcdonald,Patrick,Mcdonald,,1998-10-06,lopezchristian@example.com,290.341.8280x51666,phone
PTY001561,person,Melissa Robinson,Melissa,Robinson,,1949-05-10,srose@example.com,790.698.6361x5276,mail
PTY001562,person,Kevin Moore,Kevin,Moore,,1950-07-23,laurengreen@example.net,(548)986-3137,app
PTY001563,person,Chase Richardson,Chase,Richardson,,1956-02-11,monroemonica@example.net,5268691419,mail
PTY001564,person,Adam Miller,Adam,Miller,,1958-08-27,yarias@example.org,591.619.9256x92476,mail
PTY001565,person,Bryan Williams,Bryan,Williams,,1958-07-11,campbelljames@example.org,211.681.4051x32517,email
PTY001566,person,Larry Johnson,Larry,Johnson,,1965-04-14,vsmith@example.com,3672148783,app
PTY001567,person,James Baker,James,Baker,,1995-08-23,kathryn64@example.com,522.975.7940x7403,sms
PTY001568,person,Joseph Montgomery,Joseph,Montgomery,,1980-03-21,osmith@example.org,+1-813-269-4126x410,mail
PTY001569,person,Jeffrey Simmons,Jeffrey,Simmons,,1995-10-07,ebell@example.net,+1-880-757-6310x1089,app
PTY001570,person,Kenneth Buchanan,Kenneth,Buchanan,,1951-12-27,jeremiah06@example.com,6048748679,email
PTY001571,person,Kimberly Fields,Kimberly,Fields,,1996-04-04,william81@example.com,3369100770,sms
PTY001572,person,Tom Sosa,Tom,Sosa,,1999-05-05,desireeedwards@example.com,+1-833-207-8111x719,app
PTY001573,person,Victoria Ramirez,Victoria,Ramirez,,1942-04-26,sandraadams@example.com,555-696-7433,phone
PTY001574,person,Elizabeth Cross,Elizabeth,Cross,,2007-09-25,nathaniel23@example.net,670-433-5300,phone
PTY001575,person,Paul Powell,Paul,Powell,,1964-05-22,jenniferrobbins@example.net,+1-977-431-7394x624,sms
PTY001576,person,Sarah Gonzalez,Sarah,Gonzalez,,1991-06-29,megan65@example.net,392.576.8714,sms
PTY001577,person,Joshua Gonzalez,Joshua,Gonzalez,,1949-03-04,ylowery@example.com,7609558173,app
PTY001578,organization,"Martinez, Gilmore and Martinez",,,"Martinez, Gilmore and Martinez",,matthewlong@example.net,+1-993-254-6463,phone
PTY001579,organization,Mcmillan Ltd,,,Mcmillan Ltd,,michael03@example.net,001-734-427-1866x925,mail
PTY001580,person,Cassandra Phelps,Cassandra,Phelps,,1944-06-08,andrew26@example.org,8013101561,email
PTY001581,person,Meghan Stevens,Meghan,Stevens,,1978-12-10,kristin98@example.org,(613)800-8823,email
PTY001582,person,Marilyn Weber,Marilyn,Weber,,1992-09-16,mwoods@example.net,510.844.8177,email
PTY001583,person,Melissa Mcmillan,Melissa,Mcmillan,,2006-09-05,jenny19@example.org,(318)882-2063,phone
PTY001584,person,Lynn Martinez,Lynn,Martinez,,1966-11-13,littlecourtney@example.net,502.836.4169,mail
PTY001585,person,William Stewart,William,Stewart,,1983-04-15,gutierrezsteven@example.com,7324391932,mail
PTY001586,person,Kristina Ferguson,Kristina,Ferguson,,2000-12-19,gtrujillo@example.org,(493)879-4999x5225,phone
PTY001587,person,Kathleen Scott,Kathleen,Scott,,1987-03-29,kathleen36@example.net,001-286-281-1143x3064,phone
PTY001588,person,Luke Porter,Luke,Porter,,1946-07-03,logan59@example.net,+1-206-627-8790x25912,email
PTY001589,person,Stephanie Mckay,Stephanie,Mckay,,1972-07-21,darrenwhite@example.net,(760)732-3584x1802,sms
PTY001590,person,Diane Lawrence,Diane,Lawrence,,2005-06-13,omcdonald@example.net,693.995.7955x192,sms
PTY001591,person,Joseph Miller,Joseph,Miller,,1945-02-02,zleonard@example.com,3383625676,email
PTY001592,person,Ethan Vaughan,Ethan,Vaughan,,1960-07-22,jamiejohnson@example.org,+1-405-663-0829,sms
PTY001593,person,Virginia Hansen,Virginia,Hansen,,1975-07-02,kwalker@example.org,8787831273,mail
PTY001594,person,Kathryn Roberts,Kathryn,Roberts,,1964-06-14,ivankennedy@example.org,697-308-4287,email
PTY001595,person,Samuel Moran,Samuel,Moran,,1974-01-21,ngill@example.net,(251)329-5551x0051,phone
PTY001596,person,Christine Barker,Christine,Barker,,1993-01-04,jennifer26@example.org,500.736.0722,email
PTY001597,person,Benjamin Reese,Benjamin,Reese,,1976-09-14,aaronstrong@example.net,224-337-5391x692,app
PTY001598,person,Monica Fletcher,Monica,Fletcher,,1955-10-03,hendersonrachel@example.com,+1-668-374-0330x454,app
PTY001599,person,Sherri Price,Sherri,Price,,1970-05-16,dbaker@example.org,3849458015,email
PTY001600,person,Richard Thomas,Richard,Thomas,,2005-01-15,kgreer@example.net,2928411505,sms
PTY001601,person,Christina Good,Christina,Good,,1968-12-30,simonkendra@example.org,925-952-3228x05883,mail
PTY001602,person,Cynthia Young,Cynthia,Young,,2003-05-26,jody47@example.com,(753)495-0111,mail
PTY001603,person,Lisa Flores,Lisa,Flores,,1987-05-19,ddavenport@example.com,001-288-582-6031x748,phone
PTY001604,person,Andrew Kerr,Andrew,Kerr,,1965-02-13,mannbrittany@example.org,+1-761-642-2935,email
PTY001605,person,Donna Diaz,Donna,Diaz,,2000-07-17,brandondoyle@example.com,001-367-557-7991,email
PTY001606,person,Kristen Mayo,Kristen,Mayo,,1994-12-23,andrewtorres@example.com,762.974.5116x089,sms
PTY001607,person,Rhonda Williams,Rhonda,Williams,,1992-03-10,humphreydonna@example.org,(213)536-8960,phone
PTY001608,person,Joseph Reynolds,Joseph,Reynolds,,1991-08-19,andersonwilliam@example.net,499.930.7461x13997,phone
PTY001609,person,Daniel Escobar,Daniel,Escobar,,1963-01-20,ydonovan@example.org,887.388.5285,email
PTY001610,organization,"Mejia, Scott and Young",,,"Mejia, Scott and Young",,pfoster@example.org,001-690-607-3794x999,app
PTY001611,person,Larry Sutton,Larry,Sutton,,1984-06-08,molly44@example.org,6765926265,app
PTY001612,person,Kenneth Hayes,Kenneth,Hayes,,1964-11-04,norrisanthony@example.net,835-798-3985x907,mail
PTY001613,person,William Edwards,William,Edwards,,1975-03-28,sandracrawford@example.com,+1-381-967-8434x07307,phone
PTY001614,person,Steven Hughes,Steven,Hughes,,2000-08-08,lesliejohnson@example.net,5785836922,mail
PTY001615,organization,"Dawson, Morris and Smith",,,"Dawson, Morris and Smith",,rileymatthews@example.com,(785)502-3126,mail
PTY001616,person,Eric Young,Eric,Young,,1987-12-17,lisa49@example.com,(949)903-2234,email
PTY001617,person,Charles Coleman,Charles,Coleman,,1982-05-19,olivia93@example.net,(655)357-0200x617,phone
PTY001618,person,James Mccann,James,Mccann,,1958-10-10,anne76@example.org,001-921-889-3912x70650,app
PTY001619,person,Dale Moore,Dale,Moore,,1999-11-12,rebeccaweaver@example.org,+1-705-764-4685x3045,sms
PTY001620,person,Lisa Peterson,Lisa,Peterson,,1963-05-14,martinezricky@example.net,560-277-7894x33276,sms
PTY001621,person,Jose Colon,Jose,Colon,,1943-02-12,stoneheather@example.org,(796)726-9022x2097,phone
PTY001622,person,Erica Morales,Erica,Morales,,1971-11-14,reynoldssheena@example.com,5156120039,email
PTY001623,person,Kyle Johnson,Kyle,Johnson,,1970-05-29,hshannon@example.com,(418)833-3919,app
PTY001624,organization,"Lynch, Rodriguez and Horn",,,"Lynch, Rodriguez and Horn",,angelmiller@example.org,(700)682-2837x74270,app
PTY001625,organization,"Castro, Henry and Weaver",,,"Castro, Henry and Weaver",,jmccormick@example.org,8632228012,sms
PTY001626,person,Rachel Green,Rachel,Green,,1988-08-05,ldiaz@example.com,(647)960-9606,sms
PTY001627,person,Eric Burton,Eric,Burton,,2003-02-05,gregory73@example.com,+1-974-277-8840,app
PTY001628,organization,"Lyons, Nelson and Stewart",,,"Lyons, Nelson and Stewart",,dellis@example.com,629-488-9728,app
PTY001629,person,Raymond Brown,Raymond,Brown,,1981-06-14,williamzhang@example.com,+1-216-741-7005x37186,mail
PTY001630,person,Paul Love,Paul,Love,,1977-08-23,nortoncharles@example.net,(464)679-5127x9831,email
PTY001631,person,Dennis Cohen,Dennis,Cohen,,1956-12-02,emily41@example.com,2199919848,mail
PTY001632,person,Aaron Park,Aaron,Park,,1972-10-11,holtkimberly@example.net,(671)552-0771x0740,email
PTY001633,person,Jeffrey Proctor,Jeffrey,Proctor,,1980-02-09,jessica96@example.com,001-224-961-0511x090,mail
PTY001634,organization,Ochoa Group,,,Ochoa Group,,anthony20@example.com,4252497239,email
PTY001635,organization,Smith Ltd,,,Smith Ltd,,christineblackwell@example.com,+1-697-647-5396x597,email
PTY001636,person,Marie Jackson,Marie,Jackson,,1951-01-03,ralvarado@example.net,001-742-304-1641x53740,sms
PTY001637,person,Rachel Cowan,Rachel,Cowan,,1956-12-05,npineda@example.org,766.799.7681x608,mail
PTY001638,organization,Wang-Stokes,,,Wang-Stokes,,qturner@example.org,(284)296-8814x499,mail
PTY001639,person,Jason Weiss,Jason,Weiss,,1963-09-02,vjackson@example.org,+1-657-744-5099x98632,app
PTY001640,person,Kathy Stewart,Kathy,Stewart,,2006-12-28,gdoyle@example.org,810-785-1846,mail
PTY001641,person,Candace Cardenas,Candace,Cardenas,,1945-11-27,michaelray@example.org,730.973.4800x22642,email
PTY001642,organization,"Randolph, Smith and York",,,"Randolph, Smith and York",,amy29@example.net,681.892.1474x9847,email
PTY001643,person,Adam Thompson,Adam,Thompson,,1957-07-30,emullen@example.net,+1-447-921-4617,sms
PTY001644,person,Matthew Williams,Matthew,Williams,,1959-03-07,lauren92@example.com,769.688.9798x877,email
PTY001645,person,Joshua Hunt,Joshua,Hunt,,2000-10-29,eblake@example.org,401-992-9360x596,mail
PTY001646,organization,Alvarado-Brown,,,Alvarado-Brown,,johnhuang@example.net,+1-701-824-8447x936,sms
PTY001647,organization,Morse Inc,,,Morse Inc,,robert62@example.net,(230)770-6594,mail
PTY001648,person,Tammy Garcia,Tammy,Garcia,,1943-02-05,jasminecole@example.com,830.437.2718,mail
PTY001649,person,Justin Bryant,Justin,Bryant,,2000-03-16,robert11@example.org,+1-813-380-7828x7806,app
PTY001650,organization,Terry-Evans,,,Terry-Evans,,william63@example.com,(854)818-0288x25212,app
PTY001651,person,Brandy Pruitt,Brandy,Pruitt,,1962-03-21,peter98@example.com,(488)228-4705,sms
PTY001652,person,John Santiago,John,Santiago,,1997-11-07,lisafernandez@example.com,823-620-3668,sms
PTY001653,person,David Ramos,David,Ramos,,2000-02-05,igardner@example.com,+1-552-472-8760,app
PTY001654,person,Adam Mcknight,Adam,Mcknight,,1973-08-01,rhoffman@example.com,706-928-3345,phone
PTY001655,organization,Peterson Group,,,Peterson Group,,jamessantos@example.com,400.945.3585x9730,sms
PTY001656,person,Jeffrey Fields,Jeffrey,Fields,,1996-11-04,georgecooper@example.com,6428402555,app
PTY001657,person,Adriana Barber,Adriana,Barber,,1988-05-14,tinaflynn@example.com,+1-604-811-6788x1596,sms
PTY001658,person,Molly Stevens,Molly,Stevens,,1976-08-12,vskinner@example.com,+1-304-448-4673x322,phone
PTY001659,person,Justin Guzman,Justin,Guzman,,1964-09-05,chardin@example.org,6624394599,phone
PTY001660,person,Robert Johnson,Robert,Johnson,,1968-10-13,fieldsbrooke@example.org,3125033980,mail
PTY001661,person,Jennifer Wagner,Jennifer,Wagner,,1946-11-28,othomas@example.org,(768)590-5810x801,mail
PTY001662,organization,Bryant and Sons,,,Bryant and Sons,,richard02@example.net,+1-777-928-7156x5969,app
PTY001663,person,Heidi Perkins,Heidi,Perkins,,2001-10-25,michael75@example.net,399-655-0553x62917,sms
PTY001664,person,Willie Hutchinson,Willie,Hutchinson,,2005-11-02,priscilla83@example.net,(825)725-2078x821,email
PTY001665,person,Cole Jones,Cole,Jones,,1983-07-10,christophercollier@example.com,944.552.0302x7694,phone
PTY001666,person,Anthony Cross,Anthony,Cross,,1977-12-04,kevinbrown@example.net,(532)612-4402x936,phone
PTY001667,person,Dawn Bauer,Dawn,Bauer,,1942-03-18,christopher18@example.org,(625)379-5990x047,sms
PTY001668,organization,Mcbride Ltd,,,Mcbride Ltd,,rebeccanguyen@example.com,6187911343,app
PTY001669,person,Thomas Harris,Thomas,Harris,,1981-08-05,dholt@example.com,+1-361-427-3421,phone
PTY001670,person,Anthony Martin,Anthony,Martin,,1946-08-01,waynemcknight@example.org,249-348-0298,phone
PTY001671,person,Beth Byrd,Beth,Byrd,,1961-04-05,eric19@example.org,+1-999-408-2133x56831,email
PTY001672,person,Jesus Jordan,Jesus,Jordan,,1999-05-29,tburns@example.net,001-917-610-3891x918,sms
PTY001673,person,Austin Li,Austin,Li,,1942-10-05,allenjamie@example.org,3346495607,sms
PTY001674,organization,"Wells, Myers and Brown",,,"Wells, Myers and Brown",,wchavez@example.net,(857)223-1631,email
PTY001675,person,Mary Bates,Mary,Bates,,2006-01-06,davisteresa@example.net,001-905-270-3996x3066,app
PTY001676,person,Alexander Wheeler,Alexander,Wheeler,,1959-10-29,zsloan@example.com,+1-293-923-3700x71580,mail
PTY001677,person,Michelle Jones,Michelle,Jones,,1985-05-07,hansenjames@example.org,643.506.5874,app
PTY001678,person,Cindy Curtis,Cindy,Curtis,,1957-04-09,urogers@example.org,001-772-628-5825,email
PTY001679,person,Michael Duarte,Michael,Duarte,,1948-05-14,christinewilson@example.net,(503)848-2367x88387,app
PTY001680,person,Natalie Randall,Natalie,Randall,,1953-10-22,stephaniepatel@example.org,836-947-5846x648,sms
PTY001681,person,Sherry Baker,Sherry,Baker,,1967-06-12,travisdavis@example.org,(631)775-5297x7601,sms
PTY001682,person,William Smith,William,Smith,,1947-09-30,curryjoseph@example.org,(872)381-4361x168,app
PTY001683,person,Curtis Hughes,Curtis,Hughes,,1942-10-27,nataliejones@example.net,+1-826-505-5546x542,phone
PTY001684,organization,Hunter-Scott,,,Hunter-Scott,,vincentdavis@example.com,8348454595,email
PTY001685,person,Anthony Hall,Anthony,Hall,,1941-03-07,davisstephanie@example.net,(627)423-8697,email
PTY001686,person,Hannah Pearson,Hannah,Pearson,,1990-03-02,zmanning@example.org,(283)385-0957x0934,email
PTY001687,person,Richard Sellers,Richard,Sellers,,1965-04-03,stephenschad@example.com,001-240-234-8484x377,sms
PTY001688,person,Hannah Thompson,Hannah,Thompson,,1973-11-06,jennifer95@example.net,842-795-4496,phone
PTY001689,person,Kelly Conley,Kelly,Conley,,2007-06-19,skirby@example.com,(627)952-8001x61734,email
PTY001690,organization,"Bates, Mitchell and Potter",,,"Bates, Mitchell and Potter",,jimcraig@example.com,001-238-332-6489x710,mail
PTY001691,person,Sean Marshall,Sean,Marshall,,2006-06-10,martinezjennifer@example.com,+1-657-461-3049x4841,sms
PTY001692,person,Colleen Vance,Colleen,Vance,,1998-05-27,lawrencebell@example.org,+1-933-372-8756,mail
PTY001693,person,Donna Williams,Donna,Williams,,1950-02-18,ymcclure@example.com,+1-677-311-5882x1870,sms
PTY001694,person,Sarah Boyle,Sarah,Boyle,,1973-11-22,wilsonrobert@example.org,764-646-1198x3097,app
PTY001695,person,Gerald Saunders,Gerald,Saunders,,2000-02-16,ulewis@example.net,385.423.7748x77007,email
PTY001696,organization,Allen-Cook,,,Allen-Cook,,moorekaren@example.net,001-880-282-2679x90966,email
PTY001697,person,Eddie Jordan,Eddie,Jordan,,2002-09-03,andrealewis@example.net,+1-957-216-4682x1003,phone
PTY001698,organization,"Wheeler, Riggs and Griffin",,,"Wheeler, Riggs and Griffin",,tonyfrank@example.net,+1-686-669-3207x0983,email
PTY001699,person,Brittney Chambers,Brittney,Chambers,,1987-10-08,tvasquez@example.net,762.996.5074x456,email
PTY001700,person,Dean Ruiz,Dean,Ruiz,,1965-03-28,christopher98@example.org,417.494.7795x00345,sms
PTY001701,person,Bruce Kim,Bruce,Kim,,1952-12-04,ocarr@example.org,526.245.2573,sms
PTY001702,person,Cheryl Baldwin,Cheryl,Baldwin,,1942-12-15,qmolina@example.org,001-963-751-6852x2476,app
PTY001703,person,David Cooper,David,Cooper,,1978-09-05,timothychen@example.net,4059366933,email
PTY001704,person,Ryan Robinson,Ryan,Robinson,,1958-04-04,edwardacevedo@example.net,(328)237-2372x2593,phone
PTY001705,person,Jesse Perez,Jesse,Perez,,1972-10-18,smithheather@example.com,(534)503-7043,app
PTY001706,person,Olivia Gonzalez,Olivia,Gonzalez,,1949-02-17,amandarichardson@example.net,001-712-357-8047x37198,app
PTY001707,person,Tim Fisher,Tim,Fisher,,1985-07-14,pfernandez@example.net,(445)854-4215x7837,mail
PTY001708,person,Keith Morris,Keith,Morris,,1989-03-31,crystalcole@example.net,+1-268-585-9342x883,app
PTY001709,person,Carrie Austin,Carrie,Austin,,1982-01-10,rmcintyre@example.net,733.715.0321x98596,phone
PTY001710,organization,Becker Ltd,,,Becker Ltd,,andersonalexander@example.com,(886)506-7347x67149,phone
PTY001711,person,Douglas Silva,Douglas,Silva,,1989-12-27,zamoraaaron@example.net,924-627-6221x55963,email
PTY001712,person,Jamie Rhodes,Jamie,Rhodes,,1968-12-03,candacescott@example.com,+1-740-538-9554x656,email
PTY001713,person,Charles Brown,Charles,Brown,,1974-02-03,anthonyhernandez@example.org,8279366325,app
PTY001714,person,Jamie Bush,Jamie,Bush,,1953-05-11,staceyharris@example.net,249.239.1660x191,email
PTY001715,person,Kevin Stone,Kevin,Stone,,1967-09-05,adkinsjared@example.net,(764)747-8937,email
PTY001716,person,Crystal Ramirez,Crystal,Ramirez,,1973-09-01,ynorton@example.net,+1-909-537-1645x81045,sms
PTY001717,person,Jennifer Barnes,Jennifer,Barnes,,2006-02-16,jonathan73@example.net,287.780.5289,phone
PTY001718,organization,Kim-Hull,,,Kim-Hull,,transcott@example.com,001-777-219-8883x7434,phone
PTY001719,person,Catherine Powell,Catherine,Powell,,1962-05-30,wesleyfoster@example.net,502-630-8996x46924,mail
PTY001720,person,Kim Hall,Kim,Hall,,1957-10-19,llarson@example.org,(215)260-3871,phone
PTY001721,person,Jason Parrish,Jason,Parrish,,1969-04-06,patrick04@example.net,3373647476,email
PTY001722,person,Ronald Lopez,Ronald,Lopez,,1948-08-03,bradley39@example.net,(555)586-8190x0415,phone
PTY001723,organization,Watson PLC,,,Watson PLC,,qespinoza@example.com,7139855002,mail
PTY001724,person,James Stone,James,Stone,,1947-12-01,jonesmelissa@example.com,318.515.8061x949,mail
PTY001725,person,Robin Garrett,Robin,Garrett,,1989-12-23,barry55@example.org,001-819-939-6871,app
PTY001726,person,Chase Smith,Chase,Smith,,1941-06-28,chelsey29@example.org,001-528-550-7196x129,app
PTY001727,person,Lisa Jones,Lisa,Jones,,1953-12-16,barbara22@example.org,001-740-703-7177,mail
PTY001728,person,Paul Moran,Paul,Moran,,1958-01-20,pricedaniel@example.net,(362)803-0695,app
PTY001729,organization,Henry-Davis,,,Henry-Davis,,wilsonryan@example.net,581-212-3993,email
PTY001730,person,Ian Howard,Ian,Howard,,2000-03-28,icarpenter@example.org,(823)314-5968x89109,phone
PTY001731,person,Ashley Sullivan,Ashley,Sullivan,,1977-12-20,rasmussenmichael@example.com,(311)820-3608,sms
PTY001732,person,Kristi Parsons,Kristi,Parsons,,2004-10-09,kingjulie@example.com,5816971408,sms
PTY001733,person,Roger Nguyen,Roger,Nguyen,,1959-10-18,anthony60@example.net,+1-758-206-2745x66983,sms
PTY001734,person,Tony Thomas,Tony,Thomas,,2007-08-03,christian29@example.net,5496577625,mail
PTY001735,person,Shawn Mullins,Shawn,Mullins,,1981-11-12,humphreylindsay@example.org,9166472861,phone
PTY001736,person,Emily Bennett,Emily,Bennett,,1976-01-04,brandi02@example.net,(229)576-1166x2866,phone
PTY001737,person,Kyle Boyd,Kyle,Boyd,,1959-02-01,mwalter@example.net,+1-367-701-6562x77402,app
PTY001738,person,Lydia Crawford,Lydia,Crawford,,1949-09-13,christopherpace@example.com,(242)735-2560,phone
PTY001739,person,Julie Mills,Julie,Mills,,1982-11-07,caroline17@example.org,550-352-0535,phone
PTY001740,person,Jacob Wilson,Jacob,Wilson,,1959-03-26,samantha05@example.net,+1-634-623-2210x912,mail
PTY001741,person,Pamela Perez,Pamela,Perez,,1948-02-16,regina14@example.org,+1-478-634-3779,mail
PTY001742,person,Brandon Hernandez,Brandon,Hernandez,,2003-11-09,simmonsalyssa@example.org,237-299-8181,app
PTY001743,person,Linda Knight,Linda,Knight,,1950-12-16,francisco65@example.com,696.435.5877x45263,phone
PTY001744,person,James Todd,James,Todd,,1974-04-29,leonardphillips@example.org,(453)251-1788,sms
PTY001745,person,Mark Mercer,Mark,Mercer,,1957-11-03,michael88@example.org,972.604.7676x66082,sms
PTY001746,person,Manuel Horton,Manuel,Horton,,1974-10-09,qmiller@example.org,5753313685,email
PTY001747,person,Nathan Brady,Nathan,Brady,,1949-12-24,qanderson@example.net,2748144301,sms
PTY001748,organization,Ramirez LLC,,,Ramirez LLC,,douglas96@example.com,(774)543-3199x711,email
PTY001749,person,Jeremy Sanchez,Jeremy,Sanchez,,1959-07-14,bmartin@example.net,901.700.3434x499,sms
PTY001750,person,Joanne Daniels,Joanne,Daniels,,1964-12-06,usims@example.net,681.578.6021x59927,email
PTY001751,person,Stephen Levine,Stephen,Levine,,1955-08-26,travisroberts@example.org,631.222.2395,sms
PTY001752,person,Sarah Gonzales,Sarah,Gonzales,,1960-06-06,hclark@example.com,001-283-568-7477x7407,app
PTY001753,person,Richard Jenkins,Richard,Jenkins,,2008-08-15,richard07@example.com,001-822-482-1282x193,sms
PTY001754,person,Timothy Tyler,Timothy,Tyler,,1992-08-07,carolgonzalez@example.org,759-569-2066x6048,phone
PTY001755,person,Cody Harris,Cody,Harris,,1985-03-05,jamie58@example.net,498-311-8465x124,mail
PTY001756,person,Anthony Price,Anthony,Price,,1956-09-13,fgrant@example.com,001-704-783-6481x16595,app
PTY001757,organization,"Frederick, Jackson and Dean",,,"Frederick, Jackson and Dean",,mberry@example.org,863.965.9727,phone
PTY001758,person,Ronald Vasquez,Ronald,Vasquez,,1973-12-04,ashley58@example.com,734-517-4919,mail
PTY001759,person,Kim Forbes,Kim,Forbes,,1942-04-22,harold72@example.org,299.307.6150,phone
PTY001760,person,Charles Walker,Charles,Walker,,1947-12-10,kyle04@example.com,(236)347-9214,email
PTY001761,person,Aaron Barber,Aaron,Barber,,2005-05-29,ydavis@example.com,890.949.9157x380,phone
PTY001762,person,Christie Armstrong,Christie,Armstrong,,1972-02-18,paulwhite@example.org,001-661-502-3726,phone
PTY001763,person,Emily Brown,Emily,Brown,,1975-05-05,cbradley@example.org,959-271-5579x327,sms
PTY001764,person,David Maldonado,David,Maldonado,,1961-09-07,basssteven@example.com,826.309.6856,app
PTY001765,organization,Reilly PLC,,,Reilly PLC,,emily73@example.com,567.494.3364x47026,sms
PTY001766,person,Tracy Franco,Tracy,Franco,,1985-06-23,wdyer@example.com,+1-964-358-7669x494,email
PTY001767,person,Michael Wilkinson,Michael,Wilkinson,,1995-10-09,joshuaramos@example.com,802-740-5377x29084,phone
PTY001768,person,Natalie May,Natalie,May,,1958-04-24,natalie37@example.com,780-878-0538x338,phone
PTY001769,person,Betty Lopez,Betty,Lopez,,1982-01-10,wrightcarolyn@example.com,001-280-840-7373x0415,sms
PTY001770,person,Jeffery Cochran,Jeffery,Cochran,,1988-10-14,mary51@example.org,001-826-958-3879x6334,email
PTY001771,person,Juan Simmons,Juan,Simmons,,1987-10-11,vshields@example.org,332.773.9974,email
PTY001772,person,Brooke Patton,Brooke,Patton,,1988-12-08,lisa10@example.org,7273607819,app
PTY001773,person,Peter Davila,Peter,Davila,,1958-07-25,oalvarez@example.com,583.730.6144,mail
PTY001774,person,Sergio Rios,Sergio,Rios,,1959-01-20,nrice@example.com,9527602706,email
PTY001775,person,Ryan Ruiz,Ryan,Ruiz,,1973-06-07,fieldsrobin@example.net,+1-912-692-3613x91237,mail
PTY001776,person,Michael Newman,Michael,Newman,,1976-02-27,susan13@example.org,768.370.5807x9106,sms
PTY001777,person,Olivia Cardenas,Olivia,Cardenas,,1958-11-25,crawfordtammy@example.net,584.678.4830,phone
PTY001778,person,Zachary Mack,Zachary,Mack,,1972-03-06,ryancline@example.net,304-949-2728x0903,sms
PTY001779,person,Angela Fuentes,Angela,Fuentes,,1957-05-15,qlara@example.org,001-716-578-5984x4408,phone
PTY001780,person,Andrew Forbes,Andrew,Forbes,,2006-11-01,murraypaige@example.com,4525699015,app
PTY001781,organization,"Johnson, Anderson and Meza",,,"Johnson, Anderson and Meza",,ojames@example.org,+1-323-756-5403x079,app
PTY001782,person,Joshua Norton,Joshua,Norton,,1944-10-19,feliciaclark@example.org,2122953185,sms
PTY001783,person,Kelly Gonzalez,Kelly,Gonzalez,,1985-11-30,hollychang@example.net,(682)904-8109x3054,mail
PTY001784,organization,Herman LLC,,,Herman LLC,,favila@example.net,339.482.4553x815,mail
PTY001785,person,Todd Heath,Todd,Heath,,1953-06-27,samuelhill@example.org,001-851-385-2557,email
PTY001786,person,Matthew Morgan,Matthew,Morgan,,1943-07-02,brianpalmer@example.net,(695)344-8761x50488,mail
PTY001787,person,Nicole Bruce,Nicole,Bruce,,1990-11-13,dixonderek@example.com,564-703-5076x9555,mail
PTY001788,person,Michelle Romero,Michelle,Romero,,1946-01-01,romerojennifer@example.net,(677)754-7777,app
PTY001789,person,Autumn White,Autumn,White,,1960-01-10,martinezwillie@example.org,793-679-7900x7045,app
PTY001790,person,Amy Collins,Amy,Collins,,1987-07-12,qmurray@example.net,366-423-9567,mail
PTY001791,person,Mark Willis,Mark,Willis,,1964-01-31,conradkimberly@example.com,849.706.4122x727,mail
PTY001792,organization,Trujillo LLC,,,Trujillo LLC,,stacy34@example.org,700.754.5583x4559,mail
PTY001793,person,Sandra Solis,Sandra,Solis,,2005-11-30,colemanangela@example.net,735.276.6808,app
PTY001794,organization,Hinton-Manning,,,Hinton-Manning,,johnsonrobert@example.net,7434171557,sms
PTY001795,person,Clayton Robbins,Clayton,Robbins,,1971-10-17,jeffreyhawkins@example.org,001-293-716-0898x88501,sms
PTY001796,person,Nathan Farmer,Nathan,Farmer,,1954-02-09,davismike@example.org,(502)564-0093,email
PTY001797,person,Shelby Hamilton,Shelby,Hamilton,,1974-09-19,lopezaaron@example.net,588.678.2188,app
PTY001798,person,Justin Crosby,Justin,Crosby,,1976-01-29,mullinsrobert@example.com,(863)842-0834x81242,email
PTY001799,person,Kelly Ramirez,Kelly,Ramirez,,1990-03-30,bparker@example.com,383.927.9663x795,email
PTY001800,person,Scott Bond,Scott,Bond,,1959-04-06,larryfox@example.net,544-369-3995,app
PTY001801,person,Lisa Rivera,Lisa,Rivera,,1970-06-16,jcollins@example.org,+1-840-826-9089x649,app
PTY001802,person,Robert Ferrell,Robert,Ferrell,,1976-01-19,benjamindavid@example.net,(929)423-2468,phone
PTY001803,person,Jacob Williams,Jacob,Williams,,1972-07-15,jerrymann@example.com,7619386748,phone
PTY001804,person,Walter Williams,Walter,Williams,,1958-10-10,mark65@example.net,001-876-957-8680x05512,sms
PTY001805,organization,"Coleman, Fowler and Shepard",,,"Coleman, Fowler and Shepard",,jason63@example.org,205.261.4653x442,email
PTY001806,person,Kelly Miller,Kelly,Miller,,1987-04-28,dramos@example.net,752-203-5191,app
PTY001807,person,Linda Ortiz,Linda,Ortiz,,1983-05-26,youngleslie@example.net,408-914-3229x87663,sms
PTY001808,person,Emily Holt,Emily,Holt,,1943-12-13,david38@example.org,7604891700,phone
PTY001809,person,David Miller,David,Miller,,1958-11-24,stephen49@example.com,(899)305-2702x599,app
PTY001810,person,Susan Pham,Susan,Pham,,1955-05-18,rebecca83@example.org,407-375-1306x1092,sms
PTY001811,organization,Pierce-Bryant,,,Pierce-Bryant,,linda37@example.org,373-420-4319x2743,email
PTY001812,person,Robert Jenkins,Robert,Jenkins,,1967-10-20,thompsonjames@example.org,(955)480-6247x55526,app
PTY001813,organization,Craig Group,,,Craig Group,,jburgess@example.com,001-751-900-5687x0690,phone
PTY001814,organization,Barton and Sons,,,Barton and Sons,,wolfechristopher@example.com,693.623.5393x305,phone
PTY001815,person,Jessica Haynes,Jessica,Haynes,,2006-08-08,pittsrobert@example.com,2794432183,app
PTY001816,person,Joseph Foster,Joseph,Foster,,1958-09-30,ybrady@example.com,+1-251-790-2041x1548,phone
PTY001817,person,Corey Lawson,Corey,Lawson,,1953-08-30,peter53@example.org,(633)305-7543x70098,email
PTY001818,person,Richard Ewing,Richard,Ewing,,1956-08-01,chickman@example.net,+1-521-570-4701x2592,email
PTY001819,person,Samantha Burton,Samantha,Burton,,1979-03-09,pdavis@example.net,(368)917-6975x059,app
PTY001820,person,Stephanie Young,Stephanie,Young,,1987-08-16,anthonymiles@example.org,+1-855-691-6983x31793,email
PTY001821,organization,"Porter, Stone and Reeves",,,"Porter, Stone and Reeves",,jennifer06@example.com,001-745-225-9357x076,mail
PTY001822,person,Barbara Myers,Barbara,Myers,,1999-11-13,harrisonnicole@example.com,(822)271-9260x26118,sms
PTY001823,organization,"Wilson, Fritz and Mercado",,,"Wilson, Fritz and Mercado",,ryansmith@example.net,294-590-8170,phone
PTY001824,person,Virginia Porter,Virginia,Porter,,1968-05-08,alisoncooper@example.net,+1-487-377-7014x97268,sms
PTY001825,person,Daniel Rogers,Daniel,Rogers,,1984-10-08,btorres@example.com,735.395.6919x220,sms
PTY001826,person,Tasha Richardson,Tasha,Richardson,,1957-01-19,urobles@example.net,+1-992-550-0751x67486,email
PTY001827,person,Michael Martinez,Michael,Martinez,,1949-08-09,burnstyler@example.net,547.579.3599x584,app
PTY001828,person,Nathan Munoz,Nathan,Munoz,,1980-11-15,lwalton@example.com,(301)493-0646,email
PTY001829,organization,Pacheco-Rodriguez,,,Pacheco-Rodriguez,,carrollsuzanne@example.net,935.530.3138,sms
PTY001830,person,Benjamin Davidson,Benjamin,Davidson,,1976-10-19,zacharyrojas@example.com,(933)655-2620x294,sms
PTY001831,person,Timothy Martinez,Timothy,Martinez,,1953-05-21,richardbond@example.net,445.517.3922,app
PTY001832,person,Christopher Newman,Christopher,Newman,,1975-06-18,arogers@example.org,001-947-350-5577,sms
PTY001833,person,Stephen Harris,Stephen,Harris,,2002-12-13,elizabethlewis@example.net,435-238-1157x50927,sms
PTY001834,person,Christine Robertson,Christine,Robertson,,1990-08-05,oscarmiles@example.com,856.929.4339x168,phone
PTY001835,person,Tiffany Drake,Tiffany,Drake,,1977-04-04,mark69@example.com,494.941.0104,mail
PTY001836,person,Kimberly Watkins,Kimberly,Watkins,,1958-06-07,michaelskinner@example.org,301-581-8896,phone
PTY001837,organization,Farmer Ltd,,,Farmer Ltd,,mikemaddox@example.com,284.581.1157,app
PTY001838,person,Kevin Wood,Kevin,Wood,,1944-04-30,harrellmary@example.com,+1-726-624-5546x20213,phone
PTY001839,organization,Dean-Dominguez,,,Dean-Dominguez,,elizabethhudson@example.org,917.234.3466x0954,phone
PTY001840,person,Jennifer Williams,Jennifer,Williams,,1944-02-28,sarafox@example.org,3796516352,sms
PTY001841,person,Cynthia Rojas,Cynthia,Rojas,,1991-01-30,aaronjackson@example.com,+1-317-756-1680x9564,phone
PTY001842,person,Joseph Lee,Joseph,Lee,,1986-08-01,ryanward@example.org,(385)991-5658,email
PTY001843,organization,"Salazar, Estrada and Acosta",,,"Salazar, Estrada and Acosta",,arielpadilla@example.org,001-649-322-1911x4299,mail
PTY001844,organization,Rodriguez-Smith,,,Rodriguez-Smith,,robinsonwilliam@example.com,001-269-393-9142x652,email
PTY001845,person,Maria Hoover,Maria,Hoover,,1942-10-14,colepamela@example.org,8988446988,app
PTY001846,person,Michael Phillips,Michael,Phillips,,1945-10-01,stevenayers@example.net,636-375-9164,app
PTY001847,person,Wendy Levy,Wendy,Levy,,1953-09-24,jennifercastro@example.org,713-808-5231,app
PTY001848,person,Maria Ferguson,Maria,Ferguson,,1952-05-01,keithdaniels@example.net,5224462671,mail
PTY001849,person,Alejandro Taylor,Alejandro,Taylor,,1957-07-05,erik86@example.com,9778604293,sms
PTY001850,person,Jeanette Kent,Jeanette,Kent,,1961-04-14,matajaclyn@example.com,721.307.5240x0330,phone
PTY001851,person,Andrew Nunez,Andrew,Nunez,,1995-05-31,jlevy@example.com,525.442.6541x689,sms
PTY001852,person,Todd Anthony,Todd,Anthony,,1991-11-30,beverlyflores@example.org,581.482.8936,email
PTY001853,person,Kimberly Stevens,Kimberly,Stevens,,1985-01-01,eblack@example.net,7425357318,mail
PTY001854,person,Chad Miller,Chad,Miller,,1969-09-21,emilycurtis@example.com,947.705.0707,sms
PTY001855,person,Adam Hansen,Adam,Hansen,,2003-03-27,ashley99@example.net,(735)776-8662x1380,phone
PTY001856,person,Charles Harrington,Charles,Harrington,,1958-03-18,jodi42@example.org,(695)351-3305x915,sms
PTY001857,person,Bonnie Clark,Bonnie,Clark,,1987-07-31,daniel10@example.net,(674)351-3636x59050,email
PTY001858,person,Travis Crawford,Travis,Crawford,,2003-06-03,donaldgreen@example.com,001-378-970-3238x128,email
PTY001859,person,Bryan Sparks,Bryan,Sparks,,1976-07-10,michaelvalencia@example.net,552.311.2759x637,mail
PTY001860,person,Christopher Obrien,Christopher,Obrien,,2005-08-17,johntravis@example.org,+1-686-223-0659,phone
PTY001861,person,Anthony Cervantes,Anthony,Cervantes,,1976-12-12,hicksandrew@example.net,(248)351-0021x82414,mail
PTY001862,person,Seth Taylor,Seth,Taylor,,1958-07-10,obrown@example.net,487.232.1499x9703,sms
PTY001863,organization,Lopez-Collins,,,Lopez-Collins,,uscott@example.org,342-210-6510x0460,mail
PTY001864,person,Cristina Rodriguez,Cristina,Rodriguez,,1949-01-03,matthewcook@example.net,994.420.7223x956,mail
PTY001865,organization,"Miller, Gray and Norman",,,"Miller, Gray and Norman",,despinoza@example.com,(377)551-3877x12398,phone
PTY001866,person,Christina Day,Christina,Day,,1995-02-21,bobbyhunter@example.org,8453194558,mail
PTY001867,person,Deanna Tyler,Deanna,Tyler,,1997-01-27,juanryan@example.net,9797640315,email
PTY001868,person,William Harvey,William,Harvey,,2002-06-10,saundersamber@example.com,562.405.4493,email
PTY001869,person,Shane Craig,Shane,Craig,,1962-03-24,anthony63@example.net,267-702-0715x37842,sms
PTY001870,person,Michael Banks,Michael,Banks,,1989-08-20,katelyn54@example.com,001-307-289-6778x88922,email
PTY001871,person,Jody Gibson,Jody,Gibson,,1950-03-23,frostandrew@example.net,671-312-4617x5780,phone
PTY001872,person,Sherri Johnson,Sherri,Johnson,,1987-12-09,andrea67@example.org,864.942.6244x70498,phone
PTY001873,person,Christopher Trujillo,Christopher,Trujillo,,2007-05-17,shawsteven@example.org,232.957.0443,app
PTY001874,person,John Parker,John,Parker,,1966-04-23,kbarton@example.net,449.603.0438x1779,sms
PTY001875,organization,Skinner-Martin,,,Skinner-Martin,,hjohnson@example.org,530-318-6432,app
PTY001876,person,Lisa Nielsen,Lisa,Nielsen,,1987-08-14,gochoa@example.net,527-659-1700,email
PTY001877,person,John Blake,John,Blake,,1959-02-20,jessicamoore@example.com,+1-774-605-3625x12311,phone
PTY001878,organization,Walsh Inc,,,Walsh Inc,,bowmananthony@example.org,613.469.3005x2214,mail
PTY001879,person,Deborah Coleman,Deborah,Coleman,,2003-10-28,pvaldez@example.net,001-653-684-2561x16159,email
PTY001880,person,Jessica Gutierrez,Jessica,Gutierrez,,1988-06-18,fergusonmelissa@example.com,637-658-2682x95081,sms
PTY001881,person,Tammy White,Tammy,White,,1953-09-27,jamespeters@example.net,258.703.5288,phone
PTY001882,person,Anthony Shaffer,Anthony,Shaffer,,1962-03-23,salasjennifer@example.net,497-635-4425,app
PTY001883,organization,"Haynes, Vasquez and Olson",,,"Haynes, Vasquez and Olson",,kimberly49@example.com,493-804-6400x606,sms
PTY001884,person,Kenneth Hamilton,Kenneth,Hamilton,,2006-01-20,xdiaz@example.org,279.638.5460x9121,sms
PTY001885,person,Andrew Moore,Andrew,Moore,,1965-03-28,lisa53@example.net,(401)860-9932x47079,email
PTY001886,person,Stephanie Ward,Stephanie,Ward,,2004-07-18,mannkenneth@example.org,+1-660-632-5039x43988,mail
PTY001887,organization,Stevens PLC,,,Stevens PLC,,eric36@example.org,394.496.4549x5957,app
PTY001888,person,Shane Lee,Shane,Lee,,1948-02-21,smckinney@example.net,001-527-818-3224x0239,phone
PTY001889,person,Michelle Rocha,Michelle,Rocha,,1973-01-31,agarcia@example.com,001-804-504-6551x128,sms
PTY001890,person,William Krueger,William,Krueger,,2006-05-13,bellsharon@example.net,(789)420-7459,mail
PTY001891,person,Laura Frederick,Laura,Frederick,,2007-03-19,scottvelazquez@example.com,474.923.9354x3373,sms
PTY001892,organization,"Richmond, Franklin and Carrillo",,,"Richmond, Franklin and Carrillo",,christophermullen@example.org,6025607721,mail
PTY001893,person,Patricia Sims,Patricia,Sims,,2005-08-11,khuber@example.net,(253)571-5573x1052,email
PTY001894,person,Cameron Chavez,Cameron,Chavez,,1942-10-09,brett93@example.org,773.212.9734x148,phone
PTY001895,person,Patricia Wang,Patricia,Wang,,1987-04-12,xsantiago@example.net,+1-208-926-8009x0722,sms
PTY001896,person,Christopher Moore,Christopher,Moore,,1991-12-18,boydmegan@example.com,(723)995-9602x331,mail
PTY001897,person,Sophia Wilson,Sophia,Wilson,,1965-04-05,bclarke@example.org,(630)388-8060,sms
PTY001898,person,Steven Smith,Steven,Smith,,2005-09-05,david30@example.org,288.767.5875x585,mail
PTY001899,person,Bailey Davis,Bailey,Davis,,1963-07-10,phillipsmaria@example.com,(436)869-4627,sms
PTY001900,person,Stephanie Garcia,Stephanie,Garcia,,2002-09-20,robertshannah@example.org,538-645-0462x1764,app
PTY001901,person,Cassandra Harris,Cassandra,Harris,,1979-10-08,daniel67@example.com,7789869858,phone
PTY001902,person,Joseph Jones,Joseph,Jones,,1991-11-05,browndebbie@example.com,726.541.8793x978,mail
PTY001903,person,Shawn Williams,Shawn,Williams,,2006-07-07,joshualewis@example.org,(645)298-2437x80470,phone
PTY001904,person,Timothy Lawrence,Timothy,Lawrence,,1967-03-07,carlos87@example.com,(392)469-2032x7357,email
PTY001905,person,Michael Vance,Michael,Vance,,2008-02-04,vanessamoore@example.org,3087578959,mail
PTY001906,person,Jim Thornton,Jim,Thornton,,1953-01-25,kimberly60@example.org,001-280-557-8369,sms
PTY001907,person,Anthony Winters,Anthony,Winters,,1958-12-28,nicholsontheresa@example.net,(953)229-8568x4997,sms
PTY001908,organization,"Jimenez, Williams and Williams",,,"Jimenez, Williams and Williams",,ynelson@example.org,533-870-0491x744,email
PTY001909,person,Anita Miller,Anita,Miller,,1990-04-06,sallen@example.com,(321)457-7405x45866,email
PTY001910,person,Kelly Ryan,Kelly,Ryan,,1974-09-12,carlos27@example.net,(631)441-9887x263,sms
PTY001911,organization,Schultz and Sons,,,Schultz and Sons,,jenniferjohnston@example.net,621.759.0071x32044,mail
PTY001912,organization,Chavez-Pope,,,Chavez-Pope,,coxmaria@example.com,576-360-4568,phone
PTY001913,organization,Morales Ltd,,,Morales Ltd,,mitchell67@example.net,765.476.6647x608,email
PTY001914,person,Alan Lambert,Alan,Lambert,,2003-11-18,melissa29@example.com,955-421-7504x9988,app
PTY001915,person,Brittney Mason,Brittney,Mason,,2008-06-28,taylorevans@example.com,(420)961-8506,app
PTY001916,person,Kristen Hall,Kristen,Hall,,1976-07-07,rglover@example.org,2675246639,app
PTY001917,person,Francis Delacruz,Francis,Delacruz,,1958-03-12,briandavis@example.net,693.230.1118,mail
PTY001918,person,Richard King,Richard,King,,1976-11-23,matthew75@example.com,(645)529-6151,email
PTY001919,person,Robert Ellis,Robert,Ellis,,1957-12-03,shawn83@example.com,779-783-8713,email
PTY001920,organization,Moses-Sloan,,,Moses-Sloan,,pmcpherson@example.net,489.758.6417,app
PTY001921,organization,"Hughes, Williams and Martinez",,,"Hughes, Williams and Martinez",,hamptonsabrina@example.com,(546)894-7629,app
PTY001922,organization,"Boyle, Campbell and Reynolds",,,"Boyle, Campbell and Reynolds",,mary79@example.com,967.399.0102,phone
PTY001923,person,Catherine Brown,Catherine,Brown,,1994-03-28,melissa20@example.org,+1-272-612-1519,mail
PTY001924,person,Rachel Simon,Rachel,Simon,,1966-10-01,margaretochoa@example.net,562-720-1656x633,phone
PTY001925,person,Benjamin Moore,Benjamin,Moore,,1953-07-17,patrickmorris@example.net,+1-614-303-0755,phone
PTY001926,person,Emily Shannon,Emily,Shannon,,1944-11-17,nicolemoreno@example.org,001-950-274-5093x32809,email
PTY001927,person,Donald Nelson,Donald,Nelson,,1961-04-12,christophersolomon@example.org,971.882.3532x773,email
PTY001928,person,Michael Scott,Michael,Scott,,1967-10-13,kimscott@example.com,455.848.1471,phone
PTY001929,person,Richard Rodriguez,Richard,Rodriguez,,2001-05-12,bettylindsey@example.net,001-629-542-7021x5013,app
PTY001930,person,Dana Hudson,Dana,Hudson,,1970-06-04,thomasbond@example.net,+1-258-524-7733x912,sms
PTY001931,person,Shannon Rodriguez,Shannon,Rodriguez,,1981-07-28,hernandezscott@example.net,395.857.1421,email
PTY001932,person,Shelby Lopez,Shelby,Lopez,,1952-10-09,whitakerjasmin@example.net,001-659-610-0443x6436,app
PTY001933,person,John Colon,John,Colon,,1991-08-30,qchapman@example.org,(500)772-2768,app
PTY001934,person,Eric Romero,Eric,Romero,,1998-05-11,udorsey@example.net,210.293.3853x0009,sms
PTY001935,organization,"Henderson, Walters and Taylor",,,"Henderson, Walters and Taylor",,ebrewer@example.com,646-658-6172x84703,mail
PTY001936,person,Linda Little,Linda,Little,,1955-09-11,jenniferwilkins@example.com,+1-968-541-5463x5175,app
PTY001937,organization,Dudley-Avila,,,Dudley-Avila,,daniel76@example.net,+1-765-495-9656x00337,app
PTY001938,person,Ian Cameron,Ian,Cameron,,1990-11-05,zachary21@example.org,001-922-725-1455,email
PTY001939,person,Mary Gonzalez,Mary,Gonzalez,,1984-05-04,jerrysanders@example.org,314-526-4302x970,phone
PTY001940,person,Kristy Moore,Kristy,Moore,,1980-11-17,davidharvey@example.org,(824)439-2295x014,app
PTY001941,organization,"Green, Murray and Reynolds",,,"Green, Murray and Reynolds",,james08@example.com,+1-934-476-7900,app
PTY001942,person,Lance Ross,Lance,Ross,,2007-06-08,tbennett@example.net,+1-436-709-4386,email
PTY001943,organization,"Smith, Murphy and Riley",,,"Smith, Murphy and Riley",,kristin62@example.net,626.869.2325x7273,email
PTY001944,person,Sandra Wilkins,Sandra,Wilkins,,1981-12-05,thomasbrown@example.net,772-333-4466x610,app
PTY001945,person,Sharon Evans,Sharon,Evans,,1990-04-23,jjackson@example.com,001-388-879-2449x40395,mail
PTY001946,person,Christy Nguyen,Christy,Nguyen,,1995-02-24,hallkevin@example.org,+1-383-831-8380,mail
PTY001947,person,Beth Lee,Beth,Lee,,1972-08-13,zrichards@example.org,+1-337-879-3980x1220,app
PTY001948,organization,Davis LLC,,,Davis LLC,,anthonyburton@example.org,001-515-323-1336,mail
PTY001949,person,Kelly Smith,Kelly,Smith,,1978-05-12,christopherwashington@example.org,418.796.7201,phone
PTY001950,person,Cassandra Merritt,Cassandra,Merritt,,2005-04-05,connormejia@example.com,+1-556-490-0019x1765,mail
PTY001951,person,Sheila Horn,Sheila,Horn,,1976-09-30,jonathanrobinson@example.net,001-271-951-5474x69117,app
PTY001952,organization,Anderson and Sons,,,Anderson and Sons,,rebeccaanthony@example.org,3934808349,mail
PTY001953,person,Mary Jackson,Mary,Jackson,,1966-08-06,johnsonmichelle@example.net,924.818.3252,mail
PTY001954,person,Ethan Hernandez,Ethan,Hernandez,,1999-11-03,hensonchristopher@example.org,467-895-4283,phone
PTY001955,person,Troy Johnson,Troy,Johnson,,1991-09-12,moraleswilliam@example.org,(678)462-9025x15386,mail
PTY001956,person,Ryan Hall,Ryan,Hall,,1941-10-12,georgemendez@example.com,375-630-4053,sms
PTY001957,person,Kimberly Brown,Kimberly,Brown,,1964-01-12,westlaura@example.org,648.852.8467x70378,sms
PTY001958,person,Shannon Vasquez,Shannon,Vasquez,,1990-08-24,hansenjessica@example.org,+1-976-444-0583x5501,sms
PTY001959,person,Scott Gibson,Scott,Gibson,,1981-03-12,usanchez@example.org,+1-729-301-8320,mail
PTY001960,person,Christopher Moore,Christopher,Moore,,1996-12-11,jonathansimmons@example.org,(780)319-9050x2406,phone
PTY001961,person,Carl Harrison,Carl,Harrison,,1989-03-31,melissa71@example.net,870-864-8579,sms
PTY001962,person,Stephanie Mccoy,Stephanie,Mccoy,,1946-10-21,patriciafloyd@example.com,3792044813,sms
PTY001963,person,Robin Garcia,Robin,Garcia,,1991-12-15,lori56@example.com,001-267-376-1952x496,mail
PTY001964,organization,Williams-Hernandez,,,Williams-Hernandez,,colekirk@example.org,470.922.3804x5347,email
PTY001965,person,Steven Taylor,Steven,Taylor,,1999-05-16,jessicabrown@example.com,+1-492-984-8987x3587,mail
PTY001966,person,Susan Harvey,Susan,Harvey,,2000-05-07,jasonhardy@example.net,602.840.9398x6639,mail
PTY001967,person,Justin Mitchell,Justin,Mitchell,,1949-12-01,jwright@example.org,965-523-9188x67622,app
PTY001968,person,Matthew Hooper,Matthew,Hooper,,1956-01-26,melodyjacobson@example.com,+1-320-716-6334x0142,email
PTY001969,organization,Norris-Scott,,,Norris-Scott,,gregory63@example.com,(288)662-3357,phone
PTY001970,person,Joshua Cox,Joshua,Cox,,1995-02-04,singhnicole@example.com,644.621.1175,sms
PTY001971,organization,Frey-Cook,,,Frey-Cook,,garrett18@example.net,001-342-346-3815x129,mail
PTY001972,person,Tiffany Russell,Tiffany,Russell,,1991-11-29,lmay@example.com,+1-964-729-9872x47353,app
PTY001973,organization,"Hudson, Wilson and Allen",,,"Hudson, Wilson and Allen",,brownleslie@example.org,951-483-4792x305,email
PTY001974,person,Jordan Singh,Jordan,Singh,,2008-08-06,johnsonwesley@example.org,664-837-8624x301,phone
PTY001975,person,Alexander Fisher,Alexander,Fisher,,1991-04-20,bwilson@example.com,+1-263-874-9121x879,email
PTY001976,person,Matthew Coleman,Matthew,Coleman,,1998-07-08,samuel59@example.org,212-250-2316,email
PTY001977,person,Renee Juarez,Renee,Juarez,,1953-06-14,zmartin@example.net,+1-868-332-1208,email
PTY001978,person,Joseph Miles,Joseph,Miles,,1977-12-31,donald07@example.net,(669)697-8420x0141,phone
PTY001979,person,Derek Myers,Derek,Myers,,1984-05-16,fwalker@example.org,786.615.9528,sms
PTY001980,person,Stephen Morris,Stephen,Morris,,1972-09-23,wlewis@example.com,001-998-529-3055x779,app
PTY001981,person,Peter Hamilton,Peter,Hamilton,,1972-08-17,jennifer10@example.com,001-539-248-1504,email
PTY001982,person,Theresa Peterson,Theresa,Peterson,,1995-09-23,iharmon@example.net,(986)896-6096x354,phone
PTY001983,person,Andre Tucker,Andre,Tucker,,1998-03-25,robleschristopher@example.org,742.662.2644x18024,mail
PTY001984,organization,Shaw PLC,,,Shaw PLC,,marcbrooks@example.com,(843)777-9507,mail
PTY001985,person,Kiara Morris,Kiara,Morris,,2001-09-07,toddheath@example.net,001-252-351-2258x4679,mail
PTY001986,organization,"Vasquez, Nguyen and Jackson",,,"Vasquez, Nguyen and Jackson",,melissachapman@example.net,(894)996-5239,app
PTY001987,person,Jonathan Marks,Jonathan,Marks,,2005-05-15,thomaslori@example.net,654.407.0084x15912,sms
PTY001988,person,Robert Singh,Robert,Singh,,1972-09-04,jeffrey85@example.org,001-639-476-3529x461,sms
PTY001989,person,Jennifer Adkins,Jennifer,Adkins,,1942-03-10,brian52@example.org,(933)446-1189x7873,sms
PTY001990,person,Adrienne Curtis,Adrienne,Curtis,,2002-01-31,wendy33@example.net,704.619.1716x03330,mail
PTY001991,person,Juan Rice,Juan,Rice,,1961-03-20,robertbrock@example.com,2204931378,phone
PTY001992,organization,"Kerr, Johnson and Allen",,,"Kerr, Johnson and Allen",,uwashington@example.com,777.273.6576x4554,phone
PTY001993,person,Jared Lam,Jared,Lam,,1975-01-09,austinlinda@example.net,735-511-0269x395,phone
PTY001994,person,Jimmy Williams,Jimmy,Williams,,1982-10-13,jameswright@example.net,935-214-8550,sms
PTY001995,person,Douglas Wright,Douglas,Wright,,1970-02-12,laurenhenderson@example.com,841.651.4487x621,app
PTY001996,person,Anna Sanchez,Anna,Sanchez,,2007-12-29,donna79@example.com,902.494.0695,email
PTY001997,person,Michael Estrada,Michael,Estrada,,1951-06-10,joyhampton@example.com,393.677.1258x28488,phone
PTY001998,person,Maria Howard,Maria,Howard,,1946-04-29,vshelton@example.net,001-619-745-6446,app
PTY001999,person,Drew Summers,Drew,Summers,,1941-02-09,scotttanya@example.org,928-967-8554x7018,phone
PTY002000,person,Carol Reed,Carol,Reed,,1943-10-10,barrykevin@example.com,2932672502,app
PTY002001,person,Lauren Collins,Lauren,Collins,,1945-12-05,twebb@example.org,+1-973-446-0316x1340,sms
PTY002002,person,Laurie Reese,Laurie,Reese,,1966-12-06,michael52@example.com,(742)283-2867x851,mail
PTY002003,person,Rodney Wilkerson,Rodney,Wilkerson,,1976-03-02,baileyjulia@example.org,001-555-866-1668x940,mail
PTY002004,person,Sarah Allen,Sarah,Allen,,1957-10-12,vfowler@example.net,(451)461-1339x563,phone
PTY002005,person,Jose Watson,Jose,Watson,,1945-10-15,nathaniellawson@example.org,001-821-926-9748,sms
PTY002006,organization,"Torres, Olson and Molina",,,"Torres, Olson and Molina",,fstevenson@example.net,(330)852-7043x69225,app
PTY002007,person,John Young,John,Young,,2004-10-05,andersonjuan@example.net,001-501-976-3191x986,app
PTY002008,person,Wendy Pearson,Wendy,Pearson,,1997-08-28,elizabeth36@example.org,(722)830-6356x73577,email
PTY002009,organization,"Simon, Martin and Franklin",,,"Simon, Martin and Franklin",,lauren04@example.org,001-903-627-3032x482,sms
PTY002010,organization,"Benitez, Clark and Leon",,,"Benitez, Clark and Leon",,francesperez@example.com,(811)488-2038x06958,app
PTY002011,organization,"Jones, Rogers and Sellers",,,"Jones, Rogers and Sellers",,mckinneyclifford@example.org,617.979.0366x66369,sms
PTY002012,person,Gregory Jones,Gregory,Jones,,1957-06-19,robertsweeney@example.net,945.703.3790x29403,email
PTY002013,person,Jeffery Schultz,Jeffery,Schultz,,1954-03-06,kellereric@example.com,001-752-875-6719x5030,email
PTY002014,person,Walter Peters,Walter,Peters,,1971-09-29,martinezmichele@example.com,424-294-8918x52983,sms
PTY002015,person,Rebecca Jones,Rebecca,Jones,,1948-12-05,brenda77@example.com,491-436-1657x652,sms
PTY002016,person,Jacqueline Ballard,Jacqueline,Ballard,,1967-01-10,francodiana@example.net,790-929-4849x434,sms
PTY002017,person,Timothy Lamb,Timothy,Lamb,,1968-07-23,vcooper@example.org,001-709-515-9567x83239,phone
PTY002018,organization,Roman-Bradshaw,,,Roman-Bradshaw,,christopher70@example.com,(218)453-6087x8072,phone
PTY002019,person,Anthony Hodge,Anthony,Hodge,,1955-12-01,andreadunn@example.org,(909)496-6763,app
PTY002020,person,Sheryl Gonzalez,Sheryl,Gonzalez,,1970-11-28,kennethwright@example.org,(656)570-7190x5657,sms
PTY002021,person,Brianna Burns,Brianna,Burns,,1943-01-08,jorge73@example.net,816.949.0954,email
PTY002022,person,Julie Allen,Julie,Allen,,1985-09-11,fischerzachary@example.net,(781)602-5312x92662,sms
PTY002023,person,Tracey Waters,Tracey,Waters,,2001-08-02,parksanna@example.net,9402146159,mail
PTY002024,person,Blake Jones,Blake,Jones,,1980-03-03,burchsara@example.com,988.654.6734,mail
PTY002025,person,John Morales,John,Morales,,1979-08-31,lorifields@example.org,+1-894-913-1985,app
PTY002026,organization,Mills and Sons,,,Mills and Sons,,harrisalexander@example.com,(284)525-1119,phone
PTY002027,person,Katelyn Burke,Katelyn,Burke,,1999-03-21,lanegabriel@example.net,912-859-7999x0323,phone
PTY002028,organization,Price-Jordan,,,Price-Jordan,,uguerra@example.net,001-951-534-0399,mail
PTY002029,person,Amanda Mitchell,Amanda,Mitchell,,1986-03-30,andrewgarcia@example.org,(232)993-9702x66382,app
PTY002030,person,David Mahoney,David,Mahoney,,1978-10-06,piercedavid@example.org,817-986-0577,phone
PTY002031,organization,Jones-Taylor,,,Jones-Taylor,,kathrynbaxter@example.org,(487)557-4058,phone
PTY002032,person,Erin Smith,Erin,Smith,,1969-02-16,graytracy@example.com,792-949-7265,email
PTY002033,person,Caleb Mclean,Caleb,Mclean,,1959-11-20,qwoods@example.net,(414)753-7525x744,phone
PTY002034,person,Donald Barnes,Donald,Barnes,,1998-02-12,mannlisa@example.com,711-356-7338,app
PTY002035,person,Luis Patterson,Luis,Patterson,,1990-10-18,csnyder@example.net,(506)680-9838x319,sms
PTY002036,person,Ryan Park,Ryan,Park,,1952-10-14,sandraevans@example.net,(463)633-8923x495,phone
PTY002037,person,Kayla Hayes,Kayla,Hayes,,1963-10-11,stewartnicole@example.com,001-978-326-3880x3242,phone
PTY002038,person,Nicholas Ortega,Nicholas,Ortega,,1991-07-28,tmejia@example.net,669.974.7623x70385,mail
PTY002039,person,Ann Wallace,Ann,Wallace,,1999-12-06,robertdavis@example.org,492-229-4123,sms
PTY002040,person,Michelle Duran,Michelle,Duran,,1998-11-29,plopez@example.net,001-341-485-4554,app
PTY002041,person,Lucas Merritt,Lucas,Merritt,,2001-02-14,christophercannon@example.org,856.930.3282,mail
PTY002042,person,James Contreras,James,Contreras,,1999-12-26,parkersean@example.net,(257)816-8962x1325,mail
PTY002043,person,Gerald Fernandez,Gerald,Fernandez,,2002-06-12,paul34@example.com,(608)882-3092x5872,app
PTY002044,organization,Fitzpatrick-Beck,,,Fitzpatrick-Beck,,zclark@example.org,808.446.0172,app
PTY002045,person,Willie Smith,Willie,Smith,,2004-12-29,jacquelinesullivan@example.net,5846749116,mail
PTY002046,person,Melissa Zimmerman,Melissa,Zimmerman,,1999-02-15,perezcody@example.net,001-716-663-6622x845,app
PTY002047,person,Charles Christensen,Charles,Christensen,,1977-01-03,shawn62@example.org,001-351-210-8486,mail
PTY002048,organization,Simon-Schroeder,,,Simon-Schroeder,,singhkristy@example.org,(304)869-0174x9538,sms
PTY002049,person,Patricia Anderson,Patricia,Anderson,,1961-12-16,charles06@example.com,+1-478-684-5732x1650,email
PTY002050,person,Eric Lewis,Eric,Lewis,,1976-06-03,michaelnewton@example.org,211.707.2985x023,phone
PTY002051,person,Danielle Curry,Danielle,Curry,,1997-11-27,ghamilton@example.com,+1-953-733-1714,sms
PTY002052,person,Michael Moss,Michael,Moss,,1945-03-14,annamarsh@example.net,001-424-292-2028x815,app
PTY002053,person,William Villarreal,William,Villarreal,,1986-12-27,dillon76@example.net,7122696250,phone
PTY002054,person,Thomas Perez,Thomas,Perez,,1989-03-11,joshuahull@example.org,494.930.3250,phone
PTY002055,person,John Sanders,John,Sanders,,1951-01-18,annwagner@example.com,703-276-5439x9942,mail
PTY002056,person,James Galloway,James,Galloway,,1976-04-12,gdavidson@example.com,+1-763-229-0850,phone
PTY002057,person,Karen Nelson,Karen,Nelson,,1986-05-17,vguerrero@example.net,3512823772,email
PTY002058,person,Christina Webb,Christina,Webb,,1960-05-15,thomas39@example.org,001-617-817-4003x456,mail
PTY002059,person,Mark Mahoney,Mark,Mahoney,,1992-01-15,timothynorman@example.net,(366)407-2366x0474,phone
PTY002060,person,Adam Garcia,Adam,Garcia,,1940-10-25,samuelwheeler@example.net,+1-325-828-9404x3935,app
PTY002061,person,Andrew Foster,Andrew,Foster,,1993-05-22,timothy75@example.org,001-966-384-8031x636,mail
PTY002062,person,Steve Hernandez,Steve,Hernandez,,1997-06-23,wrightjohn@example.com,729-483-9303x953,phone
PTY002063,organization,"Wolfe, Sweeney and Williams",,,"Wolfe, Sweeney and Williams",,jacob98@example.com,640.911.4997,mail
PTY002064,person,Tiffany Nelson,Tiffany,Nelson,,1974-01-06,emilypena@example.com,3496909678,mail
PTY002065,person,Michael Conner,Michael,Conner,,2007-03-04,bailey73@example.net,(210)234-0573x6891,mail
PTY002066,person,Kelly Rodriguez,Kelly,Rodriguez,,1986-08-09,uburch@example.com,+1-843-307-2188x771,email
PTY002067,person,Paul Hunter,Paul,Hunter,,1953-01-10,robertparker@example.org,304-485-7867,app
PTY002068,person,Paul Lamb,Paul,Lamb,,1987-12-14,andreajones@example.org,001-391-827-8988x52499,sms
PTY002069,person,Anthony Moreno,Anthony,Moreno,,1947-07-05,erica85@example.com,373.704.3763,sms
PTY002070,organization,Cunningham-Maddox,,,Cunningham-Maddox,,snyderdavid@example.net,748-814-4000x407,phone
PTY002071,person,Brandon Allen,Brandon,Allen,,1999-05-01,williamsroberto@example.org,697.429.6822x885,email
PTY002072,person,Shawn Harris,Shawn,Harris,,1958-11-26,wanda79@example.net,+1-725-919-7366x547,phone
PTY002073,person,Mary Park,Mary,Park,,2004-09-04,stephaniewashington@example.org,9539925906,sms
PTY002074,person,David Nguyen,David,Nguyen,,1989-05-06,oroberts@example.net,3405256004,email
PTY002075,person,Rachel Ortiz,Rachel,Ortiz,,1967-09-18,jmarshall@example.com,001-807-612-7971x76350,app
PTY002076,organization,Key Group,,,Key Group,,ashleylawson@example.org,001-943-288-1767x622,sms
PTY002077,person,Douglas Bailey,Douglas,Bailey,,1957-06-27,fostertracey@example.org,001-715-884-6472,email
PTY002078,person,Brian Campbell,Brian,Campbell,,1995-08-14,gzhang@example.org,+1-303-569-0615x5026,sms
PTY002079,person,Jonathan Miles,Jonathan,Miles,,1999-12-21,iperez@example.org,001-406-367-6654x05324,mail
PTY002080,organization,"Huffman, Levine and Ramirez",,,"Huffman, Levine and Ramirez",,jeffrey28@example.net,(417)380-5813x80573,app
PTY002081,organization,Gray Group,,,Gray Group,,vphillips@example.com,(761)951-0705,sms
PTY002082,person,Alan Maynard,Alan,Maynard,,1951-05-10,barry68@example.com,741-823-5998x962,phone
PTY002083,person,Candice Sawyer,Candice,Sawyer,,1957-06-26,ryan06@example.net,(755)315-1797,mail
PTY002084,person,Michelle Gonzalez,Michelle,Gonzalez,,2000-06-03,brianna31@example.org,334.545.8019x762,phone
PTY002085,person,Sharon Butler,Sharon,Butler,,1946-10-11,yramirez@example.org,326-653-2224x70810,mail
PTY002086,person,Allison Rodriguez,Allison,Rodriguez,,1980-05-16,jjones@example.net,308-994-3748x126,phone
PTY002087,person,Karen Guzman,Karen,Guzman,,1941-04-09,boydandrew@example.net,+1-699-205-8081,phone
PTY002088,person,James Campbell,James,Campbell,,1997-10-29,morganarthur@example.net,205-463-5869,email
PTY002089,organization,Strickland Inc,,,Strickland Inc,,jenkinsrobert@example.com,(702)512-4676x42812,app
PTY002090,person,Randy Moore,Randy,Moore,,1971-10-23,christy84@example.net,001-359-612-6092x033,email
PTY002091,person,Julie Wood,Julie,Wood,,2006-08-16,tyler16@example.com,(578)813-0499x504,email
PTY002092,person,Kelly Garcia,Kelly,Garcia,,1959-02-16,benjamin62@example.net,001-995-832-2307x248,sms
PTY002093,organization,Davis-Lopez,,,Davis-Lopez,,staffordelizabeth@example.net,(557)545-8618x058,app
PTY002094,person,Larry Brandt,Larry,Brandt,,1975-12-18,miguelschultz@example.com,(478)285-9881,app
PTY002095,person,Ryan Reyes,Ryan,Reyes,,1966-08-18,gregorybeck@example.net,(527)662-2368x31275,email
PTY002096,person,David Harris,David,Harris,,1991-01-13,tammy78@example.net,001-602-728-0177x10629,email
PTY002097,person,Mikayla Smith,Mikayla,Smith,,1991-09-03,kguerrero@example.com,573-453-4143x910,mail
PTY002098,person,Stephanie Fitzgerald,Stephanie,Fitzgerald,,1949-02-15,vmassey@example.com,390.266.7477x201,mail
PTY002099,person,Kenneth Arnold,Kenneth,Arnold,,1975-05-14,john78@example.org,(401)787-7795x3342,app
PTY002100,person,Jason Perez,Jason,Perez,,1982-08-16,dennisanderson@example.com,772.477.4575x0218,mail
PTY002101,person,Christopher Walls,Christopher,Walls,,1959-11-24,ryan03@example.net,(638)939-6878x8420,phone
PTY002102,person,Mark Watts,Mark,Watts,,1987-10-18,miguelshaw@example.net,277-406-9392x8532,sms
PTY002103,person,Vicki Peck,Vicki,Peck,,1961-11-02,amiller@example.net,+1-879-346-7781x89863,email
PTY002104,organization,Kane LLC,,,Kane LLC,,kimberly59@example.org,001-611-985-7235x019,sms
PTY002105,organization,Snyder PLC,,,Snyder PLC,,rtaylor@example.org,496.254.9977x91782,app
PTY002106,person,Bradley Robbins,Bradley,Robbins,,1949-02-06,mccormickconnor@example.com,(386)769-0625,mail
PTY002107,person,Tracy Willis,Tracy,Willis,,1948-01-14,michelle09@example.net,(471)408-0045x8724,app
PTY002108,organization,Hodge-Yoder,,,Hodge-Yoder,,nancy96@example.com,(929)448-3051x719,email
PTY002109,person,Julia Brown,Julia,Brown,,1985-02-10,michellescott@example.org,936-775-7777x34265,email
PTY002110,person,Brandon Wade,Brandon,Wade,,1941-04-29,jeanne97@example.net,840-377-1280,mail
PTY002111,person,Shelby Esparza,Shelby,Esparza,,1981-04-15,olsonjoseph@example.com,(769)874-7217x1243,app
PTY002112,person,Rodney Douglas,Rodney,Douglas,,1957-05-19,robinsonmichael@example.org,(995)325-5876x7350,sms
PTY002113,organization,"Brown, Porter and Mills",,,"Brown, Porter and Mills",,deniseevans@example.com,(346)812-6149x9363,phone
PTY002114,person,Gregory Hayden,Gregory,Hayden,,1970-09-29,preston44@example.org,001-509-251-9566,mail
PTY002115,person,Bryan Long,Bryan,Long,,1967-04-03,jenniferwilson@example.org,(316)540-7870x481,phone
PTY002116,person,Joyce Cox,Joyce,Cox,,1999-06-22,morganwatts@example.com,001-939-965-2729x5986,app
PTY002117,person,Taylor Brown,Taylor,Brown,,1965-03-30,zachary90@example.com,629-496-9915,phone
PTY002118,person,Terri Everett,Terri,Everett,,1941-05-09,sandovalaudrey@example.org,001-513-826-8937x46021,sms
PTY002119,person,Katherine Richard,Katherine,Richard,,1960-03-31,wardtimothy@example.net,(791)884-2519,email
PTY002120,person,Karen Kennedy,Karen,Kennedy,,1986-01-22,matthew92@example.org,855.528.5870,email
PTY002121,person,Adam Estrada,Adam,Estrada,,1992-12-15,amykane@example.org,+1-533-752-8789x715,app
PTY002122,person,Leah George,Leah,George,,1968-08-09,todd26@example.net,+1-247-346-4550x72831,phone
PTY002123,person,Yolanda Avery,Yolanda,Avery,,1990-02-10,foxbrandon@example.net,356.245.0581x0580,app
PTY002124,person,Anna May,Anna,May,,2001-04-01,ftucker@example.com,876-619-3788x663,email
PTY002125,person,Paul Rivera,Paul,Rivera,,2004-05-27,jesusroth@example.com,396-333-7922x628,phone
PTY002126,person,Michael White,Michael,White,,1973-09-15,jamie73@example.com,205-921-9405x04726,sms
PTY002127,person,Michelle May,Michelle,May,,1969-10-08,brookenelson@example.net,373.966.0985x9198,mail
PTY002128,person,Karen Washington,Karen,Washington,,1989-10-02,pauldiaz@example.net,388.558.7489x557,email
PTY002129,person,Daniel Welch,Daniel,Welch,,1977-02-16,susan49@example.com,963-995-2574,email
PTY002130,person,Timothy Young,Timothy,Young,,1984-04-10,christopherwalker@example.com,977.556.1918x98755,sms
PTY002131,person,David Lopez,David,Lopez,,1981-03-05,fowleranthony@example.org,290-754-5173x65854,mail
PTY002132,person,Jessica Jones,Jessica,Jones,,1955-12-17,kevin24@example.com,(871)723-9330,email
PTY002133,person,Joel Watson,Joel,Watson,,1994-07-26,nancyrichardson@example.com,998-909-6282x19608,email
PTY002134,person,Kathryn Nguyen,Kathryn,Nguyen,,1972-09-27,kimberlybuchanan@example.org,863.809.7739x836,phone
PTY002135,person,Anthony Porter,Anthony,Porter,,1979-06-16,ugordon@example.com,8044450729,sms
PTY002136,person,Sierra Kline,Sierra,Kline,,1990-05-04,parksandre@example.com,+1-832-526-5278x254,app
PTY002137,person,Alfred Howell,Alfred,Howell,,1986-05-08,rojasronald@example.org,677-753-9872,email
PTY002138,person,Angela Moran,Angela,Moran,,1980-11-17,glambert@example.net,940.475.5380x53659,sms
PTY002139,person,Samuel Robinson,Samuel,Robinson,,1982-11-05,arthur70@example.com,430-369-6721,email
PTY002140,person,Lonnie Kelley,Lonnie,Kelley,,1978-04-29,lharrington@example.com,953.379.8214x92413,mail
PTY002141,person,Timothy Smith,Timothy,Smith,,2001-01-09,kbarker@example.org,958.430.6848x36816,sms
PTY002142,person,James Foster,James,Foster,,1963-07-28,zwilliams@example.com,955.495.7354x1057,mail
PTY002143,person,Michael Smith,Michael,Smith,,1943-05-15,markbryan@example.net,+1-998-481-0855,phone
PTY002144,person,Jason Washington,Jason,Washington,,1960-07-29,kristen20@example.net,9246104150,phone
PTY002145,person,Bethany Wilson,Bethany,Wilson,,1966-07-01,millsdavid@example.net,215-656-6134,phone
PTY002146,person,Scott Pena,Scott,Pena,,1943-10-10,williamsmaria@example.com,+1-840-289-2270,mail
PTY002147,organization,"Cruz, Lawson and Parker",,,"Cruz, Lawson and Parker",,martinbanks@example.net,001-480-636-3836x472,mail
PTY002148,organization,Nguyen-Hicks,,,Nguyen-Hicks,,washingtonalexandria@example.org,851.542.4496,mail
PTY002149,person,Emily Johnson,Emily,Johnson,,1943-06-22,greenjason@example.net,+1-304-688-6725,app
PTY002150,person,Alejandro Johnston,Alejandro,Johnston,,1948-02-28,lwilliams@example.net,331.570.9816x688,sms
PTY002151,organization,Hall Ltd,,,Hall Ltd,,noah12@example.net,850-416-4546,email
PTY002152,person,Mike Hall,Mike,Hall,,1951-03-30,jeffery12@example.com,(698)776-2295x7947,mail
PTY002153,person,Benjamin Brown,Benjamin,Brown,,1979-02-04,owilson@example.net,815.371.6042,email
PTY002154,person,Joseph Odonnell,Joseph,Odonnell,,1957-11-21,amiller@example.com,7444152644,mail
PTY002155,person,Carol Moody,Carol,Moody,,1990-12-19,jessica54@example.org,+1-591-537-8049x87620,email
PTY002156,person,Sean Wheeler,Sean,Wheeler,,2004-01-21,jill42@example.com,+1-560-774-1464x40261,sms
PTY002157,person,James Moore,James,Moore,,1964-09-29,paul83@example.org,(421)738-4155x10954,app
PTY002158,organization,Cline LLC,,,Cline LLC,,richardsonraven@example.net,+1-508-548-2072x7126,app
PTY002159,person,Kurt Schwartz,Kurt,Schwartz,,1953-04-02,tracymayer@example.net,826.472.7332,sms
PTY002160,organization,West-Le,,,West-Le,,ncarter@example.com,681.594.6877x49294,app
PTY002161,organization,Harris Group,,,Harris Group,,dana72@example.net,001-466-284-9053x66783,email
PTY002162,person,James Sanders,James,Sanders,,2002-01-31,nancywebb@example.net,5535403883,phone
PTY002163,person,Cristian Flores,Cristian,Flores,,2006-11-28,huntdaniel@example.com,780-523-6280x193,sms
PTY002164,person,Charles Gomez,Charles,Gomez,,1993-06-10,annastephens@example.org,(873)441-5910x660,phone
PTY002165,organization,Baldwin LLC,,,Baldwin LLC,,robertsbenjamin@example.org,(322)547-8922x51826,app
PTY002166,person,Matthew Moses,Matthew,Moses,,1949-03-29,brownkeith@example.org,979-797-0629x81099,email
PTY002167,person,Ivan Blanchard,Ivan,Blanchard,,1976-11-03,xbarnes@example.org,+1-636-281-6821,app
PTY002168,person,Scott Perez,Scott,Perez,,2007-10-13,brianjennings@example.com,443-290-3909,mail
PTY002169,person,Robin Peterson,Robin,Peterson,,1994-07-02,ythompson@example.org,402.347.4857x9888,email
PTY002170,person,Jerry Murray,Jerry,Murray,,1976-12-22,prestonsheila@example.org,+1-532-629-7254x014,sms
PTY002171,person,Tracy Ware,Tracy,Ware,,1960-07-21,daniellewagner@example.com,559-847-8007x9246,sms
PTY002172,person,Robert George,Robert,George,,1976-04-25,timothybell@example.net,+1-950-245-8387x5007,email
PTY002173,organization,"Carpenter, Dennis and Wilson",,,"Carpenter, Dennis and Wilson",,codykoch@example.org,001-659-280-4333x15696,phone
PTY002174,organization,Williams LLC,,,Williams LLC,,njohnson@example.net,235.520.6226,mail
PTY002175,person,Chris Hughes,Chris,Hughes,,1959-07-07,kathleenross@example.org,316.214.0823,phone
PTY002176,person,Caleb Miller,Caleb,Miller,,1971-04-03,guzmanbrandi@example.com,240.251.9950x819,mail
PTY002177,person,Mckenzie Sherman,Mckenzie,Sherman,,1963-05-08,zwise@example.org,+1-452-663-5951x7635,app
PTY002178,person,Daniel Pearson,Daniel,Pearson,,1942-08-16,janetdrake@example.net,001-567-710-6656x02492,email
PTY002179,person,Nicole Alexander,Nicole,Alexander,,1960-04-11,beckbethany@example.com,817.353.2279x9752,mail
PTY002180,person,Leslie Marshall,Leslie,Marshall,,2002-10-25,moralesjessica@example.org,671-351-1142,email
PTY002181,person,Eric Miles,Eric,Miles,,1974-10-14,virginia46@example.com,213.871.7419,email
PTY002182,person,Richard Morris,Richard,Morris,,2002-04-10,diamond85@example.com,001-303-540-1176x1706,mail
PTY002183,person,Debra Johnson,Debra,Johnson,,1947-10-03,shannonpatel@example.org,+1-281-272-0357x96564,email
PTY002184,organization,Hudson Ltd,,,Hudson Ltd,,kelly26@example.net,5786241164,app
PTY002185,person,Kathryn Thompson,Kathryn,Thompson,,2006-01-23,huffjon@example.com,346-362-4822x30642,email
PTY002186,organization,Knapp-Green,,,Knapp-Green,,walkerlindsay@example.net,(915)692-3466x521,app
PTY002187,person,Roger Nguyen,Roger,Nguyen,,1992-07-05,coreyhamilton@example.com,001-550-960-5411,app
PTY002188,organization,"Garcia, Walker and Craig",,,"Garcia, Walker and Craig",,ynewton@example.org,+1-810-278-9078x6957,phone
PTY002189,person,Daniel Owen,Daniel,Owen,,1976-07-24,traceyhill@example.net,+1-554-847-4733x43597,sms
PTY002190,person,Katherine Woods,Katherine,Woods,,1947-02-02,xshaw@example.org,(331)375-0409x370,email
PTY002191,person,April Howell,April,Howell,,1978-08-12,badams@example.net,+1-452-390-5509x579,mail
PTY002192,person,Alyssa Griffin,Alyssa,Griffin,,1951-02-21,dsanders@example.com,799.624.1611,app
PTY002193,organization,Burnett Ltd,,,Burnett Ltd,,fthompson@example.net,+1-990-788-0683x1121,app
PTY002194,person,Carrie Humphrey,Carrie,Humphrey,,1950-10-25,jasonsosa@example.org,967-372-5038x56162,sms
PTY002195,person,Susan Green,Susan,Green,,1953-08-08,kylie77@example.org,(635)473-7421,email
PTY002196,person,Alexander King,Alexander,King,,1943-01-26,ewheeler@example.com,758-271-9942,phone
PTY002197,person,Tiffany Bates,Tiffany,Bates,,2008-07-06,elizabethbradford@example.com,509.855.8779,sms
PTY002198,person,Kenneth Bowers,Kenneth,Bowers,,1973-12-15,stevenbailey@example.org,581.761.2921,sms
PTY002199,organization,Garcia Ltd,,,Garcia Ltd,,allenjared@example.org,6756350246,app
PTY002200,person,Jennifer Mcdowell,Jennifer,Mcdowell,,1952-04-24,donalddaniel@example.org,220.687.3857,email
PTY002201,person,Jamie Guerra,Jamie,Guerra,,1947-11-04,timothyriggs@example.com,+1-378-837-9213,phone
PTY002202,person,Lisa Yang,Lisa,Yang,,1953-05-09,nicholasbrown@example.org,+1-693-671-5193x178,phone
PTY002203,person,Jennifer Stephens,Jennifer,Stephens,,1994-03-31,ambergonzalez@example.net,673-881-1337x049,email
PTY002204,person,Gary Kirby,Gary,Kirby,,1962-01-07,anthony70@example.org,435-558-8234x81180,app
PTY002205,person,Zachary Morris,Zachary,Morris,,1995-07-22,jessicanichols@example.com,698.325.8753x7156,phone
PTY002206,person,Manuel Horn,Manuel,Horn,,2005-03-02,javierjohnson@example.org,(366)370-6331x1916,mail
PTY002207,person,Veronica Garza,Veronica,Garza,,1963-08-22,anthonysanchez@example.org,001-913-540-3779x1703,mail
PTY002208,person,Anthony Davis,Anthony,Davis,,1977-05-08,natashakemp@example.com,(482)607-2162x474,sms
PTY002209,person,Ryan Nelson,Ryan,Nelson,,1973-04-01,dylankoch@example.com,8659299053,mail
PTY002210,person,Claudia Wilson,Claudia,Wilson,,1942-05-11,vhatfield@example.net,7952789035,app
PTY002211,person,Samantha Medina,Samantha,Medina,,1979-05-21,zryan@example.net,245-765-7817x442,mail
PTY002212,person,Jorge House,Jorge,House,,1983-12-23,rebecca55@example.com,240.292.0167x5993,app
PTY002213,organization,Walker LLC,,,Walker LLC,,turnerarthur@example.net,+1-680-267-0914x4654,phone
PTY002214,person,Theresa Smith,Theresa,Smith,,2001-03-27,benjamin46@example.com,(749)876-8348x752,email
PTY002215,organization,Campbell PLC,,,Campbell PLC,,michelefoster@example.org,376-401-3807x95118,email
PTY002216,organization,"Stafford, Sparks and Cruz",,,"Stafford, Sparks and Cruz",,erinwatson@example.net,+1-915-695-9043x15071,mail
PTY002217,organization,Chen Ltd,,,Chen Ltd,,timothy76@example.org,001-610-832-3197x67025,mail
PTY002218,organization,Gutierrez LLC,,,Gutierrez LLC,,joshua96@example.com,(389)524-4183x281,phone
PTY002219,organization,Chen-Nelson,,,Chen-Nelson,,katrina92@example.net,659.814.4894x009,phone
PTY002220,person,Matthew Hodges,Matthew,Hodges,,1977-10-03,penny39@example.org,+1-648-987-8073x7676,email
PTY002221,person,Sara Chavez,Sara,Chavez,,1943-10-16,john25@example.org,001-918-671-6289,app
PTY002222,organization,Graham-Ellis,,,Graham-Ellis,,zbenson@example.org,001-791-591-9352x642,sms
PTY002223,organization,West PLC,,,West PLC,,abruce@example.net,(967)259-1056x396,mail
PTY002224,person,Dorothy Foley,Dorothy,Foley,,1994-02-18,ewoods@example.org,605-677-0250x155,app
PTY002225,person,Christine Johnson,Christine,Johnson,,1997-03-28,stephen52@example.com,(537)544-8455x5766,sms
PTY002226,person,Maria Vaughn,Maria,Vaughn,,2006-10-28,aaronconway@example.com,4954307277,sms
PTY002227,person,Thomas Armstrong,Thomas,Armstrong,,1986-06-15,tbrown@example.net,001-242-466-0366,mail
PTY002228,person,Kimberly Graham,Kimberly,Graham,,2000-04-05,joseph29@example.com,750.507.9616,phone
PTY002229,person,Timothy Harrell,Timothy,Harrell,,1972-06-28,donald71@example.com,791-491-6369x5072,app
PTY002230,organization,Johnson-Price,,,Johnson-Price,,baileychloe@example.net,2793823070,sms
PTY002231,organization,Lewis Ltd,,,Lewis Ltd,,mallory90@example.org,674.332.6924,sms
PTY002232,organization,"Smith, Horton and Chambers",,,"Smith, Horton and Chambers",,rebecca91@example.org,+1-929-346-4031x1828,phone
PTY002233,person,Jose Melendez,Jose,Melendez,,1980-11-12,cody12@example.org,639.405.9666,phone
PTY002234,organization,Berry LLC,,,Berry LLC,,angelaclark@example.com,(742)288-4637x734,sms
PTY002235,person,Jill Smith,Jill,Smith,,2007-06-23,morganwells@example.org,+1-817-993-1625x05532,phone
PTY002236,person,Christina Thomas,Christina,Thomas,,1999-05-13,emma83@example.net,326.487.7938x894,app
PTY002237,organization,"Ponce, Ramos and Hunter",,,"Ponce, Ramos and Hunter",,yscott@example.net,(791)404-0762x9696,sms
PTY002238,person,Mary Campbell,Mary,Campbell,,1991-04-25,todd18@example.org,(304)404-1071,sms
PTY002239,organization,"Rowe, Ramirez and Buchanan",,,"Rowe, Ramirez and Buchanan",,stephenmcneil@example.org,(557)781-4963x55019,mail
PTY002240,organization,Orr Ltd,,,Orr Ltd,,johnsondaniel@example.com,545.367.3137x00174,app
PTY002241,person,Rebecca Hayes,Rebecca,Hayes,,1968-12-09,phamyolanda@example.org,(217)337-3397,app
PTY002242,person,Mckenzie Baxter,Mckenzie,Baxter,,1947-05-11,ariel62@example.org,+1-592-824-0061,mail
PTY002243,person,Matthew Mathis,Matthew,Mathis,,1981-02-06,dhouse@example.org,+1-251-243-5804x7118,app
PTY002244,person,Summer Morgan,Summer,Morgan,,1946-05-08,julie11@example.net,896-202-7693x47796,email
PTY002245,person,Melanie Scott,Melanie,Scott,,1974-11-24,nicholas57@example.com,6428246406,phone
PTY002246,person,Katherine Deleon,Katherine,Deleon,,1992-06-06,qmorgan@example.org,001-782-277-1148x8160,email
PTY002247,person,Stacey Bradley,Stacey,Bradley,,1986-05-19,michael70@example.net,(667)386-5044,sms
PTY002248,person,Rachel Escobar,Rachel,Escobar,,1959-09-11,claudiaglass@example.org,001-967-808-8050x1513,sms
PTY002249,person,Tiffany Macias,Tiffany,Macias,,1968-08-28,natalie70@example.com,(241)969-8142,phone
PTY002250,person,Theresa Keller,Theresa,Keller,,1946-01-21,cvaldez@example.com,+1-514-936-5972,sms
PTY002251,person,Peter Mclaughlin,Peter,Mclaughlin,,1987-03-14,edwardsdavid@example.com,750-307-6017,app
PTY002252,person,Jennifer Herrera,Jennifer,Herrera,,1941-02-11,nolanrita@example.net,928-245-5761x867,sms
PTY002253,person,Ryan Freeman,Ryan,Freeman,,1987-07-13,munozerik@example.org,+1-434-391-4309,email
PTY002254,organization,Moore-Crane,,,Moore-Crane,,cindy83@example.org,(974)808-9120x59944,app
PTY002255,person,Brittany Boone,Brittany,Boone,,2008-01-03,davisemily@example.org,962-208-3610x88025,app
PTY002256,person,Laura Horn,Laura,Horn,,2000-04-02,jennifermoss@example.com,001-337-803-5595x915,phone
PTY002257,organization,Nolan-Mullins,,,Nolan-Mullins,,jthornton@example.net,(558)463-6025x3687,sms
PTY002258,person,Lisa Montgomery,Lisa,Montgomery,,1952-10-21,morgan50@example.net,5699409787,mail
PTY002259,person,Rhonda Montoya,Rhonda,Montoya,,1977-03-03,cynthiaroberts@example.org,001-200-206-6584x84393,mail
PTY002260,person,Joshua Brown,Joshua,Brown,,1988-06-13,mary60@example.net,+1-797-206-4937,app
PTY002261,person,Justin Mcdonald,Justin,Mcdonald,,1982-04-05,reidstacey@example.net,+1-230-447-0278,email
PTY002262,person,Melinda Coleman,Melinda,Coleman,,1965-10-09,cuevasadam@example.org,601-498-5754x73880,phone
PTY002263,organization,Parker-Reyes,,,Parker-Reyes,,walterbowers@example.com,(755)332-0528,mail
PTY002264,person,Luis Wood,Luis,Wood,,1944-07-11,lopezeric@example.com,317-588-7505,sms
PTY002265,organization,"Reese, Martinez and Schmidt",,,"Reese, Martinez and Schmidt",,christopher05@example.net,641-720-0740,app
PTY002266,organization,Rivera PLC,,,Rivera PLC,,javieringram@example.com,(292)468-9947x38793,phone
PTY002267,person,Emily Thompson,Emily,Thompson,,1954-07-26,bennettbrett@example.com,960.571.2413,sms
PTY002268,person,Chelsea Phillips,Chelsea,Phillips,,1946-08-07,deannanichols@example.org,001-536-869-4364,phone
PTY002269,person,Michael Steele,Michael,Steele,,1946-06-05,rachel59@example.com,(568)315-0895x146,phone
PTY002270,person,Amanda Williamson,Amanda,Williamson,,1980-02-08,xrich@example.org,502.530.4233,app
PTY002271,person,Dale Hudson,Dale,Hudson,,1940-12-26,markbishop@example.net,+1-627-904-0043x86668,mail
PTY002272,person,Billy Porter,Billy,Porter,,1951-02-09,kwilliams@example.com,278-496-6368x05373,mail
PTY002273,person,James Andrade,James,Andrade,,1943-08-24,mjohnson@example.net,+1-824-477-0751,app
PTY002274,person,Damon Elliott,Damon,Elliott,,1985-08-21,zfranco@example.com,328.416.8960x06688,phone
PTY002275,person,Tom Williams,Tom,Williams,,1990-03-05,mikestephens@example.com,(958)906-8179x2241,app
PTY002276,person,Alan Martinez,Alan,Martinez,,1978-08-27,schmidtjoseph@example.net,2986544878,email
PTY002277,person,Phyllis Ferguson,Phyllis,Ferguson,,1953-10-20,robert58@example.com,001-872-860-2131x806,mail
PTY002278,person,Kenneth Flores,Kenneth,Flores,,1984-04-04,treid@example.org,+1-308-478-0378x2537,email
PTY002279,person,Robert Mcdowell,Robert,Mcdowell,,1976-06-29,fjohnson@example.com,478-613-7314x21756,sms
PTY002280,organization,Wheeler-Hill,,,Wheeler-Hill,,john17@example.net,(473)205-9766,email
PTY002281,organization,"Parker, Smith and Lozano",,,"Parker, Smith and Lozano",,jennifer64@example.org,001-715-877-4662x19978,sms
PTY002282,person,Matthew Martinez,Matthew,Martinez,,2002-02-26,elizabeth42@example.com,886-967-2929x90722,app
PTY002283,organization,"Nelson, Hamilton and Johnson",,,"Nelson, Hamilton and Johnson",,veronica41@example.org,827.438.6883x39238,sms
PTY002284,person,Eric Lucas,Eric,Lucas,,1957-12-01,vbanks@example.com,(796)961-0356,sms
PTY002285,organization,May-Williams,,,May-Williams,,james14@example.net,(262)373-5060,phone
PTY002286,person,Edgar Patterson,Edgar,Patterson,,1999-05-09,melissa09@example.com,349-809-1009,app
PTY002287,person,Philip Davenport,Philip,Davenport,,1981-01-20,kyle43@example.org,4172846274,app
PTY002288,person,Rhonda Edwards,Rhonda,Edwards,,1996-08-07,matthewleonard@example.net,273.907.3216x65691,mail
PTY002289,organization,Burton Ltd,,,Burton Ltd,,epotter@example.org,913.840.2500x6422,app
PTY002290,person,Rebekah Scott,Rebekah,Scott,,1961-10-23,kathryn65@example.org,(750)753-4774x11602,email
PTY002291,person,James Roberson,James,Roberson,,2002-03-04,mcooper@example.net,+1-775-492-0415,phone
PTY002292,person,Suzanne Brandt,Suzanne,Brandt,,1990-11-30,kathrynwilliams@example.org,(543)403-2977x4443,sms
PTY002293,person,Brittany Parker,Brittany,Parker,,1986-12-03,ffox@example.net,+1-540-647-7246x4972,sms
PTY002294,person,Curtis Pope,Curtis,Pope,,1968-08-12,yburton@example.net,400-499-7844,phone
PTY002295,organization,"Hudson, Jones and Fields",,,"Hudson, Jones and Fields",,davidshaw@example.com,(785)797-0248x910,app
PTY002296,person,Terrence Berry,Terrence,Berry,,1946-09-27,katie84@example.org,956-251-2343x440,app
PTY002297,person,Willie Smith,Willie,Smith,,1998-10-11,charlesgross@example.net,494-435-7845x90731,email
PTY002298,person,Charles Garcia,Charles,Garcia,,1945-07-25,phillipwalsh@example.org,+1-981-254-4788x93770,mail
PTY002299,person,Mitchell Johnson,Mitchell,Johnson,,1942-06-02,stacey06@example.org,(232)976-2432x6572,app
PTY002300,organization,"Fox, Scott and Henry",,,"Fox, Scott and Henry",,ypalmer@example.net,+1-837-598-7752x3999,phone
PTY002301,person,Paul Trujillo,Paul,Trujillo,,1995-11-18,michael41@example.net,001-483-885-7928,sms
PTY002302,person,Lindsey Newton,Lindsey,Newton,,1941-12-03,barnessamantha@example.org,599-552-7478x71553,email
PTY002303,person,Chad Holland,Chad,Holland,,1979-10-12,charlesortega@example.net,375-261-9617x6502,sms
PTY002304,organization,Hartman and Sons,,,Hartman and Sons,,trice@example.net,+1-295-887-0051x253,sms
PTY002305,person,James Mendez,James,Mendez,,1940-11-24,rachel76@example.net,428.479.2746,app
PTY002306,person,Randall Robertson,Randall,Robertson,,1982-04-16,fstewart@example.org,001-552-343-8720x7579,app
PTY002307,organization,Callahan-Evans,,,Callahan-Evans,,lisa19@example.net,001-664-259-6243,mail
PTY002308,person,Tammy Gould,Tammy,Gould,,1989-06-21,katiegriffin@example.net,257-736-8507,email
PTY002309,person,Emily Huang,Emily,Huang,,1951-04-30,christopher10@example.org,386-672-0759,phone
PTY002310,person,Joshua Harmon,Joshua,Harmon,,1968-11-24,ebean@example.net,(467)860-1504x34010,app
PTY002311,person,Destiny Peterson,Destiny,Peterson,,1966-06-19,steven66@example.com,001-773-229-7741x0506,email
PTY002312,person,Laura Pham,Laura,Pham,,1951-01-17,johnsalazar@example.com,(721)547-0616x53730,app
PTY002313,organization,Martin-Carlson,,,Martin-Carlson,,efletcher@example.net,(829)330-9615x07106,email
PTY002314,person,Ray Brown,Ray,Brown,,1970-03-16,kbrown@example.org,611-879-7796x319,phone
PTY002315,person,Scott Bradley,Scott,Bradley,,1983-01-12,jnunez@example.com,696-912-2983x087,mail
PTY002316,person,Shaun Hart,Shaun,Hart,,1975-04-23,jonathanrobinson@example.com,+1-268-268-6274x823,phone
PTY002317,organization,"Marquez, Brown and Nguyen",,,"Marquez, Brown and Nguyen",,lolsen@example.com,7138367211,mail
PTY002318,person,Sean Dennis,Sean,Dennis,,2006-07-08,hillamanda@example.net,(846)749-1371,phone
PTY002319,person,Brian Ramirez,Brian,Ramirez,,1984-04-02,elizabethpatton@example.net,359-363-7813,mail
PTY002320,person,Michael Hunt,Michael,Hunt,,1945-10-13,patrickcarpenter@example.org,6472904644,email
PTY002321,person,Kayla Fleming,Kayla,Fleming,,1977-11-20,murphycassidy@example.org,+1-242-278-9119x268,email
PTY002322,person,Cindy Anthony,Cindy,Anthony,,1969-09-11,davidsonmargaret@example.net,944-916-6611,phone
PTY002323,person,Gail Conley,Gail,Conley,,1959-08-25,taraortiz@example.com,2806585824,app
PTY002324,person,Cindy Castillo,Cindy,Castillo,,1989-02-20,jacqueline24@example.org,3309315186,app
PTY002325,person,Michael Hansen,Michael,Hansen,,1970-04-29,kerriparks@example.net,376-241-9495x8325,sms
PTY002326,person,Christopher Taylor,Christopher,Taylor,,1999-04-25,qhall@example.net,(627)477-0859,mail
PTY002327,person,Roberto Jackson,Roberto,Jackson,,1982-09-11,judith43@example.net,948-821-3801x155,mail
PTY002328,person,Carolyn Osborne,Carolyn,Osborne,,1986-06-14,molly13@example.net,+1-555-932-3750,sms
PTY002329,person,John Ford,John,Ford,,2001-10-06,lisahernandez@example.net,724.934.2139,mail
PTY002330,person,Latasha Blackwell,Latasha,Blackwell,,1962-11-20,amartin@example.com,235.600.6455,app
PTY002331,person,Kimberly Jackson,Kimberly,Jackson,,2001-06-06,bobby82@example.net,(725)958-7293x7062,app
PTY002332,person,Jennifer James,Jennifer,James,,1976-05-03,richardsonamanda@example.net,(362)331-6750,app
PTY002333,person,Mitchell Horn,Mitchell,Horn,,1983-12-25,xburgess@example.org,514-977-5688x6371,email
PTY002334,person,Vanessa Matthews,Vanessa,Matthews,,1972-11-12,warrenmichelle@example.net,938-728-9812x23965,app
PTY002335,person,Megan Malone,Megan,Malone,,1973-10-30,snelson@example.com,525-662-2208,sms
PTY002336,person,Kelsey Guerra,Kelsey,Guerra,,1986-10-02,lauren29@example.net,+1-561-638-0718x60699,app
PTY002337,person,Matthew Johnson,Matthew,Johnson,,1966-11-11,aprilhernandez@example.org,962-798-6042,sms
PTY002338,person,Jacqueline Norton,Jacqueline,Norton,,1947-11-28,sanchezdebra@example.net,8566956250,mail
PTY002339,person,Charles Lewis,Charles,Lewis,,1952-02-24,byrdsherry@example.net,001-886-208-1107x14923,email
PTY002340,person,John Mcpherson,John,Mcpherson,,1975-07-04,romeromatthew@example.net,+1-884-544-3721x32677,phone
PTY002341,organization,"Harrington, Walker and Bender",,,"Harrington, Walker and Bender",,suttonwilliam@example.com,784.830.9797,phone
PTY002342,person,William Cobb,William,Cobb,,1952-09-21,petersangela@example.org,387-347-2913,mail
PTY002343,organization,Oconnell LLC,,,Oconnell LLC,,aparker@example.org,9232121781,sms
PTY002344,person,Kyle Warner,Kyle,Warner,,1999-10-27,troyedwards@example.net,+1-511-285-9206,sms
PTY002345,person,Melody Wilson,Melody,Wilson,,1964-02-14,michellejackson@example.com,289-210-9531,email
PTY002346,organization,Stevens Ltd,,,Stevens Ltd,,katherinebrown@example.com,+1-322-638-0137x0209,app
PTY002347,person,Adam Glenn,Adam,Glenn,,1992-02-15,paul61@example.net,660.777.2720,email
PTY002348,person,Brandon Marquez,Brandon,Marquez,,2005-10-04,hamiltonmegan@example.org,001-753-333-5016x262,email
PTY002349,organization,Collins PLC,,,Collins PLC,,nicholas17@example.org,8519513320,app
PTY002350,person,James Hancock,James,Hancock,,2004-04-13,kellysmith@example.com,235-596-6533,app
PTY002351,organization,Perez-Baird,,,Perez-Baird,,timothy33@example.net,395-880-0084,email
PTY002352,person,Donald Bennett,Donald,Bennett,,1965-03-31,daviskyle@example.net,614.765.0039,phone
PTY002353,person,Michelle Ward,Michelle,Ward,,1989-06-22,paul42@example.org,381-890-2320,phone
PTY002354,person,Tiffany Garcia,Tiffany,Garcia,,1976-04-01,sullivanalfred@example.net,875-907-5192,app
PTY002355,person,Thomas Gomez,Thomas,Gomez,,1942-02-17,richard62@example.net,(984)439-6568,phone
PTY002356,person,Alejandro Beasley,Alejandro,Beasley,,1958-03-16,bmiller@example.org,(953)647-6414x4271,phone
PTY002357,organization,Robinson-Boyer,,,Robinson-Boyer,,beverly50@example.net,9025906954,sms
PTY002358,person,Terri Coleman,Terri,Coleman,,2003-02-19,derek72@example.net,236-310-9098x245,email
PTY002359,person,Joseph Jordan,Joseph,Jordan,,1960-12-05,mwilliams@example.com,4747170602,app
PTY002360,person,Geoffrey Morris,Geoffrey,Morris,,2003-01-10,donnamiller@example.com,001-717-662-2809x5417,app
PTY002361,person,Erika Davis,Erika,Davis,,1957-07-16,wmendez@example.net,382-281-7393x396,app
PTY002362,person,Kathleen Moyer,Kathleen,Moyer,,2001-03-23,lauriehenderson@example.net,(661)920-6464x676,sms
PTY002363,person,Angela Kelly,Angela,Kelly,,1952-03-31,rachel84@example.com,9142399925,sms
PTY002364,person,Nicole Riley,Nicole,Riley,,1952-04-27,jwilson@example.net,(451)843-8255x203,phone
PTY002365,organization,Wall-Wilson,,,Wall-Wilson,,callahananna@example.net,2528839053,mail
PTY002366,person,Tracy Preston,Tracy,Preston,,1990-08-27,lisaperez@example.net,701-267-7692x1910,sms
PTY002367,person,Megan Ibarra,Megan,Ibarra,,1980-02-01,wjohnson@example.com,945-540-6914x3876,phone
PTY002368,person,Andrea Torres,Andrea,Torres,,1948-08-19,julie56@example.com,(595)497-9296x26327,sms
PTY002369,organization,Gould-Burns,,,Gould-Burns,,leemichelle@example.net,390-556-6514,email
PTY002370,person,Kyle Smith,Kyle,Smith,,1971-03-21,oholmes@example.org,001-387-368-1605,sms
PTY002371,person,Thomas Smith,Thomas,Smith,,1987-01-12,jacob36@example.net,574.337.3801,mail
PTY002372,person,Alicia Baker,Alicia,Baker,,1960-04-03,lopezmichele@example.com,001-416-282-6111x476,app
PTY002373,person,Sean Scott,Sean,Scott,,1977-05-13,wblackwell@example.org,001-854-714-5564x7311,app
PTY002374,person,Brittany Sullivan,Brittany,Sullivan,,1956-06-15,bwalsh@example.org,+1-689-743-8301,app
PTY002375,organization,Hunter-Cowan,,,Hunter-Cowan,,sullivanrachel@example.org,480.841.8902x44628,sms
PTY002376,person,Cameron Harris,Cameron,Harris,,1987-10-31,zjohnson@example.net,936.431.4931x813,mail
PTY002377,person,Kathryn Lawrence,Kathryn,Lawrence,,1954-06-01,torresadam@example.org,9838491164,email
PTY002378,person,Jonathan Lopez,Jonathan,Lopez,,1973-03-09,anndickson@example.net,333-772-2781,phone
PTY002379,person,Michael Clark,Michael,Clark,,1980-02-26,michaelgordon@example.org,5215367160,mail
PTY002380,person,William Jones,William,Jones,,1990-02-10,dmalone@example.com,8286749072,sms
PTY002381,person,Alyssa Jones,Alyssa,Jones,,1963-09-29,wrightchristopher@example.com,+1-712-588-3793,sms
PTY002382,person,Shelly Cowan,Shelly,Cowan,,1993-08-03,tammymcguire@example.com,+1-481-546-9539x5369,mail
PTY002383,person,Stacey Parsons,Stacey,Parsons,,1943-08-14,tjackson@example.net,(611)856-2306x78019,sms
PTY002384,person,Travis Cooley,Travis,Cooley,,1959-07-22,allisonanna@example.org,947-612-0836x248,mail
PTY002385,organization,"Rivera, Lopez and Velasquez",,,"Rivera, Lopez and Velasquez",,epark@example.org,(377)560-6395,email
PTY002386,person,Rickey Carroll,Rickey,Carroll,,1980-04-27,simmonskendra@example.com,569-984-3663,app
PTY002387,person,Judith Wall,Judith,Wall,,1969-01-18,escobarwilliam@example.com,457.677.7859,sms
PTY002388,person,Tamara Wagner,Tamara,Wagner,,1968-11-17,nicholserin@example.net,001-637-444-8923x960,app
PTY002389,person,Joseph Nguyen,Joseph,Nguyen,,1953-02-13,marissa67@example.net,3218782959,sms
PTY002390,person,Katherine Cummings,Katherine,Cummings,,2006-03-17,samueljenkins@example.org,001-640-338-0437,email
PTY002391,person,Colleen Kim,Colleen,Kim,,2001-05-28,huntnicholas@example.com,908-561-9970,app
PTY002392,person,Colleen Clark,Colleen,Clark,,1946-02-27,davidtorres@example.org,+1-775-994-2501x65755,app
PTY002393,organization,Boyd-Lewis,,,Boyd-Lewis,,angelakaufman@example.net,+1-870-256-0557x38410,mail
PTY002394,organization,Francis Group,,,Francis Group,,russellterri@example.net,653-617-6602,phone
PTY002395,person,Heather Bennett,Heather,Bennett,,1972-03-20,dixonkelly@example.org,001-669-475-7554x60683,app
PTY002396,person,Robert Watson,Robert,Watson,,1956-09-24,lisacollins@example.net,001-969-766-0818,app
PTY002397,organization,"Hawkins, Roberts and Roberts",,,"Hawkins, Roberts and Roberts",,leetina@example.com,474.551.2619x37902,mail
PTY002398,person,Natasha Burke,Natasha,Burke,,1987-07-08,kelly12@example.org,245.957.9990,sms
PTY002399,person,Jacob Morales,Jacob,Morales,,1993-11-24,panderson@example.org,(336)557-8371x5104,phone
PTY002400,organization,Tucker-Webb,,,Tucker-Webb,,mbarajas@example.com,001-932-324-9673,sms
PTY002401,person,Bridget Ruiz,Bridget,Ruiz,,1963-01-22,haguilar@example.org,6946540289,mail
PTY002402,organization,Castro Ltd,,,Castro Ltd,,nicholaschapman@example.com,001-841-836-6748,app
PTY002403,person,Carrie Smith,Carrie,Smith,,1992-11-01,oholmes@example.net,641-283-5909,mail
PTY002404,person,Gloria Tyler,Gloria,Tyler,,1958-06-06,dramirez@example.org,725.644.5278x610,app
PTY002405,person,Steve Banks,Steve,Banks,,1978-02-09,dramirez@example.com,219-539-1460x37828,phone
PTY002406,organization,Gutierrez-Herring,,,Gutierrez-Herring,,loweandrew@example.net,+1-558-477-7075x0139,phone
PTY002407,organization,Long-Fry,,,Long-Fry,,tholt@example.net,(831)377-1862x6678,phone
PTY002408,person,Richard Hall,Richard,Hall,,1956-02-13,iclark@example.org,803.626.2498,phone
PTY002409,person,Anthony King,Anthony,King,,1967-09-10,ujohnson@example.org,(444)234-9541x2176,app
PTY002410,organization,"Pearson, Abbott and Haynes",,,"Pearson, Abbott and Haynes",,peggyhardin@example.org,+1-700-292-0536,phone
PTY002411,person,Keith Kelly,Keith,Kelly,,1976-05-29,mmontgomery@example.org,6192233152,sms
PTY002412,person,Stefanie Stafford,Stefanie,Stafford,,1949-01-24,dana58@example.net,527-568-6127x793,phone
PTY002413,person,John Murphy,John,Murphy,,2004-08-01,rebecca01@example.net,845-676-6162x950,phone
PTY002414,person,Cameron Lewis,Cameron,Lewis,,1977-02-02,bryan73@example.net,(665)823-4655,sms
PTY002415,person,Julie Anderson,Julie,Anderson,,1985-07-23,robinsonkatherine@example.com,001-367-626-4401x9892,phone
PTY002416,person,Erin Wilcox,Erin,Wilcox,,2007-07-16,matthewochoa@example.com,(356)528-6078,phone
PTY002417,organization,"Campbell, Dawson and Pope",,,"Campbell, Dawson and Pope",,sanchezkathy@example.org,749.718.5058x240,sms
PTY002418,person,Kayla Butler,Kayla,Butler,,1964-08-13,andersonrichard@example.org,+1-561-319-5973x72530,mail
PTY002419,person,Leslie Nelson,Leslie,Nelson,,1961-10-05,tammycarlson@example.com,728-205-4009x231,email
PTY002420,person,Stephanie Castro,Stephanie,Castro,,1957-03-29,gilmorematthew@example.org,001-800-434-3292,sms
PTY002421,person,Anthony Rivera,Anthony,Rivera,,1965-07-01,jasmine62@example.net,697-556-5783x3939,app
PTY002422,person,Charles Lane,Charles,Lane,,1964-08-07,maddoxwilliam@example.com,001-978-578-2809x57283,sms
PTY002423,organization,Fleming Inc,,,Fleming Inc,,ocervantes@example.net,001-484-760-7456,app
PTY002424,organization,"Francis, Bowman and Smith",,,"Francis, Bowman and Smith",,rhondawest@example.net,+1-987-758-7509x8020,phone
PTY002425,person,Olivia Alvarado,Olivia,Alvarado,,1949-05-05,kinglaura@example.net,6749390648,mail
PTY002426,person,Wendy Lee,Wendy,Lee,,1952-02-15,hernandezcrystal@example.com,001-440-273-1971x89011,app
PTY002427,person,Katherine Todd,Katherine,Todd,,1973-12-08,cherylwaller@example.org,001-269-942-6166x6471,app
PTY002428,person,Heather Robinson,Heather,Robinson,,1953-02-27,xpeterson@example.org,001-508-431-3001x618,mail
PTY002429,person,Christopher Moore,Christopher,Moore,,1979-05-31,brownstephanie@example.com,666-443-0860,app
PTY002430,person,Angela Alvarado,Angela,Alvarado,,1947-04-09,nhenry@example.org,564-947-1060x6067,sms
PTY002431,person,Rebecca Rice,Rebecca,Rice,,2000-12-20,charlesmartinez@example.org,2073290847,mail
PTY002432,person,Diana Bryant,Diana,Bryant,,1990-09-18,katrina47@example.net,+1-765-685-7579x03367,app
PTY002433,person,Kayla Huynh,Kayla,Huynh,,2007-03-16,bassandrew@example.net,001-299-693-7848x65230,app
PTY002434,person,Leslie Lewis,Leslie,Lewis,,1958-09-17,angelcarr@example.net,(707)700-0267,mail
PTY002435,person,Jose Reed,Jose,Reed,,1995-12-30,fryjason@example.org,811-572-3035x82172,phone
PTY002436,person,Gina Glenn,Gina,Glenn,,1977-09-25,pattonkaitlyn@example.com,+1-208-686-1125,app
PTY002437,person,Kevin Hobbs,Kevin,Hobbs,,1944-10-18,rjarvis@example.com,321.912.7168x1098,phone
PTY002438,person,Yvette Mccullough,Yvette,Mccullough,,2007-01-01,robertaanderson@example.com,(267)837-1107,phone
PTY002439,person,Amanda Fox,Amanda,Fox,,1970-03-08,robert41@example.com,735.494.6895x3742,sms
PTY002440,organization,Stevens-Schaefer,,,Stevens-Schaefer,,zlove@example.org,+1-295-716-6032x37014,email
PTY002441,person,Jennifer Burch,Jennifer,Burch,,1986-11-27,zflynn@example.org,(419)796-3230x477,mail
PTY002442,person,Jennifer Barnes,Jennifer,Barnes,,1988-06-24,wardtamara@example.net,001-453-338-4162x906,email
PTY002443,person,Manuel Dominguez,Manuel,Dominguez,,1968-07-07,ybrown@example.org,5986051834,mail
PTY002444,person,Lisa Harris,Lisa,Harris,,1957-09-12,ryan08@example.com,493.347.2441x676,phone
PTY002445,organization,"Henry, Roberts and Smith",,,"Henry, Roberts and Smith",,tmitchell@example.org,+1-732-368-3487x092,phone
PTY002446,person,Robert Jackson,Robert,Jackson,,1988-12-29,hawkinsmichael@example.net,(762)377-3312,email
PTY002447,person,David Mack,David,Mack,,1997-12-18,zlong@example.org,404-619-7447x652,email
PTY002448,person,Richard Carr,Richard,Carr,,1975-10-29,shelby16@example.net,(417)651-7135,app
PTY002449,organization,Green-Gibson,,,Green-Gibson,,adrian05@example.com,358-507-6648x784,phone
PTY002450,person,Amy Wright,Amy,Wright,,1952-11-16,fgraham@example.net,001-333-859-4822x45248,app
PTY002451,person,Monique Alvarado,Monique,Alvarado,,2000-08-03,lindsay41@example.com,(554)361-4119x10147,app
PTY002452,person,Crystal Clayton,Crystal,Clayton,,1975-03-04,sheliaedwards@example.com,880-712-7712x7715,email
PTY002453,person,James Bass,James,Bass,,1941-01-05,maldonadojuan@example.com,001-440-480-3089,sms
PTY002454,person,Ashlee Williams,Ashlee,Williams,,1968-02-02,maria99@example.com,984-402-9376x45265,app
PTY002455,person,Alicia Mcfarland,Alicia,Mcfarland,,1956-11-26,lflores@example.com,2082059801,app
PTY002456,organization,"Wright, Smith and Pennington",,,"Wright, Smith and Pennington",,imedina@example.com,472.420.3071x08169,email
PTY002457,person,Jamie Zimmerman,Jamie,Zimmerman,,1972-07-06,zduffy@example.org,954-215-1980,email
PTY002458,person,Mary Shelton,Mary,Shelton,,1949-05-05,ngross@example.net,(594)628-6358,mail
PTY002459,organization,"Jackson, Macias and Gonzalez",,,"Jackson, Macias and Gonzalez",,rnewman@example.net,959-410-9233x55885,mail
PTY002460,person,Patricia Banks,Patricia,Banks,,1958-07-29,ppena@example.net,+1-216-419-0558x753,phone
PTY002461,person,Brenda Miller,Brenda,Miller,,1989-09-04,hoopernancy@example.net,316-679-5202x7989,mail
PTY002462,organization,Rosales-Weeks,,,Rosales-Weeks,,pachecoanna@example.net,972-684-5848,phone
PTY002463,organization,"Scott, Skinner and Johnston",,,"Scott, Skinner and Johnston",,roberttran@example.net,(358)907-2008x0570,phone
PTY002464,organization,Shields-Brandt,,,Shields-Brandt,,sean29@example.org,355-468-0846x90015,app
PTY002465,person,Kimberly James,Kimberly,James,,1951-01-28,jane49@example.net,+1-647-800-2519x06724,phone
PTY002466,person,Brent Mcmillan,Brent,Mcmillan,,1995-10-01,knorris@example.com,+1-577-747-6308,mail
PTY002467,organization,Anderson-Herrera,,,Anderson-Herrera,,duffycody@example.net,2066347418,app
PTY002468,person,Pamela Taylor,Pamela,Taylor,,1986-11-04,ericsmith@example.net,757.733.6828x7657,phone
PTY002469,person,Michael Rivera,Michael,Rivera,,1968-11-08,shelley85@example.org,001-566-248-7826x4871,mail
PTY002470,person,Brett Thompson,Brett,Thompson,,1964-09-07,richard45@example.org,647.698.5294,email
PTY002471,person,Spencer Mitchell,Spencer,Mitchell,,1948-10-03,nathan56@example.org,001-537-906-9511x81961,phone
PTY002472,organization,Pena-Bailey,,,Pena-Bailey,,frank98@example.org,+1-333-824-1997x71180,app
PTY002473,person,Scott Bowers,Scott,Bowers,,1960-10-01,nicholasgallegos@example.net,+1-609-985-9271x436,phone
PTY002474,organization,Lutz-Harris,,,Lutz-Harris,,kimberly68@example.net,001-938-861-6187,email
PTY002475,person,Kurt Acosta,Kurt,Acosta,,1976-05-01,fernandezjaime@example.net,(752)717-9005x31260,mail
PTY002476,organization,"Singleton, Evans and Taylor",,,"Singleton, Evans and Taylor",,sara95@example.net,001-976-595-5912x68130,app
PTY002477,person,Shannon Clark,Shannon,Clark,,1993-11-16,michaelsellers@example.org,(234)459-2325,app
PTY002478,organization,Bailey-Copeland,,,Bailey-Copeland,,starkkatie@example.org,001-474-935-1492x863,email
PTY002479,person,Jaclyn Moore,Jaclyn,Moore,,1947-06-28,cscott@example.org,210.460.7634x43346,mail
PTY002480,person,Debra Levy,Debra,Levy,,1991-07-25,nwaller@example.org,001-456-341-6298x7025,app
PTY002481,organization,Griffith-Liu,,,Griffith-Liu,,erica35@example.org,223.468.5044x8526,email
PTY002482,person,Lynn Frey,Lynn,Frey,,1963-06-04,diana22@example.com,2552306113,app
PTY002483,person,Joseph Douglas,Joseph,Douglas,,2002-10-27,thomassingleton@example.org,540.587.0568,sms
PTY002484,person,Matthew Dodson,Matthew,Dodson,,1968-01-20,williamlawrence@example.org,228.743.9974x86980,app
PTY002485,person,Jennifer Freeman,Jennifer,Freeman,,2005-12-20,margaretrandall@example.net,2796266094,phone
PTY002486,person,Johnathan Wilkerson,Johnathan,Wilkerson,,1965-11-27,garcialindsay@example.org,966-455-8990x65869,mail
PTY002487,person,Frank Jackson,Frank,Jackson,,1953-01-26,kingandrew@example.com,519.810.6971,app
PTY002488,organization,Morgan Inc,,,Morgan Inc,,brucetina@example.org,8283612232,email
PTY002489,person,Joseph Baldwin,Joseph,Baldwin,,1949-08-30,sarah42@example.org,292-324-3023x200,phone
PTY002490,person,James West,James,West,,2004-07-22,amypowers@example.com,+1-835-309-7913x53295,mail
PTY002491,person,Daisy Washington,Daisy,Washington,,1968-08-31,briannashannon@example.net,846.376.4089x77953,email
PTY002492,person,Rebecca Smith,Rebecca,Smith,,1953-08-02,maybernard@example.org,(833)360-2731x5672,app
PTY002493,organization,Reese-Sloan,,,Reese-Sloan,,rubenmatthews@example.com,398-697-7738x24382,mail
PTY002494,person,Ryan Wheeler,Ryan,Wheeler,,1951-12-27,victoriashah@example.org,781.238.5223,phone
PTY002495,person,Paul Washington,Paul,Washington,,1942-07-29,samantha01@example.com,212-545-2292x4567,email
PTY002496,organization,"Mccarthy, Stein and Terry",,,"Mccarthy, Stein and Terry",,austin62@example.net,+1-933-774-1535x833,app
PTY002497,person,Kristin Miller,Kristin,Miller,,2002-05-03,petersonkathryn@example.net,+1-445-587-5950x8257,app
PTY002498,person,Hunter Wolfe,Hunter,Wolfe,,1953-09-17,smithadam@example.com,686-994-8467,mail
PTY002499,person,Jennifer Mullins,Jennifer,Mullins,,1952-02-26,adamsjohn@example.com,+1-465-708-6922x7025,sms
PTY002500,person,Leah Reid,Leah,Reid,,1988-10-21,patricia11@example.net,+1-205-656-2412x66768,sms
PTY002501,person,Stephanie Stevenson,Stephanie,Stevenson,,1979-05-23,cturner@example.org,864.724.5320,phone
PTY002502,person,Joseph Barber,Joseph,Barber,,1956-01-06,tiffanywalters@example.com,540.337.1524,app
PTY002503,person,Bradley Brown,Bradley,Brown,,1986-09-12,pferguson@example.org,+1-653-912-2526x497,sms
PTY002504,organization,"Ford, Graham and Santos",,,"Ford, Graham and Santos",,kroberts@example.net,(630)270-7810x10124,mail
PTY002505,organization,Myers-Bowman,,,Myers-Bowman,,danielrodgers@example.com,390-604-4910x0723,sms
PTY002506,organization,"Thompson, Johnson and Carroll",,,"Thompson, Johnson and Carroll",,allenrosario@example.com,5413210704,sms
PTY002507,person,Anthony Bailey,Anthony,Bailey,,1994-03-09,robinsonmichael@example.net,678.550.6606x75141,phone
PTY002508,person,Michael Jones,Michael,Jones,,1968-02-22,knightdavid@example.net,(877)302-1538,app
PTY002509,organization,Oconnell Inc,,,Oconnell Inc,,millerjenna@example.org,001-871-743-5934x1061,mail
PTY002510,person,Alex Scott,Alex,Scott,,1988-03-04,ulopez@example.com,210.973.7122,sms
PTY002511,organization,Morris Inc,,,Morris Inc,,manuel24@example.org,+1-586-509-6925,app
PTY002512,person,Rick Garcia,Rick,Garcia,,1941-09-22,kimberlywhitaker@example.net,940-309-9812,sms
PTY002513,person,Victoria Matthews,Victoria,Matthews,,1985-09-28,zacharywest@example.com,001-415-894-9254x3450,app
PTY002514,person,Ronald Newman,Ronald,Newman,,1973-04-26,amandamckinney@example.net,+1-466-948-1105x129,mail
PTY002515,person,Eddie Nelson,Eddie,Nelson,,1942-01-06,fvasquez@example.net,536.777.8107x08240,email
PTY002516,person,Christopher Neal,Christopher,Neal,,2001-01-10,jamesgill@example.com,292.308.2366x162,mail
PTY002517,person,Sean Villegas,Sean,Villegas,,1950-12-26,jessica26@example.net,(208)469-6110x8403,email
PTY002518,person,Dominique Powers,Dominique,Powers,,1973-03-16,nvillanueva@example.com,2868333995,app
PTY002519,person,Peter Sullivan,Peter,Sullivan,,2008-07-30,ypatterson@example.net,450-780-0509x08306,sms
PTY002520,organization,Holt PLC,,,Holt PLC,,belltheresa@example.com,(244)719-9412x43616,app
PTY002521,person,Alexander White,Alexander,White,,1983-12-20,alexanderchristopher@example.org,001-481-349-8367x84903,phone
PTY002522,person,Shannon Ramirez,Shannon,Ramirez,,1997-06-06,dicksonkatie@example.com,955.700.4375x315,email
PTY002523,person,Deanna Ortega,Deanna,Ortega,,1949-09-16,christinewilliams@example.net,986.603.9036,phone
PTY002524,person,Angela Ramos,Angela,Ramos,,1965-03-18,xkennedy@example.org,001-351-453-4743x92708,app
PTY002525,person,Brian Gardner,Brian,Gardner,,1992-08-07,clarkamber@example.org,303-820-8234,email
PTY002526,person,Alec Jennings,Alec,Jennings,,1942-05-20,tbailey@example.net,+1-851-666-1907,sms
PTY002527,person,Larry Huang,Larry,Huang,,1943-12-22,jeffrey94@example.net,+1-661-262-2277x26105,sms
PTY002528,person,Gary James,Gary,James,,1991-06-14,alexandraturner@example.com,(659)521-8956x886,app
PTY002529,person,Melissa Barnett,Melissa,Barnett,,1971-04-26,thompsonamber@example.net,261.744.4337x360,mail
PTY002530,person,Samuel Walker,Samuel,Walker,,1990-12-10,cmorrison@example.com,001-931-783-4290x02492,app
PTY002531,organization,Bradford LLC,,,Bradford LLC,,qramsey@example.org,812-816-7608x96010,sms
PTY002532,organization,Wagner-Howell,,,Wagner-Howell,,janiceanderson@example.com,(558)829-3854x04450,email
PTY002533,person,James Stephenson,James,Stephenson,,1954-03-20,nicholas69@example.org,514.349.8602x96532,mail
PTY002534,person,Melvin Walls,Melvin,Walls,,1942-03-20,msmith@example.org,+1-504-587-8601x508,email
PTY002535,person,Sarah Ramirez,Sarah,Ramirez,,1962-05-26,whiteallison@example.net,+1-945-641-8337x8814,app
PTY002536,person,Duane Bell,Duane,Bell,,1971-11-13,jeffrey20@example.org,+1-250-707-8677x550,phone
PTY002537,person,James Brady,James,Brady,,1973-08-27,pmarquez@example.org,(373)836-1424x7415,app
PTY002538,organization,"Walker, Gilbert and Kim",,,"Walker, Gilbert and Kim",,davidsonwilliam@example.net,(443)964-8517,app
PTY002539,person,Erin Garner,Erin,Garner,,1972-12-20,brianhughes@example.com,(401)774-1964x0009,app
PTY002540,person,Robert Dixon,Robert,Dixon,,1954-06-22,sara62@example.com,338.677.7654x02347,email
PTY002541,person,Melvin Blackwell,Melvin,Blackwell,,1971-06-13,donna02@example.net,+1-426-956-5293x6756,phone
PTY002542,person,Mitchell King,Mitchell,King,,1986-08-03,alexander49@example.net,293.697.5955x36422,phone
PTY002543,person,Samuel Rivera,Samuel,Rivera,,2000-12-17,troy65@example.net,001-639-501-8769x270,sms
PTY002544,person,William Rivera,William,Rivera,,1989-11-20,michellestone@example.org,(783)644-3029x973,sms
PTY002545,person,Joseph Boone,Joseph,Boone,,1995-05-12,bruce94@example.net,001-504-668-8698x90876,mail
PTY002546,organization,"Thompson, Martin and Gonzales",,,"Thompson, Martin and Gonzales",,wgarcia@example.com,+1-873-478-1561,phone
PTY002547,organization,Yang and Sons,,,Yang and Sons,,frandolph@example.org,001-887-331-4031x9166,email
PTY002548,person,Roger Collins,Roger,Collins,,1986-08-06,iwilliamson@example.net,001-496-476-2182x2479,email
PTY002549,organization,Snyder-Pearson,,,Snyder-Pearson,,rgonzales@example.com,467-714-8957,sms
PTY002550,organization,Herrera-Holt,,,Herrera-Holt,,suebarajas@example.net,600.993.4137x34542,app
PTY002551,person,Marisa Cardenas,Marisa,Cardenas,,1947-03-27,reedleroy@example.org,(218)919-5171,sms
PTY002552,person,Mackenzie Graham,Mackenzie,Graham,,1972-11-02,mhester@example.org,531-864-5383,phone
PTY002553,organization,Martin-Morris,,,Martin-Morris,,wyattsusan@example.org,921.701.2546,phone
PTY002554,person,Kayla Larson,Kayla,Larson,,1960-08-05,melinda77@example.org,517.405.6825,mail
PTY002555,organization,Jones LLC,,,Jones LLC,,markwood@example.org,(679)388-3686x3644,email
PTY002556,person,Anthony Powell,Anthony,Powell,,2005-09-02,karenbowers@example.com,001-439-320-6042x94299,phone
PTY002557,person,Christopher Gallegos,Christopher,Gallegos,,1958-11-01,nbaker@example.net,001-450-369-7820x99387,app
PTY002558,person,Cody Galvan,Cody,Galvan,,1955-05-18,jennifergilbert@example.org,001-690-915-0595,app
PTY002559,person,Tracey Miller,Tracey,Miller,,1978-09-26,sharptiffany@example.net,2303400546,app
PTY002560,person,Linda Mack,Linda,Mack,,1948-10-09,jason36@example.org,(474)332-1115x495,sms
PTY002561,person,Katherine Wells,Katherine,Wells,,1990-10-02,carlsonmegan@example.net,+1-709-613-6417x65920,app
PTY002562,person,Amber Harris,Amber,Harris,,1967-10-15,santanaveronica@example.org,(680)711-5360x96439,app
PTY002563,organization,"Kirk, Gonzalez and Adams",,,"Kirk, Gonzalez and Adams",,dclark@example.org,001-760-515-3530,sms
PTY002564,person,Harold Wise,Harold,Wise,,2006-05-23,tmcgee@example.net,+1-688-880-4970,mail
PTY002565,organization,Arnold-Haynes,,,Arnold-Haynes,,michael16@example.net,001-532-340-5741x1935,mail
PTY002566,person,Courtney Young,Courtney,Young,,1984-07-12,steelelisa@example.com,670.595.2185x8680,sms
PTY002567,person,Catherine Thomas,Catherine,Thomas,,1941-08-30,barajaszachary@example.net,292.558.5783x98037,mail
PTY002568,organization,Ruiz-Walton,,,Ruiz-Walton,,brettcoffey@example.net,(694)285-3074x87813,email
PTY002569,person,Jennifer Bailey,Jennifer,Bailey,,1985-03-15,glassalexis@example.org,001-718-613-6170x0048,email
PTY002570,person,Jessica Rodriguez,Jessica,Rodriguez,,1998-07-29,evelynortega@example.net,809-445-2553,email
PTY002571,person,Marcus Ward,Marcus,Ward,,1946-01-14,joseph29@example.net,301.909.3215x294,phone
PTY002572,person,Linda Rodriguez,Linda,Rodriguez,,1947-04-05,zachary32@example.com,001-309-265-2612x16694,sms
PTY002573,person,Aaron Brown,Aaron,Brown,,1988-12-30,jeffreydominguez@example.org,(679)365-5673x23836,sms
PTY002574,organization,Allen-Campbell,,,Allen-Campbell,,gregorywagner@example.net,649.405.3890x5950,app
PTY002575,person,Alicia Jones,Alicia,Jones,,1977-09-08,rayrivera@example.com,321.708.7274x1059,sms
PTY002576,person,Joyce Stein,Joyce,Stein,,1979-09-03,brooksmatthew@example.net,995-552-9643x5221,sms
PTY002577,person,David Torres,David,Torres,,1958-09-15,qhowe@example.org,001-480-820-2917,mail
PTY002578,person,Leonard Rodriguez,Leonard,Rodriguez,,1984-10-17,jenniferthomas@example.com,+1-257-581-3145x6253,email
PTY002579,organization,Stephenson LLC,,,Stephenson LLC,,robinsonalexis@example.org,514.964.4214,phone
PTY002580,person,Dawn Shaw,Dawn,Shaw,,2000-03-31,oconnellnathan@example.net,+1-822-977-0260x497,sms
PTY002581,person,Cheyenne Fitzgerald,Cheyenne,Fitzgerald,,1975-12-20,wdominguez@example.com,+1-896-941-1350x76499,phone
PTY002582,organization,Haynes Ltd,,,Haynes Ltd,,klee@example.com,200.371.1947x50522,sms
PTY002583,person,Carl Wilkerson,Carl,Wilkerson,,1994-05-08,aolsen@example.net,522-359-3323x8143,phone
PTY002584,person,Richard Davila,Richard,Davila,,1945-10-08,vmercer@example.net,+1-774-346-9707x11989,phone
PTY002585,person,Latoya Wilson,Latoya,Wilson,,1974-05-01,landerson@example.org,871.655.8602,phone
PTY002586,person,David Powell,David,Powell,,1952-10-20,matthew88@example.net,269-737-1478x7508,phone
PTY002587,person,Debbie Stevens,Debbie,Stevens,,1945-03-01,smalllori@example.com,644.540.0274x89424,phone
PTY002588,person,Scott Petersen,Scott,Petersen,,1968-05-03,dpatterson@example.com,986-971-1881x6182,app
PTY002589,person,Deanna Phillips,Deanna,Phillips,,1971-01-07,aroberts@example.com,745.627.3318x81567,phone
PTY002590,person,David Lewis,David,Lewis,,1963-07-07,courtney55@example.net,797.507.9077x045,email
PTY002591,person,Anthony Smith,Anthony,Smith,,1973-09-16,dalereilly@example.org,(772)859-2129,mail
PTY002592,organization,Vazquez-Green,,,Vazquez-Green,,michael25@example.org,974.685.6526x4243,email
PTY002593,organization,Wagner and Sons,,,Wagner and Sons,,andrewmartinez@example.com,806-749-6072,email
PTY002594,person,Eric Brown,Eric,Brown,,1997-02-04,ramseywilliam@example.com,2965737250,sms
PTY002595,organization,Mccann Ltd,,,Mccann Ltd,,peter93@example.org,3507650696,sms
PTY002596,person,Rose Meyer,Rose,Meyer,,1959-04-03,david64@example.net,211-600-2089x676,app
PTY002597,person,Brian Clarke,Brian,Clarke,,1950-06-29,sonyadavis@example.com,875-219-6792,mail
PTY002598,person,Matthew Jordan,Matthew,Jordan,,1956-08-27,averyerika@example.org,422-407-0431x077,app
PTY002599,person,Douglas Owens,Douglas,Owens,,1982-10-03,rita93@example.net,(574)228-6017x6787,mail
PTY002600,person,David Brown,David,Brown,,1954-10-08,delgadogeorge@example.net,(938)735-2237,app
PTY002601,person,Bradley Mitchell,Bradley,Mitchell,,1976-05-21,sandersjohn@example.org,848-396-8460x412,email
PTY002602,organization,Ramsey-Richardson,,,Ramsey-Richardson,,david93@example.org,+1-999-870-2146x16904,mail
PTY002603,person,Charles Hernandez,Charles,Hernandez,,1982-04-08,pstanley@example.net,(844)919-0437x702,app
PTY002604,person,Sandy Johnson,Sandy,Johnson,,1941-06-06,manuelosborne@example.org,672.746.4560,app
PTY002605,person,Monica Miller,Monica,Miller,,1981-01-27,pruittluke@example.com,001-332-426-7911x1785,mail
PTY002606,person,Michael Dawson,Michael,Dawson,,1987-02-02,lwhite@example.org,(994)722-2925x3841,mail
PTY002607,person,Krystal Mendoza,Krystal,Mendoza,,2003-12-02,zmiller@example.com,+1-572-524-5883x66079,app
PTY002608,person,Wendy Campbell,Wendy,Campbell,,1975-09-02,jessicalang@example.com,236.915.9266x86680,sms
PTY002609,person,Brianna Butler,Brianna,Butler,,1956-12-10,johnsonjacob@example.org,250.593.6047x0928,email
PTY002610,person,Patricia Chavez,Patricia,Chavez,,1946-08-18,douglas13@example.com,772-679-3922x6894,mail
PTY002611,organization,Jimenez Group,,,Jimenez Group,,cheryldaniel@example.org,(398)832-4072x8195,email
PTY002612,person,Samantha Ortega,Samantha,Ortega,,1942-06-10,greeneanna@example.org,409-433-6272x445,sms
PTY002613,organization,Howard-Green,,,Howard-Green,,zfreeman@example.org,001-372-822-1553x250,sms
PTY002614,person,Christine Lane,Christine,Lane,,1993-08-09,ashleyvelez@example.com,(711)365-1608x624,app
PTY002615,person,Jeffrey Perkins,Jeffrey,Perkins,,1969-09-14,averystephanie@example.com,929-466-4711x81320,phone
PTY002616,person,James Berry,James,Berry,,1980-05-18,medinateresa@example.com,(706)736-9851x676,mail
PTY002617,organization,"Montgomery, Goodwin and Jones",,,"Montgomery, Goodwin and Jones",,abolton@example.net,360.622.3644x995,sms
PTY002618,person,Jimmy Estrada,Jimmy,Estrada,,1990-12-04,james42@example.com,+1-416-426-3177x744,phone
PTY002619,person,Dustin Hodge,Dustin,Hodge,,1986-12-18,david19@example.com,381.990.3473,mail
PTY002620,person,Mark Johnson,Mark,Johnson,,1952-09-23,amber85@example.org,833.527.1045x35135,mail
PTY002621,person,Traci Fletcher,Traci,Fletcher,,2008-07-02,camerongonzales@example.org,+1-516-433-5471x543,sms
PTY002622,person,Mario Rodriguez,Mario,Rodriguez,,1995-03-16,jstephens@example.net,+1-620-768-2994x58028,sms
PTY002623,person,Steven Craig,Steven,Craig,,1969-02-15,avilaelizabeth@example.net,662-754-9931,phone
PTY002624,organization,Blair LLC,,,Blair LLC,,gonzalezsamantha@example.com,836-274-6161,phone
PTY002625,organization,Nelson-Perez,,,Nelson-Perez,,webbelizabeth@example.net,867.712.7470,phone
PTY002626,person,Sylvia Ballard,Sylvia,Ballard,,1952-07-21,chavezallison@example.net,806-497-2967x2041,sms
PTY002627,person,Chloe Brown,Chloe,Brown,,1992-02-24,newmanpamela@example.net,+1-775-586-4740x1925,app
PTY002628,person,Natalie Chavez,Natalie,Chavez,,1963-07-01,lauren46@example.org,(614)738-4039x72675,mail
PTY002629,person,Scott Cardenas,Scott,Cardenas,,1983-09-25,perkinschristopher@example.org,(409)456-3603x855,phone
PTY002630,person,James Shepard,James,Shepard,,1950-10-26,ntucker@example.com,958.859.9197,mail
PTY002631,person,John Cox,John,Cox,,2004-01-28,qpadilla@example.net,(825)443-7636,phone
PTY002632,person,Wayne Davis,Wayne,Davis,,1972-02-10,hannasamuel@example.org,+1-759-455-3945x0698,mail
PTY002633,person,Catherine Medina,Catherine,Medina,,1956-09-24,lawsonjessica@example.net,(685)554-1793,app
PTY002634,organization,Collins PLC,,,Collins PLC,,bakerrenee@example.com,940-696-7624x285,sms
PTY002635,person,Antonio Johnson,Antonio,Johnson,,1993-08-26,erik77@example.org,954.976.6307,sms
PTY002636,person,Luke Estrada,Luke,Estrada,,1940-09-27,fosterdiana@example.org,+1-340-372-3461x504,app
PTY002637,organization,Williams-Hernandez,,,Williams-Hernandez,,donaldmatthews@example.com,339-300-2950,email
PTY002638,person,Kevin Scott,Kevin,Scott,,1986-08-09,kthompson@example.org,001-955-752-3783x904,email
PTY002639,person,Timothy Carrillo,Timothy,Carrillo,,1962-01-11,shebert@example.com,(863)733-3884,email
PTY002640,person,Carl Ellison,Carl,Ellison,,1954-10-22,anna08@example.org,713-501-6064x4903,sms
PTY002641,person,Nancy Roberts,Nancy,Roberts,,2004-03-05,sanfordfelicia@example.net,+1-333-843-0718x2182,email
PTY002642,person,Ellen Wilkerson,Ellen,Wilkerson,,1985-12-21,ashleynixon@example.org,867.981.1080x23883,sms
PTY002643,person,Renee Townsend,Renee,Townsend,,1950-04-07,shannon53@example.com,(844)411-9354x72863,sms
PTY002644,person,Kevin Smith,Kevin,Smith,,1951-05-19,waynebaker@example.net,(703)217-5914,app
PTY002645,organization,"Williams, Day and Pena",,,"Williams, Day and Pena",,katie28@example.com,+1-539-453-9106x733,sms
PTY002646,person,Sean Cordova,Sean,Cordova,,1962-06-25,stacyphillips@example.net,4245966899,email
PTY002647,person,Sydney Cox,Sydney,Cox,,1964-03-11,jocelyn01@example.org,+1-215-744-4847x92074,email
PTY002648,person,Daniel Luna,Daniel,Luna,,1987-10-03,msmith@example.net,(421)777-5990,app
PTY002649,person,Kimberly Goodman,Kimberly,Goodman,,1983-05-21,audreyjohnson@example.org,(304)210-3728,app
PTY002650,organization,Stout PLC,,,Stout PLC,,vjackson@example.com,251-426-3700x79633,app
PTY002651,person,Eric Garcia,Eric,Garcia,,1967-01-20,ikim@example.net,+1-721-727-4621x334,sms
PTY002652,person,Anna Fowler,Anna,Fowler,,2005-02-23,suzanne56@example.org,692-695-9099,sms
PTY002653,organization,Christensen Group,,,Christensen Group,,samantha76@example.org,001-878-725-6485x86476,mail
PTY002654,person,Rachel Morris,Rachel,Morris,,1974-07-04,usharp@example.org,+1-665-706-7996,email
PTY002655,person,Carl Brooks,Carl,Brooks,,1984-05-04,edwardsderrick@example.com,(287)604-2646x97950,app
PTY002656,person,Haley Russell,Haley,Russell,,1941-03-02,trobinson@example.org,450.741.6275x02092,mail
PTY002657,person,Gregory Lopez,Gregory,Lopez,,1993-06-22,annthompson@example.net,001-644-962-7635x1487,phone
PTY002658,person,Crystal Edwards,Crystal,Edwards,,1947-05-07,emilygould@example.com,(389)838-5335x849,mail
PTY002659,organization,"Reed, Raymond and Nielsen",,,"Reed, Raymond and Nielsen",,douglas87@example.net,+1-551-320-9018x17497,app
PTY002660,person,David Mitchell,David,Mitchell,,1982-01-11,ballen@example.org,001-889-310-5045,email
PTY002661,person,Christine Chavez,Christine,Chavez,,1984-11-10,bryan59@example.com,(483)244-5942x104,phone
PTY002662,person,Erica Stein,Erica,Stein,,1996-01-29,walterjacob@example.net,(354)790-7872x55054,phone
PTY002663,person,Victoria Martinez,Victoria,Martinez,,1943-12-26,stephenconley@example.com,6793606169,sms
PTY002664,person,Jason Diaz,Jason,Diaz,,1947-07-21,lisabaker@example.net,969.955.9582,sms
PTY002665,organization,"Brown, Ortiz and Harvey",,,"Brown, Ortiz and Harvey",,oliviaperry@example.net,456-994-9060,mail
PTY002666,person,Roger Smith,Roger,Smith,,1952-04-04,michaeljones@example.org,9945596915,mail
PTY002667,person,Jane Burke,Jane,Burke,,2000-08-24,annaho@example.net,(933)275-9849x13878,app
PTY002668,organization,Hoffman Inc,,,Hoffman Inc,,wilsonjerry@example.com,+1-252-933-1432x417,mail
PTY002669,person,Natalie Gill,Natalie,Gill,,1950-07-18,xgordon@example.net,(433)487-9081x32208,phone
PTY002670,person,Natasha Torres,Natasha,Torres,,1976-01-12,donna35@example.org,+1-678-481-6495x710,email
PTY002671,person,Elizabeth Peterson,Elizabeth,Peterson,,1983-01-17,smithkimberly@example.net,(384)522-4170,phone
PTY002672,person,Melissa Glover,Melissa,Glover,,1956-12-10,rvasquez@example.org,503-505-7925x173,email
PTY002673,person,Sandra Meyer,Sandra,Meyer,,1956-07-16,wmason@example.org,7156297968,phone
PTY002674,person,Richard Miller,Richard,Miller,,1966-12-07,dsmith@example.com,(808)821-2407,email
PTY002675,person,Justin Fields,Justin,Fields,,1963-09-13,paulclayton@example.org,835-701-1344,email
PTY002676,person,Anthony Anderson,Anthony,Anderson,,1979-01-18,wilkinsonalisha@example.net,001-494-754-9497,app
PTY002677,person,Kenneth Kirby,Kenneth,Kirby,,1985-07-14,robertsjohn@example.com,(217)656-3949,email
PTY002678,person,Lisa Nguyen,Lisa,Nguyen,,2000-02-12,kevin46@example.net,(874)681-4525x288,app
PTY002679,person,Nicholas Hancock,Nicholas,Hancock,,2000-12-01,pattywright@example.org,784.621.3913x6997,email
PTY002680,person,Alison Gilbert,Alison,Gilbert,,1973-11-23,iwebb@example.net,001-571-654-2241x25038,app
PTY002681,person,Katherine Lopez,Katherine,Lopez,,1973-01-07,henryvillegas@example.com,(907)241-9753,email
PTY002682,person,Sherry Williams,Sherry,Williams,,1969-12-10,evanlarson@example.net,+1-287-773-3521,sms
PTY002683,person,Sabrina Lopez,Sabrina,Lopez,,1984-04-09,rdiaz@example.net,(363)221-8945,phone
PTY002684,person,Angela Reed,Angela,Reed,,1975-03-28,roserhonda@example.net,+1-642-581-7834x206,mail
PTY002685,person,James Hull,James,Hull,,1991-06-03,matthew43@example.org,697-419-7204x0932,phone
PTY002686,organization,Rowe-Clayton,,,Rowe-Clayton,,glennchloe@example.org,+1-673-616-3324x30872,phone
PTY002687,person,Timothy Allen,Timothy,Allen,,1979-09-09,livingstondavid@example.org,325-279-8969,email
PTY002688,person,Dwayne York,Dwayne,York,,1979-06-04,thomasmartin@example.com,595-320-7699x1528,sms
PTY002689,person,Christopher Schroeder,Christopher,Schroeder,,1972-04-01,whunter@example.org,(965)801-8005x44027,mail
PTY002690,organization,Wilson and Sons,,,Wilson and Sons,,connortaylor@example.com,(510)900-3668x574,sms
PTY002691,organization,"Young, Nelson and Yates",,,"Young, Nelson and Yates",,mcgeeamy@example.com,516.930.2129x18236,mail
PTY002692,person,Teresa Rivera,Teresa,Rivera,,1948-05-30,taylorelizabeth@example.org,001-931-602-6237x0506,app
PTY002693,person,Angela Cantu,Angela,Cantu,,1986-09-29,ernest29@example.org,746-254-7631x69145,app
PTY002694,organization,Cruz and Sons,,,Cruz and Sons,,yolanda42@example.org,324.966.7622x676,mail
PTY002695,organization,Schneider-Chapman,,,Schneider-Chapman,,linda52@example.org,220-859-6425x4978,mail
PTY002696,organization,Perez-Miller,,,Perez-Miller,,pwilliams@example.org,589-773-1160x1565,app
PTY002697,person,Jacob Davis,Jacob,Davis,,1993-04-05,joshua24@example.org,850-243-7908,sms
PTY002698,person,Amanda Hunt,Amanda,Hunt,,1963-09-27,patricia83@example.com,454-787-5979x974,app
PTY002699,person,Jessica Weeks,Jessica,Weeks,,1983-09-20,simonmelanie@example.org,(982)875-6849x7850,email
PTY002700,person,Rebecca Olson,Rebecca,Olson,,1953-01-17,jesse81@example.com,608.867.8945x11932,sms
PTY002701,person,Timothy Brewer,Timothy,Brewer,,1984-06-06,stevenjackson@example.com,700-329-5963,mail
PTY002702,person,Laurie Hansen,Laurie,Hansen,,1973-10-08,shaun53@example.org,6938613014,phone
PTY002703,person,Joshua Sanford,Joshua,Sanford,,1983-01-08,kmoore@example.net,610-236-7580x6932,email
PTY002704,person,Chad Davis,Chad,Davis,,1945-12-28,nicolechristensen@example.net,909.571.8467x9087,app
PTY002705,person,Thomas Maddox,Thomas,Maddox,,1947-11-23,ypham@example.org,959.927.4601x006,sms
PTY002706,person,Kelly Smith,Kelly,Smith,,1987-08-07,gbrown@example.org,(256)761-8061,mail
PTY002707,organization,Cochran Inc,,,Cochran Inc,,portermaria@example.org,2227212683,email
PTY002708,person,Cody Mcgee,Cody,Mcgee,,1949-01-01,juarezpatricia@example.org,001-969-334-9106x7698,mail
PTY002709,person,Bernard Pollard,Bernard,Pollard,,1959-11-15,christopher63@example.org,+1-722-851-9642,email
PTY002710,person,David Griffin,David,Griffin,,1948-02-04,villanuevatodd@example.org,744-696-5502x42182,sms
PTY002711,organization,"Warren, Rivera and Owens",,,"Warren, Rivera and Owens",,christine50@example.org,624-926-3352x3175,phone
PTY002712,person,Tyler Martinez,Tyler,Martinez,,1987-05-30,ericmoore@example.com,939-820-3186,app
PTY002713,person,Marie Floyd,Marie,Floyd,,1972-02-29,kyle22@example.net,001-278-807-3900x4963,phone
PTY002714,person,Robert Camacho,Robert,Camacho,,1992-04-07,staceyfletcher@example.com,+1-649-791-0471x6495,app
PTY002715,person,Dana Allison,Dana,Allison,,1990-08-01,regina57@example.com,001-513-471-5342x789,mail
PTY002716,person,Adriana Sweeney,Adriana,Sweeney,,1993-02-02,dustinlogan@example.org,866.654.8427x494,phone
PTY002717,person,Matthew Hill,Matthew,Hill,,1944-09-11,patriciajohnson@example.org,(714)536-6594,mail
PTY002718,person,Angela Tran,Angela,Tran,,2007-08-14,derekwright@example.com,001-933-756-6822x8965,sms
PTY002719,person,Kevin Valenzuela,Kevin,Valenzuela,,1950-10-31,mcphersontiffany@example.net,+1-980-913-3761x915,mail
PTY002720,person,Tara Garcia,Tara,Garcia,,1961-11-07,wilsonchristian@example.net,001-381-762-3153x94281,app
PTY002721,organization,"Ford, Bowen and Sullivan",,,"Ford, Bowen and Sullivan",,raycaleb@example.org,+1-375-205-7921x510,sms
PTY002722,person,Anthony Lane,Anthony,Lane,,1958-09-23,jeffrey02@example.com,232.406.5694x2763,app
PTY002723,person,Patrick Gonzalez,Patrick,Gonzalez,,1951-12-08,apacheco@example.net,511.943.1075,mail
PTY002724,person,Victoria Hill,Victoria,Hill,,1958-10-26,ryanwoodard@example.org,001-530-364-6143,email
PTY002725,person,Robert Turner,Robert,Turner,,1989-12-28,hannahbarber@example.com,405-984-7438x9475,phone
PTY002726,person,Laurie Martin,Laurie,Martin,,1961-06-23,lisa79@example.net,001-682-424-5540,email
PTY002727,person,David Smith,David,Smith,,1961-02-19,wwilson@example.com,885.845.3905x798,app
PTY002728,person,Sarah Bray,Sarah,Bray,,1970-01-17,melissalewis@example.net,930-902-5539x52563,sms
PTY002729,organization,"Francis, Garcia and Montoya",,,"Francis, Garcia and Montoya",,larryschmidt@example.com,9135111751,mail
PTY002730,person,Elizabeth Diaz,Elizabeth,Diaz,,1954-01-20,sthomas@example.net,+1-921-351-5694x4387,sms
PTY002731,person,Stephen Jones,Stephen,Jones,,1962-09-25,michaelhorton@example.net,+1-891-605-4825x62739,phone
PTY002732,person,James Osborne,James,Osborne,,1998-12-07,jordankatrina@example.org,+1-799-328-6878x4277,app
PTY002733,person,Leonard Sanders,Leonard,Sanders,,1970-08-19,brandonlawrence@example.net,(706)669-9128x568,phone
PTY002734,person,Kelly Fisher,Kelly,Fisher,,1996-08-14,jamiecannon@example.org,456-385-4026,sms
PTY002735,person,April Long,April,Long,,1987-11-18,baldwinkaren@example.com,323.851.8522,phone
PTY002736,person,Lori Ross,Lori,Ross,,1954-04-08,copelandjessica@example.org,+1-287-914-8454x430,email
PTY002737,person,Debbie Patton,Debbie,Patton,,1996-02-28,erojas@example.com,546-551-8316,email
PTY002738,person,Katherine Blackwell,Katherine,Blackwell,,1955-10-18,janicegonzalez@example.com,957.886.6070x250,email
PTY002739,person,Ronald Williams,Ronald,Williams,,1967-01-05,andrew52@example.com,406-889-6553,phone
PTY002740,person,Kathryn Scott,Kathryn,Scott,,1959-02-28,wongjordan@example.org,+1-240-243-9684x83596,mail
PTY002741,person,Adam Jones,Adam,Jones,,1985-08-17,adrianpalmer@example.org,(538)381-9392x7191,mail
PTY002742,person,Stephanie Ferguson,Stephanie,Ferguson,,2000-04-08,colecook@example.org,417.457.6018x08675,mail
PTY002743,person,Robert Torres,Robert,Torres,,1993-12-20,cookgina@example.net,928.516.6517,sms
PTY002744,person,Chris Miller,Chris,Miller,,1982-07-06,ksantana@example.org,535-927-6255,phone
PTY002745,person,Rodney Wood,Rodney,Wood,,1947-01-10,lukemolina@example.com,+1-551-863-9172x7154,sms
PTY002746,person,George Davis,George,Davis,,1990-12-07,justinyoung@example.com,8339460749,email
PTY002747,organization,Griffin-Brewer,,,Griffin-Brewer,,ronnie54@example.net,782-718-7398x212,mail
PTY002748,person,William Ayers,William,Ayers,,2005-12-05,cramirez@example.com,2318513465,phone
PTY002749,person,Marcus Barnes,Marcus,Barnes,,1978-12-30,onorris@example.net,544.677.1341x2538,mail
PTY002750,person,Michelle Miller,Michelle,Miller,,1969-07-22,kimberly29@example.net,001-597-566-5620x6703,email
PTY002751,person,Tiffany Alexander,Tiffany,Alexander,,1986-12-27,tgibson@example.org,4842397118,mail
PTY002752,person,Rachel Robinson,Rachel,Robinson,,2003-02-12,austin35@example.net,001-882-671-7320x31066,phone
PTY002753,person,Rachel Park,Rachel,Park,,1947-04-10,thomas87@example.net,+1-997-388-8458x7957,phone
PTY002754,person,Corey Russo,Corey,Russo,,1946-08-08,mlowery@example.com,(419)906-9239x51083,email
PTY002755,organization,"Black, Sanders and Meyer",,,"Black, Sanders and Meyer",,qweaver@example.net,001-784-220-0326,phone
PTY002756,person,Darlene Ferrell,Darlene,Ferrell,,2000-06-21,ruth41@example.org,620-776-5133x529,mail
PTY002757,person,Thomas Brown,Thomas,Brown,,1989-02-27,eroy@example.org,+1-549-829-7045,sms
PTY002758,person,Amy Ross,Amy,Ross,,1950-06-22,yjenkins@example.org,335-745-6143,email
PTY002759,organization,"Gonzalez, Ortega and Hunt",,,"Gonzalez, Ortega and Hunt",,gabriellatorres@example.net,001-795-231-2008,app
PTY002760,person,Larry Compton,Larry,Compton,,1942-09-20,joshuarowland@example.com,3365423733,sms
PTY002761,person,Kerry Schultz,Kerry,Schultz,,1961-11-22,carterconnie@example.org,297.362.1779x42921,sms
PTY002762,person,Troy Simpson,Troy,Simpson,,1958-12-01,christopherpeterson@example.org,850.379.6313x2404,sms
PTY002763,person,Cindy Barnes,Cindy,Barnes,,1984-07-10,christopher66@example.org,514.957.0658x6862,phone
PTY002764,person,William Horton,William,Horton,,1971-03-26,ddavis@example.org,(819)999-3917,phone
PTY002765,person,Aaron Huffman,Aaron,Huffman,,2007-06-08,awalsh@example.org,(979)662-4452,sms
PTY002766,person,Stacy Smith,Stacy,Smith,,2006-09-03,robinsonamy@example.net,+1-606-946-5949x1868,phone
PTY002767,person,Heidi Guzman,Heidi,Guzman,,1953-11-14,adriangriffith@example.org,(768)768-7037,app
PTY002768,person,Tara Rojas,Tara,Rojas,,1974-02-16,kristi45@example.com,001-365-530-9246x430,mail
PTY002769,person,David Thompson,David,Thompson,,2007-04-17,qwood@example.org,(626)764-3509,email
PTY002770,person,Mitchell Stevenson,Mitchell,Stevenson,,1984-07-21,shall@example.net,(266)522-4776,app
PTY002771,person,Tina Hernandez,Tina,Hernandez,,1987-01-03,olsonchad@example.org,(545)888-6417,app
PTY002772,person,Cheyenne Morrison,Cheyenne,Morrison,,1985-06-27,katelynsalazar@example.org,583.838.7688,sms
PTY002773,person,Alejandra Gibbs,Alejandra,Gibbs,,1950-11-22,william73@example.net,001-568-916-5223x5079,phone
PTY002774,person,Amy Henry,Amy,Henry,,1990-07-28,dean99@example.net,6684496033,mail
PTY002775,person,Brooke Monroe,Brooke,Monroe,,1982-09-06,brian67@example.org,001-826-962-8107x6777,app
PTY002776,person,Emily Perez,Emily,Perez,,1981-08-28,ejones@example.net,5595746899,email
PTY002777,person,Antonio Lewis,Antonio,Lewis,,1973-10-10,brad62@example.com,(961)903-3248,sms
PTY002778,person,Jacob Bell,Jacob,Bell,,1976-08-25,kimberly19@example.net,(961)832-9406x35724,app
PTY002779,person,Melinda Greene,Melinda,Greene,,1964-05-28,zcannon@example.com,+1-285-800-7284x38580,phone
PTY002780,person,Ryan Mcdaniel,Ryan,Mcdaniel,,1988-05-05,kristendaugherty@example.net,705-614-9048x73597,phone
PTY002781,person,Jeremiah Mitchell,Jeremiah,Mitchell,,1994-10-19,jimmy64@example.net,001-961-407-7997,app
PTY002782,person,Edward Thomas,Edward,Thomas,,1969-12-02,monica61@example.com,730.202.7027,mail
PTY002783,person,Melissa Alvarez,Melissa,Alvarez,,1969-04-03,sgallagher@example.com,001-293-380-5145x386,email
PTY002784,person,Sarah Black,Sarah,Black,,2000-02-06,mooresue@example.org,550.400.6991x5585,sms
PTY002785,person,Michelle Delacruz,Michelle,Delacruz,,1958-02-20,michael65@example.org,322.514.8944,sms
PTY002786,person,Christy Ayala,Christy,Ayala,,1979-10-23,diana76@example.net,+1-233-903-8156x959,mail
PTY002787,person,Alexander Rojas,Alexander,Rojas,,1986-07-24,tharper@example.org,6632611287,app
PTY002788,person,Janet Shaw,Janet,Shaw,,1948-05-27,chavezjames@example.org,+1-869-493-8214x52878,app
PTY002789,person,William Nixon,William,Nixon,,1956-09-02,normanjacob@example.com,2525185056,phone
PTY002790,organization,"Rodriguez, Davis and Delgado",,,"Rodriguez, Davis and Delgado",,bakerjessica@example.com,001-589-865-4981x8440,phone
PTY002791,organization,Branch-Stevens,,,Branch-Stevens,,rebeccamay@example.org,+1-254-287-4870x56623,sms
PTY002792,person,Martha Long,Martha,Long,,1941-03-03,joseph61@example.com,8128350665,mail
PTY002793,person,Mary Mathis,Mary,Mathis,,1997-03-10,anthony59@example.org,355.676.5789x37939,app
PTY002794,organization,Adams-Murray,,,Adams-Murray,,bushmark@example.org,896-609-1027,phone
PTY002795,person,Tyler Blankenship,Tyler,Blankenship,,1993-01-21,jacob32@example.org,919-902-6623,app
PTY002796,person,James Chen,James,Chen,,1978-04-15,pattonstacy@example.org,9982314523,mail
PTY002797,person,Jared Cruz,Jared,Cruz,,1995-03-01,joanwhite@example.com,225-265-6866x805,sms
PTY002798,organization,Baldwin PLC,,,Baldwin PLC,,samantha38@example.org,275-901-5438x57818,sms
PTY002799,person,Shawn Levy,Shawn,Levy,,1989-03-10,christine14@example.net,915.314.4661x99541,email
PTY002800,organization,Smith Group,,,Smith Group,,robert26@example.com,(788)754-5536x37766,mail
PTY002801,person,Christine Williams,Christine,Williams,,1985-10-21,joshualivingston@example.org,681.362.2664,email
PTY002802,organization,"Wong, Davis and Cruz",,,"Wong, Davis and Cruz",,anahall@example.org,001-558-705-3315x131,sms
PTY002803,organization,Wilson-Rodriguez,,,Wilson-Rodriguez,,kmosley@example.com,347.934.4793x72239,phone
PTY002804,person,Kathryn Jones,Kathryn,Jones,,1988-04-09,kgrant@example.com,685.984.3135x74087,email
PTY002805,organization,Johnson-Hayes,,,Johnson-Hayes,,ohernandez@example.com,275-865-7799,mail
PTY002806,person,David Villanueva,David,Villanueva,,1991-02-13,jose51@example.org,809.554.5519x24152,app
PTY002807,person,Larry King,Larry,King,,1945-03-31,fkirk@example.net,706.449.1445x337,app
PTY002808,person,Andrew Fuentes,Andrew,Fuentes,,1966-08-25,hillshelley@example.org,(341)557-3376x8409,app
PTY002809,person,Joseph Soto,Joseph,Soto,,1975-03-14,smithadam@example.org,001-757-314-5149,sms
PTY002810,person,Joshua Vincent,Joshua,Vincent,,1985-01-16,mark38@example.com,368.207.2966,sms
PTY002811,person,Amanda Allen,Amanda,Allen,,1976-02-16,reyesamber@example.net,(272)630-9907,email
PTY002812,organization,"Giles, Hill and Peterson",,,"Giles, Hill and Peterson",,greenjennifer@example.org,+1-899-508-1873x30027,email
PTY002813,person,Jennifer Taylor,Jennifer,Taylor,,2008-09-04,nwhite@example.com,269.750.4326,phone
PTY002814,person,Brenda Green,Brenda,Green,,1956-08-14,jason22@example.com,001-554-793-0539x73451,email
PTY002815,person,Lisa Matthews,Lisa,Matthews,,1960-11-06,robertschultz@example.org,001-609-589-7274x051,email
PTY002816,person,Danny Phelps,Danny,Phelps,,1960-07-04,moodycathy@example.org,001-236-256-4025x426,phone
PTY002817,person,Robert Fernandez,Robert,Fernandez,,1984-08-30,garymeyer@example.org,(479)493-8959x458,email
PTY002818,organization,Brown-Olson,,,Brown-Olson,,mmorris@example.com,+1-777-856-5512x889,mail
PTY002819,person,James Lopez,James,Lopez,,1974-01-31,xhenderson@example.com,5319012213,app
PTY002820,organization,Hartman-Davidson,,,Hartman-Davidson,,gregory44@example.net,535.445.7498x83968,app
PTY002821,person,Michael Watson,Michael,Watson,,1960-03-12,barryvincent@example.com,001-235-821-5173x466,email
PTY002822,person,Stephanie Cummings,Stephanie,Cummings,,1984-04-13,teresascott@example.org,(475)461-0801x030,phone
PTY002823,organization,Baldwin and Sons,,,Baldwin and Sons,,susan12@example.org,(898)532-3285x41422,email
PTY002824,person,Courtney Gutierrez,Courtney,Gutierrez,,2008-09-12,danielbaker@example.org,215.304.5196x7877,phone
PTY002825,person,Erika Fowler,Erika,Fowler,,1992-07-13,clarkroberto@example.com,(232)563-5546,email
PTY002826,person,James Hughes,James,Hughes,,1990-10-19,christopherwalter@example.com,719.473.2381x545,email
PTY002827,person,Shawn Travis,Shawn,Travis,,1978-10-05,xkim@example.org,+1-860-323-5640x9309,app
PTY002828,person,Carol Watson,Carol,Watson,,1973-06-27,ksimpson@example.com,001-699-993-8191,sms
PTY002829,person,Joshua Wilson,Joshua,Wilson,,1956-08-31,georgeeileen@example.org,(841)555-1758,app
PTY002830,person,Rachel Morse,Rachel,Morse,,1955-01-19,james27@example.org,(789)696-6686,app
PTY002831,person,Jason Davis,Jason,Davis,,1951-09-14,brownemily@example.com,(314)294-7396x543,email
PTY002832,person,Matthew Gonzales,Matthew,Gonzales,,1945-03-24,randolpherin@example.net,001-927-559-6088x95869,email
PTY002833,person,Vanessa Dillon,Vanessa,Dillon,,1961-01-30,jonathanmartin@example.org,494-252-1258x606,app
PTY002834,person,Katherine Woodard,Katherine,Woodard,,1948-01-09,flemingbrandon@example.net,001-799-215-1414x0508,email
PTY002835,person,Elizabeth Padilla,Elizabeth,Padilla,,1986-08-10,timothy42@example.net,001-763-664-1226x472,app
PTY002836,person,Hannah Lyons,Hannah,Lyons,,1991-01-19,justinlewis@example.net,(504)824-0817x4425,phone
PTY002837,person,Allison Rogers,Allison,Rogers,,1983-04-16,shannonli@example.com,620.491.8812x24661,app
PTY002838,person,Kimberly Herrera,Kimberly,Herrera,,1981-11-28,amatthews@example.net,(235)415-9117x53317,app
PTY002839,person,Emily Bell,Emily,Bell,,1954-07-30,victorwells@example.net,(304)937-7587x2537,app
PTY002840,organization,Johnson Inc,,,Johnson Inc,,jerry30@example.org,325.569.6474,mail
PTY002841,person,Sandra Young,Sandra,Young,,2003-07-08,kellybrooke@example.net,594.384.2266,app
PTY002842,person,Micheal Ware,Micheal,Ware,,1941-11-27,sheadawn@example.net,591-831-5653x6671,mail
PTY002843,person,Kevin Keith,Kevin,Keith,,1988-09-27,markburgess@example.com,922-582-3253x48529,email
PTY002844,person,Jennifer Carlson,Jennifer,Carlson,,1968-05-11,teresa75@example.net,635.221.9706,phone
PTY002845,organization,Roberts-Thomas,,,Roberts-Thomas,,morrisblake@example.com,978-230-7501x632,mail
PTY002846,organization,Curtis PLC,,,Curtis PLC,,kingmichelle@example.net,(426)896-3642x721,sms
PTY002847,person,Stacey Green,Stacey,Green,,1962-01-10,james76@example.net,+1-579-267-4672x6986,app
PTY002848,organization,Vazquez and Sons,,,Vazquez and Sons,,davidgilbert@example.net,001-382-617-0267x1996,mail
PTY002849,person,Melissa Campbell,Melissa,Campbell,,1947-02-08,david75@example.com,860-238-4952,sms
PTY002850,organization,Robertson-White,,,Robertson-White,,taraellis@example.com,001-461-541-0966x159,sms
PTY002851,person,Eric Rogers,Eric,Rogers,,2005-04-23,crose@example.net,250.469.0303x47112,mail
PTY002852,person,Taylor Johnson,Taylor,Johnson,,1998-01-27,rebeccamarks@example.net,(295)512-9207x223,sms
PTY002853,organization,Watson PLC,,,Watson PLC,,jeffreyjohnston@example.net,+1-451-911-3997x73879,phone
PTY002854,organization,"Esparza, Price and Kim",,,"Esparza, Price and Kim",,johnsmith@example.net,001-842-729-6651x444,app
PTY002855,person,Stephen Gonzalez,Stephen,Gonzalez,,2001-11-04,bmoore@example.com,314.384.9919x87202,mail
PTY002856,organization,Smith Inc,,,Smith Inc,,rachel98@example.org,001-217-696-3305x07495,sms
PTY002857,person,Justin Bradford,Justin,Bradford,,1952-05-01,ldavis@example.org,001-380-828-4416,mail
PTY002858,person,Brittany Werner,Brittany,Werner,,2006-02-21,rlamb@example.org,985.616.3238x13705,mail
PTY002859,person,Charles Sanchez,Charles,Sanchez,,1968-09-02,gregoryfarrell@example.com,+1-541-752-5838x516,email
PTY002860,person,Trevor Jones,Trevor,Jones,,1995-01-29,jenkinskristin@example.com,001-266-484-7132x901,app
PTY002861,person,Marilyn Banks,Marilyn,Banks,,2004-09-01,adrienne51@example.org,+1-258-411-0146,app
PTY002862,person,James Reese,James,Reese,,1957-09-20,cynthia96@example.net,(489)501-4081,sms
PTY002863,person,Matthew Perez,Matthew,Perez,,1946-04-05,thomascody@example.net,001-927-388-8478,sms
PTY002864,person,Amy Nash,Amy,Nash,,1954-03-27,kylecaldwell@example.com,001-405-310-4730x8028,phone
PTY002865,person,Jason Bush,Jason,Bush,,1988-02-27,mary24@example.net,943-604-4469,email
PTY002866,person,Dwayne Murphy,Dwayne,Murphy,,1968-10-16,kevinfrederick@example.org,001-601-397-6893x34500,app
PTY002867,organization,"Cox, Estrada and Gonzalez",,,"Cox, Estrada and Gonzalez",,lewisscott@example.com,(417)206-1668x4648,app
PTY002868,organization,"Boyd, Martinez and Collins",,,"Boyd, Martinez and Collins",,huntamanda@example.net,(992)934-4405x5724,app
PTY002869,person,George Gibbs,George,Gibbs,,1993-10-28,pcastaneda@example.com,(309)916-0494,email
PTY002870,person,Jill Moore,Jill,Moore,,1953-11-21,shannonanthony@example.com,7665863721,mail
PTY002871,person,Megan Palmer,Megan,Palmer,,1957-09-25,romankevin@example.org,001-857-812-6565x64165,phone
PTY002872,person,Robert Davis,Robert,Davis,,1971-11-26,maddoxlynn@example.org,5707180589,sms
PTY002873,person,Ashley Henry,Ashley,Henry,,1980-11-01,lindahenson@example.org,(652)257-6150x335,app
PTY002874,person,Mary Butler,Mary,Butler,,1975-01-02,qchambers@example.net,+1-783-504-3422x9978,phone
PTY002875,person,David Parrish,David,Parrish,,1987-09-23,brownjohn@example.net,+1-593-909-0400,sms
PTY002876,person,Sarah Golden,Sarah,Golden,,1964-03-01,martha90@example.org,205-765-0257x8709,app
PTY002877,person,Cheryl Thomas,Cheryl,Thomas,,2003-02-12,kmoss@example.org,863-669-1991x838,app
PTY002878,person,Alyssa Fernandez,Alyssa,Fernandez,,1966-08-05,rickyblankenship@example.com,763-467-7177,email
PTY002879,person,Carla Baldwin,Carla,Baldwin,,1987-01-21,sarah26@example.net,654-389-7881,mail
PTY002880,person,Hannah Scott,Hannah,Scott,,1997-05-09,lauragoodwin@example.com,8504875505,mail
PTY002881,organization,Phillips-Morrow,,,Phillips-Morrow,,stephensstephanie@example.net,001-588-967-8950x1391,email
PTY002882,organization,Gonzales LLC,,,Gonzales LLC,,evansgary@example.org,349.684.3828,sms
PTY002883,person,Allen Myers,Allen,Myers,,1961-12-08,rpatel@example.net,557.223.6273,app
PTY002884,person,Walter Duncan,Walter,Duncan,,1957-03-03,lucas44@example.com,+1-884-332-1095x4968,email
PTY002885,person,Tony Pham,Tony,Pham,,1985-12-25,brianorr@example.net,9998199846,sms
PTY002886,person,Carlos Smith,Carlos,Smith,,1979-10-15,david03@example.net,(262)757-6210x902,mail
PTY002887,person,Shawn Herman,Shawn,Herman,,1980-11-17,nathaniel00@example.com,841-456-6305x7275,email
PTY002888,person,Laurie Stein,Laurie,Stein,,1953-06-17,martinshannon@example.net,001-228-339-0537,app
PTY002889,person,Julie May,Julie,May,,1988-12-11,bpark@example.net,920.732.4893x237,mail
PTY002890,person,Robert Alvarez,Robert,Alvarez,,2003-08-03,selena68@example.com,224.914.8426,sms
PTY002891,organization,Howard-Oneill,,,Howard-Oneill,,samuel58@example.com,+1-578-656-4519x24279,email
PTY002892,person,Paul Maldonado,Paul,Maldonado,,1998-05-18,christopher52@example.org,+1-387-635-1187x78634,app
PTY002893,organization,Castro-Mendoza,,,Castro-Mendoza,,calexander@example.com,001-839-271-0318x87277,phone
PTY002894,person,Nancy Contreras,Nancy,Contreras,,1975-02-09,tkim@example.com,001-820-550-5784x6221,app
PTY002895,person,Jose Russell,Jose,Russell,,1947-01-05,xmathews@example.org,(931)221-4138x298,phone
PTY002896,person,Amanda Rivas,Amanda,Rivas,,1969-12-24,gedwards@example.net,966-201-7059x396,mail
PTY002897,person,Daniel Merritt,Daniel,Merritt,,1987-07-05,mike22@example.com,512-746-5529x5787,app
PTY002898,organization,Gray and Sons,,,Gray and Sons,,adamvelasquez@example.org,211.231.8002x149,app
PTY002899,person,Jennifer Cantrell,Jennifer,Cantrell,,1957-12-29,ubeltran@example.com,(577)434-3282x391,phone
PTY002900,person,Virginia Mccarthy,Virginia,Mccarthy,,1945-03-21,robertcarpenter@example.net,998-535-9808x469,sms
PTY002901,person,Devon Hooper,Devon,Hooper,,1971-07-19,william56@example.org,213.270.2446x9845,phone
PTY002902,person,Noah Conrad,Noah,Conrad,,1942-08-15,tanner30@example.com,(964)465-8899,sms
PTY002903,person,Valerie Adams,Valerie,Adams,,1961-02-27,pvelez@example.org,(584)220-9274,mail
PTY002904,organization,"Black, Jennings and Thomas",,,"Black, Jennings and Thomas",,whitekaren@example.com,+1-312-885-1368x4054,email
PTY002905,organization,"Rivera, Davies and Freeman",,,"Rivera, Davies and Freeman",,mirandamichele@example.com,575.619.0032x2607,mail
PTY002906,person,Kathleen Marshall,Kathleen,Marshall,,1991-07-16,john67@example.com,+1-546-543-1032,email
PTY002907,person,Amy Beck,Amy,Beck,,1964-10-18,john67@example.org,6587582196,app
PTY002908,person,Carrie Salazar,Carrie,Salazar,,1977-10-31,dillonharris@example.org,+1-912-355-8898x39230,phone
PTY002909,person,Joseph Anderson,Joseph,Anderson,,1993-06-26,tanner67@example.org,379.324.4547x597,mail
PTY002910,organization,Franco LLC,,,Franco LLC,,fmcbride@example.org,802-542-6459,phone
PTY002911,person,Ashley Ramirez,Ashley,Ramirez,,1969-10-17,nathan31@example.org,001-803-558-5872,mail
PTY002912,organization,"Lopez, Pratt and Bell",,,"Lopez, Pratt and Bell",,travisjones@example.org,(942)510-2387x2880,phone
PTY002913,organization,Daugherty-Peck,,,Daugherty-Peck,,ashley70@example.com,+1-895-499-0196x4335,app
PTY002914,organization,Perkins Inc,,,Perkins Inc,,charlesjones@example.org,470.200.0822x20532,phone
PTY002915,person,Amber Young,Amber,Young,,1989-08-08,patrick08@example.net,604.966.1710x14782,email
PTY002916,person,Madison Prince,Madison,Prince,,1982-06-25,mackrebecca@example.org,001-706-965-0688,mail
PTY002917,person,Jennifer Maxwell,Jennifer,Maxwell,,1953-02-23,mvaughan@example.org,(703)450-2450x63270,app
PTY002918,person,Megan Hill,Megan,Hill,,1946-09-12,qfranklin@example.net,001-356-646-8667x6469,email
PTY002919,person,Gabriel Wagner,Gabriel,Wagner,,1941-04-11,smithrebecca@example.org,001-913-574-3784x710,mail
PTY002920,person,William Thompson,William,Thompson,,2005-12-15,dylanboone@example.net,+1-783-637-6223x34501,sms
PTY002921,person,David Snyder,David,Snyder,,1965-10-28,aryan@example.com,800-400-5911,sms
PTY002922,person,Dawn Adams,Dawn,Adams,,1982-02-09,cindygarrett@example.org,789-714-0269x6315,app
PTY002923,person,Erica Williams,Erica,Williams,,1941-12-28,xwood@example.com,651.631.8382x370,sms
PTY002924,person,Jonathan Herrera,Jonathan,Herrera,,1984-02-20,allen38@example.org,585.441.8429,sms
PTY002925,organization,Singh-Ewing,,,Singh-Ewing,,ewilliams@example.com,837.201.0653,mail
PTY002926,organization,Phillips-Ramsey,,,Phillips-Ramsey,,emiller@example.net,710.882.6277,phone
PTY002927,person,Melinda Glass,Melinda,Glass,,1981-05-24,hamiltonandrew@example.org,469.360.9566x11828,email
PTY002928,person,Jasmin Benitez,Jasmin,Benitez,,1962-01-08,xtorres@example.net,309.675.3363,phone
PTY002929,person,Belinda Holden,Belinda,Holden,,1949-11-14,ghinton@example.net,+1-661-475-6863x45496,phone
PTY002930,person,Gerald Perry,Gerald,Perry,,1997-01-03,matthewcooper@example.org,8035580875,email
PTY002931,person,Jonathan Roberts,Jonathan,Roberts,,1947-04-20,huntermichael@example.org,688-231-9272x7783,phone
PTY002932,organization,Aguilar-Jennings,,,Aguilar-Jennings,,devinbernard@example.org,+1-216-571-7711,phone
PTY002933,person,Justin Thompson,Justin,Thompson,,2006-04-30,bwiggins@example.org,245.274.1791x8480,email
PTY002934,person,Anthony Smith,Anthony,Smith,,1996-12-05,perezbrian@example.net,+1-421-348-9040x1139,email
PTY002935,person,Michael Fields,Michael,Fields,,1999-07-13,carpentersteven@example.com,(344)637-6456,mail
PTY002936,person,Ronald Berry,Ronald,Berry,,1947-06-04,nraymond@example.com,570-591-4871x9290,email
PTY002937,person,Sherry Barron,Sherry,Barron,,1998-01-23,hbailey@example.net,889.468.1266x6991,phone
PTY002938,organization,"Love, Ellis and Chavez",,,"Love, Ellis and Chavez",,leonardwayne@example.net,(965)874-8659x77597,phone
PTY002939,person,Timothy Holt,Timothy,Holt,,1994-08-16,williamssteven@example.org,001-668-323-3733x9347,app
PTY002940,organization,"Higgins, Hamilton and Hart",,,"Higgins, Hamilton and Hart",,ccabrera@example.org,438.354.6052x173,sms
PTY002941,organization,Robinson Ltd,,,Robinson Ltd,,willie78@example.net,(988)802-2955,mail
PTY002942,organization,"Sherman, Brown and Mills",,,"Sherman, Brown and Mills",,tyronesutton@example.com,+1-691-690-6231x543,phone
PTY002943,person,Colleen Hart,Colleen,Hart,,1974-03-12,patricia70@example.net,+1-648-767-1172,mail
PTY002944,organization,"Bennett, Scott and Henderson",,,"Bennett, Scott and Henderson",,bookerjohn@example.com,(467)924-0896,app
PTY002945,person,Brian Zamora,Brian,Zamora,,1957-06-28,melaniewatson@example.com,(470)219-1871x71045,sms
PTY002946,person,Thomas Miller,Thomas,Miller,,1975-10-21,hernandezchristian@example.org,+1-396-305-0346,email
PTY002947,person,Thomas Phillips,Thomas,Phillips,,2004-07-22,qnolan@example.org,365-854-5123x355,phone
PTY002948,organization,Reese-Miller,,,Reese-Miller,,patrickhall@example.com,001-448-765-0074x435,sms
PTY002949,person,Melanie Smith,Melanie,Smith,,2007-07-30,gutierrezjerry@example.com,306.669.6778x134,mail
PTY002950,person,Laura Hernandez,Laura,Hernandez,,2005-03-27,amy64@example.net,753-350-9043,email
PTY002951,person,Martha Ramirez,Martha,Ramirez,,2005-03-09,mhurley@example.org,+1-346-451-3271x004,sms
PTY002952,person,Ruben Mckay,Ruben,Mckay,,2002-03-28,tiffany38@example.com,001-570-598-1920x50916,email
PTY002953,person,Ashley Navarro,Ashley,Navarro,,1951-01-05,lorettaowen@example.org,393-428-6571x19249,sms
PTY002954,person,William Manning,William,Manning,,1993-04-22,aaronjohnson@example.org,381.883.9245,phone
PTY002955,person,Troy Davis,Troy,Davis,,1971-05-05,tmartinez@example.net,(307)591-1729x23359,app
PTY002956,person,Jessica Ward,Jessica,Ward,,1946-04-24,john62@example.net,001-987-324-5040x94147,sms
PTY002957,person,Katelyn Patterson,Katelyn,Patterson,,1951-12-28,chrissantos@example.com,868-621-6362x9703,app
PTY002958,organization,"Delacruz, Yu and Snow",,,"Delacruz, Yu and Snow",,jhumphrey@example.net,(532)824-2637,email
PTY002959,person,William Miller,William,Miller,,1963-11-15,dalton52@example.net,001-878-647-5904x47417,phone
PTY002960,organization,Nelson Inc,,,Nelson Inc,,cooperbrenda@example.net,001-606-552-5329x3244,mail
PTY002961,organization,Acosta-Wilson,,,Acosta-Wilson,,luis08@example.net,001-297-875-4728x157,email
PTY002962,person,Rodney Reed,Rodney,Reed,,1989-03-29,garciaroy@example.org,(604)937-7149,phone
PTY002963,organization,Campbell LLC,,,Campbell LLC,,russellbailey@example.net,001-230-456-8208x08207,sms
PTY002964,person,George Johnson,George,Johnson,,1996-12-30,michaelsims@example.org,+1-994-423-5479x1302,mail
PTY002965,person,Briana Chung,Briana,Chung,,1941-06-22,garyharper@example.org,(879)298-8359x432,phone
PTY002966,person,Jesse Pittman,Jesse,Pittman,,1961-02-05,piercemelissa@example.com,700.437.8171x5068,sms
PTY002967,person,Kelly Smith,Kelly,Smith,,1975-06-03,lydia20@example.net,915-612-2866x00999,sms
PTY002968,person,Becky Hull,Becky,Hull,,1947-09-15,lrodriguez@example.org,264.387.3725,phone
PTY002969,organization,Stewart PLC,,,Stewart PLC,,hhunter@example.net,343.729.7867,sms
PTY002970,person,Larry Ayers,Larry,Ayers,,1985-06-05,lisadennis@example.net,001-259-995-7194x770,sms
PTY002971,person,Traci Greene,Traci,Greene,,1946-05-22,halljacob@example.com,259.721.7234,email
PTY002972,organization,"Miller, Flores and Rivers",,,"Miller, Flores and Rivers",,hfisher@example.net,+1-343-787-0611x5421,sms
PTY002973,person,Cheryl Harper,Cheryl,Harper,,2001-07-29,hansonjessica@example.com,595-317-3366x64814,phone
PTY002974,person,Jeffery Hayes,Jeffery,Hayes,,1958-08-31,esparzajulie@example.net,498-401-1063,mail
PTY002975,person,Joshua Nelson,Joshua,Nelson,,1951-07-10,qreed@example.net,001-951-389-8197x8551,email
PTY002976,person,Michael Brennan,Michael,Brennan,,1967-12-23,staffordrachel@example.com,(294)389-3049x408,app
PTY002977,organization,Blanchard Group,,,Blanchard Group,,richard81@example.net,+1-833-831-6792,phone
PTY002978,person,Keith Farmer,Keith,Farmer,,1997-08-06,jasminegriffin@example.org,299-390-6408x10671,phone
PTY002979,organization,Hanson-Wood,,,Hanson-Wood,,ballardvictoria@example.net,(608)765-3749,phone
PTY002980,person,Hannah Marquez,Hannah,Marquez,,1954-01-10,christopherdiaz@example.net,(365)249-3478x12688,sms
PTY002981,organization,Burton-Salinas,,,Burton-Salinas,,tholder@example.net,+1-832-401-9703x07817,sms
PTY002982,person,John Higgins,John,Higgins,,1962-12-19,samantha81@example.org,+1-691-627-7615x1807,app
PTY002983,person,David Price,David,Price,,1970-04-17,brownmolly@example.org,(697)965-7125x445,phone
PTY002984,person,Ashley Good,Ashley,Good,,1964-09-20,larsonbryce@example.net,+1-801-440-9054x449,app
PTY002985,organization,"Paul, Brooks and Clayton",,,"Paul, Brooks and Clayton",,jbailey@example.net,639.407.6667x524,phone
PTY002986,person,Alexis Bridges,Alexis,Bridges,,1947-10-09,timothy97@example.org,(858)511-2450x7783,sms
PTY002987,organization,Williams-Salinas,,,Williams-Salinas,,dmoss@example.org,001-522-771-6623,phone
PTY002988,person,Henry Barnes,Henry,Barnes,,1946-06-26,cbright@example.org,(255)381-3261x35427,phone
PTY002989,organization,"Archer, Arellano and Pierce",,,"Archer, Arellano and Pierce",,jameshampton@example.org,+1-300-725-3046x7407,phone
PTY002990,person,Jeffrey Wilson,Jeffrey,Wilson,,1945-12-25,richard83@example.com,(428)375-3184x83364,email
PTY002991,organization,Hernandez-Padilla,,,Hernandez-Padilla,,hking@example.com,001-216-963-9303x22168,app
PTY002992,person,Aaron Hunt,Aaron,Hunt,,1999-11-13,deckermadison@example.com,274-312-5121x88334,phone
PTY002993,person,Taylor Reeves,Taylor,Reeves,,1981-01-20,joseph55@example.com,(269)562-5367x11712,phone
PTY002994,person,Kevin Richardson,Kevin,Richardson,,2006-10-27,hholt@example.net,456.459.2300x224,sms
PTY002995,person,Jerry Moyer,Jerry,Moyer,,1946-12-09,tesparza@example.org,335.319.9972,mail
PTY002996,person,Casey Anderson,Casey,Anderson,,2007-12-27,scottkirk@example.net,+1-393-206-7642x01173,mail
PTY002997,person,Christian Salazar,Christian,Salazar,,1948-07-07,sosakatie@example.com,8058204956,phone
PTY002998,person,Jennifer Davis,Jennifer,Davis,,1954-05-02,margaretbullock@example.net,+1-902-853-2448x880,email
PTY002999,person,Carmen Hardy,Carmen,Hardy,,1970-05-11,steven65@example.com,895.592.8914,phone
PTY003000,person,Kathryn Martin,Kathryn,Martin,,1985-05-12,brandi11@example.com,4845781822,app
PTY003001,organization,"Reeves, Shelton and Walters",,,"Reeves, Shelton and Walters",,joshua48@example.com,356.694.4514x21572,sms
PTY003002,organization,Gray Inc,,,Gray Inc,,mbrown@example.net,343-482-7646,app
PTY003003,organization,Quinn LLC,,,Quinn LLC,,joseph25@example.net,001-513-272-0677,phone
PTY003004,organization,"Estes, Murray and Johnson",,,"Estes, Murray and Johnson",,jonathanhansen@example.org,5754391919,phone
PTY003005,person,Zachary Sutton,Zachary,Sutton,,1996-09-21,hicksjennifer@example.net,307-739-8485x50506,email
PTY003006,person,Clifford Miller,Clifford,Miller,,1968-11-30,stevenshaw@example.com,001-662-717-6272x43814,email
PTY003007,person,Robert Petersen,Robert,Petersen,,1964-08-02,fletchermichele@example.net,+1-675-730-1446x338,phone
PTY003008,organization,Campbell-Marsh,,,Campbell-Marsh,,martinezdouglas@example.org,+1-588-248-1312x059,app
PTY003009,person,Angela Meyer,Angela,Meyer,,1989-03-12,andrewknight@example.org,+1-822-502-4176x6970,sms
PTY003010,person,Heather Moore,Heather,Moore,,1951-11-30,czimmerman@example.com,8004977354,mail
PTY003011,person,Michael Calderon,Michael,Calderon,,1964-07-12,crossdonald@example.org,(853)801-2534x364,mail
PTY003012,person,Bonnie Marshall,Bonnie,Marshall,,1969-09-17,bwalters@example.com,903-414-8221x1945,phone
PTY003013,person,Andrew Callahan,Andrew,Callahan,,1966-03-24,tina21@example.com,001-585-855-0269x4505,phone
PTY003014,person,Brian Moore,Brian,Moore,,2007-10-04,kimberly93@example.net,(388)266-8980,mail
PTY003015,person,Ricardo Gregory,Ricardo,Gregory,,2004-09-18,alyssamitchell@example.com,001-230-952-3614x1637,sms
PTY003016,person,Dana Crawford,Dana,Crawford,,1958-06-13,paulawilliams@example.net,+1-950-329-4079x9397,phone
PTY003017,person,Brandon Baker,Brandon,Baker,,1965-11-06,mayskelsey@example.org,001-954-324-8784x0414,phone
PTY003018,person,Jorge Frazier,Jorge,Frazier,,1999-03-14,kfreeman@example.com,556-999-2291,phone
PTY003019,person,Crystal Aguilar,Crystal,Aguilar,,1983-06-25,sandersalexandra@example.net,6479633099,app
PTY003020,person,Kim Carlson,Kim,Carlson,,1961-06-13,mckeedestiny@example.net,(384)827-6774,sms
PTY003021,person,Matthew Osborne,Matthew,Osborne,,1959-10-04,wmoss@example.com,+1-856-337-1643,phone
PTY003022,person,Denise Mccarthy,Denise,Mccarthy,,1947-02-18,xtrujillo@example.net,(424)717-1687x478,mail
PTY003023,person,Richard Wright,Richard,Wright,,1990-07-12,glenmiller@example.org,302-688-3149,app
PTY003024,person,Chase Miller,Chase,Miller,,1991-03-03,brandonmiller@example.com,574-281-5796x1942,sms
PTY003025,person,Jacob Jones,Jacob,Jones,,1958-03-27,linda82@example.com,001-570-880-7092x78574,app
PTY003026,organization,"Roberts, Rivera and White",,,"Roberts, Rivera and White",,erika02@example.com,+1-915-446-6692x072,app
PTY003027,organization,Bowers and Sons,,,Bowers and Sons,,cortezalexandra@example.com,9867334453,app
PTY003028,person,Morgan Williams,Morgan,Williams,,1952-06-09,wattsstephanie@example.net,869-480-2844x02783,app
PTY003029,person,Donna Arnold,Donna,Arnold,,2002-06-22,christine41@example.net,+1-447-890-4475x15379,mail
PTY003030,person,Patricia Smith,Patricia,Smith,,1992-05-21,ismith@example.org,282.800.0297,email
PTY003031,person,Dana Cross,Dana,Cross,,1978-04-16,conniehenderson@example.net,230-592-2221x28816,app
PTY003032,organization,Weiss-Fuentes,,,Weiss-Fuentes,,jenniferhernandez@example.org,323.644.2416x0838,mail
PTY003033,person,Katherine Silva,Katherine,Silva,,1981-03-10,amber22@example.org,+1-232-328-4661x99971,app
PTY003034,person,Katie Ross,Katie,Ross,,1950-09-10,allenjeremy@example.net,621-945-5447x22700,app
PTY003035,person,Leah Barton,Leah,Barton,,1951-12-16,dianeaustin@example.com,503.974.8508,phone
PTY003036,person,Mary Bradford,Mary,Bradford,,1950-07-31,waltonpamela@example.org,(708)930-7736x6758,mail
PTY003037,person,Rebecca Friedman,Rebecca,Friedman,,1990-03-12,taylor33@example.org,838-637-9023x89405,sms
PTY003038,person,Erika Ellis,Erika,Ellis,,1992-07-26,cranegary@example.net,412.407.9624x80995,mail
PTY003039,person,Jose Anderson,Jose,Anderson,,1971-08-22,ronald73@example.com,(701)770-1175,mail
PTY003040,person,Heather Gibson,Heather,Gibson,,2000-01-31,timothy51@example.org,(974)244-9989x07167,app
PTY003041,person,Jimmy Patrick,Jimmy,Patrick,,2007-03-14,tracey92@example.org,+1-500-583-3418x71550,app
PTY003042,person,Brian Larsen,Brian,Larsen,,1975-05-20,leemike@example.org,637-331-2950,mail
PTY003043,person,Kellie Weaver,Kellie,Weaver,,1988-06-18,annette97@example.org,(429)527-8099,email
PTY003044,organization,"Bates, Anthony and Foster",,,"Bates, Anthony and Foster",,sotorobert@example.org,367-686-3038x169,email
PTY003045,person,Amy Castillo,Amy,Castillo,,1972-07-14,ihale@example.net,(444)949-1185x10154,app
PTY003046,organization,Morris Group,,,Morris Group,,alexisgarcia@example.net,001-908-472-5842x3022,phone
PTY003047,person,Todd Escobar,Todd,Escobar,,1966-01-17,dannycooper@example.org,423.811.4341x6638,mail
PTY003048,person,Steven Sherman,Steven,Sherman,,1994-10-13,canderson@example.com,898-746-0534,mail
PTY003049,person,Danielle Alexander,Danielle,Alexander,,2001-09-21,austinlaura@example.org,486-398-7164x629,phone
PTY003050,person,Kathryn Castillo,Kathryn,Castillo,,1953-11-04,umack@example.org,001-490-881-1000x77831,app
PTY003051,person,James Fowler,James,Fowler,,1945-07-09,dshelton@example.org,(425)408-1933,mail
PTY003052,person,Thomas Sawyer,Thomas,Sawyer,,1984-11-01,morgan45@example.net,347-927-8792x4477,sms
PTY003053,person,Larry Russell,Larry,Russell,,1967-05-19,xcole@example.net,001-942-806-1376x9823,phone
PTY003054,person,Christopher Castro,Christopher,Castro,,1962-04-16,rhondastephens@example.net,001-779-309-1281x21263,email
PTY003055,person,Michael Mendoza,Michael,Mendoza,,1942-12-30,susanprice@example.org,001-551-993-3562x844,mail
PTY003056,person,Emily Salinas,Emily,Salinas,,1953-03-15,anthony12@example.com,001-320-404-3209x182,email
PTY003057,organization,Olson-Williamson,,,Olson-Williamson,,zjordan@example.net,583.903.1729x409,mail
PTY003058,organization,Miller-Tucker,,,Miller-Tucker,,alyssa41@example.net,+1-267-699-1845x192,app
PTY003059,person,Victoria Curry,Victoria,Curry,,1964-07-18,kristinarogers@example.net,205-968-4593x401,mail
PTY003060,organization,Lin-Dunn,,,Lin-Dunn,,vmartin@example.com,001-750-622-5931x2272,mail
PTY003061,person,Nicole Byrd,Nicole,Byrd,,1979-07-03,sarah03@example.net,9799582546,phone
PTY003062,person,Eddie Montgomery,Eddie,Montgomery,,1970-10-08,kmeyer@example.org,651.263.8066x267,app
PTY003063,person,Chelsea Lane,Chelsea,Lane,,1999-01-03,stevenssteven@example.org,(891)376-4803,phone
PTY003064,person,Justin Contreras,Justin,Contreras,,1964-12-03,john29@example.org,+1-456-450-5848x414,phone
PTY003065,person,Amanda Hood,Amanda,Hood,,1989-03-27,ijohnson@example.org,001-535-811-7486,mail
PTY003066,person,Christy Frost,Christy,Frost,,1990-09-29,belljon@example.org,804.335.1759x3172,sms
PTY003067,person,Nicole Johnson,Nicole,Johnson,,1986-07-12,mark31@example.com,996.712.6508x899,sms
PTY003068,person,Wendy Wagner,Wendy,Wagner,,1962-06-27,pamgarza@example.net,988.616.6809x6511,email
PTY003069,person,Dawn Thornton,Dawn,Thornton,,1953-12-02,christopherbowman@example.net,001-554-657-4770x60855,phone
PTY003070,person,Amber Brooks,Amber,Brooks,,1968-11-22,karen32@example.com,001-354-711-5652x770,app
PTY003071,person,Lisa Galloway,Lisa,Galloway,,1951-09-21,wmorales@example.net,001-481-280-5279,email
PTY003072,person,Brandon Nguyen,Brandon,Nguyen,,1967-10-18,lisahenderson@example.com,001-760-566-4932x375,mail
PTY003073,person,Zachary Harris,Zachary,Harris,,1995-04-15,jeremydavis@example.net,425.248.5928,app
PTY003074,person,Shelley Roman,Shelley,Roman,,1969-12-11,qmorris@example.com,+1-271-509-0028x100,app
PTY003075,person,Paula Adkins,Paula,Adkins,,1967-11-15,dsweeney@example.net,8884644991,phone
PTY003076,person,Stephanie Neal,Stephanie,Neal,,1993-08-30,jreed@example.net,+1-742-550-1229x153,app
PTY003077,person,Stephen Hatfield,Stephen,Hatfield,,2007-05-30,theresajones@example.net,266.316.2429x338,mail
PTY003078,person,Lori Williams,Lori,Williams,,1991-10-28,candrade@example.org,374.946.0834x864,mail
PTY003079,person,Julia Smith,Julia,Smith,,1977-12-21,codyanderson@example.org,315.934.9762,app
PTY003080,organization,Jones-Johnson,,,Jones-Johnson,,shaungarcia@example.org,(448)966-8982x3973,email
PTY003081,person,Allison Johnson,Allison,Johnson,,1995-12-24,heather63@example.com,(750)412-1991x499,app
PTY003082,person,Marc Dyer,Marc,Dyer,,1963-08-20,joel01@example.net,(354)697-0594x4599,app
PTY003083,organization,Hernandez-Spears,,,Hernandez-Spears,,taylordanielle@example.org,287.207.1360x42121,phone
PTY003084,person,Justin Weaver,Justin,Weaver,,1982-02-18,fgomez@example.org,7848865425,phone
PTY003085,person,Shelley Holmes,Shelley,Holmes,,1996-01-07,ianwilliamson@example.net,+1-454-541-7105x6739,email
PTY003086,person,Helen Stokes,Helen,Stokes,,1968-09-16,owensalbert@example.com,987-723-5838x951,email
PTY003087,person,Cynthia Brown,Cynthia,Brown,,1972-04-29,tjohnson@example.net,707.562.7325,email
PTY003088,organization,"Moore, Kirby and Parker",,,"Moore, Kirby and Parker",,ericfuentes@example.org,(550)463-4837,app
PTY003089,person,Paula Hall,Paula,Hall,,1940-11-25,greenstacy@example.com,(275)503-8095x41852,sms
PTY003090,person,Brenda Garcia,Brenda,Garcia,,1943-09-05,holtandrew@example.com,530.650.9809,email
PTY003091,person,Blake Carpenter,Blake,Carpenter,,1968-07-13,brownallison@example.com,(984)986-5584x2252,mail
PTY003092,person,Peter Bell,Peter,Bell,,1963-07-18,heather44@example.org,001-427-775-0193,phone
PTY003093,person,David Russell,David,Russell,,1970-09-25,chelsea22@example.org,366-609-5238,app
PTY003094,organization,"Kelley, Jones and Roberts",,,"Kelley, Jones and Roberts",,simonjackie@example.net,877-579-3124x04938,app
PTY003095,organization,Thomas-Perez,,,Thomas-Perez,,gillespiematthew@example.com,237.834.7763,phone
PTY003096,person,Luke Herrera,Luke,Herrera,,1975-05-14,shawnlara@example.com,769-391-5897x3037,app
PTY003097,person,Samantha Caldwell,Samantha,Caldwell,,1986-09-27,dana29@example.net,001-736-887-6190x750,email
PTY003098,person,Christian Spears,Christian,Spears,,1964-05-01,michael10@example.com,298-318-8696x1158,sms
PTY003099,person,Tony Gross,Tony,Gross,,1970-07-16,brittanymckee@example.org,001-226-783-1562x4206,sms
PTY003100,person,Danielle Madden,Danielle,Madden,,1993-08-27,powellkayla@example.com,(990)354-3526x82194,email
PTY003101,person,Brandi Smith,Brandi,Smith,,1949-08-15,gilbertmccarthy@example.org,001-273-525-7592x123,app
PTY003102,person,Michelle Hicks,Michelle,Hicks,,1979-01-25,nguyenjennifer@example.org,372-810-4631,sms
PTY003103,person,Kathleen Cross,Kathleen,Cross,,2000-01-07,pearsonashley@example.com,+1-535-305-4459,phone
PTY003104,person,Amy Walker,Amy,Walker,,1947-03-08,michaelbarrera@example.org,001-797-634-1350,sms
PTY003105,person,Heather Cole,Heather,Cole,,1998-11-02,eking@example.org,+1-786-529-4368x1314,app
PTY003106,person,Karen Campbell,Karen,Campbell,,1984-12-11,osbornemaria@example.org,484.958.4584x022,app
PTY003107,person,Jennifer Krause,Jennifer,Krause,,1987-05-21,andersonangela@example.org,(267)825-2793x44451,phone
PTY003108,organization,Burns-Davidson,,,Burns-Davidson,,oconnoralan@example.net,206.634.4371,email
PTY003109,person,Gary Wallace,Gary,Wallace,,1990-03-06,whitney23@example.com,853.549.7248,app
PTY003110,organization,Martin LLC,,,Martin LLC,,matthewlopez@example.org,574.969.0338x471,email
PTY003111,person,Olivia Morgan,Olivia,Morgan,,2000-09-16,thobbs@example.com,001-652-422-1200x4023,app
PTY003112,person,Tammy Cooke,Tammy,Cooke,,1953-06-26,ericagardner@example.net,384.753.5002,mail
PTY003113,organization,"Luna, Allen and Gonzalez",,,"Luna, Allen and Gonzalez",,rperry@example.net,001-736-358-6949x19978,sms
PTY003114,person,Mary Mckinney,Mary,Mckinney,,2001-09-10,kelly55@example.org,001-529-367-7375x942,app
PTY003115,organization,"Holland, Fox and Long",,,"Holland, Fox and Long",,zclements@example.org,642.380.9115,app
PTY003116,person,Nicholas Jackson,Nicholas,Jackson,,1981-12-02,wbryant@example.com,+1-449-811-4065x47651,phone
PTY003117,organization,Sutton-Lang,,,Sutton-Lang,,theresa07@example.com,451.538.3456,app
PTY003118,person,Jeffrey Estrada,Jeffrey,Estrada,,1962-11-03,gsingleton@example.com,001-882-923-0947x605,app
PTY003119,person,Ricky Stevenson,Ricky,Stevenson,,1965-06-25,rmiller@example.net,+1-833-544-1467,mail
PTY003120,person,William Hernandez,William,Hernandez,,1986-06-15,melaniegarcia@example.com,+1-893-873-5290x8311,app
PTY003121,person,Seth Baker,Seth,Baker,,1996-12-01,kimberly78@example.com,373.420.7181x16944,sms
PTY003122,person,Phillip Morrison,Phillip,Morrison,,2004-10-25,gordonkathryn@example.net,7156398740,email
PTY003123,person,Chris Brown,Chris,Brown,,1995-07-23,jennifer98@example.net,611-774-2614x22740,email
PTY003124,person,Christopher Jackson,Christopher,Jackson,,1952-01-13,melissa89@example.net,001-337-208-1035x74318,email
PTY003125,person,Anthony Brewer,Anthony,Brewer,,1980-05-04,jonathanjohnson@example.org,(585)349-9726,app
PTY003126,person,Denise Williams,Denise,Williams,,1945-07-24,spencersamuel@example.org,629-457-9035x406,mail
PTY003127,person,Julie Rice,Julie,Rice,,1955-10-31,ashley84@example.net,576.691.8648x41212,sms
PTY003128,person,Ashley Johnson,Ashley,Johnson,,1981-09-10,katherinewilliams@example.com,(872)335-2643,app
PTY003129,person,Daniel Mathis,Daniel,Mathis,,2007-11-01,ubrown@example.com,962-298-4754,email
PTY003130,person,Joanna Brown,Joanna,Brown,,1970-01-05,robert46@example.net,+1-748-838-5601x668,sms
PTY003131,person,Shawn Glover,Shawn,Glover,,1976-07-20,jerry24@example.net,553.493.0361x999,email
PTY003132,person,Nicholas Smith,Nicholas,Smith,,1994-02-07,ojoyce@example.com,001-374-923-6837x8037,sms
PTY003133,organization,Pierce LLC,,,Pierce LLC,,bryantstephanie@example.org,001-520-846-5456x566,app
PTY003134,person,Kara Clark,Kara,Clark,,1953-12-24,clarkchristine@example.net,(923)404-2103,email
PTY003135,person,Rebecca Turner,Rebecca,Turner,,1977-04-04,thart@example.net,570.912.3357,sms
PTY003136,person,Crystal Erickson,Crystal,Erickson,,1964-04-28,millercaroline@example.net,+1-692-292-0133x70457,mail
PTY003137,organization,"Tran, Morris and Bradshaw",,,"Tran, Morris and Bradshaw",,mmccarthy@example.net,813-692-8236,app
PTY003138,person,Cindy Payne,Cindy,Payne,,1950-10-06,fhoffman@example.org,+1-900-533-8336,phone
PTY003139,person,Sheryl Sullivan,Sheryl,Sullivan,,1961-01-25,campbellemily@example.org,+1-845-661-5818x110,sms
PTY003140,person,Doris Hernandez,Doris,Hernandez,,2005-05-11,frankyoung@example.net,+1-378-295-8932x010,mail
PTY003141,person,Timothy Hall,Timothy,Hall,,1990-03-15,desireemacias@example.net,547.683.0194x4108,email
PTY003142,person,Kathleen Adams,Kathleen,Adams,,1951-01-06,john42@example.com,+1-541-478-5847x702,mail
PTY003143,person,William Bowman,William,Bowman,,1946-04-06,morrisonneil@example.org,+1-210-443-9792x341,mail
PTY003144,organization,Thomas-Williams,,,Thomas-Williams,,dharris@example.com,001-326-984-4187x76896,sms
PTY003145,person,Sara Schultz,Sara,Schultz,,1970-07-05,annabutler@example.net,3426975810,mail
PTY003146,person,Bryan Bowen,Bryan,Bowen,,1976-07-30,mauricevargas@example.org,406.751.1768,app
PTY003147,person,Paula Flores,Paula,Flores,,1951-01-19,gallowaykyle@example.com,6547690508,app
PTY003148,person,Dominique Miller,Dominique,Miller,,1991-08-15,rochadavid@example.org,001-447-430-8788x75263,app
PTY003149,organization,"Boyd, King and Wilson",,,"Boyd, King and Wilson",,erikamorris@example.net,4215037700,email
PTY003150,person,Marcia Stewart,Marcia,Stewart,,1950-03-12,marktrevino@example.org,(227)641-5708x83286,app
PTY003151,person,Cody Garcia,Cody,Garcia,,1956-01-02,mary34@example.net,889-624-5574,sms
PTY003152,person,Jennifer Gonzalez,Jennifer,Gonzalez,,1956-05-26,nelsonallen@example.org,+1-458-718-1585x35062,phone
PTY003153,person,Stephanie Nichols,Stephanie,Nichols,,1942-12-25,cheryl94@example.org,833.731.2938x655,email
PTY003154,person,Mikayla Brown,Mikayla,Brown,,1951-05-07,alecschmidt@example.com,384.579.2795,mail
PTY003155,organization,Sosa Ltd,,,Sosa Ltd,,randy18@example.org,+1-559-614-6120x14079,phone
PTY003156,organization,Smith Group,,,Smith Group,,solisdenise@example.net,8105831734,app
PTY003157,person,Gregory Richardson,Gregory,Richardson,,1955-10-14,melissahartman@example.com,417.652.8612,phone
PTY003158,organization,Hurst Ltd,,,Hurst Ltd,,johnsonlawrence@example.org,658.218.3500x2287,email
PTY003159,person,Theresa Moreno,Theresa,Moreno,,1974-02-14,tina78@example.net,623-451-8026x421,sms
PTY003160,person,Monica Fletcher,Monica,Fletcher,,1960-11-30,hughesjesse@example.net,447-279-2796x939,sms
PTY003161,person,Michael Poole,Michael,Poole,,1997-08-01,joyce70@example.com,(433)804-3494x815,email
PTY003162,person,Zachary Carter,Zachary,Carter,,1955-09-18,emilyknox@example.org,340-229-0300,phone
PTY003163,person,Jeffrey Davis,Jeffrey,Davis,,1948-08-12,alexander55@example.net,286.721.6348x443,mail
PTY003164,person,Jason House,Jason,House,,2004-01-30,wcompton@example.org,723.282.8881x61371,phone
PTY003165,organization,Perez-Greer,,,Perez-Greer,,reginamartinez@example.com,855.542.8468,sms
PTY003166,person,Kathleen Welch,Kathleen,Welch,,2002-07-18,nthompson@example.org,683.522.7049,email
PTY003167,person,Nancy Taylor,Nancy,Taylor,,2006-07-07,anthony65@example.com,+1-559-524-5802,email
PTY003168,person,David Romero,David,Romero,,1975-01-12,deborah80@example.com,001-614-638-8273x7490,email
PTY003169,person,Tyler Davis,Tyler,Davis,,1999-09-28,bowenmargaret@example.org,506-521-4613x3547,app
PTY003170,person,Thomas Jackson,Thomas,Jackson,,1992-12-10,marc63@example.com,+1-481-441-5771x8074,mail
PTY003171,organization,"Brewer, Huerta and Lopez",,,"Brewer, Huerta and Lopez",,igutierrez@example.net,+1-651-741-9082x7457,phone
PTY003172,person,Robert Gates,Robert,Gates,,1980-04-12,wendysmith@example.com,937.336.4353,sms
PTY003173,person,Henry Carter,Henry,Carter,,1957-04-23,porterdeborah@example.org,+1-358-230-4286x323,app
PTY003174,person,Gregory Howard,Gregory,Howard,,1962-06-21,qcampbell@example.net,593-666-7352x1608,sms
PTY003175,person,Brandon Buck,Brandon,Buck,,1975-04-01,xballard@example.org,+1-539-734-9647x935,email
PTY003176,organization,Martin-Garcia,,,Martin-Garcia,,kelly62@example.com,318.389.2670x136,phone
PTY003177,person,Robert Gonzales,Robert,Gonzales,,1953-05-23,daviddoyle@example.com,+1-775-594-1447x7204,email
PTY003178,person,Patricia Mccann,Patricia,Mccann,,1970-10-25,dchapman@example.net,862-276-2439,mail
PTY003179,organization,Walker-Johnson,,,Walker-Johnson,,llawrence@example.org,001-438-391-7873x563,email
PTY003180,person,Daniel Herring,Daniel,Herring,,1978-06-01,harmondonald@example.net,001-987-573-5105,sms
PTY003181,person,Kent Norman,Kent,Norman,,1968-09-27,linda00@example.net,479-247-9293x6166,app
PTY003182,person,Amy Berry,Amy,Berry,,2000-07-13,ashleyfernandez@example.com,567.776.3966,sms
PTY003183,person,David Allen,David,Allen,,1941-06-28,tylershawn@example.com,2403841383,email
PTY003184,person,Carl Stewart,Carl,Stewart,,1950-11-11,adamduke@example.net,890.377.9886x1825,app
PTY003185,person,Robert Green,Robert,Green,,2001-02-08,andreasmith@example.net,8227244661,email
PTY003186,organization,Kennedy LLC,,,Kennedy LLC,,lsanders@example.com,(670)243-8833x923,sms
PTY003187,person,Cindy Joseph,Cindy,Joseph,,1953-06-13,ewu@example.com,(649)285-7742x7359,sms
PTY003188,person,Erin Frazier,Erin,Frazier,,2000-06-30,ujohnson@example.com,920.692.6465x296,phone
PTY003189,person,Rachel Rodriguez,Rachel,Rodriguez,,1981-10-28,milesrobert@example.org,231.400.1797x7660,sms
PTY003190,organization,Smith Ltd,,,Smith Ltd,,haleyjordan@example.org,282.623.5522,sms
PTY003191,person,Craig Gay,Craig,Gay,,2006-11-02,diamond62@example.net,+1-812-702-5409x4113,email
PTY003192,person,Jose Moore,Jose,Moore,,1987-12-21,connor65@example.com,001-498-936-4950x926,phone
PTY003193,person,Nathan Kaufman,Nathan,Kaufman,,1951-02-04,schmittelizabeth@example.org,001-714-630-6143x288,sms
PTY003194,person,Shawn Greene,Shawn,Greene,,1980-05-19,perrybarbara@example.net,+1-618-692-3710,email
PTY003195,organization,"Brown, Davis and Garcia",,,"Brown, Davis and Garcia",,iking@example.net,5683878580,app
PTY003196,organization,Newman Group,,,Newman Group,,cwilliamson@example.com,687.451.8953,email
PTY003197,person,Veronica Ray,Veronica,Ray,,1984-05-09,halljulie@example.com,001-673-638-0041x4326,app
PTY003198,person,David Smith,David,Smith,,1958-09-04,sherrycervantes@example.org,6869586233,app
PTY003199,person,Alexandria Gilbert,Alexandria,Gilbert,,1961-01-04,phyllisbrown@example.com,746.875.7325x141,sms
PTY003200,person,Chad Hickman,Chad,Hickman,,1999-07-17,thompsonjeremy@example.org,001-797-592-4761x7403,sms
PTY003201,organization,"Johnson, Mack and Browning",,,"Johnson, Mack and Browning",,david72@example.com,540.469.7541,phone
PTY003202,person,Patrick Higgins,Patrick,Higgins,,1941-02-01,brockmartha@example.org,+1-492-429-8309,email
PTY003203,person,Charles Walker,Charles,Walker,,2000-06-27,qjohnson@example.com,001-803-486-0729x430,app
PTY003204,person,William Lopez,William,Lopez,,1959-05-20,david95@example.org,+1-872-285-5867x931,app
PTY003205,person,Deanna Moore,Deanna,Moore,,1975-08-17,ugonzalez@example.net,787-465-6128x0695,email
PTY003206,person,Nicole Garcia,Nicole,Garcia,,1988-02-11,jason61@example.com,(467)385-9713x4112,email
PTY003207,person,Alan Jackson,Alan,Jackson,,1955-03-01,courtney47@example.net,(255)845-0855x4885,email
PTY003208,person,Audrey Torres,Audrey,Torres,,1980-02-23,irobertson@example.net,001-294-498-4406,mail
PTY003209,person,Kristina Riley,Kristina,Riley,,2004-01-25,duncanmichael@example.com,4522198990,email
PTY003210,person,Laura Crawford,Laura,Crawford,,1974-08-25,brentsosa@example.net,853-902-9333,mail
PTY003211,person,Shane Reed,Shane,Reed,,1979-02-11,wlane@example.org,+1-741-527-9132,app
PTY003212,organization,Taylor LLC,,,Taylor LLC,,kaylee04@example.org,(727)242-2121x15444,mail
PTY003213,organization,Byrd Group,,,Byrd Group,,smithhayley@example.com,+1-910-571-3779,sms
PTY003214,person,Alexis Harvey,Alexis,Harvey,,1983-08-18,shelby46@example.org,637.220.4032x404,sms
PTY003215,person,Curtis Jones,Curtis,Jones,,1978-07-12,stephanie34@example.org,(414)855-0129x0431,app
PTY003216,person,Amanda Coleman,Amanda,Coleman,,1971-10-28,sreed@example.com,+1-883-763-3209x481,mail
PTY003217,organization,Miller PLC,,,Miller PLC,,wattsthomas@example.org,546-418-7027,phone
PTY003218,person,Joseph Price,Joseph,Price,,1977-05-01,christophercosta@example.com,825-808-8232x439,mail
PTY003219,person,Melissa Sharp,Melissa,Sharp,,2007-01-08,fbyrd@example.org,(337)524-9292,mail
PTY003220,person,Jerry Torres,Jerry,Torres,,1941-01-26,zjones@example.net,+1-746-805-6927x450,mail
PTY003221,person,Christina Wade,Christina,Wade,,1952-02-19,bmiller@example.net,001-213-443-8125,phone
PTY003222,person,Luke Myers,Luke,Myers,,1946-05-20,bnelson@example.org,840-342-4142x6562,phone
PTY003223,organization,Brown-Powell,,,Brown-Powell,,anthonyball@example.com,(547)966-0531,sms
PTY003224,person,Katherine Clark,Katherine,Clark,,1960-01-11,ybennett@example.net,+1-637-377-2424x278,mail
PTY003225,person,Gregory Ryan,Gregory,Ryan,,1974-02-27,ytownsend@example.org,(982)961-2499,sms
PTY003226,person,Chelsea Burke,Chelsea,Burke,,1960-03-17,aguilarheather@example.org,(581)427-5610x40867,mail
PTY003227,person,Mario Boyd,Mario,Boyd,,1967-06-09,abigail06@example.org,471-265-6938x651,email
PTY003228,person,Matthew Rodriguez,Matthew,Rodriguez,,1994-07-28,waynedaniel@example.net,(847)470-1696x20233,mail
PTY003229,person,Travis Johnson,Travis,Johnson,,1965-12-19,emilyjones@example.com,+1-795-362-3543,sms
PTY003230,person,Francisco Holden,Francisco,Holden,,1961-11-25,amy96@example.org,001-785-395-2405x004,mail
PTY003231,person,Julie Fry,Julie,Fry,,1990-07-26,wday@example.com,6585809592,sms
PTY003232,person,Beth Benjamin,Beth,Benjamin,,1974-12-31,rogersalisha@example.net,822.857.0211,app
PTY003233,organization,Arellano-Meyers,,,Arellano-Meyers,,lisalynch@example.net,(881)349-8965,phone
PTY003234,organization,"Olson, Rodriguez and Cannon",,,"Olson, Rodriguez and Cannon",,vickie83@example.com,615-638-3366,email
PTY003235,person,Brittany Campbell,Brittany,Campbell,,1988-05-28,jeremy34@example.net,(367)784-5661,email
PTY003236,person,Sarah Ross,Sarah,Ross,,1984-08-11,shannonsamantha@example.net,(440)857-8766x0178,app
PTY003237,person,Melissa Glenn,Melissa,Glenn,,1960-01-20,cperez@example.com,+1-202-379-7273,sms
PTY003238,organization,"Hurst, Simmons and Tyler",,,"Hurst, Simmons and Tyler",,randall52@example.org,645.665.8988x4386,mail
PTY003239,person,Megan Barker,Megan,Barker,,1942-03-30,randrade@example.org,957-495-5738x1567,app
PTY003240,person,Alyssa Cooper,Alyssa,Cooper,,1969-08-03,lopezandrew@example.net,627.963.9169,phone
PTY003241,organization,Stanton PLC,,,Stanton PLC,,dlong@example.net,001-565-696-4718x175,phone
PTY003242,organization,Carpenter Inc,,,Carpenter Inc,,wbarton@example.org,275-463-4406,phone
PTY003243,person,David Chapman,David,Chapman,,2001-01-10,lli@example.com,+1-869-567-2783x322,mail
PTY003244,person,Theresa Gonzalez,Theresa,Gonzalez,,1979-02-14,lhogan@example.com,969.981.2006,sms
PTY003245,person,Eric Ellis,Eric,Ellis,,2008-02-27,tammy91@example.net,870-612-9839x4541,app
PTY003246,person,Paul Freeman,Paul,Freeman,,1948-01-10,bobby66@example.com,(985)830-0455,mail
PTY003247,organization,"Huffman, Rogers and White",,,"Huffman, Rogers and White",,michelleglenn@example.org,6654977414,sms
PTY003248,organization,"Brown, Romero and Shepard",,,"Brown, Romero and Shepard",,samanthadougherty@example.org,001-968-272-1704x668,phone
PTY003249,person,Susan Lara,Susan,Lara,,2001-05-14,lloydcheryl@example.org,816-771-2304,email
PTY003250,organization,"Perez, Khan and Drake",,,"Perez, Khan and Drake",,adkinsemily@example.net,466-458-1366,mail
PTY003251,person,Kathleen Hernandez,Kathleen,Hernandez,,2007-06-15,danielsmichelle@example.net,5216305096,app
PTY003252,organization,Pierce-Orozco,,,Pierce-Orozco,,nealrandy@example.net,001-382-947-4079x43444,mail
PTY003253,person,Mackenzie Bennett,Mackenzie,Bennett,,1998-05-26,mdavis@example.com,(213)323-9295,app
PTY003254,person,Sally Bean,Sally,Bean,,1980-09-02,fpatrick@example.org,001-732-316-5808x72670,mail
PTY003255,person,Jessica Harvey,Jessica,Harvey,,1998-03-18,sarahbrown@example.org,658-416-7291x930,sms
PTY003256,person,Kimberly Johnson,Kimberly,Johnson,,2005-12-15,brenda52@example.com,411.487.6567,email
PTY003257,organization,Rodriguez-Dixon,,,Rodriguez-Dixon,,jessica38@example.com,401-695-9922,email
PTY003258,organization,"Thompson, Hutchinson and Scott",,,"Thompson, Hutchinson and Scott",,anthony66@example.org,(392)522-0976x486,mail
PTY003259,person,Kaitlyn Castro,Kaitlyn,Castro,,1964-06-03,haley14@example.org,(711)372-4560,mail
PTY003260,person,William Brown,William,Brown,,1984-02-27,trandaniel@example.com,408.271.3538x47324,email
PTY003261,person,Pamela Vazquez,Pamela,Vazquez,,1965-01-25,obrown@example.com,(495)292-5707x279,phone
PTY003262,organization,"Green, Jordan and Johnston",,,"Green, Jordan and Johnston",,mosleypamela@example.org,001-872-913-7026x1671,email
PTY003263,person,Henry Jimenez,Henry,Jimenez,,1950-12-27,jessicamiller@example.org,(521)308-3083x20914,phone
PTY003264,person,Mary Young,Mary,Young,,1995-09-02,megan53@example.org,+1-918-492-3073x13972,app
PTY003265,person,Allison Spears,Allison,Spears,,1945-08-31,robindudley@example.org,823-687-6809x0077,mail
PTY003266,organization,Robbins Group,,,Robbins Group,,obriensteven@example.com,(653)399-1385,app
PTY003267,person,Jeremiah Hensley,Jeremiah,Hensley,,1972-01-19,john51@example.net,(744)723-3440x258,phone
PTY003268,person,Robin Smith,Robin,Smith,,1976-06-07,cynthiagarcia@example.org,8876485315,sms
PTY003269,person,Emily Sanders,Emily,Sanders,,1941-06-19,vbecker@example.com,577.453.8817x6835,app
PTY003270,person,Joshua Warren,Joshua,Warren,,1995-09-04,smithsamantha@example.org,(321)798-9744x69316,mail
PTY003271,person,Erica Jones,Erica,Jones,,1960-04-09,reevesandrew@example.org,+1-844-351-9649x2306,email
PTY003272,organization,"Smith, Mendoza and Nelson",,,"Smith, Mendoza and Nelson",,frank52@example.com,(771)593-0647x39087,email
PTY003273,organization,Ferguson-Elliott,,,Ferguson-Elliott,,fernandonelson@example.org,595-413-3316x95432,app
PTY003274,person,Joshua Bradley,Joshua,Bradley,,1964-07-29,david97@example.net,637.477.2043x97188,phone
PTY003275,person,Steven Rodriguez,Steven,Rodriguez,,1966-04-16,sstewart@example.com,(839)628-4034x769,email
PTY003276,person,Joyce Benson,Joyce,Benson,,2004-01-05,aaron68@example.net,001-542-253-2836,app
PTY003277,person,Miranda Rush,Miranda,Rush,,1942-10-04,garciaelizabeth@example.net,721.939.8302x0056,email
PTY003278,organization,Wade PLC,,,Wade PLC,,aestrada@example.net,6182619136,sms
PTY003279,person,Hannah Watkins,Hannah,Watkins,,2005-01-24,caseymichael@example.org,940.647.7350x31884,sms
PTY003280,person,Caleb Walker,Caleb,Walker,,1951-12-09,michael33@example.com,(302)535-2179x21182,phone
PTY003281,person,Anthony Graves,Anthony,Graves,,1945-10-04,moorechristopher@example.org,(581)247-9605x623,app
PTY003282,person,Brittany Ellis,Brittany,Ellis,,1991-02-15,gpowell@example.net,943-546-4582x95463,sms
PTY003283,person,John Giles,John,Giles,,1943-07-22,jessicanelson@example.org,(662)234-2530x1281,mail
PTY003284,person,Karen Rodriguez,Karen,Rodriguez,,1949-12-19,dennis78@example.org,+1-574-914-6566,mail
PTY003285,organization,Snyder Ltd,,,Snyder Ltd,,katie37@example.org,001-475-614-3535x54622,phone
PTY003286,person,Stephen Glass,Stephen,Glass,,1967-01-17,browntony@example.net,3917261935,mail
PTY003287,person,Craig Davis,Craig,Davis,,1994-03-18,cindy40@example.org,689-765-6084x6954,phone
PTY003288,organization,Garner-Stein,,,Garner-Stein,,xrosario@example.com,(212)334-0015x22904,mail
PTY003289,person,Michael Webb,Michael,Webb,,1951-12-09,george12@example.net,472-420-9434,mail
PTY003290,person,Andrew Glass,Andrew,Glass,,1960-12-04,nunezamy@example.com,978.573.4137x230,sms
PTY003291,person,Leslie Garcia,Leslie,Garcia,,1955-02-17,gmoss@example.com,749.578.9535x258,phone
PTY003292,person,Lindsey Morris,Lindsey,Morris,,1990-11-08,david41@example.com,560.243.8724,email
PTY003293,person,Traci Hunt,Traci,Hunt,,1978-09-16,bcross@example.com,+1-714-942-5096x9337,phone
PTY003294,person,Audrey Williams,Audrey,Williams,,1962-12-02,susan88@example.org,(739)558-4545x05296,mail
PTY003295,person,Timothy Mathis,Timothy,Mathis,,2003-05-07,thomas80@example.net,+1-556-683-5051,email
PTY003296,person,Kyle Johnson,Kyle,Johnson,,1971-11-11,michael70@example.org,529-650-3369x368,mail
PTY003297,person,Austin Walter,Austin,Walter,,1949-02-03,adamskenneth@example.net,804.860.6534x93096,app
PTY003298,person,Rhonda Gonzalez,Rhonda,Gonzalez,,1981-10-09,perrymichelle@example.com,001-457-573-9045x5436,app
PTY003299,person,James Burke,James,Burke,,1983-05-15,charlesmoore@example.org,001-208-211-0387x738,mail
PTY003300,organization,Yang-Patton,,,Yang-Patton,,trevinohayley@example.net,001-270-566-6884x33165,mail
PTY003301,organization,Roach Inc,,,Roach Inc,,tracykramer@example.net,001-601-940-5439x3469,mail
PTY003302,person,Diana Robertson,Diana,Robertson,,1959-11-22,brittanycabrera@example.com,(658)801-5358,sms
PTY003303,person,Eric Smith,Eric,Smith,,1954-08-16,maryjohnson@example.org,592-768-6017,phone
PTY003304,person,Marcus Diaz,Marcus,Diaz,,1964-10-16,reedconnie@example.org,001-876-914-2662x443,app
PTY003305,person,Tim Mccarthy,Tim,Mccarthy,,1997-01-01,crystal11@example.org,700.826.4913x59748,app
PTY003306,person,Joseph Watson,Joseph,Watson,,1974-03-02,julie17@example.com,001-991-505-3725x65633,phone
PTY003307,organization,Lee-Parker,,,Lee-Parker,,williamsonanthony@example.org,8242201277,sms
PTY003308,person,Paul Sanders,Paul,Sanders,,2000-08-11,nathanielperkins@example.com,+1-674-441-1284,app
PTY003309,organization,Webb Ltd,,,Webb Ltd,,wendytucker@example.net,(319)540-4789,sms
PTY003310,person,Ryan Rodriguez,Ryan,Rodriguez,,1945-06-24,swarren@example.net,+1-689-791-2638x27941,email
PTY003311,organization,"Herman, Cooper and Garza",,,"Herman, Cooper and Garza",,morganclark@example.org,+1-487-903-8242x985,mail
PTY003312,person,Brian Gilbert,Brian,Gilbert,,1983-05-17,joshuabrowning@example.com,346.547.4965,email
PTY003313,organization,Miller Inc,,,Miller Inc,,david21@example.net,815.295.8812x36886,mail
PTY003314,person,William Tran,William,Tran,,1952-06-26,eddiemcmillan@example.org,639-752-2549,phone
PTY003315,organization,Smith-Miller,,,Smith-Miller,,ggardner@example.org,332-647-0730,sms
PTY003316,person,Christian White,Christian,White,,1955-11-15,rhoward@example.net,845-717-3301x65487,app
PTY003317,person,Shane Davis,Shane,Davis,,1997-06-26,jill16@example.com,(251)372-8642x136,app
PTY003318,organization,Oneill-Torres,,,Oneill-Torres,,kpruitt@example.org,+1-329-245-3196x51644,email
PTY003319,person,Kimberly Adams,Kimberly,Adams,,1941-06-03,stonejessica@example.net,001-909-842-0796x1990,mail
PTY003320,person,Mark Johnston,Mark,Johnston,,1946-02-19,craighawkins@example.com,3878815749,app
PTY003321,organization,Jones-Ibarra,,,Jones-Ibarra,,rkennedy@example.net,766.478.8516x82038,sms
PTY003322,organization,"Black, Mcdonald and Evans",,,"Black, Mcdonald and Evans",,jonesmichelle@example.com,001-315-306-8985x118,email
PTY003323,person,Oscar Logan,Oscar,Logan,,1998-05-20,ijoyce@example.com,848.808.5149,app
PTY003324,person,Shawn Ellis,Shawn,Ellis,,1947-07-10,sduncan@example.org,(831)734-2683,mail
PTY003325,person,Steven Sheppard,Steven,Sheppard,,1996-01-17,steven01@example.com,+1-545-912-2402,app
PTY003326,person,Lindsey Herrera,Lindsey,Herrera,,1986-10-09,bradleymedina@example.com,001-476-704-0962x6292,app
PTY003327,person,Kimberly Bradley,Kimberly,Bradley,,2008-07-15,james62@example.org,4982532727,mail
PTY003328,person,Ryan Ford,Ryan,Ford,,2006-09-23,nicole05@example.net,530.237.5374x5088,sms
PTY003329,person,Jennifer Castro,Jennifer,Castro,,1950-02-24,zachary70@example.com,001-367-329-4279,phone
PTY003330,person,Roy Valentine,Roy,Valentine,,2006-02-11,shannongilbert@example.org,4475202888,app
PTY003331,person,Beth Hart,Beth,Hart,,1999-07-31,patriciaevans@example.org,543-810-2993x210,app
PTY003332,person,Thomas Castaneda,Thomas,Castaneda,,1996-04-17,johnsonjack@example.net,642-570-9831x81803,email
PTY003333,person,Anthony Bryant,Anthony,Bryant,,1961-03-30,nicolerandolph@example.net,350-982-7598x6858,app
PTY003334,person,Joshua Arnold,Joshua,Arnold,,1988-06-04,robert74@example.net,(223)628-6425,app
PTY003335,person,Rick Moyer,Rick,Moyer,,1947-01-29,ycarter@example.com,+1-784-206-6124,sms
PTY003336,organization,Jones Ltd,,,Jones Ltd,,cochraneric@example.net,818-411-6076x210,email
PTY003337,person,Riley White,Riley,White,,1966-05-04,taylor02@example.org,(731)641-0924x4329,mail
PTY003338,person,Adam Cooper,Adam,Cooper,,1970-05-08,kmitchell@example.com,001-917-224-7273x1889,phone
PTY003339,organization,Rocha-Parker,,,Rocha-Parker,,nthomas@example.com,345-671-9916x7342,email
PTY003340,person,Duane Davis,Duane,Davis,,1959-08-28,fordangela@example.org,266.549.2907,sms
PTY003341,person,Zachary Walker,Zachary,Walker,,1979-01-26,gerald13@example.net,924-370-6492x225,app
PTY003342,person,Robert Stephenson,Robert,Stephenson,,1944-01-30,ramirezwalter@example.net,001-852-641-4345,sms
PTY003343,person,Ricky Foster,Ricky,Foster,,1981-10-11,gmiller@example.org,920-663-3575,email
PTY003344,person,Carla Stewart,Carla,Stewart,,1968-04-02,rkelly@example.com,+1-667-266-7491x34816,app
PTY003345,person,Jason Turner,Jason,Turner,,1950-05-11,danielchaney@example.com,001-653-524-4214x6100,app
PTY003346,person,Leslie Oliver,Leslie,Oliver,,1997-08-22,cookwayne@example.net,+1-736-351-4690,mail
PTY003347,person,Amanda Perez,Amanda,Perez,,1968-10-17,floresveronica@example.org,001-641-708-0750x95035,phone
PTY003348,person,Daniel Bartlett,Daniel,Bartlett,,2007-03-15,benjamin94@example.org,001-720-785-9503x1215,phone
PTY003349,person,Autumn Bruce,Autumn,Bruce,,1991-02-07,ashley24@example.org,+1-371-366-5536x018,phone
PTY003350,organization,"Ruiz, Smith and Anderson",,,"Ruiz, Smith and Anderson",,lambertedward@example.com,983.461.4491,email
PTY003351,person,Madeline Pena,Madeline,Pena,,1963-09-15,collinsmichele@example.net,311-346-8726,email
PTY003352,person,Tristan Mendoza,Tristan,Mendoza,,1952-06-25,brooksamy@example.com,(303)455-9967x313,app
PTY003353,person,David Pratt,David,Pratt,,1995-09-24,cordovapriscilla@example.org,734-566-6291x3621,mail
PTY003354,person,Brittany Best,Brittany,Best,,1958-04-04,hinesaaron@example.com,(512)805-8498x44753,mail
PTY003355,person,Rebecca Johnson,Rebecca,Johnson,,1960-11-12,morsemelissa@example.org,(233)236-9417x518,mail
PTY003356,person,Shane Bailey,Shane,Bailey,,1965-09-19,matthewmurphy@example.net,001-238-768-6123x5879,phone
PTY003357,organization,Mendoza and Sons,,,Mendoza and Sons,,parkcandace@example.com,(894)985-6366,sms
PTY003358,person,James Durham,James,Durham,,1955-04-02,sgoodman@example.net,(333)689-7547x0112,sms
PTY003359,person,James Page,James,Page,,1982-01-28,paulaperez@example.com,(872)782-8815,email
PTY003360,person,Julia Malone,Julia,Malone,,1966-09-13,cartergregory@example.net,744.977.0648x133,mail
PTY003361,person,Alexandra Villa,Alexandra,Villa,,1982-10-03,josephreese@example.org,550.568.8439,mail
PTY003362,person,Elizabeth Velasquez,Elizabeth,Velasquez,,1994-12-26,sjohnson@example.org,(638)723-9192x94787,mail
PTY003363,organization,Ballard-Barnes,,,Ballard-Barnes,,heathelizabeth@example.net,+1-386-486-5927x9948,phone
PTY003364,person,Catherine Gutierrez,Catherine,Gutierrez,,1962-08-19,april27@example.com,395-591-1994,mail
PTY003365,person,Reginald Collins,Reginald,Collins,,1971-01-08,gmartin@example.org,+1-484-540-1470,sms
PTY003366,person,Christopher Vargas,Christopher,Vargas,,1966-05-13,ruizdouglas@example.net,+1-228-644-2718,app
PTY003367,person,Michael Carr,Michael,Carr,,1946-12-08,saracamacho@example.net,001-751-821-7447,email
PTY003368,person,Karen Manning,Karen,Manning,,1967-05-09,david83@example.com,7472023712,mail
PTY003369,person,Nicholas Hicks,Nicholas,Hicks,,1948-04-05,adrianhickman@example.com,613.297.9519x62452,sms
PTY003370,organization,Cox-Knight,,,Cox-Knight,,jessecannon@example.net,499-988-5522,email
PTY003371,person,Timothy Johnson,Timothy,Johnson,,1965-07-18,michael55@example.com,(320)454-8729,app
PTY003372,person,Caroline Sandoval,Caroline,Sandoval,,2000-08-13,pwest@example.net,(337)706-3230x017,mail
PTY003373,organization,Hutchinson-Woods,,,Hutchinson-Woods,,mlopez@example.com,+1-916-662-1567x4863,sms
PTY003374,person,Lisa Williams,Lisa,Williams,,1984-06-17,lewisphillip@example.net,(302)868-7175x84053,sms
PTY003375,person,Martin Nguyen,Martin,Nguyen,,1953-05-23,hmyers@example.com,(274)760-0341,email
PTY003376,person,Michelle Dunlap,Michelle,Dunlap,,1978-08-12,lindahayes@example.org,(217)919-9497x450,app
PTY003377,person,Brandon Adams,Brandon,Adams,,1985-09-08,brent71@example.net,(753)446-1155,mail
PTY003378,person,Mary Green,Mary,Green,,1942-10-04,staceycastro@example.net,001-720-515-8113x0839,app
PTY003379,person,Daniel Tate,Daniel,Tate,,1984-02-06,cynthia15@example.org,(934)350-8960,app
PTY003380,person,Rebecca Trevino,Rebecca,Trevino,,1973-12-07,dreyes@example.org,+1-380-560-6050x64051,phone
PTY003381,person,Gregory Blair,Gregory,Blair,,1942-03-16,hopkinsjessica@example.org,590.443.8935x317,app
PTY003382,person,Michelle Hamilton,Michelle,Hamilton,,1964-08-02,eric41@example.org,441.848.1268,email
PTY003383,person,Mitchell Dominguez,Mitchell,Dominguez,,1963-01-10,thomasherrera@example.net,+1-696-988-5606x9456,email
PTY003384,person,Brett Lawson,Brett,Lawson,,1955-05-10,harveytravis@example.net,001-665-691-2394,email
PTY003385,organization,"Robinson, Ford and Neal",,,"Robinson, Ford and Neal",,mossgary@example.org,8772146502,email
PTY003386,person,Mary Murillo,Mary,Murillo,,1975-04-03,seanconley@example.org,2813898137,sms
PTY003387,person,Daniel Mitchell,Daniel,Mitchell,,1940-12-06,joshua44@example.com,725.367.2119,sms
PTY003388,person,Susan Miller,Susan,Miller,,1979-05-19,michael26@example.com,001-982-816-5514x62000,phone
PTY003389,person,Kenneth Cobb,Kenneth,Cobb,,1961-09-08,stephengriffin@example.org,(585)756-9314,email
PTY003390,organization,Herrera-Jones,,,Herrera-Jones,,griffithtravis@example.org,361.299.0377x731,email
PTY003391,person,Laura Meyers,Laura,Meyers,,1962-06-02,kimberlyterrell@example.com,001-633-658-5151,app
PTY003392,person,Benjamin Smith,Benjamin,Smith,,1958-09-23,epitts@example.org,497.398.8118,app
PTY003393,person,Katherine Goodman,Katherine,Goodman,,1943-11-27,xgray@example.net,4597558704,email
PTY003394,person,Jeffrey Kim,Jeffrey,Kim,,1972-08-03,awatkins@example.com,001-932-554-9660x702,app
PTY003395,person,Stephanie Flynn,Stephanie,Flynn,,1997-10-23,jasonjohnson@example.com,421-966-2966,mail
PTY003396,organization,Baker PLC,,,Baker PLC,,valdezjoseph@example.com,+1-754-546-0688,phone
PTY003397,person,Tracey Jones,Tracey,Jones,,1945-12-16,jacobjohnson@example.com,221-679-5348x5645,phone
PTY003398,person,Larry Jackson,Larry,Jackson,,1942-05-25,gail41@example.com,216.564.1700,sms
PTY003399,person,Jeffery Willis,Jeffery,Willis,,1958-03-20,ibaker@example.org,(706)860-5808,email
PTY003400,person,Brittney Smith,Brittney,Smith,,1949-09-04,burtonbrett@example.net,407.424.2075x30877,sms
PTY003401,person,Nicholas George,Nicholas,George,,1993-06-09,ogalvan@example.com,+1-758-660-1500x858,sms
PTY003402,person,Barbara Joseph,Barbara,Joseph,,1987-08-25,bbell@example.com,001-821-327-1952,phone
PTY003403,person,Timothy Palmer,Timothy,Palmer,,1972-09-18,waderussell@example.org,001-572-501-6485x471,sms
PTY003404,person,Dennis Nguyen,Dennis,Nguyen,,1946-12-10,jclark@example.org,300.743.6256,mail
PTY003405,person,John Burgess,John,Burgess,,1990-03-20,adrianhawkins@example.org,+1-376-224-0466,sms
PTY003406,person,Mary Johnson,Mary,Johnson,,2006-08-22,armstrongjulia@example.org,(318)693-2986x5366,sms
PTY003407,person,Michael Santiago,Michael,Santiago,,1978-05-15,hoffmanangie@example.org,674.436.1251,phone
PTY003408,person,Katherine Keller,Katherine,Keller,,1989-06-24,hgolden@example.net,+1-912-541-5212x19338,email
PTY003409,person,Andre Vega,Andre,Vega,,1943-05-11,debramontoya@example.net,001-879-657-3775,phone
PTY003410,organization,"Garcia, Pierce and Mathews",,,"Garcia, Pierce and Mathews",,devin72@example.com,+1-240-637-6494x133,mail
PTY003411,person,Jessica Ward,Jessica,Ward,,1989-04-20,mackenziemorris@example.net,001-442-728-5141x363,mail
PTY003412,person,Nicole Rice,Nicole,Rice,,1970-01-18,youngjessica@example.net,505.961.3111,phone
PTY003413,organization,Mcmahon Ltd,,,Mcmahon Ltd,,sharrison@example.net,3823135221,mail
PTY003414,person,Dale Willis,Dale,Willis,,2004-12-26,elainewilliams@example.com,001-393-833-0913,app
PTY003415,person,Lynn Smith,Lynn,Smith,,1941-12-04,annarussell@example.net,001-581-781-4335x8628,mail
PTY003416,person,William Hoffman,William,Hoffman,,1965-05-14,ltucker@example.com,407.568.7902x44644,email
PTY003417,person,Diana Donovan,Diana,Donovan,,1976-10-01,rnelson@example.org,001-492-670-2907x542,email
PTY003418,person,Angela Tran,Angela,Tran,,1946-11-16,steven89@example.net,001-336-639-1596x58668,app
PTY003419,person,Brian Wright,Brian,Wright,,1959-03-01,paige45@example.org,(379)932-6334x57081,mail
PTY003420,person,Michael Collier,Michael,Collier,,1981-01-26,frussell@example.net,346-265-8490x8957,mail
PTY003421,person,Timothy Cruz,Timothy,Cruz,,1947-03-27,misty22@example.net,759.460.6585,email
PTY003422,person,Gregory Hodges,Gregory,Hodges,,1993-11-24,andrew44@example.org,(904)788-4861x81745,mail
PTY003423,person,Scott Mills,Scott,Mills,,1949-07-21,ycurtis@example.com,+1-200-989-7303x659,phone
PTY003424,person,Taylor Coleman,Taylor,Coleman,,1995-10-18,jason40@example.net,001-570-355-5013x334,mail
PTY003425,organization,Hardy-Hester,,,Hardy-Hester,,nlyons@example.com,001-231-388-5340x261,email
PTY003426,organization,Mcgee-Richard,,,Mcgee-Richard,,patrickorr@example.org,607-885-7788,mail
PTY003427,person,Donald Johnson,Donald,Johnson,,1997-10-21,dennis11@example.net,(668)927-2634x01881,mail
PTY003428,person,Lisa Gonzales,Lisa,Gonzales,,1958-02-20,dunncharles@example.net,001-427-915-1319x482,email
PTY003429,organization,Hale-Nelson,,,Hale-Nelson,,ryan57@example.net,588-968-3547,phone
PTY003430,person,Justin Murray,Justin,Murray,,1961-11-20,qlopez@example.net,001-879-931-9807x1233,mail
PTY003431,person,William Sutton,William,Sutton,,1989-12-23,riverajoseph@example.org,373.699.7704,email
PTY003432,organization,"Rogers, Yu and Ferguson",,,"Rogers, Yu and Ferguson",,edwardrichardson@example.org,(632)487-7554x8400,app
PTY003433,person,Carlos Smith,Carlos,Smith,,2005-05-29,hgarza@example.net,476-901-9666x79399,sms
PTY003434,person,Sandra Nunez,Sandra,Nunez,,1953-12-15,clittle@example.net,598.590.9789x2079,mail
PTY003435,person,Abigail Hobbs,Abigail,Hobbs,,1948-01-25,richardanderson@example.org,531.495.2646x74456,email
PTY003436,person,Duane Newman,Duane,Newman,,1990-09-24,andrew46@example.com,001-488-248-8059x5474,app
PTY003437,person,Anthony Patel,Anthony,Patel,,1979-07-08,jeffreyyates@example.org,+1-671-442-4388x01372,email
PTY003438,person,Amanda Delacruz,Amanda,Delacruz,,1996-12-22,pattonlaura@example.com,+1-465-273-8537x512,sms
PTY003439,person,Todd Miller,Todd,Miller,,1998-11-25,laura80@example.com,(902)222-4703x2133,phone
PTY003440,organization,Price LLC,,,Price LLC,,jensenrobert@example.org,001-538-455-5079,email
PTY003441,person,Kimberly Cline,Kimberly,Cline,,1941-03-18,barkerjessica@example.org,+1-924-249-1306x10855,phone
PTY003442,person,Joshua Riley,Joshua,Riley,,1968-06-10,aaron64@example.org,(711)282-2241x329,mail
PTY003443,person,Christian Martinez,Christian,Martinez,,1952-11-18,nataliemoore@example.org,499.928.5814,sms
PTY003444,person,Jesus Johnson,Jesus,Johnson,,1950-01-24,reeveskimberly@example.net,461-301-9953,email
PTY003445,person,Aaron Bishop,Aaron,Bishop,,1974-11-24,zoe28@example.org,935-819-4199x7981,phone
PTY003446,person,John Beck,John,Beck,,1981-03-03,rodriguezjoshua@example.org,001-216-870-1410x4882,email
PTY003447,person,Jose Bailey,Jose,Bailey,,2005-07-06,deborahjohnson@example.org,+1-983-427-3652x939,email
PTY003448,organization,Andersen-Blair,,,Andersen-Blair,,brettlutz@example.com,(656)279-1671x2794,phone
PTY003449,person,Collin Johnson,Collin,Johnson,,2007-03-18,zanderson@example.org,824.897.0730,mail
PTY003450,person,Michelle Hicks,Michelle,Hicks,,2006-04-26,kcarey@example.org,4228854040,app
PTY003451,person,Karen Patterson,Karen,Patterson,,1967-04-05,luis01@example.com,(422)958-4819x06045,mail
PTY003452,organization,"Brown, Mccullough and Daugherty",,,"Brown, Mccullough and Daugherty",,elizabeth64@example.net,001-571-672-9126x98153,mail
PTY003453,person,Stephanie Howard,Stephanie,Howard,,1953-10-08,lisa09@example.net,(269)478-8331,email
PTY003454,person,Renee Dunlap,Renee,Dunlap,,1974-12-18,grace05@example.com,859-780-3440x585,email
PTY003455,person,Jessica Olsen,Jessica,Olsen,,1946-01-30,sburgess@example.org,001-795-604-4492x09545,email
PTY003456,person,Shelia Miller,Shelia,Miller,,1992-01-18,charlesgarcia@example.com,001-794-994-4228x329,email
PTY003457,person,Veronica Phillips,Veronica,Phillips,,1970-07-15,afigueroa@example.com,+1-555-409-4786x416,app
PTY003458,person,William Hull,William,Hull,,1941-08-14,jennifer92@example.com,521-318-9462,app
PTY003459,person,Suzanne Hamilton,Suzanne,Hamilton,,2001-06-21,patriciasimmons@example.org,7048335901,app
PTY003460,person,Lynn Smith,Lynn,Smith,,1986-01-19,mary56@example.net,414-767-3592x8396,email
PTY003461,person,Karen Berg,Karen,Berg,,1958-07-17,douglasdavid@example.com,(766)757-6406x336,phone
PTY003462,person,William Wilson,William,Wilson,,1948-08-03,brownashley@example.com,696.693.9249x623,email
PTY003463,person,James Burke,James,Burke,,1952-06-03,christopher62@example.net,237.394.7741x73336,app
PTY003464,person,Brian Harrison,Brian,Harrison,,1977-04-21,xwoods@example.net,3538450358,phone
PTY003465,person,Emily Aguirre,Emily,Aguirre,,1985-11-11,samantha98@example.net,+1-706-918-4648x7608,email
PTY003466,person,Rachel Torres,Rachel,Torres,,1995-02-02,harrisnicholas@example.org,+1-924-528-6622x71921,email
PTY003467,person,Robert Adkins,Robert,Adkins,,1963-08-13,obarnes@example.net,8607727723,email
PTY003468,person,Jennifer Jenkins,Jennifer,Jenkins,,2004-11-06,stephen66@example.com,001-671-664-0226x123,app
PTY003469,person,Lisa Morgan,Lisa,Morgan,,1971-03-27,josephbaker@example.org,764.982.6148x109,app
PTY003470,person,William Jones,William,Jones,,1978-12-12,jameslittle@example.org,203.731.5667x0533,email
PTY003471,person,Christopher Nichols,Christopher,Nichols,,1977-08-31,kbrown@example.com,001-524-298-9569x110,mail
PTY003472,organization,"Guerra, Chapman and Baxter",,,"Guerra, Chapman and Baxter",,slewis@example.net,001-804-504-4161x66130,app
PTY003473,person,Mark Fox,Mark,Fox,,1953-11-24,zdavis@example.org,680-288-0574x9875,email
PTY003474,person,Gary Hines,Gary,Hines,,1957-04-20,njones@example.net,+1-292-779-3544x458,mail
PTY003475,person,Michele Kim,Michele,Kim,,1995-12-28,denisenixon@example.net,001-895-826-1457x8245,mail
PTY003476,person,Jeremy Lewis,Jeremy,Lewis,,1965-02-12,taylorsabrina@example.com,579.596.3173,email
PTY003477,organization,"Davenport, Foster and Soto",,,"Davenport, Foster and Soto",,oduncan@example.com,400.515.0343x162,app
PTY003478,person,Jessica Sullivan,Jessica,Sullivan,,1949-02-17,joselee@example.com,812.205.7492x138,sms
PTY003479,person,Noah Lopez,Noah,Lopez,,1982-04-24,ymiranda@example.net,+1-887-202-4564x53107,email
PTY003480,organization,Johnson-Cannon,,,Johnson-Cannon,,otorres@example.net,293-845-7161x56336,phone
PTY003481,person,Erika Miller,Erika,Miller,,1991-10-09,anthonygina@example.org,623-903-6726,email
PTY003482,person,Jeremy Galloway,Jeremy,Galloway,,1977-08-16,jenkinstiffany@example.org,403-642-0628x95804,sms
PTY003483,person,Patricia Spencer,Patricia,Spencer,,1996-01-31,fullerdonna@example.net,001-983-592-1143x6785,mail
PTY003484,person,James Lang,James,Lang,,1987-01-28,paul76@example.net,(982)993-0073x7038,sms
PTY003485,organization,Boone-Sweeney,,,Boone-Sweeney,,jesse50@example.net,925.670.4455x42835,phone
PTY003486,person,George Williams,George,Williams,,1958-11-04,meredithwilliams@example.com,+1-279-948-9830x18608,phone
PTY003487,organization,Gibbs-Ayers,,,Gibbs-Ayers,,donnaacosta@example.net,(567)860-0427x098,email
PTY003488,person,Karen Rogers,Karen,Rogers,,1990-11-01,crystal38@example.net,9532634716,email
PTY003489,organization,Norman-Frank,,,Norman-Frank,,zpearson@example.net,4546452925,mail
PTY003490,person,Betty Mitchell,Betty,Mitchell,,1941-02-28,kgreen@example.org,889-831-0587,email
PTY003491,person,Lindsey Daniel,Lindsey,Daniel,,1995-05-06,rjones@example.org,(857)814-1787x4105,email
PTY003492,person,James Anderson,James,Anderson,,2002-04-01,meganhenderson@example.org,(857)886-5357,email
PTY003493,person,Peter Valenzuela,Peter,Valenzuela,,1969-09-25,robinsondustin@example.org,924-658-6154,email
PTY003494,organization,Norris-Garcia,,,Norris-Garcia,,carl96@example.net,427.562.8908,sms
PTY003495,person,Todd Johnson,Todd,Johnson,,1981-01-03,hannahhicks@example.com,332.872.2437x581,mail
PTY003496,person,Dennis Berry,Dennis,Berry,,2003-03-31,gpugh@example.com,314-777-7163,phone
PTY003497,person,Christina Gonzalez,Christina,Gonzalez,,1944-02-22,vthomas@example.com,461.818.9192x83440,sms
PTY003498,organization,"Reeves, Williams and Hunt",,,"Reeves, Williams and Hunt",,marvinpeters@example.net,+1-797-643-5408,mail
PTY003499,person,Erik Smith,Erik,Smith,,1982-04-14,courtney92@example.net,367.656.7538x6688,phone
PTY003500,person,Tara Kidd,Tara,Kidd,,1955-03-04,emilyvelasquez@example.org,001-637-633-2640x8194,app
PTY003501,person,Anna Hayden,Anna,Hayden,,1992-12-19,andrewphillips@example.com,959.891.9215,app
PTY003502,person,Lisa Scott,Lisa,Scott,,1959-06-30,annehamilton@example.org,2528870019,mail
PTY003503,organization,Mayo Group,,,Mayo Group,,edwin12@example.org,(862)844-3762x920,email
PTY003504,person,Sandra Green,Sandra,Green,,2003-02-17,okeith@example.com,703.570.7010x9557,sms
PTY003505,person,Rebekah Beard,Rebekah,Beard,,2005-07-02,tonyarowe@example.com,+1-743-871-1718,email
PTY003506,organization,"Rodriguez, Brown and Ball",,,"Rodriguez, Brown and Ball",,masontony@example.com,615.289.1862x39378,phone
PTY003507,person,Wesley Ford,Wesley,Ford,,1979-11-04,thomas56@example.org,001-710-200-4719x40656,email
PTY003508,organization,Lee Group,,,Lee Group,,onealsarah@example.org,563-991-0274x2378,email
PTY003509,organization,"Henderson, Valenzuela and Rodriguez",,,"Henderson, Valenzuela and Rodriguez",,thomas12@example.com,+1-205-362-9266x92362,sms
PTY003510,organization,Roberts Inc,,,Roberts Inc,,jennifer76@example.org,2295862811,app
PTY003511,person,David Myers,David,Myers,,1976-02-22,james91@example.org,001-658-726-3747x8882,mail
PTY003512,person,Gina English,Gina,English,,1982-01-26,uferguson@example.org,491.572.3288,sms
PTY003513,person,Christine Padilla,Christine,Padilla,,1998-01-16,fflores@example.org,470.655.4405x47553,phone
PTY003514,person,Tina Mccall,Tina,Mccall,,1969-05-11,burnettaustin@example.org,001-849-991-4107x1787,phone
PTY003515,person,Karen Singh,Karen,Singh,,1987-07-23,aherman@example.com,001-554-457-9427x53737,mail
PTY003516,person,Raven Sweeney,Raven,Sweeney,,1987-07-17,james24@example.com,897-412-2695x143,phone
PTY003517,person,Sandra Williams,Sandra,Williams,,1980-02-29,frankvickie@example.net,953.240.2970x89538,email
PTY003518,person,Sheila Alvarado,Sheila,Alvarado,,1943-02-06,harrismichelle@example.com,+1-896-478-2637,sms
PTY003519,person,Jose Jones,Jose,Jones,,1963-03-25,danielvelez@example.com,+1-247-894-0505x15949,mail
PTY003520,person,Kathleen Sanchez,Kathleen,Sanchez,,1963-03-04,kschultz@example.com,9613050091,sms
PTY003521,organization,"Fuller, Sanchez and Hernandez",,,"Fuller, Sanchez and Hernandez",,murraywendy@example.com,7895884797,mail
PTY003522,person,Charles Becker,Charles,Becker,,1948-09-14,joan45@example.net,564-833-9828,email
PTY003523,person,Megan Conley,Megan,Conley,,2006-07-01,williamsspencer@example.org,+1-386-982-8757,app
PTY003524,person,Mackenzie Walters,Mackenzie,Walters,,1987-05-15,brettgonzales@example.net,(278)561-6584x130,phone
PTY003525,person,Sarah Martin,Sarah,Martin,,1968-06-16,richard06@example.net,(472)898-3619x41028,mail
PTY003526,organization,Bowen PLC,,,Bowen PLC,,thompsonlarry@example.net,+1-328-903-1512x2658,email
PTY003527,person,Steven Perkins,Steven,Perkins,,1984-08-16,michaelschmidt@example.com,468.712.3053,phone
PTY003528,person,Devon Williams,Devon,Williams,,1945-05-14,ryandaniel@example.org,407.438.8801,app
PTY003529,organization,Taylor Ltd,,,Taylor Ltd,,juliechang@example.com,(221)201-0745x205,sms
PTY003530,person,Brianna Ray,Brianna,Ray,,1945-04-04,gwilson@example.org,351.411.5041x22501,phone
PTY003531,person,Rebecca Bryant,Rebecca,Bryant,,1992-10-09,brian82@example.com,303.690.9738x079,phone
PTY003532,person,Cassie Allen,Cassie,Allen,,2002-09-18,burkeanthony@example.com,741-846-8817,sms
PTY003533,person,Caleb Knight,Caleb,Knight,,1978-07-07,lauraphillips@example.net,459.612.7536,email
PTY003534,person,Sandra Kennedy,Sandra,Kennedy,,2007-06-08,gomezkathy@example.net,547.750.9178,mail
PTY003535,person,Jessica Lee,Jessica,Lee,,1984-09-18,rconrad@example.org,+1-358-958-8118x5577,mail
PTY003536,person,Tina Ramos,Tina,Ramos,,1971-06-03,thomas62@example.com,206-910-4203,email
PTY003537,person,Jamie Padilla,Jamie,Padilla,,1964-06-14,annarice@example.net,859-378-0078,app
PTY003538,person,Samantha Patterson,Samantha,Patterson,,1940-10-02,underwoodlouis@example.com,001-575-650-7481x444,email
PTY003539,person,Juan Mcgee,Juan,Mcgee,,1952-02-25,aross@example.org,+1-651-398-1383x349,phone
PTY003540,person,Luis Rogers,Luis,Rogers,,1952-12-22,stevenruiz@example.net,313.558.9961x600,app
PTY003541,person,Dan Sanchez,Dan,Sanchez,,2006-08-03,emason@example.net,497.789.2930x9077,phone
PTY003542,person,Angela Williams,Angela,Williams,,1994-07-24,obrienadam@example.com,(750)294-6660,sms
PTY003543,person,Robert Bradley,Robert,Bradley,,2004-06-01,lisafigueroa@example.net,(288)997-3784,mail
PTY003544,person,Donna Baker,Donna,Baker,,1948-07-15,thompsonjoseph@example.org,(517)572-3797x30905,sms
PTY003545,person,Kathleen Wilson,Kathleen,Wilson,,1980-12-02,markcharles@example.net,(647)604-8550x23137,phone
PTY003546,person,Mary Martinez,Mary,Martinez,,1964-02-25,nhoward@example.com,450-807-4883,phone
PTY003547,person,Amanda Serrano,Amanda,Serrano,,1946-04-13,austinlove@example.org,826-920-7679x57571,app
PTY003548,person,Donald Smith,Donald,Smith,,1942-07-22,datkinson@example.org,(358)979-4923x15110,sms
PTY003549,person,William Miller,William,Miller,,1956-03-25,megan19@example.org,001-336-561-7658,email
PTY003550,person,Linda Flowers,Linda,Flowers,,2007-03-28,fisherdebra@example.com,525-350-7584,mail
PTY003551,person,Leah Mendoza,Leah,Mendoza,,1977-02-26,marymcclain@example.com,4837444340,phone
PTY003552,person,Gwendolyn Rosales,Gwendolyn,Rosales,,1981-02-06,brownstephen@example.org,856.563.5790x3818,phone
PTY003553,person,Evan Smith,Evan,Smith,,2006-02-23,angelacohen@example.com,937-401-1269x9289,app
PTY003554,person,Dennis Armstrong,Dennis,Armstrong,,1970-12-29,ndavis@example.net,348.277.6013,app
PTY003555,person,Jennifer Ferguson,Jennifer,Ferguson,,1969-10-25,josegonzalez@example.org,671-882-6522x71068,app
PTY003556,organization,Skinner-Wilkerson,,,Skinner-Wilkerson,,michele58@example.com,9425910374,phone
PTY003557,person,Roger Cox,Roger,Cox,,1974-06-11,moorechristian@example.org,398-376-4155x7213,mail
PTY003558,organization,Aguilar Group,,,Aguilar Group,,leahpitts@example.org,(282)997-6722,mail
PTY003559,person,Lisa Miller,Lisa,Miller,,2003-05-26,lewismichael@example.net,001-933-566-8949x492,app
PTY003560,person,Ronald Olson,Ronald,Olson,,1960-11-16,slopez@example.com,919.855.4968x472,mail
PTY003561,person,Brad Jones,Brad,Jones,,1990-06-16,racheldavis@example.com,471-569-9444,email
PTY003562,person,Brandi Lewis,Brandi,Lewis,,1997-04-13,josephwilliams@example.org,329-855-4712x0073,phone
PTY003563,person,Angela Herrera,Angela,Herrera,,1966-08-11,josephsanchez@example.net,+1-577-367-5329x998,sms
PTY003564,person,Andrea Haynes,Andrea,Haynes,,1963-11-19,coxalyssa@example.org,001-248-524-6411,app
PTY003565,person,Jessica Morales,Jessica,Morales,,1943-10-25,hendersonkaren@example.net,584.973.8106,app
PTY003566,person,Melissa Conrad,Melissa,Conrad,,1970-08-07,chadwatson@example.net,(626)816-3405,app
PTY003567,person,Justin Romero,Justin,Romero,,1962-12-11,camposthomas@example.org,300-617-5504x9357,mail
PTY003568,person,Clayton Krueger,Clayton,Krueger,,2004-10-23,yjohnson@example.net,(333)487-9283x929,email
PTY003569,person,Madison Shaw,Madison,Shaw,,1949-02-17,riossusan@example.com,+1-500-974-3262x8432,app
PTY003570,person,Patrick Krueger,Patrick,Krueger,,1983-08-31,luiswells@example.org,001-844-624-7222,mail
PTY003571,organization,Hernandez-Lin,,,Hernandez-Lin,,jeffreyfrancis@example.org,+1-560-632-2275x6175,mail
PTY003572,person,Erin Powers,Erin,Powers,,1945-08-01,nrobinson@example.net,001-818-519-2424x129,email
PTY003573,person,Michael Morrison,Michael,Morrison,,1965-12-02,derrickhorton@example.org,(209)239-7498,mail
PTY003574,person,Lori Obrien,Lori,Obrien,,1982-04-15,rickgonzales@example.com,645-454-9444,email
PTY003575,organization,"Mckee, Ford and Walker",,,"Mckee, Ford and Walker",,rosslopez@example.org,548.933.7557,email
PTY003576,person,Amber Davis,Amber,Davis,,2006-08-28,tiffanyjones@example.com,731-926-4569x67570,phone
PTY003577,person,Daniel Dillon,Daniel,Dillon,,1947-01-29,christy18@example.org,333.556.2550,sms
PTY003578,person,Matthew Arnold,Matthew,Arnold,,1948-05-31,mannjohn@example.com,213-373-2022,phone
PTY003579,person,Theresa Gibson,Theresa,Gibson,,2006-04-18,melissamccoy@example.org,(686)886-6307x0996,email
PTY003580,person,Leah Nielsen,Leah,Nielsen,,1991-09-07,bedwards@example.net,292-499-5911,sms
PTY003581,person,Christine Fox,Christine,Fox,,1980-04-21,alicialee@example.org,001-632-875-3296,mail
PTY003582,organization,Brennan Ltd,,,Brennan Ltd,,brianhowe@example.org,001-806-853-3239x6911,app
PTY003583,person,Kyle Fleming,Kyle,Fleming,,1948-04-02,morganvirginia@example.com,446-859-2396x5978,mail
PTY003584,person,Brenda Williams,Brenda,Williams,,1941-09-18,campbellaaron@example.org,(360)508-8843,phone
PTY003585,person,Heather Adams,Heather,Adams,,1971-12-24,davidblackwell@example.org,(638)488-9312x904,phone
PTY003586,person,Wesley Whitaker,Wesley,Whitaker,,1950-07-25,joanmartinez@example.org,001-210-397-2893x82121,mail
PTY003587,person,Tammy Sherman,Tammy,Sherman,,1941-02-04,vkaufman@example.net,884.597.0420x9776,email
PTY003588,person,Curtis Johnson,Curtis,Johnson,,1981-10-09,matthew19@example.net,001-942-423-6532x714,sms
PTY003589,organization,"Gregory, Smith and Acevedo",,,"Gregory, Smith and Acevedo",,jamesweiss@example.com,(509)844-4831x749,email
PTY003590,person,Albert Mayo,Albert,Mayo,,1967-10-23,grahamwilliam@example.net,001-663-507-3722x575,mail
PTY003591,person,Richard Greene,Richard,Greene,,1970-12-01,garciajason@example.net,+1-488-510-2957x882,app
PTY003592,organization,Byrd LLC,,,Byrd LLC,,jeremycarter@example.org,(564)210-1442,app
PTY003593,person,Michael Carson,Michael,Carson,,1994-01-24,kari76@example.org,001-661-525-1743x4210,email
PTY003594,organization,"Herrera, Hunt and Hart",,,"Herrera, Hunt and Hart",,helenbradley@example.org,001-916-696-4668x026,sms
PTY003595,person,Julia Reed,Julia,Reed,,1983-07-27,griffinnicole@example.net,001-861-624-7685x976,app
PTY003596,person,Kristen Elliott,Kristen,Elliott,,2003-04-15,rrichardson@example.net,6284277469,email
PTY003597,person,Martin Carter,Martin,Carter,,1962-01-14,sgray@example.com,482.300.1376x835,mail
PTY003598,person,Jimmy Anderson,Jimmy,Anderson,,1958-09-02,nataliewilliams@example.com,(553)252-1705x72677,mail
PTY003599,organization,Thomas Ltd,,,Thomas Ltd,,leejoseph@example.org,7775900121,email
PTY003600,person,Henry Shaw,Henry,Shaw,,1961-09-22,foleycheryl@example.com,706-627-1810x63198,sms
PTY003601,person,Joshua Daniels,Joshua,Daniels,,1970-02-05,ucole@example.com,862-790-6516x512,app
PTY003602,person,Molly Wright,Molly,Wright,,1973-02-17,timothynelson@example.net,941-252-3877,app
PTY003603,person,Katie Smith,Katie,Smith,,1976-10-03,joseph50@example.com,+1-693-557-6338x1235,phone
PTY003604,person,Tara Delgado,Tara,Delgado,,1969-12-24,stuarteric@example.org,260.520.7073x7366,phone
PTY003605,organization,Hamilton PLC,,,Hamilton PLC,,cgraham@example.net,+1-604-566-0055x931,email
PTY003606,person,Tiffany Adams,Tiffany,Adams,,1988-12-30,delgadopaul@example.com,+1-702-787-9826x225,app
PTY003607,person,Sean Torres,Sean,Torres,,1993-09-05,harveyjose@example.com,+1-308-890-6603x6340,phone
PTY003608,person,Natalie Miller,Natalie,Miller,,1969-01-07,davidhickman@example.org,563.545.2804,sms
PTY003609,person,Gregory Wolf,Gregory,Wolf,,1958-04-01,joseph58@example.org,(349)746-1528x6815,app
PTY003610,person,Robert Turner,Robert,Turner,,1991-11-01,mccoyhannah@example.net,991-279-0608x125,sms
PTY003611,person,Philip Moore,Philip,Moore,,1982-09-03,stephaniebaker@example.net,001-871-747-0675,email
PTY003612,person,Antonio Patton,Antonio,Patton,,1941-12-14,whitedaniel@example.net,001-879-776-4704x8601,sms
PTY003613,person,Raymond Thomas,Raymond,Thomas,,1970-05-29,ataylor@example.net,(612)451-6280x261,mail
PTY003614,organization,Hess Ltd,,,Hess Ltd,,victor69@example.com,551.736.8194x80446,app
PTY003615,person,Gina Woodward,Gina,Woodward,,1996-06-01,mcgeedeborah@example.com,(391)471-4112,mail
PTY003616,organization,"Williams, Cantrell and Boyd",,,"Williams, Cantrell and Boyd",,carlos36@example.net,+1-326-431-3494x6078,app
PTY003617,person,Claire Raymond,Claire,Raymond,,2003-12-19,daniellawrence@example.org,+1-652-422-9311,mail
PTY003618,organization,Miller LLC,,,Miller LLC,,timothy97@example.net,001-704-599-8831x2060,sms
PTY003619,person,Brandi Wiggins,Brandi,Wiggins,,1961-10-20,katherinejackson@example.net,551-329-9387x884,phone
PTY003620,person,Aaron Carter,Aaron,Carter,,2001-10-25,bakervictoria@example.com,(242)873-0092x01887,email
PTY003621,person,Dana George,Dana,George,,1983-05-08,dylanduncan@example.com,2119628016,mail
PTY003622,person,John Jackson,John,Jackson,,1975-12-30,briggssteven@example.com,+1-207-772-1889x0665,sms
PTY003623,person,Ronald Henson,Ronald,Henson,,1956-08-02,theresa00@example.org,(671)561-7277x53995,email
PTY003624,person,Erin Hale,Erin,Hale,,1983-07-26,edavis@example.net,(298)614-2185x92930,sms
PTY003625,person,Erica Hill,Erica,Hill,,1950-07-24,rebeccaadams@example.net,+1-276-316-6118x570,phone
PTY003626,person,Mariah Bradford,Mariah,Bradford,,1951-05-21,ariaslauren@example.org,486.265.5719x557,phone
PTY003627,person,James Jones,James,Jones,,1956-05-03,eburnett@example.com,(573)372-7259x0635,app
PTY003628,person,Eric Wilson,Eric,Wilson,,1965-03-13,batesbrandon@example.net,+1-591-329-9824x861,sms
PTY003629,person,Collin Lee,Collin,Lee,,1962-11-30,gibsonmindy@example.org,9917204593,app
PTY003630,person,Chelsea Ellison,Chelsea,Ellison,,1956-01-27,marco54@example.com,+1-519-966-2300,mail
PTY003631,person,Jesse Gonzalez,Jesse,Gonzalez,,1993-10-10,timothy08@example.org,618-607-7833x68261,mail
PTY003632,person,Randy Valenzuela,Randy,Valenzuela,,1997-07-06,sydney75@example.org,600-426-6897,email
PTY003633,person,Thomas Wallace,Thomas,Wallace,,1945-07-11,alexandra12@example.com,(929)616-5397x944,phone
PTY003634,person,Alec Estrada,Alec,Estrada,,1989-09-28,andrea66@example.net,292-472-5452x8324,email
PTY003635,person,Jacob Cherry,Jacob,Cherry,,1990-09-12,taylornicole@example.net,001-243-497-1501,app
PTY003636,person,Mary Powers,Mary,Powers,,1979-08-09,darren29@example.org,3944017749,mail
PTY003637,organization,"Harris, Phillips and Wood",,,"Harris, Phillips and Wood",,rodriguezbrittany@example.com,001-670-924-9116x993,sms
PTY003638,person,Dawn Saunders,Dawn,Saunders,,1972-03-26,ethomas@example.com,001-467-993-0721x7821,mail
PTY003639,organization,"Floyd, Klein and Brown",,,"Floyd, Klein and Brown",,stephanie64@example.org,+1-973-545-7635,app
PTY003640,organization,Miller and Sons,,,Miller and Sons,,keith92@example.com,+1-367-545-6443,mail
PTY003641,person,Frank Herrera,Frank,Herrera,,2000-02-20,sarah13@example.com,623.232.9046x08467,sms
PTY003642,organization,Anderson-Li,,,Anderson-Li,,changdaniel@example.com,+1-799-471-7908x481,phone
PTY003643,person,Tracy Horton,Tracy,Horton,,1945-08-18,jessica27@example.com,001-507-436-1320x406,phone
PTY003644,person,Mary Lee,Mary,Lee,,1952-05-28,mayjennifer@example.net,399.811.1307x366,phone
PTY003645,person,Stephen Rodriguez,Stephen,Rodriguez,,1970-08-17,mbuchanan@example.com,716.926.6714x16826,sms
PTY003646,person,Blake Wallace,Blake,Wallace,,2004-02-14,veronicabartlett@example.org,912.515.1970x962,email
PTY003647,person,Daniel Patterson,Daniel,Patterson,,1954-07-19,tamara92@example.net,626-778-6178x405,sms
PTY003648,person,Sara Santos,Sara,Santos,,1949-06-03,russelldavid@example.com,473.970.1449x87715,mail
PTY003649,person,Angela Garcia,Angela,Garcia,,1990-05-02,gracecarlson@example.org,899.619.7936,app
PTY003650,person,Erik Stewart,Erik,Stewart,,1946-03-14,jasminemyers@example.org,001-712-582-7756,app
PTY003651,person,Catherine Robles,Catherine,Robles,,1988-07-15,tiffanypatterson@example.net,+1-373-626-4266x7730,phone
PTY003652,person,Sandra Wilkins,Sandra,Wilkins,,1963-11-13,toddaustin@example.com,840.671.6276,phone
PTY003653,person,Timothy Reeves,Timothy,Reeves,,1988-02-24,aimee05@example.com,413-610-6660x297,phone
PTY003654,person,Matthew Harris,Matthew,Harris,,1990-03-18,monica09@example.net,8147806810,email
PTY003655,person,Michelle Wall,Michelle,Wall,,1965-07-05,woodwarddarlene@example.org,+1-226-423-7505x43226,app
PTY003656,person,Timothy Hill,Timothy,Hill,,1967-03-09,justinbrown@example.net,337.259.4587x02307,mail
PTY003657,person,Kara Bennett,Kara,Bennett,,1943-07-14,gutierrezshelly@example.org,(386)779-5240x874,sms
PTY003658,person,Katelyn Douglas,Katelyn,Douglas,,1997-08-15,vanessa07@example.com,864.649.6392x1481,phone
PTY003659,organization,Charles Ltd,,,Charles Ltd,,mathewskatie@example.com,(845)719-1600x222,email
PTY003660,person,Regina Henderson,Regina,Henderson,,2000-05-08,roberttaylor@example.org,817-381-4808x965,sms
PTY003661,person,Kent Austin,Kent,Austin,,1985-05-31,holtmelanie@example.org,+1-268-675-7412x28767,sms
PTY003662,person,Joseph Mcintosh,Joseph,Mcintosh,,1995-05-09,ryanannette@example.net,839-404-0808,app
PTY003663,person,Jennifer Meyer,Jennifer,Meyer,,1995-05-05,logangraves@example.net,414.727.0931x9121,app
PTY003664,person,Kristi Aguilar,Kristi,Aguilar,,1963-07-04,stephanielewis@example.org,001-841-226-6620x6856,email
PTY003665,person,Megan Goodwin,Megan,Goodwin,,1940-12-12,zacharyrivera@example.com,411-812-0150,mail
PTY003666,person,Natalie Hensley,Natalie,Hensley,,1963-07-11,monique42@example.com,001-871-641-0452x887,phone
PTY003667,person,Jessica Hunter,Jessica,Hunter,,1975-06-23,drakemichelle@example.org,001-849-652-6051x854,sms
PTY003668,person,Victoria Delacruz,Victoria,Delacruz,,1973-10-19,lisahansen@example.org,(523)814-4886,email
PTY003669,organization,Gordon-Thompson,,,Gordon-Thompson,,michael85@example.net,001-497-652-6570x056,app
PTY003670,person,Justin Mullen,Justin,Mullen,,2000-07-19,christyjohnson@example.net,716-809-6293,sms
PTY003671,person,Christopher Reyes,Christopher,Reyes,,1962-10-10,smithkayla@example.org,249.921.2096x9860,sms
PTY003672,organization,Anthony-Murphy,,,Anthony-Murphy,,coxkristi@example.com,(923)794-7646x9145,phone
PTY003673,organization,"Gallegos, Berg and Alvarado",,,"Gallegos, Berg and Alvarado",,rileydavid@example.net,+1-209-559-9056,mail
PTY003674,person,Lori Price,Lori,Price,,1999-08-15,iduran@example.net,001-551-503-1530x870,email
PTY003675,person,Aaron Rush,Aaron,Rush,,1959-07-07,ewebb@example.com,+1-396-288-7064x10809,email
PTY003676,person,Terry Moore,Terry,Moore,,1979-01-16,lsimpson@example.com,001-985-351-5703x43491,app
PTY003677,person,Elizabeth Brown,Elizabeth,Brown,,1985-02-16,lisa05@example.net,734.294.3747,sms
PTY003678,person,Russell Morales,Russell,Morales,,1978-09-18,jason92@example.net,(336)893-4115x2564,mail
PTY003679,organization,Hurley-Reynolds,,,Hurley-Reynolds,,jason30@example.com,906-496-5148x2682,phone
PTY003680,person,Matthew Farmer,Matthew,Farmer,,2007-11-11,sabrinawright@example.org,001-722-741-1771,sms
PTY003681,person,Jane Patterson,Jane,Patterson,,1974-02-05,danielwebb@example.com,(511)852-1926,sms
PTY003682,person,Adrian Matthews,Adrian,Matthews,,1943-05-24,nlee@example.net,(851)531-0398x688,app
PTY003683,person,Mason Phillips,Mason,Phillips,,1950-04-14,albertflynn@example.com,(774)853-7709x6422,app
PTY003684,organization,Romero LLC,,,Romero LLC,,hamiltonstephanie@example.org,(319)614-4238,phone
PTY003685,person,Martin Hill,Martin,Hill,,1957-05-15,thomasnelson@example.com,464-222-5592x271,phone
PTY003686,person,Thomas Hill,Thomas,Hill,,1986-05-10,carterapril@example.org,+1-378-832-8453x812,email
PTY003687,organization,Aguirre-Hodge,,,Aguirre-Hodge,,merrittmiranda@example.org,001-798-393-6870x1721,mail
PTY003688,person,Amanda Baker,Amanda,Baker,,1994-10-29,sestes@example.com,4008543122,app
PTY003689,person,Kevin Schmitt,Kevin,Schmitt,,1955-10-17,scottphillips@example.com,001-450-538-9347x64995,phone
PTY003690,person,Edward Flores,Edward,Flores,,1990-04-02,salvarez@example.org,(767)316-4843,sms
PTY003691,organization,Howard-Mitchell,,,Howard-Mitchell,,ctaylor@example.com,238-555-5885x99189,app
PTY003692,organization,Ruiz-Sutton,,,Ruiz-Sutton,,joshua99@example.com,+1-553-491-1130,email
PTY003693,person,Jill Gillespie,Jill,Gillespie,,2001-11-27,danielconley@example.com,376-225-1973,mail
PTY003694,person,Earl Little,Earl,Little,,1981-08-12,jefferydavis@example.com,228-710-0749x88871,mail
PTY003695,person,Jonathan Carter,Jonathan,Carter,,1959-05-09,moniquestokes@example.org,5865665815,mail
PTY003696,person,Stephanie Gray,Stephanie,Gray,,1950-08-23,kayleewalls@example.org,(746)695-4946x5920,email
PTY003697,person,Alexandra Warren,Alexandra,Warren,,1944-03-17,jwinters@example.com,491.762.9077x269,sms
PTY003698,person,Jacob Weeks,Jacob,Weeks,,1943-06-02,cbutler@example.org,407-401-2008x40758,sms
PTY003699,person,Dustin Martinez,Dustin,Martinez,,1961-12-19,brittany31@example.com,858.978.7340x53867,app
PTY003700,person,Stanley Smith,Stanley,Smith,,1953-07-14,mpreston@example.com,001-367-628-0367,phone
PTY003701,person,Gabrielle Figueroa,Gabrielle,Figueroa,,1996-11-29,davisjames@example.com,282.823.9497x0834,mail
PTY003702,person,Edward Taylor,Edward,Taylor,,1965-10-16,randyparker@example.com,+1-377-574-5994,sms
PTY003703,person,Nicholas Todd,Nicholas,Todd,,1941-01-24,willisjames@example.org,596.344.8175x525,mail
PTY003704,person,Connie Gallagher,Connie,Gallagher,,2004-11-06,marc50@example.org,001-230-589-7376x02787,phone
PTY003705,organization,Anderson Inc,,,Anderson Inc,,nancy83@example.net,(830)239-2858x6743,app
PTY003706,person,Kelly Cohen,Kelly,Cohen,,1976-11-01,johntaylor@example.net,+1-217-850-6094x71888,phone
PTY003707,person,Emily May,Emily,May,,1964-03-18,mathisjesse@example.net,642-896-7307,sms
PTY003708,person,Lauren Kelley,Lauren,Kelley,,1967-03-09,amandabennett@example.com,607-381-2779,app
PTY003709,person,Thomas Nguyen,Thomas,Nguyen,,1999-09-28,stephanie98@example.net,(339)616-2704,email
PTY003710,organization,"Wilson, Michael and Lara",,,"Wilson, Michael and Lara",,pbradford@example.org,283.516.7290,mail
PTY003711,person,Shaun Mccall,Shaun,Mccall,,1986-12-24,darlene09@example.net,219-251-3074x552,email
PTY003712,person,James Mendez,James,Mendez,,1952-03-18,huberregina@example.net,5832922630,sms
PTY003713,person,Tyler Foley,Tyler,Foley,,1956-08-21,pjones@example.com,429-546-1257x981,phone
PTY003714,organization,Harrington Inc,,,Harrington Inc,,mkrause@example.org,+1-699-225-6311,mail
PTY003715,organization,Acosta LLC,,,Acosta LLC,,victoriaholder@example.org,502-576-1778x1289,phone
PTY003716,person,David Hill,David,Hill,,1966-02-04,devin23@example.net,+1-817-778-1621x42765,phone
PTY003717,person,Samuel Smith,Samuel,Smith,,1969-07-27,carlosscott@example.org,(335)202-1421x06114,sms
PTY003718,organization,"Kaiser, Mullen and Morris",,,"Kaiser, Mullen and Morris",,adamvega@example.com,001-912-244-5161x94653,mail
PTY003719,person,Colleen Robinson,Colleen,Robinson,,1975-07-10,hfranklin@example.org,(732)536-7709,sms
PTY003720,organization,Odom-Gomez,,,Odom-Gomez,,crawforddavid@example.net,588-212-1555x24899,sms
PTY003721,person,Nancy Wagner,Nancy,Wagner,,1949-02-03,alexandergarcia@example.org,+1-880-341-1212,app
PTY003722,person,Brendan Santiago,Brendan,Santiago,,1984-03-05,colemandavid@example.net,(296)574-6977,phone
PTY003723,person,Justin Patton,Justin,Patton,,1947-11-03,ulindsey@example.net,248.735.5749,email
PTY003724,person,Scott Downs,Scott,Downs,,1973-11-21,henrydaniel@example.com,(348)396-4322x46963,sms
PTY003725,person,Mark Patel,Mark,Patel,,1982-06-03,nsmith@example.org,001-626-434-3092x620,mail
PTY003726,person,Johnathan Rodriguez,Johnathan,Rodriguez,,2002-09-04,dustin73@example.net,601-989-7332,sms
PTY003727,person,Corey Keller,Corey,Keller,,1963-12-15,osaunders@example.net,7316697281,phone
PTY003728,person,Benjamin Allen,Benjamin,Allen,,1999-02-05,jeremy90@example.net,+1-957-734-6986,phone
PTY003729,person,Gail Cabrera,Gail,Cabrera,,1972-12-12,davismark@example.net,001-242-727-0955x7720,email
PTY003730,person,Heather Perry,Heather,Perry,,1978-01-21,spencerryan@example.org,638-620-1877x67129,mail
PTY003731,person,Jessica Snow,Jessica,Snow,,1965-11-26,crystalcoffey@example.org,(870)473-6620,app
PTY003732,person,Tyler Green,Tyler,Green,,2001-03-29,shawn09@example.net,001-467-845-0716x23925,app
PTY003733,person,Erica Craig,Erica,Craig,,1965-07-07,heather75@example.com,(681)212-0056x55530,app
PTY003734,person,Timothy Ball,Timothy,Ball,,1954-04-07,alyssamoore@example.net,507.659.3359x242,sms
PTY003735,person,John Winters,John,Winters,,1949-07-09,haleygardner@example.org,371-806-3781,email
PTY003736,person,Alexa Matthews,Alexa,Matthews,,1957-03-24,breannapadilla@example.net,243-745-7128x40384,app
PTY003737,organization,"Humphrey, Marshall and Smith",,,"Humphrey, Marshall and Smith",,bradleylisa@example.net,+1-473-523-3519x5096,email
PTY003738,person,Maureen Torres,Maureen,Torres,,1942-06-20,tammy93@example.net,001-298-733-3378x7335,phone
PTY003739,organization,"Martin, Fuller and Lamb",,,"Martin, Fuller and Lamb",,ashley81@example.com,480.459.5155x67464,email
PTY003740,person,Steven Williams,Steven,Williams,,1968-12-14,peterford@example.com,670.642.8048x91929,sms
PTY003741,person,Scott Lewis,Scott,Lewis,,1983-12-16,mburns@example.net,580.947.0130,phone
PTY003742,person,Russell Smith,Russell,Smith,,1959-02-08,williscorey@example.com,+1-297-405-7973x108,phone
PTY003743,person,Tony Jones,Tony,Jones,,1956-03-24,lmartin@example.com,(378)541-9032x221,sms
PTY003744,person,Makayla Hunter,Makayla,Hunter,,1969-09-26,petersryan@example.org,709.641.9572x4168,mail
PTY003745,person,Michael Pope,Michael,Pope,,1990-02-11,gknight@example.net,905-634-0534,email
PTY003746,person,Ashley Merritt,Ashley,Merritt,,1984-04-12,bobfernandez@example.org,499.834.5651x3907,sms
PTY003747,organization,Greer-Castaneda,,,Greer-Castaneda,,megan39@example.com,(459)999-1780,email
PTY003748,organization,Stewart and Sons,,,Stewart and Sons,,syoung@example.org,001-526-738-6171x6813,phone
PTY003749,person,Alicia Buchanan,Alicia,Buchanan,,1975-03-16,alexander57@example.net,+1-935-842-1135,email
PTY003750,organization,Collins LLC,,,Collins LLC,,andrew57@example.net,001-479-984-3152,phone
PTY003751,organization,"Rubio, Miller and Smith",,,"Rubio, Miller and Smith",,wtorres@example.com,8657302006,sms
PTY003752,person,Denise Lopez,Denise,Lopez,,1944-02-21,derek04@example.org,(747)204-2848,sms
PTY003753,person,Victoria Harris,Victoria,Harris,,1973-07-19,kennethsmith@example.net,420.308.5875,sms
PTY003754,person,Nicole Perez,Nicole,Perez,,1966-10-14,joshua64@example.org,802-791-2097,app
PTY003755,organization,"Lewis, Howard and Wilson",,,"Lewis, Howard and Wilson",,wwu@example.com,(508)692-7997,sms
PTY003756,person,Angela Thompson,Angela,Thompson,,1957-11-15,vasquezdonald@example.net,+1-701-275-0177x547,email
PTY003757,person,Jeffrey Jones,Jeffrey,Jones,,1969-03-02,howardjames@example.com,309-968-0120x0390,app
PTY003758,person,Jessica Lambert,Jessica,Lambert,,1970-11-10,nmorgan@example.com,540-288-8850x3721,sms
PTY003759,person,Kurt Davis,Kurt,Davis,,1994-04-30,meyerkenneth@example.org,001-560-646-2087,mail
PTY003760,person,Jeffrey Jackson,Jeffrey,Jackson,,1965-08-19,shall@example.org,+1-976-682-5238x154,phone
PTY003761,person,Robyn Padilla,Robyn,Padilla,,1994-06-05,susan75@example.com,583.250.6541,phone
PTY003762,person,Wendy Ruiz,Wendy,Ruiz,,1997-09-03,monica32@example.net,492.402.2212x3703,app
PTY003763,person,Alicia Beltran,Alicia,Beltran,,1982-01-22,rpope@example.org,+1-860-905-2061x08410,phone
PTY003764,organization,Mcdaniel-Murray,,,Mcdaniel-Murray,,patriciaallen@example.com,777.936.4217,app
PTY003765,organization,Garrison PLC,,,Garrison PLC,,lijoseph@example.net,269.817.4238,app
PTY003766,organization,"Andrade, Perkins and Miller",,,"Andrade, Perkins and Miller",,berryamber@example.com,455-527-5370x0410,email
PTY003767,person,Jeffrey Hughes,Jeffrey,Hughes,,1951-08-10,fmitchell@example.org,(692)277-0389x3136,mail
PTY003768,person,Linda Reynolds,Linda,Reynolds,,1962-12-26,hjones@example.net,+1-772-793-1901x018,email
PTY003769,person,Joseph Brooks,Joseph,Brooks,,1973-09-14,justin70@example.org,+1-217-917-4749,email
PTY003770,person,Cheyenne Sanchez,Cheyenne,Sanchez,,1976-06-30,james73@example.com,(430)857-6207,sms
PTY003771,person,Robin Cardenas,Robin,Cardenas,,1981-10-07,davidpatel@example.com,652.918.6253x95639,sms
PTY003772,person,Julian Anderson,Julian,Anderson,,1954-07-31,brenda93@example.com,(569)226-3444,mail
PTY003773,organization,Rodriguez-Smith,,,Rodriguez-Smith,,wendy58@example.net,(801)293-7728x6756,app
PTY003774,person,Kristine Lee,Kristine,Lee,,1963-09-28,bcollier@example.com,878-606-5502,phone
PTY003775,person,Thomas Anderson,Thomas,Anderson,,1945-12-07,olivia42@example.org,(907)765-7966,email
PTY003776,person,Alexa Vazquez,Alexa,Vazquez,,1961-01-31,katiesteele@example.com,362.436.9663x786,phone
PTY003777,person,Tamara Smith,Tamara,Smith,,1958-06-19,traci77@example.com,340.349.5069x2519,phone
PTY003778,person,Michael Watson,Michael,Watson,,1964-01-28,christinataylor@example.net,+1-813-962-4804,sms
PTY003779,person,Terrence Franklin,Terrence,Franklin,,2002-01-14,angelaaguilar@example.net,6273862631,phone
PTY003780,person,Jeremy Paul,Jeremy,Paul,,1943-01-10,hannahobrien@example.net,814-712-0119x06773,email
PTY003781,person,Gregory Young,Gregory,Young,,2004-02-17,sara76@example.org,655-284-9738,email
PTY003782,person,Aaron Rodriguez,Aaron,Rodriguez,,1997-01-25,kellydonald@example.org,807-666-7861x986,email
PTY003783,person,Michael Sanchez,Michael,Sanchez,,1954-04-12,hperez@example.org,747.560.3107x773,mail
PTY003784,person,Joe Ortiz,Joe,Ortiz,,1946-02-05,rebecca12@example.com,001-757-498-8027x20993,phone
PTY003785,person,Rachel Jones,Rachel,Jones,,1940-10-09,wbenitez@example.com,267-900-4758x7012,email
PTY003786,organization,Lee Inc,,,Lee Inc,,myersamber@example.org,7104830153,app
PTY003787,person,Michelle Cole,Michelle,Cole,,1978-07-31,williamsjessica@example.com,8884638419,mail
PTY003788,person,Misty Collins,Misty,Collins,,1947-12-01,jose46@example.net,5577923218,sms
PTY003789,person,Timothy Padilla,Timothy,Padilla,,2001-02-25,james93@example.org,462-941-9517x86318,email
PTY003790,person,April Montgomery,April,Montgomery,,1978-10-08,robert79@example.com,001-773-879-9568x808,email
PTY003791,person,Samuel Thomas,Samuel,Thomas,,2004-06-28,ndickerson@example.net,+1-348-678-6480x1051,email
PTY003792,organization,Stanley Group,,,Stanley Group,,david02@example.org,2585359578,phone
PTY003793,organization,Anderson-Gates,,,Anderson-Gates,,qsanchez@example.net,(776)206-7062,phone
PTY003794,person,Sarah Miller,Sarah,Miller,,1986-04-24,nblair@example.org,(511)498-0956x0699,sms
PTY003795,person,John Moss,John,Moss,,1970-01-20,psteele@example.com,001-254-401-9731x112,email
PTY003796,person,Monica Jackson,Monica,Jackson,,1948-06-08,eallen@example.com,719-893-8927x3340,sms
PTY003797,organization,Flores Group,,,Flores Group,,johntaylor@example.com,(242)999-6639,sms
PTY003798,person,Joshua Stanley,Joshua,Stanley,,1969-07-02,jasonmcintosh@example.net,222-880-0237,phone
PTY003799,organization,Hanson Ltd,,,Hanson Ltd,,charlesjones@example.net,336.612.3933,app
PTY003800,person,Matthew Welch,Matthew,Welch,,1986-02-23,fbell@example.net,+1-352-538-5897x25067,app
PTY003801,organization,Anderson Ltd,,,Anderson Ltd,,shannonmcintosh@example.net,6905313464,email
PTY003802,person,Cassandra Park,Cassandra,Park,,1963-02-06,jeffreyorozco@example.net,432.365.0901,app
PTY003803,person,William Pearson,William,Pearson,,1976-12-30,danaevans@example.net,5306067991,app
PTY003804,person,Ricky Mclaughlin,Ricky,Mclaughlin,,1966-09-06,cruzrandall@example.org,674-272-6723,phone
PTY003805,person,Tina Ryan,Tina,Ryan,,2003-03-21,ecrawford@example.com,+1-338-266-8970x7342,phone
PTY003806,organization,"Sherman, Austin and Andrade",,,"Sherman, Austin and Andrade",,sanderssamantha@example.net,(237)799-5342,email
PTY003807,person,Robert Shaw,Robert,Shaw,,2006-03-11,wwalker@example.org,(875)365-2980x5303,phone
PTY003808,organization,Li LLC,,,Li LLC,,bcrosby@example.net,810-601-9950x09872,mail
PTY003809,person,Monica Thomas,Monica,Thomas,,1947-08-20,wleach@example.org,4595354157,app
PTY003810,person,Beth Green,Beth,Green,,1957-11-03,jkaiser@example.net,689-819-9597x46519,mail
PTY003811,person,Erin Brooks,Erin,Brooks,,1955-01-31,buchanananthony@example.org,(688)389-4897,phone
PTY003812,person,Heather Mcintyre,Heather,Mcintyre,,1949-04-23,shubbard@example.net,(528)282-8082x314,mail
PTY003813,person,Elizabeth Hernandez,Elizabeth,Hernandez,,1950-11-06,smithdavid@example.net,001-789-504-2698x08782,phone
PTY003814,organization,Bennett-Sandoval,,,Bennett-Sandoval,,gibarra@example.net,306-816-1312x17888,phone
PTY003815,person,Debbie Long,Debbie,Long,,2004-06-26,ecarr@example.com,001-722-633-8444x61179,email
PTY003816,person,Brittney Richardson,Brittney,Richardson,,1991-05-21,rvelasquez@example.org,704.394.4153x614,email
PTY003817,person,Grace May,Grace,May,,2002-11-15,charlesclayton@example.org,781-867-0491,email
PTY003818,organization,Smith Inc,,,Smith Inc,,whunt@example.org,(440)964-0058x44512,phone
PTY003819,person,Kimberly Taylor,Kimberly,Taylor,,1958-07-05,patriciaoliver@example.org,566-449-7248,sms
PTY003820,person,Leslie Burke,Leslie,Burke,,1974-05-31,holly59@example.org,001-333-975-9933x45823,app
PTY003821,person,Daniel Garza,Daniel,Garza,,1966-10-15,bmiranda@example.net,001-992-792-4768x07257,email
PTY003822,person,Megan Jones,Megan,Jones,,1947-01-13,julie63@example.com,662.913.6062x9494,mail
PTY003823,person,Courtney White,Courtney,White,,1974-08-22,larrymorris@example.com,(599)598-7511x9489,mail
PTY003824,person,Jennifer Sanders,Jennifer,Sanders,,2001-02-27,christinavelasquez@example.com,9149471599,mail
PTY003825,organization,"Wilcox, Johnston and Ho",,,"Wilcox, Johnston and Ho",,mark59@example.com,640-397-7418,sms
PTY003826,person,Maria Thomas,Maria,Thomas,,1966-08-06,lynn53@example.com,(593)222-7697,phone
PTY003827,organization,Floyd-White,,,Floyd-White,,rramirez@example.org,(561)669-1749,mail
PTY003828,person,Michael Martin,Michael,Martin,,1971-02-16,holmesalex@example.com,870-406-8873x029,mail
PTY003829,person,Angel Reed,Angel,Reed,,1968-07-04,jessemyers@example.com,4974628271,email
PTY003830,person,Sara Carey,Sara,Carey,,1968-08-14,daviddennis@example.com,001-487-225-4077x48816,sms
PTY003831,person,Joshua Martin,Joshua,Martin,,1976-01-07,taylorsteven@example.org,577-942-7894,email
PTY003832,person,Amy Hansen,Amy,Hansen,,1951-08-07,dillon58@example.org,806-650-5809x531,email
PTY003833,person,Scott Brooks,Scott,Brooks,,2001-10-09,andrea87@example.com,840.573.2845,mail
PTY003834,organization,Taylor PLC,,,Taylor PLC,,walshtimothy@example.org,+1-522-681-9403,email
PTY003835,person,Ashley Castillo,Ashley,Castillo,,1965-02-12,jasonramos@example.net,858.984.5490,phone
PTY003836,person,Cynthia Warren,Cynthia,Warren,,1954-12-18,karenvaughn@example.org,001-719-867-6475x833,mail
PTY003837,organization,Sanchez-Black,,,Sanchez-Black,,rebeccamartin@example.com,6694777730,email
PTY003838,person,Beth Wagner,Beth,Wagner,,2002-06-28,hayessamuel@example.net,(836)581-0463,email
PTY003839,person,Donald Smith,Donald,Smith,,2001-01-09,lisa61@example.org,549-312-2867,phone
PTY003840,person,Elizabeth Green,Elizabeth,Green,,1948-12-02,lisa26@example.net,+1-451-318-5802x02315,phone
PTY003841,organization,"Miles, Newman and Smith",,,"Miles, Newman and Smith",,tjones@example.net,(501)284-3597,mail
PTY003842,person,Kelsey Meyer,Kelsey,Meyer,,1968-08-06,thomas73@example.net,4166584563,phone
PTY003843,person,Mary Roberts,Mary,Roberts,,1941-03-06,jeremy06@example.com,(881)454-0985x21772,mail
PTY003844,person,Sarah Lane,Sarah,Lane,,1956-02-23,julie67@example.org,+1-644-561-7327,app
PTY003845,organization,Hopkins Group,,,Hopkins Group,,pgriffin@example.com,+1-700-818-4766x9953,sms
PTY003846,person,Andrew Yu,Andrew,Yu,,1950-08-17,raven08@example.com,+1-276-552-0562x24718,sms
PTY003847,person,Teresa Mcneil,Teresa,Mcneil,,1975-10-21,drakemary@example.net,271.804.5826,app
PTY003848,person,Julie Hutchinson,Julie,Hutchinson,,1942-06-28,dstewart@example.net,001-697-352-2178x06677,mail
PTY003849,organization,"Lane, Gonzalez and Mann",,,"Lane, Gonzalez and Mann",,rosshannah@example.com,842.763.3618x91355,sms
PTY003850,person,Stephen Marshall,Stephen,Marshall,,1978-02-19,emily47@example.com,(638)802-6709,mail
PTY003851,person,Chad Simmons,Chad,Simmons,,1986-11-12,vmiller@example.com,001-541-881-4604x99129,email
PTY003852,person,Paula Carrillo,Paula,Carrillo,,1950-09-20,villanuevadoris@example.net,998.501.3472x096,mail
PTY003853,person,Amanda Mclean,Amanda,Mclean,,1967-01-25,ncooper@example.com,(337)667-0392x749,phone
PTY003854,person,Jesse Stephens,Jesse,Stephens,,1982-09-10,acraig@example.com,808.933.6014,email
PTY003855,person,Samantha Bell,Samantha,Bell,,1946-05-07,nataliewilliams@example.org,001-724-789-1360x4374,email
PTY003856,person,Shane Foster,Shane,Foster,,1993-07-27,ashleyturner@example.net,992-975-8482,mail
PTY003857,person,Miguel Turner,Miguel,Turner,,1997-02-26,kmunoz@example.com,+1-501-592-4675x95796,phone
PTY003858,person,Thomas Good,Thomas,Good,,2005-02-13,burkeluis@example.com,9872165081,app
PTY003859,person,James Becker,James,Becker,,1970-08-11,ujones@example.org,628-416-9453x8455,phone
PTY003860,person,Cynthia Shepherd,Cynthia,Shepherd,,1972-04-24,joshuabowman@example.com,(439)587-9201x482,app
PTY003861,organization,Bishop-Greer,,,Bishop-Greer,,michaelarmstrong@example.net,+1-768-765-0660x116,email
PTY003862,person,Alicia Everett,Alicia,Everett,,1964-10-14,millertheresa@example.org,855.858.1800,app
PTY003863,person,Destiny Kelly,Destiny,Kelly,,1998-06-20,zcastillo@example.org,+1-513-560-0843x8006,mail
PTY003864,person,Troy Taylor,Troy,Taylor,,2005-02-09,robertmiles@example.org,3998787219,sms
PTY003865,person,James Smith,James,Smith,,1985-08-20,reynoldschristopher@example.net,9042721535,mail
PTY003866,organization,Salazar LLC,,,Salazar LLC,,fwalter@example.org,(900)255-5018,sms
PTY003867,organization,Delgado and Sons,,,Delgado and Sons,,drew25@example.com,+1-443-734-9232x12430,sms
PTY003868,organization,"Sandoval, Gentry and Sanchez",,,"Sandoval, Gentry and Sanchez",,robinsoncristina@example.org,(627)969-0474,app
PTY003869,person,Rachel Melton,Rachel,Melton,,1941-07-10,martinezanthony@example.net,580.687.6678x453,email
PTY003870,person,Dana Lee,Dana,Lee,,1957-03-16,erika78@example.com,870.311.8033,email
PTY003871,person,James Lewis,James,Lewis,,1988-09-19,andrew05@example.org,635.711.6378,mail
PTY003872,person,Erin Hayes,Erin,Hayes,,2005-09-11,robertberg@example.com,503.442.6027,mail
PTY003873,person,Sandy Morales,Sandy,Morales,,1982-09-10,sherrycole@example.net,270.422.9400x97511,mail
PTY003874,person,Ashley Jacobs,Ashley,Jacobs,,1998-06-14,tonya99@example.com,(967)389-5645x981,email
PTY003875,person,Jason Small,Jason,Small,,1955-10-31,patriciathomas@example.net,542-221-3843x3213,app
PTY003876,person,Nicole Lucas,Nicole,Lucas,,1960-05-25,christinebennett@example.org,4292309587,phone
PTY003877,person,Geoffrey Carrillo,Geoffrey,Carrillo,,1964-11-26,brentroberson@example.org,556-993-1860x62314,mail
PTY003878,person,Juan Hall,Juan,Hall,,1998-08-24,adrianperez@example.com,+1-462-776-3009x763,sms
PTY003879,person,Derrick Sandoval,Derrick,Sandoval,,1982-01-11,fmckee@example.com,+1-581-939-1420,mail
PTY003880,person,Michael Long,Michael,Long,,2005-01-16,bryan43@example.org,501-539-8878x4295,app
PTY003881,person,Jennifer Murray,Jennifer,Murray,,1975-09-19,pam28@example.com,4887856380,app
PTY003882,organization,Jones Inc,,,Jones Inc,,summersdarlene@example.com,585-415-5964x870,app
PTY003883,person,Sarah Holmes,Sarah,Holmes,,1941-09-21,christinaluna@example.net,+1-888-288-4235x94021,mail
PTY003884,organization,Arnold-Perez,,,Arnold-Perez,,tharris@example.com,(824)346-2655,phone
PTY003885,organization,Wade-Douglas,,,Wade-Douglas,,loriorozco@example.com,+1-751-672-7484x79270,email
PTY003886,person,Sandra Gillespie,Sandra,Gillespie,,1966-06-04,coleleslie@example.com,6682447067,sms
PTY003887,person,Charlotte Brown,Charlotte,Brown,,1951-05-21,ojohnson@example.net,500.471.1064x802,app
PTY003888,person,Stacey Nunez,Stacey,Nunez,,1975-04-20,zhart@example.net,600.388.1484x89465,app
PTY003889,person,Holly White,Holly,White,,2008-06-09,tamarageorge@example.org,(891)838-2172x95218,sms
PTY003890,person,Scott Horn,Scott,Horn,,1955-02-16,bwebb@example.net,765.794.8637x878,email
PTY003891,person,Brittany Wallace,Brittany,Wallace,,1948-03-08,carrillochristine@example.com,001-924-681-8706x337,app
PTY003892,person,Stephanie Hernandez,Stephanie,Hernandez,,1968-09-23,kgriffith@example.com,001-881-436-1593x6407,phone
PTY003893,person,Brandon Hester,Brandon,Hester,,1996-11-02,staceyryan@example.net,3745959624,sms
PTY003894,organization,Ramirez PLC,,,Ramirez PLC,,swansonjohn@example.org,514-621-5825x4514,email
PTY003895,person,Jeff Mahoney,Jeff,Mahoney,,1964-03-16,brownsara@example.com,+1-499-520-5103x41594,mail
PTY003896,person,Justin Campbell,Justin,Campbell,,1975-11-25,michaelhensley@example.org,406.507.7149x764,mail
PTY003897,person,Randall Austin,Randall,Austin,,1974-03-27,youngmonica@example.com,(323)341-7792,sms
PTY003898,person,Stephen Johnson,Stephen,Johnson,,1951-10-10,leon96@example.org,+1-201-427-1720x984,sms
PTY003899,person,Sean Johnson,Sean,Johnson,,2001-11-30,james15@example.org,419-797-1786,phone
PTY003900,person,Patricia Stanton,Patricia,Stanton,,1988-01-05,richardsonjohn@example.net,+1-864-265-0456,phone
PTY003901,person,Katie Perry,Katie,Perry,,2005-06-16,aprilperez@example.net,+1-774-692-8187x11363,app
PTY003902,person,James Wilson,James,Wilson,,1957-04-15,davisdonald@example.com,001-906-345-4783x9904,email
PTY003903,person,Andrew Williams,Andrew,Williams,,1954-12-24,mariamatthews@example.org,(618)250-2976x7064,email
PTY003904,person,Carla Malone,Carla,Malone,,1988-06-23,timothy61@example.com,4698260054,phone
PTY003905,person,Jason Zhang,Jason,Zhang,,1959-10-26,montoyawesley@example.net,417-544-4413x88258,app
PTY003906,person,Kimberly Bell,Kimberly,Bell,,1950-07-20,nperez@example.org,+1-206-617-7998,email
PTY003907,person,Melissa Clark,Melissa,Clark,,1987-11-28,gentryalex@example.org,605-295-0761,mail
PTY003908,organization,"Baker, Patterson and Mcdonald",,,"Baker, Patterson and Mcdonald",,ecarlson@example.org,382.310.9200,app
PTY003909,person,Joshua Griffith,Joshua,Griffith,,1981-08-27,darylreyes@example.com,5988947939,sms
PTY003910,person,Sally Scott,Sally,Scott,,1967-04-24,fullerrobert@example.org,5964033822,mail
PTY003911,organization,Allen and Sons,,,Allen and Sons,,rstewart@example.com,(970)459-2501,email
PTY003912,person,Brandon Jensen,Brandon,Jensen,,1965-03-15,fcrawford@example.net,001-478-287-1308x48397,mail
PTY003913,organization,Myers Group,,,Myers Group,,davidcook@example.net,001-886-957-4893,mail
PTY003914,person,Melissa Fowler,Melissa,Fowler,,1970-01-27,bradleymelinda@example.com,(200)338-1404x388,app
PTY003915,person,Michael Harris,Michael,Harris,,1964-09-28,smithmichael@example.net,753.748.5842,mail
PTY003916,person,Raymond Hill,Raymond,Hill,,2003-01-26,cuevasscott@example.net,337-860-1832x5798,phone
PTY003917,person,Candace Horton,Candace,Horton,,1992-01-18,deannadiaz@example.com,+1-369-536-0425x99040,mail
PTY003918,organization,"Pope, Acosta and Castro",,,"Pope, Acosta and Castro",,mannwilliam@example.com,424.745.7434,sms
PTY003919,person,Brittany Mccoy,Brittany,Mccoy,,1951-06-10,angelablake@example.com,(893)782-1062,app
PTY003920,person,Derek Vega,Derek,Vega,,1943-05-29,mwalker@example.org,632-457-0441,sms
PTY003921,person,Edgar Campos,Edgar,Campos,,1994-10-27,whitematthew@example.com,288.755.7393x97426,phone
PTY003922,person,Michael Taylor,Michael,Taylor,,1985-11-24,xmoore@example.net,+1-314-935-3959x569,email
PTY003923,organization,Vaughan Group,,,Vaughan Group,,wrightjacqueline@example.net,+1-389-737-3630,phone
PTY003924,person,Patricia White,Patricia,White,,2003-02-15,ddavila@example.com,001-781-418-4487x890,sms
PTY003925,person,Autumn Daniels,Autumn,Daniels,,1960-01-17,brent00@example.org,258-578-2573x13022,sms
PTY003926,organization,Malone-Sanchez,,,Malone-Sanchez,,kevin53@example.org,+1-540-916-4785x06093,mail
PTY003927,person,Cesar Herrera,Cesar,Herrera,,1964-09-25,chad21@example.net,765-448-1932x2061,app
PTY003928,person,Gabrielle Heath,Gabrielle,Heath,,1946-02-15,kimcarolyn@example.net,001-779-250-4700x622,app
PTY003929,person,Charles Hayes,Charles,Hayes,,1974-04-16,cheryl74@example.net,+1-290-992-3936x0447,app
PTY003930,person,Teresa Goodwin,Teresa,Goodwin,,1942-01-02,uhamilton@example.com,796.452.7398x3112,sms
PTY003931,person,Donald Velasquez,Donald,Velasquez,,1975-10-13,hgibbs@example.com,(344)545-1696,app
PTY003932,organization,Smith-Green,,,Smith-Green,,catherine85@example.org,350-327-4393,mail
PTY003933,person,Gabriela James,Gabriela,James,,1959-08-03,brittany80@example.com,(809)252-7958,phone
PTY003934,person,Shane Gomez,Shane,Gomez,,1997-12-05,jamescooley@example.net,702.506.8220,email
PTY003935,person,Kristi Davila,Kristi,Davila,,1959-12-09,kristine81@example.org,397-285-7523x266,app
PTY003936,person,Jason Moore,Jason,Moore,,1948-10-19,powersnathan@example.com,630-499-9629,mail
PTY003937,organization,"Mcknight, Roberts and Salazar",,,"Mcknight, Roberts and Salazar",,bsmith@example.org,856-321-5552x7421,sms
PTY003938,person,Breanna Kelly,Breanna,Kelly,,1973-09-17,lisa41@example.net,001-604-954-9065,mail
PTY003939,person,Alicia Guerra,Alicia,Guerra,,1982-02-22,kevinrios@example.net,266.261.1870x07498,sms
PTY003940,organization,Davis-Williams,,,Davis-Williams,,mcintyredanny@example.com,(777)252-1635x92444,app
PTY003941,person,Shannon Lucero,Shannon,Lucero,,1961-07-27,grice@example.net,955-793-9897,app
PTY003942,person,Sherri Becker,Sherri,Becker,,1986-02-02,huffmandennis@example.net,207.342.2120x37360,email
PTY003943,organization,Morris-Frederick,,,Morris-Frederick,,johngill@example.org,001-542-204-1793x95384,phone
PTY003944,organization,Jones-Dixon,,,Jones-Dixon,,mjordan@example.org,351.549.0333,mail
PTY003945,person,Ashley Mercado,Ashley,Mercado,,1991-01-09,solomonmichael@example.com,(807)431-1567,mail
PTY003946,person,Sarah Shaw,Sarah,Shaw,,1969-10-18,amanda63@example.org,961-680-3038,app
PTY003947,organization,Sanders Ltd,,,Sanders Ltd,,adrian54@example.com,(351)356-9832x299,mail
PTY003948,organization,Hunter Ltd,,,Hunter Ltd,,franklincarlos@example.net,977-301-9827,email
PTY003949,organization,Garza-Sullivan,,,Garza-Sullivan,,stephanie87@example.com,(612)517-7444x15657,phone
PTY003950,person,Stacey Richard,Stacey,Richard,,2000-08-28,vstafford@example.net,724.781.3281x80129,mail
PTY003951,person,Wayne Contreras,Wayne,Contreras,,1962-04-09,uhebert@example.org,(740)471-4913x1046,phone
PTY003952,person,Tyrone Brown,Tyrone,Brown,,1990-04-13,michael45@example.com,712.390.3826,sms
PTY003953,person,Eric Willis,Eric,Willis,,1971-05-23,ashleyanderson@example.org,370.409.5113,mail
PTY003954,person,Mary Moore,Mary,Moore,,1989-09-10,jgarcia@example.com,001-525-311-8742x23185,email
PTY003955,person,Sonya Avila,Sonya,Avila,,1952-05-14,bbell@example.org,409-971-8148x5436,mail
PTY003956,person,Stephanie Adams,Stephanie,Adams,,1998-03-05,hoffmanjake@example.com,001-785-329-7642x8468,sms
PTY003957,person,Brittany Powell,Brittany,Powell,,1973-11-17,gina69@example.org,442.390.0391x610,sms
PTY003958,organization,Mccullough Inc,,,Mccullough Inc,,bjohnson@example.com,001-978-273-7480x521,phone
PTY003959,person,David Porter,David,Porter,,1957-03-05,dtate@example.net,363-216-2958,phone
PTY003960,person,Maria Hayes,Maria,Hayes,,1948-04-27,fdouglas@example.com,641.666.0648x5888,phone
PTY003961,person,Joseph Taylor,Joseph,Taylor,,1963-12-06,valenzuelajessica@example.net,786.445.3868x45126,email
PTY003962,person,Trevor Perry,Trevor,Perry,,2005-03-19,pshepard@example.org,352-854-1783x21126,sms
PTY003963,person,Zachary Johnson,Zachary,Johnson,,2008-03-23,robert97@example.com,504-656-8826,mail
PTY003964,organization,Montoya and Sons,,,Montoya and Sons,,michaellopez@example.net,+1-770-805-2513x6272,mail
PTY003965,person,David White,David,White,,1945-02-21,alex84@example.net,974.726.1547x12162,email
PTY003966,person,Shawn Lee,Shawn,Lee,,2002-02-10,tiffanyjohnson@example.org,993-668-9529,phone
PTY003967,person,Tina Maxwell,Tina,Maxwell,,1941-05-17,michellelee@example.net,(623)858-4596x383,phone
PTY003968,person,Bryan Roberts,Bryan,Roberts,,2006-10-09,longtara@example.net,255-656-1396,sms
PTY003969,person,Thomas Morris,Thomas,Morris,,1992-09-29,dickersonadam@example.org,525-784-6589x933,app
PTY003970,person,Thomas West,Thomas,West,,1970-02-27,james49@example.net,208-447-7279x728,email
PTY003971,person,Tyler Bryant,Tyler,Bryant,,2006-08-11,phillipsvickie@example.net,764-908-7981x7361,email
PTY003972,person,Julie Hernandez,Julie,Hernandez,,2000-12-30,evan16@example.com,(701)618-0829,email
PTY003973,person,Crystal Case,Crystal,Case,,1962-05-23,christopherdavid@example.org,+1-621-459-4633x3817,app
PTY003974,person,Samuel Fisher,Samuel,Fisher,,1981-01-24,garciatanner@example.com,+1-805-733-7019x363,email
PTY003975,person,Samantha Stafford,Samantha,Stafford,,1984-04-16,rickyjordan@example.net,(990)354-5219x0926,sms
PTY003976,person,Jacob Flores,Jacob,Flores,,1994-01-11,alex76@example.org,230.973.5460x07974,mail
PTY003977,person,Kristina Kim,Kristina,Kim,,1964-07-23,wnelson@example.net,001-725-659-3348x869,phone
PTY003978,person,Richard Brown,Richard,Brown,,1949-03-30,stephanieortega@example.com,(646)453-1759x59627,app
PTY003979,organization,Hall Ltd,,,Hall Ltd,,shannoneric@example.net,843.870.3752,email
PTY003980,organization,"Brooks, Kelly and Case",,,"Brooks, Kelly and Case",,reyeschelsea@example.org,+1-846-589-3327x661,app
PTY003981,organization,"Shaw, Mills and Buchanan",,,"Shaw, Mills and Buchanan",,xhernandez@example.org,812-557-4815x32460,sms
PTY003982,person,Catherine Rodriguez,Catherine,Rodriguez,,1976-05-23,rosemichael@example.org,2609993960,email
PTY003983,person,Amy Garner,Amy,Garner,,1979-12-14,matthewmontes@example.com,777-323-8207,app
PTY003984,person,Daniel Evans,Daniel,Evans,,1993-06-10,cmorgan@example.net,(481)303-2022x40173,sms
PTY003985,person,Luis Watts,Luis,Watts,,1983-06-20,katherine43@example.org,(246)674-0094,app
PTY003986,person,John Dunn,John,Dunn,,1999-10-12,chad95@example.net,236.706.3405x130,phone
PTY003987,person,Steven Hall,Steven,Hall,,1966-02-18,jacobcherry@example.org,323.931.6716x29968,phone
PTY003988,person,Kim Parker,Kim,Parker,,2006-10-19,mitchelllisa@example.net,001-633-952-1560x232,email
PTY003989,person,Kristopher Sanders,Kristopher,Sanders,,2003-01-16,iwaller@example.com,785-951-3703,phone
PTY003990,person,Pam Greene,Pam,Greene,,1999-09-20,hansenwilliam@example.com,878-567-9393,mail
PTY003991,person,Ashley Rojas,Ashley,Rojas,,2000-10-02,lisa20@example.org,3356210481,sms
PTY003992,organization,Rice-Davis,,,Rice-Davis,,johnlewis@example.com,549.923.5249,email
PTY003993,person,Julie Rodriguez,Julie,Rodriguez,,2002-08-06,cory62@example.net,810-430-1640x40397,app
PTY003994,person,Darrell Rice,Darrell,Rice,,1978-07-13,kimbenjamin@example.org,491.614.8219x91206,email
PTY003995,person,Sarah Brown,Sarah,Brown,,1962-03-12,jonesrebecca@example.com,001-341-550-9957x5681,app
PTY003996,person,Johnny Jones,Johnny,Jones,,1955-11-17,carolynbridges@example.com,001-839-528-2235,mail
PTY003997,person,Joshua Dawson,Joshua,Dawson,,1996-11-30,kendrapatterson@example.net,571-293-9165x277,sms
PTY003998,person,Amy Miles,Amy,Miles,,1986-09-01,natalie36@example.com,900.425.4064x67651,sms
PTY003999,person,Timothy Porter,Timothy,Porter,,1988-10-30,karina29@example.org,(636)555-6441,sms
PTY004000,person,Adam Jones,Adam,Jones,,1996-08-05,christina38@example.org,603-609-2283x436,email
PTY004001,organization,Reyes-Gonzalez,,,Reyes-Gonzalez,,grayashley@example.net,8497406644,email
PTY004002,person,Carl Ford,Carl,Ford,,1973-09-27,heatherhaas@example.org,(688)734-9284,phone
PTY004003,person,Mark Cowan,Mark,Cowan,,1943-07-09,pcollins@example.org,+1-282-380-3794x400,app
PTY004004,person,Adam Gay,Adam,Gay,,1970-03-15,dwells@example.org,001-464-896-4422x1696,sms
PTY004005,person,Anne Silva,Anne,Silva,,1971-08-04,maryporter@example.com,+1-263-757-2231x526,email
PTY004006,organization,"Holder, Watkins and Payne",,,"Holder, Watkins and Payne",,stephen81@example.org,6157447512,phone
PTY004007,person,Tracy Woods,Tracy,Woods,,1979-07-03,william00@example.org,8323870789,mail
PTY004008,person,Timothy Ramsey,Timothy,Ramsey,,1992-06-15,lauraalvarado@example.org,(509)415-5732x222,mail
PTY004009,person,Richard Johnson,Richard,Johnson,,1971-07-26,justin69@example.net,001-588-632-0991x242,sms
PTY004010,person,Andrea Valdez,Andrea,Valdez,,1984-10-26,ballchristian@example.net,556-672-7857x302,phone
PTY004011,person,Angela Castillo,Angela,Castillo,,1970-10-12,adamsthomas@example.org,+1-990-692-1370x1832,phone
PTY004012,person,Alex Galvan,Alex,Galvan,,1953-11-19,kimkeith@example.net,743.241.8815x7651,mail
PTY004013,person,Douglas Hunt,Douglas,Hunt,,2005-01-20,sandra98@example.org,894-315-1763,mail
PTY004014,person,Andrea Bishop,Andrea,Bishop,,1978-01-16,kevin03@example.org,725.535.5599,sms
PTY004015,person,Carla White,Carla,White,,1993-01-22,lisa00@example.net,(242)909-2259x73967,mail
PTY004016,person,Linda Garrison,Linda,Garrison,,1946-08-07,pricelindsay@example.org,001-513-903-2232x3543,mail
PTY004017,person,Jennifer Green,Jennifer,Green,,1954-11-05,vmiles@example.com,5264741216,mail
PTY004018,person,John Silva,John,Silva,,1966-10-03,garymoyer@example.net,+1-272-948-4396x0996,phone
PTY004019,person,Brandi Carpenter,Brandi,Carpenter,,1946-02-08,baileycody@example.net,7717081653,app
PTY004020,person,Jessica Brown,Jessica,Brown,,1965-07-24,colleenmoore@example.net,+1-328-735-3424x950,sms
PTY004021,person,Stephanie Jackson,Stephanie,Jackson,,1990-04-13,brownlisa@example.com,661.457.7993x24696,app
PTY004022,organization,"Gillespie, Hamilton and Saunders",,,"Gillespie, Hamilton and Saunders",,ghicks@example.org,001-666-499-3005x476,sms
PTY004023,person,Jodi Montgomery,Jodi,Montgomery,,1961-08-06,judywhite@example.net,883-325-5126,email
PTY004024,person,Todd Herrera,Todd,Herrera,,1997-12-31,dmoore@example.org,436-490-8660,phone
PTY004025,person,Brenda Perez,Brenda,Perez,,1968-08-21,megan12@example.com,9403341760,phone
PTY004026,person,James Porter,James,Porter,,1973-05-24,aprilevans@example.com,504.720.8664x786,mail
PTY004027,person,Holly Parks,Holly,Parks,,1957-09-02,parkcharles@example.org,(569)341-5354,sms
PTY004028,person,William Cochran,William,Cochran,,1941-07-31,karen98@example.org,(616)225-9322,app
PTY004029,person,Jasmine Mercado,Jasmine,Mercado,,2000-11-22,cynthia74@example.net,783.441.6232,email
PTY004030,person,William Hill,William,Hill,,2004-08-03,taylordaniel@example.org,322.376.0392,phone
PTY004031,organization,Marsh-Mason,,,Marsh-Mason,,pricesheila@example.net,755.512.9986x63180,phone
PTY004032,organization,Austin Group,,,Austin Group,,floydkenneth@example.com,750.577.3188,mail
PTY004033,person,Michelle Stevens,Michelle,Stevens,,1957-01-13,michaelcaldwell@example.com,+1-609-653-3243x3506,mail
PTY004034,person,John Simon,John,Simon,,1982-11-04,martinrachel@example.com,001-912-878-0664x4856,phone
PTY004035,person,Zachary Jackson,Zachary,Jackson,,1991-09-02,jennifer12@example.com,001-601-718-3606x37055,phone
PTY004036,organization,Page-Garcia,,,Page-Garcia,,colleen42@example.org,001-486-414-5094x138,sms
PTY004037,person,Lauren Barton,Lauren,Barton,,1945-01-30,jennifer10@example.org,+1-219-305-0442x81645,phone
PTY004038,person,Austin Gross,Austin,Gross,,1988-05-12,reginakelly@example.net,926.834.4556x5824,mail
PTY004039,person,Angela Vaughn,Angela,Vaughn,,1998-02-06,savannah45@example.net,622.805.0116x0026,phone
PTY004040,person,Thomas Humphrey,Thomas,Humphrey,,1970-03-04,silvabrandon@example.net,363.577.5557x943,mail
PTY004041,organization,Whitney-Wallace,,,Whitney-Wallace,,davisfrank@example.com,352.929.3862,phone
PTY004042,person,Dana Harris,Dana,Harris,,1985-07-11,xmorgan@example.org,+1-972-375-1315x8620,email
PTY004043,organization,Nash PLC,,,Nash PLC,,thomas78@example.com,507-894-5393x4112,app
PTY004044,person,Kevin Russell,Kevin,Russell,,1953-01-11,brandon96@example.com,001-920-764-7405x503,email
PTY004045,person,Alexander Villanueva,Alexander,Villanueva,,1990-10-21,xsmith@example.com,001-504-778-7123x7287,phone
PTY004046,person,Tracy Wall,Tracy,Wall,,1976-01-01,ryan29@example.com,(939)699-0954x717,phone
PTY004047,person,Natasha Davis,Natasha,Davis,,1976-07-06,sfreeman@example.com,599.761.5160x08044,mail
PTY004048,organization,"Nichols, Roy and Cortez",,,"Nichols, Roy and Cortez",,smithrobert@example.com,2769034530,mail
PTY004049,organization,"Lopez, Miller and Moore",,,"Lopez, Miller and Moore",,katherine21@example.org,+1-213-330-9438,sms
PTY004050,person,Karen Glenn,Karen,Glenn,,1977-06-19,wsawyer@example.org,841.326.0026x745,email
PTY004051,person,Madeline Hudson,Madeline,Hudson,,1985-08-13,david06@example.org,788-778-2028x2536,phone
PTY004052,organization,Moore LLC,,,Moore LLC,,lisamitchell@example.net,8303251571,email
PTY004053,person,Carrie Espinoza,Carrie,Espinoza,,1968-08-13,mhernandez@example.org,001-344-618-5071x13835,app
PTY004054,person,Ryan Ward,Ryan,Ward,,2008-08-11,iross@example.com,+1-585-647-6206,mail
PTY004055,person,Kimberly Wiley,Kimberly,Wiley,,2004-04-18,blewis@example.net,(419)876-1743,email
PTY004056,person,Kevin Hardin,Kevin,Hardin,,1973-06-01,laurenlopez@example.com,445-288-5018,phone
PTY004057,person,Cheryl Smith,Cheryl,Smith,,1948-02-18,jacksonjohn@example.net,+1-600-219-9073x94883,sms
PTY004058,person,Michelle Burke,Michelle,Burke,,1969-07-10,chavezthomas@example.org,+1-272-797-0345,mail
PTY004059,person,Amy Anthony,Amy,Anthony,,1983-07-25,elizabethjackson@example.com,(594)239-7422x5779,phone
PTY004060,person,Kyle Schneider,Kyle,Schneider,,1947-10-22,manuel82@example.org,821.430.1938,phone
PTY004061,organization,Sanders and Sons,,,Sanders and Sons,,matthewgarcia@example.net,436-514-7562x9788,phone
PTY004062,person,Michael Duffy,Michael,Duffy,,1954-12-15,frostsarah@example.net,001-844-546-9048x835,phone
PTY004063,person,Stacy Burns,Stacy,Burns,,1996-01-27,htran@example.org,777-610-8696,phone
PTY004064,person,Bernard Cox,Bernard,Cox,,1942-07-14,thomasmitchell@example.net,514-707-7142x1054,phone
PTY004065,person,Julia Ochoa,Julia,Ochoa,,1953-09-22,ogarcia@example.net,997-999-2291x080,sms
PTY004066,person,Amber Watson,Amber,Watson,,1986-05-19,chelsea91@example.net,+1-528-692-1769x603,phone
PTY004067,organization,Burch-Fox,,,Burch-Fox,,roberthenderson@example.org,001-261-250-1860x5035,mail
PTY004068,person,Stephanie Porter,Stephanie,Porter,,1993-06-22,gjones@example.net,407-867-0347x008,sms
PTY004069,organization,Webb LLC,,,Webb LLC,,ygibbs@example.org,(550)574-7621,mail
PTY004070,person,Julia Flores,Julia,Flores,,1956-04-29,joneswilliam@example.com,001-970-771-9925,email
PTY004071,person,David Ellis,David,Ellis,,1957-11-24,melody03@example.com,(287)356-7311,phone
PTY004072,person,Steven Cruz,Steven,Cruz,,2003-07-28,scottdavis@example.org,(515)640-9856x91039,mail
PTY004073,person,Anita Brown,Anita,Brown,,1957-03-15,larrypeterson@example.net,317.342.2165,mail
PTY004074,person,Michael Stevenson,Michael,Stevenson,,1973-02-28,mayspaul@example.net,889.453.7928x063,app
PTY004075,person,Jose Jones,Jose,Jones,,1995-11-29,christiegarcia@example.org,658-425-0843,email
PTY004076,person,Clayton Quinn,Clayton,Quinn,,2006-11-29,codypayne@example.net,(988)229-1454,app
PTY004077,person,Deanna Flores,Deanna,Flores,,2005-09-24,robin32@example.org,(559)454-3244,email
PTY004078,person,Glenn Hays,Glenn,Hays,,1975-09-19,montoyamark@example.org,+1-998-494-0816,phone
PTY004079,person,John Cannon,John,Cannon,,1955-04-07,xrichards@example.org,001-907-638-5153x4356,sms
PTY004080,organization,Cooper Ltd,,,Cooper Ltd,,prestonkevin@example.org,345.756.3780x187,app
PTY004081,person,Christopher Shepherd,Christopher,Shepherd,,1941-04-19,fosterkenneth@example.net,(912)999-2623x61815,email
PTY004082,person,Scott Dunlap,Scott,Dunlap,,2003-09-15,jamesmoreno@example.net,707-290-4755x23033,app
PTY004083,organization,Thompson and Sons,,,Thompson and Sons,,petersenkristin@example.org,001-424-393-4158x221,mail
PTY004084,person,Karen Wood,Karen,Wood,,1947-10-02,arnoldpamela@example.org,001-898-395-0665x935,mail
PTY004085,person,Jennifer Camacho,Jennifer,Camacho,,1942-05-15,turnermichael@example.net,+1-660-668-9217,phone
PTY004086,organization,Cummings-House,,,Cummings-House,,carol52@example.org,299-249-8976x3916,email
PTY004087,organization,Foster-Roberts,,,Foster-Roberts,,jnguyen@example.com,7156295063,phone
PTY004088,person,Daniel Kaufman,Daniel,Kaufman,,2004-10-27,owallace@example.com,304.845.6759,phone
PTY004089,organization,Randall Ltd,,,Randall Ltd,,katherine33@example.com,3858112748,mail
PTY004090,person,Douglas Mcgee,Douglas,Mcgee,,1983-03-16,glenn05@example.com,+1-760-859-9932x19746,mail
PTY004091,person,Jamie Mccoy,Jamie,Mccoy,,1950-10-11,robert02@example.net,261.497.6813x891,email
PTY004092,person,Deborah Gardner,Deborah,Gardner,,1989-06-01,antonio89@example.net,765.900.3190,app
PTY004093,person,Angela Hodge,Angela,Hodge,,1951-07-16,alexandria22@example.org,565.920.7748x60256,phone
PTY004094,person,Maria Crane,Maria,Crane,,1946-10-27,dosborn@example.net,+1-972-673-2855x779,email
PTY004095,person,Angela Scott,Angela,Scott,,1998-12-24,boydfrederick@example.org,461.898.2726x06576,email
PTY004096,person,Thomas Mills,Thomas,Mills,,1996-06-20,dan97@example.net,001-868-904-2887x8925,mail
PTY004097,person,Hayley Steele,Hayley,Steele,,1948-12-29,keith15@example.com,476-726-9672,sms
PTY004098,person,Todd Moody,Todd,Moody,,1964-05-23,melissa14@example.com,(599)483-1430x995,sms
PTY004099,person,Curtis Ray,Curtis,Ray,,1997-12-27,daniellucas@example.com,+1-830-958-6548x33880,app
PTY004100,person,Daniel Garcia,Daniel,Garcia,,1960-01-29,michaelmiller@example.net,(997)756-6717x52409,app
PTY004101,person,Zachary Rodriguez,Zachary,Rodriguez,,1994-10-07,diamondnorman@example.net,647.349.5004,mail
PTY004102,person,Amber Howard,Amber,Howard,,1944-07-09,stevensonroy@example.org,8793843634,sms
PTY004103,person,Marcus Patterson,Marcus,Patterson,,1977-10-26,zguzman@example.org,904-986-9384x1370,phone
PTY004104,organization,Perez Ltd,,,Perez Ltd,,loricannon@example.org,311-982-6060x682,mail
PTY004105,person,Christine Hurst,Christine,Hurst,,1959-04-23,xporter@example.com,442.805.0080x0018,phone
PTY004106,person,Sheila Barker,Sheila,Barker,,1953-04-21,mckaydavid@example.net,2686870909,email
PTY004107,person,Frank Hernandez,Frank,Hernandez,,1968-07-11,rwalker@example.com,(445)204-0794x2592,phone
PTY004108,person,Garrett Benjamin,Garrett,Benjamin,,1983-03-25,krista07@example.com,235-393-2561x837,mail
PTY004109,person,Kristen Gibson,Kristen,Gibson,,1995-12-28,ftorres@example.net,(562)814-5984x84716,phone
PTY004110,person,Tamara Garcia,Tamara,Garcia,,1986-09-29,nicholas26@example.net,001-214-315-5014x57004,mail
PTY004111,person,Todd Lopez,Todd,Lopez,,1956-03-04,fcook@example.org,+1-928-261-3188x3955,mail
PTY004112,person,Christopher Johnson,Christopher,Johnson,,1969-10-10,guerrerochristine@example.net,001-659-442-5352x5370,mail
PTY004113,person,Anthony Zimmerman,Anthony,Zimmerman,,1965-01-13,denise44@example.org,+1-409-395-8928,app
PTY004114,person,Deanna Robles,Deanna,Robles,,1999-01-20,alopez@example.net,597.572.5188,mail
PTY004115,person,Ann Chen,Ann,Chen,,1963-07-17,kevinwillis@example.org,5267398649,email
PTY004116,person,Kenneth Watkins,Kenneth,Watkins,,1984-09-18,johnluna@example.org,001-517-408-9574,email
PTY004117,person,Ronnie Rice,Ronnie,Rice,,1978-10-13,scottcarpenter@example.net,368.607.9810x513,email
PTY004118,person,Samuel Li,Samuel,Li,,1980-04-04,jamessims@example.com,001-734-658-7236x3628,sms
PTY004119,person,Patricia Hogan,Patricia,Hogan,,1977-10-13,rodriguezdanielle@example.com,658.773.8688x0507,phone
PTY004120,organization,Martinez and Sons,,,Martinez and Sons,,zadkins@example.org,+1-400-830-0352x7517,sms
PTY004121,organization,Anderson PLC,,,Anderson PLC,,lauren87@example.net,336.600.2984x55828,app
PTY004122,person,Karen Soto,Karen,Soto,,1972-05-23,maryharrison@example.org,+1-991-438-8721,app
PTY004123,person,Gina Sanchez,Gina,Sanchez,,1940-11-05,blawson@example.net,444.287.9493x17332,app
PTY004124,organization,Jefferson-Ramirez,,,Jefferson-Ramirez,,fordethan@example.com,635-485-6932x8743,phone
PTY004125,person,Monica Williams,Monica,Williams,,1995-12-27,andre40@example.net,9505834503,email
PTY004126,person,Nathan Franklin,Nathan,Franklin,,2000-11-11,kbartlett@example.org,926-217-5154x18822,mail
PTY004127,person,Brian Jones,Brian,Jones,,1955-07-10,fchristensen@example.org,+1-799-323-2398x744,sms
PTY004128,person,Sarah Lynn,Sarah,Lynn,,1950-09-04,rfisher@example.net,6784660764,sms
PTY004129,person,Kathleen Durham,Kathleen,Durham,,1943-04-08,oburns@example.net,(799)323-3128x998,mail
PTY004130,person,Christopher Singh,Christopher,Singh,,1990-09-20,reeddavid@example.org,626-825-7489,app
PTY004131,person,Richard Snyder,Richard,Snyder,,1966-12-31,matthew57@example.com,+1-719-343-4254x82508,sms
PTY004132,person,Christopher Torres,Christopher,Torres,,1979-07-28,shannon50@example.net,565-434-2542x2880,email
PTY004133,person,Robert Jackson,Robert,Jackson,,1973-05-14,kim05@example.com,+1-968-873-3520x188,mail
PTY004134,person,Michelle Miller,Michelle,Miller,,1987-04-12,mhuff@example.org,(786)965-3581,mail
PTY004135,person,Christine Rodriguez,Christine,Rodriguez,,1970-11-11,christophermeyer@example.net,+1-223-585-5151,app
PTY004136,person,Patricia Powell,Patricia,Powell,,1970-07-12,brandonli@example.org,280-381-2727x460,sms
PTY004137,person,Karen Davis,Karen,Davis,,1970-04-27,oyoung@example.org,001-310-484-8557x9393,app
PTY004138,person,John Garcia,John,Garcia,,1960-03-04,lsullivan@example.com,484-961-5910x145,sms
PTY004139,organization,"Robles, Bryant and Harris",,,"Robles, Bryant and Harris",,hillemily@example.org,001-513-787-5093x10617,phone
PTY004140,person,Jacqueline Ortega,Jacqueline,Ortega,,1982-10-19,emartinez@example.com,721.566.4016x259,email
PTY004141,person,Susan Ward,Susan,Ward,,1971-08-29,vtaylor@example.net,8893372595,sms
PTY004142,person,Peter Nichols,Peter,Nichols,,2004-12-16,melissasantiago@example.org,848-610-2703,email
PTY004143,organization,"Sullivan, Huerta and Alvarez",,,"Sullivan, Huerta and Alvarez",,harmonkrista@example.com,(672)937-5435,app
PTY004144,person,Timothy Blanchard,Timothy,Blanchard,,1944-07-08,floresryan@example.net,5749869935,email
PTY004145,person,Jennifer Campos,Jennifer,Campos,,1971-03-01,fritzjennifer@example.com,(459)614-4450x3231,sms
PTY004146,person,Cynthia Duarte,Cynthia,Duarte,,2001-04-14,farmermadeline@example.com,425-989-1596x545,phone
PTY004147,person,Sherry Ellis,Sherry,Ellis,,1953-04-06,scottryan@example.net,694.224.1850,email
PTY004148,person,Alexander Smith,Alexander,Smith,,1974-03-16,gatesjasmine@example.com,(240)482-8330,phone
PTY004149,person,Taylor Hall,Taylor,Hall,,1962-08-16,angelaburke@example.org,970-926-7218x25715,mail
PTY004150,person,Jesse Martinez,Jesse,Martinez,,1973-05-21,john63@example.net,886.490.3618x439,sms
PTY004151,person,Ernest Richards,Ernest,Richards,,1985-04-11,tanyajenkins@example.org,001-557-217-8300,email
PTY004152,person,Cristina Gray,Cristina,Gray,,1957-10-27,morrisbrooke@example.net,001-574-582-8758,mail
PTY004153,person,Wendy Davis,Wendy,Davis,,1977-11-15,emilysmith@example.net,(815)373-2083,sms
PTY004154,organization,"Bennett, Lopez and Gordon",,,"Bennett, Lopez and Gordon",,thomas11@example.org,001-382-504-8161,phone
PTY004155,person,John Hinton,John,Hinton,,1978-08-13,timothy01@example.com,+1-896-571-9652,email
PTY004156,person,Melissa Smith,Melissa,Smith,,1986-05-09,alam@example.net,303.527.3996x66290,app
PTY004157,person,Stephen Campbell,Stephen,Campbell,,1997-09-04,amyclark@example.net,+1-917-556-7350x82204,mail
PTY004158,person,Andrew Watkins,Andrew,Watkins,,1958-08-15,charlesjoshua@example.net,224.318.3356x72071,mail
PTY004159,person,Joseph Webb,Joseph,Webb,,1990-07-31,judith27@example.org,(308)795-8090,sms
PTY004160,organization,Ford LLC,,,Ford LLC,,acastillo@example.com,489.241.5235,app
PTY004161,person,Morgan Zhang,Morgan,Zhang,,1979-08-12,jonesphillip@example.com,(815)817-4772x343,email
PTY004162,person,Connie Campbell,Connie,Campbell,,1983-01-07,cynthia50@example.org,450.946.8015,sms
PTY004163,organization,Bailey-Weber,,,Bailey-Weber,,cjohnson@example.com,(385)669-3963x229,phone
PTY004164,person,Vanessa Walters,Vanessa,Walters,,1987-10-17,plester@example.net,833-399-7123x630,mail
PTY004165,person,Catherine Villa,Catherine,Villa,,1970-12-25,dbrewer@example.com,398-878-0187,email
PTY004166,organization,Pena-Hendrix,,,Pena-Hendrix,,josephmiller@example.com,967-324-2742x07842,sms
PTY004167,person,Kathleen Huynh,Kathleen,Huynh,,1945-01-08,scottcooper@example.com,386-971-4364x8936,phone
PTY004168,person,Leroy Dorsey,Leroy,Dorsey,,2004-10-26,andradewilliam@example.com,001-200-425-1882x816,mail
PTY004169,organization,Barr-Young,,,Barr-Young,,cesar10@example.org,(401)439-2160,app
PTY004170,person,Samantha Golden,Samantha,Golden,,1982-04-27,stephenfigueroa@example.net,001-497-526-3329x3300,sms
PTY004171,person,George Neal,George,Neal,,1951-10-20,thomasalan@example.com,(224)817-4860,mail
PTY004172,person,Joseph Bond,Joseph,Bond,,1987-04-14,johnvazquez@example.net,2296027699,mail
PTY004173,person,Priscilla Williams,Priscilla,Williams,,2006-09-18,allenfields@example.org,001-569-927-8297x25398,phone
PTY004174,person,Keith Perez,Keith,Perez,,1958-11-06,jonesjacob@example.net,590-385-6432x065,sms
PTY004175,person,Dustin Baker,Dustin,Baker,,1956-12-17,teresafranklin@example.com,+1-554-857-3485x4132,app
PTY004176,person,Patrick Rocha,Patrick,Rocha,,1969-01-27,marywhite@example.org,+1-781-497-3349x45204,sms
PTY004177,organization,Thomas-Braun,,,Thomas-Braun,,garrett73@example.net,+1-789-607-6131x8763,email
PTY004178,organization,"Williams, Cain and Santana",,,"Williams, Cain and Santana",,alanmoore@example.net,(478)986-9512x70570,email
PTY004179,person,James Smith,James,Smith,,1986-12-24,aprilwhite@example.org,2002390110,app
PTY004180,person,Ashley Thompson,Ashley,Thompson,,1978-10-03,danielbenjamin@example.org,388.978.1514,app
PTY004181,person,William Kirby,William,Kirby,,1969-08-29,justin01@example.com,(942)295-5538,mail
PTY004182,person,Ashley Tapia,Ashley,Tapia,,1946-10-13,elizabeth22@example.net,001-705-683-2837x1587,mail
PTY004183,organization,Tyler-Sullivan,,,Tyler-Sullivan,,josephhernandez@example.com,(260)247-2948x4220,sms
PTY004184,person,Daniel Carter,Daniel,Carter,,1993-12-06,bestsylvia@example.com,+1-309-570-6704x3024,sms
PTY004185,organization,Johnson-Thornton,,,Johnson-Thornton,,watsonmary@example.org,557.641.5181,email
PTY004186,organization,Cohen Ltd,,,Cohen Ltd,,coxdominique@example.com,001-739-990-5379x9915,email
PTY004187,person,Edward Baldwin,Edward,Baldwin,,1967-01-14,deborah18@example.org,(328)926-1362x43419,mail
PTY004188,person,Yvonne Lambert,Yvonne,Lambert,,1954-04-04,annette29@example.com,240-255-4632x1827,phone
PTY004189,person,Michelle Callahan,Michelle,Callahan,,1967-04-19,rubenroberson@example.org,8844476077,email
PTY004190,person,Abigail Jimenez,Abigail,Jimenez,,1960-07-17,jessewilcox@example.net,+1-489-785-2588x0496,mail
PTY004191,person,Garrett Duarte,Garrett,Duarte,,1962-08-09,marksjane@example.com,495.331.3135,sms
PTY004192,organization,Cummings-Cook,,,Cummings-Cook,,erowland@example.com,631-792-6219x731,mail
PTY004193,person,Shannon Simmons,Shannon,Simmons,,1965-09-17,jacob86@example.net,(901)694-6116x0810,app
PTY004194,person,Elizabeth Knox,Elizabeth,Knox,,1964-10-31,danielle86@example.org,+1-850-385-5110x8030,sms
PTY004195,person,Michael Mendoza,Michael,Mendoza,,1944-10-31,steven70@example.org,+1-571-831-1942x7100,phone
PTY004196,person,Lori Baird,Lori,Baird,,2003-02-21,hamiltonedwin@example.net,001-779-788-1594x5606,email
PTY004197,organization,"Esparza, Vargas and Shepherd",,,"Esparza, Vargas and Shepherd",,gregory42@example.com,001-650-590-1615x364,sms
PTY004198,person,Kathryn James,Kathryn,James,,1955-10-04,odommary@example.org,2458208235,mail
PTY004199,organization,"Nichols, Goodman and Jennings",,,"Nichols, Goodman and Jennings",,carlroberts@example.com,386.476.8444,email
PTY004200,person,Daniel Larson,Daniel,Larson,,1945-04-03,yduran@example.org,(517)489-4260,mail
PTY004201,person,Alexis Fischer,Alexis,Fischer,,2001-05-14,elainesmith@example.net,554-325-9428,email
PTY004202,person,Daniel Wilson,Daniel,Wilson,,1963-07-14,frusso@example.org,+1-344-923-6025x67322,mail
PTY004203,person,Dale Wright,Dale,Wright,,1953-05-31,suarezcarly@example.net,654-209-3436x88691,mail
PTY004204,organization,Johnson Group,,,Johnson Group,,michele69@example.org,8099038755,mail
PTY004205,person,Patrick Miller,Patrick,Miller,,1958-10-21,angelahall@example.com,330-547-1427x205,app
PTY004206,organization,"Mcgrath, Mitchell and Garcia",,,"Mcgrath, Mitchell and Garcia",,shermanwendy@example.net,001-511-428-4256x1962,sms
PTY004207,person,Cynthia Garner,Cynthia,Garner,,1969-03-05,michaelcombs@example.com,527.369.0555x9084,sms
PTY004208,person,Alexis Gates,Alexis,Gates,,1961-10-15,nlarson@example.org,949.282.0976x812,phone
PTY004209,person,Patricia Jones,Patricia,Jones,,1952-12-03,richardhowell@example.com,290-762-9442,email
PTY004210,person,Glenn Johnson,Glenn,Johnson,,1954-05-20,hendersonmatthew@example.com,228-275-3348,email
PTY004211,person,Charles Frey,Charles,Frey,,1995-02-27,fuenteskyle@example.net,274-621-4254x8271,phone
PTY004212,person,Luis Floyd,Luis,Floyd,,1980-06-04,gavinsimmons@example.com,+1-747-207-2176,phone
PTY004213,person,Michael Williams,Michael,Williams,,1958-12-12,kaylamiller@example.net,940.663.9590x700,phone
PTY004214,person,Bryan Suarez,Bryan,Suarez,,1957-01-03,hrobinson@example.org,001-390-693-3186x83985,mail
PTY004215,organization,"Reyes, Sanchez and Long",,,"Reyes, Sanchez and Long",,ehall@example.net,+1-590-409-1807,phone
PTY004216,person,Katrina Stone,Katrina,Stone,,2006-07-24,joshuarandall@example.com,9717775450,sms
PTY004217,person,Sarah Foster,Sarah,Foster,,1985-06-30,sdunn@example.com,390.301.3885x9787,phone
PTY004218,person,John Lopez,John,Lopez,,1948-09-17,ubrown@example.net,466-896-1479x7938,mail
PTY004219,person,Caitlin Warren,Caitlin,Warren,,1956-02-02,jessicabest@example.net,+1-554-300-5453x04214,email
PTY004220,person,Haley Barnes,Haley,Barnes,,1968-08-04,danny99@example.net,903-564-0298x168,phone
PTY004221,person,Jason James,Jason,James,,1949-01-14,johnsonemily@example.net,589-847-2915x51521,mail
PTY004222,person,Holly Lewis,Holly,Lewis,,1988-07-27,nicholskatie@example.com,(260)676-1242,email
PTY004223,person,Jonathan Cook,Jonathan,Cook,,1977-08-15,meganwong@example.org,427.899.9949x9401,app
PTY004224,person,Roger Snow,Roger,Snow,,1992-12-04,karlathornton@example.net,(774)908-6560x0229,phone
PTY004225,person,Angel Evans,Angel,Evans,,2001-07-23,michaelbrooks@example.com,976-507-9876,app
PTY004226,person,Pamela Acosta,Pamela,Acosta,,1992-11-21,housemichael@example.org,001-684-363-4777,email
PTY004227,person,Michael Evans,Michael,Evans,,1994-10-25,ogolden@example.org,541-690-1280x2914,email
PTY004228,person,Susan Thomas,Susan,Thomas,,1944-05-20,dgreen@example.org,459-872-0565x22719,mail
PTY004229,person,Crystal Smith,Crystal,Smith,,1966-01-10,valdezashley@example.com,508.533.8880x697,mail
PTY004230,organization,"Anderson, Hunter and Romero",,,"Anderson, Hunter and Romero",,jenningswendy@example.org,852.488.1513,app
PTY004231,organization,"Porter, Proctor and Johnson",,,"Porter, Proctor and Johnson",,jasoncobb@example.com,504.431.3455x163,sms
PTY004232,person,William Cherry,William,Cherry,,1970-10-20,williamssteven@example.com,001-898-211-1809x816,mail
PTY004233,person,Jennifer Gardner,Jennifer,Gardner,,1978-03-05,baldwineric@example.org,571-543-8401x1540,mail
PTY004234,organization,Salazar-Coleman,,,Salazar-Coleman,,brownmorgan@example.org,853-509-6277x18698,app
PTY004235,organization,Rodriguez Group,,,Rodriguez Group,,dthompson@example.net,+1-449-827-4537x95696,mail
PTY004236,person,Lindsey Watts,Lindsey,Watts,,1988-12-09,jmunoz@example.org,217-595-8830x3350,email
PTY004237,organization,Cruz-Williams,,,Cruz-Williams,,margaretparrish@example.com,9385471068,email
PTY004238,person,Kimberly Everett,Kimberly,Everett,,1957-07-23,jwest@example.org,001-510-210-9459x751,app
PTY004239,person,Daniel Smith,Daniel,Smith,,1974-09-02,andrewstephens@example.com,948.411.0502,app
PTY004240,person,Stephanie Lang,Stephanie,Lang,,1963-03-13,dflynn@example.org,(719)458-4361x27358,sms
PTY004241,person,Kelly Evans,Kelly,Evans,,1999-12-08,douglasellison@example.org,757.262.3623x91613,mail
PTY004242,person,Douglas Ferguson,Douglas,Ferguson,,1985-10-19,sherri52@example.com,(487)208-8063x5729,mail
PTY004243,organization,Torres-Allen,,,Torres-Allen,,victoriathompson@example.org,(771)264-3169,sms
PTY004244,person,Bruce Jenkins,Bruce,Jenkins,,1958-09-29,hodgescharles@example.com,6209122125,mail
PTY004245,person,Katrina Young,Katrina,Young,,1972-01-26,zachary48@example.net,001-536-798-0225x091,phone
PTY004246,person,Donna Quinn,Donna,Quinn,,1988-10-08,lewisheather@example.org,441-357-0995,phone
PTY004247,person,Bruce Adams,Bruce,Adams,,1995-01-20,cooperamanda@example.net,(361)610-4476,sms
PTY004248,person,Ashley Baker,Ashley,Baker,,1960-10-14,reedchristian@example.com,919.445.7545x23558,phone
PTY004249,organization,"Stokes, Diaz and Bell",,,"Stokes, Diaz and Bell",,vanessa41@example.org,4874154099,phone
PTY004250,organization,"Frederick, Chambers and Roberts",,,"Frederick, Chambers and Roberts",,jennifer48@example.org,(745)799-5726x348,sms
PTY004251,organization,"Smith, Moore and Sutton",,,"Smith, Moore and Sutton",,franklindenise@example.org,+1-767-282-8661x982,mail
PTY004252,person,Joseph Barnes,Joseph,Barnes,,1944-04-30,wendy34@example.org,5234013011,sms
PTY004253,person,Paul Allen,Paul,Allen,,1981-05-20,lrobertson@example.com,(468)367-3481x53912,mail
PTY004254,person,Carol King,Carol,King,,1988-04-07,adamsjohn@example.net,244-269-4421x1067,mail
PTY004255,person,Stephanie Clark,Stephanie,Clark,,1999-07-03,perezrobert@example.net,651-687-1040,app
PTY004256,person,Sarah Green,Sarah,Green,,1992-05-02,kperez@example.net,001-922-284-0144,sms
PTY004257,person,Heather Herman,Heather,Herman,,1963-10-02,oblanchard@example.com,205.841.6318x92750,mail
PTY004258,person,Donna Knight,Donna,Knight,,2007-09-19,curtislopez@example.net,9052067481,phone
PTY004259,person,James Welch,James,Welch,,2004-03-01,suareznicole@example.org,658.613.0121x7099,phone
PTY004260,organization,"Morris, Ford and Ryan",,,"Morris, Ford and Ryan",,jonathanbrown@example.net,8613691853,mail
PTY004261,person,Brian Porter,Brian,Porter,,1972-08-08,ysavage@example.com,9259891271,mail
PTY004262,person,John Patton,John,Patton,,1967-10-14,jennifer78@example.org,8525894168,sms
PTY004263,person,Charles Mason,Charles,Mason,,2007-09-04,nathan56@example.com,(378)379-0541x1669,phone
PTY004264,organization,Clark-Smith,,,Clark-Smith,,duane42@example.com,+1-296-296-9768x699,email
PTY004265,person,Valerie Grant,Valerie,Grant,,1974-12-13,rossteresa@example.com,937-296-4049,sms
PTY004266,person,Jason Young,Jason,Young,,1947-03-03,allennancy@example.org,(257)470-1830x784,sms
PTY004267,person,Karen Gay,Karen,Gay,,1966-05-13,suttonjanice@example.com,520.713.0223,phone
PTY004268,organization,Williams-Brooks,,,Williams-Brooks,,halljames@example.net,947-527-8121x965,email
PTY004269,person,Madeline Sloan,Madeline,Sloan,,1962-08-16,tina60@example.net,(860)576-6471x2434,sms
PTY004270,person,Jose Murphy,Jose,Murphy,,1981-01-17,rpeterson@example.com,898.200.5832x6973,email
PTY004271,organization,Blanchard-Hall,,,Blanchard-Hall,,jonesmary@example.net,721.809.5927x83328,phone
PTY004272,person,Madison Hall,Madison,Hall,,1958-07-09,darren61@example.net,4654151382,app
PTY004273,person,Robert Mendez,Robert,Mendez,,1954-02-08,ghines@example.net,649.496.0520,mail
PTY004274,person,Pamela Thomas,Pamela,Thomas,,1996-05-30,emaldonado@example.net,688.251.5869,sms
PTY004275,person,Chloe Bass,Chloe,Bass,,1999-10-13,hhenson@example.net,(899)317-8076,email
PTY004276,organization,King-Padilla,,,King-Padilla,,gallowaystephanie@example.com,387-400-1365,sms
PTY004277,person,Jack Brown,Jack,Brown,,1954-06-21,sean91@example.org,(447)425-9856x8421,app
PTY004278,organization,"Lester, Guzman and Stewart",,,"Lester, Guzman and Stewart",,lisa14@example.org,5194426736,email
PTY004279,person,Mark Brock,Mark,Brock,,1947-12-20,john04@example.net,208.404.5310,mail
PTY004280,person,Mario Williams,Mario,Williams,,1971-03-30,kelly76@example.net,671-835-9518,email
PTY004281,person,Mallory Benson,Mallory,Benson,,1972-11-30,williamkennedy@example.org,(371)999-2724,app
PTY004282,organization,"Cameron, Hess and Young",,,"Cameron, Hess and Young",,hendersonmichael@example.net,+1-976-813-5522x022,email
PTY004283,organization,Hopkins Group,,,Hopkins Group,,johnsonlisa@example.net,5855517294,email
PTY004284,organization,"Dominguez, Davis and Dixon",,,"Dominguez, Davis and Dixon",,xpierce@example.com,7528564060,email
PTY004285,person,Kyle Clark,Kyle,Clark,,1950-01-13,williamsandrea@example.com,8915572750,email
PTY004286,person,Rebecca Gutierrez,Rebecca,Gutierrez,,1951-02-01,michellemartin@example.org,(638)465-3123x584,sms
PTY004287,person,Vicki Armstrong,Vicki,Armstrong,,1947-01-22,kenneth62@example.org,424-357-9727x313,sms
PTY004288,person,Daniel Hicks,Daniel,Hicks,,1975-06-01,ellisjason@example.com,001-972-590-3216x51556,app
PTY004289,person,Jody Gonzales,Jody,Gonzales,,1945-09-03,gibsondevin@example.com,787.965.9732x460,email
PTY004290,person,Karen Blake,Karen,Blake,,1964-06-28,mercadoheather@example.org,+1-925-205-8368x251,sms
PTY004291,person,Dana Ramirez,Dana,Ramirez,,1984-12-14,diana52@example.com,546.993.4432x228,phone
PTY004292,person,Marilyn Clayton,Marilyn,Clayton,,2003-12-13,alanchambers@example.org,(220)644-8400,phone
PTY004293,person,Michael Evans,Michael,Evans,,1959-05-18,lli@example.org,992.981.7272x4334,mail
PTY004294,person,Gary Smith,Gary,Smith,,1999-06-20,justin76@example.org,+1-782-855-9948x4827,phone
PTY004295,person,Michael Larson,Michael,Larson,,1974-03-19,oayala@example.net,001-794-313-0087x10623,sms
PTY004296,person,Phillip Lewis,Phillip,Lewis,,1948-01-24,emilybaker@example.com,001-864-495-6656x60207,app
PTY004297,person,Joshua Gross,Joshua,Gross,,1946-02-13,jessicaperkins@example.org,001-627-634-8579x49418,email
PTY004298,person,Gabriel Flores,Gabriel,Flores,,1959-07-30,jeffrey05@example.com,(749)241-5874x491,sms
PTY004299,person,Gilbert Moore,Gilbert,Moore,,1981-04-16,carlos85@example.net,+1-797-268-1165,sms
PTY004300,person,Maria Horton,Maria,Horton,,1982-01-17,collinsbryan@example.net,869.291.5748x004,phone
PTY004301,organization,"Beck, Hancock and Moore",,,"Beck, Hancock and Moore",,jchandler@example.org,690-993-4274x978,mail
PTY004302,person,Manuel Martin,Manuel,Martin,,1994-06-15,woodchris@example.com,(749)493-7299,phone
PTY004303,person,Austin Clark,Austin,Clark,,1947-03-05,ibrown@example.com,675.899.7298,mail
PTY004304,person,Courtney Odonnell,Courtney,Odonnell,,1975-05-01,stephen05@example.org,+1-357-659-9753x92918,mail
PTY004305,organization,Cooper PLC,,,Cooper PLC,,robert52@example.net,589-235-8058,sms
PTY004306,person,Scott Cervantes,Scott,Cervantes,,1950-01-07,strongjohn@example.org,(802)444-2117x3849,mail
PTY004307,person,Jessica Baker,Jessica,Baker,,1989-03-29,ucastro@example.com,+1-450-570-1342,email
PTY004308,organization,Swanson-Reese,,,Swanson-Reese,,kirk05@example.com,001-610-362-0802x0110,email
PTY004309,person,Douglas Cox,Douglas,Cox,,2004-11-13,sbarker@example.net,+1-760-722-5092x0119,sms
PTY004310,person,Frank Miller,Frank,Miller,,1950-03-20,tracyanderson@example.com,225-692-7976,mail
PTY004311,person,Brandon Hayes,Brandon,Hayes,,1976-12-21,kimberlysparks@example.org,2845952540,mail
PTY004312,person,Michael Mcclain,Michael,Mcclain,,2005-08-31,wisejessica@example.net,+1-993-445-7649x4789,mail
PTY004313,person,Paul Walton,Paul,Walton,,1990-04-18,millerdenise@example.net,001-416-946-6632x6631,phone
PTY004314,organization,"Underwood, Valencia and Stevens",,,"Underwood, Valencia and Stevens",,kellystone@example.com,751.466.2635x75484,email
PTY004315,organization,Johnson-Reed,,,Johnson-Reed,,kristen68@example.org,001-931-242-1472x38032,sms
PTY004316,person,Sara Rivera,Sara,Rivera,,1959-09-03,jacksonsonia@example.org,001-624-432-0589x20790,mail
PTY004317,organization,Fitzpatrick-Phelps,,,Fitzpatrick-Phelps,,vdavis@example.org,(276)534-8528x5295,sms
PTY004318,person,Heather Davis,Heather,Davis,,1950-11-21,rodriguezjudy@example.org,001-979-968-5596x5211,sms
PTY004319,person,Morgan Arnold,Morgan,Arnold,,1941-11-11,jacksondaniel@example.org,393-690-3064x16702,sms
PTY004320,organization,"Lopez, Hurley and Chang",,,"Lopez, Hurley and Chang",,hoganwilliam@example.org,701-507-7250x210,app
PTY004321,person,Brian Jordan,Brian,Jordan,,1940-10-16,james29@example.org,453.994.1187,mail
PTY004322,person,Joseph Cooley,Joseph,Cooley,,1981-12-09,jerrymiller@example.com,(313)963-1159x69554,phone
PTY004323,organization,"Brown, Payne and Peterson",,,"Brown, Payne and Peterson",,troy34@example.org,001-562-253-1640x2373,app
PTY004324,organization,"Adams, Reeves and Steele",,,"Adams, Reeves and Steele",,collin29@example.net,(203)477-9054x25317,mail
PTY004325,person,Trevor Stein,Trevor,Stein,,2007-08-10,coreycarey@example.net,001-578-387-2878x26500,mail
PTY004326,person,Julia Cantu,Julia,Cantu,,1966-02-04,william36@example.com,(453)596-7183,sms
PTY004327,person,Brianna Gonzalez,Brianna,Gonzalez,,1950-10-03,petersonashley@example.org,(739)331-5910,email
PTY004328,organization,"Daniel, Rogers and Pena",,,"Daniel, Rogers and Pena",,kbuchanan@example.net,708-291-8870,sms
PTY004329,person,Bobby Williams,Bobby,Williams,,1976-08-06,garciavictoria@example.org,9366096033,phone
PTY004330,organization,"Bernard, Hensley and Mooney",,,"Bernard, Hensley and Mooney",,aperkins@example.com,(880)279-3446,app
PTY004331,person,Danielle Rodriguez,Danielle,Rodriguez,,1951-05-08,christopherhines@example.com,001-380-644-6007,phone
PTY004332,person,Brenda Lewis,Brenda,Lewis,,1982-11-05,briantucker@example.org,+1-504-299-7805x50144,app
PTY004333,organization,Garcia Inc,,,Garcia Inc,,ytucker@example.com,721-607-5353,sms
PTY004334,organization,"Ibarra, Garner and Simmons",,,"Ibarra, Garner and Simmons",,sarahmendoza@example.com,+1-449-612-8264,sms
PTY004335,person,Ashley Adams,Ashley,Adams,,1975-10-30,melissa61@example.net,+1-546-258-5473x989,email
PTY004336,person,Christopher Simmons,Christopher,Simmons,,2006-10-13,stephaniecantu@example.org,426-528-1150x7168,app
PTY004337,organization,Schroeder Inc,,,Schroeder Inc,,rrodriguez@example.com,353.601.5705x570,sms
PTY004338,person,John Hopkins,John,Hopkins,,1942-03-27,katieflowers@example.com,599.418.2440x428,sms
PTY004339,person,Jon Andersen,Jon,Andersen,,1943-07-07,joseph08@example.com,(897)596-7642,app
PTY004340,person,Jennifer Dawson,Jennifer,Dawson,,2006-10-04,harrismichael@example.org,327-841-4055,email
PTY004341,person,Samantha Mejia,Samantha,Mejia,,1991-07-07,ymcdonald@example.org,+1-616-816-9349x617,sms
PTY004342,organization,Kelley-Garrett,,,Kelley-Garrett,,brianrichard@example.net,720-575-7046x48371,sms
PTY004343,person,Katherine Lee,Katherine,Lee,,1969-02-20,erintucker@example.com,816.974.3121x82725,email
PTY004344,person,Jeffrey Phillips,Jeffrey,Phillips,,1974-08-03,miranda17@example.net,616-347-5609x1575,mail
PTY004345,person,Nathaniel Mendez,Nathaniel,Mendez,,1948-11-17,karla82@example.org,528-720-9788x622,app
PTY004346,person,Melissa Wyatt,Melissa,Wyatt,,1990-02-13,edwardwalker@example.net,(786)887-9732,mail
PTY004347,person,Brett Ray,Brett,Ray,,1988-11-20,mistyharper@example.com,(285)398-9344x328,phone
PTY004348,organization,"Scott, Smith and Campbell",,,"Scott, Smith and Campbell",,gonzalesbrittany@example.net,771-254-8949,app
PTY004349,organization,Wright-Spears,,,Wright-Spears,,pmartinez@example.com,+1-807-668-2637x40685,app
PTY004350,person,Robert Lloyd,Robert,Lloyd,,1995-12-23,murphytimothy@example.org,989-556-6546x4398,sms
PTY004351,person,Adam Alexander,Adam,Alexander,,1941-01-08,campbellrobert@example.org,001-452-226-1247x1305,sms
PTY004352,organization,Adams-Johnson,,,Adams-Johnson,,harveychristian@example.com,001-306-369-3548x9102,phone
PTY004353,person,Joseph Johnson,Joseph,Johnson,,1980-11-03,edwardslaura@example.org,(573)783-3997x0498,app
PTY004354,person,Rickey Friedman,Rickey,Friedman,,1953-04-02,nruiz@example.com,793-928-8752,email
PTY004355,person,Ronald Pham,Ronald,Pham,,1996-03-14,qbailey@example.org,(343)979-7975x2542,app
PTY004356,organization,Duran PLC,,,Duran PLC,,perryjoseph@example.net,001-259-782-6349x459,phone
PTY004357,person,Heather Delacruz,Heather,Delacruz,,1965-07-21,anna04@example.net,+1-451-814-1010x8987,mail
PTY004358,person,Ashley Smith,Ashley,Smith,,2001-04-30,shannon37@example.org,001-326-566-9598,phone
PTY004359,person,Katie Love,Katie,Love,,1953-09-07,tyler31@example.org,001-654-297-0751x49767,mail
PTY004360,person,Brian Hernandez,Brian,Hernandez,,1968-04-19,gwright@example.com,9734198504,email
PTY004361,person,Melissa Cox,Melissa,Cox,,1987-06-05,igarcia@example.net,(640)282-8727,mail
PTY004362,person,Nicholas Porter,Nicholas,Porter,,1996-03-12,patelsean@example.com,691-560-7302x7587,mail
PTY004363,person,Natasha Thomas,Natasha,Thomas,,1941-06-04,brandon09@example.net,436-459-6075x454,mail
PTY004364,person,Jason Dalton,Jason,Dalton,,1941-04-15,shaney@example.net,434-772-9693x215,sms
PTY004365,organization,"Kane, Miller and Owen",,,"Kane, Miller and Owen",,mcmahonalexandra@example.com,+1-618-382-6490,mail
PTY004366,organization,"White, Oneal and Webb",,,"White, Oneal and Webb",,ronald30@example.org,858-840-9430x8943,app
PTY004367,organization,Mckinney-Snyder,,,Mckinney-Snyder,,cookgina@example.org,001-996-213-0695,mail
PTY004368,person,Thomas Walker,Thomas,Walker,,1991-06-23,suarezdonna@example.net,785.327.2440x6953,app
PTY004369,person,Tyrone Marshall,Tyrone,Marshall,,1999-08-25,spencerdavid@example.org,217.223.6132,mail
PTY004370,person,Brandon Garcia,Brandon,Garcia,,1963-06-12,sara87@example.com,+1-550-833-4670x577,mail
PTY004371,person,Elizabeth Rodriguez,Elizabeth,Rodriguez,,1959-12-19,arroyoisaac@example.net,(462)409-4846x180,phone
PTY004372,person,Lauren Hart,Lauren,Hart,,1977-05-25,james72@example.org,583-218-5175,app
PTY004373,person,Tara Howell,Tara,Howell,,1973-04-17,sheilajennings@example.com,868.518.2041x29250,mail
PTY004374,person,Gregory Mclean,Gregory,Mclean,,1995-11-07,jacqueline45@example.net,+1-368-763-1468x7041,phone
PTY004375,organization,Barnes Group,,,Barnes Group,,lee92@example.org,+1-211-924-6488,app
PTY004376,person,Wendy Kane,Wendy,Kane,,1981-07-06,porterlaura@example.com,409.383.9222,phone
PTY004377,person,Cynthia Coffey,Cynthia,Coffey,,1950-02-08,hensleymichael@example.org,448.441.7193,mail
PTY004378,person,Mark Barajas,Mark,Barajas,,1970-08-05,ggreene@example.com,2645197732,phone
PTY004379,organization,Smith-Mendoza,,,Smith-Mendoza,,rivasbelinda@example.net,503.378.4457x676,sms
PTY004380,person,Kaitlyn Martinez,Kaitlyn,Martinez,,1954-11-27,marquezsherri@example.net,+1-732-223-9478x000,app
PTY004381,person,Rose Patterson,Rose,Patterson,,1948-07-15,marie63@example.com,+1-956-588-0109,email
PTY004382,person,Jose Leonard,Jose,Leonard,,1982-11-09,levinemichael@example.com,432.466.3056x2597,sms
PTY004383,organization,Woods PLC,,,Woods PLC,,sampsonlance@example.net,+1-288-345-8316x0496,sms
PTY004384,person,Jacob Smith,Jacob,Smith,,2000-12-24,zford@example.net,(592)487-5045,app
PTY004385,person,Peggy Benson,Peggy,Benson,,1950-04-09,rachel58@example.org,(557)969-9858,email
PTY004386,person,Eric Garcia,Eric,Garcia,,1942-09-09,fkim@example.com,(788)555-1895,sms
PTY004387,person,Carly Jefferson,Carly,Jefferson,,1964-04-12,joshuajackson@example.net,001-952-614-6111x0559,sms
PTY004388,person,Jack Sloan,Jack,Sloan,,1991-09-30,kristinagarcia@example.org,726-828-9893x6519,mail
PTY004389,person,Marcus Ramirez,Marcus,Ramirez,,1987-10-10,onovak@example.com,(761)997-3996x4176,phone
PTY004390,person,Tanya Webb,Tanya,Webb,,2006-04-26,bonnie20@example.org,425.386.6370,app
PTY004391,person,Robert Cunningham,Robert,Cunningham,,1975-12-27,ejohnson@example.org,001-966-371-7382x337,email
PTY004392,person,Jason Stanton,Jason,Stanton,,1993-12-21,cynthiaolson@example.net,(813)532-6901x873,sms
PTY004393,person,Tyler Clayton,Tyler,Clayton,,1973-06-29,eugene86@example.org,6216912416,phone
PTY004394,person,Tiffany Bryant,Tiffany,Bryant,,2004-09-05,igrimes@example.org,989-632-3174x848,email
PTY004395,person,Daniel Thomas,Daniel,Thomas,,1941-08-07,coleevans@example.com,888-606-1747x3836,app
PTY004396,person,Tony Palmer,Tony,Palmer,,1954-12-13,juan98@example.com,(747)425-5365x5560,email
PTY004397,person,Jake Holmes,Jake,Holmes,,1980-03-13,luisbarnes@example.net,430-768-3129,mail
PTY004398,person,Austin Scott,Austin,Scott,,1946-07-17,pattygilbert@example.com,001-306-971-5152x5862,app
PTY004399,person,Roberta Shepard,Roberta,Shepard,,1941-09-20,gbuckley@example.org,429.991.1118,app
PTY004400,person,Catherine Love,Catherine,Love,,1944-11-17,deborah82@example.com,445.299.8659,sms
PTY004401,person,Amy Warren,Amy,Warren,,1953-01-04,kathleen55@example.org,716.930.7335,mail
PTY004402,organization,"Bridges, Jones and Berg",,,"Bridges, Jones and Berg",,jenniferbailey@example.org,469.284.8282x4104,phone
PTY004403,person,Donna Davis,Donna,Davis,,1984-09-09,millerjulie@example.com,(533)491-8075x76449,app
PTY004404,person,Dustin Ray,Dustin,Ray,,1954-01-18,antonioweeks@example.com,(232)889-3104,mail
PTY004405,person,Anne Nelson,Anne,Nelson,,1968-06-04,natalietaylor@example.net,466.615.9282,phone
PTY004406,person,Brianna Sanchez,Brianna,Sanchez,,1951-09-23,lisa97@example.org,(799)317-5541x33081,email
PTY004407,organization,Wong Inc,,,Wong Inc,,millersara@example.com,+1-499-611-4434,app
PTY004408,person,Barbara Nelson,Barbara,Nelson,,2004-08-13,jill13@example.com,866-339-0738x7565,mail
PTY004409,person,Martha Cline,Martha,Cline,,1945-08-18,harringtonvanessa@example.com,+1-790-240-1272x4197,mail
PTY004410,person,Edward Hawkins,Edward,Hawkins,,1986-07-23,jgonzalez@example.org,945.949.8562x757,app
PTY004411,person,Elizabeth Tran,Elizabeth,Tran,,2007-07-05,garylittle@example.net,001-467-233-7265x6837,mail
PTY004412,person,Bruce Edwards,Bruce,Edwards,,1995-05-27,wparsons@example.net,751-278-2733,email
PTY004413,person,Jacob Torres,Jacob,Torres,,1947-07-01,ntaylor@example.net,698.423.7224x28234,email
PTY004414,organization,"Becker, Meadows and Martinez",,,"Becker, Meadows and Martinez",,stephanieallen@example.org,001-653-200-7232x48444,sms
PTY004415,organization,Garcia-Bates,,,Garcia-Bates,,oberg@example.net,+1-770-955-4800,email
PTY004416,organization,"White, Murphy and Hernandez",,,"White, Murphy and Hernandez",,kirk30@example.net,001-498-523-3215x328,email
PTY004417,person,John Casey,John,Casey,,1946-06-15,wjoseph@example.com,(964)956-0980,app
PTY004418,organization,Curtis Inc,,,Curtis Inc,,dianaparsons@example.com,404.702.2749x3003,app
PTY004419,person,Nicole Perez,Nicole,Perez,,1984-12-28,christopherbenton@example.com,+1-537-503-8857x7260,app
PTY004420,organization,Cervantes Inc,,,Cervantes Inc,,klee@example.net,+1-399-206-7023x1750,phone
PTY004421,person,Luke Rivera,Luke,Rivera,,1999-09-28,hamiltonsusan@example.org,(896)652-2119,app
PTY004422,person,Jessica Wells,Jessica,Wells,,1953-11-13,joshuastone@example.org,+1-516-386-0625x361,email
PTY004423,organization,"Nelson, Chavez and Lindsey",,,"Nelson, Chavez and Lindsey",,eporter@example.com,210-990-9332,phone
PTY004424,person,Courtney Chaney,Courtney,Chaney,,1965-06-28,ylewis@example.net,(462)285-9169x158,sms
PTY004425,person,Christine Smith,Christine,Smith,,1941-06-21,lauriepatterson@example.com,580-382-7337x79979,phone
PTY004426,organization,"Reed, Meyer and Jensen",,,"Reed, Meyer and Jensen",,richardkennedy@example.net,558.568.5873x25744,mail
PTY004427,person,Amanda Mcdonald,Amanda,Mcdonald,,1999-10-25,susanlopez@example.org,001-342-393-9911x96862,app
PTY004428,organization,Burns PLC,,,Burns PLC,,icampbell@example.com,001-320-467-9723x8428,sms
PTY004429,person,Randy Cohen,Randy,Cohen,,1984-09-20,emily90@example.org,403-680-1219,app
PTY004430,person,Crystal Roberts,Crystal,Roberts,,1991-08-24,jamesjackson@example.com,299.559.9274,mail
PTY004431,person,Jeremy Lawson,Jeremy,Lawson,,1993-08-01,hallalison@example.net,+1-706-384-0051x56393,sms
PTY004432,person,Lisa Rowland,Lisa,Rowland,,1956-08-01,maria20@example.net,733-303-4228,phone
PTY004433,person,Angela Francis,Angela,Francis,,1996-10-15,jeffrey56@example.com,8942846455,email
PTY004434,organization,Barrera Group,,,Barrera Group,,joshua31@example.net,574-534-7975x64327,sms
PTY004435,person,Eric Silva,Eric,Silva,,1981-05-19,pbrown@example.org,5619121704,sms
PTY004436,person,Audrey Farmer,Audrey,Farmer,,1942-06-17,james72@example.com,974-890-9782,email
PTY004437,person,Catherine Garcia,Catherine,Garcia,,1973-06-03,douglasjustin@example.org,+1-774-337-5177x7842,app
PTY004438,person,Bradley Hansen,Bradley,Hansen,,1970-02-27,debra87@example.net,811.496.7477x531,sms
PTY004439,person,Elizabeth Harrington,Elizabeth,Harrington,,1982-06-13,vwilliams@example.com,001-599-455-1540,phone
PTY004440,person,Andrea Hernandez,Andrea,Hernandez,,1970-04-16,kellycook@example.com,(768)302-8946x14554,email
PTY004441,person,Michelle Aguirre,Michelle,Aguirre,,1973-10-26,louis95@example.net,798.821.5709,sms
PTY004442,person,Kristopher Mccullough,Kristopher,Mccullough,,1988-09-15,tasha72@example.org,6855544364,phone
PTY004443,person,Thomas Mercer,Thomas,Mercer,,1994-05-22,slane@example.net,776.988.3849x16971,app
PTY004444,person,Jacqueline Sanders,Jacqueline,Sanders,,1988-05-22,patriciavang@example.com,+1-406-833-5186,phone
PTY004445,person,Kristen Mcdonald,Kristen,Mcdonald,,1974-01-15,andrewsjamie@example.com,566.217.7200x231,email
PTY004446,person,Eugene Johnson,Eugene,Johnson,,1946-11-25,leslie16@example.org,444-600-9037x2247,mail
PTY004447,person,Edward Turner,Edward,Turner,,1944-05-03,ricardo96@example.net,+1-405-680-8230x06799,sms
PTY004448,person,Philip Riley,Philip,Riley,,1963-03-14,matthew42@example.org,(208)617-5970x1190,mail
PTY004449,person,Tanya Greene,Tanya,Greene,,2002-05-26,beverly05@example.org,(484)988-8258x120,sms
PTY004450,person,Frank Roman,Frank,Roman,,1975-03-18,schneiderjoshua@example.com,795.706.5731x32851,email
PTY004451,person,Devon Marshall,Devon,Marshall,,1983-04-19,abigailjenkins@example.com,990-223-3682,phone
PTY004452,person,Amy Meza,Amy,Meza,,1997-01-03,travis05@example.org,001-417-975-0863,app
PTY004453,organization,Espinoza-Lawrence,,,Espinoza-Lawrence,,laura31@example.org,(840)898-6043,phone
PTY004454,person,Alyssa Elliott,Alyssa,Elliott,,1974-04-20,campbelldaniel@example.com,456.342.3164,app
PTY004455,organization,"Whitaker, Sanchez and Torres",,,"Whitaker, Sanchez and Torres",,shermanerica@example.net,459.686.0786x381,mail
PTY004456,person,Austin Castillo,Austin,Castillo,,1992-11-10,mistyarnold@example.net,001-748-337-5160x61403,sms
PTY004457,person,Brenda Bell,Brenda,Bell,,1955-10-21,smiththomas@example.com,(224)883-4831x145,sms
PTY004458,person,Kyle Hall,Kyle,Hall,,1961-02-02,rickey24@example.org,638-259-8646,app
PTY004459,person,Jacqueline Fitzgerald,Jacqueline,Fitzgerald,,1965-02-13,sarahmoore@example.org,787-743-2362x9825,email
PTY004460,person,Christopher Mckay,Christopher,Mckay,,1959-06-28,bennettjessica@example.com,001-200-306-7947x19912,email
PTY004461,person,Carl Rodriguez,Carl,Rodriguez,,1970-05-02,marialopez@example.net,5559641990,phone
PTY004462,person,Alec Mcgee,Alec,Mcgee,,1982-07-01,zmcgee@example.org,992-721-0561x2199,sms
PTY004463,organization,Cox LLC,,,Cox LLC,,cpowers@example.net,+1-735-399-4472,app
PTY004464,person,Rita Wolfe,Rita,Wolfe,,1948-12-10,andrewarcher@example.net,(250)799-0701x943,phone
PTY004465,organization,"Shah, Turner and Miller",,,"Shah, Turner and Miller",,nicolegreen@example.com,236-312-4036,phone
PTY004466,person,Susan Harrison,Susan,Harrison,,1998-02-16,stephenharper@example.org,960.724.0263x5688,app
PTY004467,person,Matthew Andrews,Matthew,Andrews,,1947-02-17,brownrichard@example.net,569-967-0832,mail
PTY004468,person,Angela Anderson,Angela,Anderson,,1964-10-20,kelleyerika@example.org,001-801-270-4764x00381,app
PTY004469,person,Nicholas Lee,Nicholas,Lee,,1968-08-01,heathjon@example.org,874.495.6889,phone
PTY004470,person,Timothy Perez,Timothy,Perez,,2006-07-31,timothy72@example.com,(225)799-9798x96862,app
PTY004471,person,Mary Cook,Mary,Cook,,1966-06-15,itaylor@example.org,(808)435-2339x1998,phone
PTY004472,organization,"Vega, Castillo and Castillo",,,"Vega, Castillo and Castillo",,taylortyler@example.net,001-492-582-3131x97991,mail
PTY004473,organization,Graham LLC,,,Graham LLC,,michelle35@example.org,649.964.6846x719,mail
PTY004474,person,Nicole Torres,Nicole,Torres,,2008-09-02,donnawhitney@example.net,(916)917-2405x394,email
PTY004475,person,Dustin Lee,Dustin,Lee,,1944-12-29,jeremyespinoza@example.org,(714)534-5648x6711,app
PTY004476,person,Brittany Moran,Brittany,Moran,,2005-10-23,jacquelinesanford@example.org,716-204-6290x709,phone
PTY004477,person,Charles Ramirez,Charles,Ramirez,,1973-02-26,michael26@example.org,(540)657-0136x324,email
PTY004478,person,Jacqueline Baxter,Jacqueline,Baxter,,1972-03-05,watsonroger@example.com,001-399-814-9825x046,sms
PTY004479,organization,Mendoza and Sons,,,Mendoza and Sons,,travisrodriguez@example.com,311.585.6306x9066,sms
PTY004480,person,Cole Wilson,Cole,Wilson,,1949-06-19,aduffy@example.net,(483)851-6123x4611,sms
PTY004481,person,James Wheeler,James,Wheeler,,1953-10-11,perkinstina@example.net,(682)328-3009x463,app
PTY004482,organization,"Butler, Aguilar and Stewart",,,"Butler, Aguilar and Stewart",,farias@example.com,+1-289-514-9088x99212,sms
PTY004483,person,Julia Smith,Julia,Smith,,1988-08-30,ginarobinson@example.com,765.667.5696,phone
PTY004484,organization,Johnson LLC,,,Johnson LLC,,frankpearson@example.com,8444656701,app
PTY004485,person,Ellen Bruce,Ellen,Bruce,,2002-02-19,pamela49@example.net,365-884-9144,sms
PTY004486,person,Alicia Berger,Alicia,Berger,,1941-12-11,howard73@example.net,+1-649-698-5030x83892,mail
PTY004487,person,Lisa Carpenter,Lisa,Carpenter,,2007-10-20,smithmarie@example.com,001-942-621-8432x3074,phone
PTY004488,organization,"Leon, Lopez and Mcguire",,,"Leon, Lopez and Mcguire",,martinezmaria@example.com,+1-249-602-5735x9728,sms
PTY004489,person,Patricia Ortiz,Patricia,Ortiz,,1960-10-08,mcardenas@example.org,(651)464-9987,phone
PTY004490,organization,Banks-Johnson,,,Banks-Johnson,,graveschristina@example.net,(239)885-8798,app
PTY004491,person,Ryan Howard,Ryan,Howard,,1950-09-20,zachary53@example.org,246.286.7304,sms
PTY004492,person,Brett Watson,Brett,Watson,,1966-03-28,mackenzie67@example.org,629.326.8761x2884,mail
PTY004493,person,Larry Richardson,Larry,Richardson,,1984-12-03,robertbartlett@example.net,(690)688-7757x87359,phone
PTY004494,person,Robert Allen,Robert,Allen,,1959-02-09,walterwood@example.org,(774)862-0665x273,sms
PTY004495,person,Marcus Moore,Marcus,Moore,,1979-03-01,hubbardvalerie@example.com,001-969-766-6715x630,mail
PTY004496,organization,"Taylor, Robles and Nielsen",,,"Taylor, Robles and Nielsen",,ymcdonald@example.com,+1-900-402-7313,sms
PTY004497,person,Kathy Molina,Kathy,Molina,,2007-11-19,rowlandtanya@example.com,+1-657-299-2523,phone
PTY004498,person,Howard Vaughn,Howard,Vaughn,,1948-11-30,moralesjason@example.com,+1-777-294-4774x920,app
PTY004499,person,Jason Castro,Jason,Castro,,1952-07-31,ycline@example.net,001-621-991-6771x08669,email
PTY004500,person,Carolyn Knapp,Carolyn,Knapp,,1989-01-10,andersonjames@example.org,281.578.9527x869,phone
PTY004501,person,Anthony Johnson,Anthony,Johnson,,1964-03-09,jacksonmelinda@example.com,+1-391-367-1613x701,app
PTY004502,person,Andrew Wallace,Andrew,Wallace,,1998-05-02,michael27@example.net,651-927-1053x883,mail
PTY004503,organization,"Marshall, Curtis and Franklin",,,"Marshall, Curtis and Franklin",,daniel67@example.net,880.986.8476x259,email
PTY004504,person,Gabriel Frank,Gabriel,Frank,,1954-02-13,theresa17@example.net,001-917-871-0203,app
PTY004505,person,Jonathan Frederick,Jonathan,Frederick,,1977-08-19,shawn71@example.com,001-993-888-6848,mail
PTY004506,person,Karen Hawkins,Karen,Hawkins,,1959-01-30,ccarlson@example.org,+1-768-455-1312x7731,sms
PTY004507,person,Laura Calderon,Laura,Calderon,,1946-07-29,cathy04@example.org,(412)791-5163x9451,app
PTY004508,person,Heidi Elliott,Heidi,Elliott,,1945-10-05,kathleenshaw@example.net,617.591.1598x72483,mail
PTY004509,person,Stephanie Brown,Stephanie,Brown,,1989-05-29,sruiz@example.org,(971)823-9889x1399,email
PTY004510,person,Amanda Olson,Amanda,Olson,,1982-09-13,ypatton@example.com,572.743.6752,mail
PTY004511,person,Laura Perry,Laura,Perry,,2008-07-22,qgarcia@example.net,001-789-473-3561x308,phone
PTY004512,person,Kelly Jones,Kelly,Jones,,1966-03-03,michaelclark@example.net,001-677-521-8716x34578,email
PTY004513,person,Ashley Pham,Ashley,Pham,,1991-10-16,nroberts@example.com,912.534.6929,email
PTY004514,person,Scott Williams,Scott,Williams,,1945-07-25,joshuahenry@example.org,3104383331,sms
PTY004515,person,Bridget Cole,Bridget,Cole,,1982-01-03,qbrewer@example.com,(476)596-6242,email
PTY004516,organization,Graham-Robinson,,,Graham-Robinson,,christopherjohnson@example.com,(571)823-7868x94338,sms
PTY004517,person,Julia Chan,Julia,Chan,,1958-07-17,ebony82@example.com,695.948.1661,phone
PTY004518,person,Mary Davis,Mary,Davis,,1975-10-06,jessicahamilton@example.net,(992)445-9094,sms
PTY004519,person,Daniel Cooper,Daniel,Cooper,,2001-08-09,nicholas25@example.org,(588)385-8212x402,sms
PTY004520,person,John Floyd,John,Floyd,,1995-03-25,christine09@example.net,831.533.1256x809,app
PTY004521,person,Diana King,Diana,King,,1981-11-16,robertpeterson@example.com,(957)601-7278x539,email
PTY004522,person,Jennifer Morgan,Jennifer,Morgan,,1995-09-30,blewis@example.com,349-228-6401,mail
PTY004523,person,Christopher Martin,Christopher,Martin,,1942-07-26,lopezemily@example.org,4792636690,sms
PTY004524,organization,Davis-Burch,,,Davis-Burch,,jackrice@example.org,425-328-5520,app
PTY004525,person,Krista Rogers,Krista,Rogers,,1949-10-01,johnschmidt@example.net,001-755-878-6796x3023,phone
PTY004526,organization,Brown Inc,,,Brown Inc,,ramirezphillip@example.net,752.441.5076,phone
PTY004527,organization,"Arias, Owen and Gates",,,"Arias, Owen and Gates",,lesliewilliams@example.org,001-216-850-9298,app
PTY004528,organization,"Bailey, Meza and Bell",,,"Bailey, Meza and Bell",,cforbes@example.org,+1-627-740-1296x7642,phone
PTY004529,person,Kevin Vasquez,Kevin,Vasquez,,1974-04-03,silvalisa@example.org,878-322-1325x8807,app
PTY004530,person,Erin Willis,Erin,Willis,,1949-07-18,qsmith@example.com,001-336-661-2112x37928,email
PTY004531,person,Haley Mills,Haley,Mills,,1951-04-09,kathleenhanson@example.org,001-558-674-7441x2404,sms
PTY004532,organization,Marquez PLC,,,Marquez PLC,,johnbailey@example.net,+1-411-558-2702x45285,phone
PTY004533,organization,Campbell-Pham,,,Campbell-Pham,,georgejones@example.net,001-247-301-1723x96319,sms
PTY004534,person,Heather Benson,Heather,Benson,,1943-07-30,jchen@example.org,685.556.7123x0167,email
PTY004535,organization,Hernandez Inc,,,Hernandez Inc,,valeriewall@example.com,626.573.9589,app
PTY004536,person,Sara Meyer,Sara,Meyer,,1966-04-08,hannah64@example.org,(566)430-5968,app
PTY004537,person,Alice Young,Alice,Young,,1945-01-21,okennedy@example.com,001-949-733-5468x1755,email
PTY004538,person,Angela Santos,Angela,Santos,,1943-12-01,pgray@example.com,(809)468-5075x6638,email
PTY004539,person,Jeremy Ferguson,Jeremy,Ferguson,,1959-01-10,carrillotiffany@example.net,879-858-0495,mail
PTY004540,person,Brian Stewart,Brian,Stewart,,1988-06-10,pamelafrazier@example.org,(655)857-8179,sms
PTY004541,person,James Wade,James,Wade,,1964-03-17,howedonna@example.com,670-623-7561x9042,app
PTY004542,person,Dana Bryan,Dana,Bryan,,1949-04-20,julie16@example.net,+1-874-297-4899x5839,mail
PTY004543,person,Kristin Hobbs,Kristin,Hobbs,,1954-06-18,palmerrebecca@example.org,981-848-5061,app
PTY004544,person,John Hopkins,John,Hopkins,,1999-10-24,kyleestrada@example.org,+1-422-497-8309x9179,phone
PTY004545,person,Jennifer Cabrera,Jennifer,Cabrera,,1996-10-21,jessicagoodwin@example.net,001-989-908-5532,sms
PTY004546,person,Erin Wells,Erin,Wells,,1964-12-24,doris03@example.com,881-796-2476,app
PTY004547,person,Jasmine Smith,Jasmine,Smith,,1999-12-08,josephlarson@example.com,(774)745-1015x984,sms
PTY004548,person,Michael Cook,Michael,Cook,,1998-01-03,ltaylor@example.org,391.840.1864x357,mail
PTY004549,person,Charles Smith,Charles,Smith,,1950-07-18,fhammond@example.org,9294455469,sms
PTY004550,person,Ryan Baker,Ryan,Baker,,1958-12-30,abigail94@example.org,001-675-672-3089x6126,app
PTY004551,person,Vanessa Bailey,Vanessa,Bailey,,1993-02-04,christopher37@example.org,442.738.2389,phone
PTY004552,person,Riley Tran,Riley,Tran,,1970-02-02,tnicholson@example.org,568.728.7425x9437,email
PTY004553,person,Ashley Wilson,Ashley,Wilson,,1999-05-06,baileyteresa@example.org,649.894.7662x73872,phone
PTY004554,person,James Contreras,James,Contreras,,1980-10-15,hunterhuff@example.com,001-533-475-3614,sms
PTY004555,person,Madeline Rosario,Madeline,Rosario,,1991-06-09,jeffery68@example.net,+1-924-209-1941x22954,email
PTY004556,person,John Soto,John,Soto,,2007-12-10,yvonneshields@example.net,(464)399-2898,email
PTY004557,person,Shawn Norman,Shawn,Norman,,1982-11-06,michael86@example.com,392.911.2196,mail
PTY004558,person,Jacob Hutchinson,Jacob,Hutchinson,,1997-02-15,brownalexander@example.net,(671)682-2909,app
PTY004559,person,Parker Henry,Parker,Henry,,1942-03-06,wdiaz@example.com,(812)624-7141x1673,sms
PTY004560,person,Matthew Foster,Matthew,Foster,,1997-08-20,tmiller@example.com,001-511-977-6969x39110,email
PTY004561,person,Molly Lee,Molly,Lee,,1963-08-27,stephenyang@example.com,513-504-5047x4424,phone
PTY004562,person,Molly Sparks,Molly,Sparks,,1956-12-03,prattjennifer@example.com,536-759-1061,email
PTY004563,person,Kirsten Green,Kirsten,Green,,2007-03-30,tkane@example.com,371-207-9235x955,app
PTY004564,person,Shawn Murphy,Shawn,Murphy,,1958-01-17,shawn02@example.com,+1-489-629-2147x62289,email
PTY004565,organization,Grant and Sons,,,Grant and Sons,,brewerbradley@example.net,001-984-761-7592x65993,app
PTY004566,person,Ann Barron,Ann,Barron,,1987-12-13,amyholmes@example.net,(567)727-1850x8146,email
PTY004567,person,Karen Ryan,Karen,Ryan,,1977-12-25,coxtim@example.org,(633)592-8298x11862,app
PTY004568,person,Amanda Wolfe,Amanda,Wolfe,,1992-12-31,daviswilliam@example.net,+1-738-365-0306x66557,email
PTY004569,person,Angela Green,Angela,Green,,1995-10-03,jameswang@example.org,890-206-6632x2581,email
PTY004570,person,Kathleen Anderson,Kathleen,Anderson,,1950-12-09,michellepage@example.net,+1-894-950-5495x2224,sms
PTY004571,person,Samantha Santos,Samantha,Santos,,1951-08-05,alexanderjennings@example.com,001-527-975-1309,phone
PTY004572,person,Sue Hernandez,Sue,Hernandez,,1996-05-19,kmcguire@example.net,340-622-6808,mail
PTY004573,person,Linda Brady,Linda,Brady,,1993-05-31,stephaniemorris@example.org,(966)354-0791x3705,sms
PTY004574,organization,Chan and Sons,,,Chan and Sons,,michellecurtis@example.net,(535)466-2578,mail
PTY004575,person,Joann Wolf,Joann,Wolf,,1990-09-16,srice@example.com,(955)320-1332x0573,email
PTY004576,person,Sara Underwood,Sara,Underwood,,1997-02-05,billy07@example.org,(877)671-9101,app
PTY004577,person,Debra Williams,Debra,Williams,,1950-05-12,stephanierodriguez@example.net,(572)465-7552,sms
PTY004578,person,Tracy Snyder,Tracy,Snyder,,1954-09-28,martingregory@example.org,2848851116,mail
PTY004579,person,Debbie Anderson,Debbie,Anderson,,1999-05-08,hamiltonchelsea@example.org,4276818325,app
PTY004580,person,Kevin Barron,Kevin,Barron,,1994-02-20,victoria17@example.org,(682)615-5671x92012,phone
PTY004581,organization,Wilson-Brown,,,Wilson-Brown,,justin39@example.com,489-507-8315,app
PTY004582,person,Jon Larson,Jon,Larson,,2005-09-19,gailbanks@example.com,001-726-599-5191x3205,mail
PTY004583,person,Kathryn Henry,Kathryn,Henry,,1994-07-21,zachary48@example.org,001-676-942-3369x39091,mail
PTY004584,person,Harold Smith,Harold,Smith,,1998-03-02,harveyderrick@example.com,578.521.0567,app
PTY004585,organization,"Riddle, Johnson and Cruz",,,"Riddle, Johnson and Cruz",,michaelstevenson@example.org,353-743-5356x50267,email
PTY004586,person,John Hill,John,Hill,,1962-02-03,timothy40@example.com,299-927-1108x379,email
PTY004587,person,Tracey Vega,Tracey,Vega,,2002-07-27,bakercarl@example.net,(456)773-8564x88001,app
PTY004588,person,Jessica Salazar,Jessica,Salazar,,2005-08-21,petersonsusan@example.org,459-663-6040,app
PTY004589,person,Stephanie Page,Stephanie,Page,,1946-07-02,lbarrera@example.com,001-545-828-3153,email
PTY004590,person,Alex Good,Alex,Good,,1942-11-28,glenn22@example.com,+1-853-549-5875x67443,email
PTY004591,organization,Solomon and Sons,,,Solomon and Sons,,janice32@example.net,367-378-1732x2657,email
PTY004592,organization,Miller-Webb,,,Miller-Webb,,kaitlyn77@example.com,342.965.9798x43620,phone
PTY004593,organization,Chambers Inc,,,Chambers Inc,,goldenjacob@example.org,001-381-983-7260x3463,phone
PTY004594,organization,"Austin, White and Powell",,,"Austin, White and Powell",,lsanchez@example.com,969.296.9178,sms
PTY004595,person,Andre Eaton,Andre,Eaton,,1990-06-18,marvin88@example.org,(421)597-4028,mail
PTY004596,person,Chase David,Chase,David,,1957-08-02,walkerstephanie@example.net,2187181021,app
PTY004597,person,Bruce White,Bruce,White,,2001-05-03,angelamartin@example.net,5448697955,phone
PTY004598,person,Heather Foster,Heather,Foster,,1958-05-27,marcus21@example.net,+1-308-559-5448x63487,phone
PTY004599,person,Henry Cook,Henry,Cook,,1995-05-10,longanthony@example.net,001-210-499-8452x761,email
PTY004600,person,Jose Montoya,Jose,Montoya,,2003-01-26,radams@example.org,001-784-524-3504x8148,sms
PTY004601,organization,"Sutton, Khan and Gonzalez",,,"Sutton, Khan and Gonzalez",,brittany49@example.net,547.237.2577,mail
PTY004602,organization,Hall-Brooks,,,Hall-Brooks,,ljones@example.org,+1-906-934-2587,sms
PTY004603,person,Francisco White,Francisco,White,,1984-05-31,iperry@example.net,982.448.9182x4553,app
PTY004604,organization,Mejia-Williams,,,Mejia-Williams,,lynchsusan@example.net,+1-396-395-2807x077,phone
PTY004605,person,Matthew Edwards,Matthew,Edwards,,1988-12-01,dylanstevens@example.net,756.625.5916,mail
PTY004606,person,James Salazar,James,Salazar,,2001-05-30,dford@example.net,+1-373-289-3911x28110,app
PTY004607,person,Lisa Hall,Lisa,Hall,,2003-09-24,coxdouglas@example.com,657.224.3440,sms
PTY004608,person,Gregory Davis,Gregory,Davis,,1997-06-24,dthompson@example.com,472-527-6439x1172,email
PTY004609,organization,"Summers, Nguyen and Riley",,,"Summers, Nguyen and Riley",,margaretmarsh@example.net,+1-987-904-8595x9389,app
PTY004610,person,Edward Pugh,Edward,Pugh,,1995-01-29,ygarcia@example.com,001-371-368-7754,email
PTY004611,person,Zachary Adkins,Zachary,Adkins,,1974-08-27,cjackson@example.net,494-997-9161x710,app
PTY004612,organization,Donaldson-Shepard,,,Donaldson-Shepard,,rebeccasmith@example.org,357-330-4523,email
PTY004613,person,James Bates,James,Bates,,1990-04-02,eedwards@example.com,(776)265-4209x86664,sms
PTY004614,person,Scott Simpson,Scott,Simpson,,1948-06-02,parkerjennifer@example.org,602-609-0167,phone
PTY004615,person,Jason Lyons,Jason,Lyons,,1982-10-13,markboyd@example.net,001-724-406-8588x93813,email
PTY004616,person,Lisa King,Lisa,King,,1953-03-23,scott02@example.org,+1-377-202-5383x69779,phone
PTY004617,person,Carla Peck,Carla,Peck,,1985-09-25,melissasmith@example.net,(795)482-5174x9145,mail
PTY004618,organization,Lee-Evans,,,Lee-Evans,,cookjessica@example.net,919-952-3613,sms
PTY004619,organization,Allen-White,,,Allen-White,,mary12@example.com,368.358.6433,app
PTY004620,person,Joseph Brooks,Joseph,Brooks,,1992-04-30,barbarathomas@example.net,2778083954,app
PTY004621,person,John Davis,John,Davis,,1942-09-06,julie45@example.net,483-303-8606x551,mail
PTY004622,person,David Blevins,David,Blevins,,1976-08-15,brian66@example.com,690.549.0782,phone
PTY004623,person,James Ponce,James,Ponce,,1949-03-19,bsmith@example.net,402.658.3668,mail
PTY004624,person,Brian Hahn,Brian,Hahn,,2000-06-12,joannamccoy@example.com,001-966-911-7495x3876,mail
PTY004625,person,Crystal Turner,Crystal,Turner,,1954-10-18,christophermartin@example.com,456.608.0079x3762,email
PTY004626,person,David Gaines,David,Gaines,,1945-08-21,simonkimberly@example.org,907-485-3733x50206,phone
PTY004627,person,Martha Santiago,Martha,Santiago,,1993-11-17,samantharice@example.com,(996)976-7149x83864,app
PTY004628,person,Jasmin Rowe,Jasmin,Rowe,,1954-01-18,richardashley@example.com,(276)402-4912x469,phone
PTY004629,person,Michael Stanley,Michael,Stanley,,1992-11-30,hamiltonkevin@example.org,574-289-0901,sms
PTY004630,person,Felicia Boyle,Felicia,Boyle,,1973-08-28,samanthamartin@example.org,(571)446-7031x28691,phone
PTY004631,person,David Reilly,David,Reilly,,1990-08-14,melissa52@example.net,943.786.3222x17050,phone
PTY004632,person,Steven Tran,Steven,Tran,,1958-11-15,pmorrow@example.net,712-564-2887x970,sms
PTY004633,person,Douglas Rowe,Douglas,Rowe,,1993-03-02,mperry@example.org,868-461-8147,email
PTY004634,person,Derek Miller,Derek,Miller,,1992-09-07,gnunez@example.net,001-852-966-5330,email
PTY004635,organization,Wise-Harvey,,,Wise-Harvey,,rebecca47@example.net,356-882-5427x71855,email
PTY004636,person,Amanda Owens,Amanda,Owens,,1973-10-30,smithlindsay@example.com,+1-845-964-8035,sms
PTY004637,person,Joanna Wilson,Joanna,Wilson,,1964-03-28,dmitchell@example.com,+1-873-342-2253,phone
PTY004638,organization,"Moreno, Brandt and Mack",,,"Moreno, Brandt and Mack",,kingjeremy@example.net,001-902-306-8183x69124,sms
PTY004639,person,Elizabeth Hines,Elizabeth,Hines,,1955-04-29,qvazquez@example.net,2026432405,email
PTY004640,person,Barbara Garcia,Barbara,Garcia,,1994-07-11,bradyamy@example.org,+1-481-837-9724x1742,phone
PTY004641,person,Stephanie Koch,Stephanie,Koch,,1957-11-29,daniel01@example.org,(311)633-4078,phone
PTY004642,person,Sheri Jordan,Sheri,Jordan,,1992-10-02,fwright@example.com,001-734-987-5535,sms
PTY004643,person,Amber West,Amber,West,,1987-11-19,psanchez@example.net,(564)829-7422x44175,sms
PTY004644,organization,Owens-Robinson,,,Owens-Robinson,,mercedeswalton@example.org,835.981.0790x2475,phone
PTY004645,person,Megan Burton,Megan,Burton,,1941-01-30,esawyer@example.org,(614)474-5501,phone
PTY004646,person,Jamie Hill,Jamie,Hill,,1971-01-30,davidadams@example.com,+1-875-243-1706x78367,phone
PTY004647,person,Erin Armstrong,Erin,Armstrong,,1976-02-03,uandrews@example.org,001-586-330-8253x90054,email
PTY004648,person,Nicholas Short,Nicholas,Short,,1970-12-26,adamsjoseph@example.net,(822)640-6660,phone
PTY004649,person,Brady Bennett,Brady,Bennett,,1966-10-12,stevenspencer@example.net,(263)980-0331x37587,email
PTY004650,person,Shaun Wallace,Shaun,Wallace,,1985-12-11,amber13@example.net,+1-512-897-8552x96489,phone
PTY004651,person,Veronica Golden,Veronica,Golden,,1948-06-17,briannamorris@example.org,905-841-6255x8081,mail
PTY004652,person,Carla Woods,Carla,Woods,,1986-09-06,karinaferguson@example.com,001-736-405-1103x53583,sms
PTY004653,person,Marcus Brown,Marcus,Brown,,1942-06-28,hlee@example.org,001-509-786-3316x65937,phone
PTY004654,organization,Davis and Sons,,,Davis and Sons,,smithcody@example.net,587-630-1924x41892,app
PTY004655,person,Amanda Hernandez,Amanda,Hernandez,,1960-11-11,pmiller@example.com,001-915-315-2854x895,email
PTY004656,person,Christopher Mata,Christopher,Mata,,2003-04-09,mschultz@example.org,(513)686-8611,phone
PTY004657,person,Jennifer Porter,Jennifer,Porter,,1962-07-10,joyhayden@example.org,(990)642-4082,phone
PTY004658,person,Patrick Carr,Patrick,Carr,,1949-01-06,tshort@example.org,873.409.0090,app
PTY004659,person,Christine Cisneros,Christine,Cisneros,,1995-02-25,callahanjeremy@example.org,910-540-6331x476,sms
PTY004660,person,Andrew Le,Andrew,Le,,1947-10-08,ycarter@example.org,+1-815-585-3089x674,app
PTY004661,person,Chris Avery,Chris,Avery,,1979-11-10,matthew23@example.net,(621)390-3616x54384,phone
PTY004662,person,Susan Anderson,Susan,Anderson,,1956-01-13,deannaholland@example.org,876.534.5962,app
PTY004663,organization,York-Fletcher,,,York-Fletcher,,marvinmartinez@example.net,(877)248-0766,phone
PTY004664,organization,"Goodwin, Riddle and Walter",,,"Goodwin, Riddle and Walter",,jennifer92@example.net,+1-554-449-5176x4249,sms
PTY004665,person,Timothy Tran,Timothy,Tran,,1976-11-11,abarnes@example.org,+1-559-348-2706x90871,sms
PTY004666,person,Julia Murray,Julia,Murray,,2002-06-10,william02@example.org,920.864.6028x83685,email
PTY004667,person,Benjamin Davis,Benjamin,Davis,,1996-06-02,scottchristine@example.net,001-688-518-6967x50446,phone
PTY004668,organization,"Williams, Crawford and Dougherty",,,"Williams, Crawford and Dougherty",,dbates@example.org,+1-727-539-8099,app
PTY004669,person,Timothy Parker,Timothy,Parker,,1989-03-17,bhanson@example.com,001-251-705-8378x49860,phone
PTY004670,person,Nancy Evans,Nancy,Evans,,1965-03-11,morenoryan@example.net,+1-705-250-7788x439,mail
PTY004671,organization,"Molina, Obrien and Randolph",,,"Molina, Obrien and Randolph",,patelkeith@example.net,001-283-750-2652x879,email
PTY004672,person,Tina West,Tina,West,,1941-01-13,fcurry@example.net,708-681-3057,app
PTY004673,person,Craig Smith,Craig,Smith,,1947-05-16,mmays@example.com,(713)392-3816,app
PTY004674,person,Jonathon Anderson,Jonathon,Anderson,,1957-10-18,dylanhill@example.org,+1-792-484-0645x3384,mail
PTY004675,organization,Cole-Rivers,,,Cole-Rivers,,daniel73@example.com,718.382.8533x231,mail
PTY004676,person,Eric Madden,Eric,Madden,,1963-02-21,lindsey87@example.net,+1-397-608-7467x40906,sms
PTY004677,person,Jay Cameron,Jay,Cameron,,1966-07-19,marymcneil@example.org,+1-423-621-1150,app
PTY004678,person,Erin Kane,Erin,Kane,,1969-04-06,reidkenneth@example.com,655.757.8841,mail
PTY004679,person,Lisa Tate,Lisa,Tate,,1990-05-19,pmitchell@example.com,(687)985-7671x634,sms
PTY004680,organization,Hart-West,,,Hart-West,,christophersherman@example.net,657.953.0453x707,mail
PTY004681,organization,Lewis LLC,,,Lewis LLC,,sarahjenkins@example.org,(919)728-2793x07504,email
PTY004682,person,Steven Brown,Steven,Brown,,1979-03-06,ztorres@example.org,517-345-0115x959,phone
PTY004683,person,Michelle Watson,Michelle,Watson,,2002-02-20,larsonscott@example.org,(844)478-5894x4397,mail
PTY004684,person,Michelle Paul,Michelle,Paul,,1989-06-24,robertsonmegan@example.net,748.354.2084x8139,mail
PTY004685,person,Rachel Smith,Rachel,Smith,,1974-02-04,hperez@example.com,001-662-262-3924x1513,sms
PTY004686,person,Christopher Hill,Christopher,Hill,,1986-01-26,igreen@example.com,001-941-589-5081x6487,mail
PTY004687,organization,"Alvarez, Hoffman and James",,,"Alvarez, Hoffman and James",,hayesjared@example.net,+1-352-952-7470x4657,phone
PTY004688,person,Jeffrey Jefferson,Jeffrey,Jefferson,,1984-01-26,oherring@example.net,857-287-2930,sms
PTY004689,organization,"Flynn, Duncan and Peters",,,"Flynn, Duncan and Peters",,austinandre@example.org,929.263.5532x58788,email
PTY004690,person,Rachel Taylor,Rachel,Taylor,,1945-04-06,pameladavid@example.com,(241)961-6694x59483,email
PTY004691,person,Joshua Lewis,Joshua,Lewis,,1980-09-04,vaughngloria@example.com,001-822-389-7434x762,mail
PTY004692,organization,Lester Ltd,,,Lester Ltd,,uwilson@example.org,+1-460-683-8921x662,sms
PTY004693,person,Charles Hendricks,Charles,Hendricks,,1965-12-19,mmeadows@example.net,+1-468-805-6106x21756,app
PTY004694,person,Carol Hernandez,Carol,Hernandez,,1955-11-27,jessicasanchez@example.org,267-667-7379x8890,mail
PTY004695,organization,"Brewer, Palmer and Ramirez",,,"Brewer, Palmer and Ramirez",,david96@example.net,+1-713-622-1249,app
PTY004696,person,James Chambers,James,Chambers,,1980-05-30,lopezmatthew@example.com,744-438-0515,mail
PTY004697,person,Shane Black,Shane,Black,,1994-04-24,kathleenbrown@example.com,001-566-450-4638x282,mail
PTY004698,person,Robert Herrera,Robert,Herrera,,1978-01-08,smyers@example.org,(227)517-7674x662,mail
PTY004699,person,Matthew Vaughn,Matthew,Vaughn,,1944-11-26,joshua69@example.com,+1-895-450-0479,mail
PTY004700,person,Riley Diaz,Riley,Diaz,,1976-08-24,orussell@example.com,+1-282-996-8981x9281,sms
PTY004701,person,Michelle Freeman,Michelle,Freeman,,1967-09-18,ninarivers@example.com,388-368-0226x34714,email
PTY004702,person,Donna Foster,Donna,Foster,,1946-02-17,lwallace@example.com,9182357841,mail
PTY004703,person,Jessica Ryan,Jessica,Ryan,,1944-12-05,greenalan@example.com,(880)846-9575x552,sms
PTY004704,person,Ryan Scott,Ryan,Scott,,1945-05-08,monique57@example.org,001-599-319-0798x45174,sms
PTY004705,person,Katherine Steele,Katherine,Steele,,1957-11-26,floydbrittany@example.com,001-739-344-5322x17841,sms
PTY004706,organization,"Bentley, Jenkins and Kirk",,,"Bentley, Jenkins and Kirk",,xcopeland@example.net,(631)236-4396x21976,app
PTY004707,organization,Jacobs and Sons,,,Jacobs and Sons,,taylormartinez@example.net,+1-851-742-1454x7816,email
PTY004708,person,Michael Williams,Michael,Williams,,1967-07-06,benjaminjames@example.net,921-770-0018x894,phone
PTY004709,person,Shannon Hoffman,Shannon,Hoffman,,1951-10-04,huntermary@example.org,816.236.0209x62868,email
PTY004710,person,Sarah Holloway,Sarah,Holloway,,1940-12-17,wbell@example.com,8614851688,sms
PTY004711,person,Brandon Lewis,Brandon,Lewis,,1984-03-04,ypalmer@example.org,+1-958-714-1088x26525,app
PTY004712,person,Diane Le,Diane,Le,,1981-04-29,wallaceemily@example.org,001-644-280-4873,sms
PTY004713,person,Leslie Wiggins,Leslie,Wiggins,,1971-09-19,marshalljeanne@example.com,253.494.6343x152,sms
PTY004714,person,Michael Liu,Michael,Liu,,1944-02-06,teresalawrence@example.org,316-228-1672x79664,sms
PTY004715,person,Mary Williams,Mary,Williams,,1949-10-30,jeannelson@example.net,(207)231-0837,phone
PTY004716,organization,Winters-Simpson,,,Winters-Simpson,,sylvia96@example.com,(984)945-4064,phone
PTY004717,organization,Weaver-Harrison,,,Weaver-Harrison,,lewisjessica@example.net,548.719.5000x15969,sms
PTY004718,person,Joseph Willis,Joseph,Willis,,1979-08-04,gregorywilliams@example.net,+1-499-536-5955,sms
PTY004719,person,Nicholas Jackson,Nicholas,Jackson,,1989-03-20,stacey77@example.org,378-999-3703x87262,sms
PTY004720,person,William Conrad,William,Conrad,,1981-11-10,emilynewton@example.com,887-294-7693x2572,mail
PTY004721,organization,Mosley-Waters,,,Mosley-Waters,,webermichael@example.org,001-728-403-9098x80253,email
PTY004722,person,John Parker,John,Parker,,1978-05-02,scott12@example.com,297-778-7268x5655,app
PTY004723,person,Haley Stone,Haley,Stone,,1956-11-02,evanskenneth@example.net,224-764-5220x3948,mail
PTY004724,person,Rebecca Wright,Rebecca,Wright,,1990-07-08,curtissnow@example.net,(543)778-2625x945,phone
PTY004725,person,Misty Davis,Misty,Davis,,1981-10-18,stephen95@example.com,(276)702-4401x1432,mail
PTY004726,person,Jessica Nelson,Jessica,Nelson,,1975-09-03,blackburnpatricia@example.org,778-287-8441,app
PTY004727,organization,Morales-Rodgers,,,Morales-Rodgers,,angelaellison@example.net,9747852986,app
PTY004728,person,Matthew Thomas,Matthew,Thomas,,1987-08-25,melissajackson@example.com,001-520-681-7275x5258,mail
PTY004729,person,Gerald Duncan,Gerald,Duncan,,1953-02-24,staceycarter@example.net,812-913-9511,email
PTY004730,person,James Green,James,Green,,1986-01-18,ljordan@example.net,+1-520-621-5442x3899,phone
PTY004731,person,Tricia Wallace,Tricia,Wallace,,1977-06-01,margaret74@example.org,(478)906-2092,mail
PTY004732,person,Matthew Cox,Matthew,Cox,,1983-02-13,jessica52@example.org,8455142469,mail
PTY004733,person,Timothy Johnson,Timothy,Johnson,,1996-02-14,fnelson@example.org,395-968-8191x112,app
PTY004734,person,Madeline Adams,Madeline,Adams,,1950-08-03,hjensen@example.org,001-317-523-4660x38090,sms
PTY004735,person,Melinda Simpson,Melinda,Simpson,,1976-03-31,zlamb@example.org,447.992.1903,app
PTY004736,person,Kimberly Wilson,Kimberly,Wilson,,1998-06-17,huntpaul@example.com,001-371-248-9815x320,sms
PTY004737,person,Holly Shelton,Holly,Shelton,,1993-06-17,nancy83@example.org,8626128891,mail
PTY004738,person,Barry Duncan,Barry,Duncan,,1966-04-13,juliacook@example.net,8882290311,sms
PTY004739,person,Pamela Munoz,Pamela,Munoz,,1980-03-26,powellsamantha@example.com,208-656-2455x53810,mail
PTY004740,person,Eric Compton,Eric,Compton,,1965-05-21,xstewart@example.org,379.672.7545,mail
PTY004741,organization,Smith and Sons,,,Smith and Sons,,katiebender@example.com,(999)792-7466x216,sms
PTY004742,person,Victoria Rivera,Victoria,Rivera,,1971-01-31,gsmith@example.com,+1-891-676-3902,app
PTY004743,person,Arthur Robertson,Arthur,Robertson,,1947-02-24,vanessa58@example.net,9643599631,app
PTY004744,person,Connie Bartlett,Connie,Bartlett,,1981-04-06,jamesbailey@example.net,(909)358-6050x55814,phone
PTY004745,person,Eric Wood,Eric,Wood,,1963-06-23,gpeterson@example.org,001-315-288-4902,sms
PTY004746,organization,Garcia-Wang,,,Garcia-Wang,,georgechelsea@example.net,(693)262-5840,app
PTY004747,organization,"Barton, Harris and Wright",,,"Barton, Harris and Wright",,lharris@example.com,7808828723,app
PTY004748,person,Kendra Norris,Kendra,Norris,,1963-03-01,sbarnes@example.net,662.302.6369x58000,mail
PTY004749,person,Richard Allison,Richard,Allison,,1978-03-29,bryan65@example.net,916-539-9319,mail
PTY004750,person,Sarah Perez,Sarah,Perez,,2000-03-08,phicks@example.net,277.504.2519x9529,app
PTY004751,person,Anthony Callahan,Anthony,Callahan,,2002-05-10,robert45@example.net,741.645.1873x6515,phone
PTY004752,person,Renee Carter,Renee,Carter,,1980-06-10,alexanderbarrera@example.org,548.520.2463,email
PTY004753,person,Henry Brown,Henry,Brown,,1978-04-19,ufleming@example.org,+1-994-711-7371x7845,app
PTY004754,person,Andrea Santos,Andrea,Santos,,1998-05-21,thomas43@example.org,216-747-8961,sms
PTY004755,person,Jacob Simmons,Jacob,Simmons,,1942-02-24,mcampbell@example.org,001-789-298-0907,phone
PTY004756,person,Kevin Young,Kevin,Young,,1955-11-16,diazashley@example.net,+1-588-570-4628x159,app
PTY004757,person,Katie Gray,Katie,Gray,,1974-12-23,brandonsantiago@example.org,001-860-564-1668x1357,email
PTY004758,organization,Chung PLC,,,Chung PLC,,khartman@example.net,683-716-0887,mail
PTY004759,person,Lisa Reed,Lisa,Reed,,1976-04-16,btran@example.org,758.247.7267x95035,phone
PTY004760,person,Dawn Robinson,Dawn,Robinson,,1951-10-06,matthew59@example.com,+1-648-687-6970x42202,email
PTY004761,person,Kristen Alvarado,Kristen,Alvarado,,1982-05-18,jacksonjeffrey@example.com,001-702-440-2418x79878,sms
PTY004762,person,Rebecca Warren,Rebecca,Warren,,1988-04-01,bgrant@example.com,001-714-391-6968x01598,phone
PTY004763,person,Aaron Jones,Aaron,Jones,,1947-08-27,veronica25@example.net,(464)305-1795,app
PTY004764,person,Chelsey Welch,Chelsey,Welch,,1965-08-24,eddie14@example.com,(809)875-9177,mail
PTY004765,person,Lance Barker,Lance,Barker,,1944-03-30,nanderson@example.org,001-925-385-7282x859,sms
PTY004766,organization,Wilson Group,,,Wilson Group,,nathan48@example.com,+1-604-498-7509,email
PTY004767,person,Heather Cruz,Heather,Cruz,,1980-02-10,charleskennedy@example.com,397.971.7593x006,sms
PTY004768,person,Tyler Lucas,Tyler,Lucas,,1997-08-29,kevin51@example.net,+1-370-730-3687x3391,mail
PTY004769,person,Angela King,Angela,King,,1999-05-15,wilsonrebecca@example.org,487-642-2749x935,email
PTY004770,person,Jade Roberts,Jade,Roberts,,1980-10-22,andrew04@example.net,+1-380-474-4880,app
PTY004771,person,Renee Henderson,Renee,Henderson,,1971-04-21,jthompson@example.net,(650)799-4241,mail
PTY004772,person,Hunter Carey,Hunter,Carey,,1980-05-21,scotttammy@example.org,001-704-306-3886x98475,mail
PTY004773,person,William Morgan,William,Morgan,,2004-06-20,brodriguez@example.org,001-954-640-6005x32589,phone
PTY004774,person,Tina Flynn,Tina,Flynn,,2006-12-11,ejones@example.org,(498)935-7739x78341,sms
PTY004775,person,Brett Soto,Brett,Soto,,1960-08-12,thomas30@example.com,910-525-2965,mail
PTY004776,person,Anna Hall,Anna,Hall,,2007-09-05,stacyjones@example.com,001-820-450-4657x8466,app
PTY004777,organization,Garcia-Brown,,,Garcia-Brown,,brandon32@example.com,(737)433-9785x037,sms
PTY004778,organization,Sanchez LLC,,,Sanchez LLC,,colleen20@example.net,(375)701-9334x4365,phone
PTY004779,organization,Moore Group,,,Moore Group,,cynthiaflores@example.net,351.542.3704x85513,mail
PTY004780,person,Natalie Nixon,Natalie,Nixon,,2006-07-14,summersampson@example.com,(211)435-8884x5775,phone
PTY004781,person,Crystal Chavez,Crystal,Chavez,,1964-08-15,osbornebryan@example.org,781-595-0528,phone
PTY004782,person,Jennifer Williams,Jennifer,Williams,,1951-05-04,smithbarbara@example.net,6877798087,email
PTY004783,person,Rick Hill,Rick,Hill,,1983-09-12,seanrodgers@example.net,800.393.0633,app
PTY004784,person,Ruben Moore,Ruben,Moore,,1950-09-06,qdeleon@example.org,001-517-482-7710x501,app
PTY004785,person,Michael Stewart,Michael,Stewart,,1951-01-27,harriserika@example.org,4834393346,app
PTY004786,person,Robert King,Robert,King,,1957-12-03,likatherine@example.org,542.859.1447x3833,mail
PTY004787,person,Thomas Williams,Thomas,Williams,,1969-09-19,jessicablair@example.org,+1-999-356-0524x40847,app
PTY004788,person,Andrew Thomas,Andrew,Thomas,,1963-11-19,igrant@example.com,+1-277-481-1649,email
PTY004789,person,Stephanie Torres,Stephanie,Torres,,1998-06-24,juliaknapp@example.com,(953)767-6307x2872,mail
PTY004790,person,Mary Reid,Mary,Reid,,1947-12-15,emilymontgomery@example.org,933-686-0792,sms
PTY004791,person,Suzanne Zhang,Suzanne,Zhang,,2000-05-01,erikmata@example.org,944-863-9639x26691,app
PTY004792,person,Molly Long,Molly,Long,,2006-07-24,aarontrujillo@example.org,898-944-9679x48471,mail
PTY004793,person,Nathan Hughes,Nathan,Hughes,,1985-12-04,kathryn56@example.com,+1-283-809-8890x8155,phone
PTY004794,organization,"Carter, Ochoa and Lewis",,,"Carter, Ochoa and Lewis",,debra26@example.com,+1-308-859-5514x95722,mail
PTY004795,person,Tracey Fitzgerald,Tracey,Fitzgerald,,1962-10-17,iwilliams@example.com,516.397.7819x767,mail
PTY004796,person,Kevin Davis,Kevin,Davis,,1958-09-23,lnoble@example.com,(605)302-0651x57202,app
PTY004797,person,Melissa Brady,Melissa,Brady,,1993-03-16,bellnicholas@example.com,796.538.5690,mail
PTY004798,person,Nicholas Reed,Nicholas,Reed,,1987-02-26,hwood@example.org,001-301-317-0782,phone
PTY004799,person,Tara Fisher,Tara,Fisher,,1957-01-25,djohnson@example.com,(947)450-7129,sms
PTY004800,organization,Stephens-Payne,,,Stephens-Payne,,sanchezdenise@example.org,475.642.8900x56741,sms
PTY004801,person,Elizabeth Williams,Elizabeth,Williams,,1943-03-31,joseph39@example.org,630.308.6578x7970,phone
PTY004802,person,Katherine Wells,Katherine,Wells,,2005-02-02,clairebaker@example.org,(415)996-6829,mail
PTY004803,organization,Williams Group,,,Williams Group,,jillmontgomery@example.org,207.234.8567x584,email
PTY004804,person,Jennifer Vargas,Jennifer,Vargas,,1958-03-07,scottwest@example.net,(870)785-5316,email
PTY004805,person,Brian Orr,Brian,Orr,,2007-03-15,meagan84@example.com,(311)577-1623x02482,app
PTY004806,person,Hannah White,Hannah,White,,1949-06-12,uthomas@example.net,(375)722-6255x483,mail
PTY004807,person,Nicole Levy,Nicole,Levy,,1989-05-24,ashleyjohnson@example.org,279-768-5145,phone
PTY004808,person,Joseph Santos,Joseph,Santos,,1950-03-28,judy66@example.net,9019563143,phone
PTY004809,organization,Santiago LLC,,,Santiago LLC,,williamwatkins@example.net,3443635852,email
PTY004810,person,Rebecca Martinez,Rebecca,Martinez,,1998-07-17,brianmendoza@example.com,572.497.5333x5657,email
PTY004811,person,Brianna Price,Brianna,Price,,1948-12-24,jessicahunt@example.net,001-945-429-6933x894,mail
PTY004812,person,Susan Willis,Susan,Willis,,1991-06-12,twilliams@example.org,001-779-208-7333x81697,sms
PTY004813,person,Seth Perez,Seth,Perez,,1975-09-02,wbond@example.com,+1-799-413-5466,phone
PTY004814,person,Don Bradley,Don,Bradley,,2004-05-17,rebecca39@example.net,001-968-886-0102x56982,email
PTY004815,person,Kara Duncan,Kara,Duncan,,1998-05-31,sschroeder@example.com,798.296.3277x54055,sms
PTY004816,person,Victoria Stephens,Victoria,Stephens,,1953-11-25,sara40@example.org,(928)299-5544x4792,phone
PTY004817,person,Barbara Archer,Barbara,Archer,,1991-02-17,hboyd@example.org,(511)485-8853,mail
PTY004818,person,Megan Wood,Megan,Wood,,1987-06-29,wwall@example.org,+1-552-356-3080x000,mail
PTY004819,person,Anthony Vance,Anthony,Vance,,1959-04-12,thompsondenise@example.org,9914031280,email
PTY004820,organization,"Zimmerman, Bishop and Farmer",,,"Zimmerman, Bishop and Farmer",,karen46@example.org,(869)564-0763,phone
PTY004821,person,Crystal Dixon,Crystal,Dixon,,1999-09-26,jonathanhiggins@example.com,001-447-906-0780x54071,phone
PTY004822,person,Ashley Rodriguez,Ashley,Rodriguez,,1974-02-07,vthomas@example.net,473.714.5033x15235,sms
PTY004823,person,James White,James,White,,1943-01-21,lopeztyler@example.net,699-239-1900x1128,phone
PTY004824,person,Kimberly Cervantes,Kimberly,Cervantes,,1974-06-07,melissagreen@example.net,467-879-5268x908,app
PTY004825,person,Maria Hunt,Maria,Hunt,,1995-10-16,jose38@example.org,001-319-369-8804,phone
PTY004826,person,Timothy Holloway,Timothy,Holloway,,1984-12-04,wilsonsarah@example.net,697-970-7443,email
PTY004827,organization,"Navarro, Sexton and Thomas",,,"Navarro, Sexton and Thomas",,nleonard@example.net,001-414-255-0564,mail
PTY004828,person,Dennis Adams,Dennis,Adams,,1961-06-09,alexandraleach@example.net,(425)729-2420x904,email
PTY004829,person,Amanda Dawson,Amanda,Dawson,,1960-07-25,gregorygreene@example.org,678.307.7224,sms
PTY004830,person,Samantha Ramirez,Samantha,Ramirez,,1967-11-06,jacobhinton@example.net,+1-945-793-0506,mail
PTY004831,person,Alyssa Stewart,Alyssa,Stewart,,2005-03-13,tracy24@example.net,(859)887-6400,phone
PTY004832,person,Jonathan Austin,Jonathan,Austin,,1948-06-12,qphillips@example.org,001-937-901-4155x1051,email
PTY004833,organization,Harrison-Foley,,,Harrison-Foley,,jmiller@example.org,(887)566-2690x911,phone
PTY004834,person,Katie Hall,Katie,Hall,,1993-03-26,nathanielgonzales@example.com,907.201.3168,email
PTY004835,organization,Wright Ltd,,,Wright Ltd,,jerrycoleman@example.net,386-649-1705x80307,email
PTY004836,person,Nancy Butler,Nancy,Butler,,1948-05-08,harveymichael@example.com,(544)211-1397,sms
PTY004837,person,Rhonda Eaton,Rhonda,Eaton,,1955-02-13,aguirremike@example.org,001-968-814-6910,email
PTY004838,organization,Young-Meza,,,Young-Meza,,richardclark@example.com,(743)382-2442,email
PTY004839,person,Tara Brooks,Tara,Brooks,,1977-11-20,cody24@example.org,+1-375-526-0665x431,mail
PTY004840,person,Danielle Wise,Danielle,Wise,,1983-01-29,cnielsen@example.com,501-594-2285x2204,phone
PTY004841,person,Jean Walsh,Jean,Walsh,,1967-02-09,jessebender@example.org,878-727-7345x734,phone
PTY004842,person,Dustin Reynolds,Dustin,Reynolds,,1991-02-26,christine88@example.org,719-591-7737x66062,email
PTY004843,person,Kimberly Henry,Kimberly,Henry,,1960-03-06,shannon44@example.org,(639)266-0860x489,mail
PTY004844,person,Dana Hansen,Dana,Hansen,,1946-09-12,kimberly68@example.com,368.594.5618,email
PTY004845,person,Justin Chandler,Justin,Chandler,,1989-03-03,cummingsmorgan@example.com,503-910-9388x82956,phone
PTY004846,person,Christina Kennedy,Christina,Kennedy,,1991-07-27,ffischer@example.net,001-588-301-9622,phone
PTY004847,person,Joseph Spence,Joseph,Spence,,1947-09-18,cooleymckenzie@example.org,434-704-4440x72111,phone
PTY004848,person,Brenda Stafford,Brenda,Stafford,,1967-10-01,xdalton@example.net,(561)813-9353x019,email
PTY004849,person,Sabrina Robinson,Sabrina,Robinson,,1980-02-17,brittany57@example.com,697.376.1276x51492,app
PTY004850,person,Adrian Pham,Adrian,Pham,,1968-08-03,smithjoseph@example.net,336-262-0666,sms
PTY004851,person,Meghan Sherman,Meghan,Sherman,,1946-03-14,haynesjoshua@example.org,+1-888-293-4773x10110,app
PTY004852,person,Aaron Smith,Aaron,Smith,,2007-12-20,breanna37@example.org,(412)445-5519x5132,app
PTY004853,person,Robert Hays,Robert,Hays,,1963-05-17,guzmanamber@example.org,605.969.4904x5788,app
PTY004854,person,David Mccoy,David,Mccoy,,1964-10-08,thompsonbrandon@example.net,(715)882-8436x568,mail
PTY004855,person,Christine Hoover,Christine,Hoover,,1958-03-08,kimberly02@example.com,791.617.4561x85120,phone
PTY004856,person,Benjamin Romero,Benjamin,Romero,,1993-07-05,michael76@example.net,(254)913-2146,email
PTY004857,person,Thomas Mathis,Thomas,Mathis,,1945-11-19,james93@example.net,(978)647-6505x476,sms
PTY004858,person,Laurie Pearson,Laurie,Pearson,,1955-04-04,sanchezlauren@example.com,282.736.2784x2374,email
PTY004859,person,Crystal Wells,Crystal,Wells,,2008-03-17,buchananmichael@example.net,322.683.6138,sms
PTY004860,person,Ian Shelton,Ian,Shelton,,1944-05-11,amysandoval@example.org,+1-640-436-2756x29522,mail
PTY004861,person,Carla Thomas,Carla,Thomas,,1971-12-13,janet20@example.net,(560)375-9817,mail
PTY004862,person,Katie Kim,Katie,Kim,,2001-01-05,dawsondavid@example.net,9363036082,email
PTY004863,person,Michael Page,Michael,Page,,1989-04-25,heidi49@example.net,855.528.1093x1993,app
PTY004864,person,Michael Lopez,Michael,Lopez,,1947-01-27,johnponce@example.net,001-862-268-5038x5044,email
PTY004865,person,Daniel Miller,Daniel,Miller,,1985-09-24,dylanbrown@example.org,521-399-8939x6073,phone
PTY004866,person,Isaac Barnes,Isaac,Barnes,,1990-10-20,qjones@example.org,5626140249,sms
PTY004867,organization,"Martinez, Sexton and Wilcox",,,"Martinez, Sexton and Wilcox",,sandovalluke@example.org,912.884.1527,mail
PTY004868,person,Michael Byrd,Michael,Byrd,,1995-10-21,stacyward@example.org,425-847-5957x624,app
PTY004869,organization,"Garcia, Mccall and Murphy",,,"Garcia, Mccall and Murphy",,zacharywallace@example.org,(224)558-5224x31672,phone
PTY004870,person,Jennifer Black,Jennifer,Black,,1975-12-16,hannah61@example.net,6862226591,email
PTY004871,organization,"Perry, Kim and Monroe",,,"Perry, Kim and Monroe",,markjohnson@example.com,862-497-5593x38419,sms
PTY004872,person,Daniel Franklin,Daniel,Franklin,,1964-03-31,morgancrystal@example.net,001-938-584-6975x384,phone
PTY004873,person,Paul Peterson,Paul,Peterson,,1996-05-06,troyjordan@example.org,731-276-1586,phone
PTY004874,person,Pamela Zimmerman,Pamela,Zimmerman,,1975-01-23,jbrown@example.com,(684)701-0676,mail
PTY004875,person,Donna Johnson,Donna,Johnson,,1969-09-02,fitzpatrickfrank@example.org,001-218-773-2856x580,sms
PTY004876,person,Kimberly Burton,Kimberly,Burton,,1975-08-08,baileyjeffrey@example.com,703-624-0307x03088,app
PTY004877,organization,"Bowman, Hall and Booth",,,"Bowman, Hall and Booth",,kathleen98@example.org,001-776-638-9560x89736,mail
PTY004878,person,Sarah Alexander,Sarah,Alexander,,1968-11-05,millerchristopher@example.org,+1-743-999-0163,app
PTY004879,person,Michael Scott,Michael,Scott,,1942-01-28,duarteleslie@example.org,3957840344,app
PTY004880,organization,"Owen, Koch and Smith",,,"Owen, Koch and Smith",,nmurray@example.com,2357449253,email
PTY004881,person,Kristin Fitzgerald,Kristin,Fitzgerald,,1999-04-10,leemicheal@example.org,+1-864-200-8938x75598,email
PTY004882,organization,Becker-Coleman,,,Becker-Coleman,,james67@example.org,375.902.7873x62184,email
PTY004883,person,Stephen Vincent,Stephen,Vincent,,1963-05-11,marie48@example.net,001-911-666-1734,phone
PTY004884,person,Gregory Shaffer,Gregory,Shaffer,,1980-03-06,robertscorey@example.org,+1-797-207-1020x23492,phone
PTY004885,organization,"Church, Powell and Dunn",,,"Church, Powell and Dunn",,mariahall@example.net,(228)298-1899x93284,email
PTY004886,person,Loretta Hunt,Loretta,Hunt,,1950-02-24,ochase@example.net,213.424.1910,phone
PTY004887,person,David Reed,David,Reed,,1987-10-10,butlerjason@example.net,353-542-1055x891,mail
PTY004888,person,David Lester,David,Lester,,2000-04-20,brianjennings@example.org,001-270-934-4184x40438,phone
PTY004889,person,Peggy Dyer,Peggy,Dyer,,1965-02-21,susan05@example.net,001-955-486-4452x64650,mail
PTY004890,person,Katherine Clark,Katherine,Clark,,1995-12-21,nancyrodriguez@example.org,+1-362-688-4483x5753,email
PTY004891,person,Angela Guerra,Angela,Guerra,,1995-08-09,foxbrent@example.org,(423)233-2961x9300,app
PTY004892,person,Sean Smith,Sean,Smith,,1998-05-28,sean95@example.net,500.281.7441x17072,sms
PTY004893,person,Victoria Robbins,Victoria,Robbins,,1977-08-03,matthewsbrittney@example.net,235.484.3417x65036,sms
PTY004894,person,Carol Munoz,Carol,Munoz,,1942-02-27,emily27@example.org,+1-481-809-8446x524,email
PTY004895,organization,Taylor-Ramirez,,,Taylor-Ramirez,,parkerpaul@example.org,(552)795-6910,mail
PTY004896,person,Ernest Sharp,Ernest,Sharp,,1986-01-27,richardsonkelly@example.net,001-595-481-8501x208,email
PTY004897,person,Corey Jones,Corey,Jones,,2002-03-21,josephsmith@example.org,(354)918-3842x9363,sms
PTY004898,person,Elizabeth Wong,Elizabeth,Wong,,2007-05-29,bradleyjeff@example.org,811-910-9498x9905,phone
PTY004899,person,Carrie Mcgee,Carrie,Mcgee,,1978-01-09,william64@example.net,+1-307-896-1840x421,app
PTY004900,person,Jennifer Robinson,Jennifer,Robinson,,1985-09-30,martinezraymond@example.org,939-633-7361,phone
PTY004901,person,Jose Patel,Jose,Patel,,1981-10-15,nathanconway@example.com,+1-848-653-1241x7591,app
PTY004902,person,Rebecca Mata,Rebecca,Mata,,1978-11-24,sfowler@example.com,001-640-901-4913x370,app
PTY004903,person,Sara Charles,Sara,Charles,,2007-08-10,morgansteven@example.com,857-643-5513,phone
PTY004904,person,Kristin Allen,Kristin,Allen,,1941-10-30,novakpatrick@example.net,+1-645-429-6724x34701,email
PTY004905,person,Shannon Garcia,Shannon,Garcia,,1944-02-18,juliajensen@example.com,628-590-6690x4636,mail
PTY004906,person,Bryan Nelson,Bryan,Nelson,,1982-08-12,mgallagher@example.com,+1-397-471-5760x6700,phone
PTY004907,person,Tammy Pierce,Tammy,Pierce,,1942-03-12,kevinjones@example.net,600-598-2533,phone
PTY004908,person,Ricardo Herman,Ricardo,Herman,,1999-07-13,seth28@example.org,+1-362-636-5956x7997,phone
PTY004909,person,Jeanne Hancock,Jeanne,Hancock,,1993-12-18,uhunt@example.com,549.545.2882x508,phone
PTY004910,organization,"Bowen, Marshall and Williams",,,"Bowen, Marshall and Williams",,frederickowens@example.org,(958)479-7729x898,app
PTY004911,person,Matthew Aguilar,Matthew,Aguilar,,2002-06-05,lindsaypark@example.com,(786)539-8405x53728,phone
PTY004912,organization,"Allen, Jones and Lewis",,,"Allen, Jones and Lewis",,sancheztoni@example.com,3735771506,email
PTY004913,person,Deborah Williams,Deborah,Williams,,1966-10-15,candice02@example.net,307.833.8304x04794,mail
PTY004914,person,Stephanie Moore,Stephanie,Moore,,1968-06-10,frank93@example.net,435.775.7445,phone
PTY004915,person,Denise Chavez,Denise,Chavez,,1958-12-18,jeffreymoody@example.org,5437934530,phone
PTY004916,person,Cristian Ramirez,Cristian,Ramirez,,2003-09-03,dmills@example.net,539-550-3854,phone
PTY004917,organization,Long-Nielsen,,,Long-Nielsen,,bishopjohn@example.net,7968672162,phone
PTY004918,person,Stephanie Michael,Stephanie,Michael,,1971-02-14,jason75@example.net,(708)408-6105x726,sms
PTY004919,organization,"Orr, Golden and Scott",,,"Orr, Golden and Scott",,nguyenrandall@example.com,891.805.1065,mail
PTY004920,person,Sandra Gaines,Sandra,Gaines,,1970-08-09,alejandrabridges@example.net,(526)355-9993,sms
PTY004921,person,Mary Salazar,Mary,Salazar,,1983-02-14,davidbuchanan@example.com,(430)505-1665,email
PTY004922,person,Sarah Morton,Sarah,Morton,,1945-04-28,nicholas74@example.net,+1-681-564-8462x431,mail
PTY004923,person,Martin Smith,Martin,Smith,,1957-11-12,jonesjoshua@example.org,(295)741-2809x493,phone
PTY004924,person,Erica Flores,Erica,Flores,,1959-07-07,santosbrittany@example.com,548.704.1145x753,mail
PTY004925,person,Emily Howard,Emily,Howard,,1971-09-03,kim06@example.com,708.731.2465x30722,app
PTY004926,organization,Jones Group,,,Jones Group,,sabrinahall@example.com,+1-689-375-5596,mail
PTY004927,person,Jacob Bradley,Jacob,Bradley,,1949-07-18,lrogers@example.net,+1-790-485-6920x283,mail
PTY004928,person,Kathy Hayes,Kathy,Hayes,,1996-03-15,yparsons@example.com,731.358.4171x4796,mail
PTY004929,person,Carla Dennis,Carla,Dennis,,1981-04-04,owensjennifer@example.org,(820)935-0836x860,email
PTY004930,person,Shelley Rose,Shelley,Rose,,1961-10-25,hgreen@example.org,(489)227-0069x821,app
PTY004931,organization,Moses LLC,,,Moses LLC,,anthony62@example.com,+1-764-349-9815,phone
PTY004932,organization,"Horn, Olson and Sanchez",,,"Horn, Olson and Sanchez",,thomaschristie@example.org,(606)834-8323,phone
PTY004933,person,James Zuniga,James,Zuniga,,1965-08-06,craiggrant@example.com,541.671.4485x9071,mail
PTY004934,person,Mathew Long,Mathew,Long,,1959-11-06,angela16@example.org,384-738-8933x044,sms
PTY004935,person,Mary Rodriguez,Mary,Rodriguez,,1997-11-01,jasonwalsh@example.net,+1-967-239-7960x0860,sms
PTY004936,person,Kelly Perkins,Kelly,Perkins,,1943-02-26,jareddoyle@example.net,(931)325-1776x9836,app
PTY004937,organization,Ray PLC,,,Ray PLC,,melissa08@example.com,624-401-2827x315,mail
PTY004938,person,Christopher Anderson,Christopher,Anderson,,1975-10-11,uwilliams@example.com,3246452098,sms
PTY004939,person,Zachary Tran,Zachary,Tran,,2001-02-04,kenneth05@example.net,2097851685,mail
PTY004940,person,Dillon Roy,Dillon,Roy,,1957-05-05,victoria10@example.com,972.608.8225,phone
PTY004941,person,Pedro Edwards,Pedro,Edwards,,1996-06-23,danielle80@example.com,244.968.0234,email
PTY004942,person,Andrew Jenkins,Andrew,Jenkins,,2006-09-18,ibrandt@example.net,(901)288-0381x45909,app
PTY004943,person,Steve Fox,Steve,Fox,,1960-08-01,phillipskelly@example.org,916-249-6494,mail
PTY004944,person,Carol Higgins,Carol,Higgins,,1979-11-22,xmorris@example.net,3007807350,mail
PTY004945,person,Diana Robinson,Diana,Robinson,,1976-08-23,donald81@example.com,+1-297-983-9090,sms
PTY004946,person,Danny Johnson,Danny,Johnson,,1981-08-12,thompsonjessica@example.org,+1-513-932-7809x11914,mail
PTY004947,person,Tracy Olsen,Tracy,Olsen,,1995-11-13,meghan67@example.org,+1-249-655-6821x069,app
PTY004948,person,Nicole Johnson,Nicole,Johnson,,1977-09-26,nmayo@example.net,(596)562-3546x795,mail
PTY004949,person,Scott Wheeler,Scott,Wheeler,,1990-11-13,rosecruz@example.org,(288)455-2980,email
PTY004950,person,Pamela Olsen,Pamela,Olsen,,1995-08-07,ebrown@example.org,(358)304-8495,app
PTY004951,person,Aaron Diaz,Aaron,Diaz,,1967-07-18,zbrandt@example.org,001-887-584-1856x788,phone
PTY004952,person,Grant Rodriguez,Grant,Rodriguez,,1952-02-16,brendafisher@example.net,324.644.3807x7442,sms
PTY004953,person,Carla Ochoa,Carla,Ochoa,,1999-10-25,goodemily@example.net,776-544-1507x958,app
PTY004954,person,Drew Donaldson,Drew,Donaldson,,1966-12-29,michaelthompson@example.net,816.594.4424x9879,sms
PTY004955,person,Mark Holmes,Mark,Holmes,,1966-10-26,garciarachael@example.net,551-930-2999x030,mail
PTY004956,person,Dennis Bean,Dennis,Bean,,1965-07-14,wsalas@example.org,(875)821-4974x210,phone
PTY004957,person,Joshua Mcdonald,Joshua,Mcdonald,,1956-08-22,cguerra@example.com,(706)494-2022x2588,mail
PTY004958,person,Colleen Mcgrath,Colleen,Mcgrath,,1959-06-07,bennettjustin@example.com,001-984-874-0180,sms
PTY004959,person,Abigail Wilson,Abigail,Wilson,,1956-04-23,steelecasey@example.org,556.814.9492,phone
PTY004960,person,David Kemp,David,Kemp,,1985-01-16,ystevens@example.com,973.413.3411x702,app
PTY004961,person,Ariana Singh,Ariana,Singh,,1963-05-08,ashley32@example.net,368.471.7750x24839,phone
PTY004962,person,Benjamin Ross,Benjamin,Ross,,1945-11-24,matthew98@example.net,001-728-337-7522x3565,phone
PTY004963,organization,"Stewart, Deleon and Cunningham",,,"Stewart, Deleon and Cunningham",,xschneider@example.net,810-467-5858x834,app
PTY004964,person,Stacey Steele,Stacey,Steele,,1944-03-12,daniel11@example.org,001-768-280-2812x59542,email
PTY004965,person,Joseph Sanchez,Joseph,Sanchez,,1960-10-01,rogermartinez@example.com,714.589.0804x9479,email
PTY004966,person,Kenneth Kirk,Kenneth,Kirk,,1944-05-17,matthew23@example.com,001-292-438-2205x0258,mail
PTY004967,organization,"Townsend, Baker and Goodman",,,"Townsend, Baker and Goodman",,priscillabauer@example.com,878.394.0986,email
PTY004968,organization,"Nichols, Hughes and Steele",,,"Nichols, Hughes and Steele",,qharrington@example.com,(459)935-2385x71212,phone
PTY004969,person,Nicole Wilson,Nicole,Wilson,,1947-07-13,debbieperez@example.com,437.939.3250x192,phone
PTY004970,person,Donna Davis,Donna,Davis,,1979-10-27,ehuang@example.net,001-403-210-5371x8098,sms
PTY004971,person,Nancy Dougherty,Nancy,Dougherty,,2007-10-12,dianebentley@example.net,753.412.8479x4331,app
PTY004972,organization,Sullivan LLC,,,Sullivan LLC,,jessica50@example.net,942.717.8783x005,mail
PTY004973,organization,Ballard Group,,,Ballard Group,,sara83@example.com,292-989-6681x0630,sms
PTY004974,person,Linda Frazier,Linda,Frazier,,1951-11-18,hansengeorge@example.com,001-853-653-8218x108,email
PTY004975,person,Tina Williamson,Tina,Williamson,,1959-04-05,gregholloway@example.com,993-954-9410x9758,app
PTY004976,person,Elizabeth Aguirre,Elizabeth,Aguirre,,1987-09-12,hrios@example.com,001-560-787-0999,phone
PTY004977,person,Joseph Martin,Joseph,Martin,,2002-04-20,mwoodard@example.org,877-807-7230,phone
PTY004978,person,Beverly Rodriguez,Beverly,Rodriguez,,2006-02-02,benjaminrodriguez@example.net,857-331-4305,sms
PTY004979,person,Paul Beasley,Paul,Beasley,,1942-07-08,evelyn35@example.org,001-483-486-0400x81982,phone
PTY004980,person,Amy Sanchez,Amy,Sanchez,,1996-10-10,smithleslie@example.com,424-658-1972x3961,email
PTY004981,person,Garrett Waters,Garrett,Waters,,1984-08-24,samuelross@example.org,666.705.3894,email
PTY004982,person,Gabriel Faulkner,Gabriel,Faulkner,,1982-06-30,fowlermichelle@example.net,001-613-723-7153x57953,app
PTY004983,person,Denise Diaz,Denise,Diaz,,1995-03-19,amyrodriguez@example.com,001-515-847-3653x193,sms
PTY004984,person,Nicholas Thomas,Nicholas,Thomas,,1940-10-19,luisnelson@example.org,(480)454-3913,phone
PTY004985,person,Mike Cook,Mike,Cook,,1992-06-23,osborncristian@example.org,854-478-3643x7482,sms
PTY004986,person,Javier Yates,Javier,Yates,,1985-06-13,gmclean@example.net,001-289-618-6359x1247,phone
PTY004987,person,Jessica Davis,Jessica,Davis,,1950-08-08,linda02@example.net,340-699-1492,mail
PTY004988,person,Christopher Kim,Christopher,Kim,,1942-04-12,guzmankristina@example.com,802-524-8064x2048,app
PTY004989,person,Jared Jackson,Jared,Jackson,,1986-10-27,higginsryan@example.org,001-570-307-3495,mail
PTY004990,organization,Wilson and Sons,,,Wilson and Sons,,fmiller@example.net,(306)347-5661x396,phone
PTY004991,person,Brian Richmond,Brian,Richmond,,1992-08-01,shawn40@example.net,761.684.0614,phone
PTY004992,person,Ryan York,Ryan,York,,1996-09-15,palmertara@example.org,846.650.3207x72615,phone
PTY004993,person,Christina Gregory,Christina,Gregory,,1948-04-03,robin68@example.net,663-688-3486x301,sms
PTY004994,person,Marvin Vaughn,Marvin,Vaughn,,2007-07-12,bensonmichael@example.org,+1-343-512-9543,mail
PTY004995,organization,"Johnson, Allen and White",,,"Johnson, Allen and White",,shannon39@example.org,6674282524,email
PTY004996,person,Nancy Clark,Nancy,Clark,,1986-01-22,santosjared@example.com,634.721.7697x9709,email
PTY004997,person,Gabriel Frederick,Gabriel,Frederick,,1942-09-27,ashley79@example.net,+1-584-255-4273x05816,email
PTY004998,person,William Jones,William,Jones,,1976-02-18,gregorymills@example.com,001-957-826-7687,email
PTY004999,person,Stephanie Peterson,Stephanie,Peterson,,1946-11-21,deannaknight@example.com,(788)524-6358,email
PTY005000,person,Duane Brown,Duane,Brown,,1978-07-27,stephanie65@example.com,(780)317-8292x6889,email
PTY005001,organization,Reed-Garcia,,,Reed-Garcia,,crivera@example.net,001-781-569-1723x14041,phone
PTY005002,person,Michael Andrade,Michael,Andrade,,1947-07-01,terrywhite@example.net,001-520-705-8209,mail
PTY005003,person,Shannon Koch,Shannon,Koch,,1960-02-10,ricejustin@example.com,001-250-671-4158,email
PTY005004,person,Robert Gibson,Robert,Gibson,,1945-12-24,arnoldlinda@example.org,384.835.9790x35651,sms
PTY005005,person,Melinda Guzman,Melinda,Guzman,,1969-06-13,snydertroy@example.net,001-240-731-0595x325,app
PTY005006,person,Alejandra Baker,Alejandra,Baker,,1950-03-28,jroman@example.com,001-666-882-4947,email
PTY005007,person,Colleen Murphy,Colleen,Murphy,,1970-06-29,qknight@example.com,+1-658-240-3526x2120,app
PTY005008,person,Thomas Parker,Thomas,Parker,,1957-01-28,hartmanluke@example.net,920-840-8063,mail
PTY005009,organization,Jones PLC,,,Jones PLC,,mmccann@example.org,551-632-9311x3718,app
PTY005010,person,Andrea Young,Andrea,Young,,1975-06-26,enewton@example.org,326-677-0794,mail
PTY005011,person,Kendra Mcclain,Kendra,Mcclain,,1952-12-07,amanda31@example.com,668-220-4018x079,sms
PTY005012,organization,"Short, Walsh and Bell",,,"Short, Walsh and Bell",,jeffrey47@example.net,(576)451-3960x131,mail
PTY005013,person,Christopher Tucker,Christopher,Tucker,,1941-07-27,tammycampbell@example.org,612.824.6394x841,sms
PTY005014,person,Sarah Christian,Sarah,Christian,,1962-02-12,thomasmelissa@example.net,(801)846-8977x353,sms
PTY005015,person,Gina Jordan,Gina,Jordan,,2005-06-23,obrown@example.org,(477)659-1107,sms
PTY005016,person,Kristy Lewis,Kristy,Lewis,,1947-12-13,amendoza@example.org,7376756586,mail
PTY005017,organization,Castillo-Fuentes,,,Castillo-Fuentes,,jacob21@example.net,666.745.8071x906,email
PTY005018,person,Steven Brown,Steven,Brown,,2003-01-12,joshuahernandez@example.net,(766)680-5119x472,sms
PTY005019,person,Stacy Ramos,Stacy,Ramos,,1973-07-28,kwilson@example.com,+1-585-831-4000x23767,email
PTY005020,person,Anthony Miller,Anthony,Miller,,1945-05-05,melissacampbell@example.com,+1-423-664-9979x851,mail
PTY005021,person,Richard Reeves,Richard,Reeves,,1951-12-01,michael56@example.net,(831)283-1425,email
PTY005022,organization,Ward Ltd,,,Ward Ltd,,thomaspreston@example.org,+1-718-648-6061x504,email
PTY005023,organization,"Mendoza, Vincent and Lawrence",,,"Mendoza, Vincent and Lawrence",,rojasfernando@example.org,691.340.9646x64249,sms
PTY005024,person,Amy Castaneda,Amy,Castaneda,,1973-02-16,kerri30@example.com,001-814-617-4715x749,sms
PTY005025,person,Steve Odonnell,Steve,Odonnell,,2007-05-10,fleblanc@example.net,676-214-7027,app
PTY005026,person,Jonathan Bright,Jonathan,Bright,,1985-11-14,gjones@example.com,(547)689-1465,app
PTY005027,person,Samantha Miller,Samantha,Miller,,1983-03-16,johnjohnson@example.org,620-329-8955,phone
PTY005028,person,Laura Thompson,Laura,Thompson,,1973-02-23,chadthomas@example.net,640.747.2117,sms
PTY005029,person,Cynthia Rios,Cynthia,Rios,,1969-08-06,thomasrobert@example.com,340-962-0963,sms
PTY005030,person,Emily Koch,Emily,Koch,,1966-08-15,andrea71@example.com,996.260.0986,sms
PTY005031,person,Emily Johnson,Emily,Johnson,,1945-03-20,jameslee@example.net,5252751081,phone
PTY005032,organization,Santiago LLC,,,Santiago LLC,,stewartsusan@example.com,(769)559-5197,mail
PTY005033,person,Carrie Weaver,Carrie,Weaver,,1979-04-05,teresa76@example.net,+1-209-541-5863x1959,app
PTY005034,person,Matthew Townsend,Matthew,Townsend,,1980-05-06,russellelizabeth@example.com,+1-913-492-9428,sms
PTY005035,person,Nicole Butler,Nicole,Butler,,1945-06-04,stevensonaustin@example.org,9739106526,mail
PTY005036,person,Richard Patterson,Richard,Patterson,,1957-01-06,fordcharles@example.com,+1-334-910-6286x47923,mail
PTY005037,person,Victoria Francis,Victoria,Francis,,1966-11-20,garnererica@example.com,888.624.4815x642,app
PTY005038,person,Megan Jensen,Megan,Jensen,,1969-09-27,sarah91@example.com,916-313-1489,phone
PTY005039,organization,"Armstrong, Cook and Rodriguez",,,"Armstrong, Cook and Rodriguez",,bwhite@example.net,837-818-9327,app
PTY005040,organization,Solomon-Ball,,,Solomon-Ball,,john74@example.net,001-440-614-3664x4690,email
PTY005041,person,Crystal Ross,Crystal,Ross,,2004-09-04,courtney02@example.net,001-671-989-3319,mail
PTY005042,person,Morgan Wise,Morgan,Wise,,1957-02-02,frederick48@example.net,001-707-319-6314x291,sms
PTY005043,organization,Hunt-Moore,,,Hunt-Moore,,kevincarroll@example.net,615.497.3248x31915,mail
PTY005044,person,Ashley Long,Ashley,Long,,1981-03-19,michael29@example.net,772.360.7187x09752,mail
PTY005045,person,Heather Gonzalez,Heather,Gonzalez,,1949-06-22,hartjennifer@example.com,537-638-8495,mail
PTY005046,organization,Morris PLC,,,Morris PLC,,catherine27@example.com,001-513-445-0948,phone
PTY005047,person,Paul Foster,Paul,Foster,,1966-06-30,matthew87@example.net,468-257-6786x3405,phone
PTY005048,person,Chelsey Lloyd,Chelsey,Lloyd,,1998-08-11,nnorton@example.org,(773)759-4714,email
PTY005049,person,Nancy Fields,Nancy,Fields,,1961-07-17,rodriguezbailey@example.net,+1-566-647-9907x37074,mail
PTY005050,person,Warren Reed,Warren,Reed,,2002-02-21,smithharold@example.net,309.865.5904x21685,phone
PTY005051,person,James Vasquez,James,Vasquez,,1951-04-15,millssteven@example.net,888-536-1645,mail
PTY005052,person,Pamela Payne,Pamela,Payne,,1990-02-21,charlesmiller@example.net,001-358-282-4278,phone
PTY005053,person,Amanda Brown,Amanda,Brown,,1991-12-10,mendozamichael@example.com,842-427-6903,mail
PTY005054,person,Peter Roman,Peter,Roman,,1959-05-16,jeromeodonnell@example.com,+1-485-957-4926,phone
PTY005055,organization,Gross-Harris,,,Gross-Harris,,jamespatterson@example.org,965-508-7551,mail
PTY005056,person,Madeline Jacobs,Madeline,Jacobs,,1949-10-01,molinalee@example.org,+1-377-318-8874x94423,sms
PTY005057,person,Carl Brown,Carl,Brown,,2002-06-18,gdudley@example.net,997-256-8326,app
PTY005058,organization,Stuart-Garner,,,Stuart-Garner,,jlawrence@example.com,(734)586-5472x23030,email
PTY005059,person,Ana Mcmillan,Ana,Mcmillan,,1974-08-12,howardronald@example.com,202.303.4723x31227,mail
PTY005060,person,Alex Hoffman,Alex,Hoffman,,2007-10-30,dherman@example.org,844-780-7738x3453,app
PTY005061,person,Sheri Stewart,Sheri,Stewart,,1968-04-05,jasmine83@example.net,001-805-905-2686,phone
PTY005062,person,Patrick Ortiz,Patrick,Ortiz,,1942-04-26,sanchezkyle@example.org,001-306-539-2494x8403,sms
PTY005063,person,Dawn Meyer,Dawn,Meyer,,1972-12-10,jnelson@example.com,(885)717-7565,sms
PTY005064,person,Amanda Graves,Amanda,Graves,,1968-08-13,gardnerpaul@example.com,(236)880-5245x79517,email
PTY005065,person,Dawn Ray,Dawn,Ray,,1950-12-25,ygray@example.com,(932)826-6426x519,sms
PTY005066,organization,Davis Ltd,,,Davis Ltd,,sheilaperry@example.org,605-470-5917x87663,phone
PTY005067,person,Amy Walker,Amy,Walker,,1950-03-19,jillshelton@example.net,356.427.3711,app
PTY005068,person,Michelle Horn,Michelle,Horn,,2006-09-19,wsmith@example.com,5966823011,phone
PTY005069,person,Amy Jackson,Amy,Jackson,,1965-10-10,christopher87@example.net,001-234-281-9571x46397,mail
PTY005070,organization,Rivera Ltd,,,Rivera Ltd,,lauren29@example.com,9965501772,email
PTY005071,person,Jason Zimmerman,Jason,Zimmerman,,1952-03-26,nwong@example.org,631-488-3365,email
PTY005072,organization,Hicks-Young,,,Hicks-Young,,fisherpatricia@example.com,376.561.4180,app
PTY005073,person,Tracy Branch,Tracy,Branch,,1965-04-11,torresdavid@example.net,754.610.9597x568,mail
PTY005074,person,Dustin Ortiz,Dustin,Ortiz,,1970-10-18,whitechristina@example.com,848.254.2098,sms
PTY005075,person,Lisa Burns,Lisa,Burns,,1958-03-16,eric81@example.org,(936)929-3828,phone
PTY005076,organization,Fernandez-Summers,,,Fernandez-Summers,,oharris@example.com,2355743395,app
PTY005077,organization,"Alexander, Skinner and Haley",,,"Alexander, Skinner and Haley",,aarongreen@example.org,541.898.8886x631,phone
PTY005078,person,Thomas Ortiz,Thomas,Ortiz,,1954-06-06,emilybecker@example.org,294-667-0276x8067,mail
PTY005079,person,Anita Gonzalez,Anita,Gonzalez,,1954-11-01,marcia30@example.com,+1-203-855-6416x720,app
PTY005080,person,Anna Hernandez,Anna,Hernandez,,2004-11-04,castroalicia@example.org,+1-826-831-0138x80862,sms
PTY005081,person,George Hernandez,George,Hernandez,,1948-09-07,fowlergregory@example.com,955.553.8373x579,sms
PTY005082,person,Kerry Aguirre,Kerry,Aguirre,,1977-01-01,christinaarnold@example.com,001-521-247-9599x38693,mail
PTY005083,person,Kelli Orozco,Kelli,Orozco,,1995-05-17,joanne47@example.net,(689)759-4211,phone
PTY005084,organization,"Reed, Wilson and Washington",,,"Reed, Wilson and Washington",,fuenteskelly@example.net,001-618-290-2901x8181,sms
PTY005085,person,Stephen Moses,Stephen,Moses,,1949-12-25,angela83@example.org,910.307.0573x77339,email
PTY005086,organization,Cline-Watkins,,,Cline-Watkins,,hjones@example.com,222.303.2544,sms
PTY005087,person,John Cochran,John,Cochran,,1988-12-26,bzimmerman@example.net,311.551.3665,app
PTY005088,person,Andrew Kennedy,Andrew,Kennedy,,1992-10-20,cainjeremy@example.com,346.431.8476,sms
PTY005089,organization,Johnson-Sutton,,,Johnson-Sutton,,carmenharris@example.net,001-554-404-7779,mail
PTY005090,person,Nicole Cannon,Nicole,Cannon,,1975-01-30,amytorres@example.net,+1-889-646-9584x7136,mail
PTY005091,person,Lisa Lee,Lisa,Lee,,1978-11-02,thomascarlos@example.org,331.405.2156x2783,mail
PTY005092,person,Jeremy Hill,Jeremy,Hill,,1982-07-05,patrickpitts@example.com,+1-596-250-3018x5077,sms
PTY005093,person,Christine Peterson,Christine,Peterson,,1982-03-25,hcole@example.com,469.217.1591,phone
PTY005094,person,Julian Gray,Julian,Gray,,1960-10-10,richard74@example.org,697.846.6993,email
PTY005095,person,Kimberly Carlson,Kimberly,Carlson,,1994-11-26,grace52@example.org,324.586.3113x433,mail
PTY005096,person,Eric Banks,Eric,Banks,,1969-12-26,alvarezdwayne@example.com,8649036840,sms
PTY005097,person,Ethan Kelly,Ethan,Kelly,,1972-03-07,johnjones@example.org,3728642725,email
PTY005098,organization,Townsend PLC,,,Townsend PLC,,fgreen@example.org,(753)954-3469x9480,mail
PTY005099,person,Bryan Robertson,Bryan,Robertson,,2003-11-14,fboyd@example.com,409.576.3292x373,mail
PTY005100,person,Michael Suarez,Michael,Suarez,,1993-09-11,joannaburgess@example.net,844-432-4086x32831,sms
PTY005101,person,Susan Reyes,Susan,Reyes,,1976-10-20,thomassmith@example.net,(350)921-3608x06083,mail
PTY005102,person,Joseph Byrd,Joseph,Byrd,,1995-04-11,hgreen@example.net,+1-888-416-8834x842,app
PTY005103,person,Jessica Higgins,Jessica,Higgins,,1960-08-13,martineztara@example.com,(257)261-0828x8346,sms
PTY005104,person,Nicholas Jacobs,Nicholas,Jacobs,,1962-11-27,michael63@example.org,725-826-1598x26810,app
PTY005105,person,Dennis Williams,Dennis,Williams,,1966-04-19,leepaul@example.org,(565)416-3537,email
PTY005106,person,Jason Carter,Jason,Carter,,1997-04-13,dunlapaaron@example.net,976-569-4592x680,sms
PTY005107,organization,Michael PLC,,,Michael PLC,,berrymark@example.org,763.414.5461,email
PTY005108,person,Hunter Reed,Hunter,Reed,,1998-08-08,curtis96@example.com,277-861-6480x42100,mail
PTY005109,person,Michelle Martinez,Michelle,Martinez,,2002-01-14,jasonwood@example.com,663.287.8931,app
PTY005110,person,Kevin Knight,Kevin,Knight,,1963-10-31,robertchung@example.com,(770)626-9148x040,mail
PTY005111,person,Curtis Washington,Curtis,Washington,,1954-10-31,tamara05@example.com,001-435-438-4762x362,sms
PTY005112,person,Rebekah Williamson,Rebekah,Williamson,,1985-02-28,marshalljerry@example.com,+1-566-699-4356x951,phone
PTY005113,person,Steven Morris,Steven,Morris,,1961-06-29,josephhughes@example.com,287.837.1527x330,phone
PTY005114,person,Dillon Bass,Dillon,Bass,,2004-11-11,othomas@example.com,413-856-9471,sms
PTY005115,organization,Walker-Cook,,,Walker-Cook,,pharmon@example.org,+1-240-474-9006x83262,email
PTY005116,person,Elizabeth Sharp,Elizabeth,Sharp,,1952-02-13,ann06@example.com,(833)753-6853x0241,mail
PTY005117,person,Travis Osborn,Travis,Osborn,,1970-01-29,marissa30@example.net,(275)609-9197x5554,phone
PTY005118,person,Tracy Mejia,Tracy,Mejia,,1970-02-06,brittanyferrell@example.net,(452)295-2635x90434,email
PTY005119,person,Steven Wallace,Steven,Wallace,,2000-07-02,pprice@example.org,906.501.9567,mail
PTY005120,person,Christopher Patel,Christopher,Patel,,1959-09-06,kimberlyadams@example.net,+1-330-469-2905x543,email
PTY005121,person,Ann Howard,Ann,Howard,,1977-08-04,brittanylewis@example.net,7026412603,app
PTY005122,person,Henry Fowler,Henry,Fowler,,1983-07-25,bryanchad@example.org,(844)773-9847x0974,app
PTY005123,person,Jason Mcmillan,Jason,Mcmillan,,1952-07-27,nathaniel27@example.net,+1-336-962-5480x103,phone
PTY005124,person,Gina Hayden,Gina,Hayden,,1974-12-03,fjohnson@example.net,+1-977-586-3078x18065,phone
PTY005125,person,Jeffery Moreno,Jeffery,Moreno,,1946-11-26,donna35@example.net,001-797-933-5115x5241,email
PTY005126,person,Sean Jackson,Sean,Jackson,,1963-01-27,jason09@example.org,(666)658-2381,mail
PTY005127,person,Tara Tate,Tara,Tate,,1953-09-08,angelanorman@example.com,491.480.5337x851,sms
PTY005128,organization,Chandler LLC,,,Chandler LLC,,kristywong@example.com,(800)756-1410x48868,phone
PTY005129,person,Samuel Cohen,Samuel,Cohen,,1969-03-30,jennifer72@example.net,001-863-908-1219,email
PTY005130,person,Cynthia Sanchez,Cynthia,Sanchez,,1981-12-28,zmartinez@example.org,+1-763-277-2730x1408,mail
PTY005131,person,Deborah Williams,Deborah,Williams,,1964-01-14,bryantstephanie@example.com,001-516-510-2779x885,mail
PTY005132,person,Colleen Hamilton,Colleen,Hamilton,,1982-04-09,ginapalmer@example.org,782.983.6796x1207,email
PTY005133,person,Allen Clay,Allen,Clay,,1951-07-09,nelsonandrea@example.org,+1-984-439-7901x74039,email
PTY005134,person,Toni Rojas,Toni,Rojas,,1957-06-22,gerald15@example.com,880.707.2923,email
PTY005135,person,Heather Wallace,Heather,Wallace,,1981-09-10,campbellanita@example.com,001-649-222-6042x1725,app
PTY005136,person,Cody Holder,Cody,Holder,,1997-02-06,hardinjill@example.net,3535626177,email
PTY005137,organization,Harris-Stone,,,Harris-Stone,,bradleykendra@example.net,(294)969-6292x405,app
PTY005138,organization,Koch LLC,,,Koch LLC,,qrodgers@example.org,001-374-799-1155x390,mail
PTY005139,person,Barbara Dalton,Barbara,Dalton,,1970-08-09,ricardoroberts@example.org,807-301-9295x05086,email
PTY005140,organization,Small Inc,,,Small Inc,,sward@example.net,+1-793-398-0504x4218,phone
PTY005141,person,Susan Brown,Susan,Brown,,2006-04-29,bpoole@example.com,001-733-665-6436x94207,mail
PTY005142,person,Drew Morris,Drew,Morris,,1951-12-31,kennethbenson@example.org,001-724-815-6880x728,sms
PTY005143,organization,Johnson and Sons,,,Johnson and Sons,,andre18@example.org,+1-351-305-1193x14504,phone
PTY005144,person,Crystal Wagner,Crystal,Wagner,,1949-05-22,alisonedwards@example.com,270.729.8071x956,sms
PTY005145,person,Sarah Anderson,Sarah,Anderson,,1997-11-29,darlene13@example.net,(766)718-8009x72459,app
PTY005146,person,Dustin Barr,Dustin,Barr,,1998-06-08,danmurphy@example.com,+1-831-444-0456x84775,mail
PTY005147,person,Oscar Wilson,Oscar,Wilson,,1952-08-10,debbieperkins@example.com,506-397-6755,mail
PTY005148,organization,Brown Inc,,,Brown Inc,,jamesmccall@example.net,823.764.5118,app
PTY005149,organization,"Mills, Miller and Figueroa",,,"Mills, Miller and Figueroa",,jweeks@example.net,+1-807-494-6613x03035,mail
PTY005150,person,Tiffany Thompson,Tiffany,Thompson,,1953-08-13,alexander64@example.com,(409)358-7601,app
PTY005151,organization,Barker Inc,,,Barker Inc,,stuart15@example.org,+1-859-533-7251x338,app
PTY005152,person,Barbara Hayes,Barbara,Hayes,,1960-05-16,spayne@example.org,557.231.2573x34053,phone
PTY005153,person,Kim Jackson,Kim,Jackson,,1963-10-22,ryanmorales@example.org,001-337-930-0163,phone
PTY005154,organization,Anderson-Donaldson,,,Anderson-Donaldson,,romanchristopher@example.net,001-932-483-1110x3974,phone
PTY005155,person,Tamara Lang,Tamara,Lang,,1994-11-13,ryan46@example.net,001-847-313-0720,app
PTY005156,person,Adam Wagner,Adam,Wagner,,1957-02-24,ashley06@example.net,+1-716-948-3123x06812,sms
PTY005157,person,Alison Rodriguez,Alison,Rodriguez,,1983-08-10,nunezlaura@example.com,(870)361-2260,email
PTY005158,person,Keith Thompson,Keith,Thompson,,1961-12-22,jeremygonzalez@example.net,+1-942-987-3330,app
PTY005159,person,Stephanie Owens,Stephanie,Owens,,1965-11-01,kylenelson@example.com,(640)423-0554x1212,phone
PTY005160,person,Abigail Lewis,Abigail,Lewis,,1992-04-24,phillip10@example.net,(701)940-3367x69123,app
PTY005161,person,Ashley Lang,Ashley,Lang,,1941-05-23,jamessanders@example.com,001-959-706-2070x986,email
PTY005162,person,Christopher Harris,Christopher,Harris,,2006-05-20,moralesstacy@example.com,001-285-957-7544x816,email
PTY005163,organization,Proctor and Sons,,,Proctor and Sons,,gomezrobert@example.net,(927)395-4930x40648,sms
PTY005164,person,Alex Kennedy,Alex,Kennedy,,1940-09-17,cheyenne96@example.net,811-377-4494x013,app
PTY005165,person,Robert Williams,Robert,Williams,,1962-04-21,garciastephanie@example.org,001-201-428-3702x562,mail
PTY005166,person,Sandra Herrera,Sandra,Herrera,,1956-06-24,richard04@example.org,001-789-950-0541x316,phone
PTY005167,person,Kimberly Hernandez,Kimberly,Hernandez,,1964-10-13,rodriguezdylan@example.org,(871)832-0904,email
PTY005168,organization,"Riggs, Wilson and Montgomery",,,"Riggs, Wilson and Montgomery",,charlesjones@example.com,(697)717-1626x7821,sms
PTY005169,organization,"Cruz, Moss and Moran",,,"Cruz, Moss and Moran",,austin61@example.net,(886)318-6134x717,mail
PTY005170,person,Donna Mathews,Donna,Mathews,,2002-02-08,dkane@example.com,395-397-3786x265,app
PTY005171,person,Timothy Oliver,Timothy,Oliver,,1953-12-23,jonescarla@example.net,888.483.4025,sms
PTY005172,organization,Lewis-Johnson,,,Lewis-Johnson,,dlynch@example.org,(410)687-3774,sms
PTY005173,organization,Casey-Shepherd,,,Casey-Shepherd,,gfritz@example.org,889.640.6279x3057,app
PTY005174,organization,Dunn Group,,,Dunn Group,,jaredmckinney@example.org,(446)544-2872,phone
PTY005175,person,Cory Cross,Cory,Cross,,1983-06-12,patriciayork@example.org,5517294869,email
PTY005176,person,Laura Evans,Laura,Evans,,1965-02-15,ryanmitchell@example.org,001-852-570-3203x61362,email
PTY005177,person,Barbara Young,Barbara,Young,,2004-08-08,samantha24@example.net,520-708-9541,phone
PTY005178,person,Monique Gutierrez,Monique,Gutierrez,,1996-04-11,williamfletcher@example.org,9858000919,phone
PTY005179,person,Matthew Larson,Matthew,Larson,,1948-09-13,hartmanbenjamin@example.org,001-471-411-7087,app
PTY005180,organization,Palmer LLC,,,Palmer LLC,,mary76@example.net,647.667.5063x44709,phone
PTY005181,organization,White-Baker,,,White-Baker,,rsullivan@example.com,410-261-9208x4122,sms
PTY005182,person,Olivia Young,Olivia,Young,,1977-07-01,bcohen@example.com,384.429.1846,phone
PTY005183,organization,Sanchez Inc,,,Sanchez Inc,,kevindiaz@example.net,440-865-3402,mail
PTY005184,person,Pamela Crawford,Pamela,Crawford,,1986-11-03,danielchavez@example.net,(604)437-4431x975,app
PTY005185,person,Jeffrey Chavez,Jeffrey,Chavez,,1951-04-23,oconnelljennifer@example.net,205.928.4531x1587,sms
PTY005186,person,Carol Bates,Carol,Bates,,1986-06-17,andrea13@example.net,529.781.0860x44159,phone
PTY005187,person,Brian Vargas,Brian,Vargas,,1945-07-09,ramireznicholas@example.net,(645)533-7159x74333,mail
PTY005188,person,Laura Jones,Laura,Jones,,1993-03-07,vickieyang@example.com,+1-214-486-4022x9483,sms
PTY005189,person,Shelby Thomas,Shelby,Thomas,,1990-10-31,april28@example.com,639-343-5862x1318,phone
PTY005190,organization,"Castro, Williams and Woods",,,"Castro, Williams and Woods",,dmercer@example.net,+1-986-559-8541,phone
PTY005191,person,Gregory Lee,Gregory,Lee,,1984-09-21,matthewenglish@example.org,861.475.5651x73942,sms
PTY005192,person,Joanna Newman,Joanna,Newman,,1983-08-25,gmiddleton@example.net,734-685-2058x4708,sms
PTY005193,organization,"Jones, Bentley and Mitchell",,,"Jones, Bentley and Mitchell",,tony84@example.org,5054073535,app
PTY005194,organization,Parker-King,,,Parker-King,,brandygross@example.com,+1-479-478-6128x60034,phone
PTY005195,person,Michelle Jackson,Michelle,Jackson,,1966-12-22,madisonmcfarland@example.com,001-977-451-6663x031,phone
PTY005196,person,Darrell Garcia,Darrell,Garcia,,1951-11-09,jessica42@example.org,(596)817-6000x40839,mail
PTY005197,person,Erika Shelton,Erika,Shelton,,1966-12-10,zhines@example.org,695.758.8371x03558,email
PTY005198,organization,Farley Group,,,Farley Group,,srosario@example.org,340.547.1592x912,phone
PTY005199,person,Maria Warner,Maria,Warner,,1995-06-07,bbooker@example.com,220.280.4689,sms
PTY005200,person,Lisa Delacruz,Lisa,Delacruz,,1974-11-06,enguyen@example.org,945.798.4071,app
PTY005201,person,Jacqueline Phillips,Jacqueline,Phillips,,1989-10-01,jharper@example.net,602-700-5295x64262,app
PTY005202,person,Amy Wilson,Amy,Wilson,,1959-09-05,zjames@example.com,400-612-8801x4341,email
PTY005203,person,Michael Heath,Michael,Heath,,1975-12-30,powellmaria@example.org,(643)439-0695,email
PTY005204,person,Gabriel Davis,Gabriel,Davis,,1995-05-22,thompsonpaula@example.com,228-233-7079,sms
PTY005205,person,Jason Moore,Jason,Moore,,1959-08-18,nataliemurray@example.net,216.363.2418,phone
PTY005206,person,Tasha Woodard,Tasha,Woodard,,2004-07-17,rfrank@example.net,+1-441-252-3588,sms
PTY005207,person,Jennifer Bass,Jennifer,Bass,,1995-06-07,charlesstevenson@example.org,670.317.6931x40278,email
PTY005208,person,Catherine Vargas,Catherine,Vargas,,1955-03-20,yjackson@example.net,445.293.5506x294,phone
PTY005209,person,Joseph Mcbride,Joseph,Mcbride,,1968-09-30,jesushess@example.org,620-451-4498,email
PTY005210,person,Steven Simpson,Steven,Simpson,,1978-12-21,scott01@example.org,739.278.6451x678,phone
PTY005211,organization,Pacheco-Wilson,,,Pacheco-Wilson,,hobbschristina@example.com,4139150806,sms
PTY005212,organization,Pugh Group,,,Pugh Group,,charles78@example.org,(223)942-3223,mail
PTY005213,person,Robin Brown,Robin,Brown,,1946-11-30,paulwalton@example.org,001-413-934-2374x36223,app
PTY005214,person,Brian Cruz,Brian,Cruz,,1950-06-23,jacob97@example.net,(442)227-9346,app
PTY005215,person,Thomas Owen,Thomas,Owen,,1951-02-17,scottpeterson@example.net,987.214.3653x93479,app
PTY005216,person,James Boyd,James,Boyd,,1960-10-05,adamskeith@example.com,(759)848-3679x20894,app
PTY005217,person,Daniel Hernandez,Daniel,Hernandez,,1948-12-05,wellsmatthew@example.net,388-526-6170,email
PTY005218,person,Kimberly Young,Kimberly,Young,,1964-05-08,anthonydougherty@example.net,(652)429-7828x07535,sms
PTY005219,person,Tonya Jones,Tonya,Jones,,1993-07-25,ipeters@example.org,638.551.6631,phone
PTY005220,person,Justin Lee,Justin,Lee,,1965-12-04,droberson@example.net,677-953-4337,app
PTY005221,organization,"Vang, Douglas and Lane",,,"Vang, Douglas and Lane",,karen55@example.org,2952276138,app
PTY005222,person,Jeanne Ortiz,Jeanne,Ortiz,,1958-04-06,shill@example.net,982.788.2599,mail
PTY005223,organization,Bell-Reed,,,Bell-Reed,,gilesstephanie@example.org,001-458-679-0480x60679,phone
PTY005224,person,Jeanette Munoz,Jeanette,Munoz,,1987-11-03,shellyanderson@example.org,+1-620-259-0468,email
PTY005225,organization,"Sheppard, Calhoun and Carter",,,"Sheppard, Calhoun and Carter",,montgomerynicole@example.org,874-479-7978x268,phone
PTY005226,person,Kenneth Mora,Kenneth,Mora,,1976-01-11,charlesphillips@example.net,571-747-2703,phone
PTY005227,person,Joseph Burton,Joseph,Burton,,1990-05-17,manuelhall@example.org,(996)577-5063,app
PTY005228,person,Karen Thompson,Karen,Thompson,,2003-05-26,micheal90@example.com,384-558-6239,email
PTY005229,person,Christine Snyder,Christine,Snyder,,1961-08-13,jonathanphelps@example.org,+1-546-771-7016x4527,phone
PTY005230,organization,Chen PLC,,,Chen PLC,,jonesjamie@example.net,001-236-694-6459x4450,mail
PTY005231,person,Anthony West,Anthony,West,,1996-09-01,xsawyer@example.org,7034499411,phone
PTY005232,person,Cathy Martin,Cathy,Martin,,1960-08-12,brent41@example.org,001-986-972-4030x5465,sms
PTY005233,person,Kimberly Day,Kimberly,Day,,1990-06-30,ureynolds@example.org,001-532-398-6327,app
PTY005234,person,Monique Weber,Monique,Weber,,1981-09-19,dawntodd@example.net,980.841.6993,sms
PTY005235,person,Kaitlyn Ramos,Kaitlyn,Ramos,,1975-01-31,khall@example.com,(475)984-9319x7436,app
PTY005236,person,Laura Petty,Laura,Petty,,1947-05-16,robin17@example.org,(428)730-4867,sms
PTY005237,person,Jason Burton,Jason,Burton,,2000-10-17,allisonpotter@example.com,001-662-834-0216,sms
PTY005238,person,Kristen Brandt,Kristen,Brandt,,1971-05-22,carrjoshua@example.net,(498)462-4829,sms
PTY005239,person,Ashley Cisneros,Ashley,Cisneros,,1958-03-07,davidschwartz@example.com,001-211-452-3578x14818,email
PTY005240,person,Laura Richardson,Laura,Richardson,,2001-08-31,kayla58@example.org,899.514.0418x6905,phone
PTY005241,person,Walter Phillips,Walter,Phillips,,1941-12-04,yedwards@example.org,(279)826-8883x3458,phone
PTY005242,organization,"Jensen, Allen and Andrews",,,"Jensen, Allen and Andrews",,xanthony@example.com,5375647891,email
PTY005243,person,Chloe Smith,Chloe,Smith,,1961-02-24,hmartin@example.com,001-711-905-0683,sms
PTY005244,organization,Cruz-Lee,,,Cruz-Lee,,blackwellcharles@example.net,+1-264-605-3767,mail
PTY005245,person,Christopher Wilson,Christopher,Wilson,,1967-11-01,strongmichelle@example.net,+1-352-606-0579x93412,mail
PTY005246,organization,"Browning, Weaver and Miller",,,"Browning, Weaver and Miller",,lori95@example.com,3564073771,phone
PTY005247,person,Deborah Rich,Deborah,Rich,,2008-08-29,charleslindsay@example.org,(653)322-0619,mail
PTY005248,organization,Sellers-Hall,,,Sellers-Hall,,velezjustin@example.com,001-521-640-2092x102,app
PTY005249,person,Tammy Fisher,Tammy,Fisher,,1987-06-25,louis77@example.net,343-872-9541x25211,mail
PTY005250,person,Brandi Alexander,Brandi,Alexander,,2006-06-26,michellefoster@example.com,608-300-4386x526,app
PTY005251,person,Andrea Mclaughlin,Andrea,Mclaughlin,,2006-06-11,stewartchristina@example.org,+1-705-884-8136x956,email
PTY005252,person,Matthew Ortiz,Matthew,Ortiz,,1967-08-19,jamesvaughn@example.net,9258437316,app
PTY005253,person,Chelsea Murray,Chelsea,Murray,,2008-04-25,stevensonjennifer@example.com,001-264-360-6251x0482,phone
PTY005254,organization,"Bryant, Mitchell and Torres",,,"Bryant, Mitchell and Torres",,bpowell@example.com,+1-797-830-1231,app
PTY005255,person,Paul Sanders,Paul,Sanders,,1973-01-21,meghan36@example.org,(349)462-1976x58860,app
PTY005256,person,Michael Martinez,Michael,Martinez,,1988-10-17,hickmanjeremy@example.net,001-877-627-0941,phone
PTY005257,organization,Eaton Ltd,,,Eaton Ltd,,vincenttimothy@example.org,(835)761-9062x83600,phone
PTY005258,person,Daniel Patterson,Daniel,Patterson,,1993-04-26,bookerjeffrey@example.com,837-659-2612,email
PTY005259,person,Wendy Baker,Wendy,Baker,,1970-08-09,dianefrederick@example.net,(933)315-0679x26420,phone
PTY005260,organization,Jones and Sons,,,Jones and Sons,,xmcclure@example.org,308.539.7153x487,sms
PTY005261,person,Kyle Serrano,Kyle,Serrano,,1943-02-24,ashleykent@example.net,713.249.5522x576,mail
PTY005262,person,Nicole Williams,Nicole,Williams,,1990-12-04,mramirez@example.org,922-534-7190x5741,mail
PTY005263,person,Donna Dorsey,Donna,Dorsey,,1984-10-21,justin40@example.net,+1-274-718-2619,sms
PTY005264,person,Dustin Russell,Dustin,Russell,,1997-10-29,mitchellzachary@example.org,8697562514,sms
PTY005265,person,Kathryn Silva,Kathryn,Silva,,1953-04-27,nkane@example.com,217.877.1813,app
PTY005266,person,David Davis,David,Davis,,1968-08-23,nicolemartin@example.net,001-719-566-0058x74994,sms
PTY005267,person,Corey Johnson,Corey,Johnson,,1951-03-25,clarkphillip@example.com,9745198387,mail
PTY005268,person,David Schmidt,David,Schmidt,,1979-01-05,emedina@example.org,232-878-5821,sms
PTY005269,person,Erik Miller,Erik,Miller,,1999-03-25,patrickcampbell@example.net,+1-792-260-2624x98724,email
PTY005270,organization,Franklin-Ward,,,Franklin-Ward,,thomasdanielle@example.org,254-513-9385,mail
PTY005271,person,Stephen Snyder,Stephen,Snyder,,1941-06-05,marcallison@example.org,001-257-251-4044x45376,sms
PTY005272,organization,Wells-Melendez,,,Wells-Melendez,,jasonhughes@example.com,(262)512-6137x164,email
PTY005273,person,Eric Shepherd,Eric,Shepherd,,1958-12-24,sgarrett@example.org,(670)300-7116x917,app
PTY005274,person,Ann Ochoa,Ann,Ochoa,,1969-07-15,bestjane@example.com,+1-673-914-6010,email
PTY005275,person,Michael Morrow,Michael,Morrow,,1953-12-01,yatesdawn@example.org,+1-917-411-0658x38527,email
PTY005276,organization,"White, Robertson and Freeman",,,"White, Robertson and Freeman",,walter55@example.org,001-622-844-9488x7093,mail
PTY005277,person,Tina Phillips,Tina,Phillips,,1990-08-08,melanie46@example.net,7939636620,sms
PTY005278,person,Jill Smith,Jill,Smith,,1958-11-09,shannonhayes@example.com,001-311-527-8161x31688,email
PTY005279,person,Caitlin Elliott,Caitlin,Elliott,,1995-02-23,jenningswilliam@example.com,(565)472-0071x20813,sms
PTY005280,person,Justin Montoya,Justin,Montoya,,1962-07-01,ashlee01@example.net,234.985.3681,mail
PTY005281,person,Lisa Short,Lisa,Short,,1972-11-26,ashley71@example.net,001-347-312-5093x700,email
PTY005282,person,Darius Blair,Darius,Blair,,1954-02-27,vmendoza@example.com,(928)940-6163x28396,mail
PTY005283,person,Sarah Jennings,Sarah,Jennings,,1995-09-17,mlopez@example.net,(840)471-4991x891,phone
PTY005284,person,Clarence Villanueva,Clarence,Villanueva,,2003-07-17,alicehernandez@example.net,741-804-6871,app
PTY005285,organization,Thomas Inc,,,Thomas Inc,,cpatterson@example.org,855-265-0467x65505,phone
PTY005286,person,Matthew Ford,Matthew,Ford,,1955-07-04,efowler@example.com,+1-930-392-9076,email
PTY005287,person,Isabel Terry,Isabel,Terry,,1989-02-26,umoore@example.org,782-322-4884,email
PTY005288,person,Brooke Mckay,Brooke,Mckay,,1986-07-24,nataliestevens@example.org,415.517.6788,sms
PTY005289,person,Kimberly Ward,Kimberly,Ward,,1955-09-04,james75@example.net,(235)919-9403,mail
PTY005290,person,Linda Beltran,Linda,Beltran,,1972-03-19,bryan45@example.org,+1-888-552-8386x64709,sms
PTY005291,person,Robert Rubio,Robert,Rubio,,1972-02-08,jeffery95@example.net,001-656-242-2314,sms
PTY005292,person,Amanda Brown,Amanda,Brown,,1952-11-23,lisacox@example.org,497.527.8196,phone
PTY005293,organization,"Ortiz, Phillips and Rogers",,,"Ortiz, Phillips and Rogers",,owenstimothy@example.net,801-236-6220x633,sms
PTY005294,person,Richard Sullivan,Richard,Sullivan,,1953-03-05,rpeterson@example.net,(242)353-3798x053,mail
PTY005295,person,Ryan Edwards,Ryan,Edwards,,2003-02-01,bhernandez@example.com,545-998-3051x2206,phone
PTY005296,person,Brian Guerrero,Brian,Guerrero,,1946-08-31,michelle21@example.net,669-877-5257,sms
PTY005297,person,Michele Larsen,Michele,Larsen,,1958-10-12,hullvalerie@example.com,+1-708-566-3164,email
PTY005298,person,Matthew Russell,Matthew,Russell,,2007-10-11,sanchezscott@example.net,716.544.5690x200,phone
PTY005299,person,John Lynn,John,Lynn,,1959-12-26,holtmadison@example.com,001-865-789-1497,phone
PTY005300,person,Gina Elliott,Gina,Elliott,,1989-04-25,mendozaautumn@example.net,283.679.7857,email
PTY005301,person,Timothy Roach,Timothy,Roach,,1979-05-23,dcole@example.org,225-927-6959x5341,mail
PTY005302,person,Kendra Torres,Kendra,Torres,,1944-05-15,lisathompson@example.org,+1-814-601-8418,sms
PTY005303,person,Jacob Gonzalez,Jacob,Gonzalez,,1965-10-16,kmejia@example.com,597.654.8294x87126,phone
PTY005304,person,Eric Barnes,Eric,Barnes,,1971-11-22,josephwoods@example.net,208-328-6631x8929,mail
PTY005305,person,Marcus Wright,Marcus,Wright,,1996-08-23,joneskerry@example.org,325-503-0064x64173,email
PTY005306,person,Matthew Johnson,Matthew,Johnson,,1982-04-23,sydney56@example.com,+1-926-681-1104x1451,mail
PTY005307,organization,"Brown, Baker and Guerrero",,,"Brown, Baker and Guerrero",,michaelnavarro@example.net,714-501-9084,mail
PTY005308,person,Christine Sanchez,Christine,Sanchez,,1955-06-16,nathan71@example.net,594.536.5532x327,sms
PTY005309,person,Stephen Martinez,Stephen,Martinez,,1941-06-16,matthewwilliams@example.org,001-326-465-2826x4813,app
PTY005310,person,Mary Scott,Mary,Scott,,1941-09-20,becky68@example.com,(744)813-2207x10842,phone
PTY005311,person,Michael Aguilar,Michael,Aguilar,,1951-03-25,kimberly81@example.com,+1-806-619-2922x142,email
PTY005312,person,April Holt,April,Holt,,1987-07-01,landryconnor@example.org,587.683.4618x84524,phone
PTY005313,person,Felicia Stewart,Felicia,Stewart,,1950-07-03,susan68@example.org,270-283-8797,sms
PTY005314,organization,Barker-Daniels,,,Barker-Daniels,,james17@example.com,451.546.9546x076,email
PTY005315,person,Daniel Mcclure,Daniel,Mcclure,,1993-05-15,sean11@example.org,(625)314-4648,email
PTY005316,person,Jeffrey Mcgee,Jeffrey,Mcgee,,1952-02-11,pmunoz@example.org,993.228.5864x2715,mail
PTY005317,organization,Gray and Sons,,,Gray and Sons,,jeffrey66@example.com,912-627-4731,email
PTY005318,person,Andrew Taylor,Andrew,Taylor,,1964-06-22,evelynrosario@example.org,001-781-485-5695x45717,mail
PTY005319,person,Raymond Foley,Raymond,Foley,,1999-07-20,tammywilliams@example.net,427.230.7220x70534,sms
PTY005320,person,Kristen Moore,Kristen,Moore,,1969-11-18,justinjensen@example.com,4703851941,email
PTY005321,person,Kathleen Parsons,Kathleen,Parsons,,2006-07-25,davidmorris@example.net,516.215.3908,phone
PTY005322,organization,Stokes and Sons,,,Stokes and Sons,,smaddox@example.com,+1-964-343-9120x923,phone
PTY005323,organization,Bass-Robinson,,,Bass-Robinson,,zachary71@example.net,+1-793-219-6407x601,phone
PTY005324,person,Andrew Torres,Andrew,Torres,,1990-04-09,alexandriafletcher@example.net,(591)241-3270x43917,sms
PTY005325,person,Patricia Anderson,Patricia,Anderson,,1992-02-16,martinezcolleen@example.net,988.412.9565x6359,sms
PTY005326,person,Bethany Cohen,Bethany,Cohen,,1996-12-17,roselee@example.com,692.697.5698x86471,mail
PTY005327,person,Cassie Ramirez,Cassie,Ramirez,,1967-04-17,soniabryan@example.com,001-201-979-4343x37804,mail
PTY005328,person,Gina Thomas,Gina,Thomas,,1992-12-19,danielthomas@example.org,668.535.1204x25634,app
PTY005329,organization,White Ltd,,,White Ltd,,lhendricks@example.org,001-807-493-9690,phone
PTY005330,person,Amy Wall,Amy,Wall,,1941-11-07,vlong@example.net,+1-362-614-9261x425,app
PTY005331,person,Debra Jenkins,Debra,Jenkins,,1974-04-13,nicole68@example.org,(833)231-9333x8246,phone
PTY005332,person,Nicole Blanchard,Nicole,Blanchard,,1953-10-18,xstein@example.org,+1-720-415-5067,phone
PTY005333,person,Andrew Wilson,Andrew,Wilson,,1994-05-01,torressusan@example.com,444-299-8690x65227,email
PTY005334,person,Kevin Pollard,Kevin,Pollard,,1985-12-20,rosariochristopher@example.org,255-266-4457x720,phone
PTY005335,person,Mary Smith,Mary,Smith,,1985-12-05,greenamanda@example.com,528-452-3158x998,mail
PTY005336,person,Douglas Cline,Douglas,Cline,,1978-03-06,brittney38@example.com,(761)660-1079x45098,app
PTY005337,person,Samantha Willis,Samantha,Willis,,1965-03-05,wgilbert@example.com,695-272-1789,email
PTY005338,person,Kim Mccarthy,Kim,Mccarthy,,1987-10-24,falvarado@example.net,(654)538-8538x0533,mail
PTY005339,person,Eric Rogers,Eric,Rogers,,1998-07-20,thomashunter@example.org,(908)985-0029x990,app
PTY005340,person,Robert Gillespie,Robert,Gillespie,,1950-03-05,davidsonkaitlyn@example.com,758.867.4280,phone
PTY005341,person,Ashley Cook,Ashley,Cook,,1998-03-24,adamcasey@example.net,271.228.3790,sms
PTY005342,person,Edward Ponce,Edward,Ponce,,1989-12-25,ygallegos@example.com,+1-793-658-9441x4372,mail
PTY005343,person,Bonnie Rowe,Bonnie,Rowe,,1948-02-25,dennishicks@example.org,001-585-902-7494x06067,app
PTY005344,person,Lisa Williams,Lisa,Williams,,1982-10-17,kristinacruz@example.net,567.212.2373x9220,email
PTY005345,person,Steven Mccann,Steven,Mccann,,1942-04-18,lauren70@example.org,(360)879-0298x07812,email
PTY005346,person,Anthony Hodge,Anthony,Hodge,,1994-07-10,martinezanna@example.net,(765)800-3991,sms
PTY005347,person,Amy Gonzalez,Amy,Gonzalez,,1961-09-26,joshuahayes@example.net,935-613-9592,sms
PTY005348,person,Patrick Davis,Patrick,Davis,,1951-01-17,mooreapril@example.net,471.657.1406,phone
PTY005349,person,Mary Martinez,Mary,Martinez,,1950-06-14,matthewmarshall@example.com,001-857-524-4937,email
PTY005350,person,Sarah Bowen,Sarah,Bowen,,1946-01-07,weaverdanielle@example.com,6493917654,email
PTY005351,person,Shannon Gonzales,Shannon,Gonzales,,1977-04-23,jessesimmons@example.net,(547)802-6016x80474,email
PTY005352,person,Brandi Winters,Brandi,Winters,,1998-06-04,dmays@example.com,563-954-1530x5386,phone
PTY005353,person,Steven Brooks,Steven,Brooks,,2008-02-10,jennifercoffey@example.org,+1-846-696-8512x67390,mail
PTY005354,person,Elizabeth Santos,Elizabeth,Santos,,2008-02-12,tonywilliams@example.org,(652)784-0035x324,app
PTY005355,person,Samuel Mason,Samuel,Mason,,2003-10-04,jasondavis@example.com,9778386673,mail
PTY005356,person,Jennifer Stephens,Jennifer,Stephens,,2002-02-21,mhayes@example.net,413.420.9232x677,sms
PTY005357,person,Timothy Morales,Timothy,Morales,,1974-07-23,jeffreylewis@example.org,001-307-756-8188,sms
PTY005358,person,Marco Ruiz,Marco,Ruiz,,1959-11-28,scott96@example.org,001-490-616-9210x9830,sms
PTY005359,person,Michele Kelly,Michele,Kelly,,2003-06-15,parkerrichard@example.com,+1-208-493-6162x2270,email
PTY005360,person,Richard Reynolds,Richard,Reynolds,,1979-07-28,jason43@example.org,+1-850-864-6001x551,app
PTY005361,person,Adrian White,Adrian,White,,2002-11-19,onguyen@example.org,001-283-966-4165,sms
PTY005362,person,Jennifer Price,Jennifer,Price,,1967-05-20,iwiggins@example.com,351.271.4522x414,sms
PTY005363,organization,"Floyd, Fuller and Russo",,,"Floyd, Fuller and Russo",,campbellbrian@example.com,001-544-918-1769x3508,app
PTY005364,organization,"Johnson, Glover and Edwards",,,"Johnson, Glover and Edwards",,rvaughn@example.net,001-523-237-9206,sms
PTY005365,person,Thomas Long,Thomas,Long,,1968-07-22,cmoore@example.org,(343)884-2823x9639,sms
PTY005366,person,Mikayla Andrade,Mikayla,Andrade,,2001-02-27,cshaw@example.net,454.786.6914,app
PTY005367,person,Laura Murphy,Laura,Murphy,,1950-05-30,diana55@example.net,+1-792-485-3387x657,email
PTY005368,person,Jonathan Spencer,Jonathan,Spencer,,1958-08-27,kellyheather@example.net,993.466.0553,phone
PTY005369,organization,"Garcia, Murphy and Kelly",,,"Garcia, Murphy and Kelly",,bnewton@example.org,785.647.4290x578,email
PTY005370,person,Eric Chang,Eric,Chang,,1998-06-08,rebecca49@example.com,726.296.1912x380,app
PTY005371,person,Zachary Craig,Zachary,Craig,,2005-12-26,jeffreysmith@example.org,(285)538-6835x119,phone
PTY005372,person,Meghan Gomez,Meghan,Gomez,,1999-03-07,seancarey@example.com,(738)885-6853x1935,email
PTY005373,person,Diana Stevenson,Diana,Stevenson,,1952-03-25,thomasbowers@example.net,482.236.8131x434,app
PTY005374,organization,Jackson-Collins,,,Jackson-Collins,,vanessafranklin@example.com,848.549.0006x03229,sms
PTY005375,person,Kim Sparks,Kim,Sparks,,1948-07-09,mario62@example.com,(582)251-6465,mail
PTY005376,person,Christopher Sexton,Christopher,Sexton,,1977-05-18,emily04@example.com,001-775-415-2566x288,app
PTY005377,person,Michael Robinson,Michael,Robinson,,1943-11-09,nicholerussell@example.org,+1-204-376-7783,email
PTY005378,person,Wesley Haynes,Wesley,Haynes,,1976-08-16,julia03@example.net,+1-201-803-4902x255,phone
PTY005379,person,Carlos Fox,Carlos,Fox,,1988-08-08,ichase@example.org,+1-353-803-3679x8328,app
PTY005380,person,Robert Miller,Robert,Miller,,1966-11-11,rodriguezjulie@example.org,+1-649-732-8325x5744,app
PTY005381,person,Cristina Carpenter,Cristina,Carpenter,,1965-12-13,nathanieljones@example.net,826.378.8796,sms
PTY005382,person,David Smith,David,Smith,,1995-09-19,justin41@example.org,686-289-0637x6614,email
PTY005383,person,Peter Carpenter,Peter,Carpenter,,1971-08-12,marybrown@example.net,+1-710-857-1699x43918,email
PTY005384,person,Ann Todd,Ann,Todd,,1961-01-26,shane58@example.com,001-421-687-5406x5702,mail
PTY005385,organization,Peters-Hernandez,,,Peters-Hernandez,,posborne@example.org,+1-559-676-1801x5513,app
PTY005386,person,Rebecca Garcia,Rebecca,Garcia,,1954-02-10,howarderica@example.org,577.874.7467,phone
PTY005387,organization,"Smith, Williams and Strickland",,,"Smith, Williams and Strickland",,bennettpatricia@example.org,+1-877-812-2804x4241,sms
PTY005388,person,Melissa Gibbs,Melissa,Gibbs,,1943-09-04,matthew45@example.com,(568)634-8227x789,sms
PTY005389,person,Nichole King,Nichole,King,,1956-04-09,nicolelee@example.org,989-800-0190x938,app
PTY005390,person,Emily Santos,Emily,Santos,,1983-06-12,steven32@example.net,(606)333-9953,phone
PTY005391,person,Adrian Sparks,Adrian,Sparks,,1993-09-21,jennifer55@example.net,001-450-214-5307x3002,mail
PTY005392,organization,Powers Group,,,Powers Group,,timothykeller@example.com,755-904-4622x03699,app
PTY005393,person,Jennifer Sanchez,Jennifer,Sanchez,,1975-11-04,househarold@example.net,001-512-402-8021,phone
PTY005394,person,Gabrielle Hill,Gabrielle,Hill,,1941-03-07,swansonphillip@example.com,(389)727-9308,app
PTY005395,person,Shelley Gomez,Shelley,Gomez,,1972-07-31,tdavis@example.org,+1-208-958-5001x76920,app
PTY005396,person,Eric Goodwin,Eric,Goodwin,,2002-08-28,orrjessica@example.net,852.459.4630x89646,mail
PTY005397,organization,Charles-Hubbard,,,Charles-Hubbard,,youngchristine@example.net,+1-425-354-9595x289,sms
PTY005398,person,Russell Burns,Russell,Burns,,1949-07-26,kevinthompson@example.net,595.473.6375x995,phone
PTY005399,person,Joseph Figueroa,Joseph,Figueroa,,1966-11-13,ssnyder@example.org,661.273.6965,phone
PTY005400,organization,"Rush, Morris and Farmer",,,"Rush, Morris and Farmer",,tchristensen@example.org,+1-312-493-0431x130,phone
PTY005401,organization,Conner LLC,,,Conner LLC,,sandra01@example.com,+1-692-225-6641x8742,email
PTY005402,organization,Ramirez-Gallagher,,,Ramirez-Gallagher,,longkathryn@example.net,9697843495,mail
PTY005403,organization,"Mack, Craig and Allen",,,"Mack, Craig and Allen",,theodore11@example.com,(727)572-0807x94835,app
PTY005404,person,Valerie Miller,Valerie,Miller,,1967-08-04,fmccullough@example.org,+1-816-541-3209,sms
PTY005405,person,Michelle Schultz,Michelle,Schultz,,1962-06-26,khanna@example.org,229-759-1603,sms
PTY005406,person,Dawn Garcia,Dawn,Garcia,,2008-04-23,nathanwalter@example.com,892-329-1534,app
PTY005407,person,Christina Wheeler,Christina,Wheeler,,1977-03-25,vrose@example.net,(373)256-2326,phone
PTY005408,person,Alec Harrison,Alec,Harrison,,1942-11-23,davidmercado@example.com,001-925-210-1109x0053,email
PTY005409,organization,"Adkins, Hicks and James",,,"Adkins, Hicks and James",,saundersdavid@example.net,(988)632-2983,phone
PTY005410,person,Robert Jackson,Robert,Jackson,,1942-05-15,nbrown@example.org,+1-871-975-7628x379,email
PTY005411,person,Michael Jacobson,Michael,Jacobson,,1967-12-02,jacquelinefoster@example.net,333.754.7240x189,sms
PTY005412,person,Cindy Montgomery,Cindy,Montgomery,,1941-04-18,robert88@example.com,455-253-5135,sms
PTY005413,person,Steve Perry,Steve,Perry,,1981-02-14,iromero@example.com,984-866-2344x96227,phone
PTY005414,person,Michele Barton,Michele,Barton,,1988-03-27,esmith@example.org,510.391.3434x29664,app
PTY005415,person,Eric Gordon,Eric,Gordon,,1977-09-17,daniel21@example.net,+1-964-420-0090x98786,email
PTY005416,person,Amanda Smith,Amanda,Smith,,2008-01-21,shannon81@example.net,6109353048,app
PTY005417,person,Robert Jimenez,Robert,Jimenez,,2004-10-06,carolinemartinez@example.com,479-390-9742x2350,sms
PTY005418,person,James Weber,James,Weber,,1985-02-08,lopezkerri@example.net,(391)249-6733,app
PTY005419,person,Richard Smith,Richard,Smith,,1980-04-28,katherine05@example.net,(291)695-6393x86516,phone
PTY005420,person,Mariah Patel,Mariah,Patel,,1968-03-08,martinbrett@example.com,001-382-582-1135x916,app
PTY005421,person,Richard Hammond,Richard,Hammond,,1974-01-03,mcintoshkathryn@example.com,001-282-392-9847x835,sms
PTY005422,person,Ricky Willis,Ricky,Willis,,1981-10-06,jamespratt@example.com,359-807-2667,email
PTY005423,person,Derrick Franco,Derrick,Franco,,1966-12-28,nicholashamilton@example.com,681.265.7458x0282,phone
PTY005424,person,Jessica Walters,Jessica,Walters,,1987-06-24,johnsonrenee@example.net,(337)702-6691,phone
PTY005425,person,Tommy Myers,Tommy,Myers,,1951-06-29,norrisryan@example.net,001-224-839-4356x840,email
PTY005426,organization,"Leon, Miranda and Mccarthy",,,"Leon, Miranda and Mccarthy",,matthewcardenas@example.net,849-918-8243,app
PTY005427,person,Michael Herring,Michael,Herring,,1978-06-25,williamspedro@example.org,(977)612-1020,mail
PTY005428,person,John Martinez,John,Martinez,,2006-05-10,brownryan@example.net,3173164544,app
PTY005429,organization,"White, Gill and Rogers",,,"White, Gill and Rogers",,wlewis@example.net,001-884-717-5022x78311,phone
PTY005430,person,Dustin Walls,Dustin,Walls,,1990-07-21,annarios@example.org,001-303-424-0072,phone
PTY005431,person,Curtis Gentry,Curtis,Gentry,,1978-02-05,kelly27@example.org,(509)245-5746,sms
PTY005432,person,Kathryn Carter,Kathryn,Carter,,1957-02-25,danielcoleman@example.org,4772852753,app
PTY005433,person,Peter Garcia,Peter,Garcia,,1953-12-19,mary92@example.net,713.539.7450x214,phone
PTY005434,person,Daniel Richardson,Daniel,Richardson,,1972-12-10,christina86@example.net,+1-264-439-1326x1455,phone
PTY005435,person,Lawrence Stafford,Lawrence,Stafford,,1940-12-04,kevinbailey@example.org,001-419-858-7095,sms
PTY005436,person,Jason Osborne,Jason,Osborne,,1953-03-28,inelson@example.com,+1-553-796-3502,mail
PTY005437,person,Mark Richard,Mark,Richard,,1983-08-15,qbartlett@example.com,(352)386-8384x32476,mail
PTY005438,person,Lance Baker,Lance,Baker,,1975-06-27,johnjohnson@example.net,001-974-644-6871,mail
PTY005439,person,Catherine Mendez,Catherine,Mendez,,2007-05-28,melissa29@example.net,3719796532,phone
PTY005440,person,Danielle Lawrence,Danielle,Lawrence,,1948-01-29,pbowers@example.net,(649)964-6588x94921,app
PTY005441,person,Nathan Flores,Nathan,Flores,,1944-09-14,anthony92@example.com,336-890-2585x525,phone
PTY005442,person,David Weiss,David,Weiss,,1997-10-02,nina01@example.com,+1-455-698-9834x370,email
PTY005443,person,Michelle Williams,Michelle,Williams,,1952-03-10,michaelgutierrez@example.org,900.337.4172,phone
PTY005444,person,John Malone,John,Malone,,1972-01-06,williamsonalexander@example.net,001-401-258-1287x04793,mail
PTY005445,organization,"Smith, Anderson and Campbell",,,"Smith, Anderson and Campbell",,xreid@example.net,863.226.1847,phone
PTY005446,person,Patrick Marsh,Patrick,Marsh,,1956-12-29,ugarcia@example.net,(418)935-3841,phone
PTY005447,person,Jeffrey Johnson,Jeffrey,Johnson,,1991-05-12,annalandry@example.com,280-449-6377,mail
PTY005448,person,Tyler Williams,Tyler,Williams,,1983-09-24,davidunderwood@example.org,+1-258-609-9826x26656,mail
PTY005449,person,Rachel Gardner,Rachel,Gardner,,1941-07-22,amandagross@example.org,(371)676-5347x38352,email
PTY005450,organization,"Jones, Galloway and Davidson",,,"Jones, Galloway and Davidson",,heather71@example.net,+1-930-631-0112,phone
PTY005451,person,Troy Guerrero,Troy,Guerrero,,1960-06-03,lambertlindsey@example.com,+1-967-806-2154x4647,app
PTY005452,person,Daniel Stewart,Daniel,Stewart,,1983-09-14,john66@example.org,(302)484-5181x853,mail
PTY005453,person,Joseph Hoffman,Joseph,Hoffman,,2004-03-14,christophergarcia@example.org,3099578294,email
PTY005454,person,Richard Neal,Richard,Neal,,1998-10-18,sandovaljose@example.org,321.855.0396x801,email
PTY005455,person,Angela Jones,Angela,Jones,,2002-10-26,yking@example.net,492-420-7355x620,phone
PTY005456,person,Brenda Ray,Brenda,Ray,,1997-08-11,tammy31@example.net,+1-994-584-7071,email
PTY005457,person,Lauren Estrada,Lauren,Estrada,,1946-07-22,richard01@example.org,001-499-347-6598x4576,phone
PTY005458,organization,"Sims, Valdez and Moore",,,"Sims, Valdez and Moore",,hamiltondavid@example.org,001-969-361-3873x435,email
PTY005459,person,Heather Mcguire,Heather,Mcguire,,2006-04-17,lovekaitlyn@example.org,377-504-7290x2388,email
PTY005460,organization,"Rosario, Robinson and Anderson",,,"Rosario, Robinson and Anderson",,grantphillip@example.org,(510)281-4409,sms
PTY005461,person,Robert French,Robert,French,,1979-06-13,amy72@example.net,948-946-3462,phone
PTY005462,person,Christopher Hampton,Christopher,Hampton,,1951-05-16,kevin63@example.org,8728731256,mail
PTY005463,organization,Dawson Group,,,Dawson Group,,peter42@example.net,(560)853-3920x3300,mail
PTY005464,person,Laura Mcintyre,Laura,Mcintyre,,1973-10-07,keith42@example.net,411.484.6298x20107,sms
PTY005465,person,Donna Marshall,Donna,Marshall,,1991-09-16,downsjustin@example.net,778.598.3373x20253,mail
PTY005466,person,Christina Mcclure,Christina,Mcclure,,1962-03-09,adam78@example.com,660-374-1688x11346,phone
PTY005467,person,Christine Wolf,Christine,Wolf,,1978-06-11,micheal38@example.net,317.650.0956,app
PTY005468,person,Angelica Patel,Angelica,Patel,,2007-04-02,chapmanclaudia@example.org,593-887-1344x3915,app
PTY005469,person,Victor Hall,Victor,Hall,,1982-11-26,sharon45@example.com,(426)221-3387x960,email
PTY005470,person,Kyle Morris,Kyle,Morris,,1984-05-30,katherinerodriguez@example.net,564-563-1212,email
PTY005471,organization,"Gay, Faulkner and Mccarthy",,,"Gay, Faulkner and Mccarthy",,lucaslauren@example.net,(495)312-4909,sms
PTY005472,person,Alexandra Jacobs,Alexandra,Jacobs,,1993-05-08,brownanthony@example.org,625.931.1290,app
PTY005473,person,Patricia Jackson,Patricia,Jackson,,1993-06-17,abarber@example.org,001-518-651-3250x530,phone
PTY005474,person,Richard Hunt,Richard,Hunt,,1965-07-06,kaitlin24@example.org,001-260-241-1037x4086,phone
PTY005475,person,Kenneth Mathis,Kenneth,Mathis,,1949-02-02,sherylmeadows@example.com,497-784-4376x109,phone
PTY005476,person,Kimberly Ramirez,Kimberly,Ramirez,,1966-01-17,amandaramos@example.net,+1-414-388-1341x57919,mail
PTY005477,person,Gregory Hawkins,Gregory,Hawkins,,1974-01-13,hughestravis@example.org,3072985192,sms
PTY005478,person,Joseph Allen,Joseph,Allen,,1994-05-17,oaguilar@example.com,776-493-4317,phone
PTY005479,person,Jeffrey Johnson,Jeffrey,Johnson,,1990-03-04,elizabeth60@example.org,486-596-6357x346,email
PTY005480,person,Isaiah Stanton,Isaiah,Stanton,,1986-07-20,fosterstacey@example.org,619-475-3328x4093,phone
PTY005481,person,Kristin Cox,Kristin,Cox,,1942-09-16,jerryhenderson@example.com,918-816-2309x270,phone
PTY005482,person,Amanda Miller,Amanda,Miller,,1993-08-14,castrosteven@example.net,001-524-429-9906x39677,sms
PTY005483,person,Kristin Walker,Kristin,Walker,,2004-04-12,daniellewilson@example.org,(383)231-7430x17199,email
PTY005484,organization,Morris-Figueroa,,,Morris-Figueroa,,tblair@example.com,+1-409-997-4164,sms
PTY005485,person,Jeremy Peterson,Jeremy,Peterson,,1964-02-17,tinaaustin@example.org,(202)218-1299x57858,sms
PTY005486,person,Felicia Fisher,Felicia,Fisher,,1978-11-15,rubioscott@example.net,962-438-1277x84016,email
PTY005487,organization,"Norman, Collins and Kelly",,,"Norman, Collins and Kelly",,walkerpatrick@example.com,(487)334-4876,phone
PTY005488,person,Annette Haley,Annette,Haley,,1976-04-29,kendramiller@example.org,278-459-0126,mail
PTY005489,organization,Robinson-Hogan,,,Robinson-Hogan,,allen99@example.org,570-992-6506x482,sms
PTY005490,organization,"Bennett, Chung and Vazquez",,,"Bennett, Chung and Vazquez",,travis26@example.net,883-829-4111,phone
PTY005491,person,Patrick Bowman,Patrick,Bowman,,1994-07-31,cunninghammichelle@example.com,001-916-980-4050x922,phone
PTY005492,person,Gary Myers,Gary,Myers,,1970-05-09,meghanfrank@example.com,+1-630-604-7031x9416,app
PTY005493,person,Jordan Lee,Jordan,Lee,,1997-08-12,andrea42@example.com,(770)884-5043x73712,sms
PTY005494,person,Melissa Johnston,Melissa,Johnston,,2002-03-27,garciajasmine@example.com,+1-948-353-1824x6701,sms
PTY005495,person,Jesse Villegas,Jesse,Villegas,,1965-01-12,jeff18@example.org,(864)915-0795,sms
PTY005496,person,Michele Horne,Michele,Horne,,2004-11-18,cynthia76@example.net,001-412-801-3583x42298,email
PTY005497,person,Kimberly Harper,Kimberly,Harper,,1947-04-18,michelle25@example.com,(987)428-1362x276,phone
PTY005498,person,Seth Andrews,Seth,Andrews,,2006-01-16,sheena13@example.org,879-546-2383,sms
PTY005499,person,Robert Bond,Robert,Bond,,1964-01-12,tuckercarl@example.com,001-812-804-7463x9524,mail
PTY005500,person,James Thomas,James,Thomas,,1992-10-30,gsmith@example.org,907.736.5113x32744,mail
