policy_coverage_id,policy_id,coverage_code,coverage_name,coverage_status,limit_amount,deductible_amount,effective_date,expiration_date
COV000001,POL000101,COLL,Collision,active,393393.4,1098.58,2024-01-20,2025-01-19
COV000002,POL000102,COMP,Comprehensive,active,31156.7,4732.73,2025-02-03,2026-02-03
COV000003,POL000103,PD,Property Damage,active,118123.12,4142.46,2026-08-06,2027-08-06
COV000004,POL000104,COLL,Collision,active,457318.15,2019.08,2025-03-05,2026-03-05
COV000005,POL000105,MED,Medical Payments,active,339509.73,4559.8,2025-11-05,2026-11-05
COV000006,POL000106,COMP,Comprehensive,active,269430.91,645.06,2024-04-04,2025-04-04
COV000007,POL000107,COMP,Comprehensive,active,379830.62,4415.59,2024-02-24,2025-02-23
COV000008,POL000108,PD,Property Damage,active,496400.15,293.15,2023-06-10,2024-06-09
COV000009,POL000109,BI,Bodily Injury,active,214161.66,2322.23,2024-07-30,2025-07-30
COV000010,POL000110,MED,Medical Payments,active,250349.88,3791.35,2026-05-25,2027-05-25
COV000011,POL000111,COLL,Collision,active,131159.28,397.01,2026-08-27,2027-08-27
COV000012,POL000112,COLL,Collision,active,120047.88,1022.51,2023-01-10,2024-01-10
COV000013,POL000113,COMP,Comprehensive,active,253498.51,2839.93,2024-12-14,2025-12-14
COV000014,POL000114,MED,Medical Payments,active,139472.38,1240.57,2025-02-04,2026-02-04
COV000015,POL000115,BI,Bodily Injury,active,235860.96,405.09,2023-05-13,2024-05-12
COV000016,POL000116,PD,Property Damage,active,399163.87,3169.41,2023-11-23,2024-11-22
COV000017,POL000117,MED,Medical Payments,active,73390.06,932.08,2025-12-08,2026-12-08
COV000018,POL000118,COMP,Comprehensive,active,416235.63,2887.14,2024-10-27,2025-10-27
COV000019,POL000119,PD,Property Damage,active,107319.96,3444.15,2026-02-14,2027-02-14
COV000020,POL000120,PD,Property Damage,active,346848.79,4307.99,2023-01-07,2024-01-07
COV000021,POL000121,COMP,Comprehensive,active,276643.98,897.33,2025-04-25,2026-04-25
COV000022,POL000122,COMP,Comprehensive,active,491275.71,922.66,2023-05-12,2024-05-11
COV000023,POL000123,PD,Property Damage,active,133154.79,1635.65,2023-06-10,2024-06-09
COV000024,POL000124,PD,Property Damage,active,93479.23,1684.99,2025-05-18,2026-05-18
COV000025,POL000125,BI,Bodily Injury,active,82765.87,3270.53,2025-11-04,2026-11-04
COV000026,POL000126,PD,Property Damage,active,116343.91,275.56,2024-07-27,2025-07-27
COV000027,POL000127,COLL,Collision,active,415673.3,3974.46,2023-12-21,2024-12-20
COV000028,POL000128,COLL,Collision,active,239697.29,309.68,2025-10-01,2026-10-01
COV000029,POL000129,COLL,Collision,active,76314.49,3279.83,2023-08-09,2024-08-08
COV000030,POL000130,COMP,Comprehensive,active,492164.26,2558.36,2025-07-06,2026-07-06
COV000031,POL000131,PD,Property Damage,active,168351.93,842.42,2024-12-02,2025-12-02
COV000032,POL000132,MED,Medical Payments,active,172807.24,4975.78,2026-02-11,2027-02-11
COV000033,POL000133,MED,Medical Payments,active,420531.52,4676.69,2024-08-04,2025-08-04
COV000034,POL000134,PD,Property Damage,active,356586.99,2943.76,2024-12-29,2025-12-29
COV000035,POL000135,PD,Property Damage,active,359896.96,2317.53,2023-01-09,2024-01-09
COV000036,POL000136,COLL,Collision,active,149110.64,2301.72,2025-06-23,2026-06-23
COV000037,POL000137,MED,Medical Payments,active,29940.11,4773.4,2023-06-23,2024-06-22
COV000038,POL000138,COLL,Collision,active,340825.96,3723.59,2023-12-08,2024-12-07
COV000039,POL000139,COLL,Collision,active,163682.31,2907.04,2026-09-06,2027-09-06
COV000040,POL000140,BI,Bodily Injury,active,324161.56,737.98,2026-02-24,2027-02-24
COV000041,POL000141,COLL,Collision,active,340137.34,4968.62,2025-07-27,2026-07-27
COV000042,POL000142,COLL,Collision,active,79402.41,1581.57,2026-01-15,2027-01-15
COV000043,POL000143,COLL,Collision,active,462514.74,4928.7,2023-03-11,2024-03-10
COV000044,POL000144,COMP,Comprehensive,active,398106.46,3032.2,2025-03-30,2026-03-30
COV000045,POL000145,COLL,Collision,active,227239.74,3977.83,2026-08-26,2027-08-26
COV000046,POL000146,MED,Medical Payments,active,99861.21,2306.8,2025-02-24,2026-02-24
COV000047,POL000147,MED,Medical Payments,active,346831.77,3283.46,2026-07-28,2027-07-28
COV000048,POL000148,BI,Bodily Injury,active,111916.32,4781.09,2024-04-15,2025-04-15
COV000049,POL000149,COLL,Collision,active,424797.51,2410.98,2023-10-06,2024-10-05
COV000050,POL000150,COMP,Comprehensive,active,220029.86,4882.25,2024-03-15,2025-03-15
COV000051,POL000151,COMP,Comprehensive,active,496875.18,2837.69,2026-03-29,2027-03-29
COV000052,POL000152,COMP,Comprehensive,active,364118.35,4066.19,2023-12-02,2024-12-01
COV000053,POL000153,COLL,Collision,active,205047.02,1648.59,2024-05-27,2025-05-27
COV000054,POL000154,COLL,Collision,active,342309.49,4987.46,2026-08-04,2027-08-04
COV000055,POL000155,BI,Bodily Injury,active,47713.46,1159.97,2024-02-01,2025-01-31
COV000056,POL000156,COLL,Collision,active,268064.25,1969.72,2025-07-11,2026-07-11
COV000057,POL000157,PD,Property Damage,active,486042.71,3770.35,2023-01-12,2024-01-12
COV000058,POL000158,MED,Medical Payments,active,61732.82,2554.05,2026-08-31,2027-08-31
COV000059,POL000159,COMP,Comprehensive,active,107109.63,3826.19,2025-11-25,2026-11-25
COV000060,POL000160,COMP,Comprehensive,active,224278.73,1991.76,2024-11-07,2025-11-07
COV000061,POL000161,COMP,Comprehensive,active,100233.42,3363.06,2025-05-15,2026-05-15
COV000062,POL000162,BI,Bodily Injury,active,490754.9,4096.62,2025-11-07,2026-11-07
COV000063,POL000163,COLL,Collision,active,88887.99,4027.49,2023-01-29,2024-01-29
COV000064,POL000164,COLL,Collision,active,296859.56,1166.27,2023-01-27,2024-01-27
COV000065,POL000165,BI,Bodily Injury,active,408357.68,475.54,2025-07-12,2026-07-12
COV000066,POL000166,BI,Bodily Injury,active,116349.49,1525.22,2024-04-19,2025-04-19
COV000067,POL000167,PD,Property Damage,active,48159.82,4006.51,2024-04-20,2025-04-20
COV000068,POL000168,COLL,Collision,active,293162.77,334.28,2023-08-08,2024-08-07
COV000069,POL000169,BI,Bodily Injury,active,327452.25,868.32,2025-12-08,2026-12-08
COV000070,POL000170,BI,Bodily Injury,active,424068.86,4437.44,2023-09-15,2024-09-14
COV000071,POL000171,PD,Property Damage,active,141910.61,2830.54,2023-05-19,2024-05-18
COV000072,POL000172,BI,Bodily Injury,active,431515.77,3156.6,2023-01-30,2024-01-30
COV000073,POL000173,COMP,Comprehensive,active,185799.93,4661.89,2024-10-04,2025-10-04
COV000074,POL000174,COLL,Collision,active,421034.13,2556.27,2023-10-13,2024-10-12
COV000075,POL000175,MED,Medical Payments,active,83630.69,2075.03,2025-05-31,2026-05-31
COV000076,POL000176,BI,Bodily Injury,active,308010.12,1989.78,2023-05-26,2024-05-25
COV000077,POL000177,COMP,Comprehensive,active,379268.82,505.75,2025-08-21,2026-08-21
COV000078,POL000178,COLL,Collision,active,238731.45,3719.28,2026-08-29,2027-08-29
COV000079,POL000179,COMP,Comprehensive,active,360367.7,2306.37,2023-11-26,2024-11-25
COV000080,POL000180,MED,Medical Payments,active,402846.7,4825.62,2024-01-05,2025-01-04
COV000081,POL000181,COLL,Collision,active,178223.95,2145.38,2025-08-24,2026-08-24
COV000082,POL000182,BI,Bodily Injury,active,87858.22,2156.01,2024-03-31,2025-03-31
COV000083,POL000183,COMP,Comprehensive,active,459208.27,4245.92,2023-04-26,2024-04-25
COV000084,POL000184,COLL,Collision,active,42680.83,1030.35,2026-04-29,2027-04-29
COV000085,POL000185,BI,Bodily Injury,active,398342.1,816.71,2024-04-11,2025-04-11
COV000086,POL000186,PD,Property Damage,active,136900.63,2386.79,2024-07-06,2025-07-06
COV000087,POL000187,MED,Medical Payments,active,259076.77,532.45,2023-01-27,2024-01-27
COV000088,POL000188,BI,Bodily Injury,active,27962.57,2766.15,2023-08-15,2024-08-14
COV000089,POL000189,COMP,Comprehensive,active,458330.23,516.03,2023-12-25,2024-12-24
COV000090,POL000190,MED,Medical Payments,active,122443.46,1867.45,2025-04-09,2026-04-09
COV000091,POL000191,COLL,Collision,active,214274.4,3424.37,2023-07-14,2024-07-13
COV000092,POL000192,MED,Medical Payments,active,434644.6,806.43,2023-12-30,2024-12-29
COV000093,POL000193,PD,Property Damage,active,446540.43,4198.88,2025-12-25,2026-12-25
COV000094,POL000194,PD,Property Damage,active,485525.71,3350.4,2026-03-20,2027-03-20
COV000095,POL000195,COLL,Collision,active,47174.5,2115.86,2023-07-30,2024-07-29
COV000096,POL000196,BI,Bodily Injury,active,123109.21,4891.61,2024-04-20,2025-04-20
COV000097,POL000197,BI,Bodily Injury,active,86486.45,4064.06,2025-05-11,2026-05-11
COV000098,POL000198,COLL,Collision,active,40228.55,1420.81,2025-12-25,2026-12-25
COV000099,POL000199,PD,Property Damage,active,452681.17,2241.55,2024-04-02,2025-04-02
COV000100,POL000200,MED,Medical Payments,active,45591.81,680.21,2024-10-17,2025-10-17
COV000101,POL000201,MED,Medical Payments,active,330296.87,2318.15,2024-12-05,2025-12-05
COV000102,POL000202,COLL,Collision,active,364454.98,317.03,2024-05-15,2025-05-15
COV000103,POL000203,COLL,Collision,active,330898.42,353.58,2024-11-25,2025-11-25
COV000104,POL000204,COMP,Comprehensive,active,184237.85,3852.75,2023-10-01,2024-09-30
COV000105,POL000205,BI,Bodily Injury,active,302362.18,1573.17,2024-07-05,2025-07-05
COV000106,POL000206,PD,Property Damage,active,490094.9,1524.39,2025-12-11,2026-12-11
COV000107,POL000207,MED,Medical Payments,active,57072.18,3341.61,2025-02-12,2026-02-12
COV000108,POL000208,BI,Bodily Injury,active,197895.59,457.32,2024-01-04,2025-01-03
COV000109,POL000209,MED,Medical Payments,active,233376.1,3569.11,2026-02-13,2027-02-13
COV000110,POL000210,PD,Property Damage,active,222841.48,1071.06,2024-01-15,2025-01-14
COV000111,POL000211,COMP,Comprehensive,active,184754.0,1832.47,2026-06-04,2027-06-04
COV000112,POL000212,COMP,Comprehensive,active,443534.58,759.68,2024-04-01,2025-04-01
COV000113,POL000213,COMP,Comprehensive,active,366558.62,4986.8,2024-05-07,2025-05-07
COV000114,POL000214,BI,Bodily Injury,active,272637.23,4775.44,2025-01-08,2026-01-08
COV000115,POL000215,BI,Bodily Injury,active,231085.39,368.92,2024-10-13,2025-10-13
COV000116,POL000216,COLL,Collision,active,135646.16,312.72,2023-01-08,2024-01-08
COV000117,POL000217,BI,Bodily Injury,active,362029.13,2058.26,2023-11-21,2024-11-20
COV000118,POL000218,BI,Bodily Injury,active,457607.6,2937.31,2026-06-08,2027-06-08
COV000119,POL000219,BI,Bodily Injury,active,141550.74,4514.23,2025-01-07,2026-01-07
COV000120,POL000220,PD,Property Damage,active,142998.42,1203.47,2025-06-13,2026-06-13
COV000121,POL000221,COMP,Comprehensive,active,402070.65,1069.71,2025-05-05,2026-05-05
COV000122,POL000222,BI,Bodily Injury,active,152667.52,1292.96,2024-08-21,2025-08-21
COV000123,POL000223,PD,Property Damage,active,376827.94,2084.66,2025-12-08,2026-12-08
COV000124,POL000224,COMP,Comprehensive,active,151764.09,2028.82,2025-01-10,2026-01-10
COV000125,POL000225,MED,Medical Payments,active,70279.05,1684.4,2024-03-13,2025-03-13
COV000126,POL000226,COMP,Comprehensive,active,222510.11,705.69,2024-08-24,2025-08-24
COV000127,POL000227,COMP,Comprehensive,active,440953.9,3268.7,2025-11-18,2026-11-18
COV000128,POL000228,COLL,Collision,active,286998.61,1807.31,2023-04-11,2024-04-10
COV000129,POL000229,MED,Medical Payments,active,76923.01,2210.24,2023-06-15,2024-06-14
COV000130,POL000230,COMP,Comprehensive,active,334491.19,336.52,2024-03-31,2025-03-31
COV000131,POL000231,COLL,Collision,active,353233.67,3041.18,2023-07-20,2024-07-19
COV000132,POL000232,MED,Medical Payments,active,70360.33,3355.67,2023-10-22,2024-10-21
COV000133,POL000233,MED,Medical Payments,active,489613.35,388.64,2023-01-06,2024-01-06
COV000134,POL000234,BI,Bodily Injury,active,342875.42,4965.3,2026-03-23,2027-03-23
COV000135,POL000235,BI,Bodily Injury,active,91106.61,2338.34,2025-05-24,2026-05-24
COV000136,POL000236,BI,Bodily Injury,active,211633.99,987.73,2026-09-13,2027-09-13
COV000137,POL000237,MED,Medical Payments,active,277214.93,1036.95,2026-04-25,2027-04-25
COV000138,POL000238,PD,Property Damage,active,151132.7,2862.49,2026-07-22,2027-07-22
COV000139,POL000239,COLL,Collision,active,56791.31,2510.8,2024-07-22,2025-07-22
COV000140,POL000240,COLL,Collision,active,256892.93,3141.39,2024-08-12,2025-08-12
COV000141,POL000241,COMP,Comprehensive,active,40636.94,3966.44,2023-06-05,2024-06-04
COV000142,POL000242,BI,Bodily Injury,active,393251.4,3378.43,2025-12-10,2026-12-10
COV000143,POL000243,PD,Property Damage,active,424930.0,3477.25,2025-08-01,2026-08-01
COV000144,POL000244,COLL,Collision,active,319743.33,4611.69,2023-12-18,2024-12-17
COV000145,POL000245,COLL,Collision,active,169129.39,3314.64,2023-02-22,2024-02-22
COV000146,POL000246,BI,Bodily Injury,active,334424.92,3525.55,2024-06-01,2025-06-01
COV000147,POL000247,COLL,Collision,active,339817.67,639.8,2025-10-20,2026-10-20
COV000148,POL000248,COMP,Comprehensive,active,214220.38,923.11,2023-05-16,2024-05-15
COV000149,POL000249,COLL,Collision,active,220570.27,1828.13,2026-03-31,2027-03-31
COV000150,POL000250,MED,Medical Payments,active,189739.75,918.39,2026-01-29,2027-01-29
COV000151,POL000251,COMP,Comprehensive,active,56568.25,4012.29,2024-12-26,2025-12-26
COV000152,POL000252,PD,Property Damage,active,263403.1,3240.92,2023-11-20,2024-11-19
COV000153,POL000253,PD,Property Damage,active,206447.77,768.81,2023-04-27,2024-04-26
COV000154,POL000254,COMP,Comprehensive,active,110046.68,972.69,2026-05-14,2027-05-14
COV000155,POL000255,MED,Medical Payments,active,462575.92,3398.59,2023-12-12,2024-12-11
COV000156,POL000256,COLL,Collision,active,161328.01,3033.76,2024-05-05,2025-05-05
COV000157,POL000257,MED,Medical Payments,active,188314.06,831.04,2024-04-20,2025-04-20
COV000158,POL000258,COLL,Collision,active,481237.92,599.94,2026-04-27,2027-04-27
COV000159,POL000259,COMP,Comprehensive,active,452271.21,2813.2,2024-04-05,2025-04-05
COV000160,POL000260,COMP,Comprehensive,active,151624.01,2036.78,2024-08-11,2025-08-11
COV000161,POL000261,COMP,Comprehensive,active,350737.48,4815.54,2025-11-21,2026-11-21
COV000162,POL000262,BI,Bodily Injury,active,378946.33,3332.7,2025-11-12,2026-11-12
COV000163,POL000263,COLL,Collision,active,478435.61,901.0,2023-08-30,2024-08-29
COV000164,POL000264,BI,Bodily Injury,active,237136.84,1516.44,2026-06-12,2027-06-12
COV000165,POL000265,BI,Bodily Injury,active,88622.4,4859.89,2024-04-19,2025-04-19
COV000166,POL000266,MED,Medical Payments,active,44319.56,4884.15,2023-01-21,2024-01-21
COV000167,POL000267,MED,Medical Payments,active,263521.48,3714.33,2024-07-21,2025-07-21
COV000168,POL000268,COMP,Comprehensive,active,57057.33,4991.16,2025-09-07,2026-09-07
COV000169,POL000269,COLL,Collision,active,325784.63,3676.51,2025-06-25,2026-06-25
COV000170,POL000270,PD,Property Damage,active,203158.21,4311.31,2025-08-20,2026-08-20
COV000171,POL000271,PD,Property Damage,active,68136.23,1302.59,2024-01-31,2025-01-30
COV000172,POL000272,COMP,Comprehensive,active,302938.93,2264.06,2025-12-28,2026-12-28
COV000173,POL000273,COLL,Collision,active,268264.01,3668.12,2025-01-17,2026-01-17
COV000174,POL000274,PD,Property Damage,active,321343.21,4734.52,2024-11-03,2025-11-03
COV000175,POL000275,PD,Property Damage,active,76525.62,3050.32,2024-08-16,2025-08-16
COV000176,POL000276,PD,Property Damage,active,283451.18,1877.13,2025-03-30,2026-03-30
COV000177,POL000277,PD,Property Damage,active,103908.88,3172.89,2026-02-07,2027-02-07
COV000178,POL000278,BI,Bodily Injury,active,477007.71,1727.73,2023-11-17,2024-11-16
COV000179,POL000279,PD,Property Damage,active,428032.27,626.76,2026-07-02,2027-07-02
COV000180,POL000280,COMP,Comprehensive,active,439407.14,1726.3,2025-03-24,2026-03-24
COV000181,POL000281,MED,Medical Payments,active,353487.2,3242.08,2026-02-18,2027-02-18
COV000182,POL000282,BI,Bodily Injury,active,147352.92,3213.33,2024-06-04,2025-06-04
COV000183,POL000283,MED,Medical Payments,active,389912.45,3396.36,2024-07-11,2025-07-11
COV000184,POL000284,PD,Property Damage,active,62126.11,4344.24,2023-03-17,2024-03-16
COV000185,POL000285,PD,Property Damage,active,33218.09,3389.96,2023-05-19,2024-05-18
COV000186,POL000286,COMP,Comprehensive,active,417192.33,3017.09,2026-03-23,2027-03-23
COV000187,POL000287,COMP,Comprehensive,active,141136.05,3616.29,2023-03-06,2024-03-05
COV000188,POL000288,MED,Medical Payments,active,156516.17,4248.11,2026-01-13,2027-01-13
COV000189,POL000289,BI,Bodily Injury,active,466417.61,4211.09,2023-02-11,2024-02-11
COV000190,POL000290,MED,Medical Payments,active,124293.06,2425.97,2025-05-29,2026-05-29
COV000191,POL000291,MED,Medical Payments,active,462354.93,1534.16,2023-11-27,2024-11-26
COV000192,POL000292,BI,Bodily Injury,active,26593.92,1639.89,2025-07-18,2026-07-18
COV000193,POL000293,BI,Bodily Injury,active,149811.41,4959.41,2025-03-03,2026-03-03
COV000194,POL000294,COLL,Collision,active,221915.08,1585.26,2023-05-24,2024-05-23
COV000195,POL000295,COLL,Collision,active,128026.85,4416.27,2025-05-09,2026-05-09
COV000196,POL000296,MED,Medical Payments,active,104259.37,4207.43,2023-11-24,2024-11-23
COV000197,POL000297,BI,Bodily Injury,active,278247.07,4419.98,2026-04-16,2027-04-16
COV000198,POL000298,BI,Bodily Injury,active,444028.21,2236.75,2025-12-29,2026-12-29
COV000199,POL000299,MED,Medical Payments,active,379235.43,2834.57,2025-04-08,2026-04-08
COV000200,POL000300,PD,Property Damage,active,381601.67,951.89,2024-11-16,2025-11-16
COV000201,POL000301,COMP,Comprehensive,active,51555.77,796.64,2024-07-23,2025-07-23
COV000202,POL000302,PD,Property Damage,active,425309.16,4672.11,2026-03-04,2027-03-04
COV000203,POL000303,BI,Bodily Injury,active,393694.11,2818.24,2026-06-28,2027-06-28
COV000204,POL000304,BI,Bodily Injury,active,470141.95,2455.56,2024-09-17,2025-09-17
COV000205,POL000305,PD,Property Damage,active,459876.68,747.27,2025-01-26,2026-01-26
COV000206,POL000306,MED,Medical Payments,active,245278.41,1992.27,2025-05-15,2026-05-15
COV000207,POL000307,BI,Bodily Injury,active,240945.97,963.97,2026-04-11,2027-04-11
COV000208,POL000308,MED,Medical Payments,active,469284.24,2893.63,2024-11-07,2025-11-07
COV000209,POL000309,BI,Bodily Injury,active,229653.62,4556.09,2024-06-13,2025-06-13
COV000210,POL000310,COMP,Comprehensive,active,330432.5,3403.57,2023-08-24,2024-08-23
COV000211,POL000311,COLL,Collision,active,196792.46,2009.44,2024-10-20,2025-10-20
COV000212,POL000312,COMP,Comprehensive,active,488284.71,4655.86,2026-02-21,2027-02-21
COV000213,POL000313,BI,Bodily Injury,active,404071.43,2318.38,2023-05-03,2024-05-02
COV000214,POL000314,COLL,Collision,active,64240.08,576.19,2023-10-20,2024-10-19
COV000215,POL000315,PD,Property Damage,active,405383.19,2363.69,2026-02-17,2027-02-17
COV000216,POL000316,PD,Property Damage,active,345724.48,4313.32,2024-04-04,2025-04-04
COV000217,POL000317,COMP,Comprehensive,active,148061.81,1247.7,2023-05-01,2024-04-30
COV000218,POL000318,BI,Bodily Injury,active,356834.98,3241.53,2025-03-23,2026-03-23
COV000219,POL000319,COLL,Collision,active,69643.49,599.45,2025-06-15,2026-06-15
COV000220,POL000320,COLL,Collision,active,305490.44,777.02,2025-08-17,2026-08-17
COV000221,POL000321,COMP,Comprehensive,active,394064.38,4527.78,2024-08-28,2025-08-28
COV000222,POL000322,BI,Bodily Injury,active,265846.92,2988.54,2024-08-25,2025-08-25
COV000223,POL000323,MED,Medical Payments,active,466558.44,494.84,2025-04-13,2026-04-13
COV000224,POL000324,BI,Bodily Injury,active,442482.92,3461.16,2023-03-12,2024-03-11
COV000225,POL000325,COMP,Comprehensive,active,312972.01,994.68,2024-04-20,2025-04-20
COV000226,POL000326,MED,Medical Payments,active,151601.21,4037.07,2023-09-16,2024-09-15
COV000227,POL000327,MED,Medical Payments,active,321844.86,2154.83,2025-11-15,2026-11-15
COV000228,POL000328,BI,Bodily Injury,active,218643.02,2202.74,2025-03-11,2026-03-11
COV000229,POL000329,BI,Bodily Injury,active,80331.33,2017.72,2024-01-14,2025-01-13
COV000230,POL000330,BI,Bodily Injury,active,379391.36,694.31,2025-08-23,2026-08-23
COV000231,POL000331,BI,Bodily Injury,active,427205.08,995.15,2025-06-03,2026-06-03
COV000232,POL000332,COLL,Collision,active,134684.26,2869.94,2023-01-09,2024-01-09
COV000233,POL000333,COLL,Collision,active,215784.34,1955.36,2026-03-03,2027-03-03
COV000234,POL000334,COLL,Collision,active,448362.83,3140.02,2025-06-08,2026-06-08
COV000235,POL000335,COMP,Comprehensive,active,254203.11,2943.25,2023-05-19,2024-05-18
COV000236,POL000336,PD,Property Damage,active,151034.58,3352.46,2024-01-18,2025-01-17
COV000237,POL000337,MED,Medical Payments,active,223666.13,1739.32,2026-08-31,2027-08-31
COV000238,POL000338,COLL,Collision,active,207757.32,2608.45,2023-08-14,2024-08-13
COV000239,POL000339,PD,Property Damage,active,333119.63,956.01,2025-10-16,2026-10-16
COV000240,POL000340,COLL,Collision,active,105899.19,4224.31,2025-03-27,2026-03-27
COV000241,POL000341,BI,Bodily Injury,active,214199.6,1158.85,2024-12-04,2025-12-04
COV000242,POL000342,MED,Medical Payments,active,354672.67,824.62,2026-02-23,2027-02-23
COV000243,POL000343,BI,Bodily Injury,active,356477.38,602.88,2023-02-21,2024-02-21
COV000244,POL000344,BI,Bodily Injury,active,39408.54,3092.74,2023-06-28,2024-06-27
COV000245,POL000345,MED,Medical Payments,active,76418.68,3217.26,2024-02-16,2025-02-15
COV000246,POL000346,MED,Medical Payments,active,275349.79,4922.57,2023-12-20,2024-12-19
COV000247,POL000347,COMP,Comprehensive,active,273321.78,4781.22,2025-12-21,2026-12-21
COV000248,POL000348,BI,Bodily Injury,active,128553.8,645.85,2023-11-23,2024-11-22
COV000249,POL000349,BI,Bodily Injury,active,115278.77,1799.97,2025-02-10,2026-02-10
COV000250,POL000350,MED,Medical Payments,active,37473.24,2459.71,2024-05-23,2025-05-23
COV000251,POL000351,BI,Bodily Injury,active,51917.31,3052.27,2025-07-09,2026-07-09
COV000252,POL000352,PD,Property Damage,active,52487.0,3506.36,2025-12-17,2026-12-17
COV000253,POL000353,COMP,Comprehensive,active,424656.76,3006.72,2026-02-17,2027-02-17
COV000254,POL000354,MED,Medical Payments,active,250976.83,1959.9,2024-05-29,2025-05-29
COV000255,POL000355,COLL,Collision,active,132242.66,3372.65,2025-04-02,2026-04-02
COV000256,POL000356,COMP,Comprehensive,active,143686.23,3697.4,2023-01-30,2024-01-30
COV000257,POL000357,COLL,Collision,active,284748.43,789.09,2026-05-30,2027-05-30
COV000258,POL000358,COLL,Collision,active,207525.5,4178.94,2023-09-05,2024-09-04
COV000259,POL000359,BI,Bodily Injury,active,29299.35,4369.8,2026-02-06,2027-02-06
COV000260,POL000360,PD,Property Damage,active,210702.0,2461.37,2024-03-29,2025-03-29
COV000261,POL000361,COMP,Comprehensive,active,252240.65,3825.59,2026-04-23,2027-04-23
COV000262,POL000362,BI,Bodily Injury,active,271112.2,1823.3,2025-04-21,2026-04-21
COV000263,POL000363,MED,Medical Payments,active,418697.9,3621.82,2023-06-03,2024-06-02
COV000264,POL000364,COLL,Collision,active,260135.79,4410.17,2024-06-12,2025-06-12
COV000265,POL000365,PD,Property Damage,active,126756.87,2277.17,2024-01-25,2025-01-24
COV000266,POL000366,PD,Property Damage,active,219974.99,1630.65,2026-02-20,2027-02-20
COV000267,POL000367,COMP,Comprehensive,active,213349.23,4532.32,2023-12-19,2024-12-18
COV000268,POL000368,COMP,Comprehensive,active,482224.09,2379.05,2024-06-15,2025-06-15
COV000269,POL000369,PD,Property Damage,active,56609.19,4479.34,2023-09-03,2024-09-02
COV000270,POL000370,PD,Property Damage,active,495936.57,4364.22,2024-03-08,2025-03-08
COV000271,POL000371,MED,Medical Payments,active,314313.79,2356.33,2026-03-12,2027-03-12
COV000272,POL000372,PD,Property Damage,active,250339.0,2361.26,2024-12-21,2025-12-21
COV000273,POL000373,BI,Bodily Injury,active,154874.08,3077.94,2024-01-25,2025-01-24
COV000274,POL000374,BI,Bodily Injury,active,108565.59,2021.3,2023-10-30,2024-10-29
COV000275,POL000375,PD,Property Damage,active,319391.98,3476.67,2024-01-17,2025-01-16
COV000276,POL000376,COMP,Comprehensive,active,121303.07,3142.66,2025-01-13,2026-01-13
COV000277,POL000377,COLL,Collision,active,294558.44,1559.07,2023-01-28,2024-01-28
COV000278,POL000378,COMP,Comprehensive,active,29618.45,3417.82,2025-11-27,2026-11-27
COV000279,POL000379,COMP,Comprehensive,active,286875.41,2211.02,2026-08-01,2027-08-01
COV000280,POL000380,COLL,Collision,active,275015.9,4319.0,2023-09-13,2024-09-12
COV000281,POL000381,MED,Medical Payments,active,412725.19,2361.93,2026-06-09,2027-06-09
COV000282,POL000382,PD,Property Damage,active,196331.51,1822.11,2025-07-27,2026-07-27
COV000283,POL000383,PD,Property Damage,active,439181.81,1149.13,2023-06-19,2024-06-18
COV000284,POL000384,PD,Property Damage,active,155331.5,4112.8,2024-02-26,2025-02-25
COV000285,POL000385,PD,Property Damage,active,114453.32,4886.48,2023-03-09,2024-03-08
COV000286,POL000386,MED,Medical Payments,active,454556.34,3674.83,2025-10-15,2026-10-15
COV000287,POL000387,PD,Property Damage,active,101995.96,4852.33,2023-02-06,2024-02-06
COV000288,POL000388,MED,Medical Payments,active,158987.6,3172.57,2025-07-20,2026-07-20
COV000289,POL000389,BI,Bodily Injury,active,485952.45,4967.37,2024-07-31,2025-07-31
COV000290,POL000390,BI,Bodily Injury,active,75851.38,955.58,2023-09-11,2024-09-10
COV000291,POL000391,PD,Property Damage,active,296502.3,801.68,2026-03-19,2027-03-19
COV000292,POL000392,PD,Property Damage,active,344567.41,3049.5,2024-06-10,2025-06-10
COV000293,POL000393,BI,Bodily Injury,active,441520.57,1687.57,2023-05-06,2024-05-05
COV000294,POL000394,BI,Bodily Injury,active,234875.56,2543.53,2025-08-17,2026-08-17
COV000295,POL000395,COMP,Comprehensive,active,321339.79,4560.07,2025-07-04,2026-07-04
COV000296,POL000396,MED,Medical Payments,active,108092.75,2669.65,2024-01-21,2025-01-20
COV000297,POL000397,PD,Property Damage,active,165477.79,2007.94,2024-04-07,2025-04-07
COV000298,POL000398,BI,Bodily Injury,active,78113.72,3055.22,2025-10-05,2026-10-05
COV000299,POL000399,COLL,Collision,active,446093.58,4229.54,2024-11-25,2025-11-25
COV000300,POL000400,COLL,Collision,active,39652.27,4063.35,2024-01-18,2025-01-17
COV000301,POL000401,COMP,Comprehensive,active,320881.7,598.01,2025-02-14,2026-02-14
COV000302,POL000402,COLL,Collision,active,299432.2,3142.86,2025-12-30,2026-12-30
COV000303,POL000403,COMP,Comprehensive,active,367714.18,3307.04,2024-08-07,2025-08-07
COV000304,POL000404,COLL,Collision,active,245055.52,929.42,2024-09-29,2025-09-29
COV000305,POL000405,COLL,Collision,active,154649.93,4596.43,2024-05-15,2025-05-15
COV000306,POL000406,COLL,Collision,active,313228.58,4590.98,2026-08-01,2027-08-01
COV000307,POL000407,COLL,Collision,active,94777.51,4690.46,2026-08-14,2027-08-14
COV000308,POL000408,COLL,Collision,active,425525.87,1084.1,2025-12-11,2026-12-11
COV000309,POL000409,MED,Medical Payments,active,357852.2,4728.94,2024-03-16,2025-03-16
COV000310,POL000410,COLL,Collision,active,311760.81,382.69,2024-08-18,2025-08-18
COV000311,POL000411,BI,Bodily Injury,active,217078.7,2686.65,2023-05-13,2024-05-12
COV000312,POL000412,COMP,Comprehensive,active,476082.65,2119.22,2026-07-19,2027-07-19
COV000313,POL000413,PD,Property Damage,active,278154.57,4760.56,2025-10-09,2026-10-09
COV000314,POL000414,COMP,Comprehensive,active,198731.4,2349.62,2025-02-15,2026-02-15
COV000315,POL000415,COLL,Collision,active,115617.22,4907.47,2025-10-07,2026-10-07
COV000316,POL000416,MED,Medical Payments,active,429566.85,2430.19,2023-11-11,2024-11-10
COV000317,POL000417,BI,Bodily Injury,active,66461.95,4385.39,2023-09-10,2024-09-09
COV000318,POL000418,COMP,Comprehensive,active,161957.3,3157.29,2025-04-15,2026-04-15
COV000319,POL000419,COMP,Comprehensive,active,291781.31,2481.48,2025-09-27,2026-09-27
COV000320,POL000420,COMP,Comprehensive,active,218689.68,4777.08,2023-03-29,2024-03-28
COV000321,POL000421,COMP,Comprehensive,active,173340.14,1315.86,2023-01-17,2024-01-17
COV000322,POL000422,PD,Property Damage,active,102893.83,2798.02,2025-09-17,2026-09-17
COV000323,POL000423,COMP,Comprehensive,active,467783.73,619.4,2026-08-05,2027-08-05
COV000324,POL000424,COLL,Collision,active,262535.74,1291.62,2025-11-23,2026-11-23
COV000325,POL000425,PD,Property Damage,active,489566.31,3693.11,2023-09-12,2024-09-11
COV000326,POL000426,MED,Medical Payments,active,362563.78,3615.25,2024-03-20,2025-03-20
COV000327,POL000427,COLL,Collision,active,26816.97,2707.69,2025-06-03,2026-06-03
COV000328,POL000428,COMP,Comprehensive,active,208431.14,4635.3,2024-05-28,2025-05-28
COV000329,POL000429,COLL,Collision,active,488043.63,409.34,2024-10-22,2025-10-22
COV000330,POL000430,PD,Property Damage,active,161695.56,3939.82,2023-07-08,2024-07-07
COV000331,POL000431,BI,Bodily Injury,active,385066.07,766.4,2026-07-09,2027-07-09
COV000332,POL000432,COLL,Collision,active,321425.71,3123.37,2026-03-26,2027-03-26
COV000333,POL000433,BI,Bodily Injury,active,396111.81,2568.64,2025-04-24,2026-04-24
COV000334,POL000434,MED,Medical Payments,active,461463.35,2818.39,2023-07-04,2024-07-03
COV000335,POL000435,COMP,Comprehensive,active,289551.25,1763.75,2025-05-16,2026-05-16
COV000336,POL000436,PD,Property Damage,active,257859.91,3557.85,2024-12-14,2025-12-14
COV000337,POL000437,BI,Bodily Injury,active,195499.18,4562.49,2023-10-23,2024-10-22
COV000338,POL000438,COLL,Collision,active,177732.1,316.84,2024-10-17,2025-10-17
COV000339,POL000439,PD,Property Damage,active,485113.42,2271.87,2025-10-19,2026-10-19
COV000340,POL000440,PD,Property Damage,active,113987.55,1692.93,2025-03-01,2026-03-01
COV000341,POL000441,COLL,Collision,active,424587.05,3929.98,2025-02-14,2026-02-14
COV000342,POL000442,PD,Property Damage,active,117132.75,1066.52,2026-03-19,2027-03-19
COV000343,POL000443,MED,Medical Payments,active,491190.37,3300.42,2026-04-03,2027-04-03
COV000344,POL000444,MED,Medical Payments,active,408116.4,2417.95,2024-11-20,2025-11-20
COV000345,POL000445,MED,Medical Payments,active,469668.13,627.97,2025-03-17,2026-03-17
COV000346,POL000446,BI,Bodily Injury,active,399922.47,1257.63,2025-01-04,2026-01-04
COV000347,POL000447,COLL,Collision,active,133777.38,2247.26,2026-08-20,2027-08-20
COV000348,POL000448,BI,Bodily Injury,active,404083.77,3929.15,2024-02-23,2025-02-22
COV000349,POL000449,COLL,Collision,active,242343.06,770.98,2025-09-02,2026-09-02
COV000350,POL000450,COLL,Collision,active,305174.7,4816.64,2025-09-15,2026-09-15
COV000351,POL000451,MED,Medical Payments,active,233205.21,569.39,2026-01-19,2027-01-19
COV000352,POL000452,PD,Property Damage,active,215555.91,2575.92,2024-09-02,2025-09-02
COV000353,POL000453,COMP,Comprehensive,active,55453.75,4026.29,2026-05-24,2027-05-24
COV000354,POL000454,PD,Property Damage,active,218322.98,3525.37,2023-01-20,2024-01-20
COV000355,POL000455,MED,Medical Payments,active,259168.24,508.07,2023-08-03,2024-08-02
COV000356,POL000456,PD,Property Damage,active,467642.36,4950.26,2024-06-20,2025-06-20
COV000357,POL000457,BI,Bodily Injury,active,499325.99,905.72,2026-01-02,2027-01-02
COV000358,POL000458,BI,Bodily Injury,active,342196.79,4630.13,2026-05-29,2027-05-29
COV000359,POL000459,BI,Bodily Injury,active,410504.72,835.82,2026-04-24,2027-04-24
COV000360,POL000460,MED,Medical Payments,active,405202.67,4475.62,2025-01-16,2026-01-16
COV000361,POL000461,BI,Bodily Injury,active,313199.17,2164.74,2026-01-24,2027-01-24
COV000362,POL000462,PD,Property Damage,active,242881.85,768.96,2023-11-06,2024-11-05
COV000363,POL000463,COLL,Collision,active,250555.81,4199.89,2024-04-27,2025-04-27
COV000364,POL000464,MED,Medical Payments,active,319991.79,2882.22,2025-10-16,2026-10-16
COV000365,POL000465,COMP,Comprehensive,active,93649.79,2569.01,2024-09-07,2025-09-07
COV000366,POL000466,COLL,Collision,active,374099.73,4166.72,2025-10-18,2026-10-18
COV000367,POL000467,MED,Medical Payments,active,425966.98,294.38,2023-11-06,2024-11-05
COV000368,POL000468,COMP,Comprehensive,active,282396.94,4643.24,2026-02-01,2027-02-01
COV000369,POL000469,BI,Bodily Injury,active,85823.2,2186.76,2025-09-10,2026-09-10
COV000370,POL000470,PD,Property Damage,active,374779.03,2683.79,2024-11-24,2025-11-24
COV000371,POL000471,COLL,Collision,active,441249.07,2482.06,2026-02-25,2027-02-25
COV000372,POL000472,BI,Bodily Injury,active,153490.23,3188.39,2025-10-04,2026-10-04
COV000373,POL000473,MED,Medical Payments,active,241709.97,730.89,2024-03-10,2025-03-10
COV000374,POL000474,COMP,Comprehensive,active,275022.06,4327.08,2026-07-22,2027-07-22
COV000375,POL000475,MED,Medical Payments,active,378994.52,846.29,2025-06-28,2026-06-28
COV000376,POL000476,COLL,Collision,active,288515.06,715.96,2026-03-28,2027-03-28
COV000377,POL000477,PD,Property Damage,active,351514.97,3080.6,2025-10-25,2026-10-25
COV000378,POL000478,PD,Property Damage,active,127075.07,4923.22,2024-08-17,2025-08-17
COV000379,POL000479,MED,Medical Payments,active,61429.16,2584.61,2023-12-04,2024-12-03
COV000380,POL000480,MED,Medical Payments,active,126615.06,2632.05,2023-09-25,2024-09-24
COV000381,POL000481,COMP,Comprehensive,active,100417.77,1751.38,2026-05-03,2027-05-03
COV000382,POL000482,BI,Bodily Injury,active,457090.17,884.73,2025-04-19,2026-04-19
COV000383,POL000483,COLL,Collision,active,56612.45,282.63,2026-05-27,2027-05-27
COV000384,POL000484,BI,Bodily Injury,active,368823.83,2755.43,2025-03-07,2026-03-07
COV000385,POL000485,PD,Property Damage,active,252624.51,1747.49,2025-12-09,2026-12-09
COV000386,POL000486,COMP,Comprehensive,active,115779.24,2942.33,2024-12-10,2025-12-10
COV000387,POL000487,MED,Medical Payments,active,358851.92,4888.57,2026-06-07,2027-06-07
COV000388,POL000488,COLL,Collision,active,364786.78,3233.19,2023-05-13,2024-05-12
COV000389,POL000489,PD,Property Damage,active,470465.43,994.8,2025-09-07,2026-09-07
COV000390,POL000490,COMP,Comprehensive,active,497805.98,1019.4,2023-11-20,2024-11-19
COV000391,POL000491,COLL,Collision,active,391385.46,2352.47,2025-01-26,2026-01-26
COV000392,POL000492,BI,Bodily Injury,active,66314.28,4640.98,2026-02-26,2027-02-26
COV000393,POL000493,PD,Property Damage,active,186641.29,899.75,2026-01-06,2027-01-06
COV000394,POL000494,MED,Medical Payments,active,345111.32,1386.93,2023-03-24,2024-03-23
COV000395,POL000495,BI,Bodily Injury,active,498949.53,2424.14,2024-10-16,2025-10-16
COV000396,POL000496,COLL,Collision,active,92353.42,3697.9,2025-01-16,2026-01-16
COV000397,POL000497,COLL,Collision,active,232097.37,2533.93,2024-07-21,2025-07-21
COV000398,POL000498,COMP,Comprehensive,active,272824.5,383.71,2025-08-19,2026-08-19
COV000399,POL000499,COMP,Comprehensive,active,207350.22,4950.88,2025-04-12,2026-04-12
COV000400,POL000500,BI,Bodily Injury,active,133993.87,3614.45,2025-01-24,2026-01-24
COV000401,POL000501,COLL,Collision,active,215869.13,4580.01,2023-02-11,2024-02-11
COV000402,POL000502,BI,Bodily Injury,active,368992.27,3161.38,2023-01-01,2024-01-01
COV000403,POL000503,COLL,Collision,active,93178.78,1692.56,2025-10-29,2026-10-29
COV000404,POL000504,BI,Bodily Injury,active,121092.34,3705.4,2025-05-20,2026-05-20
COV000405,POL000505,COLL,Collision,active,28040.7,3062.18,2024-05-21,2025-05-21
COV000406,POL000506,BI,Bodily Injury,active,337178.24,4030.01,2026-03-12,2027-03-12
COV000407,POL000507,BI,Bodily Injury,active,216069.98,590.71,2023-04-24,2024-04-23
COV000408,POL000508,COLL,Collision,active,322655.0,4361.06,2025-06-27,2026-06-27
COV000409,POL000509,COMP,Comprehensive,active,351138.83,4815.51,2023-02-25,2024-02-25
COV000410,POL000510,COLL,Collision,active,422957.6,3490.33,2023-10-30,2024-10-29
COV000411,POL000511,PD,Property Damage,active,229234.46,4902.55,2025-03-01,2026-03-01
COV000412,POL000512,COLL,Collision,active,178128.0,1842.81,2025-05-21,2026-05-21
COV000413,POL000513,COMP,Comprehensive,active,124539.57,4785.09,2026-02-02,2027-02-02
COV000414,POL000514,COLL,Collision,active,29782.17,1002.17,2026-04-23,2027-04-23
COV000415,POL000515,MED,Medical Payments,active,155196.99,2098.12,2025-10-22,2026-10-22
COV000416,POL000516,PD,Property Damage,active,159537.12,514.17,2026-02-01,2027-02-01
COV000417,POL000517,MED,Medical Payments,active,122205.92,2396.64,2026-07-07,2027-07-07
COV000418,POL000518,COMP,Comprehensive,active,307635.44,4925.8,2025-07-17,2026-07-17
COV000419,POL000519,COMP,Comprehensive,active,274531.48,4276.88,2025-04-17,2026-04-17
COV000420,POL000520,BI,Bodily Injury,active,403743.78,1264.83,2024-10-12,2025-10-12
COV000421,POL000521,BI,Bodily Injury,active,248752.33,4013.95,2025-09-17,2026-09-17
COV000422,POL000522,BI,Bodily Injury,active,381100.33,2040.51,2026-02-14,2027-02-14
COV000423,POL000523,BI,Bodily Injury,active,376975.94,2209.92,2023-06-22,2024-06-21
COV000424,POL000524,COMP,Comprehensive,active,75336.97,2742.57,2024-01-29,2025-01-28
COV000425,POL000525,COLL,Collision,active,314959.67,3448.51,2026-02-19,2027-02-19
COV000426,POL000526,COMP,Comprehensive,active,369588.6,3257.23,2025-11-22,2026-11-22
COV000427,POL000527,COLL,Collision,active,358373.27,4222.67,2025-05-21,2026-05-21
COV000428,POL000528,COMP,Comprehensive,active,384018.99,3366.28,2025-01-30,2026-01-30
COV000429,POL000529,COMP,Comprehensive,active,494734.38,330.56,2024-10-31,2025-10-31
COV000430,POL000530,COMP,Comprehensive,active,258639.18,2220.2,2023-09-25,2024-09-24
COV000431,POL000531,COMP,Comprehensive,active,299550.33,3223.9,2025-12-27,2026-12-27
COV000432,POL000532,MED,Medical Payments,active,111768.2,1694.86,2024-10-17,2025-10-17
COV000433,POL000533,BI,Bodily Injury,active,295799.25,1725.25,2025-10-28,2026-10-28
COV000434,POL000534,COMP,Comprehensive,active,365032.17,543.29,2023-02-13,2024-02-13
COV000435,POL000535,COMP,Comprehensive,active,389017.73,2152.66,2023-05-02,2024-05-01
COV000436,POL000536,COMP,Comprehensive,active,378595.94,626.39,2023-01-29,2024-01-29
COV000437,POL000537,BI,Bodily Injury,active,363363.47,4260.1,2026-07-24,2027-07-24
COV000438,POL000538,BI,Bodily Injury,active,48960.34,1091.09,2024-08-05,2025-08-05
COV000439,POL000539,PD,Property Damage,active,97097.85,3486.01,2023-03-26,2024-03-25
COV000440,POL000540,COMP,Comprehensive,active,456739.79,2254.43,2026-02-08,2027-02-08
COV000441,POL000541,MED,Medical Payments,active,318861.61,2244.72,2026-06-29,2027-06-29
COV000442,POL000542,PD,Property Damage,active,168608.48,4316.98,2024-11-11,2025-11-11
COV000443,POL000543,BI,Bodily Injury,active,447754.2,3991.61,2024-04-06,2025-04-06
COV000444,POL000544,BI,Bodily Injury,active,428344.69,2733.71,2025-09-24,2026-09-24
COV000445,POL000545,BI,Bodily Injury,active,280166.02,3598.05,2023-07-19,2024-07-18
COV000446,POL000546,COLL,Collision,active,196271.8,3711.22,2024-08-30,2025-08-30
COV000447,POL000547,MED,Medical Payments,active,206433.72,1669.35,2024-05-22,2025-05-22
COV000448,POL000548,MED,Medical Payments,active,97213.35,4817.55,2024-03-09,2025-03-09
COV000449,POL000549,BI,Bodily Injury,active,353704.11,4276.6,2026-01-18,2027-01-18
COV000450,POL000550,PD,Property Damage,active,413647.43,2061.94,2023-08-02,2024-08-01
COV000451,POL000551,COLL,Collision,active,381527.7,2524.81,2026-04-01,2027-04-01
COV000452,POL000552,BI,Bodily Injury,active,105949.06,1075.02,2026-04-23,2027-04-23
COV000453,POL000553,MED,Medical Payments,active,249872.98,2556.97,2026-02-22,2027-02-22
COV000454,POL000554,COMP,Comprehensive,active,151836.4,4652.72,2026-05-19,2027-05-19
COV000455,POL000555,BI,Bodily Injury,active,280935.85,2932.56,2025-02-19,2026-02-19
COV000456,POL000556,BI,Bodily Injury,active,133047.64,3113.2,2025-06-18,2026-06-18
COV000457,POL000557,COMP,Comprehensive,active,42457.21,498.34,2023-09-18,2024-09-17
COV000458,POL000558,COLL,Collision,active,91759.72,3727.84,2026-04-11,2027-04-11
COV000459,POL000559,PD,Property Damage,active,175771.99,3577.55,2025-09-27,2026-09-27
COV000460,POL000560,COLL,Collision,active,72973.49,1124.18,2026-06-17,2027-06-17
COV000461,POL000561,BI,Bodily Injury,active,303676.02,4638.83,2023-07-03,2024-07-02
COV000462,POL000562,MED,Medical Payments,active,64529.3,1117.91,2023-12-20,2024-12-19
COV000463,POL000563,BI,Bodily Injury,active,96537.48,3982.8,2025-05-04,2026-05-04
COV000464,POL000564,MED,Medical Payments,active,412467.81,1338.54,2025-05-30,2026-05-30
COV000465,POL000565,COMP,Comprehensive,active,126854.26,889.96,2023-10-21,2024-10-20
COV000466,POL000566,COMP,Comprehensive,active,81658.06,4350.12,2024-06-10,2025-06-10
COV000467,POL000567,COLL,Collision,active,216496.84,1094.68,2024-06-04,2025-06-04
COV000468,POL000568,BI,Bodily Injury,active,227220.52,4492.26,2024-01-23,2025-01-22
COV000469,POL000569,COLL,Collision,active,220897.31,3852.94,2023-12-04,2024-12-03
COV000470,POL000570,BI,Bodily Injury,active,425237.17,3824.11,2025-09-22,2026-09-22
COV000471,POL000571,BI,Bodily Injury,active,361316.8,2696.37,2024-07-07,2025-07-07
COV000472,POL000572,COMP,Comprehensive,active,402791.11,575.97,2024-01-27,2025-01-26
COV000473,POL000573,BI,Bodily Injury,active,364689.32,3272.65,2024-02-09,2025-02-08
COV000474,POL000574,BI,Bodily Injury,active,67686.69,410.22,2024-06-07,2025-06-07
COV000475,POL000575,COLL,Collision,active,441852.43,4341.88,2024-12-21,2025-12-21
COV000476,POL000576,COMP,Comprehensive,active,200491.92,4021.58,2025-09-12,2026-09-12
COV000477,POL000577,PD,Property Damage,active,245260.42,4653.71,2023-05-07,2024-05-06
COV000478,POL000578,COLL,Collision,active,343544.72,682.86,2023-01-28,2024-01-28
COV000479,POL000579,COMP,Comprehensive,active,55693.95,496.03,2024-09-20,2025-09-20
COV000480,POL000580,COMP,Comprehensive,active,89787.63,2726.86,2023-08-04,2024-08-03
COV000481,POL000581,COLL,Collision,active,217983.83,3722.81,2024-05-21,2025-05-21
COV000482,POL000582,MED,Medical Payments,active,472089.29,351.61,2025-05-29,2026-05-29
COV000483,POL000583,MED,Medical Payments,active,37025.12,3491.76,2025-11-07,2026-11-07
COV000484,POL000584,MED,Medical Payments,active,354381.13,992.07,2026-08-04,2027-08-04
COV000485,POL000585,BI,Bodily Injury,active,184326.33,4414.95,2024-08-15,2025-08-15
COV000486,POL000586,MED,Medical Payments,active,480345.14,4198.62,2024-12-10,2025-12-10
COV000487,POL000587,COLL,Collision,active,156355.31,695.59,2024-06-17,2025-06-17
COV000488,POL000588,PD,Property Damage,active,255973.03,4121.56,2026-08-22,2027-08-22
COV000489,POL000589,MED,Medical Payments,active,75993.67,856.2,2023-03-07,2024-03-06
COV000490,POL000590,PD,Property Damage,active,61901.77,1495.13,2025-09-17,2026-09-17
COV000491,POL000591,MED,Medical Payments,active,217860.23,1337.63,2026-02-09,2027-02-09
COV000492,POL000592,COLL,Collision,active,264493.74,1082.32,2023-07-16,2024-07-15
COV000493,POL000593,COMP,Comprehensive,active,199600.17,4624.13,2023-11-19,2024-11-18
COV000494,POL000594,COMP,Comprehensive,active,383799.54,4821.86,2024-03-30,2025-03-30
COV000495,POL000595,MED,Medical Payments,active,237434.27,4153.25,2024-07-19,2025-07-19
COV000496,POL000596,PD,Property Damage,active,431877.54,1896.7,2025-01-06,2026-01-06
COV000497,POL000597,COLL,Collision,active,43063.83,519.66,2023-02-14,2024-02-14
COV000498,POL000598,COLL,Collision,active,91268.44,3573.6,2024-04-27,2025-04-27
COV000499,POL000599,COMP,Comprehensive,active,434522.54,1166.05,2025-04-20,2026-04-20
COV000500,POL000600,PD,Property Damage,active,320318.32,404.51,2026-02-04,2027-02-04
COV000501,POL000601,MED,Medical Payments,active,66838.08,692.57,2026-01-31,2027-01-31
COV000502,POL000602,BI,Bodily Injury,active,363704.45,3078.14,2023-07-23,2024-07-22
COV000503,POL000603,COLL,Collision,active,109552.8,3506.53,2023-05-04,2024-05-03
COV000504,POL000604,MED,Medical Payments,active,368896.66,3708.04,2026-04-06,2027-04-06
COV000505,POL000605,COLL,Collision,active,68440.12,2065.05,2026-03-01,2027-03-01
COV000506,POL000606,COMP,Comprehensive,active,401649.05,290.07,2025-12-23,2026-12-23
COV000507,POL000607,BI,Bodily Injury,active,121708.86,1475.03,2026-02-05,2027-02-05
COV000508,POL000608,MED,Medical Payments,active,350856.99,839.38,2023-03-27,2024-03-26
COV000509,POL000609,PD,Property Damage,active,497660.25,3192.87,2025-07-17,2026-07-17
COV000510,POL000610,MED,Medical Payments,active,464508.08,3948.28,2026-06-21,2027-06-21
COV000511,POL000611,BI,Bodily Injury,active,48355.02,3652.66,2025-03-12,2026-03-12
COV000512,POL000612,COLL,Collision,active,425916.82,1807.57,2025-10-05,2026-10-05
COV000513,POL000613,BI,Bodily Injury,active,196863.0,3984.32,2025-12-30,2026-12-30
COV000514,POL000614,COMP,Comprehensive,active,208223.96,4974.64,2025-12-27,2026-12-27
COV000515,POL000615,PD,Property Damage,active,298227.7,1598.81,2023-12-21,2024-12-20
COV000516,POL000616,COLL,Collision,active,171624.11,2190.57,2024-11-02,2025-11-02
COV000517,POL000617,MED,Medical Payments,active,54901.71,1589.53,2024-08-28,2025-08-28
COV000518,POL000618,COMP,Comprehensive,active,241869.96,4027.64,2025-04-02,2026-04-02
COV000519,POL000619,MED,Medical Payments,active,419068.03,4382.4,2023-04-28,2024-04-27
COV000520,POL000620,BI,Bodily Injury,active,300288.78,820.47,2024-03-19,2025-03-19
COV000521,POL000621,MED,Medical Payments,active,463622.15,387.49,2026-08-23,2027-08-23
COV000522,POL000622,COMP,Comprehensive,active,308336.49,3920.62,2026-01-10,2027-01-10
COV000523,POL000623,BI,Bodily Injury,active,195175.01,334.04,2023-03-06,2024-03-05
COV000524,POL000624,PD,Property Damage,active,415176.47,2101.32,2023-07-14,2024-07-13
COV000525,POL000625,COLL,Collision,active,387994.58,886.56,2025-10-21,2026-10-21
COV000526,POL000626,COMP,Comprehensive,active,373270.07,510.04,2025-02-06,2026-02-06
COV000527,POL000627,BI,Bodily Injury,active,197999.05,1428.36,2024-10-01,2025-10-01
COV000528,POL000628,MED,Medical Payments,active,247362.76,408.98,2024-10-31,2025-10-31
COV000529,POL000629,PD,Property Damage,active,25369.17,4758.05,2023-04-22,2024-04-21
COV000530,POL000630,COMP,Comprehensive,active,219885.94,4642.85,2023-09-25,2024-09-24
COV000531,POL000631,COLL,Collision,active,340645.44,3791.58,2025-02-15,2026-02-15
COV000532,POL000632,MED,Medical Payments,active,334989.12,4624.8,2023-01-16,2024-01-16
COV000533,POL000633,COLL,Collision,active,372609.43,2268.32,2024-08-27,2025-08-27
COV000534,POL000634,COMP,Comprehensive,active,67641.45,2662.81,2026-07-28,2027-07-28
COV000535,POL000635,MED,Medical Payments,active,339020.16,565.35,2023-01-24,2024-01-24
COV000536,POL000636,COLL,Collision,active,336487.1,4510.24,2026-07-29,2027-07-29
COV000537,POL000637,MED,Medical Payments,active,373520.39,2603.52,2023-06-28,2024-06-27
COV000538,POL000638,PD,Property Damage,active,159793.44,4949.72,2024-05-06,2025-05-06
COV000539,POL000639,COMP,Comprehensive,active,191857.99,1871.02,2025-02-09,2026-02-09
COV000540,POL000640,COLL,Collision,active,42049.04,1212.59,2025-05-17,2026-05-17
COV000541,POL000641,PD,Property Damage,active,494420.34,4016.63,2025-06-20,2026-06-20
COV000542,POL000642,BI,Bodily Injury,active,233565.82,4436.62,2025-08-22,2026-08-22
COV000543,POL000643,BI,Bodily Injury,active,50104.97,3350.66,2026-07-02,2027-07-02
COV000544,POL000644,COMP,Comprehensive,active,412926.07,4832.19,2023-09-07,2024-09-06
COV000545,POL000645,BI,Bodily Injury,active,183912.86,2786.2,2025-12-09,2026-12-09
COV000546,POL000646,PD,Property Damage,active,482844.97,3326.64,2023-07-22,2024-07-21
COV000547,POL000647,COMP,Comprehensive,active,422843.47,4890.12,2024-06-12,2025-06-12
COV000548,POL000648,PD,Property Damage,active,322262.65,1600.78,2024-09-30,2025-09-30
COV000549,POL000649,COMP,Comprehensive,active,52971.62,1238.6,2024-02-22,2025-02-21
COV000550,POL000650,MED,Medical Payments,active,479975.83,1240.95,2023-01-02,2024-01-02
COV000551,POL000651,MED,Medical Payments,active,433207.24,3521.96,2026-09-02,2027-09-02
COV000552,POL000652,PD,Property Damage,active,265962.96,3677.72,2023-01-16,2024-01-16
COV000553,POL000653,COLL,Collision,active,469076.39,3348.21,2025-08-03,2026-08-03
COV000554,POL000654,PD,Property Damage,active,144596.52,3452.52,2023-09-15,2024-09-14
COV000555,POL000655,BI,Bodily Injury,active,408524.47,900.38,2026-07-17,2027-07-17
COV000556,POL000656,COLL,Collision,active,152784.09,731.45,2024-10-13,2025-10-13
COV000557,POL000657,COLL,Collision,active,193030.88,483.86,2023-03-04,2024-03-03
COV000558,POL000658,COMP,Comprehensive,active,125456.43,1330.32,2025-03-27,2026-03-27
COV000559,POL000659,BI,Bodily Injury,active,188999.87,539.67,2023-06-03,2024-06-02
COV000560,POL000660,COLL,Collision,active,295736.42,2006.35,2023-05-23,2024-05-22
COV000561,POL000661,COMP,Comprehensive,active,267852.96,2079.62,2026-09-11,2027-09-11
COV000562,POL000662,MED,Medical Payments,active,108811.73,920.93,2024-04-13,2025-04-13
COV000563,POL000663,COLL,Collision,active,387179.51,4937.32,2023-05-31,2024-05-30
COV000564,POL000664,PD,Property Damage,active,460485.74,1426.65,2024-04-04,2025-04-04
COV000565,POL000665,BI,Bodily Injury,active,301109.24,3261.83,2024-05-02,2025-05-02
COV000566,POL000666,PD,Property Damage,active,157284.3,3928.53,2025-10-11,2026-10-11
COV000567,POL000667,BI,Bodily Injury,active,250221.57,811.56,2024-07-07,2025-07-07
COV000568,POL000668,COMP,Comprehensive,active,359205.01,2287.91,2026-08-15,2027-08-15
COV000569,POL000669,COLL,Collision,active,140013.51,3611.57,2023-08-02,2024-08-01
COV000570,POL000670,COMP,Comprehensive,active,474285.38,3981.53,2023-01-25,2024-01-25
COV000571,POL000671,BI,Bodily Injury,active,187530.99,735.44,2026-01-01,2027-01-01
COV000572,POL000672,MED,Medical Payments,active,462891.27,1005.21,2026-02-15,2027-02-15
COV000573,POL000673,COLL,Collision,active,379242.44,4455.57,2024-10-22,2025-10-22
COV000574,POL000674,COLL,Collision,active,28395.92,3041.17,2024-05-07,2025-05-07
COV000575,POL000675,BI,Bodily Injury,active,248281.27,4360.7,2025-06-03,2026-06-03
COV000576,POL000676,MED,Medical Payments,active,201159.69,725.77,2025-01-07,2026-01-07
COV000577,POL000677,BI,Bodily Injury,active,36172.42,1392.74,2025-09-17,2026-09-17
COV000578,POL000678,MED,Medical Payments,active,280811.22,3906.93,2024-03-14,2025-03-14
COV000579,POL000679,MED,Medical Payments,active,470749.81,2290.8,2026-06-26,2027-06-26
COV000580,POL000680,COMP,Comprehensive,active,307659.06,726.94,2025-01-04,2026-01-04
COV000581,POL000681,PD,Property Damage,active,29541.76,4031.26,2024-12-18,2025-12-18
COV000582,POL000682,COMP,Comprehensive,active,204941.29,2384.12,2023-11-10,2024-11-09
COV000583,POL000683,COMP,Comprehensive,active,143389.0,4754.95,2026-05-25,2027-05-25
COV000584,POL000684,COLL,Collision,active,42124.26,2128.12,2023-07-14,2024-07-13
COV000585,POL000685,PD,Property Damage,active,89933.0,2214.5,2026-07-27,2027-07-27
COV000586,POL000686,MED,Medical Payments,active,393434.92,572.64,2026-06-06,2027-06-06
COV000587,POL000687,BI,Bodily Injury,active,477920.17,770.05,2024-02-17,2025-02-16
COV000588,POL000688,BI,Bodily Injury,active,393541.72,4993.69,2024-11-11,2025-11-11
COV000589,POL000689,COMP,Comprehensive,active,150780.09,3755.26,2023-06-16,2024-06-15
COV000590,POL000690,MED,Medical Payments,active,463561.08,1730.37,2024-03-14,2025-03-14
COV000591,POL000691,COMP,Comprehensive,active,51936.11,905.53,2023-12-25,2024-12-24
COV000592,POL000692,COMP,Comprehensive,active,73754.88,1460.66,2024-07-25,2025-07-25
COV000593,POL000693,COMP,Comprehensive,active,111975.05,1978.81,2024-02-17,2025-02-16
COV000594,POL000694,MED,Medical Payments,active,91158.07,898.02,2024-01-04,2025-01-03
COV000595,POL000695,BI,Bodily Injury,active,452853.41,1120.58,2023-01-25,2024-01-25
COV000596,POL000696,BI,Bodily Injury,active,248396.27,1555.43,2024-06-18,2025-06-18
COV000597,POL000697,BI,Bodily Injury,active,164457.79,2710.76,2023-04-14,2024-04-13
COV000598,POL000698,PD,Property Damage,active,313898.4,3430.57,2024-04-08,2025-04-08
COV000599,POL000699,COLL,Collision,active,266417.59,1148.45,2026-01-26,2027-01-26
COV000600,POL000700,PD,Property Damage,active,327850.13,4461.71,2025-07-31,2026-07-31
COV000601,POL000701,COMP,Comprehensive,active,116408.93,798.23,2023-07-23,2024-07-22
COV000602,POL000702,PD,Property Damage,active,387911.36,3762.16,2024-10-18,2025-10-18
COV000603,POL000703,COLL,Collision,active,231101.38,521.73,2023-03-02,2024-03-01
COV000604,POL000704,COMP,Comprehensive,active,355814.35,4512.13,2025-04-09,2026-04-09
COV000605,POL000705,BI,Bodily Injury,active,375558.0,2897.22,2023-08-01,2024-07-31
COV000606,POL000706,PD,Property Damage,active,373999.78,2824.51,2023-12-15,2024-12-14
COV000607,POL000707,COLL,Collision,active,44902.55,2482.83,2024-10-20,2025-10-20
COV000608,POL000708,BI,Bodily Injury,active,476665.5,3546.77,2026-04-12,2027-04-12
COV000609,POL000709,MED,Medical Payments,active,434182.63,3319.95,2026-02-24,2027-02-24
COV000610,POL000710,COLL,Collision,active,482338.03,1594.38,2023-08-17,2024-08-16
COV000611,POL000711,BI,Bodily Injury,active,54491.99,1759.26,2025-11-22,2026-11-22
COV000612,POL000712,PD,Property Damage,active,330106.34,4878.37,2024-04-19,2025-04-19
COV000613,POL000713,PD,Property Damage,active,85346.36,3635.21,2026-05-10,2027-05-10
COV000614,POL000714,COLL,Collision,active,167092.8,4849.73,2024-07-23,2025-07-23
COV000615,POL000715,PD,Property Damage,active,98880.06,1034.96,2023-07-16,2024-07-15
COV000616,POL000716,COMP,Comprehensive,active,394727.29,3257.81,2025-03-21,2026-03-21
COV000617,POL000717,COMP,Comprehensive,active,439879.79,4425.89,2023-02-01,2024-02-01
COV000618,POL000718,PD,Property Damage,active,264239.37,4515.87,2025-11-28,2026-11-28
COV000619,POL000719,COMP,Comprehensive,active,253633.62,3355.31,2023-09-12,2024-09-11
COV000620,POL000720,MED,Medical Payments,active,302714.34,1120.68,2024-04-20,2025-04-20
COV000621,POL000721,PD,Property Damage,active,96845.05,1765.96,2024-07-28,2025-07-28
COV000622,POL000722,COLL,Collision,active,250797.0,1655.86,2024-12-26,2025-12-26
COV000623,POL000723,PD,Property Damage,active,99889.23,2203.33,2023-07-25,2024-07-24
COV000624,POL000724,COLL,Collision,active,54985.74,1617.43,2023-02-03,2024-02-03
COV000625,POL000725,COMP,Comprehensive,active,139619.58,1883.94,2025-04-02,2026-04-02
COV000626,POL000726,COMP,Comprehensive,active,195699.85,1611.14,2025-06-01,2026-06-01
COV000627,POL000727,COLL,Collision,active,88819.03,439.84,2024-03-27,2025-03-27
COV000628,POL000728,COMP,Comprehensive,active,133671.01,4763.26,2024-06-07,2025-06-07
COV000629,POL000729,COMP,Comprehensive,active,191155.64,2625.8,2023-01-18,2024-01-18
COV000630,POL000730,MED,Medical Payments,active,305041.55,3737.13,2023-07-19,2024-07-18
COV000631,POL000731,MED,Medical Payments,active,293940.99,4588.51,2025-11-25,2026-11-25
COV000632,POL000732,PD,Property Damage,active,467230.91,2490.76,2024-07-07,2025-07-07
COV000633,POL000733,COMP,Comprehensive,active,154915.15,3179.84,2025-09-06,2026-09-06
COV000634,POL000734,COMP,Comprehensive,active,398165.1,4853.03,2025-05-19,2026-05-19
COV000635,POL000735,COMP,Comprehensive,active,125499.09,3136.42,2024-03-24,2025-03-24
COV000636,POL000736,BI,Bodily Injury,active,83745.08,4352.4,2025-07-11,2026-07-11
COV000637,POL000737,BI,Bodily Injury,active,130976.14,509.64,2026-05-24,2027-05-24
COV000638,POL000738,MED,Medical Payments,active,414620.96,938.22,2023-07-22,2024-07-21
COV000639,POL000739,BI,Bodily Injury,active,452175.26,747.28,2025-06-10,2026-06-10
COV000640,POL000740,COLL,Collision,active,73069.92,4612.3,2025-07-04,2026-07-04
COV000641,POL000741,COLL,Collision,active,224300.15,1943.19,2026-07-26,2027-07-26
COV000642,POL000742,BI,Bodily Injury,active,385878.71,2979.62,2024-10-29,2025-10-29
COV000643,POL000743,PD,Property Damage,active,423963.11,724.54,2025-03-17,2026-03-17
COV000644,POL000744,BI,Bodily Injury,active,95302.12,3279.82,2023-03-14,2024-03-13
COV000645,POL000745,MED,Medical Payments,active,270724.09,4121.67,2023-06-10,2024-06-09
COV000646,POL000746,PD,Property Damage,active,492225.66,931.54,2026-07-14,2027-07-14
COV000647,POL000747,COMP,Comprehensive,active,467703.67,921.11,2025-01-05,2026-01-05
COV000648,POL000748,MED,Medical Payments,active,70363.57,4964.48,2024-08-24,2025-08-24
COV000649,POL000749,COLL,Collision,active,159630.51,4303.32,2024-05-30,2025-05-30
COV000650,POL000750,MED,Medical Payments,active,284587.29,3389.7,2026-01-01,2027-01-01
COV000651,POL000751,MED,Medical Payments,active,252607.05,4523.63,2026-02-03,2027-02-03
COV000652,POL000752,COMP,Comprehensive,active,146489.48,1635.65,2024-10-09,2025-10-09
COV000653,POL000753,COMP,Comprehensive,active,397063.9,4394.23,2025-08-21,2026-08-21
COV000654,POL000754,MED,Medical Payments,active,442600.17,521.98,2023-08-07,2024-08-06
COV000655,POL000755,COLL,Collision,active,219320.67,1821.06,2023-08-29,2024-08-28
COV000656,POL000756,BI,Bodily Injury,active,174415.15,1242.04,2024-11-23,2025-11-23
COV000657,POL000757,PD,Property Damage,active,477028.64,2045.61,2024-06-09,2025-06-09
COV000658,POL000758,PD,Property Damage,active,441125.77,1397.73,2025-03-04,2026-03-04
COV000659,POL000759,PD,Property Damage,active,469338.17,4885.11,2024-05-21,2025-05-21
COV000660,POL000760,COLL,Collision,active,156102.9,2289.67,2024-09-21,2025-09-21
COV000661,POL000761,COMP,Comprehensive,active,152066.34,3479.58,2024-07-23,2025-07-23
COV000662,POL000762,COLL,Collision,active,465198.93,3553.07,2024-01-04,2025-01-03
COV000663,POL000763,MED,Medical Payments,active,454833.55,931.85,2025-11-07,2026-11-07
COV000664,POL000764,COMP,Comprehensive,active,167782.11,2898.28,2026-07-19,2027-07-19
COV000665,POL000765,COMP,Comprehensive,active,49423.6,4533.31,2023-11-18,2024-11-17
COV000666,POL000766,PD,Property Damage,active,199902.78,3105.67,2024-06-29,2025-06-29
COV000667,POL000767,COLL,Collision,active,112746.72,3306.49,2023-01-11,2024-01-11
COV000668,POL000768,BI,Bodily Injury,active,437689.38,4523.13,2024-04-25,2025-04-25
COV000669,POL000769,PD,Property Damage,active,222257.76,861.02,2025-10-27,2026-10-27
COV000670,POL000770,PD,Property Damage,active,124755.59,864.4,2025-09-06,2026-09-06
COV000671,POL000771,MED,Medical Payments,active,316202.32,2172.77,2025-08-20,2026-08-20
COV000672,POL000772,PD,Property Damage,active,239752.31,4489.59,2023-10-31,2024-10-30
COV000673,POL000773,PD,Property Damage,active,186524.76,409.2,2023-09-17,2024-09-16
COV000674,POL000774,BI,Bodily Injury,active,57946.76,3920.82,2025-06-04,2026-06-04
COV000675,POL000775,BI,Bodily Injury,active,430312.91,1600.22,2026-05-16,2027-05-16
COV000676,POL000776,COLL,Collision,active,198538.7,4561.33,2026-03-27,2027-03-27
COV000677,POL000777,MED,Medical Payments,active,101409.05,942.25,2025-10-13,2026-10-13
COV000678,POL000778,PD,Property Damage,active,347658.42,2684.85,2025-07-05,2026-07-05
COV000679,POL000779,MED,Medical Payments,active,318077.02,4440.16,2025-06-12,2026-06-12
COV000680,POL000780,COLL,Collision,active,269166.09,1838.21,2025-05-01,2026-05-01
COV000681,POL000781,COLL,Collision,active,264930.35,3392.28,2023-08-16,2024-08-15
COV000682,POL000782,COLL,Collision,active,122492.57,502.3,2023-10-04,2024-10-03
COV000683,POL000783,COMP,Comprehensive,active,135606.73,2130.7,2024-06-08,2025-06-08
COV000684,POL000784,COLL,Collision,active,495304.19,2170.25,2024-10-25,2025-10-25
COV000685,POL000785,COLL,Collision,active,456461.24,3460.08,2024-07-01,2025-07-01
COV000686,POL000786,COLL,Collision,active,447447.69,4135.31,2026-09-02,2027-09-02
COV000687,POL000787,COLL,Collision,active,293689.89,2173.2,2024-01-12,2025-01-11
COV000688,POL000788,COLL,Collision,active,415595.13,2888.41,2024-03-17,2025-03-17
COV000689,POL000789,BI,Bodily Injury,active,121376.03,2355.95,2026-07-04,2027-07-04
COV000690,POL000790,BI,Bodily Injury,active,361884.83,2981.42,2025-11-05,2026-11-05
COV000691,POL000791,MED,Medical Payments,active,298841.22,3500.63,2023-11-19,2024-11-18
COV000692,POL000792,COMP,Comprehensive,active,417323.41,669.0,2025-05-17,2026-05-17
COV000693,POL000793,PD,Property Damage,active,495893.04,2544.87,2025-06-10,2026-06-10
COV000694,POL000794,PD,Property Damage,active,479751.31,1185.63,2026-05-13,2027-05-13
COV000695,POL000795,MED,Medical Payments,active,154106.46,4507.84,2025-09-14,2026-09-14
COV000696,POL000796,COLL,Collision,active,469244.57,4642.41,2025-09-06,2026-09-06
COV000697,POL000797,PD,Property Damage,active,170387.15,2314.9,2025-10-02,2026-10-02
COV000698,POL000798,COLL,Collision,active,91865.97,2000.79,2025-03-08,2026-03-08
COV000699,POL000799,PD,Property Damage,active,213313.48,1717.45,2025-08-22,2026-08-22
COV000700,POL000800,COMP,Comprehensive,active,280927.76,2499.97,2025-03-06,2026-03-06
COV000701,POL000801,COLL,Collision,active,234082.1,3260.42,2025-09-10,2026-09-10
COV000702,POL000802,COMP,Comprehensive,active,295787.13,2939.46,2023-02-13,2024-02-13
COV000703,POL000803,BI,Bodily Injury,active,263088.17,1330.28,2026-04-01,2027-04-01
COV000704,POL000804,MED,Medical Payments,active,384807.43,274.96,2023-12-31,2024-12-30
COV000705,POL000805,MED,Medical Payments,active,415589.22,4627.14,2024-07-24,2025-07-24
COV000706,POL000806,MED,Medical Payments,active,459361.37,3804.65,2026-03-28,2027-03-28
COV000707,POL000807,MED,Medical Payments,active,386196.5,1039.42,2025-05-11,2026-05-11
COV000708,POL000808,COLL,Collision,active,309245.57,1604.35,2026-02-07,2027-02-07
COV000709,POL000809,MED,Medical Payments,active,388622.94,558.94,2023-07-16,2024-07-15
COV000710,POL000810,COMP,Comprehensive,active,476671.48,1935.91,2026-02-26,2027-02-26
COV000711,POL000811,PD,Property Damage,active,411998.1,4215.9,2025-06-04,2026-06-04
COV000712,POL000812,PD,Property Damage,active,310347.19,565.03,2024-01-22,2025-01-21
COV000713,POL000813,PD,Property Damage,active,387941.49,4727.16,2024-08-10,2025-08-10
COV000714,POL000814,COMP,Comprehensive,active,90830.16,1774.54,2025-09-08,2026-09-08
COV000715,POL000815,BI,Bodily Injury,active,385597.51,1164.17,2024-05-13,2025-05-13
COV000716,POL000816,MED,Medical Payments,active,298506.11,4027.47,2023-06-12,2024-06-11
COV000717,POL000817,PD,Property Damage,active,484615.6,2509.1,2023-04-06,2024-04-05
COV000718,POL000818,COLL,Collision,active,49086.28,1078.75,2026-06-18,2027-06-18
COV000719,POL000819,MED,Medical Payments,active,250133.61,4780.46,2025-11-12,2026-11-12
COV000720,POL000820,PD,Property Damage,active,88291.21,4009.51,2025-09-25,2026-09-25
COV000721,POL000821,COMP,Comprehensive,active,440577.04,2629.31,2026-05-02,2027-05-02
COV000722,POL000822,PD,Property Damage,active,323960.46,1239.05,2025-11-03,2026-11-03
COV000723,POL000823,PD,Property Damage,active,360561.75,3213.94,2023-06-20,2024-06-19
COV000724,POL000824,MED,Medical Payments,active,416545.63,2742.66,2026-06-24,2027-06-24
COV000725,POL000825,COLL,Collision,active,246077.41,1539.01,2024-10-10,2025-10-10
COV000726,POL000826,COLL,Collision,active,35715.74,2643.33,2024-08-08,2025-08-08
COV000727,POL000827,MED,Medical Payments,active,277170.21,1364.79,2026-03-06,2027-03-06
COV000728,POL000828,COLL,Collision,active,90282.44,2855.67,2024-01-04,2025-01-03
COV000729,POL000829,BI,Bodily Injury,active,467947.95,2334.21,2025-03-21,2026-03-21
COV000730,POL000830,COMP,Comprehensive,active,28048.03,4698.82,2025-01-27,2026-01-27
COV000731,POL000831,BI,Bodily Injury,active,351634.37,1644.29,2024-10-24,2025-10-24
COV000732,POL000832,COLL,Collision,active,488981.91,559.26,2024-03-24,2025-03-24
COV000733,POL000833,MED,Medical Payments,active,270607.07,3453.97,2025-08-02,2026-08-02
COV000734,POL000834,COLL,Collision,active,344921.45,3297.84,2023-02-26,2024-02-26
COV000735,POL000835,COMP,Comprehensive,active,59196.13,4873.79,2025-06-30,2026-06-30
COV000736,POL000836,BI,Bodily Injury,active,303073.26,4457.82,2026-09-11,2027-09-11
COV000737,POL000837,COMP,Comprehensive,active,102596.84,2180.33,2025-04-27,2026-04-27
COV000738,POL000838,PD,Property Damage,active,394848.71,2371.99,2024-06-18,2025-06-18
COV000739,POL000839,COLL,Collision,active,405124.42,2854.37,2024-11-16,2025-11-16
COV000740,POL000840,COLL,Collision,active,376472.47,2808.29,2024-10-03,2025-10-03
COV000741,POL000841,COLL,Collision,active,165830.97,4229.81,2024-07-20,2025-07-20
COV000742,POL000842,BI,Bodily Injury,active,451720.42,3791.48,2023-03-08,2024-03-07
COV000743,POL000843,MED,Medical Payments,active,352755.13,719.67,2023-05-24,2024-05-23
COV000744,POL000844,COLL,Collision,active,242024.9,3106.28,2025-09-13,2026-09-13
COV000745,POL000845,MED,Medical Payments,active,83144.24,2266.66,2025-10-09,2026-10-09
COV000746,POL000846,COMP,Comprehensive,active,478457.38,4486.52,2024-11-11,2025-11-11
COV000747,POL000847,MED,Medical Payments,active,266701.87,1296.03,2023-12-13,2024-12-12
COV000748,POL000848,MED,Medical Payments,active,55915.82,3657.74,2024-06-23,2025-06-23
COV000749,POL000849,COLL,Collision,active,41330.09,3218.3,2025-10-04,2026-10-04
COV000750,POL000850,COMP,Comprehensive,active,478777.74,815.06,2025-10-18,2026-10-18
COV000751,POL000851,COMP,Comprehensive,active,222670.36,857.31,2025-02-22,2026-02-22
COV000752,POL000852,PD,Property Damage,active,453804.2,2776.46,2024-11-07,2025-11-07
COV000753,POL000853,PD,Property Damage,active,77188.82,2619.13,2026-01-28,2027-01-28
COV000754,POL000854,MED,Medical Payments,active,47269.5,1364.51,2024-08-16,2025-08-16
COV000755,POL000855,PD,Property Damage,active,462450.33,3479.79,2026-07-02,2027-07-02
COV000756,POL000856,COLL,Collision,active,437303.88,3760.33,2023-02-08,2024-02-08
COV000757,POL000857,MED,Medical Payments,active,339915.93,815.74,2023-09-11,2024-09-10
COV000758,POL000858,MED,Medical Payments,active,491873.32,4874.18,2024-05-31,2025-05-31
COV000759,POL000859,PD,Property Damage,active,49891.42,1663.08,2025-04-21,2026-04-21
COV000760,POL000860,COMP,Comprehensive,active,94898.86,3097.11,2025-06-30,2026-06-30
COV000761,POL000861,BI,Bodily Injury,active,119061.64,3166.7,2025-12-31,2026-12-31
COV000762,POL000862,PD,Property Damage,active,329052.35,4792.67,2023-11-12,2024-11-11
COV000763,POL000863,COLL,Collision,active,332130.09,4395.61,2023-08-03,2024-08-02
COV000764,POL000864,MED,Medical Payments,active,118296.28,3489.48,2024-10-22,2025-10-22
COV000765,POL000865,PD,Property Damage,active,222404.8,4038.06,2024-12-13,2025-12-13
COV000766,POL000866,BI,Bodily Injury,active,471521.98,1227.45,2023-01-12,2024-01-12
COV000767,POL000867,COLL,Collision,active,264796.26,3828.65,2025-01-23,2026-01-23
COV000768,POL000868,COLL,Collision,active,56481.84,3299.64,2025-09-14,2026-09-14
COV000769,POL000869,COMP,Comprehensive,active,95093.68,3130.83,2026-05-22,2027-05-22
COV000770,POL000870,COLL,Collision,active,72971.65,3246.01,2023-08-29,2024-08-28
COV000771,POL000871,COMP,Comprehensive,active,331946.77,2570.2,2023-08-15,2024-08-14
COV000772,POL000872,MED,Medical Payments,active,340211.3,833.38,2025-12-31,2026-12-31
COV000773,POL000873,PD,Property Damage,active,114687.58,3963.23,2023-04-22,2024-04-21
COV000774,POL000874,BI,Bodily Injury,active,350262.9,4901.55,2026-04-11,2027-04-11
COV000775,POL000875,PD,Property Damage,active,49464.6,3636.72,2025-12-28,2026-12-28
COV000776,POL000876,MED,Medical Payments,active,112870.54,3832.74,2023-12-05,2024-12-04
COV000777,POL000877,COMP,Comprehensive,active,216274.8,4492.94,2025-04-29,2026-04-29
COV000778,POL000878,BI,Bodily Injury,active,492886.77,1636.56,2025-01-02,2026-01-02
COV000779,POL000879,BI,Bodily Injury,active,432948.19,3702.82,2023-12-11,2024-12-10
COV000780,POL000880,COMP,Comprehensive,active,124677.65,486.93,2025-01-31,2026-01-31
COV000781,POL000881,MED,Medical Payments,active,407895.09,4089.04,2025-03-12,2026-03-12
COV000782,POL000882,BI,Bodily Injury,active,101254.2,4254.84,2023-11-07,2024-11-06
COV000783,POL000883,BI,Bodily Injury,active,246704.09,2571.9,2024-01-30,2025-01-29
COV000784,POL000884,BI,Bodily Injury,active,105144.12,3531.89,2025-11-17,2026-11-17
COV000785,POL000885,MED,Medical Payments,active,304956.67,1415.59,2024-07-19,2025-07-19
COV000786,POL000886,PD,Property Damage,active,155929.75,2022.08,2024-07-03,2025-07-03
COV000787,POL000887,PD,Property Damage,active,339226.75,3850.87,2026-08-23,2027-08-23
COV000788,POL000888,PD,Property Damage,active,342922.4,655.08,2026-07-26,2027-07-26
COV000789,POL000889,COLL,Collision,active,348187.27,2705.21,2025-06-14,2026-06-14
COV000790,POL000890,COLL,Collision,active,109403.85,780.96,2026-02-28,2027-02-28
COV000791,POL000891,COMP,Comprehensive,active,477828.39,2506.82,2024-04-06,2025-04-06
COV000792,POL000892,COMP,Comprehensive,active,334434.13,1858.34,2025-12-28,2026-12-28
COV000793,POL000893,BI,Bodily Injury,active,251932.3,966.63,2024-05-16,2025-05-16
COV000794,POL000894,COMP,Comprehensive,active,444009.18,2191.14,2023-04-15,2024-04-14
COV000795,POL000895,COMP,Comprehensive,active,51134.25,911.01,2025-08-20,2026-08-20
COV000796,POL000896,COMP,Comprehensive,active,113947.05,4557.67,2025-07-21,2026-07-21
COV000797,POL000897,COLL,Collision,active,334269.62,829.56,2023-04-08,2024-04-07
COV000798,POL000898,COMP,Comprehensive,active,440902.7,4910.22,2026-01-22,2027-01-22
COV000799,POL000899,COLL,Collision,active,480194.17,1777.66,2024-03-05,2025-03-05
COV000800,POL000900,MED,Medical Payments,active,113470.75,367.86,2025-09-19,2026-09-19
COV000801,POL000901,MED,Medical Payments,active,145990.26,555.53,2023-01-06,2024-01-06
COV000802,POL000902,PD,Property Damage,active,398653.48,1454.38,2023-10-14,2024-10-13
COV000803,POL000903,BI,Bodily Injury,active,203278.55,4939.41,2023-08-28,2024-08-27
COV000804,POL000904,COMP,Comprehensive,active,411787.8,1829.95,2026-02-06,2027-02-06
COV000805,POL000905,COLL,Collision,active,26160.33,972.95,2026-06-28,2027-06-28
COV000806,POL000906,MED,Medical Payments,active,342530.66,3138.23,2023-02-20,2024-02-20
COV000807,POL000907,MED,Medical Payments,active,415454.05,4068.79,2023-01-07,2024-01-07
COV000808,POL000908,PD,Property Damage,active,321977.09,1055.18,2025-05-26,2026-05-26
COV000809,POL000909,PD,Property Damage,active,363103.43,4880.25,2026-07-03,2027-07-03
COV000810,POL000910,COLL,Collision,active,423778.97,3088.35,2024-04-08,2025-04-08
COV000811,POL000911,MED,Medical Payments,active,414401.15,1217.55,2023-12-31,2024-12-30
COV000812,POL000912,COMP,Comprehensive,active,493330.5,1931.87,2024-02-11,2025-02-10
COV000813,POL000913,BI,Bodily Injury,active,260718.9,828.4,2024-02-21,2025-02-20
COV000814,POL000914,COMP,Comprehensive,active,262781.96,4305.7,2026-01-01,2027-01-01
COV000815,POL000915,PD,Property Damage,active,82357.98,2027.19,2024-08-11,2025-08-11
COV000816,POL000916,COMP,Comprehensive,active,498253.2,1504.44,2024-02-04,2025-02-03
COV000817,POL000917,MED,Medical Payments,active,318980.52,4339.81,2024-07-27,2025-07-27
COV000818,POL000918,MED,Medical Payments,active,249452.19,1219.34,2026-01-17,2027-01-17
COV000819,POL000919,BI,Bodily Injury,active,217018.58,4403.34,2026-08-30,2027-08-30
COV000820,POL000920,MED,Medical Payments,active,479733.27,1716.4,2025-04-21,2026-04-21
COV000821,POL000921,BI,Bodily Injury,active,74207.15,4993.83,2023-01-17,2024-01-17
COV000822,POL000922,BI,Bodily Injury,active,338774.92,2078.81,2025-12-11,2026-12-11
COV000823,POL000923,BI,Bodily Injury,active,305369.92,3567.8,2023-10-25,2024-10-24
COV000824,POL000924,BI,Bodily Injury,active,226929.54,812.34,2024-09-27,2025-09-27
COV000825,POL000925,PD,Property Damage,active,369613.22,3943.17,2024-09-12,2025-09-12
COV000826,POL000926,COLL,Collision,active,249021.1,4716.61,2023-11-25,2024-11-24
COV000827,POL000927,MED,Medical Payments,active,248084.28,2678.43,2024-02-19,2025-02-18
COV000828,POL000928,PD,Property Damage,active,159985.73,3966.82,2023-04-29,2024-04-28
COV000829,POL000929,BI,Bodily Injury,active,231986.8,1356.07,2023-03-30,2024-03-29
COV000830,POL000930,MED,Medical Payments,active,488981.97,3553.62,2024-08-26,2025-08-26
COV000831,POL000931,COMP,Comprehensive,active,283305.12,1990.58,2025-12-08,2026-12-08
COV000832,POL000932,COLL,Collision,active,173197.66,390.24,2026-09-14,2027-09-14
COV000833,POL000933,COMP,Comprehensive,active,233918.24,4936.05,2023-12-23,2024-12-22
COV000834,POL000934,COLL,Collision,active,64604.4,2351.93,2025-03-04,2026-03-04
COV000835,POL000935,COMP,Comprehensive,active,183820.17,1636.02,2025-12-08,2026-12-08
COV000836,POL000936,MED,Medical Payments,active,353020.37,1450.4,2023-12-01,2024-11-30
COV000837,POL000937,PD,Property Damage,active,96754.44,1493.52,2023-02-17,2024-02-17
COV000838,POL000938,COLL,Collision,active,303939.08,1355.41,2026-07-16,2027-07-16
COV000839,POL000939,MED,Medical Payments,active,471483.13,728.25,2023-09-10,2024-09-09
COV000840,POL000940,MED,Medical Payments,active,307769.66,2247.2,2023-01-09,2024-01-09
COV000841,POL000941,MED,Medical Payments,active,317855.15,3590.79,2025-07-22,2026-07-22
COV000842,POL000942,PD,Property Damage,active,209274.64,1444.75,2024-05-20,2025-05-20
COV000843,POL000943,BI,Bodily Injury,active,309569.31,2295.72,2025-07-26,2026-07-26
COV000844,POL000944,BI,Bodily Injury,active,411127.55,2683.93,2023-05-24,2024-05-23
COV000845,POL000945,COMP,Comprehensive,active,34485.65,4077.03,2025-04-29,2026-04-29
COV000846,POL000946,COMP,Comprehensive,active,94017.73,2389.84,2025-09-02,2026-09-02
COV000847,POL000947,PD,Property Damage,active,281345.25,490.95,2026-02-12,2027-02-12
COV000848,POL000948,MED,Medical Payments,active,414516.63,4883.09,2024-11-15,2025-11-15
COV000849,POL000949,PD,Property Damage,active,377413.6,3548.18,2025-12-13,2026-12-13
COV000850,POL000950,PD,Property Damage,active,160241.91,2516.9,2025-09-23,2026-09-23
COV000851,POL000951,COMP,Comprehensive,active,338509.25,1872.63,2023-06-09,2024-06-08
COV000852,POL000952,MED,Medical Payments,active,317453.57,4602.24,2024-11-23,2025-11-23
COV000853,POL000953,COLL,Collision,active,389443.38,4428.56,2024-05-31,2025-05-31
COV000854,POL000954,PD,Property Damage,active,316921.24,1152.15,2024-04-07,2025-04-07
COV000855,POL000955,COLL,Collision,active,295257.42,3943.69,2023-10-04,2024-10-03
COV000856,POL000956,MED,Medical Payments,active,73549.19,2812.44,2025-04-01,2026-04-01
COV000857,POL000957,MED,Medical Payments,active,200603.95,4359.08,2024-08-25,2025-08-25
COV000858,POL000958,COMP,Comprehensive,active,42694.42,1398.55,2025-09-21,2026-09-21
COV000859,POL000959,COMP,Comprehensive,active,133712.21,2965.36,2024-10-09,2025-10-09
COV000860,POL000960,MED,Medical Payments,active,193448.98,2377.98,2025-04-03,2026-04-03
COV000861,POL000961,PD,Property Damage,active,156171.31,3188.74,2023-10-05,2024-10-04
COV000862,POL000962,MED,Medical Payments,active,442430.32,2317.94,2023-02-18,2024-02-18
COV000863,POL000963,COLL,Collision,active,186361.44,2862.25,2024-04-22,2025-04-22
COV000864,POL000964,MED,Medical Payments,active,250032.44,692.16,2024-02-20,2025-02-19
COV000865,POL000965,COMP,Comprehensive,active,364930.68,3715.09,2024-06-01,2025-06-01
COV000866,POL000966,PD,Property Damage,active,447504.68,882.76,2025-06-01,2026-06-01
COV000867,POL000967,COLL,Collision,active,43793.95,4810.64,2024-07-04,2025-07-04
COV000868,POL000968,COMP,Comprehensive,active,202776.02,2412.45,2026-08-27,2027-08-27
COV000869,POL000969,PD,Property Damage,active,41524.23,4324.92,2023-10-26,2024-10-25
COV000870,POL000970,BI,Bodily Injury,active,367140.55,3550.41,2023-06-08,2024-06-07
COV000871,POL000971,COLL,Collision,active,394599.25,4098.16,2026-07-27,2027-07-27
COV000872,POL000972,MED,Medical Payments,active,49791.57,2987.22,2026-03-06,2027-03-06
COV000873,POL000973,COMP,Comprehensive,active,129830.68,4587.34,2025-03-14,2026-03-14
COV000874,POL000974,PD,Property Damage,active,424903.4,1087.13,2024-05-24,2025-05-24
COV000875,POL000975,BI,Bodily Injury,active,281228.21,2573.07,2025-03-30,2026-03-30
COV000876,POL000976,COLL,Collision,active,355623.15,1027.63,2026-08-17,2027-08-17
COV000877,POL000977,MED,Medical Payments,active,152708.52,3347.2,2025-07-26,2026-07-26
COV000878,POL000978,COMP,Comprehensive,active,371534.78,4484.38,2025-04-23,2026-04-23
COV000879,POL000979,COMP,Comprehensive,active,129839.98,259.91,2023-04-04,2024-04-03
COV000880,POL000980,MED,Medical Payments,active,76150.96,3587.25,2023-08-30,2024-08-29
COV000881,POL000981,BI,Bodily Injury,active,407342.13,1168.46,2023-10-28,2024-10-27
COV000882,POL000982,COLL,Collision,active,215057.73,495.38,2025-05-11,2026-05-11
COV000883,POL000983,COLL,Collision,active,331649.17,3898.62,2025-04-27,2026-04-27
COV000884,POL000984,PD,Property Damage,active,260918.97,1477.97,2024-01-30,2025-01-29
COV000885,POL000985,COMP,Comprehensive,active,240768.37,305.81,2025-04-22,2026-04-22
COV000886,POL000986,MED,Medical Payments,active,301204.46,3875.27,2024-01-29,2025-01-28
COV000887,POL000987,COLL,Collision,active,248525.41,1982.17,2026-05-12,2027-05-12
COV000888,POL000988,COLL,Collision,active,55771.35,939.43,2024-01-19,2025-01-18
COV000889,POL000989,MED,Medical Payments,active,98696.7,4485.08,2023-12-04,2024-12-03
COV000890,POL000990,PD,Property Damage,active,231625.18,1899.57,2024-04-18,2025-04-18
COV000891,POL000991,COMP,Comprehensive,active,182948.76,3253.91,2025-07-26,2026-07-26
COV000892,POL000992,COMP,Comprehensive,active,467879.49,2186.86,2023-10-25,2024-10-24
COV000893,POL000993,MED,Medical Payments,active,83260.3,1022.79,2025-10-18,2026-10-18
COV000894,POL000994,BI,Bodily Injury,active,42223.42,1949.18,2025-07-19,2026-07-19
COV000895,POL000995,COMP,Comprehensive,active,351036.27,1893.21,2025-11-10,2026-11-10
COV000896,POL000996,PD,Property Damage,active,48103.03,3404.43,2026-07-09,2027-07-09
COV000897,POL000997,BI,Bodily Injury,active,254031.58,3667.22,2026-02-18,2027-02-18
COV000898,POL000998,PD,Property Damage,active,322897.07,3078.99,2024-05-22,2025-05-22
COV000899,POL000999,MED,Medical Payments,active,242854.11,4460.2,2025-05-17,2026-05-17
COV000900,POL001000,COLL,Collision,active,432539.6,2508.19,2023-04-14,2024-04-13
COV000901,POL001001,COMP,Comprehensive,active,312847.72,1269.38,2024-12-02,2025-12-02
COV000902,POL001002,COMP,Comprehensive,active,319126.68,4112.91,2025-12-18,2026-12-18
COV000903,POL001003,COMP,Comprehensive,active,104431.02,2903.19,2024-12-18,2025-12-18
COV000904,POL001004,COMP,Comprehensive,active,288221.79,4939.62,2024-06-27,2025-06-27
COV000905,POL001005,PD,Property Damage,active,351935.33,2837.62,2025-04-28,2026-04-28
COV000906,POL001006,BI,Bodily Injury,active,71065.0,2489.56,2026-06-03,2027-06-03
COV000907,POL001007,BI,Bodily Injury,active,213351.71,2562.24,2026-09-05,2027-09-05
COV000908,POL001008,BI,Bodily Injury,active,352430.75,4778.7,2023-09-10,2024-09-09
COV000909,POL001009,MED,Medical Payments,active,229807.82,4096.99,2024-01-09,2025-01-08
COV000910,POL001010,PD,Property Damage,active,283192.25,3024.75,2024-06-08,2025-06-08
COV000911,POL001011,COMP,Comprehensive,active,390372.79,1157.0,2025-08-09,2026-08-09
COV000912,POL001012,COMP,Comprehensive,active,472110.29,2621.07,2025-06-28,2026-06-28
COV000913,POL001013,BI,Bodily Injury,active,88479.52,2903.74,2023-09-24,2024-09-23
COV000914,POL001014,BI,Bodily Injury,active,409264.91,3850.09,2026-09-07,2027-09-07
COV000915,POL001015,COMP,Comprehensive,active,383240.29,4375.96,2023-01-07,2024-01-07
COV000916,POL001016,MED,Medical Payments,active,441975.94,2453.61,2025-10-02,2026-10-02
COV000917,POL001017,BI,Bodily Injury,active,144539.16,3163.27,2025-11-25,2026-11-25
COV000918,POL001018,BI,Bodily Injury,active,294513.16,4102.76,2026-06-27,2027-06-27
COV000919,POL001019,MED,Medical Payments,active,334631.08,1291.04,2024-09-07,2025-09-07
COV000920,POL001020,PD,Property Damage,active,376420.49,1801.64,2024-04-04,2025-04-04
COV000921,POL001021,MED,Medical Payments,active,460342.63,496.34,2023-12-06,2024-12-05
COV000922,POL001022,COLL,Collision,active,482844.55,1147.77,2024-12-21,2025-12-21
COV000923,POL001023,PD,Property Damage,active,169731.53,372.85,2025-10-08,2026-10-08
COV000924,POL001024,COMP,Comprehensive,active,484494.16,3803.98,2023-05-25,2024-05-24
COV000925,POL001025,MED,Medical Payments,active,386179.55,3809.78,2024-03-12,2025-03-12
COV000926,POL001026,PD,Property Damage,active,473315.34,2876.56,2026-06-16,2027-06-16
COV000927,POL001027,MED,Medical Payments,active,283405.65,1404.53,2023-04-14,2024-04-13
COV000928,POL001028,PD,Property Damage,active,124768.76,3477.75,2025-12-18,2026-12-18
COV000929,POL001029,COLL,Collision,active,122128.02,3376.92,2025-08-08,2026-08-08
COV000930,POL001030,COMP,Comprehensive,active,379054.83,530.23,2024-04-10,2025-04-10
COV000931,POL001031,MED,Medical Payments,active,101758.96,3237.79,2026-06-11,2027-06-11
COV000932,POL001032,MED,Medical Payments,active,468697.34,3110.9,2026-05-09,2027-05-09
COV000933,POL001033,COMP,Comprehensive,active,295032.35,2642.95,2023-12-10,2024-12-09
COV000934,POL001034,COMP,Comprehensive,active,478213.54,2797.2,2024-01-02,2025-01-01
COV000935,POL001035,COMP,Comprehensive,active,473763.13,1837.85,2023-07-01,2024-06-30
COV000936,POL001036,COMP,Comprehensive,active,187548.14,2568.72,2026-01-08,2027-01-08
COV000937,POL001037,COLL,Collision,active,167980.27,4266.85,2023-07-18,2024-07-17
COV000938,POL001038,PD,Property Damage,active,244736.42,498.49,2026-04-30,2027-04-30
COV000939,POL001039,COLL,Collision,active,138840.01,1641.92,2026-03-22,2027-03-22
COV000940,POL001040,BI,Bodily Injury,active,156994.33,2738.73,2026-02-06,2027-02-06
COV000941,POL001041,BI,Bodily Injury,active,164521.06,917.52,2023-06-02,2024-06-01
COV000942,POL001042,BI,Bodily Injury,active,485046.44,4652.78,2025-04-27,2026-04-27
COV000943,POL001043,MED,Medical Payments,active,451412.63,3144.79,2023-08-13,2024-08-12
COV000944,POL001044,MED,Medical Payments,active,91929.08,1634.74,2024-01-28,2025-01-27
COV000945,POL001045,COMP,Comprehensive,active,235385.31,1268.78,2024-12-28,2025-12-28
COV000946,POL001046,COLL,Collision,active,257084.83,3111.53,2023-06-08,2024-06-07
COV000947,POL001047,PD,Property Damage,active,267397.57,4666.48,2023-07-08,2024-07-07
COV000948,POL001048,COLL,Collision,active,397556.25,788.99,2023-06-16,2024-06-15
COV000949,POL001049,BI,Bodily Injury,active,119627.27,2405.02,2025-02-14,2026-02-14
COV000950,POL001050,BI,Bodily Injury,active,460284.89,3062.58,2025-07-26,2026-07-26
COV000951,POL001051,MED,Medical Payments,active,450724.71,3752.48,2023-06-21,2024-06-20
COV000952,POL001052,MED,Medical Payments,active,293401.42,351.39,2023-02-13,2024-02-13
COV000953,POL001053,COMP,Comprehensive,active,241223.3,4501.78,2025-05-22,2026-05-22
COV000954,POL001054,COLL,Collision,active,127830.98,347.17,2025-05-06,2026-05-06
COV000955,POL001055,BI,Bodily Injury,active,372552.13,2567.94,2024-03-26,2025-03-26
COV000956,POL001056,BI,Bodily Injury,active,489544.75,4768.56,2026-05-06,2027-05-06
COV000957,POL001057,PD,Property Damage,active,414731.04,1114.81,2023-11-02,2024-11-01
COV000958,POL001058,COMP,Comprehensive,active,199555.65,2721.55,2023-04-26,2024-04-25
COV000959,POL001059,BI,Bodily Injury,active,499704.39,293.96,2023-04-22,2024-04-21
COV000960,POL001060,PD,Property Damage,active,85974.98,602.11,2023-08-31,2024-08-30
COV000961,POL001061,PD,Property Damage,active,416724.96,2657.53,2023-08-01,2024-07-31
COV000962,POL001062,COLL,Collision,active,317710.01,4578.88,2025-03-04,2026-03-04
COV000963,POL001063,BI,Bodily Injury,active,288569.54,2308.52,2023-11-01,2024-10-31
COV000964,POL001064,BI,Bodily Injury,active,443306.9,318.87,2025-09-30,2026-09-30
COV000965,POL001065,COMP,Comprehensive,active,62910.7,3829.7,2026-01-09,2027-01-09
COV000966,POL001066,COMP,Comprehensive,active,492445.25,2605.64,2026-06-27,2027-06-27
COV000967,POL001067,COMP,Comprehensive,active,67143.02,2202.38,2023-12-29,2024-12-28
COV000968,POL001068,COMP,Comprehensive,active,377439.9,4789.53,2024-04-24,2025-04-24
COV000969,POL001069,COMP,Comprehensive,active,191411.75,4027.81,2024-06-11,2025-06-11
COV000970,POL001070,COLL,Collision,active,294113.6,2665.7,2024-02-03,2025-02-02
COV000971,POL001071,BI,Bodily Injury,active,322297.1,4865.85,2023-06-29,2024-06-28
COV000972,POL001072,COMP,Comprehensive,active,119825.29,4393.42,2024-07-21,2025-07-21
COV000973,POL001073,BI,Bodily Injury,active,197737.09,1646.04,2025-04-10,2026-04-10
COV000974,POL001074,COMP,Comprehensive,active,295778.16,4512.41,2024-10-29,2025-10-29
COV000975,POL001075,PD,Property Damage,active,44759.59,2813.68,2026-09-15,2027-09-15
COV000976,POL001076,BI,Bodily Injury,active,248780.7,3205.44,2024-04-01,2025-04-01
COV000977,POL001077,PD,Property Damage,active,153384.6,2179.15,2024-05-09,2025-05-09
COV000978,POL001078,BI,Bodily Injury,active,437721.85,3051.38,2024-09-14,2025-09-14
COV000979,POL001079,BI,Bodily Injury,active,423016.49,4829.88,2024-12-11,2025-12-11
COV000980,POL001080,PD,Property Damage,active,209390.1,4193.49,2024-04-01,2025-04-01
COV000981,POL001081,COMP,Comprehensive,active,426655.49,3727.65,2026-07-05,2027-07-05
COV000982,POL001082,MED,Medical Payments,active,203327.73,1755.48,2023-02-13,2024-02-13
COV000983,POL001083,MED,Medical Payments,active,306820.57,621.4,2025-12-06,2026-12-06
COV000984,POL001084,MED,Medical Payments,active,425184.23,3353.33,2025-05-23,2026-05-23
COV000985,POL001085,PD,Property Damage,active,253410.97,1757.34,2023-11-08,2024-11-07
COV000986,POL001086,PD,Property Damage,active,239970.87,2538.31,2023-04-13,2024-04-12
COV000987,POL001087,PD,Property Damage,active,371984.31,4576.11,2026-02-09,2027-02-09
COV000988,POL001088,PD,Property Damage,active,453278.15,4728.54,2026-04-22,2027-04-22
COV000989,POL001089,COLL,Collision,active,78032.64,4997.33,2023-03-10,2024-03-09
COV000990,POL001090,BI,Bodily Injury,active,205648.17,550.54,2025-04-27,2026-04-27
COV000991,POL001091,MED,Medical Payments,active,421261.77,1861.29,2023-11-08,2024-11-07
COV000992,POL001092,BI,Bodily Injury,active,398577.46,2657.78,2026-08-14,2027-08-14
COV000993,POL001093,BI,Bodily Injury,active,394641.11,978.55,2024-03-09,2025-03-09
COV000994,POL001094,COMP,Comprehensive,active,30910.04,1741.65,2023-01-21,2024-01-21
COV000995,POL001095,MED,Medical Payments,active,125516.05,1725.71,2023-10-02,2024-10-01
COV000996,POL001096,BI,Bodily Injury,active,381610.81,4691.18,2025-08-27,2026-08-27
COV000997,POL001097,PD,Property Damage,active,443405.48,3345.2,2023-12-19,2024-12-18
COV000998,POL001098,COMP,Comprehensive,active,249884.45,4012.84,2024-07-23,2025-07-23
COV000999,POL001099,BI,Bodily Injury,active,172223.27,1493.71,2023-08-29,2024-08-28
COV001000,POL001100,BI,Bodily Injury,active,53720.78,2424.22,2023-07-24,2024-07-23
COV001001,POL001101,MED,Medical Payments,active,256630.43,2855.93,2026-01-22,2027-01-22
COV001002,POL001102,PD,Property Damage,active,64324.16,1869.52,2025-08-21,2026-08-21
COV001003,POL001103,PD,Property Damage,active,255502.93,4800.55,2023-08-29,2024-08-28
COV001004,POL001104,BI,Bodily Injury,active,77348.56,3473.45,2024-03-27,2025-03-27
COV001005,POL001105,COMP,Comprehensive,active,231551.82,1869.71,2024-02-23,2025-02-22
COV001006,POL001106,BI,Bodily Injury,active,217774.71,3875.72,2023-12-06,2024-12-05
COV001007,POL001107,PD,Property Damage,active,29609.03,3357.46,2023-01-26,2024-01-26
COV001008,POL001108,BI,Bodily Injury,active,37116.76,2802.33,2025-12-07,2026-12-07
COV001009,POL001109,COLL,Collision,active,400590.4,3345.26,2023-03-27,2024-03-26
COV001010,POL001110,PD,Property Damage,active,99325.47,1690.44,2024-12-12,2025-12-12
COV001011,POL001111,BI,Bodily Injury,active,329846.91,1008.68,2025-05-26,2026-05-26
COV001012,POL001112,COMP,Comprehensive,active,245837.79,4168.4,2025-08-06,2026-08-06
COV001013,POL001113,COMP,Comprehensive,active,99346.55,4706.2,2026-01-07,2027-01-07
COV001014,POL001114,COMP,Comprehensive,active,263008.69,1751.98,2023-06-19,2024-06-18
COV001015,POL001115,BI,Bodily Injury,active,120555.15,2542.2,2025-01-27,2026-01-27
COV001016,POL001116,COMP,Comprehensive,active,184697.94,2912.93,2024-03-16,2025-03-16
COV001017,POL001117,PD,Property Damage,active,91874.21,503.72,2025-09-03,2026-09-03
COV001018,POL001118,BI,Bodily Injury,active,275746.03,4500.72,2025-05-13,2026-05-13
COV001019,POL001119,MED,Medical Payments,active,347863.19,4464.19,2026-01-05,2027-01-05
COV001020,POL001120,COMP,Comprehensive,active,93792.1,4432.56,2024-01-13,2025-01-12
COV001021,POL001121,PD,Property Damage,active,101015.6,3128.32,2023-11-04,2024-11-03
COV001022,POL001122,COMP,Comprehensive,active,339131.0,1705.42,2025-07-16,2026-07-16
COV001023,POL001123,BI,Bodily Injury,active,34317.29,3045.4,2025-03-07,2026-03-07
COV001024,POL001124,PD,Property Damage,active,37807.72,2574.54,2025-02-24,2026-02-24
COV001025,POL001125,COMP,Comprehensive,active,461270.28,1266.75,2024-02-25,2025-02-24
COV001026,POL001126,COMP,Comprehensive,active,259147.65,3308.66,2026-04-19,2027-04-19
COV001027,POL001127,COLL,Collision,active,447667.57,3874.67,2023-06-03,2024-06-02
COV001028,POL001128,PD,Property Damage,active,31107.15,3767.4,2026-08-28,2027-08-28
COV001029,POL001129,PD,Property Damage,active,242105.68,2990.17,2026-09-09,2027-09-09
COV001030,POL001130,MED,Medical Payments,active,116169.05,2892.48,2023-05-25,2024-05-24
COV001031,POL001131,PD,Property Damage,active,295882.23,2718.3,2024-01-15,2025-01-14
COV001032,POL001132,COLL,Collision,active,150948.79,2159.93,2024-05-17,2025-05-17
COV001033,POL001133,MED,Medical Payments,active,29186.63,2375.03,2024-11-13,2025-11-13
COV001034,POL001134,BI,Bodily Injury,active,70275.25,2519.74,2026-04-05,2027-04-05
COV001035,POL001135,COMP,Comprehensive,active,239432.87,1901.97,2026-01-25,2027-01-25
COV001036,POL001136,PD,Property Damage,active,331204.16,4981.05,2025-11-28,2026-11-28
COV001037,POL001137,MED,Medical Payments,active,83213.38,2424.16,2025-07-31,2026-07-31
COV001038,POL001138,COLL,Collision,active,228489.83,3700.67,2023-02-22,2024-02-22
COV001039,POL001139,MED,Medical Payments,active,375509.63,2910.42,2026-02-17,2027-02-17
COV001040,POL001140,BI,Bodily Injury,active,108405.88,339.82,2023-10-03,2024-10-02
COV001041,POL001141,MED,Medical Payments,active,34836.87,4351.29,2024-03-11,2025-03-11
COV001042,POL001142,BI,Bodily Injury,active,358467.44,2437.91,2023-06-05,2024-06-04
COV001043,POL001143,BI,Bodily Injury,active,343724.25,2354.51,2024-08-31,2025-08-31
COV001044,POL001144,COMP,Comprehensive,active,481884.1,1828.21,2024-11-05,2025-11-05
COV001045,POL001145,COMP,Comprehensive,active,450336.53,2903.55,2026-02-11,2027-02-11
COV001046,POL001146,MED,Medical Payments,active,262810.01,4447.81,2025-08-25,2026-08-25
COV001047,POL001147,PD,Property Damage,active,406248.72,1022.1,2023-11-23,2024-11-22
COV001048,POL001148,MED,Medical Payments,active,122356.31,1708.48,2023-01-16,2024-01-16
COV001049,POL001149,BI,Bodily Injury,active,288767.77,330.97,2025-09-29,2026-09-29
COV001050,POL001150,COMP,Comprehensive,active,289827.27,3034.25,2024-05-15,2025-05-15
COV001051,POL001151,COLL,Collision,active,33138.3,3629.02,2023-07-08,2024-07-07
COV001052,POL001152,COLL,Collision,active,99463.48,4107.33,2024-03-23,2025-03-23
COV001053,POL001153,MED,Medical Payments,active,262182.82,4298.12,2023-12-09,2024-12-08
COV001054,POL001154,COMP,Comprehensive,active,129762.18,1047.77,2026-03-23,2027-03-23
COV001055,POL001155,COMP,Comprehensive,active,388201.45,1345.47,2025-07-30,2026-07-30
COV001056,POL001156,COMP,Comprehensive,active,449479.38,4915.1,2026-07-29,2027-07-29
COV001057,POL001157,COLL,Collision,active,224821.05,2643.08,2025-07-08,2026-07-08
COV001058,POL001158,COMP,Comprehensive,active,85978.4,1408.86,2023-07-06,2024-07-05
COV001059,POL001159,BI,Bodily Injury,active,187898.61,1587.88,2025-03-04,2026-03-04
COV001060,POL001160,COMP,Comprehensive,active,459642.03,3593.77,2025-10-11,2026-10-11
COV001061,POL001161,MED,Medical Payments,active,309723.64,4800.63,2026-03-16,2027-03-16
COV001062,POL001162,COLL,Collision,active,193062.81,1379.83,2024-12-19,2025-12-19
COV001063,POL001163,MED,Medical Payments,active,133839.17,398.36,2024-01-19,2025-01-18
COV001064,POL001164,COMP,Comprehensive,active,354988.34,1449.23,2024-07-11,2025-07-11
COV001065,POL001165,PD,Property Damage,active,401379.31,4119.79,2023-06-02,2024-06-01
COV001066,POL001166,COLL,Collision,active,328994.85,1552.18,2023-03-02,2024-03-01
COV001067,POL001167,COMP,Comprehensive,active,142972.26,2962.75,2024-08-23,2025-08-23
COV001068,POL001168,MED,Medical Payments,active,87775.68,3917.03,2026-07-17,2027-07-17
COV001069,POL001169,PD,Property Damage,active,449587.92,4862.8,2024-03-31,2025-03-31
COV001070,POL001170,PD,Property Damage,active,83634.2,936.37,2025-09-11,2026-09-11
COV001071,POL001171,COLL,Collision,active,449010.02,289.17,2023-02-09,2024-02-09
COV001072,POL001172,PD,Property Damage,active,99149.25,4120.16,2023-10-18,2024-10-17
COV001073,POL001173,PD,Property Damage,active,274516.69,4875.26,2025-05-31,2026-05-31
COV001074,POL001174,MED,Medical Payments,active,369484.22,4028.21,2024-04-06,2025-04-06
COV001075,POL001175,PD,Property Damage,active,497837.61,3751.7,2024-08-17,2025-08-17
COV001076,POL001176,BI,Bodily Injury,active,52498.83,1922.54,2023-08-05,2024-08-04
COV001077,POL001177,BI,Bodily Injury,active,226147.88,3863.77,2025-02-07,2026-02-07
COV001078,POL001178,BI,Bodily Injury,active,383506.11,2740.17,2023-01-15,2024-01-15
COV001079,POL001179,BI,Bodily Injury,active,442472.17,4095.12,2024-12-15,2025-12-15
COV001080,POL001180,COLL,Collision,active,386487.46,4571.56,2025-03-09,2026-03-09
COV001081,POL001181,COLL,Collision,active,250119.27,3303.13,2024-07-28,2025-07-28
COV001082,POL001182,COMP,Comprehensive,active,114360.75,912.61,2025-11-21,2026-11-21
COV001083,POL001183,MED,Medical Payments,active,211608.63,3406.8,2024-12-09,2025-12-09
COV001084,POL001184,COLL,Collision,active,248501.77,4639.79,2023-01-21,2024-01-21
COV001085,POL001185,COMP,Comprehensive,active,94060.32,2350.64,2023-03-03,2024-03-02
COV001086,POL001186,COMP,Comprehensive,active,363456.55,4397.03,2025-09-26,2026-09-26
COV001087,POL001187,COLL,Collision,active,101214.28,1054.06,2025-08-18,2026-08-18
COV001088,POL001188,BI,Bodily Injury,active,411358.57,1517.83,2024-08-30,2025-08-30
COV001089,POL001189,PD,Property Damage,active,213099.85,676.4,2023-04-12,2024-04-11
COV001090,POL001190,COMP,Comprehensive,active,478672.9,1139.19,2025-08-21,2026-08-21
COV001091,POL001191,PD,Property Damage,active,288318.78,501.83,2023-10-12,2024-10-11
COV001092,POL001192,MED,Medical Payments,active,232010.73,4443.82,2023-02-20,2024-02-20
COV001093,POL001193,MED,Medical Payments,active,494922.62,2731.88,2023-08-27,2024-08-26
COV001094,POL001194,MED,Medical Payments,active,442689.93,743.81,2024-02-10,2025-02-09
COV001095,POL001195,COLL,Collision,active,167219.57,1813.3,2023-01-27,2024-01-27
COV001096,POL001196,PD,Property Damage,active,364087.1,3917.45,2026-09-15,2027-09-15
COV001097,POL001197,PD,Property Damage,active,260509.93,296.38,2024-01-17,2025-01-16
COV001098,POL001198,BI,Bodily Injury,active,144395.39,776.61,2023-05-22,2024-05-21
COV001099,POL001199,BI,Bodily Injury,active,107310.26,1202.37,2025-07-08,2026-07-08
COV001100,POL001200,COLL,Collision,active,392222.93,2917.1,2026-02-07,2027-02-07
COV001101,POL001201,COMP,Comprehensive,active,470649.5,576.26,2025-04-11,2026-04-11
COV001102,POL001202,MED,Medical Payments,active,84803.28,2489.57,2025-05-16,2026-05-16
COV001103,POL001203,BI,Bodily Injury,active,140883.3,2871.18,2025-02-22,2026-02-22
COV001104,POL001204,PD,Property Damage,active,346964.66,587.4,2025-08-07,2026-08-07
COV001105,POL001205,PD,Property Damage,active,476783.21,3386.29,2026-02-10,2027-02-10
COV001106,POL001206,COLL,Collision,active,336548.76,3014.14,2024-05-22,2025-05-22
COV001107,POL001207,PD,Property Damage,active,230115.16,1805.01,2026-03-31,2027-03-31
COV001108,POL001208,BI,Bodily Injury,active,226132.97,2717.0,2024-12-06,2025-12-06
COV001109,POL001209,COLL,Collision,active,95156.04,3340.07,2024-10-22,2025-10-22
COV001110,POL001210,BI,Bodily Injury,active,310383.5,608.08,2026-01-14,2027-01-14
COV001111,POL001211,BI,Bodily Injury,active,282543.28,4809.95,2023-09-08,2024-09-07
COV001112,POL001212,COMP,Comprehensive,active,30358.25,3848.97,2024-02-25,2025-02-24
COV001113,POL001213,COMP,Comprehensive,active,161075.21,2558.74,2025-06-05,2026-06-05
COV001114,POL001214,BI,Bodily Injury,active,443379.13,4505.52,2024-04-09,2025-04-09
COV001115,POL001215,BI,Bodily Injury,active,355249.18,2610.93,2026-07-29,2027-07-29
COV001116,POL001216,COLL,Collision,active,412648.09,2546.94,2023-09-09,2024-09-08
COV001117,POL001217,MED,Medical Payments,active,444264.32,355.84,2026-03-31,2027-03-31
COV001118,POL001218,COLL,Collision,active,315933.06,1407.66,2024-09-19,2025-09-19
COV001119,POL001219,MED,Medical Payments,active,200767.0,1364.87,2024-09-25,2025-09-25
COV001120,POL001220,COLL,Collision,active,143008.15,945.44,2026-08-10,2027-08-10
COV001121,POL001221,BI,Bodily Injury,active,354103.11,3858.43,2025-04-26,2026-04-26
COV001122,POL001222,COLL,Collision,active,96693.93,4645.99,2026-02-27,2027-02-27
COV001123,POL001223,BI,Bodily Injury,active,358924.38,2444.85,2024-06-25,2025-06-25
COV001124,POL001224,COLL,Collision,active,459570.27,4137.22,2026-06-15,2027-06-15
COV001125,POL001225,MED,Medical Payments,active,140204.43,4432.4,2023-08-12,2024-08-11
COV001126,POL001226,COMP,Comprehensive,active,404814.57,3925.99,2023-02-13,2024-02-13
COV001127,POL001227,PD,Property Damage,active,476807.07,3340.91,2025-11-04,2026-11-04
COV001128,POL001228,MED,Medical Payments,active,231812.72,2004.9,2026-07-08,2027-07-08
COV001129,POL001229,MED,Medical Payments,active,195107.24,2102.15,2024-07-02,2025-07-02
COV001130,POL001230,MED,Medical Payments,active,150329.19,3477.93,2024-03-16,2025-03-16
COV001131,POL001231,COLL,Collision,active,158927.09,885.41,2025-12-12,2026-12-12
COV001132,POL001232,PD,Property Damage,active,371082.66,3031.16,2025-09-13,2026-09-13
COV001133,POL001233,MED,Medical Payments,active,420511.19,4345.7,2023-05-14,2024-05-13
COV001134,POL001234,COMP,Comprehensive,active,92711.31,3835.96,2024-02-24,2025-02-23
COV001135,POL001235,MED,Medical Payments,active,393166.75,2193.96,2024-10-01,2025-10-01
COV001136,POL001236,COMP,Comprehensive,active,145970.56,2914.78,2025-07-14,2026-07-14
COV001137,POL001237,BI,Bodily Injury,active,144294.36,4558.31,2025-11-14,2026-11-14
COV001138,POL001238,COMP,Comprehensive,active,498217.18,1852.12,2023-02-08,2024-02-08
COV001139,POL001239,MED,Medical Payments,active,315261.74,301.67,2024-02-03,2025-02-02
COV001140,POL001240,MED,Medical Payments,active,132088.64,2403.99,2023-08-02,2024-08-01
COV001141,POL001241,PD,Property Damage,active,286847.7,4945.61,2024-06-25,2025-06-25
COV001142,POL001242,COMP,Comprehensive,active,329953.36,2311.48,2023-09-23,2024-09-22
COV001143,POL001243,MED,Medical Payments,active,499918.31,4000.28,2023-12-16,2024-12-15
COV001144,POL001244,PD,Property Damage,active,172057.01,3559.42,2025-07-25,2026-07-25
COV001145,POL001245,COLL,Collision,active,420182.49,360.73,2024-02-04,2025-02-03
COV001146,POL001246,BI,Bodily Injury,active,242558.87,355.48,2023-11-07,2024-11-06
COV001147,POL001247,COMP,Comprehensive,active,178759.44,428.01,2023-01-14,2024-01-14
COV001148,POL001248,COLL,Collision,active,169094.01,887.29,2024-04-15,2025-04-15
COV001149,POL001249,PD,Property Damage,active,61474.03,4459.97,2025-04-24,2026-04-24
COV001150,POL001250,COMP,Comprehensive,active,400255.17,469.09,2025-04-13,2026-04-13
COV001151,POL001251,BI,Bodily Injury,active,459997.0,2124.03,2025-08-30,2026-08-30
COV001152,POL001252,COLL,Collision,active,297464.65,4798.51,2023-06-03,2024-06-02
COV001153,POL001253,COLL,Collision,active,190800.63,633.0,2025-10-28,2026-10-28
COV001154,POL001254,PD,Property Damage,active,167229.63,3888.25,2025-09-23,2026-09-23
COV001155,POL001255,COMP,Comprehensive,active,245183.01,4321.28,2023-05-29,2024-05-28
COV001156,POL001256,COLL,Collision,active,379733.51,1351.46,2023-11-13,2024-11-12
COV001157,POL001257,MED,Medical Payments,active,207778.61,3447.52,2025-04-27,2026-04-27
COV001158,POL001258,COLL,Collision,active,286064.95,4849.13,2023-03-04,2024-03-03
COV001159,POL001259,BI,Bodily Injury,active,111349.95,4783.67,2025-12-23,2026-12-23
COV001160,POL001260,COMP,Comprehensive,active,480415.01,4928.17,2026-01-11,2027-01-11
COV001161,POL001261,COLL,Collision,active,261101.75,2197.71,2023-11-14,2024-11-13
COV001162,POL001262,COMP,Comprehensive,active,52085.03,3192.81,2025-05-21,2026-05-21
COV001163,POL001263,BI,Bodily Injury,active,213046.8,4730.9,2025-05-13,2026-05-13
COV001164,POL001264,MED,Medical Payments,active,104151.41,4191.85,2023-12-09,2024-12-08
COV001165,POL001265,MED,Medical Payments,active,470464.66,4676.33,2023-11-23,2024-11-22
COV001166,POL001266,BI,Bodily Injury,active,189796.7,2022.23,2023-03-02,2024-03-01
COV001167,POL001267,COMP,Comprehensive,active,485987.82,4059.3,2023-06-08,2024-06-07
COV001168,POL001268,PD,Property Damage,active,317785.29,918.62,2025-06-15,2026-06-15
COV001169,POL001269,MED,Medical Payments,active,84114.34,1150.45,2025-05-09,2026-05-09
COV001170,POL001270,PD,Property Damage,active,147742.02,2857.27,2024-01-16,2025-01-15
COV001171,POL001271,COMP,Comprehensive,active,230894.54,2480.53,2023-05-24,2024-05-23
COV001172,POL001272,MED,Medical Payments,active,128913.5,1195.51,2025-07-29,2026-07-29
COV001173,POL001273,PD,Property Damage,active,301964.58,3991.29,2024-11-10,2025-11-10
COV001174,POL001274,BI,Bodily Injury,active,96709.13,4758.13,2023-04-11,2024-04-10
COV001175,POL001275,MED,Medical Payments,active,208545.18,3392.23,2024-05-29,2025-05-29
COV001176,POL001276,PD,Property Damage,active,345803.97,2080.14,2025-09-01,2026-09-01
COV001177,POL001277,BI,Bodily Injury,active,150507.02,676.46,2024-07-11,2025-07-11
COV001178,POL001278,COMP,Comprehensive,active,378121.31,411.72,2025-12-10,2026-12-10
COV001179,POL001279,MED,Medical Payments,active,239098.33,4873.55,2025-10-31,2026-10-31
COV001180,POL001280,COMP,Comprehensive,active,63656.04,4135.84,2024-01-28,2025-01-27
COV001181,POL001281,PD,Property Damage,active,32506.75,4529.66,2024-01-25,2025-01-24
COV001182,POL001282,BI,Bodily Injury,active,388716.78,365.94,2024-10-26,2025-10-26
COV001183,POL001283,COLL,Collision,active,475832.27,1343.06,2023-05-08,2024-05-07
COV001184,POL001284,COLL,Collision,active,283645.63,1080.79,2026-04-18,2027-04-18
COV001185,POL001285,PD,Property Damage,active,241018.35,3904.07,2024-04-24,2025-04-24
COV001186,POL001286,COMP,Comprehensive,active,465538.77,2454.97,2023-01-06,2024-01-06
COV001187,POL001287,BI,Bodily Injury,active,79909.98,1875.75,2025-10-02,2026-10-02
COV001188,POL001288,COMP,Comprehensive,active,302458.83,3419.62,2025-11-15,2026-11-15
COV001189,POL001289,COLL,Collision,active,389911.43,2659.45,2025-04-26,2026-04-26
COV001190,POL001290,COMP,Comprehensive,active,29614.88,2716.98,2025-10-12,2026-10-12
COV001191,POL001291,BI,Bodily Injury,active,418396.2,1943.25,2024-04-26,2025-04-26
COV001192,POL001292,PD,Property Damage,active,68260.76,1506.48,2026-04-19,2027-04-19
COV001193,POL001293,COLL,Collision,active,225978.76,2208.8,2025-02-03,2026-02-03
COV001194,POL001294,MED,Medical Payments,active,204634.58,3992.11,2024-03-10,2025-03-10
COV001195,POL001295,MED,Medical Payments,active,277561.42,3862.23,2025-10-11,2026-10-11
COV001196,POL001296,COLL,Collision,active,162582.14,1207.73,2024-10-06,2025-10-06
COV001197,POL001297,MED,Medical Payments,active,119728.69,1328.46,2026-03-17,2027-03-17
COV001198,POL001298,BI,Bodily Injury,active,46709.79,2335.07,2025-04-15,2026-04-15
COV001199,POL001299,COMP,Comprehensive,active,233019.77,369.37,2025-02-14,2026-02-14
COV001200,POL001300,PD,Property Damage,active,65960.14,2480.85,2025-08-06,2026-08-06
COV001201,POL001301,COLL,Collision,active,115547.75,1995.5,2025-03-03,2026-03-03
COV001202,POL001302,PD,Property Damage,active,299503.14,1502.8,2024-06-22,2025-06-22
COV001203,POL001303,COMP,Comprehensive,active,454280.95,679.87,2024-01-05,2025-01-04
COV001204,POL001304,COLL,Collision,active,400635.66,2004.46,2026-07-13,2027-07-13
COV001205,POL001305,MED,Medical Payments,active,279551.01,315.81,2026-01-24,2027-01-24
COV001206,POL001306,COLL,Collision,active,382959.53,521.28,2023-03-16,2024-03-15
COV001207,POL001307,MED,Medical Payments,active,427181.97,1186.97,2024-09-18,2025-09-18
COV001208,POL001308,PD,Property Damage,active,453534.78,591.23,2025-03-10,2026-03-10
COV001209,POL001309,BI,Bodily Injury,active,478308.34,2769.92,2023-11-20,2024-11-19
COV001210,POL001310,COMP,Comprehensive,active,186797.83,4682.87,2024-08-19,2025-08-19
COV001211,POL001311,COLL,Collision,active,261831.17,3661.35,2024-07-16,2025-07-16
COV001212,POL001312,BI,Bodily Injury,active,160945.14,1930.53,2026-05-06,2027-05-06
COV001213,POL001313,MED,Medical Payments,active,243292.89,4144.98,2026-02-14,2027-02-14
COV001214,POL001314,BI,Bodily Injury,active,497233.32,3990.55,2024-12-14,2025-12-14
COV001215,POL001315,MED,Medical Payments,active,34178.64,2918.54,2026-08-18,2027-08-18
COV001216,POL001316,BI,Bodily Injury,active,116018.18,723.79,2024-04-28,2025-04-28
COV001217,POL001317,BI,Bodily Injury,active,211146.5,2809.39,2025-01-09,2026-01-09
COV001218,POL001318,BI,Bodily Injury,active,41715.52,292.23,2025-02-23,2026-02-23
COV001219,POL001319,PD,Property Damage,active,50482.79,2014.53,2024-11-03,2025-11-03
COV001220,POL001320,COMP,Comprehensive,active,382421.61,3453.41,2024-09-18,2025-09-18
COV001221,POL001321,PD,Property Damage,active,435874.52,2382.47,2024-07-22,2025-07-22
COV001222,POL001322,MED,Medical Payments,active,35406.46,4081.08,2026-04-19,2027-04-19
COV001223,POL001323,COMP,Comprehensive,active,219062.37,427.88,2025-03-03,2026-03-03
COV001224,POL001324,MED,Medical Payments,active,218725.99,3985.18,2025-03-11,2026-03-11
COV001225,POL001325,COMP,Comprehensive,active,65641.49,4805.14,2024-04-20,2025-04-20
COV001226,POL001326,PD,Property Damage,active,437755.41,1731.11,2024-05-05,2025-05-05
COV001227,POL001327,BI,Bodily Injury,active,409747.29,1492.44,2024-07-30,2025-07-30
COV001228,POL001328,COLL,Collision,active,158750.74,3196.89,2025-07-16,2026-07-16
COV001229,POL001329,COMP,Comprehensive,active,260398.64,1040.08,2025-04-23,2026-04-23
COV001230,POL001330,PD,Property Damage,active,339741.25,549.46,2024-07-21,2025-07-21
COV001231,POL001331,MED,Medical Payments,active,118937.04,1782.19,2024-05-18,2025-05-18
COV001232,POL001332,COLL,Collision,active,359538.3,4469.16,2026-01-23,2027-01-23
COV001233,POL001333,COMP,Comprehensive,active,118289.61,3128.85,2025-04-27,2026-04-27
COV001234,POL001334,PD,Property Damage,active,180426.16,848.68,2026-08-17,2027-08-17
COV001235,POL001335,COMP,Comprehensive,active,78461.91,1897.53,2025-08-19,2026-08-19
COV001236,POL001336,COLL,Collision,active,454242.98,2886.03,2026-07-09,2027-07-09
COV001237,POL001337,PD,Property Damage,active,72105.53,3339.14,2025-09-06,2026-09-06
COV001238,POL001338,PD,Property Damage,active,244875.01,2055.06,2023-07-08,2024-07-07
COV001239,POL001339,MED,Medical Payments,active,331515.35,2208.84,2024-01-07,2025-01-06
COV001240,POL001340,COLL,Collision,active,368252.46,2951.99,2025-04-06,2026-04-06
COV001241,POL001341,COLL,Collision,active,358403.68,2459.5,2023-09-02,2024-09-01
COV001242,POL001342,MED,Medical Payments,active,370986.63,3161.85,2026-06-13,2027-06-13
COV001243,POL001343,COLL,Collision,active,278859.21,4088.59,2025-01-20,2026-01-20
COV001244,POL001344,MED,Medical Payments,active,178121.03,3518.29,2024-10-02,2025-10-02
COV001245,POL001345,COLL,Collision,active,232323.22,929.49,2026-02-27,2027-02-27
COV001246,POL001346,COLL,Collision,active,430740.01,1287.03,2025-02-17,2026-02-17
COV001247,POL001347,COMP,Comprehensive,active,274710.62,2874.33,2025-12-23,2026-12-23
COV001248,POL001348,COLL,Collision,active,380694.51,4997.08,2023-02-18,2024-02-18
COV001249,POL001349,MED,Medical Payments,active,36309.1,494.3,2024-10-20,2025-10-20
COV001250,POL001350,BI,Bodily Injury,active,333667.19,2651.9,2026-05-11,2027-05-11
COV001251,POL001351,PD,Property Damage,active,339185.57,4071.06,2024-10-09,2025-10-09
COV001252,POL001352,COMP,Comprehensive,active,83742.09,272.82,2024-10-03,2025-10-03
COV001253,POL001353,PD,Property Damage,active,410292.18,489.86,2025-08-04,2026-08-04
COV001254,POL001354,MED,Medical Payments,active,138669.55,2996.13,2025-09-10,2026-09-10
COV001255,POL001355,COMP,Comprehensive,active,327047.48,3916.07,2025-06-11,2026-06-11
COV001256,POL001356,MED,Medical Payments,active,35185.18,2781.29,2024-07-02,2025-07-02
COV001257,POL001357,COMP,Comprehensive,active,88682.41,4318.87,2023-12-25,2024-12-24
COV001258,POL001358,COLL,Collision,active,141042.76,4620.18,2023-01-29,2024-01-29
COV001259,POL001359,MED,Medical Payments,active,110604.84,2133.13,2024-01-05,2025-01-04
COV001260,POL001360,BI,Bodily Injury,active,232250.76,3548.79,2025-05-26,2026-05-26
COV001261,POL001361,BI,Bodily Injury,active,214025.74,1989.26,2023-05-07,2024-05-06
COV001262,POL001362,BI,Bodily Injury,active,466750.82,632.45,2023-12-22,2024-12-21
COV001263,POL001363,COLL,Collision,active,371617.17,3176.97,2025-11-16,2026-11-16
COV001264,POL001364,COLL,Collision,active,486582.46,697.25,2024-03-06,2025-03-06
COV001265,POL001365,MED,Medical Payments,active,361542.01,540.44,2024-12-03,2025-12-03
COV001266,POL001366,COMP,Comprehensive,active,457982.49,3589.31,2026-08-17,2027-08-17
COV001267,POL001367,COLL,Collision,active,332825.53,3144.88,2024-08-04,2025-08-04
COV001268,POL001368,PD,Property Damage,active,141417.32,3742.93,2024-06-10,2025-06-10
COV001269,POL001369,COLL,Collision,active,257875.91,4632.42,2024-10-11,2025-10-11
COV001270,POL001370,COLL,Collision,active,355610.71,3512.13,2023-04-17,2024-04-16
COV001271,POL001371,BI,Bodily Injury,active,63928.77,2923.29,2023-06-09,2024-06-08
COV001272,POL001372,COLL,Collision,active,126664.31,581.22,2026-07-02,2027-07-02
COV001273,POL001373,PD,Property Damage,active,35727.52,3727.53,2025-06-19,2026-06-19
COV001274,POL001374,COLL,Collision,active,105343.88,789.35,2025-12-31,2026-12-31
COV001275,POL001375,PD,Property Damage,active,478393.2,2570.43,2024-07-09,2025-07-09
COV001276,POL001376,BI,Bodily Injury,active,318723.74,4294.45,2023-02-04,2024-02-04
COV001277,POL001377,MED,Medical Payments,active,295128.72,3386.04,2024-12-27,2025-12-27
COV001278,POL001378,PD,Property Damage,active,131366.61,1576.03,2023-01-31,2024-01-31
COV001279,POL001379,BI,Bodily Injury,active,312898.7,1843.57,2024-05-06,2025-05-06
COV001280,POL001380,COLL,Collision,active,141094.8,1630.52,2023-10-19,2024-10-18
COV001281,POL001381,MED,Medical Payments,active,112965.31,3964.73,2025-02-22,2026-02-22
COV001282,POL001382,COLL,Collision,active,395931.22,4399.42,2024-12-07,2025-12-07
COV001283,POL001383,PD,Property Damage,active,147444.39,3012.03,2026-05-02,2027-05-02
COV001284,POL001384,MED,Medical Payments,active,495422.68,3776.54,2024-12-20,2025-12-20
COV001285,POL001385,COLL,Collision,active,414251.44,3056.93,2026-01-25,2027-01-25
COV001286,POL001386,COLL,Collision,active,156681.11,3394.31,2026-03-04,2027-03-04
COV001287,POL001387,COLL,Collision,active,121742.91,2633.48,2025-07-01,2026-07-01
COV001288,POL001388,MED,Medical Payments,active,64962.42,953.57,2026-02-25,2027-02-25
COV001289,POL001389,BI,Bodily Injury,active,29415.49,4164.75,2025-12-06,2026-12-06
COV001290,POL001390,COLL,Collision,active,51185.71,3931.1,2023-11-19,2024-11-18
COV001291,POL001391,COLL,Collision,active,35139.39,4074.96,2023-11-17,2024-11-16
COV001292,POL001392,PD,Property Damage,active,58879.71,565.2,2025-12-01,2026-12-01
COV001293,POL001393,PD,Property Damage,active,352923.16,1432.34,2023-09-28,2024-09-27
COV001294,POL001394,BI,Bodily Injury,active,101010.93,3046.46,2025-03-30,2026-03-30
COV001295,POL001395,PD,Property Damage,active,285021.54,2852.93,2023-02-12,2024-02-12
COV001296,POL001396,COMP,Comprehensive,active,188070.75,3250.26,2024-01-25,2025-01-24
COV001297,POL001397,MED,Medical Payments,active,466699.07,1918.55,2024-07-04,2025-07-04
COV001298,POL001398,BI,Bodily Injury,active,351937.12,3487.65,2023-06-15,2024-06-14
COV001299,POL001399,COMP,Comprehensive,active,99939.38,3921.08,2024-02-06,2025-02-05
COV001300,POL001400,COMP,Comprehensive,active,291396.36,2337.11,2026-06-20,2027-06-20
COV001301,POL001401,COMP,Comprehensive,active,35001.29,4009.51,2025-03-14,2026-03-14
COV001302,POL001402,COLL,Collision,active,242079.69,609.92,2026-03-19,2027-03-19
COV001303,POL001403,PD,Property Damage,active,88172.03,3489.15,2023-02-21,2024-02-21
COV001304,POL001404,PD,Property Damage,active,238966.14,4652.21,2023-01-11,2024-01-11
COV001305,POL001405,BI,Bodily Injury,active,300197.74,4448.61,2023-07-05,2024-07-04
COV001306,POL001406,BI,Bodily Injury,active,138915.41,4662.44,2025-02-23,2026-02-23
COV001307,POL001407,COMP,Comprehensive,active,163510.45,1330.33,2023-02-19,2024-02-19
COV001308,POL001408,BI,Bodily Injury,active,358686.57,1812.89,2025-10-02,2026-10-02
COV001309,POL001409,PD,Property Damage,active,130243.38,4491.59,2024-05-31,2025-05-31
COV001310,POL001410,MED,Medical Payments,active,131614.63,4871.92,2023-05-06,2024-05-05
COV001311,POL001411,PD,Property Damage,active,353789.23,4112.65,2026-06-20,2027-06-20
COV001312,POL001412,COLL,Collision,active,196387.64,4162.08,2025-07-29,2026-07-29
COV001313,POL001413,BI,Bodily Injury,active,81105.0,4998.34,2025-12-27,2026-12-27
COV001314,POL001414,BI,Bodily Injury,active,265014.29,3347.61,2024-12-07,2025-12-07
COV001315,POL001415,MED,Medical Payments,active,315953.45,3273.11,2026-01-09,2027-01-09
COV001316,POL001416,COMP,Comprehensive,active,183414.84,4376.78,2024-04-06,2025-04-06
COV001317,POL001417,BI,Bodily Injury,active,142264.45,4295.77,2024-10-17,2025-10-17
COV001318,POL001418,BI,Bodily Injury,active,388260.3,2090.39,2026-04-09,2027-04-09
COV001319,POL001419,MED,Medical Payments,active,306473.24,3349.39,2026-01-10,2027-01-10
COV001320,POL001420,PD,Property Damage,active,159906.19,2904.97,2026-01-06,2027-01-06
COV001321,POL001421,BI,Bodily Injury,active,206289.94,4046.33,2023-02-20,2024-02-20
COV001322,POL001422,COLL,Collision,active,189721.61,556.75,2023-01-05,2024-01-05
COV001323,POL001423,BI,Bodily Injury,active,344513.16,2591.52,2024-06-20,2025-06-20
COV001324,POL001424,COMP,Comprehensive,active,249172.26,4990.15,2023-07-03,2024-07-02
COV001325,POL001425,COLL,Collision,active,110435.23,1692.89,2025-08-22,2026-08-22
COV001326,POL001426,BI,Bodily Injury,active,491219.13,2812.33,2024-12-15,2025-12-15
COV001327,POL001427,COLL,Collision,active,260673.07,2536.67,2024-05-23,2025-05-23
COV001328,POL001428,COMP,Comprehensive,active,462659.07,3292.12,2024-06-12,2025-06-12
COV001329,POL001429,MED,Medical Payments,active,223399.3,2859.6,2023-06-11,2024-06-10
COV001330,POL001430,COLL,Collision,active,361068.35,4935.86,2024-04-19,2025-04-19
COV001331,POL001431,PD,Property Damage,active,416955.63,1672.9,2023-09-17,2024-09-16
COV001332,POL001432,PD,Property Damage,active,73551.19,4536.04,2023-01-02,2024-01-02
COV001333,POL001433,BI,Bodily Injury,active,370455.38,2674.34,2024-04-22,2025-04-22
COV001334,POL001434,PD,Property Damage,active,76611.13,4626.35,2025-09-18,2026-09-18
COV001335,POL001435,MED,Medical Payments,active,264915.18,4448.25,2023-01-14,2024-01-14
COV001336,POL001436,PD,Property Damage,active,367302.5,2988.26,2024-09-21,2025-09-21
COV001337,POL001437,MED,Medical Payments,active,377789.55,1410.86,2024-09-28,2025-09-28
COV001338,POL001438,COMP,Comprehensive,active,88547.2,3266.17,2024-12-03,2025-12-03
COV001339,POL001439,BI,Bodily Injury,active,181495.72,2179.33,2026-03-12,2027-03-12
COV001340,POL001440,BI,Bodily Injury,active,482078.08,1314.98,2025-02-04,2026-02-04
COV001341,POL001441,COMP,Comprehensive,active,410634.53,1066.31,2026-08-25,2027-08-25
COV001342,POL001442,COLL,Collision,active,175658.48,2095.41,2023-02-04,2024-02-04
COV001343,POL001443,PD,Property Damage,active,320109.36,4721.8,2026-08-16,2027-08-16
COV001344,POL001444,MED,Medical Payments,active,467373.98,2027.62,2025-02-17,2026-02-17
COV001345,POL001445,BI,Bodily Injury,active,404484.04,2136.98,2025-09-25,2026-09-25
COV001346,POL001446,BI,Bodily Injury,active,411301.64,4488.19,2023-07-07,2024-07-06
COV001347,POL001447,COLL,Collision,active,471126.31,4675.9,2025-10-31,2026-10-31
COV001348,POL001448,COMP,Comprehensive,active,76779.25,4717.9,2023-02-05,2024-02-05
COV001349,POL001449,BI,Bodily Injury,active,451952.38,3663.0,2025-04-16,2026-04-16
COV001350,POL001450,COMP,Comprehensive,active,26553.1,3215.8,2024-12-20,2025-12-20
COV001351,POL001451,MED,Medical Payments,active,379356.3,1055.58,2024-02-24,2025-02-23
COV001352,POL001452,COMP,Comprehensive,active,439174.32,931.07,2025-10-18,2026-10-18
COV001353,POL001453,BI,Bodily Injury,active,223390.21,2413.97,2024-06-17,2025-06-17
COV001354,POL001454,PD,Property Damage,active,427734.22,1966.05,2025-10-02,2026-10-02
COV001355,POL001455,PD,Property Damage,active,463101.9,4992.43,2024-09-09,2025-09-09
COV001356,POL001456,COMP,Comprehensive,active,422235.59,621.94,2024-09-10,2025-09-10
COV001357,POL001457,COLL,Collision,active,372298.58,1366.11,2023-08-02,2024-08-01
COV001358,POL001458,COLL,Collision,active,148453.87,1445.94,2024-10-01,2025-10-01
COV001359,POL001459,COLL,Collision,active,496656.97,958.56,2025-09-03,2026-09-03
COV001360,POL001460,COMP,Comprehensive,active,281893.31,705.62,2023-07-16,2024-07-15
COV001361,POL001461,MED,Medical Payments,active,361274.47,3169.08,2024-06-28,2025-06-28
COV001362,POL001462,COLL,Collision,active,383219.76,2285.78,2025-05-21,2026-05-21
COV001363,POL001463,COMP,Comprehensive,active,67567.32,2780.38,2026-06-05,2027-06-05
COV001364,POL001464,COLL,Collision,active,348602.73,2028.07,2023-12-31,2024-12-30
COV001365,POL001465,PD,Property Damage,active,458349.62,773.09,2026-09-07,2027-09-07
COV001366,POL001466,COLL,Collision,active,39055.03,1217.63,2023-03-01,2024-02-29
COV001367,POL001467,MED,Medical Payments,active,339279.45,2679.35,2024-06-16,2025-06-16
COV001368,POL001468,COMP,Comprehensive,active,343735.23,4805.72,2024-10-01,2025-10-01
COV001369,POL001469,COLL,Collision,active,290071.25,4797.01,2024-05-26,2025-05-26
COV001370,POL001470,COMP,Comprehensive,active,74926.46,4397.6,2024-04-26,2025-04-26
COV001371,POL001471,COLL,Collision,active,85036.55,3884.33,2025-01-12,2026-01-12
COV001372,POL001472,COMP,Comprehensive,active,88442.02,2866.26,2024-01-23,2025-01-22
COV001373,POL001473,MED,Medical Payments,active,29944.92,3506.31,2024-12-23,2025-12-23
COV001374,POL001474,PD,Property Damage,active,433689.59,712.68,2026-03-31,2027-03-31
COV001375,POL001475,PD,Property Damage,active,496458.46,4394.35,2025-08-05,2026-08-05
COV001376,POL001476,BI,Bodily Injury,active,339887.98,972.4,2024-04-26,2025-04-26
COV001377,POL001477,PD,Property Damage,active,43832.54,3352.69,2023-01-17,2024-01-17
COV001378,POL001478,MED,Medical Payments,active,383182.08,4278.3,2025-09-30,2026-09-30
COV001379,POL001479,MED,Medical Payments,active,39398.56,1018.09,2026-05-17,2027-05-17
COV001380,POL001480,COLL,Collision,active,297600.61,2849.96,2026-03-13,2027-03-13
COV001381,POL001481,MED,Medical Payments,active,252208.05,1072.86,2024-01-29,2025-01-28
COV001382,POL001482,COMP,Comprehensive,active,137334.31,2041.45,2026-07-24,2027-07-24
COV001383,POL001483,BI,Bodily Injury,active,303610.67,4784.83,2025-03-07,2026-03-07
COV001384,POL001484,MED,Medical Payments,active,380561.68,3338.73,2025-05-11,2026-05-11
COV001385,POL001485,COLL,Collision,active,58586.38,570.02,2023-09-23,2024-09-22
COV001386,POL001486,BI,Bodily Injury,active,334002.82,4712.61,2024-01-01,2024-12-31
COV001387,POL001487,COLL,Collision,active,464755.51,2785.94,2026-04-02,2027-04-02
COV001388,POL001488,MED,Medical Payments,active,366124.07,3448.43,2023-01-15,2024-01-15
COV001389,POL001489,BI,Bodily Injury,active,231408.57,1122.96,2023-11-11,2024-11-10
COV001390,POL001490,COLL,Collision,active,470177.22,3154.12,2026-09-04,2027-09-04
COV001391,POL001491,COLL,Collision,active,152556.28,4466.51,2023-05-25,2024-05-24
COV001392,POL001492,PD,Property Damage,active,442766.62,4416.32,2023-12-15,2024-12-14
COV001393,POL001493,PD,Property Damage,active,461972.9,2768.21,2026-08-19,2027-08-19
COV001394,POL001494,COMP,Comprehensive,active,169651.35,1730.24,2023-05-19,2024-05-18
COV001395,POL001495,BI,Bodily Injury,active,68304.12,2947.59,2023-09-17,2024-09-16
COV001396,POL001496,COMP,Comprehensive,active,168398.14,3703.13,2026-05-02,2027-05-02
COV001397,POL001497,COLL,Collision,active,412895.83,3482.2,2026-01-06,2027-01-06
COV001398,POL001498,BI,Bodily Injury,active,234517.84,299.67,2024-02-15,2025-02-14
COV001399,POL001499,MED,Medical Payments,active,475002.62,3307.23,2024-12-20,2025-12-20
COV001400,POL001500,COMP,Comprehensive,active,333787.56,587.75,2025-01-06,2026-01-06
COV001401,POL001501,PD,Property Damage,active,208423.11,827.8,2025-11-21,2026-11-21
COV001402,POL001502,COMP,Comprehensive,active,431079.88,3515.13,2026-06-01,2027-06-01
COV001403,POL001503,MED,Medical Payments,active,443597.38,1287.56,2024-10-19,2025-10-19
COV001404,POL001504,PD,Property Damage,active,96785.6,4230.43,2026-07-27,2027-07-27
COV001405,POL001505,MED,Medical Payments,active,77139.37,2040.7,2023-04-27,2024-04-26
COV001406,POL001506,COLL,Collision,active,408788.39,1683.2,2026-07-08,2027-07-08
COV001407,POL001507,MED,Medical Payments,active,74370.5,1957.76,2026-06-13,2027-06-13
COV001408,POL001508,BI,Bodily Injury,active,30309.64,527.17,2023-06-15,2024-06-14
COV001409,POL001509,COLL,Collision,active,85758.56,544.04,2023-11-28,2024-11-27
COV001410,POL001510,COLL,Collision,active,268436.61,4414.33,2025-09-17,2026-09-17
COV001411,POL001511,BI,Bodily Injury,active,224939.33,4730.44,2025-05-11,2026-05-11
COV001412,POL001512,BI,Bodily Injury,active,329380.6,2267.94,2023-02-15,2024-02-15
COV001413,POL001513,BI,Bodily Injury,active,499054.09,494.55,2026-02-15,2027-02-15
COV001414,POL001514,MED,Medical Payments,active,388182.54,3783.78,2025-10-16,2026-10-16
COV001415,POL001515,COMP,Comprehensive,active,479203.6,1898.52,2023-10-28,2024-10-27
COV001416,POL001516,PD,Property Damage,active,263746.59,1063.86,2025-05-13,2026-05-13
COV001417,POL001517,COLL,Collision,active,396181.12,915.6,2023-01-03,2024-01-03
COV001418,POL001518,COMP,Comprehensive,active,401808.95,4494.54,2024-07-13,2025-07-13
COV001419,POL001519,MED,Medical Payments,active,283524.69,773.2,2023-03-18,2024-03-17
COV001420,POL001520,COLL,Collision,active,471723.46,2304.48,2025-07-07,2026-07-07
COV001421,POL001521,COMP,Comprehensive,active,410228.84,3087.21,2025-01-06,2026-01-06
COV001422,POL001522,PD,Property Damage,active,343598.68,2742.74,2025-12-26,2026-12-26
COV001423,POL001523,PD,Property Damage,active,402755.05,1749.11,2025-12-24,2026-12-24
COV001424,POL001524,MED,Medical Payments,active,177781.32,1675.26,2026-06-19,2027-06-19
COV001425,POL001525,MED,Medical Payments,active,198741.94,765.59,2026-08-05,2027-08-05
COV001426,POL001526,PD,Property Damage,active,122906.23,2621.56,2023-10-03,2024-10-02
COV001427,POL001527,MED,Medical Payments,active,299836.01,1191.8,2026-02-28,2027-02-28
COV001428,POL001528,COMP,Comprehensive,active,199386.88,2872.22,2026-02-11,2027-02-11
COV001429,POL001529,PD,Property Damage,active,285445.54,669.92,2025-07-09,2026-07-09
COV001430,POL001530,COLL,Collision,active,78098.83,3057.44,2026-02-15,2027-02-15
COV001431,POL001531,COLL,Collision,active,379054.21,3888.72,2025-05-22,2026-05-22
COV001432,POL001532,COLL,Collision,active,291901.2,3956.21,2023-12-10,2024-12-09
COV001433,POL001533,PD,Property Damage,active,381431.78,3234.35,2024-04-04,2025-04-04
COV001434,POL001534,PD,Property Damage,active,172223.77,4043.9,2026-08-05,2027-08-05
COV001435,POL001535,COLL,Collision,active,271597.55,2494.0,2024-12-16,2025-12-16
COV001436,POL001536,COMP,Comprehensive,active,247689.57,2960.12,2025-07-21,2026-07-21
COV001437,POL001537,COMP,Comprehensive,active,424975.26,595.75,2024-11-04,2025-11-04
COV001438,POL001538,BI,Bodily Injury,active,178779.63,1573.16,2025-05-25,2026-05-25
COV001439,POL001539,PD,Property Damage,active,226020.27,3362.96,2026-04-24,2027-04-24
COV001440,POL001540,PD,Property Damage,active,74368.32,3507.06,2026-09-03,2027-09-03
COV001441,POL001541,BI,Bodily Injury,active,230825.33,3176.16,2025-12-10,2026-12-10
COV001442,POL001542,MED,Medical Payments,active,155914.72,1516.2,2026-06-15,2027-06-15
COV001443,POL001543,PD,Property Damage,active,399315.81,892.02,2023-06-15,2024-06-14
COV001444,POL001544,COMP,Comprehensive,active,178177.35,2560.41,2025-08-01,2026-08-01
COV001445,POL001545,MED,Medical Payments,active,303969.94,2787.74,2023-01-06,2024-01-06
COV001446,POL001546,COLL,Collision,active,173458.94,747.26,2024-06-12,2025-06-12
COV001447,POL001547,COMP,Comprehensive,active,276040.11,4330.99,2026-05-22,2027-05-22
COV001448,POL001548,PD,Property Damage,active,365847.32,2138.04,2025-12-28,2026-12-28
COV001449,POL001549,PD,Property Damage,active,318076.4,4129.15,2023-07-05,2024-07-04
COV001450,POL001550,COLL,Collision,active,498685.24,4917.99,2024-10-09,2025-10-09
COV001451,POL001551,COMP,Comprehensive,active,472342.59,2589.99,2025-04-28,2026-04-28
COV001452,POL001552,COMP,Comprehensive,active,477782.87,3765.66,2023-03-16,2024-03-15
COV001453,POL001553,MED,Medical Payments,active,351164.61,2604.63,2023-10-02,2024-10-01
COV001454,POL001554,BI,Bodily Injury,active,298306.86,4653.44,2023-10-14,2024-10-13
COV001455,POL001555,COMP,Comprehensive,active,180944.21,1978.19,2026-06-26,2027-06-26
COV001456,POL001556,MED,Medical Payments,active,211502.04,1501.26,2023-07-12,2024-07-11
COV001457,POL001557,MED,Medical Payments,active,449200.74,2408.03,2025-11-27,2026-11-27
COV001458,POL001558,COMP,Comprehensive,active,65008.59,2664.23,2024-05-10,2025-05-10
COV001459,POL001559,BI,Bodily Injury,active,418966.31,926.39,2024-06-19,2025-06-19
COV001460,POL001560,COLL,Collision,active,144717.91,387.08,2023-04-25,2024-04-24
COV001461,POL001561,PD,Property Damage,active,482712.03,892.29,2023-06-08,2024-06-07
COV001462,POL001562,MED,Medical Payments,active,129990.37,1077.93,2024-03-01,2025-03-01
COV001463,POL001563,COLL,Collision,active,217703.85,3575.27,2024-02-16,2025-02-15
COV001464,POL001564,PD,Property Damage,active,355486.15,530.22,2026-07-22,2027-07-22
COV001465,POL001565,COLL,Collision,active,110768.76,2672.93,2023-01-06,2024-01-06
COV001466,POL001566,COMP,Comprehensive,active,185218.66,4775.93,2024-03-01,2025-03-01
COV001467,POL001567,PD,Property Damage,active,86468.02,2318.67,2024-05-18,2025-05-18
COV001468,POL001568,COLL,Collision,active,318556.9,2476.29,2026-04-28,2027-04-28
COV001469,POL001569,COMP,Comprehensive,active,297043.22,1304.59,2023-07-13,2024-07-12
COV001470,POL001570,MED,Medical Payments,active,157023.97,3302.47,2023-07-15,2024-07-14
COV001471,POL001571,PD,Property Damage,active,237333.24,4764.54,2024-06-23,2025-06-23
COV001472,POL001572,BI,Bodily Injury,active,270701.93,301.18,2026-07-21,2027-07-21
COV001473,POL001573,COMP,Comprehensive,active,398369.51,4326.74,2026-09-03,2027-09-03
COV001474,POL001574,BI,Bodily Injury,active,51424.17,4338.24,2025-01-07,2026-01-07
COV001475,POL001575,MED,Medical Payments,active,276371.17,4820.3,2023-08-26,2024-08-25
COV001476,POL001576,BI,Bodily Injury,active,321980.0,4101.04,2026-05-22,2027-05-22
COV001477,POL001577,COLL,Collision,active,335101.41,368.26,2023-04-16,2024-04-15
COV001478,POL001578,COMP,Comprehensive,active,374769.39,3325.59,2024-04-06,2025-04-06
COV001479,POL001579,PD,Property Damage,active,461913.26,4321.19,2025-01-29,2026-01-29
COV001480,POL001580,BI,Bodily Injury,active,391490.14,2399.17,2024-03-05,2025-03-05
COV001481,POL001581,PD,Property Damage,active,382392.6,4382.89,2023-03-28,2024-03-27
COV001482,POL001582,COLL,Collision,active,65451.2,3386.19,2024-02-19,2025-02-18
COV001483,POL001583,MED,Medical Payments,active,286115.99,4646.54,2025-03-06,2026-03-06
COV001484,POL001584,COLL,Collision,active,141240.49,343.24,2023-02-23,2024-02-23
COV001485,POL001585,MED,Medical Payments,active,217817.58,2843.66,2024-12-11,2025-12-11
COV001486,POL001586,PD,Property Damage,active,202577.71,4975.03,2024-10-23,2025-10-23
COV001487,POL001587,BI,Bodily Injury,active,233993.76,3906.99,2023-09-30,2024-09-29
COV001488,POL001588,COMP,Comprehensive,active,281020.78,4281.12,2023-02-07,2024-02-07
COV001489,POL001589,MED,Medical Payments,active,368231.53,4262.11,2025-05-29,2026-05-29
COV001490,POL001590,COLL,Collision,active,435378.79,970.66,2025-02-20,2026-02-20
COV001491,POL001591,BI,Bodily Injury,active,157472.18,1025.79,2023-10-29,2024-10-28
COV001492,POL001592,MED,Medical Payments,active,68540.78,4996.27,2024-03-18,2025-03-18
COV001493,POL001593,COLL,Collision,active,128515.22,3842.34,2023-09-27,2024-09-26
COV001494,POL001594,COLL,Collision,active,165615.98,4413.6,2026-05-02,2027-05-02
COV001495,POL001595,PD,Property Damage,active,346949.88,2796.35,2023-09-27,2024-09-26
COV001496,POL001596,COMP,Comprehensive,active,114927.74,2837.05,2025-07-05,2026-07-05
COV001497,POL001597,MED,Medical Payments,active,248449.22,1532.49,2024-04-27,2025-04-27
COV001498,POL001598,COLL,Collision,active,190934.29,3961.6,2023-11-28,2024-11-27
COV001499,POL001599,COMP,Comprehensive,active,36881.69,2066.01,2026-04-20,2027-04-20
COV001500,POL001600,BI,Bodily Injury,active,368943.86,2843.6,2024-08-08,2025-08-08
COV001501,POL001601,MED,Medical Payments,active,328179.43,1268.3,2025-07-27,2026-07-27
COV001502,POL001602,COLL,Collision,active,445269.52,2345.68,2023-01-08,2024-01-08
COV001503,POL001603,COMP,Comprehensive,active,315177.65,3258.09,2025-03-14,2026-03-14
COV001504,POL001604,MED,Medical Payments,active,401096.64,4341.61,2023-09-07,2024-09-06
COV001505,POL001605,COLL,Collision,active,185729.95,3583.36,2025-09-30,2026-09-30
COV001506,POL001606,BI,Bodily Injury,active,254398.66,3250.7,2024-10-19,2025-10-19
COV001507,POL001607,PD,Property Damage,active,110524.45,3269.52,2024-02-05,2025-02-04
COV001508,POL001608,COMP,Comprehensive,active,203634.57,2829.22,2023-11-16,2024-11-15
COV001509,POL001609,MED,Medical Payments,active,136711.4,908.14,2023-11-25,2024-11-24
COV001510,POL001610,MED,Medical Payments,active,55985.11,4566.34,2024-10-28,2025-10-28
COV001511,POL001611,BI,Bodily Injury,active,422625.77,4776.98,2023-10-24,2024-10-23
COV001512,POL001612,MED,Medical Payments,active,113723.55,4695.46,2023-07-16,2024-07-15
COV001513,POL001613,MED,Medical Payments,active,81871.53,1522.61,2024-01-15,2025-01-14
COV001514,POL001614,PD,Property Damage,active,121374.49,2951.25,2023-02-23,2024-02-23
COV001515,POL001615,COLL,Collision,active,242297.76,4936.07,2026-08-12,2027-08-12
COV001516,POL001616,MED,Medical Payments,active,401432.73,1427.32,2024-01-23,2025-01-22
COV001517,POL001617,COLL,Collision,active,235285.96,2827.44,2024-12-01,2025-12-01
COV001518,POL001618,COMP,Comprehensive,active,269209.26,4287.69,2026-08-11,2027-08-11
COV001519,POL001619,COMP,Comprehensive,active,155104.66,403.6,2023-02-14,2024-02-14
COV001520,POL001620,MED,Medical Payments,active,219820.29,3259.42,2025-09-14,2026-09-14
COV001521,POL001621,MED,Medical Payments,active,69816.53,2641.55,2023-09-22,2024-09-21
COV001522,POL001622,PD,Property Damage,active,381543.05,3528.96,2025-05-12,2026-05-12
COV001523,POL001623,BI,Bodily Injury,active,436944.23,3706.82,2025-10-27,2026-10-27
COV001524,POL001624,MED,Medical Payments,active,218522.57,3641.14,2026-07-14,2027-07-14
COV001525,POL001625,COLL,Collision,active,343968.57,2397.0,2024-05-26,2025-05-26
COV001526,POL001626,MED,Medical Payments,active,376847.93,4969.01,2025-02-19,2026-02-19
COV001527,POL001627,PD,Property Damage,active,194150.95,2051.63,2024-11-12,2025-11-12
COV001528,POL001628,MED,Medical Payments,active,269940.38,4522.57,2023-07-31,2024-07-30
COV001529,POL001629,PD,Property Damage,active,454995.17,1035.81,2025-04-20,2026-04-20
COV001530,POL001630,COLL,Collision,active,29184.31,2145.63,2025-04-15,2026-04-15
COV001531,POL001631,MED,Medical Payments,active,455244.24,2620.92,2023-04-12,2024-04-11
COV001532,POL001632,COLL,Collision,active,137184.8,2779.29,2025-05-18,2026-05-18
COV001533,POL001633,COMP,Comprehensive,active,489382.14,3000.38,2023-11-16,2024-11-15
COV001534,POL001634,MED,Medical Payments,active,173766.03,537.02,2026-07-22,2027-07-22
COV001535,POL001635,COLL,Collision,active,43519.88,914.77,2024-03-01,2025-03-01
COV001536,POL001636,COLL,Collision,active,281102.47,3442.64,2023-03-30,2024-03-29
COV001537,POL001637,COMP,Comprehensive,active,438118.81,3975.46,2026-08-25,2027-08-25
COV001538,POL001638,COLL,Collision,active,342077.15,921.95,2023-12-01,2024-11-30
COV001539,POL001639,BI,Bodily Injury,active,66700.1,4693.48,2025-06-28,2026-06-28
COV001540,POL001640,COMP,Comprehensive,active,203424.28,870.47,2026-07-06,2027-07-06
COV001541,POL001641,COMP,Comprehensive,active,372379.12,4271.15,2024-04-21,2025-04-21
COV001542,POL001642,BI,Bodily Injury,active,373583.24,3289.35,2023-05-22,2024-05-21
COV001543,POL001643,MED,Medical Payments,active,498911.38,3266.61,2023-01-19,2024-01-19
COV001544,POL001644,COLL,Collision,active,114907.58,3402.13,2025-11-08,2026-11-08
COV001545,POL001645,COMP,Comprehensive,active,371625.12,4221.27,2023-04-22,2024-04-21
COV001546,POL001646,MED,Medical Payments,active,439703.3,4119.24,2024-08-23,2025-08-23
COV001547,POL001647,PD,Property Damage,active,331169.84,4624.52,2024-03-01,2025-03-01
COV001548,POL001648,COMP,Comprehensive,active,347638.66,811.0,2023-05-31,2024-05-30
COV001549,POL001649,COMP,Comprehensive,active,357269.68,4795.88,2023-06-03,2024-06-02
COV001550,POL001650,BI,Bodily Injury,active,424236.99,279.84,2025-01-16,2026-01-16
COV001551,POL001651,PD,Property Damage,active,68770.91,3246.61,2025-04-30,2026-04-30
COV001552,POL001652,PD,Property Damage,active,73216.57,3584.24,2024-07-01,2025-07-01
COV001553,POL001653,MED,Medical Payments,active,31214.7,4696.64,2023-02-13,2024-02-13
COV001554,POL001654,BI,Bodily Injury,active,99166.29,4641.05,2025-08-29,2026-08-29
COV001555,POL001655,PD,Property Damage,active,54335.52,782.94,2023-08-24,2024-08-23
COV001556,POL001656,COMP,Comprehensive,active,378064.44,1791.6,2025-06-08,2026-06-08
COV001557,POL001657,MED,Medical Payments,active,250428.79,1316.88,2025-01-27,2026-01-27
COV001558,POL001658,MED,Medical Payments,active,272346.97,2196.72,2025-05-13,2026-05-13
COV001559,POL001659,COLL,Collision,active,94248.61,4435.35,2024-12-13,2025-12-13
COV001560,POL001660,MED,Medical Payments,active,47680.28,2227.04,2024-01-18,2025-01-17
COV001561,POL001661,COMP,Comprehensive,active,287510.08,4292.3,2024-09-19,2025-09-19
COV001562,POL001662,COLL,Collision,active,117278.6,3494.43,2025-06-13,2026-06-13
COV001563,POL001663,COMP,Comprehensive,active,161885.54,282.77,2023-09-20,2024-09-19
COV001564,POL001664,COMP,Comprehensive,active,132472.47,253.6,2023-01-31,2024-01-31
COV001565,POL001665,COMP,Comprehensive,active,225476.34,726.17,2024-07-04,2025-07-04
COV001566,POL001666,COMP,Comprehensive,active,148893.24,289.58,2026-07-02,2027-07-02
COV001567,POL001667,MED,Medical Payments,active,272278.28,3942.9,2026-08-09,2027-08-09
COV001568,POL001668,PD,Property Damage,active,70817.14,3590.51,2024-11-17,2025-11-17
COV001569,POL001669,PD,Property Damage,active,325587.71,2938.91,2024-01-28,2025-01-27
COV001570,POL001670,PD,Property Damage,active,466127.26,2997.01,2024-06-17,2025-06-17
COV001571,POL001671,PD,Property Damage,active,368190.64,1595.0,2025-03-17,2026-03-17
COV001572,POL001672,COLL,Collision,active,253304.99,2812.01,2023-05-24,2024-05-23
COV001573,POL001673,COMP,Comprehensive,active,223037.04,3373.95,2023-10-31,2024-10-30
COV001574,POL001674,PD,Property Damage,active,91653.68,1663.75,2025-10-16,2026-10-16
COV001575,POL001675,BI,Bodily Injury,active,338032.88,2123.23,2023-05-17,2024-05-16
COV001576,POL001676,COLL,Collision,active,236911.05,3355.37,2025-10-27,2026-10-27
COV001577,POL001677,BI,Bodily Injury,active,471673.65,722.77,2024-03-24,2025-03-24
COV001578,POL001678,MED,Medical Payments,active,366934.6,3642.47,2023-04-23,2024-04-22
COV001579,POL001679,COLL,Collision,active,404643.78,4394.54,2025-03-04,2026-03-04
COV001580,POL001680,COLL,Collision,active,457576.23,3032.72,2023-08-28,2024-08-27
COV001581,POL001681,COMP,Comprehensive,active,115756.02,2966.24,2026-02-25,2027-02-25
COV001582,POL001682,BI,Bodily Injury,active,235780.82,665.5,2023-06-29,2024-06-28
COV001583,POL001683,COMP,Comprehensive,active,453776.5,4578.91,2026-07-03,2027-07-03
COV001584,POL001684,BI,Bodily Injury,active,286256.0,1443.59,2024-03-19,2025-03-19
COV001585,POL001685,COLL,Collision,active,206741.98,3578.05,2024-03-23,2025-03-23
COV001586,POL001686,BI,Bodily Injury,active,389260.74,1898.72,2026-08-09,2027-08-09
COV001587,POL001687,PD,Property Damage,active,112600.4,1664.75,2025-12-13,2026-12-13
COV001588,POL001688,COLL,Collision,active,84368.18,531.32,2023-04-20,2024-04-19
COV001589,POL001689,MED,Medical Payments,active,275727.93,584.09,2026-04-24,2027-04-24
COV001590,POL001690,COMP,Comprehensive,active,325087.24,1386.54,2024-08-27,2025-08-27
COV001591,POL001691,BI,Bodily Injury,active,53577.24,1611.24,2023-09-17,2024-09-16
COV001592,POL001692,COMP,Comprehensive,active,330346.45,1138.6,2024-01-04,2025-01-03
COV001593,POL001693,BI,Bodily Injury,active,306091.67,3785.87,2026-07-14,2027-07-14
COV001594,POL001694,BI,Bodily Injury,active,370643.36,1748.11,2025-10-07,2026-10-07
COV001595,POL001695,COLL,Collision,active,353584.62,2995.22,2024-07-25,2025-07-25
COV001596,POL001696,COMP,Comprehensive,active,394279.14,4764.64,2024-11-12,2025-11-12
COV001597,POL001697,PD,Property Damage,active,411238.98,2414.56,2024-02-12,2025-02-11
COV001598,POL001698,BI,Bodily Injury,active,221046.92,2595.67,2023-09-28,2024-09-27
COV001599,POL001699,COMP,Comprehensive,active,429180.96,583.7,2025-03-17,2026-03-17
COV001600,POL001700,MED,Medical Payments,active,490303.84,303.76,2025-10-12,2026-10-12
COV001601,POL001701,BI,Bodily Injury,active,214440.56,3526.02,2025-08-24,2026-08-24
COV001602,POL001702,COLL,Collision,active,263595.33,4774.62,2024-10-08,2025-10-08
COV001603,POL001703,PD,Property Damage,active,438283.82,4611.3,2025-10-13,2026-10-13
COV001604,POL001704,PD,Property Damage,active,465432.86,2326.02,2023-02-22,2024-02-22
COV001605,POL001705,MED,Medical Payments,active,431780.65,699.63,2024-05-25,2025-05-25
COV001606,POL001706,PD,Property Damage,active,175432.76,4508.36,2025-04-09,2026-04-09
COV001607,POL001707,COLL,Collision,active,197818.04,1020.18,2025-12-01,2026-12-01
COV001608,POL001708,PD,Property Damage,active,286247.26,4184.06,2026-02-26,2027-02-26
COV001609,POL001709,BI,Bodily Injury,active,337170.47,2644.84,2023-04-09,2024-04-08
COV001610,POL001710,COMP,Comprehensive,active,345185.16,3687.92,2025-06-08,2026-06-08
COV001611,POL001711,COLL,Collision,active,205518.74,4084.78,2025-06-28,2026-06-28
COV001612,POL001712,PD,Property Damage,active,266933.82,999.61,2023-03-19,2024-03-18
COV001613,POL001713,COLL,Collision,active,52527.32,4290.16,2024-09-11,2025-09-11
COV001614,POL001714,COMP,Comprehensive,active,218414.23,2896.62,2023-07-06,2024-07-05
COV001615,POL001715,COLL,Collision,active,347184.65,666.5,2024-05-27,2025-05-27
COV001616,POL001716,COLL,Collision,active,443484.88,1572.67,2024-12-22,2025-12-22
COV001617,POL001717,MED,Medical Payments,active,83755.21,4619.57,2024-08-25,2025-08-25
COV001618,POL001718,BI,Bodily Injury,active,146400.99,3394.36,2024-04-03,2025-04-03
COV001619,POL001719,MED,Medical Payments,active,299846.53,968.97,2025-02-12,2026-02-12
COV001620,POL001720,PD,Property Damage,active,228876.23,1200.38,2025-06-16,2026-06-16
COV001621,POL001721,PD,Property Damage,active,94884.77,390.23,2024-03-18,2025-03-18
COV001622,POL001722,PD,Property Damage,active,313206.93,3104.44,2023-02-02,2024-02-02
COV001623,POL001723,MED,Medical Payments,active,27165.52,4724.68,2026-01-05,2027-01-05
COV001624,POL001724,BI,Bodily Injury,active,125930.57,1662.32,2026-09-10,2027-09-10
COV001625,POL001725,PD,Property Damage,active,380072.13,451.12,2025-05-23,2026-05-23
COV001626,POL001726,MED,Medical Payments,active,231144.4,4564.29,2023-07-01,2024-06-30
COV001627,POL001727,MED,Medical Payments,active,370003.61,2254.34,2025-07-01,2026-07-01
COV001628,POL001728,COLL,Collision,active,188805.86,3212.56,2025-05-13,2026-05-13
COV001629,POL001729,COMP,Comprehensive,active,124657.81,4130.48,2024-05-28,2025-05-28
COV001630,POL001730,COLL,Collision,active,496535.1,1401.06,2026-07-06,2027-07-06
COV001631,POL001731,MED,Medical Payments,active,436920.93,4625.67,2025-12-15,2026-12-15
COV001632,POL001732,COLL,Collision,active,168305.61,4787.5,2026-05-19,2027-05-19
COV001633,POL001733,BI,Bodily Injury,active,166033.72,4711.41,2025-12-23,2026-12-23
COV001634,POL001734,PD,Property Damage,active,318061.23,2351.49,2024-04-06,2025-04-06
COV001635,POL001735,COMP,Comprehensive,active,413902.41,1878.22,2024-12-06,2025-12-06
COV001636,POL001736,PD,Property Damage,active,31605.76,4639.75,2023-08-02,2024-08-01
COV001637,POL001737,PD,Property Damage,active,126006.78,2035.09,2023-02-16,2024-02-16
COV001638,POL001738,BI,Bodily Injury,active,454838.0,1641.8,2024-07-21,2025-07-21
COV001639,POL001739,COLL,Collision,active,461240.65,1914.64,2026-08-15,2027-08-15
COV001640,POL001740,BI,Bodily Injury,active,479763.96,2814.29,2024-02-13,2025-02-12
COV001641,POL001741,MED,Medical Payments,active,270204.26,4491.83,2024-09-21,2025-09-21
COV001642,POL001742,PD,Property Damage,active,441777.51,499.1,2023-09-30,2024-09-29
COV001643,POL001743,PD,Property Damage,active,377125.24,1056.22,2023-04-24,2024-04-23
COV001644,POL001744,MED,Medical Payments,active,315743.28,1374.17,2023-03-12,2024-03-11
COV001645,POL001745,BI,Bodily Injury,active,170212.7,1177.55,2026-07-18,2027-07-18
COV001646,POL001746,COMP,Comprehensive,active,188551.34,2382.98,2024-03-03,2025-03-03
COV001647,POL001747,COLL,Collision,active,232240.55,4992.76,2025-08-24,2026-08-24
COV001648,POL001748,PD,Property Damage,active,295609.36,1690.74,2024-04-03,2025-04-03
COV001649,POL001749,MED,Medical Payments,active,65431.57,4830.94,2025-11-07,2026-11-07
COV001650,POL001750,COLL,Collision,active,182484.21,2657.9,2025-05-03,2026-05-03
COV001651,POL001751,COMP,Comprehensive,active,361721.39,4599.77,2025-07-09,2026-07-09
COV001652,POL001752,COLL,Collision,active,234337.0,3066.08,2023-05-20,2024-05-19
COV001653,POL001753,COLL,Collision,active,311702.11,4285.51,2023-06-26,2024-06-25
COV001654,POL001754,COLL,Collision,active,343363.84,4058.23,2026-04-19,2027-04-19
COV001655,POL001755,BI,Bodily Injury,active,483103.1,966.46,2024-11-06,2025-11-06
COV001656,POL001756,COLL,Collision,active,245072.86,3158.27,2026-07-05,2027-07-05
COV001657,POL001757,COLL,Collision,active,421586.83,3246.17,2024-06-17,2025-06-17
COV001658,POL001758,PD,Property Damage,active,141871.09,819.52,2024-08-02,2025-08-02
COV001659,POL001759,BI,Bodily Injury,active,310308.96,1766.06,2025-12-24,2026-12-24
COV001660,POL001760,COLL,Collision,active,39581.65,2873.26,2025-06-02,2026-06-02
COV001661,POL001761,BI,Bodily Injury,active,222747.76,501.1,2025-03-06,2026-03-06
COV001662,POL001762,BI,Bodily Injury,active,247183.75,1218.26,2023-01-29,2024-01-29
COV001663,POL001763,COLL,Collision,active,212830.5,1280.5,2024-05-20,2025-05-20
COV001664,POL001764,PD,Property Damage,active,161732.76,2867.54,2026-09-06,2027-09-06
COV001665,POL001765,BI,Bodily Injury,active,228305.19,4452.47,2024-06-20,2025-06-20
COV001666,POL001766,COMP,Comprehensive,active,139152.26,3583.27,2025-01-03,2026-01-03
COV001667,POL001767,MED,Medical Payments,active,147976.48,1880.56,2026-09-03,2027-09-03
COV001668,POL001768,PD,Property Damage,active,326873.3,4104.16,2025-11-13,2026-11-13
COV001669,POL001769,COLL,Collision,active,88425.64,1542.66,2024-12-24,2025-12-24
COV001670,POL001770,COLL,Collision,active,189255.45,1213.23,2023-09-27,2024-09-26
COV001671,POL001771,MED,Medical Payments,active,422236.31,2884.52,2024-09-28,2025-09-28
COV001672,POL001772,MED,Medical Payments,active,352037.03,881.4,2024-06-15,2025-06-15
COV001673,POL001773,BI,Bodily Injury,active,67663.43,4471.12,2025-11-21,2026-11-21
COV001674,POL001774,MED,Medical Payments,active,95376.13,4508.65,2025-07-13,2026-07-13
COV001675,POL001775,PD,Property Damage,active,119464.61,2545.25,2024-09-21,2025-09-21
COV001676,POL001776,PD,Property Damage,active,199404.39,2970.3,2025-07-23,2026-07-23
COV001677,POL001777,MED,Medical Payments,active,206042.65,2199.58,2023-11-18,2024-11-17
COV001678,POL001778,COMP,Comprehensive,active,28953.12,2233.01,2024-04-25,2025-04-25
COV001679,POL001779,BI,Bodily Injury,active,431288.31,656.84,2026-08-03,2027-08-03
COV001680,POL001780,COMP,Comprehensive,active,184956.05,4689.83,2025-04-30,2026-04-30
COV001681,POL001781,COLL,Collision,active,193078.51,637.44,2026-09-15,2027-09-15
COV001682,POL001782,BI,Bodily Injury,active,137978.49,1979.93,2025-06-02,2026-06-02
COV001683,POL001783,MED,Medical Payments,active,73886.33,4289.85,2024-01-04,2025-01-03
COV001684,POL001784,BI,Bodily Injury,active,345034.09,3505.82,2026-02-04,2027-02-04
COV001685,POL001785,BI,Bodily Injury,active,222600.25,3358.22,2025-06-26,2026-06-26
COV001686,POL001786,COMP,Comprehensive,active,226114.73,3498.71,2026-06-02,2027-06-02
COV001687,POL001787,COLL,Collision,active,253025.14,4037.17,2023-11-06,2024-11-05
COV001688,POL001788,BI,Bodily Injury,active,114205.02,2322.44,2024-01-23,2025-01-22
COV001689,POL001789,BI,Bodily Injury,active,280340.35,1548.56,2024-11-29,2025-11-29
COV001690,POL001790,PD,Property Damage,active,281471.62,4606.17,2024-12-09,2025-12-09
COV001691,POL001791,COLL,Collision,active,488654.69,3673.27,2026-02-15,2027-02-15
COV001692,POL001792,MED,Medical Payments,active,450314.05,2596.7,2023-01-04,2024-01-04
COV001693,POL001793,PD,Property Damage,active,394803.79,4307.13,2026-05-25,2027-05-25
COV001694,POL001794,COLL,Collision,active,302900.95,4765.13,2024-10-02,2025-10-02
COV001695,POL001795,BI,Bodily Injury,active,311569.56,3195.89,2024-10-22,2025-10-22
COV001696,POL001796,COLL,Collision,active,339691.14,2401.31,2023-12-25,2024-12-24
COV001697,POL001797,BI,Bodily Injury,active,298820.34,4101.64,2025-04-06,2026-04-06
COV001698,POL001798,PD,Property Damage,active,343168.54,3518.58,2025-01-03,2026-01-03
COV001699,POL001799,MED,Medical Payments,active,445548.16,2302.21,2025-09-10,2026-09-10
COV001700,POL001800,BI,Bodily Injury,active,224021.0,449.44,2024-02-06,2025-02-05
COV001701,POL001801,COMP,Comprehensive,active,417006.3,1124.39,2025-01-29,2026-01-29
COV001702,POL001802,COMP,Comprehensive,active,119566.04,2490.85,2025-11-21,2026-11-21
COV001703,POL001803,BI,Bodily Injury,active,34687.55,1236.73,2026-07-19,2027-07-19
COV001704,POL001804,MED,Medical Payments,active,238727.31,631.98,2026-04-01,2027-04-01
COV001705,POL001805,BI,Bodily Injury,active,452379.77,296.99,2023-09-28,2024-09-27
COV001706,POL001806,COMP,Comprehensive,active,470821.66,4719.97,2023-02-25,2024-02-25
COV001707,POL001807,COMP,Comprehensive,active,31745.67,4459.76,2026-06-15,2027-06-15
COV001708,POL001808,MED,Medical Payments,active,239278.08,2762.74,2024-06-29,2025-06-29
COV001709,POL001809,BI,Bodily Injury,active,456081.33,520.58,2026-05-18,2027-05-18
COV001710,POL001810,COMP,Comprehensive,active,466944.43,3049.67,2024-02-29,2025-02-28
COV001711,POL001811,COMP,Comprehensive,active,93650.73,872.63,2024-03-17,2025-03-17
COV001712,POL001812,COMP,Comprehensive,active,340329.79,4428.71,2023-08-03,2024-08-02
COV001713,POL001813,PD,Property Damage,active,331972.26,1473.99,2024-09-02,2025-09-02
COV001714,POL001814,PD,Property Damage,active,350988.41,1250.79,2026-07-10,2027-07-10
COV001715,POL001815,BI,Bodily Injury,active,463254.48,3466.4,2023-03-05,2024-03-04
COV001716,POL001816,PD,Property Damage,active,402785.84,920.0,2025-12-02,2026-12-02
COV001717,POL001817,MED,Medical Payments,active,337361.46,4588.06,2025-05-02,2026-05-02
COV001718,POL001818,PD,Property Damage,active,353881.27,1285.7,2023-08-09,2024-08-08
COV001719,POL001819,BI,Bodily Injury,active,138470.07,913.38,2026-09-04,2027-09-04
COV001720,POL001820,COLL,Collision,active,449503.9,3736.53,2023-08-09,2024-08-08
COV001721,POL001821,BI,Bodily Injury,active,448147.62,4155.45,2024-08-22,2025-08-22
COV001722,POL001822,COLL,Collision,active,475216.41,1502.31,2025-01-24,2026-01-24
COV001723,POL001823,COLL,Collision,active,452678.83,4376.34,2023-02-21,2024-02-21
COV001724,POL001824,BI,Bodily Injury,active,312413.81,3674.64,2023-01-28,2024-01-28
COV001725,POL001825,BI,Bodily Injury,active,82481.57,395.66,2023-02-06,2024-02-06
COV001726,POL001826,COLL,Collision,active,456962.18,3675.52,2024-02-05,2025-02-04
COV001727,POL001827,BI,Bodily Injury,active,408429.47,4220.05,2025-04-27,2026-04-27
COV001728,POL001828,COLL,Collision,active,224123.21,2059.06,2023-03-01,2024-02-29
COV001729,POL001829,MED,Medical Payments,active,169846.78,1228.91,2023-12-20,2024-12-19
COV001730,POL001830,PD,Property Damage,active,162867.61,3340.53,2026-01-09,2027-01-09
COV001731,POL001831,PD,Property Damage,active,191556.83,3937.2,2025-04-23,2026-04-23
COV001732,POL001832,MED,Medical Payments,active,166156.86,2414.03,2026-03-13,2027-03-13
COV001733,POL001833,BI,Bodily Injury,active,347460.06,2660.36,2026-07-31,2027-07-31
COV001734,POL001834,BI,Bodily Injury,active,119622.71,3772.28,2024-02-12,2025-02-11
COV001735,POL001835,COLL,Collision,active,437088.08,1221.88,2025-03-22,2026-03-22
COV001736,POL001836,PD,Property Damage,active,253382.61,4975.9,2025-01-07,2026-01-07
COV001737,POL001837,BI,Bodily Injury,active,225252.08,1736.08,2025-02-14,2026-02-14
COV001738,POL001838,PD,Property Damage,active,140581.46,3677.39,2023-10-23,2024-10-22
COV001739,POL001839,COMP,Comprehensive,active,71320.8,4725.42,2025-12-23,2026-12-23
COV001740,POL001840,BI,Bodily Injury,active,212668.04,4047.97,2024-10-26,2025-10-26
COV001741,POL001841,COLL,Collision,active,289278.51,4517.32,2025-09-06,2026-09-06
COV001742,POL001842,COMP,Comprehensive,active,490722.61,1930.94,2025-01-24,2026-01-24
COV001743,POL001843,COLL,Collision,active,321960.86,1366.11,2024-02-25,2025-02-24
COV001744,POL001844,PD,Property Damage,active,191816.18,4259.73,2023-06-09,2024-06-08
COV001745,POL001845,BI,Bodily Injury,active,141381.3,3395.06,2026-09-01,2027-09-01
COV001746,POL001846,PD,Property Damage,active,408301.18,3975.78,2026-02-07,2027-02-07
COV001747,POL001847,BI,Bodily Injury,active,105188.91,4219.2,2024-07-19,2025-07-19
COV001748,POL001848,PD,Property Damage,active,464265.53,2156.91,2023-10-04,2024-10-03
COV001749,POL001849,MED,Medical Payments,active,314210.7,4729.28,2026-04-08,2027-04-08
COV001750,POL001850,COLL,Collision,active,89105.95,2708.41,2026-03-17,2027-03-17
COV001751,POL001851,BI,Bodily Injury,active,86776.57,3120.2,2024-07-04,2025-07-04
COV001752,POL001852,BI,Bodily Injury,active,32721.29,3650.39,2023-05-06,2024-05-05
COV001753,POL001853,COMP,Comprehensive,active,63616.73,4503.19,2023-10-26,2024-10-25
COV001754,POL001854,BI,Bodily Injury,active,394991.57,2950.65,2023-07-17,2024-07-16
COV001755,POL001855,MED,Medical Payments,active,324432.04,3588.48,2023-03-19,2024-03-18
COV001756,POL001856,BI,Bodily Injury,active,298013.12,4005.03,2025-04-22,2026-04-22
COV001757,POL001857,COLL,Collision,active,192186.91,2472.29,2024-09-03,2025-09-03
COV001758,POL001858,MED,Medical Payments,active,294920.21,1951.89,2024-02-29,2025-02-28
COV001759,POL001859,COLL,Collision,active,155447.78,3766.49,2024-11-21,2025-11-21
COV001760,POL001860,MED,Medical Payments,active,486895.98,4734.75,2026-01-28,2027-01-28
COV001761,POL001861,BI,Bodily Injury,active,385352.52,2348.09,2024-05-08,2025-05-08
COV001762,POL001862,PD,Property Damage,active,441238.52,429.11,2023-02-16,2024-02-16
COV001763,POL001863,PD,Property Damage,active,449034.1,939.07,2025-11-15,2026-11-15
COV001764,POL001864,MED,Medical Payments,active,163617.99,1075.11,2024-07-07,2025-07-07
COV001765,POL001865,PD,Property Damage,active,75981.31,2837.9,2024-11-09,2025-11-09
COV001766,POL001866,PD,Property Damage,active,128344.34,693.4,2025-10-01,2026-10-01
COV001767,POL001867,PD,Property Damage,active,442209.5,1344.04,2025-02-02,2026-02-02
COV001768,POL001868,BI,Bodily Injury,active,444910.31,3320.96,2023-06-22,2024-06-21
COV001769,POL001869,COMP,Comprehensive,active,372694.49,1036.71,2025-01-23,2026-01-23
COV001770,POL001870,COMP,Comprehensive,active,203306.11,1151.96,2023-07-16,2024-07-15
COV001771,POL001871,PD,Property Damage,active,308210.81,3491.97,2025-12-10,2026-12-10
COV001772,POL001872,MED,Medical Payments,active,185615.85,2642.4,2023-02-16,2024-02-16
COV001773,POL001873,PD,Property Damage,active,37535.22,363.6,2024-10-05,2025-10-05
COV001774,POL001874,COLL,Collision,active,193885.7,488.53,2026-07-04,2027-07-04
COV001775,POL001875,PD,Property Damage,active,179652.75,2115.99,2024-08-18,2025-08-18
COV001776,POL001876,PD,Property Damage,active,64808.28,4940.69,2024-03-23,2025-03-23
COV001777,POL001877,BI,Bodily Injury,active,231695.84,1020.02,2023-02-01,2024-02-01
COV001778,POL001878,BI,Bodily Injury,active,151195.8,2752.25,2024-01-14,2025-01-13
COV001779,POL001879,COMP,Comprehensive,active,168294.15,2593.86,2023-02-26,2024-02-26
COV001780,POL001880,PD,Property Damage,active,28322.36,1332.87,2025-09-06,2026-09-06
COV001781,POL001881,COMP,Comprehensive,active,317531.94,877.43,2024-09-18,2025-09-18
COV001782,POL001882,COLL,Collision,active,221480.41,318.02,2025-11-27,2026-11-27
COV001783,POL001883,MED,Medical Payments,active,494448.98,2578.22,2024-09-18,2025-09-18
COV001784,POL001884,PD,Property Damage,active,466881.98,3264.24,2024-08-16,2025-08-16
COV001785,POL001885,COMP,Comprehensive,active,90158.39,3370.16,2024-01-25,2025-01-24
COV001786,POL001886,MED,Medical Payments,active,233951.91,2082.29,2023-08-06,2024-08-05
COV001787,POL001887,COMP,Comprehensive,active,285937.17,671.21,2024-12-30,2025-12-30
COV001788,POL001888,MED,Medical Payments,active,69941.15,944.78,2023-01-17,2024-01-17
COV001789,POL001889,BI,Bodily Injury,active,134723.81,2619.93,2024-04-02,2025-04-02
COV001790,POL001890,COLL,Collision,active,317579.78,1722.91,2024-04-20,2025-04-20
COV001791,POL001891,COMP,Comprehensive,active,142900.95,4221.05,2026-06-26,2027-06-26
COV001792,POL001892,BI,Bodily Injury,active,73283.7,3049.19,2026-04-07,2027-04-07
COV001793,POL001893,MED,Medical Payments,active,249045.29,2914.86,2026-04-02,2027-04-02
COV001794,POL001894,PD,Property Damage,active,484433.69,1997.69,2026-01-21,2027-01-21
COV001795,POL001895,PD,Property Damage,active,367287.87,2444.28,2025-10-10,2026-10-10
COV001796,POL001896,MED,Medical Payments,active,465500.32,1464.06,2024-01-08,2025-01-07
COV001797,POL001897,PD,Property Damage,active,279451.23,1589.33,2024-11-25,2025-11-25
COV001798,POL001898,MED,Medical Payments,active,356538.05,2782.01,2026-04-04,2027-04-04
COV001799,POL001899,MED,Medical Payments,active,199241.0,3447.32,2026-02-03,2027-02-03
COV001800,POL001900,MED,Medical Payments,active,28848.62,3378.96,2025-07-30,2026-07-30
COV001801,POL001901,COMP,Comprehensive,active,95572.9,971.87,2026-07-18,2027-07-18
COV001802,POL001902,BI,Bodily Injury,active,48204.13,1612.5,2025-11-08,2026-11-08
COV001803,POL001903,BI,Bodily Injury,active,216961.84,4683.27,2024-02-24,2025-02-23
COV001804,POL001904,COMP,Comprehensive,active,361823.19,4340.32,2025-03-24,2026-03-24
COV001805,POL001905,COMP,Comprehensive,active,192178.15,4318.01,2025-04-13,2026-04-13
COV001806,POL001906,COMP,Comprehensive,active,281682.28,2515.87,2024-08-28,2025-08-28
COV001807,POL001907,BI,Bodily Injury,active,114439.61,4219.48,2024-08-20,2025-08-20
COV001808,POL001908,BI,Bodily Injury,active,270919.31,320.89,2026-08-08,2027-08-08
COV001809,POL001909,MED,Medical Payments,active,199377.29,444.15,2025-04-30,2026-04-30
COV001810,POL001910,MED,Medical Payments,active,396285.65,2865.77,2024-07-21,2025-07-21
COV001811,POL001911,MED,Medical Payments,active,157744.41,4001.31,2026-07-28,2027-07-28
COV001812,POL001912,COMP,Comprehensive,active,318402.49,291.69,2026-08-07,2027-08-07
COV001813,POL001913,BI,Bodily Injury,active,220616.68,2818.12,2023-02-24,2024-02-24
COV001814,POL001914,BI,Bodily Injury,active,455063.61,2871.03,2023-08-02,2024-08-01
COV001815,POL001915,PD,Property Damage,active,187689.98,2100.4,2026-07-31,2027-07-31
COV001816,POL001916,COLL,Collision,active,433762.15,928.41,2024-06-13,2025-06-13
COV001817,POL001917,COMP,Comprehensive,active,230547.53,1122.26,2025-10-17,2026-10-17
COV001818,POL001918,COLL,Collision,active,183440.67,2204.86,2025-04-06,2026-04-06
COV001819,POL001919,COMP,Comprehensive,active,341118.04,3369.81,2024-09-22,2025-09-22
COV001820,POL001920,PD,Property Damage,active,414645.45,4490.96,2023-04-16,2024-04-15
COV001821,POL001921,COMP,Comprehensive,active,338147.51,4291.29,2025-07-26,2026-07-26
COV001822,POL001922,COLL,Collision,active,87746.07,1582.62,2023-08-07,2024-08-06
COV001823,POL001923,MED,Medical Payments,active,165855.38,4658.77,2025-07-13,2026-07-13
COV001824,POL001924,PD,Property Damage,active,246912.45,4471.5,2024-05-03,2025-05-03
COV001825,POL001925,MED,Medical Payments,active,309419.36,4640.09,2026-06-28,2027-06-28
COV001826,POL001926,COMP,Comprehensive,active,204489.96,2386.46,2024-12-12,2025-12-12
COV001827,POL001927,COMP,Comprehensive,active,132606.52,516.27,2024-11-18,2025-11-18
COV001828,POL001928,MED,Medical Payments,active,161308.24,1630.68,2025-03-23,2026-03-23
COV001829,POL001929,BI,Bodily Injury,active,225563.5,3556.51,2023-12-16,2024-12-15
COV001830,POL001930,COMP,Comprehensive,active,27253.81,3766.94,2025-04-23,2026-04-23
COV001831,POL001931,PD,Property Damage,active,208168.99,979.07,2025-08-12,2026-08-12
COV001832,POL001932,MED,Medical Payments,active,241224.5,3279.06,2025-04-15,2026-04-15
COV001833,POL001933,BI,Bodily Injury,active,369740.38,4583.4,2024-03-09,2025-03-09
COV001834,POL001934,BI,Bodily Injury,active,76118.92,2287.51,2024-08-10,2025-08-10
COV001835,POL001935,COMP,Comprehensive,active,266620.8,4481.52,2023-10-21,2024-10-20
COV001836,POL001936,PD,Property Damage,active,393840.64,938.44,2025-11-03,2026-11-03
COV001837,POL001937,COMP,Comprehensive,active,344781.7,2664.62,2025-03-25,2026-03-25
COV001838,POL001938,MED,Medical Payments,active,320136.35,3228.78,2025-07-11,2026-07-11
COV001839,POL001939,MED,Medical Payments,active,470077.61,544.31,2023-08-01,2024-07-31
COV001840,POL001940,MED,Medical Payments,active,279366.72,4258.1,2026-04-03,2027-04-03
COV001841,POL001941,BI,Bodily Injury,active,160201.53,1678.47,2023-10-30,2024-10-29
COV001842,POL001942,MED,Medical Payments,active,172645.74,3511.29,2023-03-03,2024-03-02
COV001843,POL001943,COMP,Comprehensive,active,149519.05,3573.28,2026-06-02,2027-06-02
COV001844,POL001944,PD,Property Damage,active,156720.3,3653.29,2023-12-13,2024-12-12
COV001845,POL001945,PD,Property Damage,active,309309.18,4958.52,2024-09-28,2025-09-28
COV001846,POL001946,BI,Bodily Injury,active,226634.41,3195.62,2023-04-25,2024-04-24
COV001847,POL001947,PD,Property Damage,active,398621.07,1110.69,2026-06-08,2027-06-08
COV001848,POL001948,BI,Bodily Injury,active,250151.1,1002.86,2023-11-01,2024-10-31
COV001849,POL001949,MED,Medical Payments,active,173610.32,935.2,2023-06-19,2024-06-18
COV001850,POL001950,BI,Bodily Injury,active,290238.49,2295.26,2025-08-10,2026-08-10
COV001851,POL001951,MED,Medical Payments,active,428770.46,1256.46,2024-11-07,2025-11-07
COV001852,POL001952,MED,Medical Payments,active,218119.16,1784.79,2024-01-18,2025-01-17
COV001853,POL001953,COLL,Collision,active,220673.19,2011.6,2025-03-24,2026-03-24
COV001854,POL001954,COMP,Comprehensive,active,350308.73,2893.94,2023-06-24,2024-06-23
COV001855,POL001955,PD,Property Damage,active,238698.56,2493.58,2024-04-26,2025-04-26
COV001856,POL001956,MED,Medical Payments,active,191062.65,3051.3,2023-08-25,2024-08-24
COV001857,POL001957,COLL,Collision,active,464732.66,4488.86,2026-05-19,2027-05-19
COV001858,POL001958,BI,Bodily Injury,active,390767.97,3196.83,2026-05-07,2027-05-07
COV001859,POL001959,COLL,Collision,active,355268.31,1590.64,2023-10-18,2024-10-17
COV001860,POL001960,MED,Medical Payments,active,451422.9,2768.27,2024-11-07,2025-11-07
COV001861,POL001961,COLL,Collision,active,33589.13,2308.97,2025-04-09,2026-04-09
COV001862,POL001962,PD,Property Damage,active,252195.64,2802.0,2025-12-02,2026-12-02
COV001863,POL001963,COLL,Collision,active,149314.91,2362.84,2023-01-29,2024-01-29
COV001864,POL001964,COLL,Collision,active,389586.71,2353.48,2024-02-16,2025-02-15
COV001865,POL001965,PD,Property Damage,active,102943.07,2080.66,2023-08-19,2024-08-18
COV001866,POL001966,MED,Medical Payments,active,76990.81,2230.42,2025-02-22,2026-02-22
COV001867,POL001967,COMP,Comprehensive,active,479045.75,3727.14,2025-01-26,2026-01-26
COV001868,POL001968,PD,Property Damage,active,214495.69,475.09,2025-09-19,2026-09-19
COV001869,POL001969,COLL,Collision,active,88361.49,3569.88,2024-07-29,2025-07-29
COV001870,POL001970,PD,Property Damage,active,475054.61,2808.28,2024-03-30,2025-03-30
COV001871,POL001971,BI,Bodily Injury,active,253763.53,3238.53,2024-08-14,2025-08-14
COV001872,POL001972,MED,Medical Payments,active,494265.69,1779.07,2023-12-26,2024-12-25
COV001873,POL001973,MED,Medical Payments,active,219114.92,3769.88,2026-03-14,2027-03-14
COV001874,POL001974,COMP,Comprehensive,active,67323.14,1418.18,2026-06-04,2027-06-04
COV001875,POL001975,PD,Property Damage,active,157857.33,3099.69,2024-03-14,2025-03-14
COV001876,POL001976,BI,Bodily Injury,active,369624.94,1390.65,2023-06-25,2024-06-24
COV001877,POL001977,BI,Bodily Injury,active,160642.21,3494.88,2025-05-02,2026-05-02
COV001878,POL001978,COMP,Comprehensive,active,105455.32,4104.97,2023-03-05,2024-03-04
COV001879,POL001979,MED,Medical Payments,active,95390.36,4288.23,2024-03-01,2025-03-01
COV001880,POL001980,COMP,Comprehensive,active,479834.96,1873.79,2024-11-05,2025-11-05
COV001881,POL001981,BI,Bodily Injury,active,144240.81,1703.25,2025-03-09,2026-03-09
COV001882,POL001982,MED,Medical Payments,active,468435.81,1890.23,2023-10-30,2024-10-29
COV001883,POL001983,BI,Bodily Injury,active,275424.53,3702.85,2023-04-13,2024-04-12
COV001884,POL001984,MED,Medical Payments,active,452449.73,3043.2,2024-01-16,2025-01-15
COV001885,POL001985,BI,Bodily Injury,active,190607.97,534.78,2025-03-19,2026-03-19
COV001886,POL001986,COMP,Comprehensive,active,354273.37,605.66,2024-08-29,2025-08-29
COV001887,POL001987,MED,Medical Payments,active,169112.72,4999.01,2025-05-20,2026-05-20
COV001888,POL001988,PD,Property Damage,active,366066.75,2831.14,2024-10-24,2025-10-24
COV001889,POL001989,COMP,Comprehensive,active,300433.47,973.61,2023-05-15,2024-05-14
COV001890,POL001990,PD,Property Damage,active,192470.42,4343.19,2026-09-10,2027-09-10
COV001891,POL001991,PD,Property Damage,active,235198.19,2241.72,2023-06-28,2024-06-27
COV001892,POL001992,COLL,Collision,active,254133.48,3705.0,2025-04-21,2026-04-21
COV001893,POL001993,BI,Bodily Injury,active,155643.61,4203.36,2025-02-13,2026-02-13
COV001894,POL001994,COLL,Collision,active,163443.01,1350.46,2026-06-21,2027-06-21
COV001895,POL001995,MED,Medical Payments,active,75741.21,4449.08,2026-04-13,2027-04-13
COV001896,POL001996,BI,Bodily Injury,active,136413.75,4385.72,2024-07-16,2025-07-16
COV001897,POL001997,COMP,Comprehensive,active,107278.2,1326.8,2023-01-10,2024-01-10
COV001898,POL001998,BI,Bodily Injury,active,494984.31,4770.54,2024-08-30,2025-08-30
COV001899,POL001999,COLL,Collision,active,303938.86,3642.64,2025-08-16,2026-08-16
COV001900,POL002000,PD,Property Damage,active,387386.79,3800.63,2023-10-25,2024-10-24
COV001901,POL002001,BI,Bodily Injury,active,242523.76,421.11,2023-08-09,2024-08-08
COV001902,POL002002,PD,Property Damage,active,161717.32,4333.69,2026-03-26,2027-03-26
COV001903,POL002003,COLL,Collision,active,31334.1,364.17,2024-10-31,2025-10-31
COV001904,POL002004,PD,Property Damage,active,382553.12,4288.77,2026-02-19,2027-02-19
COV001905,POL002005,COLL,Collision,active,105759.55,430.56,2023-07-27,2024-07-26
COV001906,POL002006,MED,Medical Payments,active,161988.2,326.8,2024-10-12,2025-10-12
COV001907,POL002007,COLL,Collision,active,393207.52,3304.25,2025-06-19,2026-06-19
COV001908,POL002008,MED,Medical Payments,active,153755.68,4963.59,2024-12-14,2025-12-14
COV001909,POL002009,COMP,Comprehensive,active,105772.88,689.44,2024-05-12,2025-05-12
COV001910,POL002010,MED,Medical Payments,active,412354.89,3186.0,2023-08-09,2024-08-08
COV001911,POL002011,COLL,Collision,active,83276.06,4925.82,2023-10-29,2024-10-28
COV001912,POL002012,COLL,Collision,active,367530.59,1888.86,2024-06-05,2025-06-05
COV001913,POL002013,COLL,Collision,active,355179.66,679.76,2024-09-13,2025-09-13
COV001914,POL002014,COLL,Collision,active,139358.68,2888.03,2023-07-24,2024-07-23
COV001915,POL002015,COLL,Collision,active,154522.88,3428.36,2025-01-26,2026-01-26
COV001916,POL002016,COMP,Comprehensive,active,332430.6,1600.88,2025-05-06,2026-05-06
COV001917,POL002017,COMP,Comprehensive,active,203440.84,2088.95,2023-08-16,2024-08-15
COV001918,POL002018,COLL,Collision,active,467029.49,1010.06,2023-06-17,2024-06-16
COV001919,POL002019,COMP,Comprehensive,active,133199.29,4972.07,2024-04-08,2025-04-08
COV001920,POL002020,COLL,Collision,active,414552.1,3122.43,2023-06-10,2024-06-09
COV001921,POL002021,MED,Medical Payments,active,323928.42,568.92,2025-02-06,2026-02-06
COV001922,POL002022,COLL,Collision,active,483134.19,4099.41,2026-05-03,2027-05-03
COV001923,POL002023,BI,Bodily Injury,active,412278.2,1208.01,2025-07-12,2026-07-12
COV001924,POL002024,COLL,Collision,active,135870.76,3908.77,2024-07-12,2025-07-12
COV001925,POL002025,PD,Property Damage,active,486570.17,1354.07,2023-08-05,2024-08-04
COV001926,POL002026,BI,Bodily Injury,active,68781.48,921.52,2026-02-17,2027-02-17
COV001927,POL002027,COLL,Collision,active,379106.12,2324.75,2023-08-28,2024-08-27
COV001928,POL002028,COMP,Comprehensive,active,177010.51,2530.55,2025-07-16,2026-07-16
COV001929,POL002029,MED,Medical Payments,active,399909.29,1222.85,2025-06-08,2026-06-08
COV001930,POL002030,MED,Medical Payments,active,379139.54,2942.12,2026-05-19,2027-05-19
COV001931,POL002031,BI,Bodily Injury,active,157578.56,2998.43,2024-12-08,2025-12-08
COV001932,POL002032,MED,Medical Payments,active,363940.43,335.99,2024-12-29,2025-12-29
COV001933,POL002033,BI,Bodily Injury,active,372414.07,1322.07,2023-04-26,2024-04-25
COV001934,POL002034,COLL,Collision,active,304243.18,799.24,2025-12-06,2026-12-06
COV001935,POL002035,BI,Bodily Injury,active,487078.36,1840.76,2025-05-25,2026-05-25
COV001936,POL002036,BI,Bodily Injury,active,101393.1,2448.41,2026-01-02,2027-01-02
COV001937,POL002037,COLL,Collision,active,49867.54,2286.35,2025-08-06,2026-08-06
COV001938,POL002038,COMP,Comprehensive,active,427292.9,3088.22,2025-03-13,2026-03-13
COV001939,POL002039,BI,Bodily Injury,active,358433.03,1771.36,2025-04-13,2026-04-13
COV001940,POL002040,COLL,Collision,active,227197.06,3648.66,2025-08-03,2026-08-03
COV001941,POL002041,BI,Bodily Injury,active,163220.37,308.54,2024-12-02,2025-12-02
COV001942,POL002042,MED,Medical Payments,active,376944.57,2111.02,2025-01-26,2026-01-26
COV001943,POL002043,BI,Bodily Injury,active,188512.92,984.57,2025-10-26,2026-10-26
COV001944,POL002044,COLL,Collision,active,127068.53,4946.56,2023-05-06,2024-05-05
COV001945,POL002045,COMP,Comprehensive,active,43189.5,2898.1,2026-07-09,2027-07-09
COV001946,POL002046,COMP,Comprehensive,active,75765.47,1709.29,2023-06-24,2024-06-23
COV001947,POL002047,COMP,Comprehensive,active,162791.02,604.87,2024-09-26,2025-09-26
COV001948,POL002048,MED,Medical Payments,active,467041.84,4234.43,2023-10-29,2024-10-28
COV001949,POL002049,COMP,Comprehensive,active,281961.9,1109.72,2023-03-09,2024-03-08
COV001950,POL002050,PD,Property Damage,active,393493.94,1919.19,2025-08-10,2026-08-10
COV001951,POL002051,PD,Property Damage,active,211387.36,2434.15,2025-06-01,2026-06-01
COV001952,POL002052,PD,Property Damage,active,279292.04,530.53,2025-06-23,2026-06-23
COV001953,POL002053,COLL,Collision,active,388004.95,2602.69,2025-03-20,2026-03-20
COV001954,POL002054,MED,Medical Payments,active,310300.49,2928.45,2023-02-17,2024-02-17
COV001955,POL002055,COMP,Comprehensive,active,429314.5,1242.04,2023-03-27,2024-03-26
COV001956,POL002056,BI,Bodily Injury,active,458855.65,298.99,2023-11-07,2024-11-06
COV001957,POL002057,PD,Property Damage,active,76124.14,1746.72,2024-03-07,2025-03-07
COV001958,POL002058,MED,Medical Payments,active,325350.03,4120.36,2023-07-11,2024-07-10
COV001959,POL002059,COMP,Comprehensive,active,38271.55,3964.99,2026-03-17,2027-03-17
COV001960,POL002060,BI,Bodily Injury,active,146237.83,3437.92,2025-09-13,2026-09-13
COV001961,POL002061,MED,Medical Payments,active,228771.94,2470.72,2024-08-22,2025-08-22
COV001962,POL002062,COLL,Collision,active,308164.18,2535.76,2024-04-19,2025-04-19
COV001963,POL002063,PD,Property Damage,active,497293.68,1320.5,2025-04-28,2026-04-28
COV001964,POL002064,PD,Property Damage,active,404978.5,520.21,2023-04-19,2024-04-18
COV001965,POL002065,PD,Property Damage,active,50338.61,3200.62,2023-04-11,2024-04-10
COV001966,POL002066,BI,Bodily Injury,active,157451.75,3675.53,2023-03-26,2024-03-25
COV001967,POL002067,MED,Medical Payments,active,90496.59,3509.72,2025-09-20,2026-09-20
COV001968,POL002068,MED,Medical Payments,active,190788.62,357.83,2026-07-15,2027-07-15
COV001969,POL002069,MED,Medical Payments,active,424012.36,1577.36,2026-07-05,2027-07-05
COV001970,POL002070,MED,Medical Payments,active,116641.25,2724.33,2025-06-07,2026-06-07
COV001971,POL002071,PD,Property Damage,active,344058.54,4605.54,2025-08-02,2026-08-02
COV001972,POL002072,COMP,Comprehensive,active,454447.83,3109.37,2026-01-19,2027-01-19
COV001973,POL002073,COLL,Collision,active,326311.8,316.39,2026-02-14,2027-02-14
COV001974,POL002074,COLL,Collision,active,41868.96,4506.18,2023-10-15,2024-10-14
COV001975,POL002075,MED,Medical Payments,active,370272.02,4618.63,2025-05-16,2026-05-16
COV001976,POL002076,PD,Property Damage,active,349648.53,1245.37,2024-01-23,2025-01-22
COV001977,POL002077,PD,Property Damage,active,111787.17,2026.52,2026-04-27,2027-04-27
COV001978,POL002078,COLL,Collision,active,175486.9,3475.88,2024-04-19,2025-04-19
COV001979,POL002079,PD,Property Damage,active,245915.31,426.4,2023-05-25,2024-05-24
COV001980,POL002080,MED,Medical Payments,active,87727.89,3279.59,2026-05-28,2027-05-28
COV001981,POL002081,BI,Bodily Injury,active,334074.55,4759.51,2023-10-11,2024-10-10
COV001982,POL002082,MED,Medical Payments,active,236033.58,469.94,2026-08-02,2027-08-02
COV001983,POL002083,MED,Medical Payments,active,215679.87,4361.03,2024-03-12,2025-03-12
COV001984,POL002084,COLL,Collision,active,260743.02,2562.77,2024-08-28,2025-08-28
COV001985,POL002085,COLL,Collision,active,284715.76,3962.29,2025-03-12,2026-03-12
COV001986,POL002086,COLL,Collision,active,83342.13,4304.66,2024-12-07,2025-12-07
COV001987,POL002087,MED,Medical Payments,active,322577.67,4131.69,2026-07-23,2027-07-23
COV001988,POL002088,MED,Medical Payments,active,125180.68,2608.08,2026-02-01,2027-02-01
COV001989,POL002089,BI,Bodily Injury,active,460196.61,2111.13,2023-04-27,2024-04-26
COV001990,POL002090,COLL,Collision,active,126043.99,3181.92,2023-10-03,2024-10-02
COV001991,POL002091,COLL,Collision,active,266359.34,2818.97,2024-05-29,2025-05-29
COV001992,POL002092,COLL,Collision,active,193047.0,1722.89,2023-12-27,2024-12-26
COV001993,POL002093,MED,Medical Payments,active,386750.7,4876.75,2025-09-23,2026-09-23
COV001994,POL002094,COLL,Collision,active,246038.44,4116.02,2026-05-08,2027-05-08
COV001995,POL002095,BI,Bodily Injury,active,229979.8,561.68,2023-08-23,2024-08-22
COV001996,POL002096,COLL,Collision,active,461031.32,289.05,2026-05-28,2027-05-28
COV001997,POL002097,PD,Property Damage,active,273893.44,4106.13,2023-11-21,2024-11-20
COV001998,POL002098,COMP,Comprehensive,active,332852.38,1472.54,2026-06-29,2027-06-29
COV001999,POL002099,MED,Medical Payments,active,281917.64,669.48,2023-11-25,2024-11-24
COV002000,POL002100,PD,Property Damage,active,58305.97,4829.26,2024-12-12,2025-12-12
COV002001,POL002101,BI,Bodily Injury,active,29942.2,1961.9,2023-05-11,2024-05-10
COV002002,POL002102,MED,Medical Payments,active,124747.64,3433.94,2023-03-09,2024-03-08
COV002003,POL002103,COMP,Comprehensive,active,351565.34,1773.86,2025-10-17,2026-10-17
COV002004,POL002104,MED,Medical Payments,active,164332.13,1123.76,2025-07-14,2026-07-14
COV002005,POL002105,COMP,Comprehensive,active,213880.96,1558.13,2025-11-06,2026-11-06
COV002006,POL002106,BI,Bodily Injury,active,499005.06,2347.08,2026-04-10,2027-04-10
COV002007,POL002107,MED,Medical Payments,active,168268.04,4445.38,2024-10-20,2025-10-20
COV002008,POL002108,COLL,Collision,active,210243.36,715.7,2026-05-11,2027-05-11
COV002009,POL002109,MED,Medical Payments,active,378623.76,1191.62,2025-02-05,2026-02-05
COV002010,POL002110,COMP,Comprehensive,active,251953.49,2960.91,2025-04-25,2026-04-25
COV002011,POL002111,BI,Bodily Injury,active,483618.33,2075.91,2025-02-12,2026-02-12
COV002012,POL002112,COMP,Comprehensive,active,355712.21,3833.56,2026-01-22,2027-01-22
COV002013,POL002113,COMP,Comprehensive,active,95985.74,3452.61,2026-07-10,2027-07-10
COV002014,POL002114,COLL,Collision,active,386223.0,3067.79,2023-03-06,2024-03-05
COV002015,POL002115,COLL,Collision,active,49579.05,3859.18,2026-07-13,2027-07-13
COV002016,POL002116,PD,Property Damage,active,180830.03,4681.44,2023-12-24,2024-12-23
COV002017,POL002117,BI,Bodily Injury,active,147614.2,4062.66,2024-07-30,2025-07-30
COV002018,POL002118,BI,Bodily Injury,active,57755.12,4670.46,2025-02-13,2026-02-13
COV002019,POL002119,MED,Medical Payments,active,402657.48,3702.33,2024-06-23,2025-06-23
COV002020,POL002120,MED,Medical Payments,active,297890.13,628.56,2023-09-27,2024-09-26
COV002021,POL002121,MED,Medical Payments,active,370681.24,1370.26,2026-01-23,2027-01-23
COV002022,POL002122,PD,Property Damage,active,157730.73,4919.91,2026-07-08,2027-07-08
COV002023,POL002123,COMP,Comprehensive,active,260746.69,1725.56,2026-08-14,2027-08-14
COV002024,POL002124,PD,Property Damage,active,173189.12,1119.29,2026-08-28,2027-08-28
COV002025,POL002125,MED,Medical Payments,active,193583.12,608.44,2023-04-01,2024-03-31
COV002026,POL002126,PD,Property Damage,active,289552.42,3853.69,2025-07-25,2026-07-25
COV002027,POL002127,COMP,Comprehensive,active,92630.67,3879.1,2025-05-16,2026-05-16
COV002028,POL002128,PD,Property Damage,active,440478.54,3699.2,2023-07-17,2024-07-16
COV002029,POL002129,MED,Medical Payments,active,101216.28,4876.74,2024-10-21,2025-10-21
COV002030,POL002130,COLL,Collision,active,98240.05,2063.67,2025-07-15,2026-07-15
COV002031,POL002131,COMP,Comprehensive,active,89418.57,3496.1,2025-01-21,2026-01-21
COV002032,POL002132,BI,Bodily Injury,active,359138.57,1314.25,2024-07-12,2025-07-12
COV002033,POL002133,MED,Medical Payments,active,40423.4,1210.82,2025-11-08,2026-11-08
COV002034,POL002134,COMP,Comprehensive,active,428146.94,2442.3,2025-04-13,2026-04-13
COV002035,POL002135,COMP,Comprehensive,active,161343.2,4312.63,2024-10-26,2025-10-26
COV002036,POL002136,COMP,Comprehensive,active,267136.5,955.57,2026-05-26,2027-05-26
COV002037,POL002137,PD,Property Damage,active,402707.44,336.94,2023-01-05,2024-01-05
COV002038,POL002138,COMP,Comprehensive,active,316873.46,2645.49,2023-03-02,2024-03-01
COV002039,POL002139,MED,Medical Payments,active,198109.13,4596.67,2023-08-19,2024-08-18
COV002040,POL002140,COMP,Comprehensive,active,452966.14,1242.59,2024-06-21,2025-06-21
COV002041,POL002141,PD,Property Damage,active,312641.4,1520.96,2025-01-07,2026-01-07
COV002042,POL002142,COLL,Collision,active,28555.66,1954.87,2023-05-07,2024-05-06
COV002043,POL002143,BI,Bodily Injury,active,89368.14,3404.24,2023-08-15,2024-08-14
COV002044,POL002144,PD,Property Damage,active,386430.89,2029.87,2025-06-09,2026-06-09
COV002045,POL002145,MED,Medical Payments,active,315577.44,1512.78,2023-02-09,2024-02-09
COV002046,POL002146,PD,Property Damage,active,425217.15,1755.24,2023-02-25,2024-02-25
COV002047,POL002147,MED,Medical Payments,active,413768.51,4748.68,2025-02-24,2026-02-24
COV002048,POL002148,COMP,Comprehensive,active,218442.85,4242.14,2024-06-18,2025-06-18
COV002049,POL002149,COLL,Collision,active,488937.54,4754.0,2025-09-03,2026-09-03
COV002050,POL002150,COLL,Collision,active,54244.92,2318.04,2023-06-24,2024-06-23
COV002051,POL002151,COLL,Collision,active,318689.31,4151.98,2023-08-20,2024-08-19
COV002052,POL002152,MED,Medical Payments,active,309974.52,1216.43,2024-04-17,2025-04-17
COV002053,POL002153,PD,Property Damage,active,209709.8,4518.07,2023-07-12,2024-07-11
COV002054,POL002154,BI,Bodily Injury,active,70693.43,4498.15,2025-08-10,2026-08-10
COV002055,POL002155,PD,Property Damage,active,249071.21,2545.85,2026-05-17,2027-05-17
COV002056,POL002156,PD,Property Damage,active,247362.38,3658.55,2026-08-15,2027-08-15
COV002057,POL002157,BI,Bodily Injury,active,83386.54,1678.98,2023-12-20,2024-12-19
COV002058,POL002158,MED,Medical Payments,active,259881.93,3004.17,2024-09-17,2025-09-17
COV002059,POL002159,BI,Bodily Injury,active,194749.06,2978.64,2023-08-18,2024-08-17
COV002060,POL002160,MED,Medical Payments,active,428432.48,1624.78,2024-06-07,2025-06-07
COV002061,POL002161,MED,Medical Payments,active,35748.99,4287.92,2023-10-17,2024-10-16
COV002062,POL002162,PD,Property Damage,active,187487.99,1777.14,2026-07-18,2027-07-18
COV002063,POL002163,MED,Medical Payments,active,242035.44,974.52,2025-10-18,2026-10-18
COV002064,POL002164,COLL,Collision,active,119553.69,769.58,2023-07-15,2024-07-14
COV002065,POL002165,PD,Property Damage,active,35556.47,993.5,2024-04-04,2025-04-04
COV002066,POL002166,BI,Bodily Injury,active,479352.1,2400.47,2024-11-11,2025-11-11
COV002067,POL002167,PD,Property Damage,active,467209.97,1894.31,2025-12-02,2026-12-02
COV002068,POL002168,BI,Bodily Injury,active,432264.69,1985.93,2026-07-10,2027-07-10
COV002069,POL002169,PD,Property Damage,active,120472.72,3484.46,2026-02-06,2027-02-06
COV002070,POL002170,BI,Bodily Injury,active,406125.8,705.64,2025-07-14,2026-07-14
COV002071,POL002171,COMP,Comprehensive,active,486874.6,4226.51,2023-08-05,2024-08-04
COV002072,POL002172,COLL,Collision,active,282973.17,1965.43,2026-07-27,2027-07-27
COV002073,POL002173,BI,Bodily Injury,active,414536.97,2227.65,2024-05-17,2025-05-17
COV002074,POL002174,BI,Bodily Injury,active,321579.7,3671.95,2024-07-08,2025-07-08
COV002075,POL002175,PD,Property Damage,active,262257.81,3196.83,2026-04-23,2027-04-23
COV002076,POL002176,COLL,Collision,active,192710.55,4624.14,2026-04-14,2027-04-14
COV002077,POL002177,BI,Bodily Injury,active,35041.5,3622.66,2026-05-01,2027-05-01
COV002078,POL002178,BI,Bodily Injury,active,411340.92,1622.22,2023-04-23,2024-04-22
COV002079,POL002179,COMP,Comprehensive,active,148580.02,4492.83,2023-08-09,2024-08-08
COV002080,POL002180,MED,Medical Payments,active,409040.85,3420.35,2023-01-04,2024-01-04
COV002081,POL002181,PD,Property Damage,active,484170.27,1042.08,2024-09-16,2025-09-16
COV002082,POL002182,BI,Bodily Injury,active,400484.46,2109.23,2024-10-13,2025-10-13
COV002083,POL002183,BI,Bodily Injury,active,192659.63,3501.01,2025-12-29,2026-12-29
COV002084,POL002184,BI,Bodily Injury,active,62805.61,4100.66,2026-02-21,2027-02-21
COV002085,POL002185,COLL,Collision,active,254116.64,4641.85,2024-08-24,2025-08-24
COV002086,POL002186,COLL,Collision,active,292945.54,349.15,2025-06-13,2026-06-13
COV002087,POL002187,COMP,Comprehensive,active,246387.59,3579.74,2024-03-15,2025-03-15
COV002088,POL002188,BI,Bodily Injury,active,433996.36,2151.83,2025-06-22,2026-06-22
COV002089,POL002189,PD,Property Damage,active,178164.09,4234.44,2023-08-25,2024-08-24
COV002090,POL002190,BI,Bodily Injury,active,61089.54,2395.22,2025-12-15,2026-12-15
COV002091,POL002191,COLL,Collision,active,183199.92,618.96,2023-10-09,2024-10-08
COV002092,POL002192,COMP,Comprehensive,active,406478.79,3313.65,2023-05-21,2024-05-20
COV002093,POL002193,BI,Bodily Injury,active,489522.83,4660.93,2023-04-17,2024-04-16
COV002094,POL002194,PD,Property Damage,active,427379.64,3981.95,2026-02-14,2027-02-14
COV002095,POL002195,PD,Property Damage,active,219165.91,331.19,2025-02-02,2026-02-02
COV002096,POL002196,COMP,Comprehensive,active,329597.59,2552.82,2025-07-31,2026-07-31
COV002097,POL002197,COLL,Collision,active,486975.54,3824.74,2024-04-08,2025-04-08
COV002098,POL002198,BI,Bodily Injury,active,224239.88,493.09,2025-01-26,2026-01-26
COV002099,POL002199,COMP,Comprehensive,active,259189.06,2055.76,2026-02-28,2027-02-28
COV002100,POL002200,COMP,Comprehensive,active,85797.48,1227.03,2023-07-24,2024-07-23
COV002101,POL002201,MED,Medical Payments,active,142010.41,585.34,2026-02-21,2027-02-21
COV002102,POL002202,BI,Bodily Injury,active,100820.15,4268.24,2024-01-24,2025-01-23
COV002103,POL002203,MED,Medical Payments,active,264176.49,1004.36,2024-08-04,2025-08-04
COV002104,POL002204,BI,Bodily Injury,active,269816.31,3089.48,2026-07-04,2027-07-04
COV002105,POL002205,COLL,Collision,active,400538.74,772.16,2024-01-15,2025-01-14
COV002106,POL002206,PD,Property Damage,active,349644.4,3501.29,2026-06-09,2027-06-09
COV002107,POL002207,COMP,Comprehensive,active,188321.5,2129.99,2023-10-01,2024-09-30
COV002108,POL002208,COLL,Collision,active,64126.47,2570.19,2025-10-16,2026-10-16
COV002109,POL002209,PD,Property Damage,active,149261.65,4170.66,2026-03-19,2027-03-19
COV002110,POL002210,COMP,Comprehensive,active,312692.31,2724.18,2025-01-19,2026-01-19
COV002111,POL002211,PD,Property Damage,active,82876.28,3640.33,2023-06-09,2024-06-08
COV002112,POL002212,PD,Property Damage,active,488044.71,3220.81,2024-01-02,2025-01-01
COV002113,POL002213,COMP,Comprehensive,active,139975.2,1408.2,2025-01-07,2026-01-07
COV002114,POL002214,MED,Medical Payments,active,364122.89,800.24,2023-06-07,2024-06-06
COV002115,POL002215,MED,Medical Payments,active,73082.28,3766.89,2026-03-04,2027-03-04
COV002116,POL002216,COMP,Comprehensive,active,156769.39,3060.4,2025-01-03,2026-01-03
COV002117,POL002217,MED,Medical Payments,active,36304.94,889.31,2025-02-01,2026-02-01
COV002118,POL002218,MED,Medical Payments,active,343963.5,4044.24,2023-05-02,2024-05-01
COV002119,POL002219,COLL,Collision,active,316350.5,2627.19,2025-08-23,2026-08-23
COV002120,POL002220,COLL,Collision,active,53239.21,995.72,2025-04-21,2026-04-21
COV002121,POL002221,BI,Bodily Injury,active,424399.12,4500.31,2025-08-30,2026-08-30
COV002122,POL002222,PD,Property Damage,active,115300.72,4975.88,2023-07-06,2024-07-05
COV002123,POL002223,PD,Property Damage,active,399446.28,352.22,2025-03-06,2026-03-06
COV002124,POL002224,BI,Bodily Injury,active,410358.61,3909.5,2023-06-09,2024-06-08
COV002125,POL002225,PD,Property Damage,active,404064.01,313.4,2024-11-07,2025-11-07
COV002126,POL002226,PD,Property Damage,active,398212.75,4889.38,2024-02-26,2025-02-25
COV002127,POL002227,COMP,Comprehensive,active,184975.44,1018.2,2025-06-21,2026-06-21
COV002128,POL002228,BI,Bodily Injury,active,123127.47,2971.47,2026-02-14,2027-02-14
COV002129,POL002229,MED,Medical Payments,active,175477.52,4139.62,2026-03-25,2027-03-25
COV002130,POL002230,COMP,Comprehensive,active,436260.6,4240.67,2024-07-24,2025-07-24
COV002131,POL002231,PD,Property Damage,active,93785.46,2038.58,2024-08-31,2025-08-31
COV002132,POL002232,BI,Bodily Injury,active,124661.08,988.52,2024-07-31,2025-07-31
COV002133,POL002233,BI,Bodily Injury,active,274122.0,1072.35,2025-07-14,2026-07-14
COV002134,POL002234,COMP,Comprehensive,active,402311.01,454.51,2025-10-06,2026-10-06
COV002135,POL002235,PD,Property Damage,active,201729.48,4316.65,2024-11-17,2025-11-17
COV002136,POL002236,BI,Bodily Injury,active,140067.96,4429.21,2025-01-07,2026-01-07
COV002137,POL002237,MED,Medical Payments,active,319909.47,4149.24,2026-05-22,2027-05-22
COV002138,POL002238,MED,Medical Payments,active,166142.8,3968.73,2026-06-18,2027-06-18
COV002139,POL002239,COLL,Collision,active,163106.66,3160.71,2025-11-13,2026-11-13
COV002140,POL002240,COLL,Collision,active,32859.16,346.96,2024-12-13,2025-12-13
COV002141,POL002241,COMP,Comprehensive,active,185440.34,1079.15,2024-01-15,2025-01-14
COV002142,POL002242,COMP,Comprehensive,active,195675.02,899.24,2024-06-06,2025-06-06
COV002143,POL002243,COMP,Comprehensive,active,97776.39,4300.54,2025-08-10,2026-08-10
COV002144,POL002244,COLL,Collision,active,295597.33,739.36,2023-02-24,2024-02-24
COV002145,POL002245,COMP,Comprehensive,active,385411.39,1937.5,2025-01-26,2026-01-26
COV002146,POL002246,MED,Medical Payments,active,397993.3,1696.31,2024-10-18,2025-10-18
COV002147,POL002247,MED,Medical Payments,active,371547.21,1441.7,2025-09-16,2026-09-16
COV002148,POL002248,COMP,Comprehensive,active,426148.11,483.19,2026-08-20,2027-08-20
COV002149,POL002249,COMP,Comprehensive,active,168015.44,4353.82,2024-10-30,2025-10-30
COV002150,POL002250,MED,Medical Payments,active,377856.66,945.85,2025-12-17,2026-12-17
COV002151,POL002251,PD,Property Damage,active,167844.52,3363.04,2024-01-07,2025-01-06
COV002152,POL002252,MED,Medical Payments,active,273415.96,4046.51,2025-12-21,2026-12-21
COV002153,POL002253,COLL,Collision,active,60057.68,4396.33,2026-05-04,2027-05-04
COV002154,POL002254,BI,Bodily Injury,active,436468.72,4375.23,2023-11-22,2024-11-21
COV002155,POL002255,COLL,Collision,active,439589.2,4262.3,2023-11-13,2024-11-12
COV002156,POL002256,COLL,Collision,active,152974.12,3921.49,2023-10-28,2024-10-27
COV002157,POL002257,MED,Medical Payments,active,313423.78,310.25,2023-06-01,2024-05-31
COV002158,POL002258,COLL,Collision,active,68401.89,437.35,2025-01-20,2026-01-20
COV002159,POL002259,BI,Bodily Injury,active,458905.21,795.63,2024-03-29,2025-03-29
COV002160,POL002260,COMP,Comprehensive,active,230176.89,2457.1,2024-07-14,2025-07-14
COV002161,POL002261,COMP,Comprehensive,active,113171.79,4924.4,2026-03-01,2027-03-01
COV002162,POL002262,COLL,Collision,active,117812.33,3192.18,2025-10-06,2026-10-06
COV002163,POL002263,PD,Property Damage,active,322271.12,3737.53,2025-12-09,2026-12-09
COV002164,POL002264,COMP,Comprehensive,active,485707.57,1937.95,2024-01-24,2025-01-23
COV002165,POL002265,BI,Bodily Injury,active,239029.3,4920.65,2025-07-30,2026-07-30
COV002166,POL002266,COMP,Comprehensive,active,241832.35,4981.0,2026-02-04,2027-02-04
COV002167,POL002267,MED,Medical Payments,active,299271.99,4037.91,2026-03-15,2027-03-15
COV002168,POL002268,COMP,Comprehensive,active,321161.64,3208.03,2025-04-27,2026-04-27
COV002169,POL002269,MED,Medical Payments,active,246494.88,4734.81,2026-08-27,2027-08-27
COV002170,POL002270,BI,Bodily Injury,active,434662.69,883.44,2025-08-04,2026-08-04
COV002171,POL002271,MED,Medical Payments,active,34998.51,3782.46,2025-03-26,2026-03-26
COV002172,POL002272,PD,Property Damage,active,100366.8,1016.98,2025-12-14,2026-12-14
COV002173,POL002273,PD,Property Damage,active,494984.38,3956.96,2023-05-08,2024-05-07
COV002174,POL002274,PD,Property Damage,active,404093.19,307.8,2023-09-29,2024-09-28
COV002175,POL002275,BI,Bodily Injury,active,168439.21,1136.48,2026-06-11,2027-06-11
COV002176,POL002276,PD,Property Damage,active,109015.79,872.49,2026-01-23,2027-01-23
COV002177,POL002277,MED,Medical Payments,active,76852.11,1618.76,2023-08-18,2024-08-17
COV002178,POL002278,BI,Bodily Injury,active,150442.71,727.75,2025-09-03,2026-09-03
COV002179,POL002279,MED,Medical Payments,active,125787.91,2970.19,2024-09-16,2025-09-16
COV002180,POL002280,PD,Property Damage,active,267742.51,1162.97,2023-11-07,2024-11-06
COV002181,POL002281,COLL,Collision,active,58616.7,2675.4,2024-11-05,2025-11-05
COV002182,POL002282,COLL,Collision,active,229744.35,3131.54,2023-05-09,2024-05-08
COV002183,POL002283,PD,Property Damage,active,364950.26,772.92,2024-06-02,2025-06-02
COV002184,POL002284,COMP,Comprehensive,active,308746.41,3357.28,2024-07-18,2025-07-18
COV002185,POL002285,PD,Property Damage,active,463564.99,4906.23,2023-10-18,2024-10-17
COV002186,POL002286,PD,Property Damage,active,295364.52,4458.85,2025-08-13,2026-08-13
COV002187,POL002287,BI,Bodily Injury,active,456003.55,1939.71,2024-05-30,2025-05-30
COV002188,POL002288,COLL,Collision,active,95421.69,3861.32,2024-01-03,2025-01-02
COV002189,POL002289,COLL,Collision,active,120703.41,587.66,2025-10-16,2026-10-16
COV002190,POL002290,COLL,Collision,active,257570.9,4847.55,2023-07-04,2024-07-03
COV002191,POL002291,PD,Property Damage,active,468306.26,2638.45,2025-04-30,2026-04-30
COV002192,POL002292,COLL,Collision,active,195475.21,879.92,2023-12-31,2024-12-30
COV002193,POL002293,PD,Property Damage,active,474803.55,3992.97,2026-06-13,2027-06-13
COV002194,POL002294,COLL,Collision,active,434713.3,2643.38,2026-03-30,2027-03-30
COV002195,POL002295,PD,Property Damage,active,41345.18,4003.23,2023-12-24,2024-12-23
COV002196,POL002296,PD,Property Damage,active,273763.75,4102.38,2026-08-25,2027-08-25
COV002197,POL002297,COMP,Comprehensive,active,99880.94,1253.11,2025-10-06,2026-10-06
COV002198,POL002298,COMP,Comprehensive,active,28633.17,1933.22,2024-10-18,2025-10-18
COV002199,POL002299,COLL,Collision,active,194927.01,595.55,2025-08-03,2026-08-03
COV002200,POL002300,COLL,Collision,active,320382.71,1318.49,2024-02-09,2025-02-08
COV002201,POL002301,PD,Property Damage,active,114012.51,4154.85,2023-12-24,2024-12-23
COV002202,POL002302,BI,Bodily Injury,active,358527.04,2850.32,2023-12-22,2024-12-21
COV002203,POL002303,BI,Bodily Injury,active,102385.78,4410.75,2025-12-30,2026-12-30
COV002204,POL002304,BI,Bodily Injury,active,314068.65,573.57,2024-08-16,2025-08-16
COV002205,POL002305,MED,Medical Payments,active,499728.15,2474.7,2024-01-23,2025-01-22
COV002206,POL002306,BI,Bodily Injury,active,63058.32,4256.06,2024-09-06,2025-09-06
COV002207,POL002307,MED,Medical Payments,active,113786.83,2565.52,2024-02-17,2025-02-16
COV002208,POL002308,BI,Bodily Injury,active,241862.06,1846.23,2024-09-17,2025-09-17
COV002209,POL002309,COLL,Collision,active,271407.2,4784.15,2025-05-04,2026-05-04
COV002210,POL002310,MED,Medical Payments,active,232871.8,2134.56,2025-04-30,2026-04-30
COV002211,POL002311,BI,Bodily Injury,active,98425.32,3628.39,2023-11-01,2024-10-31
COV002212,POL002312,COLL,Collision,active,364350.04,3771.25,2024-02-18,2025-02-17
COV002213,POL002313,COMP,Comprehensive,active,172533.69,1891.31,2023-06-09,2024-06-08
COV002214,POL002314,COLL,Collision,active,195978.65,1608.34,2023-07-02,2024-07-01
COV002215,POL002315,COLL,Collision,active,448877.9,1845.53,2025-02-18,2026-02-18
COV002216,POL002316,MED,Medical Payments,active,275760.47,1641.72,2023-11-25,2024-11-24
COV002217,POL002317,MED,Medical Payments,active,60471.55,940.92,2025-04-09,2026-04-09
COV002218,POL002318,MED,Medical Payments,active,399506.39,803.13,2025-01-16,2026-01-16
COV002219,POL002319,BI,Bodily Injury,active,397171.21,4812.61,2023-10-08,2024-10-07
COV002220,POL002320,MED,Medical Payments,active,351062.89,1920.87,2023-05-08,2024-05-07
COV002221,POL002321,COMP,Comprehensive,active,342069.93,1755.1,2025-07-29,2026-07-29
COV002222,POL002322,PD,Property Damage,active,179249.71,2105.01,2026-03-04,2027-03-04
COV002223,POL002323,BI,Bodily Injury,active,406077.81,763.48,2026-07-20,2027-07-20
COV002224,POL002324,COMP,Comprehensive,active,429050.08,4658.67,2025-06-30,2026-06-30
COV002225,POL002325,BI,Bodily Injury,active,118875.3,447.17,2024-05-19,2025-05-19
COV002226,POL002326,COLL,Collision,active,463221.19,2015.23,2025-10-27,2026-10-27
COV002227,POL002327,COLL,Collision,active,172766.77,4867.74,2024-01-16,2025-01-15
COV002228,POL002328,COMP,Comprehensive,active,194017.75,1443.88,2024-06-10,2025-06-10
COV002229,POL002329,COMP,Comprehensive,active,402284.77,569.25,2024-02-18,2025-02-17
COV002230,POL002330,PD,Property Damage,active,298119.09,1379.72,2024-09-07,2025-09-07
COV002231,POL002331,PD,Property Damage,active,225591.8,721.14,2024-09-28,2025-09-28
COV002232,POL002332,MED,Medical Payments,active,146250.61,1131.15,2026-02-16,2027-02-16
COV002233,POL002333,MED,Medical Payments,active,87411.83,3911.38,2026-04-22,2027-04-22
COV002234,POL002334,PD,Property Damage,active,238509.43,4537.82,2025-07-27,2026-07-27
COV002235,POL002335,BI,Bodily Injury,active,309551.43,825.88,2024-08-12,2025-08-12
COV002236,POL002336,PD,Property Damage,active,417703.57,3131.5,2023-02-13,2024-02-13
COV002237,POL002337,BI,Bodily Injury,active,347598.69,1126.32,2025-08-27,2026-08-27
COV002238,POL002338,PD,Property Damage,active,99150.8,3669.18,2026-08-21,2027-08-21
COV002239,POL002339,COLL,Collision,active,71949.33,2876.78,2023-09-20,2024-09-19
COV002240,POL002340,PD,Property Damage,active,189893.61,650.82,2024-11-24,2025-11-24
COV002241,POL002341,MED,Medical Payments,active,381817.78,2501.26,2024-12-20,2025-12-20
COV002242,POL002342,COMP,Comprehensive,active,466629.63,997.45,2025-01-26,2026-01-26
COV002243,POL002343,BI,Bodily Injury,active,291168.75,2659.55,2024-03-22,2025-03-22
COV002244,POL002344,BI,Bodily Injury,active,474156.57,3843.36,2025-09-29,2026-09-29
COV002245,POL002345,PD,Property Damage,active,320975.42,1915.64,2023-05-09,2024-05-08
COV002246,POL002346,BI,Bodily Injury,active,119916.23,4624.07,2024-02-06,2025-02-05
COV002247,POL002347,BI,Bodily Injury,active,320935.44,4307.42,2023-06-27,2024-06-26
COV002248,POL002348,MED,Medical Payments,active,69390.21,4176.78,2025-09-01,2026-09-01
COV002249,POL002349,COMP,Comprehensive,active,171561.92,4758.78,2025-11-17,2026-11-17
COV002250,POL002350,PD,Property Damage,active,328277.45,2338.53,2026-01-07,2027-01-07
COV002251,POL002351,COMP,Comprehensive,active,272250.31,4790.21,2024-03-12,2025-03-12
COV002252,POL002352,BI,Bodily Injury,active,291590.6,1150.33,2025-05-31,2026-05-31
COV002253,POL002353,COLL,Collision,active,369282.26,4403.85,2026-01-30,2027-01-30
COV002254,POL002354,COMP,Comprehensive,active,89046.05,2525.62,2023-11-10,2024-11-09
COV002255,POL002355,COMP,Comprehensive,active,102082.76,4641.33,2025-03-24,2026-03-24
COV002256,POL002356,COMP,Comprehensive,active,336243.22,3817.22,2024-12-25,2025-12-25
COV002257,POL002357,MED,Medical Payments,active,175668.09,3056.01,2026-08-07,2027-08-07
COV002258,POL002358,COLL,Collision,active,56243.66,3529.07,2026-03-03,2027-03-03
COV002259,POL002359,COMP,Comprehensive,active,350940.2,4114.06,2024-04-29,2025-04-29
COV002260,POL002360,COLL,Collision,active,420366.21,956.11,2026-01-14,2027-01-14
COV002261,POL002361,COMP,Comprehensive,active,101354.22,3157.21,2023-03-26,2024-03-25
COV002262,POL002362,BI,Bodily Injury,active,131635.51,4290.38,2024-04-17,2025-04-17
COV002263,POL002363,COLL,Collision,active,82711.57,905.42,2026-09-11,2027-09-11
COV002264,POL002364,BI,Bodily Injury,active,76437.44,753.99,2025-06-20,2026-06-20
COV002265,POL002365,BI,Bodily Injury,active,257705.67,1675.14,2023-06-10,2024-06-09
COV002266,POL002366,COMP,Comprehensive,active,362892.69,2608.01,2024-09-22,2025-09-22
COV002267,POL002367,COLL,Collision,active,134331.73,1671.44,2024-11-21,2025-11-21
COV002268,POL002368,BI,Bodily Injury,active,202476.27,810.59,2023-09-06,2024-09-05
COV002269,POL002369,COLL,Collision,active,370900.71,859.92,2025-10-23,2026-10-23
COV002270,POL002370,COLL,Collision,active,460550.89,2934.23,2024-03-30,2025-03-30
COV002271,POL002371,COLL,Collision,active,389809.17,516.83,2025-07-24,2026-07-24
COV002272,POL002372,BI,Bodily Injury,active,222713.6,1330.57,2025-07-17,2026-07-17
COV002273,POL002373,BI,Bodily Injury,active,225897.32,2999.62,2025-02-20,2026-02-20
COV002274,POL002374,MED,Medical Payments,active,474022.85,4614.58,2025-01-01,2026-01-01
COV002275,POL002375,COLL,Collision,active,252383.54,3013.66,2025-05-11,2026-05-11
COV002276,POL002376,COLL,Collision,active,231278.93,4376.31,2024-06-05,2025-06-05
COV002277,POL002377,COMP,Comprehensive,active,56492.55,2161.44,2024-07-11,2025-07-11
COV002278,POL002378,BI,Bodily Injury,active,217431.31,2853.73,2025-11-20,2026-11-20
COV002279,POL002379,MED,Medical Payments,active,490316.93,4143.01,2023-01-11,2024-01-11
COV002280,POL002380,MED,Medical Payments,active,281960.81,1613.1,2025-09-26,2026-09-26
COV002281,POL002381,COMP,Comprehensive,active,151247.68,896.82,2024-03-17,2025-03-17
COV002282,POL002382,COMP,Comprehensive,active,52662.98,1544.69,2026-04-28,2027-04-28
COV002283,POL002383,MED,Medical Payments,active,379673.69,2677.91,2025-12-30,2026-12-30
COV002284,POL002384,COMP,Comprehensive,active,429781.48,1305.19,2025-12-10,2026-12-10
COV002285,POL002385,COLL,Collision,active,290529.5,4949.54,2023-01-17,2024-01-17
COV002286,POL002386,COMP,Comprehensive,active,175182.82,1067.66,2024-10-16,2025-10-16
COV002287,POL002387,COMP,Comprehensive,active,445130.02,2593.96,2024-11-14,2025-11-14
COV002288,POL002388,COLL,Collision,active,225255.28,4825.68,2025-04-06,2026-04-06
COV002289,POL002389,PD,Property Damage,active,475430.68,1879.57,2024-02-16,2025-02-15
COV002290,POL002390,PD,Property Damage,active,175105.31,1531.89,2026-03-12,2027-03-12
COV002291,POL002391,COLL,Collision,active,419142.56,4964.01,2024-01-09,2025-01-08
COV002292,POL002392,PD,Property Damage,active,67095.48,968.73,2025-05-16,2026-05-16
COV002293,POL002393,MED,Medical Payments,active,477429.29,2875.78,2024-10-18,2025-10-18
COV002294,POL002394,MED,Medical Payments,active,200852.09,4275.39,2024-03-15,2025-03-15
COV002295,POL002395,COLL,Collision,active,126932.52,1797.66,2024-05-30,2025-05-30
COV002296,POL002396,MED,Medical Payments,active,345873.99,2229.42,2024-02-04,2025-02-03
COV002297,POL002397,MED,Medical Payments,active,258505.1,2552.95,2024-08-03,2025-08-03
COV002298,POL002398,BI,Bodily Injury,active,162243.78,3350.6,2025-10-31,2026-10-31
COV002299,POL002399,COLL,Collision,active,264809.47,4226.32,2024-10-07,2025-10-07
COV002300,POL002400,MED,Medical Payments,active,112204.26,4606.09,2024-03-21,2025-03-21
COV002301,POL002401,PD,Property Damage,active,168798.48,4129.78,2024-11-06,2025-11-06
COV002302,POL002402,PD,Property Damage,active,122851.21,3177.35,2024-07-26,2025-07-26
COV002303,POL002403,MED,Medical Payments,active,440519.66,3283.61,2024-03-01,2025-03-01
COV002304,POL002404,BI,Bodily Injury,active,457752.47,1826.54,2025-05-01,2026-05-01
COV002305,POL002405,COMP,Comprehensive,active,63992.35,1246.11,2024-03-24,2025-03-24
COV002306,POL002406,PD,Property Damage,active,251147.44,4823.0,2024-09-22,2025-09-22
COV002307,POL002407,PD,Property Damage,active,180559.66,4736.8,2026-08-03,2027-08-03
COV002308,POL002408,COLL,Collision,active,80771.83,1123.49,2023-10-05,2024-10-04
COV002309,POL002409,BI,Bodily Injury,active,322860.67,299.49,2023-11-18,2024-11-17
COV002310,POL002410,MED,Medical Payments,active,154792.4,4732.15,2024-04-28,2025-04-28
COV002311,POL002411,MED,Medical Payments,active,246939.16,986.04,2025-09-24,2026-09-24
COV002312,POL002412,BI,Bodily Injury,active,189807.53,3970.2,2026-02-18,2027-02-18
COV002313,POL002413,COLL,Collision,active,80481.42,1059.43,2023-04-23,2024-04-22
COV002314,POL002414,COLL,Collision,active,471022.52,2492.97,2024-05-17,2025-05-17
COV002315,POL002415,COLL,Collision,active,324547.48,1395.28,2024-02-10,2025-02-09
COV002316,POL002416,PD,Property Damage,active,488876.31,366.51,2023-01-23,2024-01-23
COV002317,POL002417,BI,Bodily Injury,active,78654.82,3314.29,2023-07-17,2024-07-16
COV002318,POL002418,MED,Medical Payments,active,399693.7,2314.98,2025-10-17,2026-10-17
COV002319,POL002419,MED,Medical Payments,active,189063.58,988.44,2025-10-22,2026-10-22
COV002320,POL002420,COLL,Collision,active,394537.2,4909.18,2026-04-04,2027-04-04
COV002321,POL002421,MED,Medical Payments,active,29654.73,4358.13,2026-05-17,2027-05-17
COV002322,POL002422,PD,Property Damage,active,134727.48,4239.69,2026-04-21,2027-04-21
COV002323,POL002423,PD,Property Damage,active,138942.64,4354.67,2023-07-17,2024-07-16
COV002324,POL002424,COMP,Comprehensive,active,348761.22,3088.01,2025-03-25,2026-03-25
COV002325,POL002425,PD,Property Damage,active,405835.77,1268.97,2024-09-09,2025-09-09
COV002326,POL002426,MED,Medical Payments,active,171308.17,546.1,2023-05-04,2024-05-03
COV002327,POL002427,COMP,Comprehensive,active,302026.02,586.17,2023-07-17,2024-07-16
COV002328,POL002428,MED,Medical Payments,active,273054.1,838.47,2023-07-14,2024-07-13
COV002329,POL002429,COMP,Comprehensive,active,178578.9,734.15,2024-08-01,2025-08-01
COV002330,POL002430,MED,Medical Payments,active,228522.62,3565.89,2026-03-12,2027-03-12
COV002331,POL002431,COMP,Comprehensive,active,249423.78,1785.86,2026-03-07,2027-03-07
COV002332,POL002432,BI,Bodily Injury,active,430711.23,282.14,2025-05-18,2026-05-18
COV002333,POL002433,PD,Property Damage,active,152658.34,901.27,2025-10-02,2026-10-02
COV002334,POL002434,MED,Medical Payments,active,148395.64,2027.83,2026-07-16,2027-07-16
COV002335,POL002435,MED,Medical Payments,active,301050.25,1200.91,2024-12-06,2025-12-06
COV002336,POL002436,COMP,Comprehensive,active,251509.62,2377.01,2026-03-26,2027-03-26
COV002337,POL002437,COLL,Collision,active,284816.61,3635.88,2023-03-07,2024-03-06
COV002338,POL002438,PD,Property Damage,active,266199.9,4417.96,2023-03-02,2024-03-01
COV002339,POL002439,COMP,Comprehensive,active,305390.04,4023.25,2025-04-08,2026-04-08
COV002340,POL002440,BI,Bodily Injury,active,273552.51,4345.33,2024-03-21,2025-03-21
COV002341,POL002441,COLL,Collision,active,245694.78,951.38,2024-08-21,2025-08-21
COV002342,POL002442,MED,Medical Payments,active,470892.88,982.04,2025-03-16,2026-03-16
COV002343,POL002443,BI,Bodily Injury,active,319918.57,909.57,2024-08-25,2025-08-25
COV002344,POL002444,COLL,Collision,active,378924.93,599.37,2025-10-12,2026-10-12
COV002345,POL002445,BI,Bodily Injury,active,495728.42,4754.48,2023-06-27,2024-06-26
COV002346,POL002446,COMP,Comprehensive,active,402138.13,4634.34,2025-05-13,2026-05-13
COV002347,POL002447,BI,Bodily Injury,active,275667.97,3107.21,2024-07-16,2025-07-16
COV002348,POL002448,BI,Bodily Injury,active,478395.83,1370.73,2026-07-20,2027-07-20
COV002349,POL002449,BI,Bodily Injury,active,266752.94,4878.9,2024-12-19,2025-12-19
COV002350,POL002450,COMP,Comprehensive,active,238759.57,1881.91,2025-06-06,2026-06-06
COV002351,POL002451,COMP,Comprehensive,active,445827.21,1016.29,2025-01-31,2026-01-31
COV002352,POL002452,BI,Bodily Injury,active,210505.12,4521.44,2023-05-15,2024-05-14
COV002353,POL002453,BI,Bodily Injury,active,354022.79,4847.13,2025-10-05,2026-10-05
COV002354,POL002454,BI,Bodily Injury,active,374193.85,489.35,2023-01-03,2024-01-03
COV002355,POL002455,PD,Property Damage,active,392448.89,4200.7,2024-07-20,2025-07-20
COV002356,POL002456,MED,Medical Payments,active,179850.08,3244.46,2023-01-01,2024-01-01
COV002357,POL002457,COMP,Comprehensive,active,88465.47,3726.58,2026-07-28,2027-07-28
COV002358,POL002458,BI,Bodily Injury,active,334039.51,784.38,2026-03-01,2027-03-01
COV002359,POL002459,COMP,Comprehensive,active,298858.08,1728.03,2026-08-15,2027-08-15
COV002360,POL002460,COLL,Collision,active,141890.28,1424.56,2024-07-10,2025-07-10
COV002361,POL002461,BI,Bodily Injury,active,381525.0,3788.0,2026-04-05,2027-04-05
COV002362,POL002462,MED,Medical Payments,active,343384.73,1448.82,2023-02-22,2024-02-22
COV002363,POL002463,COLL,Collision,active,488881.71,4561.75,2025-10-02,2026-10-02
COV002364,POL002464,BI,Bodily Injury,active,73100.6,2469.11,2024-03-15,2025-03-15
COV002365,POL002465,COLL,Collision,active,320286.31,496.25,2023-02-06,2024-02-06
COV002366,POL002466,COMP,Comprehensive,active,470169.74,4562.43,2025-08-01,2026-08-01
COV002367,POL002467,COLL,Collision,active,54192.66,836.79,2024-09-18,2025-09-18
COV002368,POL002468,PD,Property Damage,active,205101.66,3115.35,2024-10-07,2025-10-07
COV002369,POL002469,MED,Medical Payments,active,273339.31,3995.21,2023-11-05,2024-11-04
COV002370,POL002470,COLL,Collision,active,373934.96,4616.55,2024-06-02,2025-06-02
COV002371,POL002471,COMP,Comprehensive,active,329215.18,4536.57,2025-10-25,2026-10-25
COV002372,POL002472,PD,Property Damage,active,218789.29,2291.28,2025-12-12,2026-12-12
COV002373,POL002473,MED,Medical Payments,active,205990.35,3570.67,2026-07-12,2027-07-12
COV002374,POL002474,BI,Bodily Injury,active,188797.39,3660.82,2026-05-20,2027-05-20
COV002375,POL002475,PD,Property Damage,active,60452.49,441.31,2024-02-05,2025-02-04
COV002376,POL002476,MED,Medical Payments,active,104015.39,2502.45,2024-03-06,2025-03-06
COV002377,POL002477,PD,Property Damage,active,483003.43,2801.0,2025-11-16,2026-11-16
COV002378,POL002478,COMP,Comprehensive,active,30362.08,4048.24,2023-07-29,2024-07-28
COV002379,POL002479,COLL,Collision,active,409923.75,2659.77,2023-03-18,2024-03-17
COV002380,POL002480,PD,Property Damage,active,410104.1,378.38,2026-07-17,2027-07-17
COV002381,POL002481,PD,Property Damage,active,181663.87,1575.9,2025-11-23,2026-11-23
COV002382,POL002482,BI,Bodily Injury,active,32309.04,2567.09,2024-08-15,2025-08-15
COV002383,POL002483,COLL,Collision,active,359943.51,532.15,2023-11-12,2024-11-11
COV002384,POL002484,COLL,Collision,active,399705.73,2326.01,2025-07-09,2026-07-09
COV002385,POL002485,COMP,Comprehensive,active,385210.3,1531.43,2026-01-07,2027-01-07
COV002386,POL002486,MED,Medical Payments,active,353166.52,1737.11,2025-09-14,2026-09-14
COV002387,POL002487,COMP,Comprehensive,active,484792.67,1346.43,2026-03-26,2027-03-26
COV002388,POL002488,COMP,Comprehensive,active,277897.28,2643.28,2024-04-11,2025-04-11
COV002389,POL002489,MED,Medical Payments,active,176615.48,2181.06,2025-05-19,2026-05-19
COV002390,POL002490,BI,Bodily Injury,active,27381.05,1091.27,2024-04-27,2025-04-27
COV002391,POL002491,BI,Bodily Injury,active,341037.03,2355.5,2025-03-08,2026-03-08
COV002392,POL002492,COMP,Comprehensive,active,210313.17,1206.46,2026-01-03,2027-01-03
COV002393,POL002493,COLL,Collision,active,451910.44,2025.64,2023-02-13,2024-02-13
COV002394,POL002494,MED,Medical Payments,active,185566.13,2239.87,2025-04-05,2026-04-05
COV002395,POL002495,COLL,Collision,active,150482.38,4166.35,2026-09-14,2027-09-14
COV002396,POL002496,PD,Property Damage,active,167754.83,3380.37,2024-09-04,2025-09-04
COV002397,POL002497,PD,Property Damage,active,284220.38,1392.6,2023-01-17,2024-01-17
COV002398,POL002498,PD,Property Damage,active,327478.33,2485.45,2024-07-02,2025-07-02
COV002399,POL002499,PD,Property Damage,active,244105.03,1137.96,2026-06-16,2027-06-16
COV002400,POL002500,MED,Medical Payments,active,409509.99,2685.15,2026-05-28,2027-05-28
COV002401,POL002501,COLL,Collision,active,194241.47,4713.64,2024-04-25,2025-04-25
COV002402,POL002502,BI,Bodily Injury,active,206814.39,3141.81,2023-05-06,2024-05-05
COV002403,POL002503,PD,Property Damage,active,320257.03,2054.02,2025-05-29,2026-05-29
COV002404,POL002504,MED,Medical Payments,active,134563.79,855.85,2024-05-10,2025-05-10
COV002405,POL002505,COLL,Collision,active,213451.4,4128.68,2025-07-31,2026-07-31
COV002406,POL002506,COLL,Collision,active,480645.37,3207.28,2026-06-06,2027-06-06
COV002407,POL002507,COMP,Comprehensive,active,273656.92,3987.84,2023-03-21,2024-03-20
COV002408,POL002508,COLL,Collision,active,97035.23,3953.44,2025-02-11,2026-02-11
COV002409,POL002509,COMP,Comprehensive,active,80783.62,4051.55,2023-11-14,2024-11-13
COV002410,POL002510,COLL,Collision,active,169833.5,811.68,2025-04-04,2026-04-04
COV002411,POL002511,COMP,Comprehensive,active,397161.0,1103.06,2026-03-10,2027-03-10
COV002412,POL002512,COLL,Collision,active,326106.24,3275.5,2024-12-29,2025-12-29
COV002413,POL002513,PD,Property Damage,active,312545.95,761.96,2024-09-13,2025-09-13
COV002414,POL002514,MED,Medical Payments,active,27671.86,1821.46,2023-06-21,2024-06-20
COV002415,POL002515,COMP,Comprehensive,active,106663.19,3926.33,2026-05-13,2027-05-13
COV002416,POL002516,BI,Bodily Injury,active,314963.2,3126.35,2026-04-10,2027-04-10
COV002417,POL002517,PD,Property Damage,active,314860.53,3220.04,2025-06-10,2026-06-10
COV002418,POL002518,COLL,Collision,active,50270.59,3600.66,2025-04-22,2026-04-22
COV002419,POL002519,MED,Medical Payments,active,297042.17,1475.62,2024-08-19,2025-08-19
COV002420,POL002520,PD,Property Damage,active,185866.01,4855.04,2023-02-20,2024-02-20
COV002421,POL002521,COLL,Collision,active,71552.26,2563.81,2024-10-05,2025-10-05
COV002422,POL002522,PD,Property Damage,active,471410.19,4507.21,2026-04-03,2027-04-03
COV002423,POL002523,PD,Property Damage,active,40052.78,1919.32,2023-01-16,2024-01-16
COV002424,POL002524,BI,Bodily Injury,active,138864.29,2907.59,2023-06-03,2024-06-02
COV002425,POL002525,COLL,Collision,active,186258.25,2391.16,2023-08-07,2024-08-06
COV002426,POL002526,COLL,Collision,active,360567.48,2895.3,2026-01-23,2027-01-23
COV002427,POL002527,BI,Bodily Injury,active,140714.69,537.88,2026-02-03,2027-02-03
COV002428,POL002528,PD,Property Damage,active,148060.67,720.56,2026-01-18,2027-01-18
COV002429,POL002529,PD,Property Damage,active,347498.05,2906.05,2026-06-28,2027-06-28
COV002430,POL002530,COMP,Comprehensive,active,316068.62,4404.78,2024-06-03,2025-06-03
COV002431,POL002531,COMP,Comprehensive,active,385014.64,1714.33,2025-02-18,2026-02-18
COV002432,POL002532,BI,Bodily Injury,active,92761.57,3262.66,2025-03-14,2026-03-14
COV002433,POL002533,COLL,Collision,active,143854.7,3574.18,2025-01-08,2026-01-08
COV002434,POL002534,MED,Medical Payments,active,162087.6,4925.84,2023-04-18,2024-04-17
COV002435,POL002535,PD,Property Damage,active,238056.48,729.57,2025-01-07,2026-01-07
COV002436,POL002536,COMP,Comprehensive,active,58280.88,3023.23,2026-08-11,2027-08-11
COV002437,POL002537,MED,Medical Payments,active,246861.54,4653.22,2024-03-11,2025-03-11
COV002438,POL002538,PD,Property Damage,active,224201.41,488.87,2026-05-17,2027-05-17
COV002439,POL002539,COLL,Collision,active,356504.88,4913.46,2026-04-30,2027-04-30
COV002440,POL002540,COMP,Comprehensive,active,43999.14,4895.29,2026-03-06,2027-03-06
COV002441,POL002541,BI,Bodily Injury,active,447110.93,423.01,2023-02-25,2024-02-25
COV002442,POL002542,COMP,Comprehensive,active,244850.37,1356.78,2024-09-23,2025-09-23
COV002443,POL002543,COMP,Comprehensive,active,122874.61,2397.91,2026-04-04,2027-04-04
COV002444,POL002544,MED,Medical Payments,active,79192.9,1059.69,2025-07-10,2026-07-10
COV002445,POL002545,PD,Property Damage,active,414120.52,2192.45,2023-01-16,2024-01-16
COV002446,POL002546,BI,Bodily Injury,active,223833.78,900.79,2024-05-26,2025-05-26
COV002447,POL002547,MED,Medical Payments,active,222200.73,4749.88,2024-01-06,2025-01-05
COV002448,POL002548,MED,Medical Payments,active,56105.97,2472.01,2025-04-06,2026-04-06
COV002449,POL002549,COMP,Comprehensive,active,171178.21,4863.3,2026-09-10,2027-09-10
COV002450,POL002550,COMP,Comprehensive,active,165005.59,864.24,2026-02-13,2027-02-13
COV002451,POL002551,PD,Property Damage,active,129300.76,4115.57,2024-11-01,2025-11-01
COV002452,POL002552,PD,Property Damage,active,341383.17,1747.0,2024-10-05,2025-10-05
COV002453,POL002553,BI,Bodily Injury,active,91852.29,3438.92,2023-08-07,2024-08-06
COV002454,POL002554,PD,Property Damage,active,167946.85,4091.77,2024-07-14,2025-07-14
COV002455,POL002555,COLL,Collision,active,170647.09,2132.99,2024-12-12,2025-12-12
COV002456,POL002556,MED,Medical Payments,active,473480.91,2530.13,2023-07-09,2024-07-08
COV002457,POL002557,MED,Medical Payments,active,87986.86,2595.6,2023-01-08,2024-01-08
COV002458,POL002558,MED,Medical Payments,active,191308.52,3749.36,2025-03-21,2026-03-21
COV002459,POL002559,PD,Property Damage,active,246873.99,1241.02,2024-11-12,2025-11-12
COV002460,POL002560,COMP,Comprehensive,active,362473.9,3748.23,2025-01-08,2026-01-08
COV002461,POL002561,COLL,Collision,active,446663.71,3097.39,2024-04-13,2025-04-13
COV002462,POL002562,MED,Medical Payments,active,492099.99,4565.52,2024-01-06,2025-01-05
COV002463,POL002563,MED,Medical Payments,active,259763.99,3261.95,2026-06-11,2027-06-11
COV002464,POL002564,COMP,Comprehensive,active,72558.21,2682.08,2023-11-25,2024-11-24
COV002465,POL002565,COLL,Collision,active,498064.74,2488.65,2026-09-12,2027-09-12
COV002466,POL002566,PD,Property Damage,active,317533.1,4496.79,2024-02-13,2025-02-12
COV002467,POL002567,COLL,Collision,active,308145.69,2962.53,2025-06-28,2026-06-28
COV002468,POL002568,MED,Medical Payments,active,303513.05,1814.12,2024-08-31,2025-08-31
COV002469,POL002569,COLL,Collision,active,112958.21,873.18,2026-06-24,2027-06-24
COV002470,POL002570,PD,Property Damage,active,449848.46,1026.39,2025-04-14,2026-04-14
COV002471,POL002571,BI,Bodily Injury,active,168605.27,4817.96,2025-12-06,2026-12-06
COV002472,POL002572,BI,Bodily Injury,active,81335.18,4138.75,2024-10-05,2025-10-05
COV002473,POL002573,COLL,Collision,active,276223.85,672.91,2025-07-04,2026-07-04
COV002474,POL002574,MED,Medical Payments,active,427713.9,4031.69,2026-07-11,2027-07-11
COV002475,POL002575,MED,Medical Payments,active,370090.98,1328.92,2026-04-22,2027-04-22
COV002476,POL002576,BI,Bodily Injury,active,125535.13,2294.91,2024-08-15,2025-08-15
COV002477,POL002577,COMP,Comprehensive,active,298036.12,1272.15,2024-10-09,2025-10-09
COV002478,POL002578,COMP,Comprehensive,active,355262.83,3536.76,2025-01-25,2026-01-25
COV002479,POL002579,PD,Property Damage,active,378547.97,3134.34,2024-05-29,2025-05-29
COV002480,POL002580,COLL,Collision,active,380202.34,780.68,2023-04-09,2024-04-08
COV002481,POL002581,COMP,Comprehensive,active,72242.05,2140.22,2024-10-28,2025-10-28
COV002482,POL002582,MED,Medical Payments,active,461189.75,4229.07,2023-02-11,2024-02-11
COV002483,POL002583,BI,Bodily Injury,active,440225.76,1437.42,2023-08-12,2024-08-11
COV002484,POL002584,BI,Bodily Injury,active,470131.85,4425.72,2024-04-11,2025-04-11
COV002485,POL002585,BI,Bodily Injury,active,220592.23,4235.62,2026-06-21,2027-06-21
COV002486,POL002586,COMP,Comprehensive,active,37073.7,4930.28,2023-02-01,2024-02-01
COV002487,POL002587,COLL,Collision,active,382958.72,3372.91,2023-07-29,2024-07-28
COV002488,POL002588,PD,Property Damage,active,79803.93,2759.39,2025-01-04,2026-01-04
COV002489,POL002589,MED,Medical Payments,active,34634.74,3162.21,2024-03-11,2025-03-11
COV002490,POL002590,COMP,Comprehensive,active,141195.86,4595.82,2025-03-18,2026-03-18
COV002491,POL002591,MED,Medical Payments,active,62960.55,1694.2,2024-06-10,2025-06-10
COV002492,POL002592,MED,Medical Payments,active,94866.02,3140.46,2024-09-28,2025-09-28
COV002493,POL002593,MED,Medical Payments,active,409771.47,1055.64,2026-05-02,2027-05-02
COV002494,POL002594,COLL,Collision,active,94655.47,4812.25,2024-07-18,2025-07-18
COV002495,POL002595,COMP,Comprehensive,active,55268.91,1749.77,2023-01-06,2024-01-06
COV002496,POL002596,BI,Bodily Injury,active,57855.31,4544.52,2025-11-17,2026-11-17
COV002497,POL002597,COLL,Collision,active,372469.77,4890.67,2025-02-12,2026-02-12
COV002498,POL002598,BI,Bodily Injury,active,186472.87,4876.35,2024-02-28,2025-02-27
COV002499,POL002599,MED,Medical Payments,active,315938.97,4729.35,2024-03-01,2025-03-01
COV002500,POL002600,COMP,Comprehensive,active,208273.45,4175.15,2024-06-17,2025-06-17
COV002501,POL002601,BI,Bodily Injury,active,332542.35,1450.32,2026-09-07,2027-09-07
COV002502,POL002602,BI,Bodily Injury,active,185652.63,4208.44,2024-12-05,2025-12-05
COV002503,POL002603,MED,Medical Payments,active,130548.35,695.52,2023-07-17,2024-07-16
COV002504,POL002604,MED,Medical Payments,active,135359.24,887.38,2023-10-25,2024-10-24
COV002505,POL002605,MED,Medical Payments,active,331939.64,3950.06,2026-06-28,2027-06-28
COV002506,POL002606,PD,Property Damage,active,199339.47,3145.75,2023-07-03,2024-07-02
COV002507,POL002607,COLL,Collision,active,140046.52,4482.98,2023-05-22,2024-05-21
COV002508,POL002608,COLL,Collision,active,417328.5,1044.09,2024-09-27,2025-09-27
COV002509,POL002609,COLL,Collision,active,104002.7,1533.08,2025-05-26,2026-05-26
COV002510,POL002610,COLL,Collision,active,74473.82,3072.55,2023-12-09,2024-12-08
COV002511,POL002611,PD,Property Damage,active,296584.56,2247.9,2024-01-20,2025-01-19
COV002512,POL002612,PD,Property Damage,active,235820.16,4499.63,2026-03-03,2027-03-03
COV002513,POL002613,COLL,Collision,active,432162.91,4666.54,2024-10-21,2025-10-21
COV002514,POL002614,BI,Bodily Injury,active,283479.42,3582.15,2025-01-20,2026-01-20
COV002515,POL002615,COMP,Comprehensive,active,441827.73,1360.35,2024-11-13,2025-11-13
COV002516,POL002616,COMP,Comprehensive,active,274386.66,4536.13,2025-05-17,2026-05-17
COV002517,POL002617,BI,Bodily Injury,active,445370.52,1034.45,2023-06-10,2024-06-09
COV002518,POL002618,COMP,Comprehensive,active,416049.95,3393.05,2024-03-06,2025-03-06
COV002519,POL002619,BI,Bodily Injury,active,229960.98,1528.53,2025-11-13,2026-11-13
COV002520,POL002620,COLL,Collision,active,342906.35,2403.37,2024-08-13,2025-08-13
COV002521,POL002621,COMP,Comprehensive,active,474372.69,2586.92,2025-12-01,2026-12-01
COV002522,POL002622,COLL,Collision,active,378155.94,4596.55,2024-08-09,2025-08-09
COV002523,POL002623,COMP,Comprehensive,active,383805.77,995.95,2024-11-26,2025-11-26
COV002524,POL002624,BI,Bodily Injury,active,493461.15,1215.08,2024-08-09,2025-08-09
COV002525,POL002625,COLL,Collision,active,179130.0,1827.27,2025-12-26,2026-12-26
COV002526,POL002626,COMP,Comprehensive,active,147790.54,1487.02,2025-01-03,2026-01-03
COV002527,POL002627,PD,Property Damage,active,27095.57,593.68,2023-04-06,2024-04-05
COV002528,POL002628,COMP,Comprehensive,active,318033.01,1289.02,2023-11-29,2024-11-28
COV002529,POL002629,MED,Medical Payments,active,111644.58,4758.46,2025-01-14,2026-01-14
COV002530,POL002630,PD,Property Damage,active,47416.92,1029.8,2024-04-04,2025-04-04
COV002531,POL002631,MED,Medical Payments,active,131355.82,1719.42,2023-09-17,2024-09-16
COV002532,POL002632,COLL,Collision,active,154120.44,1677.61,2023-09-19,2024-09-18
COV002533,POL002633,COLL,Collision,active,226704.34,360.93,2026-08-16,2027-08-16
COV002534,POL002634,BI,Bodily Injury,active,204960.29,2961.62,2025-06-21,2026-06-21
COV002535,POL002635,MED,Medical Payments,active,50209.03,3809.81,2026-08-01,2027-08-01
COV002536,POL002636,MED,Medical Payments,active,153609.05,4636.12,2024-01-17,2025-01-16
COV002537,POL002637,COLL,Collision,active,423199.75,1681.62,2024-12-28,2025-12-28
COV002538,POL002638,COLL,Collision,active,429055.94,566.4,2025-03-03,2026-03-03
COV002539,POL002639,COLL,Collision,active,69659.68,3399.62,2026-03-08,2027-03-08
COV002540,POL002640,PD,Property Damage,active,354851.96,4916.85,2024-08-23,2025-08-23
COV002541,POL002641,BI,Bodily Injury,active,492900.25,2747.27,2025-06-14,2026-06-14
COV002542,POL002642,PD,Property Damage,active,471483.21,1569.59,2024-03-16,2025-03-16
COV002543,POL002643,PD,Property Damage,active,458130.22,1517.44,2026-06-28,2027-06-28
COV002544,POL002644,COMP,Comprehensive,active,182550.21,3835.98,2025-02-03,2026-02-03
COV002545,POL002645,BI,Bodily Injury,active,250772.6,4245.89,2026-03-16,2027-03-16
COV002546,POL002646,PD,Property Damage,active,413448.36,3471.23,2023-09-10,2024-09-09
COV002547,POL002647,PD,Property Damage,active,439147.86,346.21,2023-08-30,2024-08-29
COV002548,POL002648,COLL,Collision,active,484803.66,3500.41,2024-08-15,2025-08-15
COV002549,POL002649,COMP,Comprehensive,active,39308.47,498.73,2025-03-22,2026-03-22
COV002550,POL002650,BI,Bodily Injury,active,26744.15,4962.47,2025-08-27,2026-08-27
COV002551,POL002651,COLL,Collision,active,276964.62,4540.54,2025-04-16,2026-04-16
COV002552,POL002652,COLL,Collision,active,250187.43,489.38,2024-07-04,2025-07-04
COV002553,POL002653,COLL,Collision,active,419729.89,4543.68,2025-04-09,2026-04-09
COV002554,POL002654,MED,Medical Payments,active,203897.18,1681.99,2024-02-28,2025-02-27
COV002555,POL002655,PD,Property Damage,active,421665.37,796.25,2023-06-10,2024-06-09
COV002556,POL002656,COLL,Collision,active,301616.89,4194.25,2024-02-24,2025-02-23
COV002557,POL002657,MED,Medical Payments,active,313284.55,1056.8,2026-02-15,2027-02-15
COV002558,POL002658,MED,Medical Payments,active,230418.08,2561.51,2026-06-02,2027-06-02
COV002559,POL002659,COLL,Collision,active,481044.96,3008.49,2024-06-07,2025-06-07
COV002560,POL002660,COMP,Comprehensive,active,262508.46,4700.69,2024-11-13,2025-11-13
COV002561,POL002661,MED,Medical Payments,active,230423.43,4465.06,2025-05-18,2026-05-18
COV002562,POL002662,COMP,Comprehensive,active,250007.43,860.68,2023-04-02,2024-04-01
COV002563,POL002663,PD,Property Damage,active,369261.17,1750.35,2023-09-12,2024-09-11
COV002564,POL002664,COLL,Collision,active,40832.83,3519.05,2023-05-03,2024-05-02
COV002565,POL002665,COLL,Collision,active,306953.5,2847.96,2025-09-08,2026-09-08
COV002566,POL002666,COMP,Comprehensive,active,242184.78,2767.82,2025-04-29,2026-04-29
COV002567,POL002667,BI,Bodily Injury,active,41931.49,3799.81,2023-10-05,2024-10-04
COV002568,POL002668,COMP,Comprehensive,active,171493.99,1958.93,2024-08-07,2025-08-07
COV002569,POL002669,PD,Property Damage,active,149031.72,2013.31,2023-02-23,2024-02-23
COV002570,POL002670,PD,Property Damage,active,251454.18,2957.87,2024-04-30,2025-04-30
COV002571,POL002671,MED,Medical Payments,active,152407.13,4142.08,2024-01-16,2025-01-15
COV002572,POL002672,BI,Bodily Injury,active,94674.21,269.58,2023-07-20,2024-07-19
COV002573,POL002673,PD,Property Damage,active,104838.52,4884.06,2025-02-25,2026-02-25
COV002574,POL002674,COLL,Collision,active,429533.89,3864.11,2025-09-26,2026-09-26
COV002575,POL002675,COLL,Collision,active,474953.94,3928.11,2023-02-01,2024-02-01
COV002576,POL002676,COLL,Collision,active,364367.8,2523.55,2024-10-13,2025-10-13
COV002577,POL002677,PD,Property Damage,active,403693.27,3399.23,2025-06-19,2026-06-19
COV002578,POL002678,PD,Property Damage,active,202208.83,525.64,2025-08-28,2026-08-28
COV002579,POL002679,BI,Bodily Injury,active,398724.79,3670.87,2025-09-07,2026-09-07
COV002580,POL002680,COMP,Comprehensive,active,239869.67,1004.17,2023-06-26,2024-06-25
COV002581,POL002681,PD,Property Damage,active,112516.97,3587.67,2024-04-10,2025-04-10
COV002582,POL002682,COLL,Collision,active,445026.59,677.98,2026-03-24,2027-03-24
COV002583,POL002683,COMP,Comprehensive,active,160921.69,2118.27,2024-01-26,2025-01-25
COV002584,POL002684,MED,Medical Payments,active,272289.61,4786.71,2026-05-03,2027-05-03
COV002585,POL002685,PD,Property Damage,active,53671.26,4545.43,2024-09-08,2025-09-08
COV002586,POL002686,MED,Medical Payments,active,417022.76,630.08,2024-09-11,2025-09-11
COV002587,POL002687,COMP,Comprehensive,active,95821.51,1726.64,2026-08-30,2027-08-30
COV002588,POL002688,PD,Property Damage,active,335694.11,3329.11,2026-08-04,2027-08-04
COV002589,POL002689,BI,Bodily Injury,active,366565.91,623.46,2024-09-18,2025-09-18
COV002590,POL002690,MED,Medical Payments,active,153581.24,1826.12,2024-01-12,2025-01-11
COV002591,POL002691,COLL,Collision,active,93243.55,2677.31,2024-09-24,2025-09-24
COV002592,POL002692,COLL,Collision,active,118524.21,885.55,2026-06-08,2027-06-08
COV002593,POL002693,PD,Property Damage,active,339057.72,3061.16,2025-07-23,2026-07-23
COV002594,POL002694,COMP,Comprehensive,active,289855.15,2530.33,2023-09-02,2024-09-01
COV002595,POL002695,COLL,Collision,active,62765.22,2121.33,2025-06-06,2026-06-06
COV002596,POL002696,PD,Property Damage,active,122804.87,3048.16,2023-03-25,2024-03-24
COV002597,POL002697,BI,Bodily Injury,active,320815.37,830.04,2025-07-15,2026-07-15
COV002598,POL002698,COLL,Collision,active,43850.85,2729.67,2026-07-23,2027-07-23
COV002599,POL002699,PD,Property Damage,active,255762.24,302.88,2023-07-29,2024-07-28
COV002600,POL002700,PD,Property Damage,active,488195.86,2325.67,2024-02-16,2025-02-15
COV002601,POL002701,COMP,Comprehensive,active,328374.31,3751.02,2023-06-01,2024-05-31
COV002602,POL002702,COMP,Comprehensive,active,139838.39,658.06,2024-08-06,2025-08-06
COV002603,POL002703,MED,Medical Payments,active,77416.38,3866.61,2025-09-07,2026-09-07
COV002604,POL002704,COMP,Comprehensive,active,437501.07,2371.99,2025-11-18,2026-11-18
COV002605,POL002705,COLL,Collision,active,420662.35,3875.4,2024-02-27,2025-02-26
COV002606,POL002706,COMP,Comprehensive,active,488140.26,2025.52,2026-01-31,2027-01-31
COV002607,POL002707,BI,Bodily Injury,active,92567.17,2680.21,2025-05-04,2026-05-04
COV002608,POL002708,COMP,Comprehensive,active,464020.58,3138.85,2024-08-30,2025-08-30
COV002609,POL002709,PD,Property Damage,active,65832.64,1688.51,2024-09-23,2025-09-23
COV002610,POL002710,COMP,Comprehensive,active,65110.66,2188.98,2023-03-27,2024-03-26
COV002611,POL002711,PD,Property Damage,active,268028.57,669.83,2023-11-04,2024-11-03
COV002612,POL002712,MED,Medical Payments,active,37875.42,1912.79,2025-10-24,2026-10-24
COV002613,POL002713,BI,Bodily Injury,active,324597.6,1309.26,2023-06-23,2024-06-22
COV002614,POL002714,BI,Bodily Injury,active,117491.21,4889.86,2026-06-25,2027-06-25
COV002615,POL002715,PD,Property Damage,active,200780.27,1817.54,2023-04-05,2024-04-04
COV002616,POL002716,MED,Medical Payments,active,368833.61,1180.63,2023-01-31,2024-01-31
COV002617,POL002717,COLL,Collision,active,110999.01,3904.19,2023-05-26,2024-05-25
COV002618,POL002718,COMP,Comprehensive,active,412663.6,325.21,2023-10-12,2024-10-11
COV002619,POL002719,COLL,Collision,active,361578.02,4813.04,2024-11-07,2025-11-07
COV002620,POL002720,PD,Property Damage,active,26062.48,1073.97,2023-11-12,2024-11-11
COV002621,POL002721,PD,Property Damage,active,427744.78,2947.31,2024-02-24,2025-02-23
COV002622,POL002722,PD,Property Damage,active,318616.76,2219.26,2026-06-18,2027-06-18
COV002623,POL002723,BI,Bodily Injury,active,236728.57,4497.08,2026-07-07,2027-07-07
COV002624,POL002724,BI,Bodily Injury,active,45281.14,3604.25,2026-01-13,2027-01-13
COV002625,POL002725,BI,Bodily Injury,active,469961.87,3780.13,2025-03-09,2026-03-09
COV002626,POL002726,BI,Bodily Injury,active,359037.6,3247.79,2026-07-24,2027-07-24
COV002627,POL002727,BI,Bodily Injury,active,131379.48,1020.52,2025-04-15,2026-04-15
COV002628,POL002728,PD,Property Damage,active,143635.21,3620.92,2025-02-10,2026-02-10
COV002629,POL002729,PD,Property Damage,active,119438.28,2596.39,2025-02-21,2026-02-21
COV002630,POL002730,COMP,Comprehensive,active,176349.57,4137.24,2026-03-05,2027-03-05
COV002631,POL002731,COMP,Comprehensive,active,214577.9,4005.95,2023-12-21,2024-12-20
COV002632,POL002732,COLL,Collision,active,250896.85,1731.28,2023-01-10,2024-01-10
COV002633,POL002733,BI,Bodily Injury,active,430639.02,633.76,2024-08-16,2025-08-16
COV002634,POL002734,COLL,Collision,active,129732.47,2664.33,2025-06-16,2026-06-16
COV002635,POL002735,COMP,Comprehensive,active,174271.48,4563.11,2023-01-03,2024-01-03
COV002636,POL002736,PD,Property Damage,active,104650.94,4809.19,2024-08-02,2025-08-02
COV002637,POL002737,MED,Medical Payments,active,327230.64,929.77,2026-02-17,2027-02-17
COV002638,POL002738,MED,Medical Payments,active,412943.05,1284.45,2024-06-24,2025-06-24
COV002639,POL002739,COLL,Collision,active,368655.58,3577.31,2025-02-12,2026-02-12
COV002640,POL002740,BI,Bodily Injury,active,308710.25,3045.47,2025-11-30,2026-11-30
COV002641,POL002741,BI,Bodily Injury,active,402838.15,3016.3,2026-08-27,2027-08-27
COV002642,POL002742,MED,Medical Payments,active,436451.38,269.35,2023-01-29,2024-01-29
COV002643,POL002743,BI,Bodily Injury,active,192768.83,396.53,2024-05-12,2025-05-12
COV002644,POL002744,COLL,Collision,active,58123.7,4350.27,2023-09-08,2024-09-07
COV002645,POL002745,MED,Medical Payments,active,418201.59,2208.14,2024-12-17,2025-12-17
COV002646,POL002746,COMP,Comprehensive,active,120030.96,4332.81,2023-08-31,2024-08-30
COV002647,POL002747,MED,Medical Payments,active,360192.78,2780.53,2024-07-16,2025-07-16
COV002648,POL002748,BI,Bodily Injury,active,392516.35,3306.02,2023-05-01,2024-04-30
COV002649,POL002749,PD,Property Damage,active,322051.07,985.71,2026-08-21,2027-08-21
COV002650,POL002750,MED,Medical Payments,active,106058.05,1335.02,2023-07-21,2024-07-20
COV002651,POL002751,COMP,Comprehensive,active,137857.88,966.38,2023-07-12,2024-07-11
COV002652,POL002752,COMP,Comprehensive,active,328743.21,1824.68,2026-07-22,2027-07-22
COV002653,POL002753,BI,Bodily Injury,active,176639.21,4838.07,2023-07-19,2024-07-18
COV002654,POL002754,MED,Medical Payments,active,481688.43,500.92,2024-11-20,2025-11-20
COV002655,POL002755,COLL,Collision,active,149939.33,2754.29,2023-10-20,2024-10-19
COV002656,POL002756,COLL,Collision,active,83026.4,3222.61,2026-07-20,2027-07-20
COV002657,POL002757,COLL,Collision,active,337563.31,4021.91,2025-07-30,2026-07-30
COV002658,POL002758,MED,Medical Payments,active,125547.05,4308.12,2024-04-15,2025-04-15
COV002659,POL002759,PD,Property Damage,active,152333.27,3616.63,2023-01-26,2024-01-26
COV002660,POL002760,COLL,Collision,active,351828.71,3124.18,2023-03-04,2024-03-03
COV002661,POL002761,PD,Property Damage,active,475915.46,4618.53,2023-06-11,2024-06-10
COV002662,POL002762,COLL,Collision,active,120546.86,2758.68,2024-09-08,2025-09-08
COV002663,POL002763,MED,Medical Payments,active,299264.7,2667.51,2026-03-07,2027-03-07
COV002664,POL002764,BI,Bodily Injury,active,112758.0,2251.31,2024-03-28,2025-03-28
COV002665,POL002765,MED,Medical Payments,active,367902.75,1165.11,2025-05-09,2026-05-09
COV002666,POL002766,BI,Bodily Injury,active,41119.27,1728.72,2024-06-13,2025-06-13
COV002667,POL002767,COLL,Collision,active,157830.56,4543.72,2023-03-31,2024-03-30
COV002668,POL002768,PD,Property Damage,active,376227.76,3186.0,2023-01-09,2024-01-09
COV002669,POL002769,COMP,Comprehensive,active,92418.83,2921.28,2024-07-02,2025-07-02
COV002670,POL002770,MED,Medical Payments,active,67926.51,2693.87,2026-08-05,2027-08-05
COV002671,POL002771,PD,Property Damage,active,98425.36,1976.67,2025-12-07,2026-12-07
COV002672,POL002772,PD,Property Damage,active,203351.48,4007.09,2025-03-16,2026-03-16
COV002673,POL002773,MED,Medical Payments,active,56157.41,3329.38,2023-04-25,2024-04-24
COV002674,POL002774,PD,Property Damage,active,424898.31,996.8,2025-08-02,2026-08-02
COV002675,POL002775,COLL,Collision,active,434691.07,784.13,2026-08-24,2027-08-24
COV002676,POL002776,COLL,Collision,active,317467.14,355.47,2023-01-16,2024-01-16
COV002677,POL002777,COLL,Collision,active,228326.19,1049.82,2025-09-04,2026-09-04
COV002678,POL002778,PD,Property Damage,active,303411.33,1337.05,2023-02-28,2024-02-28
COV002679,POL002779,COLL,Collision,active,193931.16,477.97,2025-02-08,2026-02-08
COV002680,POL002780,PD,Property Damage,active,155651.4,533.12,2026-02-10,2027-02-10
COV002681,POL002781,BI,Bodily Injury,active,381037.12,1242.14,2026-09-03,2027-09-03
COV002682,POL002782,BI,Bodily Injury,active,446602.18,2234.18,2023-06-30,2024-06-29
COV002683,POL002783,MED,Medical Payments,active,256865.04,1202.29,2025-02-25,2026-02-25
COV002684,POL002784,COLL,Collision,active,251740.32,4253.34,2025-03-09,2026-03-09
COV002685,POL002785,PD,Property Damage,active,271886.76,1663.9,2023-09-01,2024-08-31
COV002686,POL002786,COMP,Comprehensive,active,246205.38,395.5,2023-02-06,2024-02-06
COV002687,POL002787,PD,Property Damage,active,45576.63,2832.23,2026-03-12,2027-03-12
COV002688,POL002788,COLL,Collision,active,405612.47,3674.84,2024-11-25,2025-11-25
COV002689,POL002789,COLL,Collision,active,377961.79,2238.27,2024-05-01,2025-05-01
COV002690,POL002790,COMP,Comprehensive,active,356919.32,3509.09,2025-05-05,2026-05-05
COV002691,POL002791,PD,Property Damage,active,31508.95,3558.1,2023-01-21,2024-01-21
COV002692,POL002792,PD,Property Damage,active,86489.08,3120.9,2026-05-19,2027-05-19
COV002693,POL002793,BI,Bodily Injury,active,179087.99,3375.64,2023-01-07,2024-01-07
COV002694,POL002794,COMP,Comprehensive,active,410981.67,828.16,2024-03-20,2025-03-20
COV002695,POL002795,COLL,Collision,active,409955.12,310.8,2025-05-10,2026-05-10
COV002696,POL002796,COMP,Comprehensive,active,382440.05,3199.3,2023-08-06,2024-08-05
COV002697,POL002797,PD,Property Damage,active,455005.67,560.07,2023-01-01,2024-01-01
COV002698,POL002798,COLL,Collision,active,435777.12,3685.94,2026-05-09,2027-05-09
COV002699,POL002799,MED,Medical Payments,active,436368.41,1074.27,2026-05-17,2027-05-17
COV002700,POL002800,PD,Property Damage,active,155504.96,3605.52,2026-05-03,2027-05-03
COV002701,POL002801,MED,Medical Payments,active,423696.13,1649.74,2025-05-10,2026-05-10
COV002702,POL002802,BI,Bodily Injury,active,447501.46,2615.41,2025-04-16,2026-04-16
COV002703,POL002803,MED,Medical Payments,active,119533.76,1404.13,2025-08-30,2026-08-30
COV002704,POL002804,BI,Bodily Injury,active,218364.14,4431.21,2026-05-09,2027-05-09
COV002705,POL002805,PD,Property Damage,active,177171.14,3832.22,2026-06-29,2027-06-29
COV002706,POL002806,MED,Medical Payments,active,262351.26,1714.11,2026-01-19,2027-01-19
COV002707,POL002807,BI,Bodily Injury,active,91601.72,783.54,2023-12-02,2024-12-01
COV002708,POL002808,PD,Property Damage,active,125100.4,971.28,2025-08-25,2026-08-25
COV002709,POL002809,COLL,Collision,active,432055.79,4341.84,2024-08-27,2025-08-27
COV002710,POL002810,MED,Medical Payments,active,479644.88,4029.59,2025-02-28,2026-02-28
COV002711,POL002811,MED,Medical Payments,active,74137.59,4968.73,2023-08-20,2024-08-19
COV002712,POL002812,COLL,Collision,active,404931.31,2627.42,2023-06-15,2024-06-14
COV002713,POL002813,BI,Bodily Injury,active,209527.78,4710.38,2026-09-06,2027-09-06
COV002714,POL002814,MED,Medical Payments,active,201377.49,1825.41,2023-06-03,2024-06-02
COV002715,POL002815,BI,Bodily Injury,active,90942.91,3013.89,2025-08-30,2026-08-30
COV002716,POL002816,COLL,Collision,active,216675.02,1371.15,2024-01-14,2025-01-13
COV002717,POL002817,BI,Bodily Injury,active,270496.37,393.43,2025-10-24,2026-10-24
COV002718,POL002818,MED,Medical Payments,active,488946.94,4056.77,2024-09-26,2025-09-26
COV002719,POL002819,BI,Bodily Injury,active,316588.04,2105.66,2024-01-01,2024-12-31
COV002720,POL002820,BI,Bodily Injury,active,398145.1,1656.92,2026-05-16,2027-05-16
COV002721,POL002821,COLL,Collision,active,120057.18,1751.06,2024-01-21,2025-01-20
COV002722,POL002822,COLL,Collision,active,250047.32,4801.5,2023-06-05,2024-06-04
COV002723,POL002823,BI,Bodily Injury,active,285083.53,2797.73,2025-05-08,2026-05-08
COV002724,POL002824,MED,Medical Payments,active,137064.4,2472.47,2023-03-23,2024-03-22
COV002725,POL002825,COMP,Comprehensive,active,138976.06,1918.9,2025-03-25,2026-03-25
COV002726,POL002826,COMP,Comprehensive,active,327649.82,2957.73,2025-12-14,2026-12-14
COV002727,POL002827,COMP,Comprehensive,active,498032.96,3358.18,2024-12-04,2025-12-04
COV002728,POL002828,PD,Property Damage,active,498735.39,4136.25,2023-05-31,2024-05-30
COV002729,POL002829,PD,Property Damage,active,331359.2,3477.01,2025-07-08,2026-07-08
COV002730,POL002830,PD,Property Damage,active,492990.77,1186.29,2023-02-14,2024-02-14
COV002731,POL002831,COMP,Comprehensive,active,439592.15,2117.84,2024-03-10,2025-03-10
COV002732,POL002832,MED,Medical Payments,active,392248.44,4353.62,2024-04-09,2025-04-09
COV002733,POL002833,PD,Property Damage,active,128589.9,2708.29,2025-07-23,2026-07-23
COV002734,POL002834,BI,Bodily Injury,active,101302.87,4534.04,2024-01-31,2025-01-30
COV002735,POL002835,COLL,Collision,active,380208.07,3403.66,2025-01-18,2026-01-18
COV002736,POL002836,PD,Property Damage,active,249835.54,2832.51,2025-03-05,2026-03-05
COV002737,POL002837,COLL,Collision,active,204391.14,3830.82,2024-08-24,2025-08-24
COV002738,POL002838,MED,Medical Payments,active,198349.57,3300.31,2026-02-01,2027-02-01
COV002739,POL002839,COLL,Collision,active,410022.78,4011.64,2024-08-08,2025-08-08
COV002740,POL002840,COLL,Collision,active,269706.75,1060.61,2025-03-18,2026-03-18
COV002741,POL002841,MED,Medical Payments,active,194434.39,1751.05,2023-10-09,2024-10-08
COV002742,POL002842,PD,Property Damage,active,253112.23,4437.1,2026-08-29,2027-08-29
COV002743,POL002843,BI,Bodily Injury,active,73998.42,3649.54,2023-10-23,2024-10-22
COV002744,POL002844,COLL,Collision,active,51593.35,4941.98,2023-06-27,2024-06-26
COV002745,POL002845,PD,Property Damage,active,404618.76,4383.57,2023-05-20,2024-05-19
COV002746,POL002846,COLL,Collision,active,30701.17,3569.25,2025-06-30,2026-06-30
COV002747,POL002847,COMP,Comprehensive,active,184985.39,1946.88,2024-01-31,2025-01-30
COV002748,POL002848,COMP,Comprehensive,active,74364.26,1546.32,2026-03-10,2027-03-10
COV002749,POL002849,BI,Bodily Injury,active,422544.17,1085.6,2025-02-21,2026-02-21
COV002750,POL002850,PD,Property Damage,active,356716.83,2805.98,2024-11-07,2025-11-07
COV002751,POL002851,BI,Bodily Injury,active,486994.85,1746.48,2024-08-29,2025-08-29
COV002752,POL002852,MED,Medical Payments,active,169825.81,1317.59,2025-04-13,2026-04-13
COV002753,POL002853,MED,Medical Payments,active,105811.53,4053.22,2024-12-09,2025-12-09
COV002754,POL002854,MED,Medical Payments,active,55537.98,3627.65,2025-12-03,2026-12-03
COV002755,POL002855,BI,Bodily Injury,active,327060.04,4880.27,2025-12-24,2026-12-24
COV002756,POL002856,BI,Bodily Injury,active,299130.26,1885.46,2026-08-01,2027-08-01
COV002757,POL002857,COMP,Comprehensive,active,370434.29,3732.78,2024-12-17,2025-12-17
COV002758,POL002858,MED,Medical Payments,active,73334.87,1698.98,2024-11-16,2025-11-16
COV002759,POL002859,COMP,Comprehensive,active,264416.65,3665.98,2023-10-01,2024-09-30
COV002760,POL002860,BI,Bodily Injury,active,333179.23,2756.98,2026-09-09,2027-09-09
COV002761,POL002861,BI,Bodily Injury,active,325630.18,2135.42,2024-10-11,2025-10-11
COV002762,POL002862,PD,Property Damage,active,456847.25,1943.5,2023-11-22,2024-11-21
COV002763,POL002863,MED,Medical Payments,active,258122.05,930.2,2023-06-15,2024-06-14
COV002764,POL002864,PD,Property Damage,active,163554.05,1545.54,2023-04-16,2024-04-15
COV002765,POL002865,COMP,Comprehensive,active,222727.49,4236.62,2025-01-07,2026-01-07
COV002766,POL002866,PD,Property Damage,active,162919.54,2233.96,2024-01-05,2025-01-04
COV002767,POL002867,PD,Property Damage,active,352885.04,4256.05,2024-05-08,2025-05-08
COV002768,POL002868,MED,Medical Payments,active,431933.07,1945.98,2025-11-16,2026-11-16
COV002769,POL002869,COLL,Collision,active,88172.86,477.77,2025-10-15,2026-10-15
COV002770,POL002870,BI,Bodily Injury,active,82508.35,657.65,2024-11-16,2025-11-16
COV002771,POL002871,BI,Bodily Injury,active,35649.93,914.83,2026-07-04,2027-07-04
COV002772,POL002872,MED,Medical Payments,active,168333.09,3028.25,2024-12-13,2025-12-13
COV002773,POL002873,COLL,Collision,active,242689.91,2597.27,2026-03-20,2027-03-20
COV002774,POL002874,BI,Bodily Injury,active,302443.37,476.28,2023-10-29,2024-10-28
COV002775,POL002875,MED,Medical Payments,active,412853.66,2158.41,2026-03-05,2027-03-05
COV002776,POL002876,COLL,Collision,active,237042.93,1899.07,2024-09-07,2025-09-07
COV002777,POL002877,COMP,Comprehensive,active,340148.11,2353.41,2023-10-14,2024-10-13
COV002778,POL002878,COMP,Comprehensive,active,368707.91,742.54,2026-04-14,2027-04-14
COV002779,POL002879,MED,Medical Payments,active,114983.46,2068.98,2023-10-21,2024-10-20
COV002780,POL002880,COLL,Collision,active,236179.0,687.76,2023-07-17,2024-07-16
COV002781,POL002881,COLL,Collision,active,103021.92,1951.68,2024-07-25,2025-07-25
COV002782,POL002882,COMP,Comprehensive,active,109997.88,4916.81,2023-12-05,2024-12-04
COV002783,POL002883,PD,Property Damage,active,486817.23,2904.28,2025-10-17,2026-10-17
COV002784,POL002884,PD,Property Damage,active,434610.92,2978.46,2023-11-21,2024-11-20
COV002785,POL002885,BI,Bodily Injury,active,279777.01,3278.48,2025-08-08,2026-08-08
COV002786,POL002886,PD,Property Damage,active,444580.48,3774.09,2025-12-25,2026-12-25
COV002787,POL002887,COLL,Collision,active,186486.94,3915.21,2023-05-07,2024-05-06
COV002788,POL002888,COLL,Collision,active,326502.27,2521.51,2024-12-25,2025-12-25
COV002789,POL002889,BI,Bodily Injury,active,127913.06,3953.3,2024-04-28,2025-04-28
COV002790,POL002890,COMP,Comprehensive,active,272066.14,2051.69,2026-06-25,2027-06-25
COV002791,POL002891,BI,Bodily Injury,active,249099.78,4882.21,2025-05-09,2026-05-09
COV002792,POL002892,MED,Medical Payments,active,296601.04,1446.59,2023-06-13,2024-06-12
COV002793,POL002893,COLL,Collision,active,487834.58,2880.98,2024-02-05,2025-02-04
COV002794,POL002894,COMP,Comprehensive,active,327347.8,496.06,2023-09-02,2024-09-01
COV002795,POL002895,MED,Medical Payments,active,148568.02,1891.75,2025-04-24,2026-04-24
COV002796,POL002896,MED,Medical Payments,active,125778.79,652.56,2024-06-03,2025-06-03
COV002797,POL002897,PD,Property Damage,active,476136.36,4428.27,2026-05-18,2027-05-18
COV002798,POL002898,COMP,Comprehensive,active,415876.45,3542.26,2025-04-30,2026-04-30
COV002799,POL002899,MED,Medical Payments,active,179003.41,2032.54,2023-11-19,2024-11-18
COV002800,POL002900,COLL,Collision,active,241727.06,989.64,2026-03-17,2027-03-17
COV002801,POL002901,BI,Bodily Injury,active,213698.12,3857.06,2023-07-23,2024-07-22
COV002802,POL002902,COMP,Comprehensive,active,243775.34,275.6,2024-12-07,2025-12-07
COV002803,POL002903,COMP,Comprehensive,active,201014.95,326.66,2025-08-27,2026-08-27
COV002804,POL002904,COLL,Collision,active,174919.12,839.27,2025-03-07,2026-03-07
COV002805,POL002905,COLL,Collision,active,25033.23,1980.94,2025-06-17,2026-06-17
COV002806,POL002906,BI,Bodily Injury,active,156870.63,2532.0,2024-05-25,2025-05-25
COV002807,POL002907,COLL,Collision,active,342355.97,4596.96,2023-03-27,2024-03-26
COV002808,POL002908,PD,Property Damage,active,135279.27,3716.26,2026-07-15,2027-07-15
COV002809,POL002909,PD,Property Damage,active,289048.82,3611.15,2024-05-05,2025-05-05
COV002810,POL002910,COMP,Comprehensive,active,257268.48,4204.41,2023-12-19,2024-12-18
COV002811,POL002911,MED,Medical Payments,active,194940.34,1452.8,2023-04-01,2024-03-31
COV002812,POL002912,MED,Medical Payments,active,221304.21,1257.1,2023-04-23,2024-04-22
COV002813,POL002913,MED,Medical Payments,active,431086.61,3360.15,2024-04-26,2025-04-26
COV002814,POL002914,BI,Bodily Injury,active,319446.87,1598.55,2025-12-18,2026-12-18
COV002815,POL002915,BI,Bodily Injury,active,260918.89,2332.89,2023-07-08,2024-07-07
COV002816,POL002916,COMP,Comprehensive,active,442521.44,707.06,2026-03-03,2027-03-03
COV002817,POL002917,MED,Medical Payments,active,225672.24,1592.97,2023-04-01,2024-03-31
COV002818,POL002918,COMP,Comprehensive,active,274604.28,3192.69,2026-07-13,2027-07-13
COV002819,POL002919,BI,Bodily Injury,active,352529.24,4679.31,2024-01-10,2025-01-09
COV002820,POL002920,BI,Bodily Injury,active,337198.97,2303.23,2023-04-19,2024-04-18
COV002821,POL002921,BI,Bodily Injury,active,289357.93,1459.85,2024-02-13,2025-02-12
COV002822,POL002922,PD,Property Damage,active,197767.57,2794.51,2024-12-16,2025-12-16
COV002823,POL002923,COMP,Comprehensive,active,367077.51,3864.84,2026-07-25,2027-07-25
COV002824,POL002924,BI,Bodily Injury,active,47438.83,3428.93,2025-02-14,2026-02-14
COV002825,POL002925,COLL,Collision,active,40871.67,4640.4,2025-10-31,2026-10-31
COV002826,POL002926,COLL,Collision,active,322985.19,366.3,2023-08-13,2024-08-12
COV002827,POL002927,COMP,Comprehensive,active,385375.91,1990.06,2025-09-28,2026-09-28
COV002828,POL002928,BI,Bodily Injury,active,39969.37,4092.73,2024-01-26,2025-01-25
COV002829,POL002929,COLL,Collision,active,327416.99,1583.73,2024-04-02,2025-04-02
COV002830,POL002930,COMP,Comprehensive,active,98624.12,1562.19,2024-04-26,2025-04-26
COV002831,POL002931,PD,Property Damage,active,376692.53,4947.37,2025-10-08,2026-10-08
COV002832,POL002932,MED,Medical Payments,active,82681.31,1203.86,2023-06-10,2024-06-09
COV002833,POL002933,BI,Bodily Injury,active,314317.34,1655.7,2023-09-09,2024-09-08
COV002834,POL002934,MED,Medical Payments,active,51018.9,3834.81,2024-05-03,2025-05-03
COV002835,POL002935,BI,Bodily Injury,active,281580.48,2584.67,2023-06-24,2024-06-23
COV002836,POL002936,COMP,Comprehensive,active,391072.99,2406.2,2025-03-07,2026-03-07
COV002837,POL002937,COMP,Comprehensive,active,75741.31,4861.72,2024-12-12,2025-12-12
COV002838,POL002938,COLL,Collision,active,33461.79,4660.25,2025-01-28,2026-01-28
COV002839,POL002939,COLL,Collision,active,325472.99,3733.83,2024-03-10,2025-03-10
COV002840,POL002940,COMP,Comprehensive,active,187690.53,3823.74,2025-10-02,2026-10-02
COV002841,POL002941,COLL,Collision,active,59967.93,2730.04,2026-07-31,2027-07-31
COV002842,POL002942,COMP,Comprehensive,active,87089.09,389.75,2025-11-03,2026-11-03
COV002843,POL002943,PD,Property Damage,active,435315.32,1648.49,2023-12-29,2024-12-28
COV002844,POL002944,MED,Medical Payments,active,242057.65,866.84,2023-04-05,2024-04-04
COV002845,POL002945,BI,Bodily Injury,active,423682.91,3814.76,2023-05-17,2024-05-16
COV002846,POL002946,PD,Property Damage,active,190630.72,1176.04,2026-03-03,2027-03-03
COV002847,POL002947,COLL,Collision,active,190169.52,1760.29,2023-03-19,2024-03-18
COV002848,POL002948,PD,Property Damage,active,35337.86,1149.76,2025-05-06,2026-05-06
COV002849,POL002949,MED,Medical Payments,active,161372.39,2738.06,2025-11-01,2026-11-01
COV002850,POL002950,PD,Property Damage,active,28929.08,4780.59,2023-07-25,2024-07-24
COV002851,POL002951,BI,Bodily Injury,active,188452.89,3938.7,2023-02-05,2024-02-05
COV002852,POL002952,COLL,Collision,active,418414.45,3998.13,2026-02-25,2027-02-25
COV002853,POL002953,MED,Medical Payments,active,186070.61,1664.01,2025-02-11,2026-02-11
COV002854,POL002954,COLL,Collision,active,96912.48,3088.11,2026-04-26,2027-04-26
COV002855,POL002955,COMP,Comprehensive,active,479668.41,754.87,2025-08-30,2026-08-30
COV002856,POL002956,COMP,Comprehensive,active,351458.85,2360.02,2026-09-12,2027-09-12
COV002857,POL002957,BI,Bodily Injury,active,123524.64,4867.01,2025-05-02,2026-05-02
COV002858,POL002958,COMP,Comprehensive,active,56711.32,2321.63,2024-05-07,2025-05-07
COV002859,POL002959,COMP,Comprehensive,active,163038.49,2439.83,2026-02-04,2027-02-04
COV002860,POL002960,COMP,Comprehensive,active,279530.38,2799.72,2024-08-16,2025-08-16
COV002861,POL002961,MED,Medical Payments,active,396314.08,1783.25,2024-08-17,2025-08-17
COV002862,POL002962,COMP,Comprehensive,active,391069.16,3704.31,2024-01-17,2025-01-16
COV002863,POL002963,COLL,Collision,active,109643.38,2271.75,2024-08-13,2025-08-13
COV002864,POL002964,MED,Medical Payments,active,417272.77,3608.23,2023-07-02,2024-07-01
COV002865,POL002965,COMP,Comprehensive,active,395346.09,4416.77,2023-07-12,2024-07-11
COV002866,POL002966,COLL,Collision,active,125664.14,330.69,2024-03-24,2025-03-24
COV002867,POL002967,PD,Property Damage,active,76578.81,3084.69,2023-08-05,2024-08-04
COV002868,POL002968,COLL,Collision,active,402673.41,2522.94,2023-05-08,2024-05-07
COV002869,POL002969,COMP,Comprehensive,active,120195.05,4016.17,2023-05-01,2024-04-30
COV002870,POL002970,COMP,Comprehensive,active,367200.26,647.66,2026-04-20,2027-04-20
COV002871,POL002971,PD,Property Damage,active,405117.92,1130.09,2026-08-08,2027-08-08
COV002872,POL002972,COMP,Comprehensive,active,81969.61,1910.62,2023-06-09,2024-06-08
COV002873,POL002973,MED,Medical Payments,active,180891.94,840.15,2024-05-26,2025-05-26
COV002874,POL002974,PD,Property Damage,active,303004.7,2958.6,2025-11-26,2026-11-26
COV002875,POL002975,BI,Bodily Injury,active,315485.55,297.03,2025-02-03,2026-02-03
COV002876,POL002976,BI,Bodily Injury,active,51628.26,2047.67,2024-11-03,2025-11-03
COV002877,POL002977,MED,Medical Payments,active,348237.07,311.83,2026-04-24,2027-04-24
COV002878,POL002978,BI,Bodily Injury,active,310903.85,393.15,2026-06-01,2027-06-01
COV002879,POL002979,PD,Property Damage,active,294535.22,1542.74,2023-09-26,2024-09-25
COV002880,POL002980,MED,Medical Payments,active,142390.61,251.8,2025-12-31,2026-12-31
COV002881,POL002981,PD,Property Damage,active,310361.18,2261.37,2025-04-05,2026-04-05
COV002882,POL002982,BI,Bodily Injury,active,239996.52,2506.08,2023-11-20,2024-11-19
COV002883,POL002983,BI,Bodily Injury,active,454667.0,4699.11,2026-07-22,2027-07-22
COV002884,POL002984,COLL,Collision,active,108601.21,4427.41,2025-05-18,2026-05-18
COV002885,POL002985,COLL,Collision,active,47650.43,1484.14,2025-10-01,2026-10-01
COV002886,POL002986,BI,Bodily Injury,active,346176.85,2840.1,2025-08-04,2026-08-04
COV002887,POL002987,MED,Medical Payments,active,375375.05,3409.9,2024-05-23,2025-05-23
COV002888,POL002988,PD,Property Damage,active,143846.21,4557.18,2024-07-25,2025-07-25
COV002889,POL002989,MED,Medical Payments,active,160026.6,4188.39,2026-02-25,2027-02-25
COV002890,POL002990,PD,Property Damage,active,316339.96,3859.77,2026-01-20,2027-01-20
COV002891,POL002991,COLL,Collision,active,162993.39,956.97,2025-01-06,2026-01-06
COV002892,POL002992,COLL,Collision,active,258575.54,4959.75,2024-05-24,2025-05-24
COV002893,POL002993,MED,Medical Payments,active,130077.46,1719.27,2026-04-10,2027-04-10
COV002894,POL002994,PD,Property Damage,active,74537.09,1775.96,2023-11-17,2024-11-16
COV002895,POL002995,MED,Medical Payments,active,101105.84,4064.23,2024-03-22,2025-03-22
COV002896,POL002996,PD,Property Damage,active,105056.05,1276.47,2023-03-07,2024-03-06
COV002897,POL002997,BI,Bodily Injury,active,57560.64,3069.87,2023-01-21,2024-01-21
COV002898,POL002998,MED,Medical Payments,active,393229.09,4484.83,2024-07-31,2025-07-31
COV002899,POL002999,MED,Medical Payments,active,393093.52,898.92,2024-09-27,2025-09-27
COV002900,POL003000,COLL,Collision,active,483557.57,1422.83,2026-01-13,2027-01-13
COV002901,POL003001,COLL,Collision,active,72701.19,3086.88,2023-11-21,2024-11-20
COV002902,POL003002,COMP,Comprehensive,active,116206.2,716.31,2024-06-08,2025-06-08
COV002903,POL003003,COLL,Collision,active,411486.05,2093.45,2024-05-28,2025-05-28
COV002904,POL003004,MED,Medical Payments,active,237603.96,2829.8,2024-01-01,2024-12-31
COV002905,POL003005,PD,Property Damage,active,194740.68,4737.03,2025-10-05,2026-10-05
COV002906,POL003006,PD,Property Damage,active,482243.0,4646.91,2025-05-18,2026-05-18
COV002907,POL003007,COMP,Comprehensive,active,163948.01,1712.52,2023-09-01,2024-08-31
COV002908,POL003008,COLL,Collision,active,309846.15,1669.82,2026-03-18,2027-03-18
COV002909,POL003009,MED,Medical Payments,active,120395.42,2111.69,2025-11-22,2026-11-22
COV002910,POL003010,COMP,Comprehensive,active,257118.05,4114.45,2023-06-11,2024-06-10
COV002911,POL003011,COLL,Collision,active,287755.89,2753.58,2023-03-13,2024-03-12
COV002912,POL003012,BI,Bodily Injury,active,432748.23,2492.38,2024-08-27,2025-08-27
COV002913,POL003013,BI,Bodily Injury,active,52524.8,2839.04,2024-07-25,2025-07-25
COV002914,POL003014,COLL,Collision,active,495119.98,2113.99,2024-05-21,2025-05-21
COV002915,POL003015,COMP,Comprehensive,active,43844.46,1970.59,2024-09-09,2025-09-09
COV002916,POL003016,BI,Bodily Injury,active,49582.73,1187.29,2023-02-18,2024-02-18
COV002917,POL003017,COLL,Collision,active,368854.69,3957.88,2024-09-22,2025-09-22
COV002918,POL003018,COMP,Comprehensive,active,387323.82,2489.22,2024-06-20,2025-06-20
COV002919,POL003019,BI,Bodily Injury,active,424069.73,4317.16,2023-01-03,2024-01-03
COV002920,POL003020,BI,Bodily Injury,active,362476.61,357.37,2025-08-02,2026-08-02
COV002921,POL003021,COMP,Comprehensive,active,141369.31,3780.38,2025-09-09,2026-09-09
COV002922,POL003022,BI,Bodily Injury,active,115853.0,726.48,2024-09-24,2025-09-24
COV002923,POL003023,PD,Property Damage,active,362041.79,4483.64,2024-07-16,2025-07-16
COV002924,POL003024,MED,Medical Payments,active,323969.6,3576.11,2023-02-20,2024-02-20
COV002925,POL003025,MED,Medical Payments,active,95930.34,978.85,2023-06-05,2024-06-04
COV002926,POL003026,BI,Bodily Injury,active,52840.5,4472.44,2026-05-10,2027-05-10
COV002927,POL003027,BI,Bodily Injury,active,234600.32,2823.75,2024-02-23,2025-02-22
COV002928,POL003028,COMP,Comprehensive,active,447709.37,2659.19,2026-09-04,2027-09-04
COV002929,POL003029,COMP,Comprehensive,active,314559.93,4814.46,2025-11-23,2026-11-23
COV002930,POL003030,MED,Medical Payments,active,65686.87,3179.7,2026-03-25,2027-03-25
COV002931,POL003031,MED,Medical Payments,active,304812.81,3460.92,2024-03-08,2025-03-08
COV002932,POL003032,BI,Bodily Injury,active,395897.28,2444.76,2026-04-08,2027-04-08
COV002933,POL003033,MED,Medical Payments,active,425591.92,4040.05,2023-09-03,2024-09-02
COV002934,POL003034,PD,Property Damage,active,485935.69,4382.08,2023-10-14,2024-10-13
COV002935,POL003035,COMP,Comprehensive,active,258223.89,4199.71,2024-05-04,2025-05-04
COV002936,POL003036,COLL,Collision,active,95785.78,1553.5,2023-08-26,2024-08-25
COV002937,POL003037,BI,Bodily Injury,active,367624.55,815.61,2026-03-19,2027-03-19
COV002938,POL003038,BI,Bodily Injury,active,56682.44,2204.65,2023-10-16,2024-10-15
COV002939,POL003039,COMP,Comprehensive,active,31129.29,1803.28,2024-05-24,2025-05-24
COV002940,POL003040,BI,Bodily Injury,active,444818.62,4410.53,2025-06-03,2026-06-03
COV002941,POL003041,MED,Medical Payments,active,31216.96,3364.83,2024-12-26,2025-12-26
COV002942,POL003042,MED,Medical Payments,active,393317.47,575.22,2023-08-01,2024-07-31
COV002943,POL003043,BI,Bodily Injury,active,356446.81,4310.07,2026-02-01,2027-02-01
COV002944,POL003044,BI,Bodily Injury,active,350469.18,2296.4,2024-08-17,2025-08-17
COV002945,POL003045,BI,Bodily Injury,active,134917.17,4806.82,2025-02-07,2026-02-07
COV002946,POL003046,COLL,Collision,active,34753.79,2653.17,2024-08-06,2025-08-06
COV002947,POL003047,COLL,Collision,active,494650.29,2545.61,2023-11-29,2024-11-28
COV002948,POL003048,COMP,Comprehensive,active,344349.0,4005.67,2024-02-14,2025-02-13
COV002949,POL003049,COLL,Collision,active,97038.05,3398.39,2023-06-10,2024-06-09
COV002950,POL003050,COMP,Comprehensive,active,45540.87,2376.61,2025-09-20,2026-09-20
COV002951,POL003051,COLL,Collision,active,231812.12,694.8,2024-07-22,2025-07-22
COV002952,POL003052,MED,Medical Payments,active,422935.41,3752.77,2024-03-15,2025-03-15
COV002953,POL003053,MED,Medical Payments,active,377019.56,3782.91,2023-03-10,2024-03-09
COV002954,POL003054,COMP,Comprehensive,active,295961.7,314.29,2026-03-31,2027-03-31
COV002955,POL003055,COLL,Collision,active,265839.7,1460.02,2024-04-20,2025-04-20
COV002956,POL003056,COLL,Collision,active,54127.36,563.74,2023-01-11,2024-01-11
COV002957,POL003057,MED,Medical Payments,active,85969.85,2546.02,2026-01-18,2027-01-18
COV002958,POL003058,BI,Bodily Injury,active,74095.27,618.06,2025-05-17,2026-05-17
COV002959,POL003059,COMP,Comprehensive,active,432083.37,368.97,2024-01-19,2025-01-18
COV002960,POL003060,PD,Property Damage,active,160587.39,2799.09,2024-06-14,2025-06-14
COV002961,POL003061,COLL,Collision,active,176620.73,3251.81,2025-11-26,2026-11-26
COV002962,POL003062,COLL,Collision,active,120668.82,3549.1,2024-05-01,2025-05-01
COV002963,POL003063,BI,Bodily Injury,active,388702.77,843.34,2023-04-07,2024-04-06
COV002964,POL003064,COLL,Collision,active,208140.58,4637.98,2026-05-01,2027-05-01
COV002965,POL003065,PD,Property Damage,active,234034.69,685.52,2024-12-30,2025-12-30
COV002966,POL003066,PD,Property Damage,active,498500.73,609.27,2023-10-23,2024-10-22
COV002967,POL003067,COMP,Comprehensive,active,42446.22,3194.64,2024-03-09,2025-03-09
COV002968,POL003068,COMP,Comprehensive,active,215373.78,4383.21,2026-04-03,2027-04-03
COV002969,POL003069,BI,Bodily Injury,active,133926.79,4433.01,2023-12-10,2024-12-09
COV002970,POL003070,COMP,Comprehensive,active,290752.47,524.65,2025-08-07,2026-08-07
COV002971,POL003071,PD,Property Damage,active,115896.29,3286.81,2024-05-28,2025-05-28
COV002972,POL003072,PD,Property Damage,active,390099.65,1147.52,2023-12-16,2024-12-15
COV002973,POL003073,COLL,Collision,active,172210.18,866.21,2023-03-07,2024-03-06
COV002974,POL003074,BI,Bodily Injury,active,230855.3,4873.34,2024-12-11,2025-12-11
COV002975,POL003075,MED,Medical Payments,active,70883.15,1965.23,2023-01-28,2024-01-28
COV002976,POL003076,COLL,Collision,active,393745.64,3838.95,2023-11-28,2024-11-27
COV002977,POL003077,BI,Bodily Injury,active,470796.8,2088.3,2023-06-22,2024-06-21
COV002978,POL003078,COLL,Collision,active,341352.06,2730.64,2023-04-04,2024-04-03
COV002979,POL003079,MED,Medical Payments,active,187269.7,4180.38,2023-08-13,2024-08-12
COV002980,POL003080,COLL,Collision,active,313256.75,4924.39,2024-04-25,2025-04-25
COV002981,POL003081,BI,Bodily Injury,active,210318.13,1391.7,2024-12-05,2025-12-05
COV002982,POL003082,COLL,Collision,active,343074.04,884.36,2026-03-25,2027-03-25
COV002983,POL003083,MED,Medical Payments,active,60357.1,4103.22,2024-04-14,2025-04-14
COV002984,POL003084,PD,Property Damage,active,316239.5,743.37,2023-06-02,2024-06-01
COV002985,POL003085,BI,Bodily Injury,active,68878.76,1805.42,2024-11-26,2025-11-26
COV002986,POL003086,MED,Medical Payments,active,411322.82,1806.77,2024-09-10,2025-09-10
COV002987,POL003087,MED,Medical Payments,active,163500.54,1261.08,2023-06-20,2024-06-19
COV002988,POL003088,PD,Property Damage,active,69445.21,3733.46,2024-04-01,2025-04-01
COV002989,POL003089,PD,Property Damage,active,70000.69,2844.94,2024-06-28,2025-06-28
COV002990,POL003090,PD,Property Damage,active,280473.56,3801.99,2025-12-27,2026-12-27
COV002991,POL003091,PD,Property Damage,active,303933.25,1481.93,2023-08-14,2024-08-13
COV002992,POL003092,COMP,Comprehensive,active,443167.34,2473.85,2025-02-07,2026-02-07
COV002993,POL003093,COMP,Comprehensive,active,462616.11,1591.26,2025-12-04,2026-12-04
COV002994,POL003094,PD,Property Damage,active,124415.61,693.53,2026-07-01,2027-07-01
COV002995,POL003095,COMP,Comprehensive,active,304941.83,1952.71,2025-09-01,2026-09-01
COV002996,POL003096,COMP,Comprehensive,active,116336.45,4580.88,2023-09-03,2024-09-02
COV002997,POL003097,COMP,Comprehensive,active,163697.44,1272.47,2023-02-17,2024-02-17
COV002998,POL003098,MED,Medical Payments,active,112161.7,533.12,2023-08-28,2024-08-27
COV002999,POL003099,COLL,Collision,active,269358.8,3342.69,2024-01-07,2025-01-06
COV003000,POL003100,BI,Bodily Injury,active,413092.44,1819.05,2024-06-27,2025-06-27
COV003001,POL003101,BI,Bodily Injury,active,423317.79,3022.52,2026-09-06,2027-09-06
COV003002,POL003102,MED,Medical Payments,active,362431.14,3722.17,2023-05-14,2024-05-13
COV003003,POL003103,BI,Bodily Injury,active,378497.19,3517.65,2026-02-16,2027-02-16
COV003004,POL003104,BI,Bodily Injury,active,217531.61,4997.51,2026-05-18,2027-05-18
COV003005,POL003105,PD,Property Damage,active,140932.57,3885.72,2026-06-17,2027-06-17
COV003006,POL003106,PD,Property Damage,active,215885.59,1411.59,2025-05-02,2026-05-02
COV003007,POL003107,BI,Bodily Injury,active,375460.68,457.85,2024-03-18,2025-03-18
COV003008,POL003108,PD,Property Damage,active,268675.66,548.95,2023-12-11,2024-12-10
COV003009,POL003109,PD,Property Damage,active,162111.84,1258.87,2025-07-04,2026-07-04
COV003010,POL003110,COLL,Collision,active,251742.05,3985.08,2026-09-04,2027-09-04
COV003011,POL003111,COMP,Comprehensive,active,58913.67,1616.76,2025-07-05,2026-07-05
COV003012,POL003112,BI,Bodily Injury,active,447525.76,1682.81,2023-02-06,2024-02-06
COV003013,POL003113,BI,Bodily Injury,active,236082.9,1994.55,2024-11-03,2025-11-03
COV003014,POL003114,COLL,Collision,active,117808.65,2571.32,2025-01-01,2026-01-01
COV003015,POL003115,BI,Bodily Injury,active,82205.14,2551.04,2025-06-09,2026-06-09
COV003016,POL003116,BI,Bodily Injury,active,366277.58,675.64,2024-06-07,2025-06-07
COV003017,POL003117,BI,Bodily Injury,active,27505.3,1147.77,2025-11-25,2026-11-25
COV003018,POL003118,BI,Bodily Injury,active,306230.32,4047.84,2026-07-08,2027-07-08
COV003019,POL003119,BI,Bodily Injury,active,108035.6,3315.99,2026-07-10,2027-07-10
COV003020,POL003120,MED,Medical Payments,active,475037.44,1030.76,2025-05-17,2026-05-17
COV003021,POL003121,PD,Property Damage,active,349780.44,4002.66,2023-06-23,2024-06-22
COV003022,POL003122,COLL,Collision,active,77315.64,3900.48,2023-07-21,2024-07-20
COV003023,POL003123,COMP,Comprehensive,active,233567.06,2467.05,2024-09-29,2025-09-29
COV003024,POL003124,COLL,Collision,active,472616.69,4647.32,2026-09-10,2027-09-10
COV003025,POL003125,PD,Property Damage,active,246995.86,3645.42,2023-07-09,2024-07-08
COV003026,POL003126,COMP,Comprehensive,active,42568.92,4592.32,2025-06-21,2026-06-21
COV003027,POL003127,BI,Bodily Injury,active,329451.73,4648.19,2026-03-20,2027-03-20
COV003028,POL003128,COLL,Collision,active,202688.46,993.64,2024-06-25,2025-06-25
COV003029,POL003129,BI,Bodily Injury,active,395944.72,4217.76,2025-05-15,2026-05-15
COV003030,POL003130,COMP,Comprehensive,active,325305.23,344.84,2024-05-19,2025-05-19
COV003031,POL003131,PD,Property Damage,active,133113.38,2953.2,2023-04-09,2024-04-08
COV003032,POL003132,BI,Bodily Injury,active,399102.69,3829.81,2023-11-07,2024-11-06
COV003033,POL003133,PD,Property Damage,active,408213.49,3168.88,2024-10-18,2025-10-18
COV003034,POL003134,COMP,Comprehensive,active,75438.35,4814.72,2023-05-15,2024-05-14
COV003035,POL003135,MED,Medical Payments,active,457210.65,4758.21,2025-06-15,2026-06-15
COV003036,POL003136,PD,Property Damage,active,64764.32,1042.43,2025-05-13,2026-05-13
COV003037,POL003137,BI,Bodily Injury,active,382719.39,2011.11,2025-07-30,2026-07-30
COV003038,POL003138,BI,Bodily Injury,active,45750.2,2817.16,2026-08-16,2027-08-16
COV003039,POL003139,BI,Bodily Injury,active,357855.76,2825.52,2026-07-12,2027-07-12
COV003040,POL003140,COMP,Comprehensive,active,464798.24,2092.49,2023-05-18,2024-05-17
COV003041,POL003141,COMP,Comprehensive,active,310550.93,3596.1,2024-11-18,2025-11-18
COV003042,POL003142,PD,Property Damage,active,187426.54,4204.67,2023-06-18,2024-06-17
COV003043,POL003143,COMP,Comprehensive,active,436893.08,365.83,2023-09-29,2024-09-28
COV003044,POL003144,BI,Bodily Injury,active,168115.7,1913.7,2024-04-01,2025-04-01
COV003045,POL003145,MED,Medical Payments,active,211375.93,2161.67,2025-07-17,2026-07-17
COV003046,POL003146,MED,Medical Payments,active,99165.55,666.41,2024-11-27,2025-11-27
COV003047,POL003147,COMP,Comprehensive,active,149494.82,3685.12,2026-02-11,2027-02-11
COV003048,POL003148,COLL,Collision,active,144462.87,3424.47,2024-06-13,2025-06-13
COV003049,POL003149,COMP,Comprehensive,active,107172.42,1659.01,2023-08-15,2024-08-14
COV003050,POL003150,MED,Medical Payments,active,150389.63,3128.81,2023-05-10,2024-05-09
COV003051,POL003151,MED,Medical Payments,active,300280.11,2145.27,2024-02-29,2025-02-28
COV003052,POL003152,PD,Property Damage,active,295310.21,2047.13,2023-04-05,2024-04-04
COV003053,POL003153,BI,Bodily Injury,active,238184.65,2952.02,2024-11-15,2025-11-15
COV003054,POL003154,BI,Bodily Injury,active,354168.99,1798.03,2025-01-23,2026-01-23
COV003055,POL003155,MED,Medical Payments,active,245643.03,3805.12,2024-02-04,2025-02-03
COV003056,POL003156,BI,Bodily Injury,active,190433.76,4648.79,2024-06-29,2025-06-29
COV003057,POL003157,COMP,Comprehensive,active,49845.6,4096.52,2025-03-06,2026-03-06
COV003058,POL003158,PD,Property Damage,active,384567.55,1846.42,2023-07-31,2024-07-30
COV003059,POL003159,BI,Bodily Injury,active,326495.34,4971.11,2025-01-21,2026-01-21
COV003060,POL003160,COLL,Collision,active,235692.37,4931.71,2024-11-28,2025-11-28
COV003061,POL003161,COMP,Comprehensive,active,130718.2,1564.49,2024-01-14,2025-01-13
COV003062,POL003162,COMP,Comprehensive,active,209153.1,3943.56,2025-02-27,2026-02-27
COV003063,POL003163,COMP,Comprehensive,active,331189.46,2687.06,2024-12-29,2025-12-29
COV003064,POL003164,BI,Bodily Injury,active,288561.51,3233.44,2023-05-16,2024-05-15
COV003065,POL003165,COLL,Collision,active,140799.54,895.84,2023-01-18,2024-01-18
COV003066,POL003166,COMP,Comprehensive,active,384640.62,1243.46,2025-05-28,2026-05-28
COV003067,POL003167,PD,Property Damage,active,176362.43,4808.85,2023-07-11,2024-07-10
COV003068,POL003168,COMP,Comprehensive,active,67655.96,796.89,2023-08-23,2024-08-22
COV003069,POL003169,COLL,Collision,active,148431.04,2683.08,2024-01-16,2025-01-15
COV003070,POL003170,BI,Bodily Injury,active,207156.21,2247.09,2025-05-05,2026-05-05
COV003071,POL003171,MED,Medical Payments,active,276821.33,1074.22,2026-01-27,2027-01-27
COV003072,POL003172,BI,Bodily Injury,active,186375.61,3413.02,2025-12-20,2026-12-20
COV003073,POL003173,BI,Bodily Injury,active,183411.34,2984.15,2024-03-15,2025-03-15
COV003074,POL003174,MED,Medical Payments,active,372577.49,1169.59,2025-10-04,2026-10-04
COV003075,POL003175,BI,Bodily Injury,active,298732.1,3896.26,2025-08-26,2026-08-26
COV003076,POL003176,COLL,Collision,active,203000.6,2122.47,2023-12-03,2024-12-02
COV003077,POL003177,MED,Medical Payments,active,95289.2,2192.2,2023-12-07,2024-12-06
COV003078,POL003178,BI,Bodily Injury,active,99775.88,2747.96,2024-06-19,2025-06-19
COV003079,POL003179,COLL,Collision,active,68603.39,3570.03,2025-11-09,2026-11-09
COV003080,POL003180,COLL,Collision,active,489950.44,2212.27,2023-10-24,2024-10-23
COV003081,POL003181,MED,Medical Payments,active,69492.43,2655.52,2024-07-24,2025-07-24
COV003082,POL003182,BI,Bodily Injury,active,35214.99,3323.37,2025-03-20,2026-03-20
COV003083,POL003183,MED,Medical Payments,active,262224.69,1729.62,2024-06-21,2025-06-21
COV003084,POL003184,PD,Property Damage,active,476998.75,3049.97,2023-09-29,2024-09-28
COV003085,POL003185,PD,Property Damage,active,422929.3,1830.87,2023-06-24,2024-06-23
COV003086,POL003186,BI,Bodily Injury,active,45062.93,3421.97,2025-03-23,2026-03-23
COV003087,POL003187,PD,Property Damage,active,55555.48,349.93,2024-06-24,2025-06-24
COV003088,POL003188,COMP,Comprehensive,active,241961.89,4537.74,2024-03-01,2025-03-01
COV003089,POL003189,MED,Medical Payments,active,100589.44,2737.93,2024-03-21,2025-03-21
COV003090,POL003190,PD,Property Damage,active,112512.95,2683.77,2026-06-07,2027-06-07
COV003091,POL003191,COLL,Collision,active,193900.29,4077.12,2025-09-07,2026-09-07
COV003092,POL003192,COLL,Collision,active,261725.46,4217.77,2026-09-12,2027-09-12
COV003093,POL003193,COLL,Collision,active,47938.31,1929.23,2026-03-01,2027-03-01
COV003094,POL003194,COLL,Collision,active,449599.22,2506.6,2024-10-18,2025-10-18
COV003095,POL003195,MED,Medical Payments,active,477175.78,676.67,2024-10-21,2025-10-21
COV003096,POL003196,COLL,Collision,active,498719.01,502.25,2023-07-12,2024-07-11
COV003097,POL003197,MED,Medical Payments,active,232968.85,4309.33,2024-11-14,2025-11-14
COV003098,POL003198,PD,Property Damage,active,106685.41,2627.09,2025-03-15,2026-03-15
COV003099,POL003199,COMP,Comprehensive,active,425170.98,2587.99,2025-11-01,2026-11-01
COV003100,POL003200,COLL,Collision,active,305057.92,2509.36,2023-06-20,2024-06-19
COV003101,POL003201,MED,Medical Payments,active,467333.06,3795.22,2026-08-24,2027-08-24
COV003102,POL003202,BI,Bodily Injury,active,273076.84,1033.15,2024-06-19,2025-06-19
COV003103,POL003203,PD,Property Damage,active,273905.41,659.76,2026-09-04,2027-09-04
COV003104,POL003204,MED,Medical Payments,active,275771.19,2336.03,2024-08-31,2025-08-31
COV003105,POL003205,COLL,Collision,active,396336.51,4190.14,2026-05-27,2027-05-27
COV003106,POL003206,COLL,Collision,active,185971.99,2309.82,2023-11-08,2024-11-07
COV003107,POL003207,PD,Property Damage,active,389768.06,3189.93,2024-09-24,2025-09-24
COV003108,POL003208,MED,Medical Payments,active,388774.63,2485.45,2025-04-07,2026-04-07
COV003109,POL003209,MED,Medical Payments,active,109625.91,4346.98,2025-02-13,2026-02-13
COV003110,POL003210,BI,Bodily Injury,active,413503.2,4756.48,2026-05-10,2027-05-10
COV003111,POL003211,MED,Medical Payments,active,243981.63,3711.9,2026-04-03,2027-04-03
COV003112,POL003212,COLL,Collision,active,265585.6,455.33,2023-02-07,2024-02-07
COV003113,POL003213,PD,Property Damage,active,275234.32,2577.36,2023-04-17,2024-04-16
COV003114,POL003214,MED,Medical Payments,active,101857.02,4069.99,2024-06-13,2025-06-13
COV003115,POL003215,MED,Medical Payments,active,212817.17,2339.82,2024-11-03,2025-11-03
COV003116,POL003216,PD,Property Damage,active,354443.95,828.36,2024-07-02,2025-07-02
COV003117,POL003217,MED,Medical Payments,active,194833.3,4659.24,2025-10-08,2026-10-08
COV003118,POL003218,COMP,Comprehensive,active,249535.69,2506.96,2025-03-23,2026-03-23
COV003119,POL003219,PD,Property Damage,active,217040.89,2056.86,2023-11-12,2024-11-11
COV003120,POL003220,PD,Property Damage,active,408157.82,4966.03,2024-03-03,2025-03-03
COV003121,POL003221,PD,Property Damage,active,195821.88,2283.24,2024-07-31,2025-07-31
COV003122,POL003222,COMP,Comprehensive,active,182828.17,1846.37,2025-12-25,2026-12-25
COV003123,POL003223,BI,Bodily Injury,active,150069.58,4582.83,2025-11-01,2026-11-01
COV003124,POL003224,MED,Medical Payments,active,304149.67,1339.61,2024-11-28,2025-11-28
COV003125,POL003225,COMP,Comprehensive,active,120002.04,519.15,2024-02-05,2025-02-04
COV003126,POL003226,MED,Medical Payments,active,484599.99,1336.88,2023-07-15,2024-07-14
COV003127,POL003227,BI,Bodily Injury,active,282253.73,4401.5,2023-11-28,2024-11-27
COV003128,POL003228,PD,Property Damage,active,75321.42,3322.26,2026-07-29,2027-07-29
COV003129,POL003229,COMP,Comprehensive,active,499346.06,1431.09,2025-06-25,2026-06-25
COV003130,POL003230,COMP,Comprehensive,active,340707.31,3678.07,2026-02-22,2027-02-22
COV003131,POL003231,COLL,Collision,active,388884.74,2000.66,2026-04-14,2027-04-14
COV003132,POL003232,MED,Medical Payments,active,124139.95,1347.92,2024-06-27,2025-06-27
COV003133,POL003233,MED,Medical Payments,active,291829.57,2269.82,2026-07-20,2027-07-20
COV003134,POL003234,BI,Bodily Injury,active,311871.34,2591.06,2024-06-17,2025-06-17
COV003135,POL003235,PD,Property Damage,active,197749.84,641.36,2026-03-26,2027-03-26
COV003136,POL003236,COLL,Collision,active,321397.56,3790.28,2023-11-25,2024-11-24
COV003137,POL003237,COLL,Collision,active,204583.37,4593.77,2026-04-07,2027-04-07
COV003138,POL003238,COLL,Collision,active,73070.45,4452.23,2023-01-29,2024-01-29
COV003139,POL003239,COLL,Collision,active,336547.27,4366.07,2026-06-30,2027-06-30
COV003140,POL003240,PD,Property Damage,active,167603.04,4125.03,2023-07-29,2024-07-28
COV003141,POL003241,BI,Bodily Injury,active,316320.04,3572.69,2025-08-14,2026-08-14
COV003142,POL003242,MED,Medical Payments,active,203770.39,4795.94,2025-06-06,2026-06-06
COV003143,POL003243,PD,Property Damage,active,335956.06,3958.28,2025-06-21,2026-06-21
COV003144,POL003244,MED,Medical Payments,active,134286.3,4651.29,2024-08-30,2025-08-30
COV003145,POL003245,COMP,Comprehensive,active,341122.9,3008.28,2025-11-26,2026-11-26
COV003146,POL003246,BI,Bodily Injury,active,494373.1,1661.16,2025-10-09,2026-10-09
COV003147,POL003247,BI,Bodily Injury,active,281280.23,1950.47,2024-10-06,2025-10-06
COV003148,POL003248,BI,Bodily Injury,active,29609.13,3843.35,2023-06-29,2024-06-28
COV003149,POL003249,BI,Bodily Injury,active,116982.69,4833.84,2023-08-29,2024-08-28
COV003150,POL003250,MED,Medical Payments,active,271680.26,1382.76,2023-09-22,2024-09-21
COV003151,POL003251,COLL,Collision,active,135486.01,1563.48,2026-02-21,2027-02-21
COV003152,POL003252,COLL,Collision,active,64204.43,3671.37,2026-04-19,2027-04-19
COV003153,POL003253,COMP,Comprehensive,active,284038.16,4822.66,2023-04-26,2024-04-25
COV003154,POL003254,MED,Medical Payments,active,493641.48,1166.87,2026-01-08,2027-01-08
COV003155,POL003255,BI,Bodily Injury,active,452531.89,1469.76,2025-10-17,2026-10-17
COV003156,POL003256,COLL,Collision,active,312223.02,3752.93,2024-01-31,2025-01-30
COV003157,POL003257,MED,Medical Payments,active,362425.23,589.38,2024-09-26,2025-09-26
COV003158,POL003258,COLL,Collision,active,32817.5,2727.97,2026-07-12,2027-07-12
COV003159,POL003259,BI,Bodily Injury,active,133745.19,3378.17,2023-09-27,2024-09-26
COV003160,POL003260,BI,Bodily Injury,active,388632.16,665.29,2023-11-02,2024-11-01
COV003161,POL003261,BI,Bodily Injury,active,78266.91,961.86,2023-02-22,2024-02-22
COV003162,POL003262,COLL,Collision,active,324980.77,2299.28,2024-07-20,2025-07-20
COV003163,POL003263,BI,Bodily Injury,active,394577.14,2755.01,2026-03-12,2027-03-12
COV003164,POL003264,BI,Bodily Injury,active,250055.69,2344.98,2025-03-08,2026-03-08
COV003165,POL003265,COLL,Collision,active,154836.52,4698.5,2024-07-24,2025-07-24
COV003166,POL003266,COLL,Collision,active,262409.54,3925.85,2023-09-28,2024-09-27
COV003167,POL003267,COMP,Comprehensive,active,442073.61,4037.69,2023-08-11,2024-08-10
COV003168,POL003268,PD,Property Damage,active,25074.44,406.82,2024-06-24,2025-06-24
COV003169,POL003269,BI,Bodily Injury,active,278209.24,4438.92,2026-07-20,2027-07-20
COV003170,POL003270,BI,Bodily Injury,active,54762.3,3356.18,2025-06-02,2026-06-02
COV003171,POL003271,COLL,Collision,active,471354.01,3523.02,2025-11-25,2026-11-25
COV003172,POL003272,PD,Property Damage,active,54548.8,810.0,2026-01-03,2027-01-03
COV003173,POL003273,MED,Medical Payments,active,311565.45,4008.9,2024-07-03,2025-07-03
COV003174,POL003274,MED,Medical Payments,active,290081.19,4443.83,2024-01-06,2025-01-05
COV003175,POL003275,MED,Medical Payments,active,44062.32,507.22,2026-06-30,2027-06-30
COV003176,POL003276,COMP,Comprehensive,active,102536.44,960.93,2023-11-03,2024-11-02
COV003177,POL003277,COLL,Collision,active,374500.14,4265.65,2024-07-02,2025-07-02
COV003178,POL003278,PD,Property Damage,active,359417.74,1908.58,2025-12-11,2026-12-11
COV003179,POL003279,COMP,Comprehensive,active,185950.97,3265.07,2026-05-03,2027-05-03
COV003180,POL003280,COMP,Comprehensive,active,392793.95,3591.26,2024-01-28,2025-01-27
COV003181,POL003281,MED,Medical Payments,active,348112.44,4070.29,2025-03-20,2026-03-20
COV003182,POL003282,COMP,Comprehensive,active,427505.24,921.49,2025-11-08,2026-11-08
COV003183,POL003283,BI,Bodily Injury,active,104098.24,4804.34,2024-04-09,2025-04-09
COV003184,POL003284,MED,Medical Payments,active,330403.83,1802.03,2024-06-16,2025-06-16
COV003185,POL003285,PD,Property Damage,active,37332.87,4148.43,2023-11-13,2024-11-12
COV003186,POL003286,COMP,Comprehensive,active,477095.32,4392.99,2026-07-28,2027-07-28
COV003187,POL003287,COMP,Comprehensive,active,294728.73,972.05,2026-09-08,2027-09-08
COV003188,POL003288,COLL,Collision,active,466113.44,4637.38,2025-11-20,2026-11-20
COV003189,POL003289,MED,Medical Payments,active,396151.02,4128.83,2024-07-04,2025-07-04
COV003190,POL003290,COLL,Collision,active,44013.75,3973.7,2023-01-10,2024-01-10
COV003191,POL003291,COLL,Collision,active,424694.33,2531.96,2025-06-09,2026-06-09
COV003192,POL003292,COMP,Comprehensive,active,65496.22,2253.89,2024-12-29,2025-12-29
COV003193,POL003293,COLL,Collision,active,97264.82,1610.19,2024-10-11,2025-10-11
COV003194,POL003294,COMP,Comprehensive,active,370179.99,2694.27,2024-03-09,2025-03-09
COV003195,POL003295,MED,Medical Payments,active,414740.13,3225.14,2026-04-27,2027-04-27
COV003196,POL003296,COMP,Comprehensive,active,252928.0,626.5,2026-05-01,2027-05-01
COV003197,POL003297,MED,Medical Payments,active,353856.43,2251.02,2023-12-12,2024-12-11
COV003198,POL003298,BI,Bodily Injury,active,259555.32,1779.34,2026-07-18,2027-07-18
COV003199,POL003299,MED,Medical Payments,active,493540.9,3441.55,2024-12-24,2025-12-24
COV003200,POL003300,COLL,Collision,active,279046.3,3891.08,2023-08-26,2024-08-25
COV003201,POL003301,COMP,Comprehensive,active,342771.96,4720.56,2023-06-11,2024-06-10
COV003202,POL003302,COMP,Comprehensive,active,337860.39,4611.37,2024-11-07,2025-11-07
COV003203,POL003303,COMP,Comprehensive,active,184267.79,2412.45,2025-01-24,2026-01-24
COV003204,POL003304,BI,Bodily Injury,active,158933.42,327.62,2024-06-17,2025-06-17
COV003205,POL003305,BI,Bodily Injury,active,255446.48,1150.66,2025-10-02,2026-10-02
COV003206,POL003306,PD,Property Damage,active,242476.49,3032.93,2025-11-21,2026-11-21
COV003207,POL003307,BI,Bodily Injury,active,74024.13,1059.29,2023-10-05,2024-10-04
COV003208,POL003308,COLL,Collision,active,357240.36,1336.05,2024-04-04,2025-04-04
COV003209,POL003309,MED,Medical Payments,active,270024.13,3151.16,2024-10-02,2025-10-02
COV003210,POL003310,COMP,Comprehensive,active,237520.21,679.62,2024-02-02,2025-02-01
COV003211,POL003311,BI,Bodily Injury,active,71208.41,660.29,2025-01-26,2026-01-26
COV003212,POL003312,MED,Medical Payments,active,319732.76,3641.81,2024-03-26,2025-03-26
COV003213,POL003313,COMP,Comprehensive,active,415716.08,1661.45,2024-07-08,2025-07-08
COV003214,POL003314,PD,Property Damage,active,190064.41,1435.75,2026-06-16,2027-06-16
COV003215,POL003315,PD,Property Damage,active,439061.87,1375.75,2023-10-10,2024-10-09
COV003216,POL003316,BI,Bodily Injury,active,316244.8,987.78,2026-06-27,2027-06-27
COV003217,POL003317,COLL,Collision,active,194811.87,4185.48,2025-03-22,2026-03-22
COV003218,POL003318,MED,Medical Payments,active,452828.5,3344.01,2024-07-20,2025-07-20
COV003219,POL003319,COMP,Comprehensive,active,480798.03,267.31,2024-03-31,2025-03-31
COV003220,POL003320,BI,Bodily Injury,active,372256.09,3014.31,2026-01-21,2027-01-21
COV003221,POL003321,MED,Medical Payments,active,313038.39,3359.23,2026-01-06,2027-01-06
COV003222,POL003322,MED,Medical Payments,active,91556.35,797.69,2023-09-03,2024-09-02
COV003223,POL003323,COMP,Comprehensive,active,403626.58,4322.67,2023-12-07,2024-12-06
COV003224,POL003324,MED,Medical Payments,active,392212.51,3308.69,2023-07-29,2024-07-28
COV003225,POL003325,COLL,Collision,active,114806.97,305.03,2024-09-09,2025-09-09
COV003226,POL003326,PD,Property Damage,active,313980.43,3551.61,2025-08-31,2026-08-31
COV003227,POL003327,COLL,Collision,active,89943.11,4155.18,2024-12-05,2025-12-05
COV003228,POL003328,BI,Bodily Injury,active,499864.79,4576.53,2023-09-04,2024-09-03
COV003229,POL003329,PD,Property Damage,active,116874.53,4783.77,2026-01-15,2027-01-15
COV003230,POL003330,MED,Medical Payments,active,184372.24,1683.88,2025-06-18,2026-06-18
COV003231,POL003331,MED,Medical Payments,active,492505.33,4951.33,2024-07-17,2025-07-17
COV003232,POL003332,PD,Property Damage,active,405666.88,1317.75,2024-11-09,2025-11-09
COV003233,POL003333,MED,Medical Payments,active,375408.12,1617.11,2026-01-07,2027-01-07
COV003234,POL003334,PD,Property Damage,active,199873.63,1475.76,2023-07-12,2024-07-11
COV003235,POL003335,MED,Medical Payments,active,332167.43,307.83,2026-06-11,2027-06-11
COV003236,POL003336,COMP,Comprehensive,active,435084.83,1629.32,2025-03-08,2026-03-08
COV003237,POL003337,PD,Property Damage,active,278344.06,4344.79,2023-05-12,2024-05-11
COV003238,POL003338,PD,Property Damage,active,139531.02,3706.16,2025-08-22,2026-08-22
COV003239,POL003339,BI,Bodily Injury,active,293538.18,2368.05,2025-04-16,2026-04-16
COV003240,POL003340,MED,Medical Payments,active,489795.97,2939.96,2023-04-08,2024-04-07
COV003241,POL003341,COLL,Collision,active,494469.31,1700.0,2023-07-01,2024-06-30
COV003242,POL003342,PD,Property Damage,active,494189.64,934.99,2024-06-12,2025-06-12
COV003243,POL003343,COLL,Collision,active,276185.59,2907.65,2024-08-02,2025-08-02
COV003244,POL003344,COLL,Collision,active,192552.1,4966.73,2023-12-24,2024-12-23
COV003245,POL003345,COLL,Collision,active,203777.7,4423.37,2025-07-22,2026-07-22
COV003246,POL003346,COLL,Collision,active,298188.25,3872.7,2026-03-10,2027-03-10
COV003247,POL003347,BI,Bodily Injury,active,422809.26,829.1,2025-02-08,2026-02-08
COV003248,POL003348,PD,Property Damage,active,76760.76,2325.37,2024-01-27,2025-01-26
COV003249,POL003349,PD,Property Damage,active,301067.9,3218.7,2026-05-24,2027-05-24
COV003250,POL003350,PD,Property Damage,active,489412.09,2627.85,2025-10-08,2026-10-08
COV003251,POL003351,PD,Property Damage,active,150882.74,2645.52,2023-11-27,2024-11-26
COV003252,POL003352,PD,Property Damage,active,131475.9,3988.3,2025-06-08,2026-06-08
COV003253,POL003353,COLL,Collision,active,96259.16,1822.74,2024-10-26,2025-10-26
COV003254,POL003354,MED,Medical Payments,active,161564.05,3319.19,2023-09-25,2024-09-24
COV003255,POL003355,MED,Medical Payments,active,283791.15,752.42,2024-01-11,2025-01-10
COV003256,POL003356,COMP,Comprehensive,active,425559.76,2563.47,2023-07-23,2024-07-22
COV003257,POL003357,MED,Medical Payments,active,366657.97,1311.22,2024-06-27,2025-06-27
COV003258,POL003358,MED,Medical Payments,active,444971.99,4710.48,2025-10-21,2026-10-21
COV003259,POL003359,MED,Medical Payments,active,39125.79,480.0,2025-03-24,2026-03-24
COV003260,POL003360,COLL,Collision,active,168236.32,707.91,2023-02-23,2024-02-23
COV003261,POL003361,COMP,Comprehensive,active,109557.64,2447.2,2023-04-13,2024-04-12
COV003262,POL003362,BI,Bodily Injury,active,486525.81,3768.34,2024-03-12,2025-03-12
COV003263,POL003363,BI,Bodily Injury,active,409576.71,338.29,2024-09-12,2025-09-12
COV003264,POL003364,BI,Bodily Injury,active,36483.16,1192.35,2026-06-12,2027-06-12
COV003265,POL003365,BI,Bodily Injury,active,141561.96,3383.5,2023-11-11,2024-11-10
COV003266,POL003366,COLL,Collision,active,179176.18,715.32,2025-11-16,2026-11-16
COV003267,POL003367,PD,Property Damage,active,276718.33,1303.84,2024-12-11,2025-12-11
COV003268,POL003368,COMP,Comprehensive,active,321590.82,4039.67,2023-04-07,2024-04-06
COV003269,POL003369,MED,Medical Payments,active,258857.68,3948.75,2026-05-30,2027-05-30
COV003270,POL003370,MED,Medical Payments,active,495201.64,4505.03,2026-09-10,2027-09-10
COV003271,POL003371,COLL,Collision,active,458894.19,4934.48,2024-05-23,2025-05-23
COV003272,POL003372,BI,Bodily Injury,active,450688.65,3136.5,2023-12-12,2024-12-11
COV003273,POL003373,COMP,Comprehensive,active,366944.06,3572.46,2024-10-06,2025-10-06
COV003274,POL003374,COMP,Comprehensive,active,373153.52,1122.28,2026-01-22,2027-01-22
COV003275,POL003375,MED,Medical Payments,active,58594.37,3823.09,2023-11-01,2024-10-31
COV003276,POL003376,BI,Bodily Injury,active,246150.1,4831.77,2026-02-28,2027-02-28
COV003277,POL003377,PD,Property Damage,active,423737.72,2480.55,2026-01-18,2027-01-18
COV003278,POL003378,BI,Bodily Injury,active,288917.01,804.32,2023-01-27,2024-01-27
COV003279,POL003379,MED,Medical Payments,active,289880.52,3956.47,2023-12-14,2024-12-13
COV003280,POL003380,PD,Property Damage,active,78821.51,3453.83,2024-03-21,2025-03-21
COV003281,POL003381,MED,Medical Payments,active,141528.71,259.74,2023-02-21,2024-02-21
COV003282,POL003382,MED,Medical Payments,active,205472.44,4281.45,2023-02-09,2024-02-09
COV003283,POL003383,MED,Medical Payments,active,381897.52,1548.28,2023-05-26,2024-05-25
COV003284,POL003384,COMP,Comprehensive,active,284118.15,3032.84,2024-11-02,2025-11-02
COV003285,POL003385,MED,Medical Payments,active,140136.49,2396.53,2024-04-24,2025-04-24
COV003286,POL003386,PD,Property Damage,active,466353.43,867.21,2025-11-12,2026-11-12
COV003287,POL003387,COLL,Collision,active,428979.83,1574.05,2023-04-05,2024-04-04
COV003288,POL003388,MED,Medical Payments,active,39638.08,4894.42,2026-09-15,2027-09-15
COV003289,POL003389,COLL,Collision,active,160033.42,1845.41,2026-05-26,2027-05-26
COV003290,POL003390,MED,Medical Payments,active,347383.61,2076.79,2026-01-13,2027-01-13
COV003291,POL003391,PD,Property Damage,active,431758.09,3956.36,2023-06-06,2024-06-05
COV003292,POL003392,MED,Medical Payments,active,484549.69,3781.36,2023-08-01,2024-07-31
COV003293,POL003393,COMP,Comprehensive,active,478940.09,1417.21,2026-05-31,2027-05-31
COV003294,POL003394,COMP,Comprehensive,active,90004.49,4994.94,2024-02-03,2025-02-02
COV003295,POL003395,COMP,Comprehensive,active,32986.57,1609.28,2025-05-22,2026-05-22
COV003296,POL003396,MED,Medical Payments,active,419845.94,1926.8,2023-08-03,2024-08-02
COV003297,POL003397,MED,Medical Payments,active,324551.37,3626.15,2025-08-30,2026-08-30
COV003298,POL003398,COMP,Comprehensive,active,190243.7,1180.9,2024-10-23,2025-10-23
COV003299,POL003399,COLL,Collision,active,410101.2,2021.94,2025-08-04,2026-08-04
COV003300,POL003400,MED,Medical Payments,active,110336.02,4430.99,2026-02-04,2027-02-04
COV003301,POL003401,COLL,Collision,active,457604.58,2949.35,2024-08-03,2025-08-03
COV003302,POL003402,COMP,Comprehensive,active,356268.22,3514.03,2024-09-23,2025-09-23
COV003303,POL003403,PD,Property Damage,active,227296.03,2490.64,2023-11-04,2024-11-03
COV003304,POL003404,BI,Bodily Injury,active,199090.01,1463.4,2023-11-28,2024-11-27
COV003305,POL003405,MED,Medical Payments,active,465519.36,3341.6,2023-09-15,2024-09-14
COV003306,POL003406,PD,Property Damage,active,468170.02,2659.52,2025-03-26,2026-03-26
COV003307,POL003407,BI,Bodily Injury,active,51159.48,572.12,2025-04-17,2026-04-17
COV003308,POL003408,PD,Property Damage,active,228907.8,3343.38,2023-11-26,2024-11-25
COV003309,POL003409,PD,Property Damage,active,311299.83,2948.27,2025-12-02,2026-12-02
COV003310,POL003410,PD,Property Damage,active,123973.37,4673.13,2024-05-24,2025-05-24
COV003311,POL003411,MED,Medical Payments,active,348503.46,3642.82,2023-12-04,2024-12-03
COV003312,POL003412,COMP,Comprehensive,active,490622.28,3468.76,2024-10-21,2025-10-21
COV003313,POL003413,COMP,Comprehensive,active,180928.04,4666.68,2023-02-13,2024-02-13
COV003314,POL003414,PD,Property Damage,active,94567.77,2247.26,2024-02-25,2025-02-24
COV003315,POL003415,BI,Bodily Injury,active,483345.03,4229.5,2023-01-27,2024-01-27
COV003316,POL003416,MED,Medical Payments,active,224007.01,285.62,2026-07-03,2027-07-03
COV003317,POL003417,COLL,Collision,active,466199.3,2165.99,2025-09-22,2026-09-22
COV003318,POL003418,COMP,Comprehensive,active,333067.33,853.08,2023-11-28,2024-11-27
COV003319,POL003419,BI,Bodily Injury,active,458682.82,428.54,2024-02-17,2025-02-16
COV003320,POL003420,COLL,Collision,active,73891.02,4706.77,2025-09-12,2026-09-12
COV003321,POL003421,COMP,Comprehensive,active,345509.48,3155.86,2025-02-08,2026-02-08
COV003322,POL003422,PD,Property Damage,active,456470.85,668.13,2023-02-20,2024-02-20
COV003323,POL003423,MED,Medical Payments,active,319768.03,2626.71,2023-04-02,2024-04-01
COV003324,POL003424,BI,Bodily Injury,active,67126.73,3763.39,2023-02-10,2024-02-10
COV003325,POL003425,BI,Bodily Injury,active,189905.6,855.25,2023-08-28,2024-08-27
COV003326,POL003426,BI,Bodily Injury,active,441895.5,3360.26,2023-07-14,2024-07-13
COV003327,POL003427,COLL,Collision,active,458584.27,1928.87,2024-04-08,2025-04-08
COV003328,POL003428,COLL,Collision,active,153542.29,2686.23,2024-08-10,2025-08-10
COV003329,POL003429,MED,Medical Payments,active,448314.27,1583.8,2023-08-03,2024-08-02
COV003330,POL003430,COLL,Collision,active,360122.74,1700.98,2025-12-17,2026-12-17
COV003331,POL003431,COMP,Comprehensive,active,187497.79,1973.41,2025-07-18,2026-07-18
COV003332,POL003432,COMP,Comprehensive,active,337006.88,2951.86,2025-03-16,2026-03-16
COV003333,POL003433,PD,Property Damage,active,145895.27,1847.13,2025-01-20,2026-01-20
COV003334,POL003434,MED,Medical Payments,active,91883.95,1764.8,2026-03-06,2027-03-06
COV003335,POL003435,BI,Bodily Injury,active,474557.58,1981.23,2024-12-13,2025-12-13
COV003336,POL003436,BI,Bodily Injury,active,62687.32,1705.06,2024-04-29,2025-04-29
COV003337,POL003437,MED,Medical Payments,active,461039.1,2389.12,2026-03-11,2027-03-11
COV003338,POL003438,COMP,Comprehensive,active,433909.03,4508.21,2025-01-08,2026-01-08
COV003339,POL003439,COMP,Comprehensive,active,225966.87,4794.48,2023-01-10,2024-01-10
COV003340,POL003440,COMP,Comprehensive,active,127397.08,4256.22,2025-07-14,2026-07-14
COV003341,POL003441,COMP,Comprehensive,active,167641.23,975.43,2023-05-17,2024-05-16
COV003342,POL003442,PD,Property Damage,active,386059.69,2917.57,2025-04-14,2026-04-14
COV003343,POL003443,PD,Property Damage,active,360309.7,2251.01,2025-12-13,2026-12-13
COV003344,POL003444,PD,Property Damage,active,295567.8,3324.49,2024-11-09,2025-11-09
COV003345,POL003445,COMP,Comprehensive,active,393028.83,365.63,2026-06-18,2027-06-18
COV003346,POL003446,COMP,Comprehensive,active,241633.5,2264.48,2025-07-31,2026-07-31
COV003347,POL003447,MED,Medical Payments,active,238578.36,4146.61,2026-05-14,2027-05-14
COV003348,POL003448,PD,Property Damage,active,385339.07,1024.44,2023-03-09,2024-03-08
COV003349,POL003449,BI,Bodily Injury,active,271851.81,3125.51,2026-08-16,2027-08-16
COV003350,POL003450,COLL,Collision,active,435627.43,654.4,2024-01-20,2025-01-19
COV003351,POL003451,MED,Medical Payments,active,237239.2,2306.28,2023-04-22,2024-04-21
COV003352,POL003452,PD,Property Damage,active,496108.44,1026.77,2023-01-15,2024-01-15
COV003353,POL003453,MED,Medical Payments,active,450226.71,2257.78,2023-12-15,2024-12-14
COV003354,POL003454,COMP,Comprehensive,active,140769.77,4961.83,2024-09-20,2025-09-20
COV003355,POL003455,MED,Medical Payments,active,61398.71,4201.77,2023-09-19,2024-09-18
COV003356,POL003456,MED,Medical Payments,active,417940.83,1932.56,2024-03-07,2025-03-07
COV003357,POL003457,COLL,Collision,active,319078.33,757.29,2023-05-27,2024-05-26
COV003358,POL003458,COLL,Collision,active,100162.66,1511.71,2023-03-03,2024-03-02
COV003359,POL003459,COLL,Collision,active,289533.28,1031.73,2023-06-24,2024-06-23
COV003360,POL003460,PD,Property Damage,active,289365.62,4007.41,2023-03-31,2024-03-30
COV003361,POL003461,COMP,Comprehensive,active,82339.55,1887.8,2024-07-07,2025-07-07
COV003362,POL003462,BI,Bodily Injury,active,394069.42,4415.82,2023-04-20,2024-04-19
COV003363,POL003463,PD,Property Damage,active,449548.96,2169.72,2025-04-17,2026-04-17
COV003364,POL003464,COLL,Collision,active,137124.71,2654.65,2025-10-28,2026-10-28
COV003365,POL003465,MED,Medical Payments,active,471975.92,1484.71,2024-09-12,2025-09-12
COV003366,POL003466,BI,Bodily Injury,active,276147.83,1069.84,2025-12-06,2026-12-06
COV003367,POL003467,COLL,Collision,active,391422.18,859.55,2024-08-23,2025-08-23
COV003368,POL003468,COLL,Collision,active,355671.49,2295.21,2023-02-17,2024-02-17
COV003369,POL003469,BI,Bodily Injury,active,63042.16,828.98,2025-04-15,2026-04-15
COV003370,POL003470,COMP,Comprehensive,active,231692.27,4597.53,2023-12-21,2024-12-20
COV003371,POL003471,COLL,Collision,active,136840.59,3250.39,2025-11-08,2026-11-08
COV003372,POL003472,BI,Bodily Injury,active,37517.6,4557.14,2024-08-12,2025-08-12
COV003373,POL003473,MED,Medical Payments,active,152080.92,2008.73,2025-07-23,2026-07-23
COV003374,POL003474,COLL,Collision,active,358652.05,3322.13,2023-04-14,2024-04-13
COV003375,POL003475,PD,Property Damage,active,434110.12,3506.99,2024-04-14,2025-04-14
COV003376,POL003476,PD,Property Damage,active,420886.56,2709.19,2025-08-14,2026-08-14
COV003377,POL003477,PD,Property Damage,active,143769.22,744.14,2024-03-21,2025-03-21
COV003378,POL003478,COMP,Comprehensive,active,258274.56,2084.17,2023-10-20,2024-10-19
COV003379,POL003479,COLL,Collision,active,156266.84,1505.57,2025-03-06,2026-03-06
COV003380,POL003480,BI,Bodily Injury,active,418455.17,3170.93,2024-03-24,2025-03-24
COV003381,POL003481,BI,Bodily Injury,active,79162.39,1770.26,2025-12-16,2026-12-16
COV003382,POL003482,MED,Medical Payments,active,466398.48,3366.75,2026-03-06,2027-03-06
COV003383,POL003483,BI,Bodily Injury,active,241501.13,1213.62,2026-07-02,2027-07-02
COV003384,POL003484,BI,Bodily Injury,active,154956.02,3449.46,2024-12-11,2025-12-11
COV003385,POL003485,BI,Bodily Injury,active,466451.99,4418.56,2024-09-04,2025-09-04
COV003386,POL003486,PD,Property Damage,active,264544.2,2365.0,2026-05-25,2027-05-25
COV003387,POL003487,COMP,Comprehensive,active,28364.63,2929.36,2023-02-26,2024-02-26
COV003388,POL003488,BI,Bodily Injury,active,327411.09,3736.76,2026-04-28,2027-04-28
COV003389,POL003489,BI,Bodily Injury,active,495363.84,1322.04,2025-11-04,2026-11-04
COV003390,POL003490,COMP,Comprehensive,active,340703.29,3188.08,2024-06-18,2025-06-18
COV003391,POL003491,COLL,Collision,active,83308.38,2522.34,2025-04-06,2026-04-06
COV003392,POL003492,COLL,Collision,active,99356.06,789.28,2024-05-20,2025-05-20
COV003393,POL003493,COLL,Collision,active,489257.54,530.63,2023-05-18,2024-05-17
COV003394,POL003494,BI,Bodily Injury,active,408438.34,4866.71,2023-01-03,2024-01-03
COV003395,POL003495,COMP,Comprehensive,active,292793.56,1180.41,2025-08-28,2026-08-28
COV003396,POL003496,COMP,Comprehensive,active,195777.05,2410.42,2023-10-14,2024-10-13
COV003397,POL003497,COLL,Collision,active,91132.67,4537.23,2024-09-04,2025-09-04
COV003398,POL003498,BI,Bodily Injury,active,263391.13,3084.69,2023-06-17,2024-06-16
COV003399,POL003499,PD,Property Damage,active,260100.82,1773.76,2024-03-05,2025-03-05
COV003400,POL003500,COMP,Comprehensive,active,490532.02,2287.98,2025-07-20,2026-07-20
COV003401,POL003501,COLL,Collision,active,367622.13,3092.34,2024-12-17,2025-12-17
COV003402,POL003502,MED,Medical Payments,active,120473.06,2606.94,2024-01-24,2025-01-23
COV003403,POL003503,COMP,Comprehensive,active,33273.63,1702.86,2024-08-21,2025-08-21
COV003404,POL003504,BI,Bodily Injury,active,383059.02,468.51,2024-01-31,2025-01-30
COV003405,POL003505,PD,Property Damage,active,261166.89,3812.69,2024-07-23,2025-07-23
COV003406,POL003506,PD,Property Damage,active,213643.21,1564.6,2025-09-15,2026-09-15
COV003407,POL003507,COLL,Collision,active,192418.57,3582.25,2026-07-14,2027-07-14
COV003408,POL003508,COLL,Collision,active,57119.02,3239.66,2024-08-28,2025-08-28
COV003409,POL003509,BI,Bodily Injury,active,196027.36,915.12,2023-01-18,2024-01-18
COV003410,POL003510,COLL,Collision,active,107217.21,3495.27,2024-05-27,2025-05-27
COV003411,POL003511,COLL,Collision,active,412444.74,1724.9,2026-01-02,2027-01-02
COV003412,POL003512,PD,Property Damage,active,453832.42,1702.92,2025-02-14,2026-02-14
COV003413,POL003513,COLL,Collision,active,288860.92,3498.95,2025-06-07,2026-06-07
COV003414,POL003514,BI,Bodily Injury,active,176620.82,2297.54,2024-08-04,2025-08-04
COV003415,POL003515,BI,Bodily Injury,active,257841.2,2783.87,2023-03-20,2024-03-19
COV003416,POL003516,MED,Medical Payments,active,364390.24,1275.49,2023-01-16,2024-01-16
COV003417,POL003517,MED,Medical Payments,active,457906.22,1141.97,2024-07-20,2025-07-20
COV003418,POL003518,COLL,Collision,active,366566.23,3838.8,2024-11-10,2025-11-10
COV003419,POL003519,COLL,Collision,active,309571.85,4951.33,2025-07-31,2026-07-31
COV003420,POL003520,COLL,Collision,active,452402.65,4796.82,2023-09-15,2024-09-14
COV003421,POL003521,MED,Medical Payments,active,330067.38,1595.82,2026-08-24,2027-08-24
COV003422,POL003522,COMP,Comprehensive,active,192505.52,4319.19,2024-03-28,2025-03-28
COV003423,POL003523,PD,Property Damage,active,109940.61,1180.73,2024-06-19,2025-06-19
COV003424,POL003524,PD,Property Damage,active,149935.73,2672.42,2023-08-15,2024-08-14
COV003425,POL003525,MED,Medical Payments,active,492423.38,3873.12,2025-10-02,2026-10-02
COV003426,POL003526,PD,Property Damage,active,257060.68,859.14,2026-07-07,2027-07-07
COV003427,POL003527,COMP,Comprehensive,active,265062.08,738.57,2023-11-04,2024-11-03
COV003428,POL003528,MED,Medical Payments,active,205500.59,1674.04,2026-01-21,2027-01-21
COV003429,POL003529,MED,Medical Payments,active,96544.85,2541.31,2024-03-06,2025-03-06
COV003430,POL003530,PD,Property Damage,active,242921.04,1126.32,2025-04-22,2026-04-22
COV003431,POL003531,COMP,Comprehensive,active,79341.57,2661.05,2026-08-03,2027-08-03
COV003432,POL003532,MED,Medical Payments,active,120149.5,3550.83,2026-06-29,2027-06-29
COV003433,POL003533,PD,Property Damage,active,151409.09,2738.2,2024-10-19,2025-10-19
COV003434,POL003534,COMP,Comprehensive,active,468217.37,1625.87,2024-10-18,2025-10-18
COV003435,POL003535,MED,Medical Payments,active,436574.62,304.29,2025-10-03,2026-10-03
COV003436,POL003536,BI,Bodily Injury,active,212412.72,312.05,2023-07-01,2024-06-30
COV003437,POL003537,MED,Medical Payments,active,361003.2,4939.08,2025-05-07,2026-05-07
COV003438,POL003538,PD,Property Damage,active,152323.18,2664.47,2023-03-13,2024-03-12
COV003439,POL003539,PD,Property Damage,active,290789.79,4733.04,2023-12-19,2024-12-18
COV003440,POL003540,PD,Property Damage,active,325534.33,498.93,2026-03-21,2027-03-21
COV003441,POL003541,MED,Medical Payments,active,111783.82,1288.27,2024-07-07,2025-07-07
COV003442,POL003542,MED,Medical Payments,active,177975.32,2901.43,2025-09-15,2026-09-15
COV003443,POL003543,MED,Medical Payments,active,424143.92,4269.01,2024-04-07,2025-04-07
COV003444,POL003544,COLL,Collision,active,36737.92,925.58,2025-04-26,2026-04-26
COV003445,POL003545,COLL,Collision,active,346877.38,999.67,2024-11-08,2025-11-08
COV003446,POL003546,MED,Medical Payments,active,104733.71,2575.02,2026-05-01,2027-05-01
COV003447,POL003547,BI,Bodily Injury,active,405157.93,2399.34,2025-05-24,2026-05-24
COV003448,POL003548,PD,Property Damage,active,368611.79,4779.42,2024-07-13,2025-07-13
COV003449,POL003549,COMP,Comprehensive,active,139310.43,2178.47,2024-06-12,2025-06-12
COV003450,POL003550,MED,Medical Payments,active,236274.36,3909.21,2026-04-05,2027-04-05
COV003451,POL003551,MED,Medical Payments,active,45376.0,2115.01,2023-12-04,2024-12-03
COV003452,POL003552,MED,Medical Payments,active,440304.47,1388.98,2024-03-12,2025-03-12
COV003453,POL003553,COLL,Collision,active,279462.92,1009.28,2023-06-22,2024-06-21
COV003454,POL003554,MED,Medical Payments,active,269712.35,1144.07,2024-06-24,2025-06-24
COV003455,POL003555,PD,Property Damage,active,220568.46,601.03,2025-12-12,2026-12-12
COV003456,POL003556,COMP,Comprehensive,active,234626.22,2510.8,2023-06-27,2024-06-26
COV003457,POL003557,PD,Property Damage,active,29872.33,3537.94,2026-01-28,2027-01-28
COV003458,POL003558,BI,Bodily Injury,active,323785.48,2049.9,2023-06-18,2024-06-17
COV003459,POL003559,COMP,Comprehensive,active,63723.27,2877.91,2026-03-16,2027-03-16
COV003460,POL003560,COLL,Collision,active,285482.65,4720.13,2024-07-10,2025-07-10
COV003461,POL003561,COLL,Collision,active,426777.22,2725.29,2026-05-17,2027-05-17
COV003462,POL003562,MED,Medical Payments,active,240371.28,4549.6,2025-09-12,2026-09-12
COV003463,POL003563,MED,Medical Payments,active,374993.97,4598.09,2024-09-27,2025-09-27
COV003464,POL003564,PD,Property Damage,active,498478.1,711.94,2025-12-08,2026-12-08
COV003465,POL003565,MED,Medical Payments,active,446220.04,3361.6,2023-03-03,2024-03-02
COV003466,POL003566,MED,Medical Payments,active,33628.33,3810.52,2024-07-19,2025-07-19
COV003467,POL003567,BI,Bodily Injury,active,180153.04,2587.38,2024-09-29,2025-09-29
COV003468,POL003568,PD,Property Damage,active,471733.05,280.24,2023-09-04,2024-09-03
COV003469,POL003569,PD,Property Damage,active,358433.77,4607.62,2026-09-02,2027-09-02
COV003470,POL003570,COLL,Collision,active,358802.44,924.69,2023-07-25,2024-07-24
COV003471,POL003571,COLL,Collision,active,305066.21,2494.28,2025-06-14,2026-06-14
COV003472,POL003572,BI,Bodily Injury,active,486917.42,4330.68,2025-01-05,2026-01-05
COV003473,POL003573,MED,Medical Payments,active,264949.64,861.72,2023-04-05,2024-04-04
COV003474,POL003574,COMP,Comprehensive,active,272314.82,781.05,2025-01-07,2026-01-07
COV003475,POL003575,BI,Bodily Injury,active,55194.47,1436.81,2025-03-26,2026-03-26
COV003476,POL003576,PD,Property Damage,active,289593.85,3510.96,2025-11-27,2026-11-27
COV003477,POL003577,COMP,Comprehensive,active,252290.27,3297.74,2024-05-02,2025-05-02
COV003478,POL003578,BI,Bodily Injury,active,201975.67,3808.33,2024-02-23,2025-02-22
COV003479,POL003579,MED,Medical Payments,active,495337.88,2185.99,2024-04-07,2025-04-07
COV003480,POL003580,BI,Bodily Injury,active,295387.63,1904.69,2023-08-16,2024-08-15
COV003481,POL003581,COLL,Collision,active,335277.22,4298.12,2024-10-18,2025-10-18
COV003482,POL003582,BI,Bodily Injury,active,103656.74,4219.13,2025-02-04,2026-02-04
COV003483,POL003583,COLL,Collision,active,316872.6,470.3,2026-03-10,2027-03-10
COV003484,POL003584,PD,Property Damage,active,90868.35,3458.53,2024-07-26,2025-07-26
COV003485,POL003585,PD,Property Damage,active,292418.35,3729.05,2023-04-01,2024-03-31
COV003486,POL003586,MED,Medical Payments,active,385282.98,2313.96,2025-04-27,2026-04-27
COV003487,POL003587,PD,Property Damage,active,298452.95,2992.34,2023-10-08,2024-10-07
COV003488,POL003588,PD,Property Damage,active,241864.59,1588.46,2023-03-26,2024-03-25
COV003489,POL003589,PD,Property Damage,active,283937.92,1242.7,2023-09-15,2024-09-14
COV003490,POL003590,MED,Medical Payments,active,464162.2,589.47,2025-03-24,2026-03-24
COV003491,POL003591,COLL,Collision,active,188803.24,4064.06,2024-01-23,2025-01-22
COV003492,POL003592,COLL,Collision,active,126365.94,4843.14,2024-03-23,2025-03-23
COV003493,POL003593,BI,Bodily Injury,active,349416.18,1080.82,2026-01-20,2027-01-20
COV003494,POL003594,BI,Bodily Injury,active,425106.22,1552.92,2023-03-22,2024-03-21
COV003495,POL003595,PD,Property Damage,active,35486.79,3065.85,2025-06-08,2026-06-08
COV003496,POL003596,COMP,Comprehensive,active,298464.38,381.47,2026-02-04,2027-02-04
COV003497,POL003597,COLL,Collision,active,157834.18,2672.48,2023-10-15,2024-10-14
COV003498,POL003598,MED,Medical Payments,active,108901.13,720.13,2024-01-10,2025-01-09
COV003499,POL003599,MED,Medical Payments,active,489924.67,3293.64,2023-03-04,2024-03-03
COV003500,POL003600,PD,Property Damage,active,192458.53,2469.64,2023-04-05,2024-04-04
COV003501,POL003601,BI,Bodily Injury,active,250107.83,4350.97,2025-07-05,2026-07-05
COV003502,POL003602,BI,Bodily Injury,active,407464.5,3044.48,2024-12-11,2025-12-11
COV003503,POL003603,BI,Bodily Injury,active,153535.83,2547.93,2026-06-25,2027-06-25
COV003504,POL003604,COMP,Comprehensive,active,377275.65,913.68,2025-06-28,2026-06-28
COV003505,POL003605,PD,Property Damage,active,468950.06,1072.43,2023-01-15,2024-01-15
COV003506,POL003606,MED,Medical Payments,active,295921.56,2000.81,2026-05-17,2027-05-17
COV003507,POL003607,BI,Bodily Injury,active,317097.02,3368.64,2023-10-03,2024-10-02
COV003508,POL003608,COMP,Comprehensive,active,402589.99,605.4,2026-01-23,2027-01-23
COV003509,POL003609,COMP,Comprehensive,active,339581.97,4801.29,2023-01-29,2024-01-29
COV003510,POL003610,MED,Medical Payments,active,264697.79,879.46,2025-06-07,2026-06-07
COV003511,POL003611,BI,Bodily Injury,active,497598.08,2797.87,2023-05-08,2024-05-07
COV003512,POL003612,COLL,Collision,active,253286.5,2198.01,2025-05-11,2026-05-11
COV003513,POL003613,COMP,Comprehensive,active,138361.73,2787.56,2023-06-03,2024-06-02
COV003514,POL003614,COMP,Comprehensive,active,55301.58,2018.69,2024-01-13,2025-01-12
COV003515,POL003615,PD,Property Damage,active,194957.98,2723.37,2026-04-01,2027-04-01
COV003516,POL003616,PD,Property Damage,active,491667.96,4857.79,2026-08-12,2027-08-12
COV003517,POL003617,BI,Bodily Injury,active,439973.0,4946.74,2026-05-12,2027-05-12
COV003518,POL003618,MED,Medical Payments,active,325593.89,582.96,2023-10-30,2024-10-29
COV003519,POL003619,COLL,Collision,active,364869.3,2152.41,2025-06-19,2026-06-19
COV003520,POL003620,BI,Bodily Injury,active,197338.31,2449.64,2023-01-13,2024-01-13
COV003521,POL003621,COLL,Collision,active,234488.2,4958.86,2024-11-25,2025-11-25
COV003522,POL003622,PD,Property Damage,active,140342.23,1586.98,2023-07-08,2024-07-07
COV003523,POL003623,COLL,Collision,active,211672.92,2238.73,2025-10-19,2026-10-19
COV003524,POL003624,COLL,Collision,active,320321.72,3371.34,2024-01-24,2025-01-23
COV003525,POL003625,COMP,Comprehensive,active,325499.48,4567.55,2023-01-22,2024-01-22
COV003526,POL003626,BI,Bodily Injury,active,128234.57,1951.27,2023-12-25,2024-12-24
COV003527,POL003627,COMP,Comprehensive,active,206858.99,3943.3,2023-11-09,2024-11-08
COV003528,POL003628,BI,Bodily Injury,active,358898.36,4218.19,2025-03-09,2026-03-09
COV003529,POL003629,COMP,Comprehensive,active,353418.73,2378.85,2024-08-23,2025-08-23
COV003530,POL003630,COLL,Collision,active,190927.47,3215.71,2025-06-03,2026-06-03
COV003531,POL003631,COLL,Collision,active,40954.3,425.48,2025-05-25,2026-05-25
COV003532,POL003632,COMP,Comprehensive,active,441449.49,2630.42,2023-09-14,2024-09-13
COV003533,POL003633,COLL,Collision,active,313941.06,3967.09,2026-01-23,2027-01-23
COV003534,POL003634,PD,Property Damage,active,418914.13,3817.3,2023-03-01,2024-02-29
COV003535,POL003635,MED,Medical Payments,active,329474.42,4526.7,2024-03-09,2025-03-09
COV003536,POL003636,PD,Property Damage,active,413059.63,1072.85,2023-11-26,2024-11-25
COV003537,POL003637,MED,Medical Payments,active,482416.03,3138.33,2025-10-31,2026-10-31
COV003538,POL003638,COMP,Comprehensive,active,353648.0,4527.54,2025-01-16,2026-01-16
COV003539,POL003639,PD,Property Damage,active,333038.99,1461.83,2026-08-10,2027-08-10
COV003540,POL003640,PD,Property Damage,active,309154.53,3923.59,2023-01-30,2024-01-30
COV003541,POL003641,BI,Bodily Injury,active,107588.24,2216.19,2023-02-14,2024-02-14
COV003542,POL003642,BI,Bodily Injury,active,232222.44,3133.07,2025-03-02,2026-03-02
COV003543,POL003643,COLL,Collision,active,364726.73,3417.47,2024-08-28,2025-08-28
COV003544,POL003644,COLL,Collision,active,331558.83,542.97,2023-04-22,2024-04-21
COV003545,POL003645,BI,Bodily Injury,active,316536.41,4251.61,2023-01-31,2024-01-31
COV003546,POL003646,MED,Medical Payments,active,370646.42,4699.26,2024-02-11,2025-02-10
COV003547,POL003647,BI,Bodily Injury,active,285737.34,4062.78,2023-06-19,2024-06-18
COV003548,POL003648,BI,Bodily Injury,active,220447.84,2076.83,2025-12-23,2026-12-23
COV003549,POL003649,MED,Medical Payments,active,491482.96,4821.48,2025-02-18,2026-02-18
COV003550,POL003650,COMP,Comprehensive,active,333685.14,510.21,2024-09-15,2025-09-15
COV003551,POL003651,COMP,Comprehensive,active,206381.14,3881.59,2024-09-21,2025-09-21
COV003552,POL003652,PD,Property Damage,active,150380.15,4863.19,2026-07-06,2027-07-06
COV003553,POL003653,COMP,Comprehensive,active,87565.34,4697.97,2023-02-02,2024-02-02
COV003554,POL003654,COLL,Collision,active,441953.44,4638.93,2023-06-16,2024-06-15
COV003555,POL003655,MED,Medical Payments,active,453353.74,1096.97,2023-01-07,2024-01-07
COV003556,POL003656,COLL,Collision,active,81289.97,2427.03,2023-03-10,2024-03-09
COV003557,POL003657,BI,Bodily Injury,active,116264.42,4259.52,2024-05-30,2025-05-30
COV003558,POL003658,COLL,Collision,active,410466.05,2896.36,2023-12-27,2024-12-26
COV003559,POL003659,COLL,Collision,active,416852.59,3794.81,2024-11-19,2025-11-19
COV003560,POL003660,BI,Bodily Injury,active,150233.94,1302.71,2023-10-08,2024-10-07
COV003561,POL003661,COMP,Comprehensive,active,467799.25,2978.18,2024-08-31,2025-08-31
COV003562,POL003662,PD,Property Damage,active,425747.11,646.25,2024-01-13,2025-01-12
COV003563,POL003663,COLL,Collision,active,174527.54,4628.33,2025-01-27,2026-01-27
COV003564,POL003664,BI,Bodily Injury,active,444325.78,2686.55,2023-04-02,2024-04-01
COV003565,POL003665,COLL,Collision,active,352592.94,4842.14,2024-04-07,2025-04-07
COV003566,POL003666,BI,Bodily Injury,active,435990.8,2001.23,2026-08-28,2027-08-28
COV003567,POL003667,MED,Medical Payments,active,289021.02,1062.72,2024-03-27,2025-03-27
COV003568,POL003668,BI,Bodily Injury,active,436175.4,2123.96,2026-03-02,2027-03-02
COV003569,POL003669,PD,Property Damage,active,382113.04,4581.54,2024-05-08,2025-05-08
COV003570,POL003670,PD,Property Damage,active,149492.65,578.18,2025-10-09,2026-10-09
COV003571,POL003671,BI,Bodily Injury,active,480485.17,1065.66,2024-01-14,2025-01-13
COV003572,POL003672,BI,Bodily Injury,active,59916.79,2923.23,2023-04-07,2024-04-06
COV003573,POL003673,BI,Bodily Injury,active,220333.34,3252.84,2024-11-15,2025-11-15
COV003574,POL003674,MED,Medical Payments,active,466970.87,956.66,2023-04-03,2024-04-02
COV003575,POL003675,MED,Medical Payments,active,440531.13,3154.56,2025-12-22,2026-12-22
COV003576,POL003676,PD,Property Damage,active,242831.77,3771.94,2024-06-18,2025-06-18
COV003577,POL003677,MED,Medical Payments,active,372108.88,4390.56,2023-03-19,2024-03-18
COV003578,POL003678,PD,Property Damage,active,467394.03,1412.41,2026-07-26,2027-07-26
COV003579,POL003679,PD,Property Damage,active,293271.1,4594.99,2025-03-04,2026-03-04
COV003580,POL003680,PD,Property Damage,active,340871.38,497.36,2026-04-26,2027-04-26
COV003581,POL003681,BI,Bodily Injury,active,97618.14,1217.83,2024-02-12,2025-02-11
COV003582,POL003682,MED,Medical Payments,active,355233.88,1024.33,2025-01-21,2026-01-21
COV003583,POL003683,PD,Property Damage,active,152127.07,443.88,2024-01-22,2025-01-21
COV003584,POL003684,PD,Property Damage,active,86973.4,695.71,2024-07-11,2025-07-11
COV003585,POL003685,COMP,Comprehensive,active,377629.47,2174.3,2023-10-20,2024-10-19
COV003586,POL003686,BI,Bodily Injury,active,215474.35,4050.48,2025-10-05,2026-10-05
COV003587,POL003687,MED,Medical Payments,active,350095.84,2642.73,2023-10-20,2024-10-19
COV003588,POL003688,PD,Property Damage,active,144054.98,3531.32,2023-01-16,2024-01-16
COV003589,POL003689,MED,Medical Payments,active,36968.42,4353.59,2024-12-06,2025-12-06
COV003590,POL003690,PD,Property Damage,active,306155.66,4356.05,2025-05-02,2026-05-02
COV003591,POL003691,PD,Property Damage,active,245211.52,3032.91,2024-11-14,2025-11-14
COV003592,POL003692,MED,Medical Payments,active,301173.35,4180.13,2024-12-27,2025-12-27
COV003593,POL003693,COMP,Comprehensive,active,451316.33,472.58,2025-12-17,2026-12-17
COV003594,POL003694,MED,Medical Payments,active,113564.37,4226.55,2025-07-25,2026-07-25
COV003595,POL003695,PD,Property Damage,active,392532.01,3889.33,2023-03-01,2024-02-29
COV003596,POL003696,MED,Medical Payments,active,87898.16,2867.55,2024-04-02,2025-04-02
COV003597,POL003697,MED,Medical Payments,active,258257.39,4359.59,2025-04-28,2026-04-28
COV003598,POL003698,COMP,Comprehensive,active,126582.92,2747.69,2024-02-13,2025-02-12
COV003599,POL003699,COLL,Collision,active,162550.46,1321.84,2026-06-02,2027-06-02
COV003600,POL003700,COMP,Comprehensive,active,49865.15,3797.87,2025-02-16,2026-02-16
COV003601,POL003701,COLL,Collision,active,282652.96,3828.68,2026-02-20,2027-02-20
COV003602,POL003702,BI,Bodily Injury,active,459118.16,4321.39,2025-11-05,2026-11-05
COV003603,POL003703,MED,Medical Payments,active,188483.37,1639.38,2024-10-29,2025-10-29
COV003604,POL003704,PD,Property Damage,active,332918.6,2203.9,2023-12-27,2024-12-26
COV003605,POL003705,COMP,Comprehensive,active,479334.75,4830.5,2023-04-05,2024-04-04
COV003606,POL003706,PD,Property Damage,active,80893.37,4942.82,2026-08-06,2027-08-06
COV003607,POL003707,MED,Medical Payments,active,138446.44,3898.23,2023-03-20,2024-03-19
COV003608,POL003708,PD,Property Damage,active,486450.62,3141.32,2024-03-19,2025-03-19
COV003609,POL003709,COLL,Collision,active,324441.28,1752.61,2023-12-12,2024-12-11
COV003610,POL003710,COMP,Comprehensive,active,185137.52,1379.91,2026-07-14,2027-07-14
COV003611,POL003711,MED,Medical Payments,active,377476.02,1544.19,2023-08-15,2024-08-14
COV003612,POL003712,PD,Property Damage,active,423772.13,894.48,2023-10-22,2024-10-21
COV003613,POL003713,COLL,Collision,active,206045.51,4592.69,2023-10-07,2024-10-06
COV003614,POL003714,COLL,Collision,active,112083.67,1997.11,2023-01-01,2024-01-01
COV003615,POL003715,PD,Property Damage,active,40256.7,3391.48,2026-09-08,2027-09-08
COV003616,POL003716,MED,Medical Payments,active,57113.82,3427.76,2026-05-22,2027-05-22
COV003617,POL003717,PD,Property Damage,active,350397.38,1163.76,2024-04-09,2025-04-09
COV003618,POL003718,COMP,Comprehensive,active,317180.65,1832.47,2024-04-17,2025-04-17
COV003619,POL003719,BI,Bodily Injury,active,144601.97,3943.43,2025-10-19,2026-10-19
COV003620,POL003720,COMP,Comprehensive,active,94155.69,4961.08,2023-02-12,2024-02-12
COV003621,POL003721,COMP,Comprehensive,active,104018.2,3492.45,2024-05-05,2025-05-05
COV003622,POL003722,PD,Property Damage,active,271217.44,3917.05,2024-07-30,2025-07-30
COV003623,POL003723,MED,Medical Payments,active,474661.29,3313.7,2024-04-11,2025-04-11
COV003624,POL003724,COLL,Collision,active,368973.52,1431.06,2024-09-02,2025-09-02
COV003625,POL003725,MED,Medical Payments,active,390873.25,3582.21,2026-06-18,2027-06-18
COV003626,POL003726,PD,Property Damage,active,338573.76,3404.19,2026-05-12,2027-05-12
COV003627,POL003727,MED,Medical Payments,active,185648.74,3658.04,2023-12-02,2024-12-01
COV003628,POL003728,BI,Bodily Injury,active,410514.79,4529.1,2025-07-19,2026-07-19
COV003629,POL003729,PD,Property Damage,active,29168.32,1003.54,2025-09-05,2026-09-05
COV003630,POL003730,COLL,Collision,active,390745.79,2905.54,2025-03-04,2026-03-04
COV003631,POL003731,MED,Medical Payments,active,402733.55,3028.59,2026-08-09,2027-08-09
COV003632,POL003732,BI,Bodily Injury,active,99644.72,3755.43,2024-09-03,2025-09-03
COV003633,POL003733,BI,Bodily Injury,active,425908.54,2572.96,2024-11-30,2025-11-30
COV003634,POL003734,PD,Property Damage,active,254389.51,3256.05,2026-04-20,2027-04-20
COV003635,POL003735,PD,Property Damage,active,271732.67,1121.25,2025-03-27,2026-03-27
COV003636,POL003736,BI,Bodily Injury,active,50797.79,3433.62,2025-04-01,2026-04-01
COV003637,POL003737,PD,Property Damage,active,304109.85,4247.0,2024-03-01,2025-03-01
COV003638,POL003738,BI,Bodily Injury,active,54008.17,482.62,2025-10-01,2026-10-01
COV003639,POL003739,MED,Medical Payments,active,476365.13,4138.46,2023-06-02,2024-06-01
COV003640,POL003740,PD,Property Damage,active,78369.92,4804.13,2023-10-18,2024-10-17
COV003641,POL003741,BI,Bodily Injury,active,118717.81,4806.31,2023-08-28,2024-08-27
COV003642,POL003742,MED,Medical Payments,active,253503.02,749.14,2024-09-06,2025-09-06
COV003643,POL003743,BI,Bodily Injury,active,448096.93,749.23,2024-08-25,2025-08-25
COV003644,POL003744,MED,Medical Payments,active,300751.25,1012.64,2024-04-24,2025-04-24
COV003645,POL003745,COMP,Comprehensive,active,160591.9,512.37,2023-11-12,2024-11-11
COV003646,POL003746,BI,Bodily Injury,active,439575.36,4549.63,2026-03-12,2027-03-12
COV003647,POL003747,PD,Property Damage,active,374653.41,4360.08,2025-09-30,2026-09-30
COV003648,POL003748,MED,Medical Payments,active,193663.59,3460.54,2025-02-01,2026-02-01
COV003649,POL003749,COMP,Comprehensive,active,199942.16,1304.83,2025-01-09,2026-01-09
COV003650,POL003750,COLL,Collision,active,48459.45,2521.65,2024-02-05,2025-02-04
COV003651,POL003751,MED,Medical Payments,active,67396.83,3398.74,2023-05-16,2024-05-15
COV003652,POL003752,PD,Property Damage,active,487158.48,1081.13,2025-08-18,2026-08-18
COV003653,POL003753,BI,Bodily Injury,active,195789.61,3394.31,2026-01-04,2027-01-04
COV003654,POL003754,PD,Property Damage,active,361625.99,1327.25,2023-05-21,2024-05-20
COV003655,POL003755,BI,Bodily Injury,active,355865.95,4692.4,2023-01-08,2024-01-08
COV003656,POL003756,COLL,Collision,active,181448.5,1458.79,2024-09-08,2025-09-08
COV003657,POL003757,MED,Medical Payments,active,217469.03,1112.46,2025-08-26,2026-08-26
COV003658,POL003758,PD,Property Damage,active,498852.13,4636.16,2025-04-06,2026-04-06
COV003659,POL003759,COLL,Collision,active,217360.54,1732.3,2026-01-20,2027-01-20
COV003660,POL003760,PD,Property Damage,active,309540.25,2675.69,2025-12-05,2026-12-05
COV003661,POL003761,PD,Property Damage,active,112276.9,362.53,2023-06-09,2024-06-08
COV003662,POL003762,MED,Medical Payments,active,35902.73,755.97,2024-08-30,2025-08-30
COV003663,POL003763,COMP,Comprehensive,active,131312.27,4931.54,2023-04-24,2024-04-23
COV003664,POL003764,BI,Bodily Injury,active,482509.93,2310.97,2023-11-13,2024-11-12
COV003665,POL003765,BI,Bodily Injury,active,311662.51,3704.85,2023-10-18,2024-10-17
COV003666,POL003766,COLL,Collision,active,243100.14,463.67,2025-08-23,2026-08-23
COV003667,POL003767,PD,Property Damage,active,30231.48,1546.95,2025-09-30,2026-09-30
COV003668,POL003768,MED,Medical Payments,active,127307.2,1904.71,2025-07-06,2026-07-06
COV003669,POL003769,MED,Medical Payments,active,360036.31,313.32,2023-11-24,2024-11-23
COV003670,POL003770,COMP,Comprehensive,active,424302.59,1223.03,2023-09-25,2024-09-24
COV003671,POL003771,COMP,Comprehensive,active,262434.42,605.3,2023-10-16,2024-10-15
COV003672,POL003772,BI,Bodily Injury,active,479762.84,3853.14,2026-09-02,2027-09-02
COV003673,POL003773,BI,Bodily Injury,active,381318.02,4702.19,2023-02-17,2024-02-17
COV003674,POL003774,COMP,Comprehensive,active,477942.96,3504.31,2023-08-05,2024-08-04
COV003675,POL003775,MED,Medical Payments,active,78370.35,648.26,2024-12-13,2025-12-13
COV003676,POL003776,COMP,Comprehensive,active,234760.17,4388.64,2026-06-10,2027-06-10
COV003677,POL003777,MED,Medical Payments,active,374284.36,2982.45,2023-02-23,2024-02-23
COV003678,POL003778,COMP,Comprehensive,active,131224.22,3005.12,2025-09-14,2026-09-14
COV003679,POL003779,MED,Medical Payments,active,295410.79,3661.52,2024-08-10,2025-08-10
COV003680,POL003780,COMP,Comprehensive,active,416436.37,960.13,2025-11-10,2026-11-10
COV003681,POL003781,COLL,Collision,active,208777.13,1685.41,2025-07-16,2026-07-16
COV003682,POL003782,BI,Bodily Injury,active,272864.26,736.05,2026-01-25,2027-01-25
COV003683,POL003783,PD,Property Damage,active,368919.72,1139.14,2024-06-12,2025-06-12
COV003684,POL003784,BI,Bodily Injury,active,409045.22,1194.21,2025-05-14,2026-05-14
COV003685,POL003785,COLL,Collision,active,92717.82,1361.22,2025-12-26,2026-12-26
COV003686,POL003786,COMP,Comprehensive,active,340164.85,2982.4,2024-01-23,2025-01-22
COV003687,POL003787,COLL,Collision,active,499769.5,3435.3,2026-06-19,2027-06-19
COV003688,POL003788,PD,Property Damage,active,358645.72,2976.26,2024-11-12,2025-11-12
COV003689,POL003789,MED,Medical Payments,active,133782.51,3065.66,2024-05-30,2025-05-30
COV003690,POL003790,COMP,Comprehensive,active,151515.43,4638.63,2025-08-05,2026-08-05
COV003691,POL003791,BI,Bodily Injury,active,184142.92,1769.23,2024-06-01,2025-06-01
COV003692,POL003792,COLL,Collision,active,137284.09,915.63,2025-05-05,2026-05-05
COV003693,POL003793,MED,Medical Payments,active,111516.69,348.31,2024-06-24,2025-06-24
COV003694,POL003794,COLL,Collision,active,393482.78,4887.62,2026-02-03,2027-02-03
COV003695,POL003795,PD,Property Damage,active,228906.43,4232.26,2024-01-25,2025-01-24
COV003696,POL003796,BI,Bodily Injury,active,423570.34,2901.55,2024-04-14,2025-04-14
COV003697,POL003797,COMP,Comprehensive,active,166139.36,2491.74,2025-06-15,2026-06-15
COV003698,POL003798,BI,Bodily Injury,active,328794.22,4854.46,2024-10-10,2025-10-10
COV003699,POL003799,MED,Medical Payments,active,266634.54,3023.32,2024-01-24,2025-01-23
COV003700,POL003800,MED,Medical Payments,active,292349.76,3500.56,2026-04-05,2027-04-05
COV003701,POL003801,PD,Property Damage,active,272293.57,2617.03,2025-03-27,2026-03-27
COV003702,POL003802,COMP,Comprehensive,active,128650.78,1190.52,2024-02-23,2025-02-22
COV003703,POL003803,MED,Medical Payments,active,330276.5,2874.65,2023-09-11,2024-09-10
COV003704,POL003804,MED,Medical Payments,active,452255.26,2723.22,2026-03-03,2027-03-03
COV003705,POL003805,COMP,Comprehensive,active,414489.71,3925.27,2024-01-08,2025-01-07
COV003706,POL003806,COMP,Comprehensive,active,385207.53,2891.45,2023-04-23,2024-04-22
COV003707,POL003807,BI,Bodily Injury,active,170748.86,3365.81,2026-06-10,2027-06-10
COV003708,POL003808,PD,Property Damage,active,194180.98,1934.06,2024-04-04,2025-04-04
COV003709,POL003809,COMP,Comprehensive,active,443777.88,389.37,2023-03-27,2024-03-26
COV003710,POL003810,PD,Property Damage,active,359364.73,3976.66,2026-06-22,2027-06-22
COV003711,POL003811,PD,Property Damage,active,311948.53,1841.86,2024-07-15,2025-07-15
COV003712,POL003812,PD,Property Damage,active,55760.81,3709.87,2023-10-26,2024-10-25
COV003713,POL003813,BI,Bodily Injury,active,125745.93,4273.48,2024-05-10,2025-05-10
COV003714,POL003814,BI,Bodily Injury,active,168763.82,2655.03,2025-05-20,2026-05-20
COV003715,POL003815,COLL,Collision,active,489084.0,610.73,2025-01-10,2026-01-10
COV003716,POL003816,COMP,Comprehensive,active,136505.27,4100.77,2026-05-26,2027-05-26
COV003717,POL003817,BI,Bodily Injury,active,313062.95,1130.71,2023-08-04,2024-08-03
COV003718,POL003818,COLL,Collision,active,86228.77,4544.8,2024-11-15,2025-11-15
COV003719,POL003819,COLL,Collision,active,392604.84,4484.05,2026-06-10,2027-06-10
COV003720,POL003820,BI,Bodily Injury,active,166806.86,2396.36,2026-05-29,2027-05-29
COV003721,POL003821,COLL,Collision,active,333872.44,1682.61,2024-07-07,2025-07-07
COV003722,POL003822,COMP,Comprehensive,active,462101.16,3375.84,2024-06-03,2025-06-03
COV003723,POL003823,COLL,Collision,active,26467.11,807.35,2023-03-30,2024-03-29
COV003724,POL003824,COMP,Comprehensive,active,486260.73,4514.29,2026-05-15,2027-05-15
COV003725,POL003825,BI,Bodily Injury,active,82367.98,252.33,2026-04-01,2027-04-01
COV003726,POL003826,BI,Bodily Injury,active,412321.67,2551.8,2026-03-30,2027-03-30
COV003727,POL003827,COMP,Comprehensive,active,455580.31,1934.03,2023-01-03,2024-01-03
COV003728,POL003828,MED,Medical Payments,active,470467.77,2170.37,2026-03-15,2027-03-15
COV003729,POL003829,COMP,Comprehensive,active,44726.17,2769.47,2025-12-14,2026-12-14
COV003730,POL003830,COMP,Comprehensive,active,77744.24,482.73,2025-10-14,2026-10-14
COV003731,POL003831,MED,Medical Payments,active,461564.99,4347.19,2024-11-06,2025-11-06
COV003732,POL003832,PD,Property Damage,active,32085.47,3511.51,2025-03-04,2026-03-04
COV003733,POL003833,COMP,Comprehensive,active,165403.12,694.29,2025-10-07,2026-10-07
COV003734,POL003834,COMP,Comprehensive,active,244890.04,2459.95,2023-10-23,2024-10-22
COV003735,POL003835,BI,Bodily Injury,active,142708.7,2442.59,2023-10-21,2024-10-20
COV003736,POL003836,PD,Property Damage,active,382688.53,669.76,2026-02-22,2027-02-22
COV003737,POL003837,MED,Medical Payments,active,171736.54,884.95,2023-06-11,2024-06-10
COV003738,POL003838,COLL,Collision,active,61602.29,539.92,2023-08-18,2024-08-17
COV003739,POL003839,COLL,Collision,active,414015.28,4906.09,2025-11-19,2026-11-19
COV003740,POL003840,BI,Bodily Injury,active,231194.77,971.69,2023-05-30,2024-05-29
COV003741,POL003841,COLL,Collision,active,319224.87,2898.29,2025-10-10,2026-10-10
COV003742,POL003842,COMP,Comprehensive,active,302437.46,3632.79,2025-09-29,2026-09-29
COV003743,POL003843,COMP,Comprehensive,active,228624.23,4835.93,2023-01-22,2024-01-22
COV003744,POL003844,BI,Bodily Injury,active,212291.32,3265.7,2026-07-24,2027-07-24
COV003745,POL003845,COMP,Comprehensive,active,477664.12,3335.82,2023-07-30,2024-07-29
COV003746,POL003846,MED,Medical Payments,active,294896.69,760.84,2026-08-03,2027-08-03
COV003747,POL003847,PD,Property Damage,active,382691.74,1514.71,2023-05-23,2024-05-22
COV003748,POL003848,COLL,Collision,active,353723.48,3412.22,2023-02-02,2024-02-02
COV003749,POL003849,MED,Medical Payments,active,39552.32,2037.88,2025-05-20,2026-05-20
COV003750,POL003850,BI,Bodily Injury,active,184928.59,4482.2,2025-10-24,2026-10-24
COV003751,POL003851,COLL,Collision,active,146745.31,3925.07,2023-03-13,2024-03-12
COV003752,POL003852,BI,Bodily Injury,active,206093.62,1300.36,2024-01-26,2025-01-25
COV003753,POL003853,BI,Bodily Injury,active,423520.5,280.38,2023-05-18,2024-05-17
COV003754,POL003854,COMP,Comprehensive,active,345293.15,3936.12,2026-07-10,2027-07-10
COV003755,POL003855,PD,Property Damage,active,436786.6,455.17,2023-09-23,2024-09-22
COV003756,POL003856,PD,Property Damage,active,121312.58,265.81,2025-03-05,2026-03-05
COV003757,POL003857,MED,Medical Payments,active,204901.54,2789.97,2023-12-26,2024-12-25
COV003758,POL003858,MED,Medical Payments,active,350776.29,2852.59,2025-06-03,2026-06-03
COV003759,POL003859,PD,Property Damage,active,56679.68,1625.01,2024-03-12,2025-03-12
COV003760,POL003860,COLL,Collision,active,119072.56,2666.75,2023-12-04,2024-12-03
COV003761,POL003861,COLL,Collision,active,218702.79,1463.49,2025-03-16,2026-03-16
COV003762,POL003862,COMP,Comprehensive,active,155307.71,3375.42,2025-01-02,2026-01-02
COV003763,POL003863,PD,Property Damage,active,78369.83,3077.59,2023-02-25,2024-02-25
COV003764,POL003864,BI,Bodily Injury,active,254417.47,493.22,2023-06-20,2024-06-19
COV003765,POL003865,PD,Property Damage,active,438563.84,3221.64,2024-03-31,2025-03-31
COV003766,POL003866,COLL,Collision,active,282728.37,3024.66,2024-11-25,2025-11-25
COV003767,POL003867,PD,Property Damage,active,454977.66,2210.27,2026-05-12,2027-05-12
COV003768,POL003868,BI,Bodily Injury,active,118361.78,318.77,2023-04-30,2024-04-29
COV003769,POL003869,PD,Property Damage,active,339662.07,352.35,2025-05-02,2026-05-02
COV003770,POL003870,MED,Medical Payments,active,439562.95,1838.6,2025-04-07,2026-04-07
COV003771,POL003871,PD,Property Damage,active,192092.24,1729.03,2024-09-17,2025-09-17
COV003772,POL003872,PD,Property Damage,active,265770.93,3931.64,2024-03-22,2025-03-22
COV003773,POL003873,MED,Medical Payments,active,73289.77,926.28,2024-03-05,2025-03-05
COV003774,POL003874,BI,Bodily Injury,active,184322.24,2590.98,2025-10-06,2026-10-06
COV003775,POL003875,BI,Bodily Injury,active,452686.12,657.25,2023-12-27,2024-12-26
COV003776,POL003876,COMP,Comprehensive,active,345511.58,4500.96,2023-05-28,2024-05-27
COV003777,POL003877,PD,Property Damage,active,213402.57,3570.7,2023-10-01,2024-09-30
COV003778,POL003878,COMP,Comprehensive,active,222208.29,1367.6,2026-04-09,2027-04-09
COV003779,POL003879,PD,Property Damage,active,356269.45,3084.07,2024-08-09,2025-08-09
COV003780,POL003880,COLL,Collision,active,74125.7,1435.44,2025-04-13,2026-04-13
COV003781,POL003881,PD,Property Damage,active,49945.12,4502.7,2023-07-04,2024-07-03
COV003782,POL003882,COMP,Comprehensive,active,418066.84,4451.48,2024-01-20,2025-01-19
COV003783,POL003883,BI,Bodily Injury,active,319922.62,1578.32,2025-12-02,2026-12-02
COV003784,POL003884,COLL,Collision,active,365170.33,3292.33,2025-03-03,2026-03-03
COV003785,POL003885,MED,Medical Payments,active,496210.81,2971.07,2024-10-11,2025-10-11
COV003786,POL003886,COMP,Comprehensive,active,286411.07,1270.87,2023-09-21,2024-09-20
COV003787,POL003887,COLL,Collision,active,402193.51,2017.71,2025-09-17,2026-09-17
COV003788,POL003888,COLL,Collision,active,351337.44,1195.25,2023-11-06,2024-11-05
COV003789,POL003889,BI,Bodily Injury,active,369085.61,3139.3,2025-01-30,2026-01-30
COV003790,POL003890,PD,Property Damage,active,266406.07,2534.62,2024-11-08,2025-11-08
COV003791,POL003891,COMP,Comprehensive,active,222211.89,4436.57,2025-01-18,2026-01-18
COV003792,POL003892,COLL,Collision,active,207616.67,631.24,2026-01-21,2027-01-21
COV003793,POL003893,COMP,Comprehensive,active,111475.71,870.38,2025-01-15,2026-01-15
COV003794,POL003894,PD,Property Damage,active,484881.69,4267.02,2024-10-09,2025-10-09
COV003795,POL003895,COMP,Comprehensive,active,136788.28,349.64,2023-01-26,2024-01-26
COV003796,POL003896,COMP,Comprehensive,active,250483.08,1712.73,2026-08-06,2027-08-06
COV003797,POL003897,COLL,Collision,active,88254.28,4071.68,2024-05-19,2025-05-19
COV003798,POL003898,COMP,Comprehensive,active,63384.46,4144.53,2023-08-08,2024-08-07
COV003799,POL003899,MED,Medical Payments,active,491787.98,1604.3,2026-06-01,2027-06-01
COV003800,POL003900,BI,Bodily Injury,active,163092.83,4395.49,2025-11-02,2026-11-02
COV003801,POL003901,COLL,Collision,active,498380.39,3308.34,2025-09-14,2026-09-14
COV003802,POL003902,BI,Bodily Injury,active,62586.22,2758.16,2025-02-25,2026-02-25
COV003803,POL003903,PD,Property Damage,active,176298.44,4260.81,2025-02-12,2026-02-12
COV003804,POL003904,COLL,Collision,active,329846.66,4827.11,2024-07-31,2025-07-31
COV003805,POL003905,COLL,Collision,active,417329.41,4489.12,2026-01-25,2027-01-25
COV003806,POL003906,PD,Property Damage,active,326776.49,3785.71,2023-05-13,2024-05-12
COV003807,POL003907,COLL,Collision,active,92692.48,674.79,2023-06-07,2024-06-06
COV003808,POL003908,PD,Property Damage,active,247238.71,927.78,2023-04-28,2024-04-27
COV003809,POL003909,COLL,Collision,active,496506.34,3105.68,2023-06-05,2024-06-04
COV003810,POL003910,COMP,Comprehensive,active,196711.14,3103.11,2024-08-05,2025-08-05
COV003811,POL003911,MED,Medical Payments,active,158873.49,2707.65,2023-02-28,2024-02-28
COV003812,POL003912,BI,Bodily Injury,active,32115.56,4318.09,2024-02-19,2025-02-18
COV003813,POL003913,COMP,Comprehensive,active,219676.44,1516.49,2025-02-02,2026-02-02
COV003814,POL003914,BI,Bodily Injury,active,459641.21,1590.06,2026-08-29,2027-08-29
COV003815,POL003915,MED,Medical Payments,active,471034.3,2634.45,2024-02-05,2025-02-04
COV003816,POL003916,PD,Property Damage,active,47440.34,4283.19,2026-02-15,2027-02-15
COV003817,POL003917,COLL,Collision,active,392791.05,3318.08,2025-02-04,2026-02-04
COV003818,POL003918,MED,Medical Payments,active,60351.7,938.95,2023-05-15,2024-05-14
COV003819,POL003919,MED,Medical Payments,active,263043.83,3625.94,2025-08-18,2026-08-18
COV003820,POL003920,BI,Bodily Injury,active,449104.86,572.1,2026-08-21,2027-08-21
COV003821,POL003921,PD,Property Damage,active,94809.2,4436.46,2024-03-17,2025-03-17
COV003822,POL003922,MED,Medical Payments,active,192746.68,4736.69,2025-10-19,2026-10-19
COV003823,POL003923,MED,Medical Payments,active,49197.42,4169.07,2025-02-24,2026-02-24
COV003824,POL003924,PD,Property Damage,active,313023.36,1695.4,2023-06-14,2024-06-13
COV003825,POL003925,PD,Property Damage,active,37371.12,1073.56,2026-04-04,2027-04-04
COV003826,POL003926,BI,Bodily Injury,active,414338.81,427.55,2025-09-21,2026-09-21
COV003827,POL003927,COMP,Comprehensive,active,443509.87,4474.88,2023-04-30,2024-04-29
COV003828,POL003928,BI,Bodily Injury,active,400926.35,2909.19,2024-01-09,2025-01-08
COV003829,POL003929,COMP,Comprehensive,active,366311.55,1288.95,2023-11-29,2024-11-28
COV003830,POL003930,COMP,Comprehensive,active,265327.35,3339.4,2024-03-15,2025-03-15
COV003831,POL003931,MED,Medical Payments,active,391700.85,602.19,2024-02-13,2025-02-12
COV003832,POL003932,COLL,Collision,active,405064.5,4141.08,2025-05-11,2026-05-11
COV003833,POL003933,COMP,Comprehensive,active,413463.35,1649.63,2025-08-26,2026-08-26
COV003834,POL003934,COMP,Comprehensive,active,364863.43,4339.06,2025-05-14,2026-05-14
COV003835,POL003935,PD,Property Damage,active,82042.73,1087.82,2023-05-30,2024-05-29
COV003836,POL003936,COMP,Comprehensive,active,376100.3,4139.03,2024-06-07,2025-06-07
COV003837,POL003937,MED,Medical Payments,active,111246.75,721.09,2023-02-25,2024-02-25
COV003838,POL003938,MED,Medical Payments,active,289379.51,1647.86,2025-03-16,2026-03-16
COV003839,POL003939,COLL,Collision,active,398074.87,3022.32,2024-06-17,2025-06-17
COV003840,POL003940,PD,Property Damage,active,293373.23,992.65,2025-12-29,2026-12-29
COV003841,POL003941,MED,Medical Payments,active,357389.67,1661.26,2023-04-18,2024-04-17
COV003842,POL003942,COLL,Collision,active,469148.7,4897.93,2026-07-01,2027-07-01
COV003843,POL003943,COLL,Collision,active,350610.18,799.62,2023-10-05,2024-10-04
COV003844,POL003944,COLL,Collision,active,411415.4,4686.47,2023-10-22,2024-10-21
COV003845,POL003945,MED,Medical Payments,active,355197.55,1977.18,2023-05-19,2024-05-18
COV003846,POL003946,BI,Bodily Injury,active,192045.64,467.2,2025-08-25,2026-08-25
COV003847,POL003947,COMP,Comprehensive,active,403091.74,3905.5,2026-06-04,2027-06-04
COV003848,POL003948,BI,Bodily Injury,active,330254.61,3148.04,2023-10-28,2024-10-27
COV003849,POL003949,COMP,Comprehensive,active,426559.61,2117.33,2025-03-24,2026-03-24
COV003850,POL003950,MED,Medical Payments,active,196197.22,4903.57,2025-04-30,2026-04-30
COV003851,POL003951,COLL,Collision,active,499998.56,4420.58,2023-12-02,2024-12-01
COV003852,POL003952,MED,Medical Payments,active,236108.06,1613.75,2023-05-09,2024-05-08
COV003853,POL003953,COLL,Collision,active,442781.6,1387.76,2025-01-14,2026-01-14
COV003854,POL003954,COLL,Collision,active,128286.76,4992.13,2025-09-20,2026-09-20
COV003855,POL003955,BI,Bodily Injury,active,395283.17,284.73,2025-03-23,2026-03-23
COV003856,POL003956,MED,Medical Payments,active,120075.03,1249.44,2025-08-17,2026-08-17
COV003857,POL003957,BI,Bodily Injury,active,272372.15,3538.81,2023-08-20,2024-08-19
COV003858,POL003958,PD,Property Damage,active,342192.95,2737.02,2023-07-02,2024-07-01
COV003859,POL003959,COMP,Comprehensive,active,298331.97,4368.28,2026-04-10,2027-04-10
COV003860,POL003960,COLL,Collision,active,318986.88,4359.78,2023-06-18,2024-06-17
COV003861,POL003961,COLL,Collision,active,481551.05,3641.25,2025-10-25,2026-10-25
COV003862,POL003962,PD,Property Damage,active,302152.54,3469.05,2023-03-11,2024-03-10
COV003863,POL003963,MED,Medical Payments,active,48724.23,3017.07,2025-12-09,2026-12-09
COV003864,POL003964,MED,Medical Payments,active,357330.61,4469.35,2025-11-11,2026-11-11
COV003865,POL003965,PD,Property Damage,active,323294.73,3896.7,2026-05-15,2027-05-15
COV003866,POL003966,MED,Medical Payments,active,305829.23,3921.36,2025-01-18,2026-01-18
COV003867,POL003967,COMP,Comprehensive,active,83884.21,3302.55,2026-01-31,2027-01-31
COV003868,POL003968,BI,Bodily Injury,active,316511.43,3535.75,2024-01-16,2025-01-15
COV003869,POL003969,COMP,Comprehensive,active,451842.39,2746.6,2024-05-23,2025-05-23
COV003870,POL003970,BI,Bodily Injury,active,239637.86,4437.68,2026-03-07,2027-03-07
COV003871,POL003971,COLL,Collision,active,383774.65,2562.29,2024-07-09,2025-07-09
COV003872,POL003972,COMP,Comprehensive,active,198834.79,3975.33,2024-12-08,2025-12-08
COV003873,POL003973,COLL,Collision,active,327700.39,4692.75,2025-10-01,2026-10-01
COV003874,POL003974,COLL,Collision,active,264031.5,2279.4,2024-01-21,2025-01-20
COV003875,POL003975,BI,Bodily Injury,active,165023.12,2577.64,2023-09-01,2024-08-31
COV003876,POL003976,MED,Medical Payments,active,50333.17,3641.58,2023-12-16,2024-12-15
COV003877,POL003977,BI,Bodily Injury,active,409994.15,3242.59,2023-12-25,2024-12-24
COV003878,POL003978,MED,Medical Payments,active,400644.67,2782.18,2025-11-17,2026-11-17
COV003879,POL003979,MED,Medical Payments,active,236166.27,2819.64,2025-11-27,2026-11-27
COV003880,POL003980,BI,Bodily Injury,active,299803.56,4317.24,2023-05-02,2024-05-01
COV003881,POL003981,BI,Bodily Injury,active,143728.93,1139.19,2026-03-10,2027-03-10
COV003882,POL003982,BI,Bodily Injury,active,486889.2,511.43,2024-01-18,2025-01-17
COV003883,POL003983,COMP,Comprehensive,active,300937.28,1644.62,2023-01-04,2024-01-04
COV003884,POL003984,COLL,Collision,active,305107.09,756.33,2023-05-23,2024-05-22
COV003885,POL003985,COMP,Comprehensive,active,476498.13,2502.27,2024-01-06,2025-01-05
COV003886,POL003986,COLL,Collision,active,342881.37,1194.05,2025-08-30,2026-08-30
COV003887,POL003987,MED,Medical Payments,active,300899.79,2108.97,2023-06-12,2024-06-11
COV003888,POL003988,COMP,Comprehensive,active,274239.23,1323.57,2024-02-27,2025-02-26
COV003889,POL003989,PD,Property Damage,active,372461.17,4783.63,2023-06-27,2024-06-26
COV003890,POL003990,MED,Medical Payments,active,341856.62,3753.7,2024-06-06,2025-06-06
COV003891,POL003991,COMP,Comprehensive,active,324912.97,3251.97,2023-05-21,2024-05-20
COV003892,POL003992,BI,Bodily Injury,active,191042.15,1629.59,2024-04-18,2025-04-18
COV003893,POL003993,PD,Property Damage,active,38163.36,886.97,2024-01-03,2025-01-02
COV003894,POL003994,BI,Bodily Injury,active,160462.9,4615.89,2024-04-20,2025-04-20
COV003895,POL003995,PD,Property Damage,active,414441.26,3520.56,2023-01-15,2024-01-15
COV003896,POL003996,COLL,Collision,active,380213.45,1908.11,2024-07-30,2025-07-30
COV003897,POL003997,MED,Medical Payments,active,447374.67,4437.28,2025-12-21,2026-12-21
COV003898,POL003998,MED,Medical Payments,active,145858.28,1191.52,2024-01-21,2025-01-20
COV003899,POL003999,COMP,Comprehensive,active,46380.22,2998.17,2025-08-01,2026-08-01
COV003900,POL004000,BI,Bodily Injury,active,230768.19,2565.34,2023-09-06,2024-09-05
COV003901,POL004001,MED,Medical Payments,active,328332.58,1258.03,2024-02-25,2025-02-24
COV003902,POL004002,COLL,Collision,active,100042.15,336.32,2025-01-12,2026-01-12
COV003903,POL004003,PD,Property Damage,active,343591.15,2814.0,2026-07-21,2027-07-21
COV003904,POL004004,MED,Medical Payments,active,316811.28,2509.61,2025-07-16,2026-07-16
COV003905,POL004005,MED,Medical Payments,active,81927.77,1826.28,2026-05-04,2027-05-04
COV003906,POL004006,BI,Bodily Injury,active,177531.83,1073.02,2023-10-03,2024-10-02
COV003907,POL004007,MED,Medical Payments,active,276348.76,1177.02,2024-11-08,2025-11-08
COV003908,POL004008,PD,Property Damage,active,126570.18,3590.79,2025-07-10,2026-07-10
COV003909,POL004009,MED,Medical Payments,active,63212.73,3258.33,2025-08-23,2026-08-23
COV003910,POL004010,PD,Property Damage,active,362408.95,333.03,2023-11-06,2024-11-05
COV003911,POL004011,COLL,Collision,active,229268.77,845.73,2024-08-06,2025-08-06
COV003912,POL004012,PD,Property Damage,active,494075.66,1716.49,2024-12-07,2025-12-07
COV003913,POL004013,BI,Bodily Injury,active,183051.81,2826.56,2023-02-08,2024-02-08
COV003914,POL004014,PD,Property Damage,active,426703.44,3330.77,2025-02-10,2026-02-10
COV003915,POL004015,BI,Bodily Injury,active,404062.55,983.65,2025-05-21,2026-05-21
COV003916,POL004016,MED,Medical Payments,active,295240.82,3267.35,2024-08-23,2025-08-23
COV003917,POL004017,COMP,Comprehensive,active,296488.19,3164.18,2023-09-02,2024-09-01
COV003918,POL004018,BI,Bodily Injury,active,403464.38,3832.86,2024-02-12,2025-02-11
COV003919,POL004019,MED,Medical Payments,active,318618.25,2726.72,2024-11-27,2025-11-27
COV003920,POL004020,PD,Property Damage,active,207890.12,1112.74,2024-11-05,2025-11-05
COV003921,POL004021,MED,Medical Payments,active,133467.33,3839.69,2024-04-08,2025-04-08
COV003922,POL004022,COLL,Collision,active,238673.65,516.89,2024-02-07,2025-02-06
COV003923,POL004023,COLL,Collision,active,199690.53,4968.22,2024-12-30,2025-12-30
COV003924,POL004024,BI,Bodily Injury,active,39790.47,1033.24,2025-08-27,2026-08-27
COV003925,POL004025,PD,Property Damage,active,301743.21,3838.67,2025-10-16,2026-10-16
COV003926,POL004026,COLL,Collision,active,36818.42,1667.97,2023-08-16,2024-08-15
COV003927,POL004027,PD,Property Damage,active,189651.88,2031.21,2025-01-06,2026-01-06
COV003928,POL004028,COMP,Comprehensive,active,80818.86,2096.94,2024-06-29,2025-06-29
COV003929,POL004029,COLL,Collision,active,309563.08,3524.64,2024-09-19,2025-09-19
COV003930,POL004030,COLL,Collision,active,211838.28,3077.43,2024-09-06,2025-09-06
COV003931,POL004031,PD,Property Damage,active,446841.12,3701.9,2024-04-20,2025-04-20
COV003932,POL004032,MED,Medical Payments,active,83852.7,3099.14,2026-01-12,2027-01-12
COV003933,POL004033,PD,Property Damage,active,46024.93,4275.87,2024-01-23,2025-01-22
COV003934,POL004034,COMP,Comprehensive,active,203706.16,4619.17,2025-05-26,2026-05-26
COV003935,POL004035,COMP,Comprehensive,active,258697.59,2471.7,2026-01-04,2027-01-04
COV003936,POL004036,BI,Bodily Injury,active,189747.17,1673.07,2025-05-29,2026-05-29
COV003937,POL004037,COLL,Collision,active,440561.29,3221.36,2025-06-02,2026-06-02
COV003938,POL004038,PD,Property Damage,active,168689.23,1662.98,2023-03-07,2024-03-06
COV003939,POL004039,BI,Bodily Injury,active,315872.88,667.24,2023-04-06,2024-04-05
COV003940,POL004040,MED,Medical Payments,active,38418.5,1096.72,2024-04-27,2025-04-27
COV003941,POL004041,BI,Bodily Injury,active,169237.15,4185.45,2024-08-23,2025-08-23
COV003942,POL004042,COMP,Comprehensive,active,480648.69,941.44,2025-04-12,2026-04-12
COV003943,POL004043,BI,Bodily Injury,active,450370.76,1478.42,2023-01-11,2024-01-11
COV003944,POL004044,BI,Bodily Injury,active,57429.33,1958.61,2023-07-09,2024-07-08
COV003945,POL004045,COLL,Collision,active,103815.13,1898.83,2023-12-24,2024-12-23
COV003946,POL004046,COMP,Comprehensive,active,89875.18,2411.95,2023-11-14,2024-11-13
COV003947,POL004047,BI,Bodily Injury,active,312204.44,3806.82,2025-07-30,2026-07-30
COV003948,POL004048,MED,Medical Payments,active,33766.6,2017.22,2024-05-13,2025-05-13
COV003949,POL004049,BI,Bodily Injury,active,335655.41,2960.67,2025-07-11,2026-07-11
COV003950,POL004050,COLL,Collision,active,242274.77,2686.3,2026-08-10,2027-08-10
COV003951,POL004051,PD,Property Damage,active,447914.85,2755.81,2024-06-13,2025-06-13
COV003952,POL004052,MED,Medical Payments,active,29385.05,2923.9,2024-03-25,2025-03-25
COV003953,POL004053,COLL,Collision,active,465985.32,3928.8,2023-07-22,2024-07-21
COV003954,POL004054,PD,Property Damage,active,276520.32,4956.4,2026-08-28,2027-08-28
COV003955,POL004055,COLL,Collision,active,266518.34,3178.24,2026-07-21,2027-07-21
COV003956,POL004056,MED,Medical Payments,active,346388.84,3504.53,2023-08-11,2024-08-10
COV003957,POL004057,COLL,Collision,active,96669.02,4720.41,2025-10-26,2026-10-26
COV003958,POL004058,COMP,Comprehensive,active,485379.34,2903.06,2025-03-02,2026-03-02
COV003959,POL004059,MED,Medical Payments,active,75347.27,4489.49,2023-03-18,2024-03-17
COV003960,POL004060,BI,Bodily Injury,active,115422.09,3081.09,2025-07-22,2026-07-22
COV003961,POL004061,MED,Medical Payments,active,105515.72,2619.3,2024-10-19,2025-10-19
COV003962,POL004062,BI,Bodily Injury,active,36166.25,1248.24,2026-01-01,2027-01-01
COV003963,POL004063,MED,Medical Payments,active,396313.75,4315.32,2023-04-26,2024-04-25
COV003964,POL004064,BI,Bodily Injury,active,152794.58,567.81,2023-07-06,2024-07-05
COV003965,POL004065,COMP,Comprehensive,active,193600.71,3927.73,2023-07-21,2024-07-20
COV003966,POL004066,COMP,Comprehensive,active,55017.2,1228.06,2023-04-27,2024-04-26
COV003967,POL004067,MED,Medical Payments,active,479099.1,2647.45,2023-01-16,2024-01-16
COV003968,POL004068,PD,Property Damage,active,109732.43,3148.56,2026-05-08,2027-05-08
COV003969,POL004069,MED,Medical Payments,active,235057.03,3982.3,2025-08-04,2026-08-04
COV003970,POL004070,BI,Bodily Injury,active,44255.21,2451.77,2024-08-20,2025-08-20
COV003971,POL004071,COMP,Comprehensive,active,352989.29,2842.05,2026-06-08,2027-06-08
COV003972,POL004072,BI,Bodily Injury,active,79945.77,3843.07,2025-09-15,2026-09-15
COV003973,POL004073,BI,Bodily Injury,active,317335.06,678.5,2023-08-12,2024-08-11
COV003974,POL004074,COLL,Collision,active,413767.19,4408.01,2023-12-23,2024-12-22
COV003975,POL004075,MED,Medical Payments,active,295580.74,4875.71,2026-05-11,2027-05-11
COV003976,POL004076,MED,Medical Payments,active,491288.27,3649.97,2024-08-14,2025-08-14
COV003977,POL004077,PD,Property Damage,active,266551.69,1672.96,2025-07-24,2026-07-24
COV003978,POL004078,COLL,Collision,active,71805.04,1378.83,2023-05-21,2024-05-20
COV003979,POL004079,COMP,Comprehensive,active,486900.74,759.78,2025-01-06,2026-01-06
COV003980,POL004080,BI,Bodily Injury,active,186035.81,3250.64,2024-10-14,2025-10-14
COV003981,POL004081,BI,Bodily Injury,active,456177.26,4599.04,2024-10-06,2025-10-06
COV003982,POL004082,PD,Property Damage,active,118506.26,1865.89,2026-01-26,2027-01-26
COV003983,POL004083,COLL,Collision,active,423902.19,510.42,2026-02-17,2027-02-17
COV003984,POL004084,COLL,Collision,active,43617.45,1741.06,2024-09-03,2025-09-03
COV003985,POL004085,BI,Bodily Injury,active,319625.55,4409.14,2025-02-20,2026-02-20
COV003986,POL004086,COLL,Collision,active,237225.92,643.13,2026-03-21,2027-03-21
COV003987,POL004087,COLL,Collision,active,302886.19,2199.03,2025-12-19,2026-12-19
COV003988,POL004088,PD,Property Damage,active,53265.58,2361.32,2024-11-11,2025-11-11
COV003989,POL004089,COLL,Collision,active,108872.11,503.32,2025-03-07,2026-03-07
COV003990,POL004090,COMP,Comprehensive,active,373403.08,942.19,2025-10-25,2026-10-25
COV003991,POL004091,COLL,Collision,active,347060.56,2010.69,2024-10-02,2025-10-02
COV003992,POL004092,COLL,Collision,active,309901.23,3834.61,2023-03-03,2024-03-02
COV003993,POL004093,COLL,Collision,active,318563.63,2229.33,2023-09-12,2024-09-11
COV003994,POL004094,PD,Property Damage,active,213162.82,4646.15,2024-05-07,2025-05-07
COV003995,POL004095,BI,Bodily Injury,active,361668.87,3117.86,2024-09-04,2025-09-04
COV003996,POL004096,MED,Medical Payments,active,415248.72,340.0,2026-03-14,2027-03-14
COV003997,POL004097,BI,Bodily Injury,active,238598.98,3237.82,2024-09-19,2025-09-19
COV003998,POL004098,MED,Medical Payments,active,279766.6,3709.51,2024-02-09,2025-02-08
COV003999,POL004099,PD,Property Damage,active,44837.74,1316.76,2024-10-23,2025-10-23
COV004000,POL004100,BI,Bodily Injury,active,37949.84,1271.19,2025-01-04,2026-01-04
COV004001,POL004101,COLL,Collision,active,211874.78,410.38,2024-01-31,2025-01-30
COV004002,POL004102,MED,Medical Payments,active,437279.82,1806.52,2023-04-06,2024-04-05
COV004003,POL004103,PD,Property Damage,active,288856.52,4941.59,2025-09-28,2026-09-28
COV004004,POL004104,COLL,Collision,active,394407.49,632.1,2025-10-19,2026-10-19
COV004005,POL004105,COLL,Collision,active,270160.85,4183.64,2025-04-05,2026-04-05
COV004006,POL004106,MED,Medical Payments,active,474687.05,1168.82,2025-05-30,2026-05-30
COV004007,POL004107,BI,Bodily Injury,active,471907.97,1426.14,2023-07-01,2024-06-30
COV004008,POL004108,COLL,Collision,active,421147.78,4306.77,2023-05-16,2024-05-15
COV004009,POL004109,PD,Property Damage,active,143303.27,624.3,2023-04-02,2024-04-01
COV004010,POL004110,BI,Bodily Injury,active,363262.98,3210.04,2024-04-16,2025-04-16
COV004011,POL004111,COMP,Comprehensive,active,421774.12,2992.38,2024-05-17,2025-05-17
COV004012,POL004112,COMP,Comprehensive,active,339688.56,1434.82,2025-09-24,2026-09-24
COV004013,POL004113,BI,Bodily Injury,active,103675.07,4250.78,2024-04-20,2025-04-20
COV004014,POL004114,PD,Property Damage,active,35696.35,2833.67,2023-02-06,2024-02-06
COV004015,POL004115,COLL,Collision,active,120115.19,1622.4,2023-08-17,2024-08-16
COV004016,POL004116,BI,Bodily Injury,active,64329.62,3873.9,2023-05-04,2024-05-03
COV004017,POL004117,BI,Bodily Injury,active,88896.8,2446.96,2025-01-15,2026-01-15
COV004018,POL004118,PD,Property Damage,active,476791.45,4062.07,2025-08-13,2026-08-13
COV004019,POL004119,COMP,Comprehensive,active,332352.79,4031.35,2025-03-01,2026-03-01
COV004020,POL004120,COLL,Collision,active,482935.23,1069.18,2025-09-04,2026-09-04
COV004021,POL004121,BI,Bodily Injury,active,431788.01,1761.62,2025-10-23,2026-10-23
COV004022,POL004122,COMP,Comprehensive,active,395166.42,4544.53,2026-06-19,2027-06-19
COV004023,POL004123,BI,Bodily Injury,active,357662.37,4841.81,2026-04-28,2027-04-28
COV004024,POL004124,PD,Property Damage,active,453677.45,2916.18,2024-11-24,2025-11-24
COV004025,POL004125,MED,Medical Payments,active,337087.91,1627.94,2023-01-14,2024-01-14
COV004026,POL004126,COMP,Comprehensive,active,274595.14,975.99,2025-02-27,2026-02-27
COV004027,POL004127,MED,Medical Payments,active,461550.03,284.11,2026-01-24,2027-01-24
COV004028,POL004128,MED,Medical Payments,active,182639.43,2058.33,2023-03-05,2024-03-04
COV004029,POL004129,PD,Property Damage,active,339296.92,1253.04,2023-09-29,2024-09-28
COV004030,POL004130,PD,Property Damage,active,137623.18,641.51,2023-09-30,2024-09-29
COV004031,POL004131,BI,Bodily Injury,active,396406.33,4999.2,2024-08-28,2025-08-28
COV004032,POL004132,COMP,Comprehensive,active,404711.26,928.19,2024-08-10,2025-08-10
COV004033,POL004133,MED,Medical Payments,active,434530.82,3705.03,2024-06-03,2025-06-03
COV004034,POL004134,COMP,Comprehensive,active,472786.09,4478.01,2024-08-11,2025-08-11
COV004035,POL004135,PD,Property Damage,active,184903.1,2106.99,2023-06-26,2024-06-25
COV004036,POL004136,COLL,Collision,active,471167.19,4047.4,2025-12-11,2026-12-11
COV004037,POL004137,BI,Bodily Injury,active,274548.89,441.3,2023-06-04,2024-06-03
COV004038,POL004138,PD,Property Damage,active,191221.85,4234.21,2025-07-13,2026-07-13
COV004039,POL004139,COLL,Collision,active,397651.63,4032.51,2023-01-07,2024-01-07
COV004040,POL004140,MED,Medical Payments,active,415172.58,3089.73,2026-05-20,2027-05-20
COV004041,POL004141,PD,Property Damage,active,45573.89,1890.67,2024-07-15,2025-07-15
COV004042,POL004142,BI,Bodily Injury,active,138671.77,4674.19,2024-08-21,2025-08-21
COV004043,POL004143,PD,Property Damage,active,497047.59,1095.24,2024-03-05,2025-03-05
COV004044,POL004144,BI,Bodily Injury,active,108996.43,646.96,2025-06-06,2026-06-06
COV004045,POL004145,COMP,Comprehensive,active,135167.18,3232.59,2025-02-01,2026-02-01
COV004046,POL004146,MED,Medical Payments,active,183751.94,4084.49,2026-04-12,2027-04-12
COV004047,POL004147,MED,Medical Payments,active,465395.17,536.8,2026-02-22,2027-02-22
COV004048,POL004148,COLL,Collision,active,273147.95,603.71,2023-10-31,2024-10-30
COV004049,POL004149,BI,Bodily Injury,active,407338.35,2279.81,2024-11-04,2025-11-04
COV004050,POL004150,PD,Property Damage,active,323878.24,4345.21,2024-08-09,2025-08-09
COV004051,POL004151,BI,Bodily Injury,active,105202.39,4378.31,2026-09-11,2027-09-11
COV004052,POL004152,PD,Property Damage,active,193741.21,4917.27,2024-07-23,2025-07-23
COV004053,POL004153,COMP,Comprehensive,active,398410.11,2582.75,2023-06-11,2024-06-10
COV004054,POL004154,PD,Property Damage,active,137298.31,2439.05,2024-12-04,2025-12-04
COV004055,POL004155,COMP,Comprehensive,active,269604.82,4467.48,2024-04-19,2025-04-19
COV004056,POL004156,MED,Medical Payments,active,296194.64,3549.76,2024-06-21,2025-06-21
COV004057,POL004157,PD,Property Damage,active,386881.81,2191.86,2025-01-30,2026-01-30
COV004058,POL004158,MED,Medical Payments,active,32365.2,860.18,2023-07-10,2024-07-09
COV004059,POL004159,COMP,Comprehensive,active,489934.29,2922.14,2023-06-06,2024-06-05
COV004060,POL004160,PD,Property Damage,active,202444.93,4622.54,2024-09-14,2025-09-14
COV004061,POL004161,COLL,Collision,active,360486.96,2919.35,2023-09-15,2024-09-14
COV004062,POL004162,BI,Bodily Injury,active,127252.63,3559.1,2024-10-11,2025-10-11
COV004063,POL004163,PD,Property Damage,active,408388.87,753.61,2023-02-01,2024-02-01
COV004064,POL004164,BI,Bodily Injury,active,175444.23,2484.09,2024-04-05,2025-04-05
COV004065,POL004165,MED,Medical Payments,active,312126.31,878.82,2023-11-23,2024-11-22
COV004066,POL004166,BI,Bodily Injury,active,53927.01,1512.85,2026-06-10,2027-06-10
COV004067,POL004167,BI,Bodily Injury,active,187978.19,2797.51,2026-03-25,2027-03-25
COV004068,POL004168,MED,Medical Payments,active,102881.65,817.23,2023-02-15,2024-02-15
COV004069,POL004169,BI,Bodily Injury,active,344725.07,4192.52,2024-06-18,2025-06-18
COV004070,POL004170,COLL,Collision,active,378387.03,2209.44,2024-10-18,2025-10-18
COV004071,POL004171,BI,Bodily Injury,active,358874.86,1608.78,2025-05-31,2026-05-31
COV004072,POL004172,COMP,Comprehensive,active,119806.56,312.22,2026-02-01,2027-02-01
COV004073,POL004173,BI,Bodily Injury,active,62579.96,4120.71,2025-11-22,2026-11-22
COV004074,POL004174,COLL,Collision,active,467609.85,729.45,2024-08-13,2025-08-13
COV004075,POL004175,MED,Medical Payments,active,170297.02,3468.41,2026-04-13,2027-04-13
COV004076,POL004176,COMP,Comprehensive,active,240869.69,1744.81,2023-06-14,2024-06-13
COV004077,POL004177,COMP,Comprehensive,active,358944.11,1971.21,2024-07-10,2025-07-10
COV004078,POL004178,PD,Property Damage,active,175062.04,3827.54,2024-05-31,2025-05-31
COV004079,POL004179,MED,Medical Payments,active,246822.51,3017.39,2026-09-11,2027-09-11
COV004080,POL004180,COMP,Comprehensive,active,198390.09,1914.68,2024-01-29,2025-01-28
COV004081,POL004181,COMP,Comprehensive,active,493999.19,1581.59,2025-02-27,2026-02-27
COV004082,POL004182,BI,Bodily Injury,active,26522.04,2561.67,2024-03-26,2025-03-26
COV004083,POL004183,BI,Bodily Injury,active,179087.18,299.48,2026-01-25,2027-01-25
COV004084,POL004184,MED,Medical Payments,active,292938.29,1069.64,2024-07-08,2025-07-08
COV004085,POL004185,PD,Property Damage,active,162460.06,2143.35,2026-01-02,2027-01-02
COV004086,POL004186,MED,Medical Payments,active,239053.42,1991.4,2025-08-11,2026-08-11
COV004087,POL004187,COMP,Comprehensive,active,288005.8,1926.54,2024-01-12,2025-01-11
COV004088,POL004188,COMP,Comprehensive,active,365160.22,3063.86,2023-11-05,2024-11-04
COV004089,POL004189,COLL,Collision,active,113795.54,1233.59,2023-01-12,2024-01-12
COV004090,POL004190,MED,Medical Payments,active,378226.57,4107.12,2025-06-30,2026-06-30
COV004091,POL004191,COMP,Comprehensive,active,338781.68,477.94,2025-08-06,2026-08-06
COV004092,POL004192,PD,Property Damage,active,349911.59,394.43,2025-10-16,2026-10-16
COV004093,POL004193,COLL,Collision,active,472282.7,3076.55,2025-08-25,2026-08-25
COV004094,POL004194,COLL,Collision,active,349952.37,3932.72,2025-11-23,2026-11-23
COV004095,POL004195,PD,Property Damage,active,282340.6,2048.78,2025-11-23,2026-11-23
COV004096,POL004196,MED,Medical Payments,active,265885.85,4429.86,2025-05-09,2026-05-09
COV004097,POL004197,COMP,Comprehensive,active,321327.79,1527.53,2023-05-24,2024-05-23
COV004098,POL004198,COLL,Collision,active,85686.58,2954.16,2023-03-15,2024-03-14
COV004099,POL004199,COMP,Comprehensive,active,498262.37,1290.18,2025-12-22,2026-12-22
COV004100,POL004200,COMP,Comprehensive,active,79689.48,4591.69,2026-02-26,2027-02-26
COV004101,POL004201,PD,Property Damage,active,366111.52,3880.12,2025-09-02,2026-09-02
COV004102,POL004202,BI,Bodily Injury,active,75311.78,3399.39,2024-09-06,2025-09-06
COV004103,POL004203,BI,Bodily Injury,active,377486.83,4033.57,2026-06-25,2027-06-25
COV004104,POL004204,PD,Property Damage,active,90878.14,4750.33,2026-08-30,2027-08-30
COV004105,POL004205,PD,Property Damage,active,308916.67,2873.3,2024-06-23,2025-06-23
COV004106,POL004206,MED,Medical Payments,active,166796.51,2187.95,2025-11-18,2026-11-18
COV004107,POL004207,COLL,Collision,active,277026.38,2542.34,2025-07-24,2026-07-24
COV004108,POL004208,COMP,Comprehensive,active,374195.58,843.44,2024-11-07,2025-11-07
COV004109,POL004209,COMP,Comprehensive,active,350239.38,4535.98,2026-07-28,2027-07-28
COV004110,POL004210,BI,Bodily Injury,active,111864.59,4503.76,2026-02-09,2027-02-09
COV004111,POL004211,BI,Bodily Injury,active,309877.26,1456.94,2024-09-04,2025-09-04
COV004112,POL004212,COLL,Collision,active,40407.41,1754.38,2023-12-17,2024-12-16
COV004113,POL004213,MED,Medical Payments,active,51241.58,3854.65,2023-01-18,2024-01-18
COV004114,POL004214,COLL,Collision,active,399785.78,3582.39,2025-09-21,2026-09-21
COV004115,POL004215,COMP,Comprehensive,active,147202.61,3818.74,2023-04-20,2024-04-19
COV004116,POL004216,COLL,Collision,active,382609.03,1486.52,2024-07-06,2025-07-06
COV004117,POL004217,PD,Property Damage,active,332966.28,3649.11,2023-11-18,2024-11-17
COV004118,POL004218,BI,Bodily Injury,active,219871.42,317.46,2023-08-04,2024-08-03
COV004119,POL004219,MED,Medical Payments,active,327594.61,4768.63,2023-07-27,2024-07-26
COV004120,POL004220,PD,Property Damage,active,325784.66,428.34,2024-01-06,2025-01-05
COV004121,POL004221,PD,Property Damage,active,219670.78,4469.92,2023-11-17,2024-11-16
COV004122,POL004222,BI,Bodily Injury,active,436073.61,696.02,2026-04-26,2027-04-26
COV004123,POL004223,MED,Medical Payments,active,244017.79,406.85,2024-08-31,2025-08-31
COV004124,POL004224,BI,Bodily Injury,active,346331.33,1701.38,2024-08-07,2025-08-07
COV004125,POL004225,COLL,Collision,active,149276.38,3853.57,2024-07-21,2025-07-21
COV004126,POL004226,COLL,Collision,active,133704.7,2990.3,2024-03-03,2025-03-03
COV004127,POL004227,MED,Medical Payments,active,96977.67,2707.41,2024-09-24,2025-09-24
COV004128,POL004228,BI,Bodily Injury,active,498479.08,4762.83,2024-12-25,2025-12-25
COV004129,POL004229,COMP,Comprehensive,active,375566.43,3176.52,2023-10-31,2024-10-30
COV004130,POL004230,COLL,Collision,active,296410.4,3558.02,2023-02-20,2024-02-20
COV004131,POL004231,COMP,Comprehensive,active,326176.66,4790.86,2025-02-18,2026-02-18
COV004132,POL004232,PD,Property Damage,active,179882.18,543.91,2024-01-28,2025-01-27
COV004133,POL004233,COMP,Comprehensive,active,77064.08,1405.18,2023-08-23,2024-08-22
COV004134,POL004234,MED,Medical Payments,active,311046.1,1009.92,2023-04-27,2024-04-26
COV004135,POL004235,COLL,Collision,active,463928.63,431.42,2023-09-19,2024-09-18
COV004136,POL004236,BI,Bodily Injury,active,221352.17,3453.43,2024-08-18,2025-08-18
COV004137,POL004237,PD,Property Damage,active,73737.86,1150.59,2026-03-16,2027-03-16
COV004138,POL004238,BI,Bodily Injury,active,349215.09,320.47,2024-07-29,2025-07-29
COV004139,POL004239,COMP,Comprehensive,active,461690.87,3609.69,2024-03-22,2025-03-22
COV004140,POL004240,COLL,Collision,active,363700.78,4973.89,2023-10-13,2024-10-12
COV004141,POL004241,MED,Medical Payments,active,464917.64,3230.35,2024-12-31,2025-12-31
COV004142,POL004242,BI,Bodily Injury,active,392862.23,4114.2,2025-04-08,2026-04-08
COV004143,POL004243,MED,Medical Payments,active,423480.93,2802.02,2025-03-23,2026-03-23
COV004144,POL004244,MED,Medical Payments,active,51136.37,3463.45,2025-11-11,2026-11-11
COV004145,POL004245,PD,Property Damage,active,467931.43,4426.18,2023-10-18,2024-10-17
COV004146,POL004246,MED,Medical Payments,active,136623.22,1948.8,2024-02-13,2025-02-12
COV004147,POL004247,MED,Medical Payments,active,74945.93,1270.7,2023-09-30,2024-09-29
COV004148,POL004248,BI,Bodily Injury,active,352850.65,4238.79,2025-11-18,2026-11-18
COV004149,POL004249,BI,Bodily Injury,active,243209.17,3151.1,2023-07-25,2024-07-24
COV004150,POL004250,COMP,Comprehensive,active,159580.83,1784.96,2024-08-22,2025-08-22
COV004151,POL004251,COLL,Collision,active,58244.16,560.56,2025-09-12,2026-09-12
COV004152,POL004252,COMP,Comprehensive,active,79180.96,1126.36,2023-03-16,2024-03-15
COV004153,POL004253,MED,Medical Payments,active,37886.85,806.74,2026-01-16,2027-01-16
COV004154,POL004254,COLL,Collision,active,294462.05,4185.79,2026-09-09,2027-09-09
COV004155,POL004255,MED,Medical Payments,active,387961.06,4442.3,2023-08-18,2024-08-17
COV004156,POL004256,COMP,Comprehensive,active,126087.35,4983.82,2026-05-29,2027-05-29
COV004157,POL004257,BI,Bodily Injury,active,221801.75,384.44,2026-02-22,2027-02-22
COV004158,POL004258,COLL,Collision,active,438940.04,2043.75,2023-10-24,2024-10-23
COV004159,POL004259,BI,Bodily Injury,active,112935.05,3609.18,2026-06-11,2027-06-11
COV004160,POL004260,MED,Medical Payments,active,83361.37,864.18,2023-05-24,2024-05-23
COV004161,POL004261,BI,Bodily Injury,active,248328.21,1402.55,2024-03-19,2025-03-19
COV004162,POL004262,PD,Property Damage,active,213997.01,3357.85,2025-08-21,2026-08-21
COV004163,POL004263,COLL,Collision,active,278823.53,4369.91,2023-11-06,2024-11-05
COV004164,POL004264,BI,Bodily Injury,active,398271.87,3743.23,2024-07-01,2025-07-01
COV004165,POL004265,MED,Medical Payments,active,306825.63,547.81,2026-09-02,2027-09-02
COV004166,POL004266,MED,Medical Payments,active,406033.82,4038.98,2023-07-23,2024-07-22
COV004167,POL004267,BI,Bodily Injury,active,499317.86,4814.24,2023-12-31,2024-12-30
COV004168,POL004268,COMP,Comprehensive,active,201465.32,3396.98,2023-09-08,2024-09-07
COV004169,POL004269,COLL,Collision,active,242630.82,3594.3,2024-02-23,2025-02-22
COV004170,POL004270,MED,Medical Payments,active,233299.02,3386.07,2023-08-08,2024-08-07
COV004171,POL004271,BI,Bodily Injury,active,177614.29,3769.54,2024-01-14,2025-01-13
COV004172,POL004272,BI,Bodily Injury,active,457435.54,2261.15,2025-03-06,2026-03-06
COV004173,POL004273,COLL,Collision,active,308178.97,695.04,2023-06-10,2024-06-09
COV004174,POL004274,COMP,Comprehensive,active,123504.59,348.73,2025-02-25,2026-02-25
COV004175,POL004275,COMP,Comprehensive,active,93675.11,1693.9,2023-01-20,2024-01-20
COV004176,POL004276,COLL,Collision,active,481657.11,4902.95,2025-07-14,2026-07-14
COV004177,POL004277,MED,Medical Payments,active,220488.19,4734.93,2024-08-29,2025-08-29
COV004178,POL004278,COLL,Collision,active,295829.83,4519.81,2024-03-08,2025-03-08
COV004179,POL004279,COLL,Collision,active,270248.28,3173.28,2024-12-18,2025-12-18
COV004180,POL004280,MED,Medical Payments,active,412510.51,491.58,2025-03-02,2026-03-02
COV004181,POL004281,COLL,Collision,active,289879.29,2640.17,2024-05-03,2025-05-03
COV004182,POL004282,BI,Bodily Injury,active,215125.11,4869.84,2024-02-11,2025-02-10
COV004183,POL004283,COMP,Comprehensive,active,79327.92,1407.85,2024-11-23,2025-11-23
COV004184,POL004284,MED,Medical Payments,active,436085.32,3302.07,2023-09-18,2024-09-17
COV004185,POL004285,COMP,Comprehensive,active,343446.41,1627.69,2025-04-07,2026-04-07
COV004186,POL004286,MED,Medical Payments,active,483042.35,4149.66,2025-04-08,2026-04-08
COV004187,POL004287,BI,Bodily Injury,active,125134.81,1365.89,2025-07-28,2026-07-28
COV004188,POL004288,BI,Bodily Injury,active,26334.95,583.5,2024-08-11,2025-08-11
COV004189,POL004289,BI,Bodily Injury,active,59511.02,1942.8,2024-04-10,2025-04-10
COV004190,POL004290,COLL,Collision,active,50772.93,2808.63,2023-11-02,2024-11-01
COV004191,POL004291,BI,Bodily Injury,active,467193.77,3377.12,2025-05-03,2026-05-03
COV004192,POL004292,MED,Medical Payments,active,170216.31,4611.72,2026-09-09,2027-09-09
COV004193,POL004293,MED,Medical Payments,active,110907.08,1439.91,2026-01-16,2027-01-16
COV004194,POL004294,COMP,Comprehensive,active,204083.56,3498.31,2026-06-19,2027-06-19
COV004195,POL004295,MED,Medical Payments,active,162587.41,1347.54,2024-04-19,2025-04-19
COV004196,POL004296,PD,Property Damage,active,36665.47,4720.44,2026-04-27,2027-04-27
COV004197,POL004297,BI,Bodily Injury,active,96748.24,4163.25,2023-10-24,2024-10-23
COV004198,POL004298,PD,Property Damage,active,118451.7,3901.27,2023-08-13,2024-08-12
COV004199,POL004299,PD,Property Damage,active,333524.61,1538.79,2025-08-22,2026-08-22
COV004200,POL004300,PD,Property Damage,active,202450.1,638.76,2023-01-31,2024-01-31
COV004201,POL004301,PD,Property Damage,active,388268.1,1487.04,2025-02-28,2026-02-28
COV004202,POL004302,COMP,Comprehensive,active,255962.28,3225.7,2025-11-23,2026-11-23
COV004203,POL004303,MED,Medical Payments,active,59890.37,4032.99,2024-08-05,2025-08-05
COV004204,POL004304,MED,Medical Payments,active,210243.13,3335.44,2024-12-12,2025-12-12
COV004205,POL004305,COMP,Comprehensive,active,492921.63,4197.77,2024-04-10,2025-04-10
COV004206,POL004306,COLL,Collision,active,135280.81,2006.87,2023-07-17,2024-07-16
COV004207,POL004307,BI,Bodily Injury,active,177979.76,4711.84,2023-08-27,2024-08-26
COV004208,POL004308,MED,Medical Payments,active,205529.3,3443.1,2024-02-12,2025-02-11
COV004209,POL004309,COLL,Collision,active,54417.31,3595.12,2026-01-23,2027-01-23
COV004210,POL004310,COLL,Collision,active,219792.43,2553.36,2023-12-16,2024-12-15
COV004211,POL004311,PD,Property Damage,active,154407.05,1624.09,2024-06-25,2025-06-25
COV004212,POL004312,COLL,Collision,active,329857.22,4131.05,2026-03-03,2027-03-03
COV004213,POL004313,PD,Property Damage,active,149676.47,1803.16,2026-07-31,2027-07-31
COV004214,POL004314,MED,Medical Payments,active,241481.96,759.22,2024-04-14,2025-04-14
COV004215,POL004315,COMP,Comprehensive,active,422367.04,3081.51,2025-08-19,2026-08-19
COV004216,POL004316,BI,Bodily Injury,active,36804.95,4250.85,2023-09-10,2024-09-09
COV004217,POL004317,PD,Property Damage,active,95285.72,3296.25,2024-01-15,2025-01-14
COV004218,POL004318,COLL,Collision,active,327186.39,2174.11,2025-11-19,2026-11-19
COV004219,POL004319,COLL,Collision,active,479050.07,1351.17,2024-11-08,2025-11-08
COV004220,POL004320,BI,Bodily Injury,active,58456.42,4225.01,2024-06-25,2025-06-25
COV004221,POL004321,MED,Medical Payments,active,271899.57,985.78,2025-01-13,2026-01-13
COV004222,POL004322,BI,Bodily Injury,active,380847.03,3170.59,2023-11-17,2024-11-16
COV004223,POL004323,MED,Medical Payments,active,109329.4,2881.28,2024-01-08,2025-01-07
COV004224,POL004324,PD,Property Damage,active,446432.23,3745.7,2024-10-05,2025-10-05
COV004225,POL004325,PD,Property Damage,active,110345.35,1828.66,2025-10-25,2026-10-25
COV004226,POL004326,COLL,Collision,active,416469.23,1341.05,2026-05-14,2027-05-14
COV004227,POL004327,COMP,Comprehensive,active,176169.35,608.9,2024-04-27,2025-04-27
COV004228,POL004328,BI,Bodily Injury,active,355722.61,4914.15,2023-01-08,2024-01-08
COV004229,POL004329,COLL,Collision,active,189287.13,1739.69,2025-09-03,2026-09-03
COV004230,POL004330,BI,Bodily Injury,active,127939.21,961.98,2025-03-15,2026-03-15
COV004231,POL004331,PD,Property Damage,active,103301.27,979.79,2026-07-25,2027-07-25
COV004232,POL004332,PD,Property Damage,active,204994.76,1861.79,2024-02-25,2025-02-24
COV004233,POL004333,MED,Medical Payments,active,133983.43,1553.72,2025-03-16,2026-03-16
COV004234,POL004334,MED,Medical Payments,active,464381.83,2086.19,2026-07-06,2027-07-06
COV004235,POL004335,BI,Bodily Injury,active,182458.56,4919.06,2024-06-12,2025-06-12
COV004236,POL004336,COMP,Comprehensive,active,284744.57,922.59,2026-02-03,2027-02-03
COV004237,POL004337,COMP,Comprehensive,active,94104.21,4138.1,2026-08-01,2027-08-01
COV004238,POL004338,COLL,Collision,active,348732.77,612.5,2023-04-29,2024-04-28
COV004239,POL004339,PD,Property Damage,active,405943.12,2629.96,2026-02-14,2027-02-14
COV004240,POL004340,BI,Bodily Injury,active,193423.82,2155.66,2025-09-03,2026-09-03
COV004241,POL004341,COMP,Comprehensive,active,441379.91,3161.56,2024-11-24,2025-11-24
COV004242,POL004342,MED,Medical Payments,active,437337.44,2461.51,2026-09-15,2027-09-15
COV004243,POL004343,BI,Bodily Injury,active,276064.16,4049.65,2026-08-03,2027-08-03
COV004244,POL004344,MED,Medical Payments,active,315189.15,3265.74,2023-08-06,2024-08-05
COV004245,POL004345,MED,Medical Payments,active,27820.5,3894.17,2026-07-13,2027-07-13
COV004246,POL004346,COLL,Collision,active,224184.54,4653.48,2024-01-13,2025-01-12
COV004247,POL004347,COMP,Comprehensive,active,194827.3,2714.8,2025-11-18,2026-11-18
COV004248,POL004348,BI,Bodily Injury,active,492945.51,4764.59,2025-06-07,2026-06-07
COV004249,POL004349,COLL,Collision,active,75043.57,2722.22,2023-10-28,2024-10-27
COV004250,POL004350,BI,Bodily Injury,active,37944.29,632.21,2026-03-02,2027-03-02
COV004251,POL004351,PD,Property Damage,active,221344.39,575.15,2025-02-24,2026-02-24
COV004252,POL004352,PD,Property Damage,active,28972.24,2250.57,2025-02-25,2026-02-25
COV004253,POL004353,COMP,Comprehensive,active,236659.58,3114.47,2025-05-09,2026-05-09
COV004254,POL004354,PD,Property Damage,active,217315.55,3316.44,2026-02-03,2027-02-03
COV004255,POL004355,PD,Property Damage,active,429980.25,4095.65,2024-07-28,2025-07-28
COV004256,POL004356,MED,Medical Payments,active,285212.7,1941.58,2024-01-28,2025-01-27
COV004257,POL004357,MED,Medical Payments,active,153265.33,4103.33,2025-06-06,2026-06-06
COV004258,POL004358,PD,Property Damage,active,86688.83,4528.46,2023-06-14,2024-06-13
COV004259,POL004359,MED,Medical Payments,active,276574.78,1238.27,2023-10-11,2024-10-10
COV004260,POL004360,COMP,Comprehensive,active,412604.85,4136.56,2024-03-24,2025-03-24
COV004261,POL004361,COMP,Comprehensive,active,141294.0,699.69,2026-08-24,2027-08-24
COV004262,POL004362,MED,Medical Payments,active,143964.87,2130.49,2023-02-25,2024-02-25
COV004263,POL004363,COLL,Collision,active,458982.7,2147.68,2025-04-10,2026-04-10
COV004264,POL004364,PD,Property Damage,active,179867.63,4071.01,2023-06-15,2024-06-14
COV004265,POL004365,BI,Bodily Injury,active,193312.15,682.93,2026-03-03,2027-03-03
COV004266,POL004366,COMP,Comprehensive,active,332343.3,359.28,2026-08-20,2027-08-20
COV004267,POL004367,BI,Bodily Injury,active,163282.14,1302.4,2026-02-06,2027-02-06
COV004268,POL004368,BI,Bodily Injury,active,391763.02,1060.69,2026-05-05,2027-05-05
COV004269,POL004369,MED,Medical Payments,active,46460.6,2381.24,2024-04-23,2025-04-23
COV004270,POL004370,COMP,Comprehensive,active,357654.88,2532.74,2024-11-06,2025-11-06
COV004271,POL004371,MED,Medical Payments,active,66698.87,768.33,2023-01-27,2024-01-27
COV004272,POL004372,PD,Property Damage,active,188825.5,1777.73,2023-05-18,2024-05-17
COV004273,POL004373,MED,Medical Payments,active,485803.1,4897.36,2026-01-10,2027-01-10
COV004274,POL004374,MED,Medical Payments,active,354874.49,2498.16,2023-04-01,2024-03-31
COV004275,POL004375,MED,Medical Payments,active,168101.94,4160.15,2024-06-02,2025-06-02
COV004276,POL004376,PD,Property Damage,active,239756.69,3145.6,2025-08-20,2026-08-20
COV004277,POL004377,MED,Medical Payments,active,97103.0,1062.56,2023-01-16,2024-01-16
COV004278,POL004378,COMP,Comprehensive,active,65815.94,4171.61,2025-12-11,2026-12-11
COV004279,POL004379,COLL,Collision,active,280680.98,1205.36,2024-09-06,2025-09-06
COV004280,POL004380,PD,Property Damage,active,136106.08,512.99,2023-01-15,2024-01-15
COV004281,POL004381,COMP,Comprehensive,active,189127.41,3367.22,2026-08-08,2027-08-08
COV004282,POL004382,COLL,Collision,active,391246.82,579.92,2023-12-06,2024-12-05
COV004283,POL004383,COMP,Comprehensive,active,187843.82,3605.86,2024-01-24,2025-01-23
COV004284,POL004384,BI,Bodily Injury,active,356509.0,981.13,2026-02-17,2027-02-17
COV004285,POL004385,PD,Property Damage,active,462091.83,2357.3,2025-08-07,2026-08-07
COV004286,POL004386,COLL,Collision,active,72169.41,2577.11,2024-04-30,2025-04-30
COV004287,POL004387,BI,Bodily Injury,active,41111.66,4112.06,2023-12-15,2024-12-14
COV004288,POL004388,MED,Medical Payments,active,46790.13,1885.76,2026-09-12,2027-09-12
COV004289,POL004389,COMP,Comprehensive,active,353202.3,2400.91,2024-12-11,2025-12-11
COV004290,POL004390,MED,Medical Payments,active,153658.37,2850.33,2025-10-10,2026-10-10
COV004291,POL004391,MED,Medical Payments,active,286400.27,1302.93,2026-04-18,2027-04-18
COV004292,POL004392,BI,Bodily Injury,active,68613.5,2675.69,2025-10-30,2026-10-30
COV004293,POL004393,COLL,Collision,active,286585.13,1971.8,2026-03-29,2027-03-29
COV004294,POL004394,BI,Bodily Injury,active,199962.46,3468.35,2024-05-30,2025-05-30
COV004295,POL004395,COLL,Collision,active,398356.57,349.52,2025-04-12,2026-04-12
COV004296,POL004396,COLL,Collision,active,36430.39,1872.43,2026-04-18,2027-04-18
COV004297,POL004397,COMP,Comprehensive,active,453457.15,4578.57,2023-12-27,2024-12-26
COV004298,POL004398,MED,Medical Payments,active,30131.05,2676.19,2024-03-04,2025-03-04
COV004299,POL004399,MED,Medical Payments,active,185000.72,298.61,2025-06-11,2026-06-11
COV004300,POL004400,MED,Medical Payments,active,57839.39,2622.64,2024-01-07,2025-01-06
COV004301,POL004401,PD,Property Damage,active,262034.33,1798.84,2026-08-31,2027-08-31
COV004302,POL004402,COLL,Collision,active,358916.05,4550.94,2024-08-19,2025-08-19
COV004303,POL004403,COLL,Collision,active,105858.78,3115.63,2026-03-22,2027-03-22
COV004304,POL004404,PD,Property Damage,active,436028.47,1017.87,2023-10-26,2024-10-25
COV004305,POL004405,BI,Bodily Injury,active,189188.27,2667.8,2023-03-06,2024-03-05
COV004306,POL004406,COMP,Comprehensive,active,434820.44,693.61,2024-03-06,2025-03-06
COV004307,POL004407,PD,Property Damage,active,175157.75,1512.28,2023-01-29,2024-01-29
COV004308,POL004408,COMP,Comprehensive,active,98072.48,539.75,2024-09-25,2025-09-25
COV004309,POL004409,COMP,Comprehensive,active,69326.71,1544.75,2023-07-07,2024-07-06
COV004310,POL004410,COMP,Comprehensive,active,489733.91,3631.18,2025-09-24,2026-09-24
COV004311,POL004411,PD,Property Damage,active,489865.74,459.95,2024-06-10,2025-06-10
COV004312,POL004412,PD,Property Damage,active,171168.85,4986.9,2023-03-22,2024-03-21
COV004313,POL004413,COLL,Collision,active,326766.06,3029.55,2026-01-01,2027-01-01
COV004314,POL004414,PD,Property Damage,active,237769.39,3897.67,2026-02-19,2027-02-19
COV004315,POL004415,PD,Property Damage,active,453640.39,4303.15,2025-10-25,2026-10-25
COV004316,POL004416,PD,Property Damage,active,417293.96,667.85,2024-04-26,2025-04-26
COV004317,POL004417,MED,Medical Payments,active,40943.48,4977.12,2023-10-26,2024-10-25
COV004318,POL004418,PD,Property Damage,active,340450.38,1304.57,2024-04-07,2025-04-07
COV004319,POL004419,MED,Medical Payments,active,42141.11,1556.12,2023-05-08,2024-05-07
COV004320,POL004420,MED,Medical Payments,active,459892.11,3888.38,2026-02-11,2027-02-11
COV004321,POL004421,COLL,Collision,active,421235.02,3138.56,2024-12-18,2025-12-18
COV004322,POL004422,PD,Property Damage,active,463164.8,4972.41,2023-10-20,2024-10-19
COV004323,POL004423,COLL,Collision,active,183765.19,4875.24,2025-11-17,2026-11-17
COV004324,POL004424,COMP,Comprehensive,active,443129.17,2278.14,2025-08-29,2026-08-29
COV004325,POL004425,COLL,Collision,active,137543.5,1151.16,2026-08-28,2027-08-28
COV004326,POL004426,COLL,Collision,active,59653.79,2409.13,2024-10-29,2025-10-29
COV004327,POL004427,PD,Property Damage,active,400913.84,2472.17,2024-04-12,2025-04-12
COV004328,POL004428,MED,Medical Payments,active,440363.24,3583.57,2023-10-22,2024-10-21
COV004329,POL004429,COLL,Collision,active,324344.92,4821.64,2026-08-10,2027-08-10
COV004330,POL004430,MED,Medical Payments,active,489653.56,1366.45,2026-01-08,2027-01-08
COV004331,POL004431,COMP,Comprehensive,active,224334.38,1997.87,2025-05-27,2026-05-27
COV004332,POL004432,COLL,Collision,active,381958.45,3854.47,2023-05-14,2024-05-13
COV004333,POL004433,COMP,Comprehensive,active,33260.25,895.79,2026-06-08,2027-06-08
COV004334,POL004434,BI,Bodily Injury,active,70175.09,899.67,2024-01-31,2025-01-30
COV004335,POL004435,BI,Bodily Injury,active,366931.75,2006.82,2023-06-07,2024-06-06
COV004336,POL004436,PD,Property Damage,active,213277.44,2726.78,2024-04-10,2025-04-10
COV004337,POL004437,PD,Property Damage,active,181383.74,558.77,2023-06-03,2024-06-02
COV004338,POL004438,BI,Bodily Injury,active,328018.6,1578.44,2025-12-12,2026-12-12
COV004339,POL004439,COMP,Comprehensive,active,336556.24,4848.27,2023-11-24,2024-11-23
COV004340,POL004440,PD,Property Damage,active,203276.1,2406.62,2026-01-23,2027-01-23
COV004341,POL004441,COMP,Comprehensive,active,231758.83,3479.64,2026-08-23,2027-08-23
COV004342,POL004442,PD,Property Damage,active,481764.65,4961.97,2025-01-04,2026-01-04
COV004343,POL004443,PD,Property Damage,active,109739.67,875.36,2026-07-15,2027-07-15
COV004344,POL004444,PD,Property Damage,active,286635.07,2365.66,2025-01-27,2026-01-27
COV004345,POL004445,PD,Property Damage,active,418300.07,4664.34,2023-01-13,2024-01-13
COV004346,POL004446,BI,Bodily Injury,active,112959.07,2599.42,2024-01-31,2025-01-30
COV004347,POL004447,PD,Property Damage,active,84630.3,395.01,2024-10-16,2025-10-16
COV004348,POL004448,COMP,Comprehensive,active,284969.82,294.46,2024-06-07,2025-06-07
COV004349,POL004449,BI,Bodily Injury,active,30725.69,1937.62,2024-04-26,2025-04-26
COV004350,POL004450,COMP,Comprehensive,active,162193.9,2117.79,2025-06-02,2026-06-02
COV004351,POL004451,PD,Property Damage,active,414692.46,2624.97,2024-03-13,2025-03-13
COV004352,POL004452,MED,Medical Payments,active,425676.57,2626.23,2023-09-11,2024-09-10
COV004353,POL004453,COLL,Collision,active,97925.16,1086.87,2025-08-19,2026-08-19
COV004354,POL004454,PD,Property Damage,active,118763.59,2471.4,2025-01-28,2026-01-28
COV004355,POL004455,PD,Property Damage,active,349442.49,1511.65,2023-06-06,2024-06-05
COV004356,POL004456,MED,Medical Payments,active,401552.77,1501.25,2023-04-11,2024-04-10
COV004357,POL004457,PD,Property Damage,active,477750.98,2572.71,2026-08-29,2027-08-29
COV004358,POL004458,COLL,Collision,active,457123.15,942.26,2026-08-13,2027-08-13
COV004359,POL004459,MED,Medical Payments,active,413664.3,1848.26,2025-11-10,2026-11-10
COV004360,POL004460,COMP,Comprehensive,active,296354.48,1709.86,2026-01-22,2027-01-22
COV004361,POL004461,MED,Medical Payments,active,161918.82,1023.13,2025-11-29,2026-11-29
COV004362,POL004462,COLL,Collision,active,190941.92,2088.8,2026-02-23,2027-02-23
COV004363,POL004463,COMP,Comprehensive,active,307798.09,2588.67,2026-04-29,2027-04-29
COV004364,POL004464,MED,Medical Payments,active,143879.24,755.21,2023-04-16,2024-04-15
COV004365,POL004465,PD,Property Damage,active,469710.72,264.69,2026-09-05,2027-09-05
COV004366,POL004466,COLL,Collision,active,69303.17,2254.03,2024-07-13,2025-07-13
COV004367,POL004467,PD,Property Damage,active,184494.43,3138.91,2026-03-27,2027-03-27
COV004368,POL004468,BI,Bodily Injury,active,212276.21,1261.69,2026-08-04,2027-08-04
COV004369,POL004469,BI,Bodily Injury,active,264827.61,3439.47,2026-01-12,2027-01-12
COV004370,POL004470,COMP,Comprehensive,active,378618.86,4062.55,2026-05-27,2027-05-27
COV004371,POL004471,COMP,Comprehensive,active,422003.71,4412.09,2025-11-09,2026-11-09
COV004372,POL004472,COMP,Comprehensive,active,300774.88,4258.37,2024-05-19,2025-05-19
COV004373,POL004473,COLL,Collision,active,444132.72,2071.19,2024-10-26,2025-10-26
COV004374,POL004474,COMP,Comprehensive,active,215934.34,2219.56,2023-12-19,2024-12-18
COV004375,POL004475,PD,Property Damage,active,340524.63,2596.79,2023-04-30,2024-04-29
COV004376,POL004476,PD,Property Damage,active,157859.02,3734.76,2025-02-12,2026-02-12
COV004377,POL004477,BI,Bodily Injury,active,497862.74,1379.24,2025-05-18,2026-05-18
COV004378,POL004478,BI,Bodily Injury,active,301315.0,781.36,2026-05-27,2027-05-27
COV004379,POL004479,PD,Property Damage,active,243663.83,1322.27,2025-02-25,2026-02-25
COV004380,POL004480,MED,Medical Payments,active,422190.78,4167.24,2024-03-14,2025-03-14
COV004381,POL004481,MED,Medical Payments,active,389745.86,1719.02,2025-02-11,2026-02-11
COV004382,POL004482,MED,Medical Payments,active,166770.39,3899.39,2026-04-17,2027-04-17
COV004383,POL004483,COMP,Comprehensive,active,351962.25,1037.72,2025-06-09,2026-06-09
COV004384,POL004484,COMP,Comprehensive,active,346008.46,3011.16,2025-03-19,2026-03-19
COV004385,POL004485,COMP,Comprehensive,active,130872.41,4688.47,2025-06-19,2026-06-19
COV004386,POL004486,COMP,Comprehensive,active,248856.41,4105.78,2024-03-13,2025-03-13
COV004387,POL004487,COMP,Comprehensive,active,318889.6,641.11,2025-09-02,2026-09-02
COV004388,POL004488,MED,Medical Payments,active,244245.0,1539.44,2024-12-28,2025-12-28
COV004389,POL004489,BI,Bodily Injury,active,186978.52,306.05,2024-05-28,2025-05-28
COV004390,POL004490,PD,Property Damage,active,99537.89,3082.73,2025-07-23,2026-07-23
COV004391,POL004491,BI,Bodily Injury,active,376633.84,3759.34,2024-02-13,2025-02-12
COV004392,POL004492,MED,Medical Payments,active,308862.63,4704.56,2025-08-20,2026-08-20
COV004393,POL004493,MED,Medical Payments,active,65537.14,2055.12,2023-07-17,2024-07-16
COV004394,POL004494,COMP,Comprehensive,active,192013.06,4189.12,2023-10-25,2024-10-24
COV004395,POL004495,MED,Medical Payments,active,313540.62,1722.8,2025-12-02,2026-12-02
COV004396,POL004496,BI,Bodily Injury,active,426753.03,2345.79,2023-04-05,2024-04-04
COV004397,POL004497,MED,Medical Payments,active,293022.37,4102.31,2025-11-19,2026-11-19
COV004398,POL004498,COLL,Collision,active,157382.78,3836.76,2023-10-03,2024-10-02
COV004399,POL004499,BI,Bodily Injury,active,53446.97,3719.25,2023-12-21,2024-12-20
COV004400,POL004500,COLL,Collision,active,470232.74,4829.59,2025-11-09,2026-11-09
COV004401,POL004501,BI,Bodily Injury,active,274423.72,312.78,2023-08-10,2024-08-09
COV004402,POL004502,PD,Property Damage,active,204019.58,2614.72,2026-08-17,2027-08-17
COV004403,POL004503,MED,Medical Payments,active,93436.07,1461.06,2025-12-12,2026-12-12
COV004404,POL004504,BI,Bodily Injury,active,373407.49,3111.74,2024-03-24,2025-03-24
COV004405,POL004505,PD,Property Damage,active,172344.86,3942.67,2023-08-02,2024-08-01
COV004406,POL004506,COLL,Collision,active,152795.37,3109.8,2024-10-11,2025-10-11
COV004407,POL004507,MED,Medical Payments,active,165427.33,1774.65,2025-08-01,2026-08-01
COV004408,POL004508,PD,Property Damage,active,264494.23,552.5,2025-07-21,2026-07-21
COV004409,POL004509,COMP,Comprehensive,active,61768.06,2179.06,2025-06-24,2026-06-24
COV004410,POL004510,COMP,Comprehensive,active,316743.16,1361.9,2023-10-24,2024-10-23
COV004411,POL004511,COLL,Collision,active,91346.94,3106.03,2025-06-17,2026-06-17
COV004412,POL004512,PD,Property Damage,active,41395.83,1231.33,2023-07-30,2024-07-29
COV004413,POL004513,BI,Bodily Injury,active,217303.9,1620.16,2023-06-21,2024-06-20
COV004414,POL004514,COLL,Collision,active,432323.95,3805.6,2023-03-08,2024-03-07
COV004415,POL004515,COLL,Collision,active,200844.68,3099.11,2024-11-25,2025-11-25
COV004416,POL004516,COLL,Collision,active,353181.77,1119.53,2023-05-19,2024-05-18
COV004417,POL004517,MED,Medical Payments,active,471461.34,1703.39,2025-07-29,2026-07-29
COV004418,POL004518,MED,Medical Payments,active,456422.13,2666.57,2025-05-05,2026-05-05
COV004419,POL004519,COMP,Comprehensive,active,242282.8,4822.98,2026-03-05,2027-03-05
COV004420,POL004520,COMP,Comprehensive,active,33236.46,4824.82,2023-03-07,2024-03-06
COV004421,POL004521,COMP,Comprehensive,active,248327.67,3080.34,2026-03-07,2027-03-07
COV004422,POL004522,MED,Medical Payments,active,248968.13,3628.56,2025-10-20,2026-10-20
COV004423,POL004523,MED,Medical Payments,active,492011.64,4130.23,2023-01-27,2024-01-27
COV004424,POL004524,BI,Bodily Injury,active,278113.49,3910.32,2025-11-04,2026-11-04
COV004425,POL004525,BI,Bodily Injury,active,320285.02,443.9,2025-02-14,2026-02-14
COV004426,POL004526,COMP,Comprehensive,active,262855.08,4246.66,2025-04-22,2026-04-22
COV004427,POL004527,COLL,Collision,active,369856.32,4617.08,2024-11-04,2025-11-04
COV004428,POL004528,MED,Medical Payments,active,464765.23,3586.67,2025-12-02,2026-12-02
COV004429,POL004529,MED,Medical Payments,active,302988.87,1177.03,2025-02-05,2026-02-05
COV004430,POL004530,MED,Medical Payments,active,49565.62,2844.38,2023-09-19,2024-09-18
COV004431,POL004531,PD,Property Damage,active,48965.84,2080.72,2023-07-12,2024-07-11
COV004432,POL004532,MED,Medical Payments,active,89985.96,4146.97,2025-10-27,2026-10-27
COV004433,POL004533,COMP,Comprehensive,active,144250.54,894.89,2025-08-02,2026-08-02
COV004434,POL004534,BI,Bodily Injury,active,92165.92,1572.86,2026-02-04,2027-02-04
COV004435,POL004535,PD,Property Damage,active,360405.92,692.27,2025-05-08,2026-05-08
COV004436,POL004536,PD,Property Damage,active,381533.51,2640.06,2025-08-11,2026-08-11
COV004437,POL004537,MED,Medical Payments,active,207982.95,3729.75,2023-10-08,2024-10-07
COV004438,POL004538,COMP,Comprehensive,active,143416.02,4053.07,2024-11-06,2025-11-06
COV004439,POL004539,COLL,Collision,active,290827.38,4177.7,2026-08-28,2027-08-28
COV004440,POL004540,COMP,Comprehensive,active,282289.34,411.77,2024-01-26,2025-01-25
COV004441,POL004541,BI,Bodily Injury,active,56646.9,4734.78,2026-06-15,2027-06-15
COV004442,POL004542,COMP,Comprehensive,active,91050.23,1079.37,2026-02-21,2027-02-21
COV004443,POL004543,COMP,Comprehensive,active,369715.09,3792.15,2026-04-16,2027-04-16
COV004444,POL004544,COMP,Comprehensive,active,170573.65,3557.66,2023-09-20,2024-09-19
COV004445,POL004545,BI,Bodily Injury,active,201451.92,3677.16,2023-03-22,2024-03-21
COV004446,POL004546,BI,Bodily Injury,active,480720.77,4165.77,2025-09-22,2026-09-22
COV004447,POL004547,COLL,Collision,active,86352.01,2671.03,2025-02-21,2026-02-21
COV004448,POL004548,BI,Bodily Injury,active,97558.96,788.14,2025-11-08,2026-11-08
COV004449,POL004549,BI,Bodily Injury,active,448521.89,1469.38,2023-12-05,2024-12-04
COV004450,POL004550,PD,Property Damage,active,478750.3,2672.03,2024-01-02,2025-01-01
COV004451,POL004551,MED,Medical Payments,active,456469.62,3519.79,2026-03-29,2027-03-29
COV004452,POL004552,COMP,Comprehensive,active,308854.01,2114.85,2023-09-04,2024-09-03
COV004453,POL004553,PD,Property Damage,active,330233.34,1738.23,2023-10-09,2024-10-08
COV004454,POL004554,MED,Medical Payments,active,104381.48,3507.21,2023-04-18,2024-04-17
COV004455,POL004555,BI,Bodily Injury,active,74924.78,2823.97,2023-10-18,2024-10-17
COV004456,POL004556,COMP,Comprehensive,active,184612.36,2124.93,2024-08-31,2025-08-31
COV004457,POL004557,COLL,Collision,active,91357.29,3940.81,2026-08-30,2027-08-30
COV004458,POL004558,PD,Property Damage,active,257566.89,857.59,2023-09-08,2024-09-07
COV004459,POL004559,COLL,Collision,active,472967.25,863.99,2025-09-21,2026-09-21
COV004460,POL004560,MED,Medical Payments,active,85385.62,2339.92,2023-07-30,2024-07-29
COV004461,POL004561,COLL,Collision,active,447038.29,4663.33,2025-06-09,2026-06-09
COV004462,POL004562,COMP,Comprehensive,active,46614.86,2392.44,2024-09-09,2025-09-09
COV004463,POL004563,MED,Medical Payments,active,436172.77,4542.79,2024-12-13,2025-12-13
COV004464,POL004564,BI,Bodily Injury,active,401503.12,302.63,2026-06-15,2027-06-15
COV004465,POL004565,MED,Medical Payments,active,342919.8,1539.59,2025-01-23,2026-01-23
COV004466,POL004566,MED,Medical Payments,active,420899.71,945.85,2023-09-16,2024-09-15
COV004467,POL004567,COMP,Comprehensive,active,43475.07,290.99,2025-08-08,2026-08-08
COV004468,POL004568,PD,Property Damage,active,198110.33,4486.64,2023-10-19,2024-10-18
COV004469,POL004569,BI,Bodily Injury,active,391186.33,3719.13,2023-02-14,2024-02-14
COV004470,POL004570,MED,Medical Payments,active,330578.51,4423.21,2023-12-05,2024-12-04
COV004471,POL004571,PD,Property Damage,active,156705.82,1752.18,2023-02-03,2024-02-03
COV004472,POL004572,COLL,Collision,active,476653.09,1598.01,2025-06-13,2026-06-13
COV004473,POL004573,COMP,Comprehensive,active,235239.2,3391.3,2023-10-07,2024-10-06
COV004474,POL004574,COLL,Collision,active,319916.99,2085.82,2024-07-03,2025-07-03
COV004475,POL004575,MED,Medical Payments,active,325566.57,645.61,2025-11-30,2026-11-30
COV004476,POL004576,BI,Bodily Injury,active,220009.57,3416.31,2026-08-29,2027-08-29
COV004477,POL004577,COLL,Collision,active,206431.67,3434.66,2026-06-29,2027-06-29
COV004478,POL004578,PD,Property Damage,active,112505.65,2294.09,2026-06-02,2027-06-02
COV004479,POL004579,BI,Bodily Injury,active,268633.94,894.33,2023-03-14,2024-03-13
COV004480,POL004580,COLL,Collision,active,264131.61,3296.93,2025-09-17,2026-09-17
COV004481,POL004581,COLL,Collision,active,206518.51,3565.61,2024-10-04,2025-10-04
COV004482,POL004582,PD,Property Damage,active,164062.72,2718.38,2026-01-19,2027-01-19
COV004483,POL004583,COMP,Comprehensive,active,265498.29,1763.78,2025-07-18,2026-07-18
COV004484,POL004584,COLL,Collision,active,229368.44,1115.69,2023-04-13,2024-04-12
COV004485,POL004585,COLL,Collision,active,130892.58,2338.67,2024-11-23,2025-11-23
COV004486,POL004586,COMP,Comprehensive,active,165781.88,2673.16,2024-11-28,2025-11-28
COV004487,POL004587,COMP,Comprehensive,active,181784.22,1672.75,2025-08-22,2026-08-22
COV004488,POL004588,COMP,Comprehensive,active,494157.55,3980.8,2024-05-29,2025-05-29
COV004489,POL004589,COLL,Collision,active,493772.3,1185.94,2026-02-27,2027-02-27
COV004490,POL004590,PD,Property Damage,active,82085.81,1509.96,2024-07-27,2025-07-27
COV004491,POL004591,BI,Bodily Injury,active,342990.04,3903.85,2025-12-13,2026-12-13
COV004492,POL004592,COLL,Collision,active,109634.52,1377.53,2026-04-10,2027-04-10
COV004493,POL004593,MED,Medical Payments,active,40348.59,1153.64,2024-04-29,2025-04-29
COV004494,POL004594,COLL,Collision,active,48508.74,1798.66,2023-11-15,2024-11-14
COV004495,POL004595,COMP,Comprehensive,active,157376.74,1052.66,2026-06-13,2027-06-13
COV004496,POL004596,COMP,Comprehensive,active,456706.8,693.7,2025-12-24,2026-12-24
COV004497,POL004597,PD,Property Damage,active,143756.87,990.28,2024-02-08,2025-02-07
COV004498,POL004598,BI,Bodily Injury,active,480198.15,3760.85,2024-11-19,2025-11-19
COV004499,POL004599,MED,Medical Payments,active,306488.45,1006.47,2025-10-29,2026-10-29
COV004500,POL004600,COLL,Collision,active,314539.12,322.72,2025-06-07,2026-06-07
COV004501,POL004601,COMP,Comprehensive,active,333210.34,2078.1,2026-07-12,2027-07-12
COV004502,POL004602,COLL,Collision,active,70878.34,3768.16,2024-01-31,2025-01-30
COV004503,POL004603,COLL,Collision,active,333451.91,2225.59,2023-01-27,2024-01-27
COV004504,POL004604,PD,Property Damage,active,170734.16,4497.87,2026-03-07,2027-03-07
COV004505,POL004605,COMP,Comprehensive,active,87860.66,2805.66,2025-06-26,2026-06-26
COV004506,POL004606,PD,Property Damage,active,314158.32,1743.97,2024-02-04,2025-02-03
COV004507,POL004607,MED,Medical Payments,active,28396.62,3558.17,2025-07-25,2026-07-25
COV004508,POL004608,BI,Bodily Injury,active,466618.94,371.93,2025-01-15,2026-01-15
COV004509,POL004609,PD,Property Damage,active,377412.66,1049.84,2023-01-28,2024-01-28
COV004510,POL004610,COLL,Collision,active,374692.3,2138.66,2023-08-23,2024-08-22
COV004511,POL004611,COMP,Comprehensive,active,200065.73,2956.08,2025-07-30,2026-07-30
COV004512,POL004612,COLL,Collision,active,178054.41,996.09,2026-08-09,2027-08-09
COV004513,POL004613,BI,Bodily Injury,active,251220.58,2578.4,2026-05-15,2027-05-15
COV004514,POL004614,MED,Medical Payments,active,423355.36,303.45,2024-01-16,2025-01-15
COV004515,POL004615,MED,Medical Payments,active,78431.38,509.87,2025-06-28,2026-06-28
COV004516,POL004616,MED,Medical Payments,active,482762.28,1257.21,2024-05-21,2025-05-21
COV004517,POL004617,BI,Bodily Injury,active,406964.24,509.07,2025-05-20,2026-05-20
COV004518,POL004618,COMP,Comprehensive,active,405782.05,833.5,2023-03-16,2024-03-15
COV004519,POL004619,COLL,Collision,active,341604.31,352.83,2025-01-12,2026-01-12
COV004520,POL004620,BI,Bodily Injury,active,168216.97,1133.43,2025-03-15,2026-03-15
COV004521,POL004621,MED,Medical Payments,active,51011.82,2470.0,2025-02-09,2026-02-09
COV004522,POL004622,PD,Property Damage,active,156029.05,727.35,2025-03-12,2026-03-12
COV004523,POL004623,COLL,Collision,active,243099.87,882.26,2023-12-13,2024-12-12
COV004524,POL004624,BI,Bodily Injury,active,87125.76,4092.93,2023-10-22,2024-10-21
COV004525,POL004625,MED,Medical Payments,active,284596.26,1858.02,2024-11-20,2025-11-20
COV004526,POL004626,PD,Property Damage,active,51818.69,2293.26,2023-04-01,2024-03-31
COV004527,POL004627,BI,Bodily Injury,active,435072.89,1544.0,2024-02-04,2025-02-03
COV004528,POL004628,MED,Medical Payments,active,326587.46,4190.24,2025-06-04,2026-06-04
COV004529,POL004629,BI,Bodily Injury,active,140771.07,4506.08,2023-11-17,2024-11-16
COV004530,POL004630,MED,Medical Payments,active,395950.62,1543.76,2024-06-07,2025-06-07
COV004531,POL004631,BI,Bodily Injury,active,350053.38,4551.42,2023-12-23,2024-12-22
COV004532,POL004632,MED,Medical Payments,active,422480.99,3894.75,2024-07-08,2025-07-08
COV004533,POL004633,PD,Property Damage,active,247180.64,1076.37,2026-07-27,2027-07-27
COV004534,POL004634,MED,Medical Payments,active,117036.88,4036.3,2026-02-24,2027-02-24
COV004535,POL004635,COLL,Collision,active,188546.04,4119.57,2024-03-28,2025-03-28
COV004536,POL004636,PD,Property Damage,active,230135.24,1191.02,2023-01-20,2024-01-20
COV004537,POL004637,BI,Bodily Injury,active,79135.76,3062.53,2024-11-03,2025-11-03
COV004538,POL004638,COLL,Collision,active,332634.0,4050.49,2026-03-10,2027-03-10
COV004539,POL004639,COMP,Comprehensive,active,452523.49,4553.7,2025-01-15,2026-01-15
COV004540,POL004640,BI,Bodily Injury,active,373858.74,2427.66,2026-04-19,2027-04-19
COV004541,POL004641,BI,Bodily Injury,active,475749.72,2883.11,2026-09-05,2027-09-05
COV004542,POL004642,COMP,Comprehensive,active,259572.05,1370.67,2023-07-20,2024-07-19
COV004543,POL004643,BI,Bodily Injury,active,380876.1,2307.02,2025-03-24,2026-03-24
COV004544,POL004644,COMP,Comprehensive,active,130804.36,4530.43,2023-06-30,2024-06-29
COV004545,POL004645,COMP,Comprehensive,active,38632.75,1070.36,2025-11-20,2026-11-20
COV004546,POL004646,PD,Property Damage,active,239140.23,2975.83,2026-04-08,2027-04-08
COV004547,POL004647,BI,Bodily Injury,active,366917.96,1997.78,2023-04-20,2024-04-19
COV004548,POL004648,COLL,Collision,active,484633.94,1575.97,2026-01-07,2027-01-07
COV004549,POL004649,PD,Property Damage,active,317145.01,4065.79,2024-07-30,2025-07-30
COV004550,POL004650,COLL,Collision,active,34790.75,3388.92,2026-06-18,2027-06-18
COV004551,POL004651,PD,Property Damage,active,250458.22,4449.34,2023-09-13,2024-09-12
COV004552,POL004652,BI,Bodily Injury,active,431176.8,1480.54,2024-12-23,2025-12-23
COV004553,POL004653,COMP,Comprehensive,active,396786.21,4732.96,2025-01-23,2026-01-23
COV004554,POL004654,COLL,Collision,active,327107.98,4777.88,2025-01-04,2026-01-04
COV004555,POL004655,COLL,Collision,active,244947.34,2553.89,2026-06-18,2027-06-18
COV004556,POL004656,PD,Property Damage,active,71684.07,4180.6,2024-02-11,2025-02-10
COV004557,POL004657,COLL,Collision,active,341769.73,2921.37,2024-05-26,2025-05-26
COV004558,POL004658,COLL,Collision,active,369946.01,2814.73,2024-11-05,2025-11-05
COV004559,POL004659,COLL,Collision,active,266500.9,984.05,2023-11-11,2024-11-10
COV004560,POL004660,COLL,Collision,active,186622.81,475.73,2024-05-03,2025-05-03
COV004561,POL004661,PD,Property Damage,active,62405.2,1062.82,2023-12-21,2024-12-20
COV004562,POL004662,PD,Property Damage,active,202199.02,1595.93,2024-03-24,2025-03-24
COV004563,POL004663,PD,Property Damage,active,231582.58,993.73,2026-06-06,2027-06-06
COV004564,POL004664,PD,Property Damage,active,318403.94,2579.28,2023-10-18,2024-10-17
COV004565,POL004665,MED,Medical Payments,active,488541.25,4815.53,2024-04-22,2025-04-22
COV004566,POL004666,PD,Property Damage,active,304476.78,1187.63,2025-09-05,2026-09-05
COV004567,POL004667,PD,Property Damage,active,58571.61,1848.89,2024-09-18,2025-09-18
COV004568,POL004668,COMP,Comprehensive,active,113380.9,1263.46,2024-07-22,2025-07-22
COV004569,POL004669,MED,Medical Payments,active,436863.57,4245.38,2023-08-20,2024-08-19
COV004570,POL004670,BI,Bodily Injury,active,185731.74,3609.69,2025-03-08,2026-03-08
COV004571,POL004671,BI,Bodily Injury,active,481886.08,1946.16,2023-12-02,2024-12-01
COV004572,POL004672,BI,Bodily Injury,active,283601.8,4909.92,2025-10-14,2026-10-14
COV004573,POL004673,BI,Bodily Injury,active,336094.3,4824.91,2023-06-26,2024-06-25
COV004574,POL004674,MED,Medical Payments,active,254147.29,843.76,2024-07-10,2025-07-10
COV004575,POL004675,MED,Medical Payments,active,473028.05,485.47,2024-12-04,2025-12-04
COV004576,POL004676,MED,Medical Payments,active,300066.54,2900.5,2024-11-07,2025-11-07
COV004577,POL004677,MED,Medical Payments,active,235960.7,4470.05,2026-02-17,2027-02-17
COV004578,POL004678,MED,Medical Payments,active,290337.26,480.71,2024-05-19,2025-05-19
COV004579,POL004679,BI,Bodily Injury,active,129829.33,2848.95,2024-02-02,2025-02-01
COV004580,POL004680,MED,Medical Payments,active,72625.87,3785.24,2025-03-28,2026-03-28
COV004581,POL004681,PD,Property Damage,active,86056.85,399.31,2024-03-03,2025-03-03
COV004582,POL004682,COLL,Collision,active,35404.16,2127.89,2024-08-18,2025-08-18
COV004583,POL004683,PD,Property Damage,active,132696.47,1560.56,2025-11-27,2026-11-27
COV004584,POL004684,COLL,Collision,active,434180.98,4954.47,2024-11-21,2025-11-21
COV004585,POL004685,COLL,Collision,active,301329.73,258.44,2025-11-14,2026-11-14
COV004586,POL004686,PD,Property Damage,active,400840.31,2636.02,2026-04-05,2027-04-05
COV004587,POL004687,COLL,Collision,active,311694.45,3549.51,2026-04-24,2027-04-24
COV004588,POL004688,COMP,Comprehensive,active,401301.8,2290.95,2023-01-14,2024-01-14
COV004589,POL004689,COLL,Collision,active,313335.85,3283.75,2026-01-02,2027-01-02
COV004590,POL004690,BI,Bodily Injury,active,47755.12,1276.63,2026-09-12,2027-09-12
COV004591,POL004691,MED,Medical Payments,active,387394.54,2352.66,2025-05-17,2026-05-17
COV004592,POL004692,MED,Medical Payments,active,463461.28,544.63,2023-03-23,2024-03-22
COV004593,POL004693,COMP,Comprehensive,active,432157.46,259.89,2024-08-20,2025-08-20
COV004594,POL004694,COLL,Collision,active,492690.9,4484.6,2026-07-18,2027-07-18
COV004595,POL004695,MED,Medical Payments,active,458216.35,3034.83,2025-01-21,2026-01-21
COV004596,POL004696,PD,Property Damage,active,181913.67,3538.66,2023-06-12,2024-06-11
COV004597,POL004697,PD,Property Damage,active,53551.77,2556.83,2025-06-28,2026-06-28
COV004598,POL004698,PD,Property Damage,active,475669.9,4010.11,2023-09-26,2024-09-25
COV004599,POL004699,BI,Bodily Injury,active,400250.77,4303.58,2024-08-10,2025-08-10
COV004600,POL004700,MED,Medical Payments,active,382888.24,2577.61,2023-07-18,2024-07-17
COV004601,POL004701,BI,Bodily Injury,active,180888.79,3902.03,2025-09-11,2026-09-11
COV004602,POL004702,BI,Bodily Injury,active,166217.92,4543.51,2025-02-17,2026-02-17
COV004603,POL004703,PD,Property Damage,active,26737.92,745.88,2025-10-17,2026-10-17
COV004604,POL004704,BI,Bodily Injury,active,322490.23,2289.78,2024-10-01,2025-10-01
COV004605,POL004705,BI,Bodily Injury,active,399678.15,4452.25,2023-09-23,2024-09-22
COV004606,POL004706,PD,Property Damage,active,350845.62,521.66,2024-01-05,2025-01-04
COV004607,POL004707,COMP,Comprehensive,active,141527.62,1777.38,2025-04-28,2026-04-28
COV004608,POL004708,COMP,Comprehensive,active,386251.58,4811.05,2025-03-11,2026-03-11
COV004609,POL004709,PD,Property Damage,active,378590.21,2277.16,2023-07-17,2024-07-16
COV004610,POL004710,PD,Property Damage,active,465875.26,2525.05,2025-01-03,2026-01-03
COV004611,POL004711,COMP,Comprehensive,active,277912.14,3134.02,2024-06-27,2025-06-27
COV004612,POL004712,PD,Property Damage,active,326857.64,1101.63,2026-05-02,2027-05-02
COV004613,POL004713,COMP,Comprehensive,active,112176.33,2945.36,2023-10-17,2024-10-16
COV004614,POL004714,COMP,Comprehensive,active,396054.65,1837.2,2024-03-25,2025-03-25
COV004615,POL004715,MED,Medical Payments,active,214345.04,2659.2,2024-02-09,2025-02-08
COV004616,POL004716,COMP,Comprehensive,active,419948.59,1781.19,2023-11-08,2024-11-07
COV004617,POL004717,MED,Medical Payments,active,185697.67,3729.02,2025-09-29,2026-09-29
COV004618,POL004718,PD,Property Damage,active,415145.79,4862.83,2023-10-02,2024-10-01
COV004619,POL004719,MED,Medical Payments,active,139986.73,322.25,2025-10-28,2026-10-28
COV004620,POL004720,COLL,Collision,active,81482.27,1098.08,2023-09-02,2024-09-01
COV004621,POL004721,COLL,Collision,active,468102.84,925.08,2026-05-01,2027-05-01
COV004622,POL004722,PD,Property Damage,active,204591.21,4587.69,2025-03-18,2026-03-18
COV004623,POL004723,BI,Bodily Injury,active,56362.47,1772.62,2023-12-04,2024-12-03
COV004624,POL004724,BI,Bodily Injury,active,238371.35,2245.0,2025-06-07,2026-06-07
COV004625,POL004725,MED,Medical Payments,active,416306.63,4808.18,2026-02-11,2027-02-11
COV004626,POL004726,PD,Property Damage,active,392758.39,810.46,2026-08-03,2027-08-03
COV004627,POL004727,COLL,Collision,active,78101.01,1575.58,2026-01-28,2027-01-28
COV004628,POL004728,COLL,Collision,active,489334.16,1244.5,2026-06-17,2027-06-17
COV004629,POL004729,BI,Bodily Injury,active,68348.91,1744.33,2025-06-06,2026-06-06
COV004630,POL004730,COLL,Collision,active,51923.37,1936.99,2025-11-24,2026-11-24
COV004631,POL004731,BI,Bodily Injury,active,425467.16,1557.65,2023-09-24,2024-09-23
COV004632,POL004732,BI,Bodily Injury,active,94402.62,2353.42,2025-09-27,2026-09-27
COV004633,POL004733,COLL,Collision,active,239892.6,3196.14,2025-12-01,2026-12-01
COV004634,POL004734,MED,Medical Payments,active,84369.65,2680.13,2023-10-26,2024-10-25
COV004635,POL004735,COMP,Comprehensive,active,389820.41,1553.93,2026-06-03,2027-06-03
COV004636,POL004736,COMP,Comprehensive,active,483328.56,921.46,2025-05-26,2026-05-26
COV004637,POL004737,MED,Medical Payments,active,131922.19,1453.64,2023-12-01,2024-11-30
COV004638,POL004738,BI,Bodily Injury,active,44587.42,1820.97,2023-10-31,2024-10-30
COV004639,POL004739,BI,Bodily Injury,active,43462.51,2663.04,2023-04-08,2024-04-07
COV004640,POL004740,COMP,Comprehensive,active,85018.75,4929.39,2026-07-10,2027-07-10
COV004641,POL004741,COLL,Collision,active,312636.92,2180.03,2024-05-31,2025-05-31
COV004642,POL004742,COLL,Collision,active,165695.52,2201.84,2023-11-16,2024-11-15
COV004643,POL004743,PD,Property Damage,active,362927.88,4860.45,2025-04-29,2026-04-29
COV004644,POL004744,PD,Property Damage,active,99962.38,2223.83,2025-06-20,2026-06-20
COV004645,POL004745,PD,Property Damage,active,65370.3,1073.03,2025-01-17,2026-01-17
COV004646,POL004746,COLL,Collision,active,155446.85,4497.0,2023-09-22,2024-09-21
COV004647,POL004747,COMP,Comprehensive,active,31445.28,1829.27,2023-07-30,2024-07-29
COV004648,POL004748,BI,Bodily Injury,active,231175.66,3426.64,2026-08-08,2027-08-08
COV004649,POL004749,PD,Property Damage,active,379619.78,2474.62,2023-06-15,2024-06-14
COV004650,POL004750,PD,Property Damage,active,316114.09,2172.47,2025-01-06,2026-01-06
COV004651,POL004751,COLL,Collision,active,304473.83,4666.6,2026-05-17,2027-05-17
COV004652,POL004752,COMP,Comprehensive,active,298330.87,2234.85,2023-05-19,2024-05-18
COV004653,POL004753,COLL,Collision,active,441848.24,2130.98,2023-08-06,2024-08-05
COV004654,POL004754,MED,Medical Payments,active,239430.13,3641.26,2023-05-24,2024-05-23
COV004655,POL004755,MED,Medical Payments,active,113634.84,2494.6,2025-11-22,2026-11-22
COV004656,POL004756,MED,Medical Payments,active,431703.79,3706.71,2023-01-09,2024-01-09
COV004657,POL004757,PD,Property Damage,active,489291.91,2618.28,2025-05-16,2026-05-16
COV004658,POL004758,COLL,Collision,active,33874.77,3978.65,2023-12-22,2024-12-21
COV004659,POL004759,COLL,Collision,active,155637.47,3466.05,2023-08-15,2024-08-14
COV004660,POL004760,COLL,Collision,active,63181.52,1760.69,2025-03-17,2026-03-17
COV004661,POL004761,BI,Bodily Injury,active,116511.92,2234.5,2025-04-05,2026-04-05
COV004662,POL004762,BI,Bodily Injury,active,256296.95,4994.21,2023-07-12,2024-07-11
COV004663,POL004763,MED,Medical Payments,active,74703.67,3658.4,2025-11-09,2026-11-09
COV004664,POL004764,COLL,Collision,active,242764.82,1322.51,2025-10-22,2026-10-22
COV004665,POL004765,PD,Property Damage,active,82535.69,2821.18,2023-02-06,2024-02-06
COV004666,POL004766,COLL,Collision,active,97211.25,2930.96,2025-01-16,2026-01-16
COV004667,POL004767,COLL,Collision,active,240924.48,4871.1,2025-05-27,2026-05-27
COV004668,POL004768,COLL,Collision,active,175699.96,1156.11,2025-12-20,2026-12-20
COV004669,POL004769,BI,Bodily Injury,active,252559.02,2919.31,2025-10-17,2026-10-17
COV004670,POL004770,BI,Bodily Injury,active,487346.05,2269.25,2023-11-01,2024-10-31
COV004671,POL004771,COMP,Comprehensive,active,244109.68,3721.91,2024-04-05,2025-04-05
COV004672,POL004772,COLL,Collision,active,36048.21,4825.67,2025-12-21,2026-12-21
COV004673,POL004773,BI,Bodily Injury,active,181965.74,3713.39,2023-02-25,2024-02-25
COV004674,POL004774,COMP,Comprehensive,active,156348.69,746.76,2024-01-29,2025-01-28
COV004675,POL004775,COLL,Collision,active,316925.23,820.32,2023-03-25,2024-03-24
COV004676,POL004776,COMP,Comprehensive,active,383850.82,2906.6,2024-09-05,2025-09-05
COV004677,POL004777,PD,Property Damage,active,134696.51,903.24,2025-08-20,2026-08-20
COV004678,POL004778,MED,Medical Payments,active,105357.54,3197.45,2025-05-11,2026-05-11
COV004679,POL004779,MED,Medical Payments,active,263812.75,4966.61,2023-01-02,2024-01-02
COV004680,POL004780,PD,Property Damage,active,143153.9,1797.21,2026-05-27,2027-05-27
COV004681,POL004781,PD,Property Damage,active,431242.92,3698.96,2025-07-20,2026-07-20
COV004682,POL004782,PD,Property Damage,active,81663.3,4531.57,2024-02-16,2025-02-15
COV004683,POL004783,PD,Property Damage,active,362693.43,2240.25,2023-09-04,2024-09-03
COV004684,POL004784,MED,Medical Payments,active,259363.69,3032.63,2024-08-17,2025-08-17
COV004685,POL004785,COLL,Collision,active,128796.33,1807.15,2023-05-04,2024-05-03
COV004686,POL004786,MED,Medical Payments,active,326580.84,4937.47,2024-09-30,2025-09-30
COV004687,POL004787,BI,Bodily Injury,active,314979.54,3985.53,2025-11-06,2026-11-06
COV004688,POL004788,PD,Property Damage,active,437665.38,3089.34,2025-06-10,2026-06-10
COV004689,POL004789,COLL,Collision,active,194478.24,2022.86,2026-03-23,2027-03-23
COV004690,POL004790,MED,Medical Payments,active,482358.1,1412.48,2025-10-01,2026-10-01
COV004691,POL004791,COMP,Comprehensive,active,138383.54,3749.59,2026-03-16,2027-03-16
COV004692,POL004792,BI,Bodily Injury,active,390507.16,4327.51,2024-09-06,2025-09-06
COV004693,POL004793,MED,Medical Payments,active,146666.52,316.47,2024-11-02,2025-11-02
COV004694,POL004794,COMP,Comprehensive,active,198537.77,2336.24,2023-05-05,2024-05-04
COV004695,POL004795,MED,Medical Payments,active,35952.27,765.63,2025-02-27,2026-02-27
COV004696,POL004796,BI,Bodily Injury,active,189867.44,1595.05,2023-08-03,2024-08-02
COV004697,POL004797,MED,Medical Payments,active,302981.29,2940.33,2025-08-02,2026-08-02
COV004698,POL004798,COMP,Comprehensive,active,50685.33,1436.5,2025-08-27,2026-08-27
COV004699,POL004799,COLL,Collision,active,84969.04,1384.38,2023-08-29,2024-08-28
COV004700,POL004800,BI,Bodily Injury,active,234832.79,2229.85,2024-03-15,2025-03-15
COV004701,POL004801,PD,Property Damage,active,436944.63,1332.74,2025-08-03,2026-08-03
COV004702,POL004802,COMP,Comprehensive,active,473651.23,339.03,2026-02-04,2027-02-04
COV004703,POL004803,MED,Medical Payments,active,424281.28,4326.78,2025-10-02,2026-10-02
COV004704,POL004804,MED,Medical Payments,active,232577.43,2214.54,2026-01-24,2027-01-24
COV004705,POL004805,PD,Property Damage,active,410772.3,567.78,2025-06-18,2026-06-18
COV004706,POL004806,COLL,Collision,active,442901.24,1620.49,2023-07-12,2024-07-11
COV004707,POL004807,MED,Medical Payments,active,182420.36,3657.93,2023-03-17,2024-03-16
COV004708,POL004808,COMP,Comprehensive,active,481378.69,2255.38,2024-08-21,2025-08-21
COV004709,POL004809,PD,Property Damage,active,308801.36,2672.06,2026-06-15,2027-06-15
COV004710,POL004810,MED,Medical Payments,active,303015.25,3510.22,2024-09-17,2025-09-17
COV004711,POL004811,PD,Property Damage,active,26936.24,2346.24,2023-12-30,2024-12-29
COV004712,POL004812,BI,Bodily Injury,active,439329.7,1585.72,2023-12-28,2024-12-27
COV004713,POL004813,COLL,Collision,active,223182.71,3665.81,2023-06-02,2024-06-01
COV004714,POL004814,COMP,Comprehensive,active,348762.56,883.52,2025-12-13,2026-12-13
COV004715,POL004815,COLL,Collision,active,373879.07,4199.53,2026-08-15,2027-08-15
COV004716,POL004816,PD,Property Damage,active,409275.17,2554.47,2025-12-23,2026-12-23
COV004717,POL004817,PD,Property Damage,active,442986.6,353.06,2023-10-11,2024-10-10
COV004718,POL004818,PD,Property Damage,active,26800.27,1522.03,2023-08-08,2024-08-07
COV004719,POL004819,BI,Bodily Injury,active,478421.58,4899.45,2025-12-13,2026-12-13
COV004720,POL004820,BI,Bodily Injury,active,319393.07,626.66,2023-12-07,2024-12-06
COV004721,POL004821,COLL,Collision,active,375810.2,4467.91,2023-07-14,2024-07-13
COV004722,POL004822,COLL,Collision,active,230357.64,1336.14,2023-04-07,2024-04-06
COV004723,POL004823,COMP,Comprehensive,active,498119.0,3143.48,2026-05-29,2027-05-29
COV004724,POL004824,BI,Bodily Injury,active,435933.55,3986.92,2025-01-30,2026-01-30
COV004725,POL004825,BI,Bodily Injury,active,428416.2,1509.64,2023-02-17,2024-02-17
COV004726,POL004826,BI,Bodily Injury,active,442417.44,659.36,2023-05-03,2024-05-02
COV004727,POL004827,COMP,Comprehensive,active,401674.09,740.92,2024-11-09,2025-11-09
COV004728,POL004828,COLL,Collision,active,453462.97,2734.49,2024-02-04,2025-02-03
COV004729,POL004829,PD,Property Damage,active,310612.98,3030.85,2026-04-22,2027-04-22
COV004730,POL004830,COLL,Collision,active,25905.7,4928.71,2023-03-06,2024-03-05
COV004731,POL004831,MED,Medical Payments,active,415567.79,1175.56,2026-01-06,2027-01-06
COV004732,POL004832,COLL,Collision,active,428991.51,1376.67,2023-05-12,2024-05-11
COV004733,POL004833,COLL,Collision,active,248497.78,1267.0,2024-05-05,2025-05-05
COV004734,POL004834,BI,Bodily Injury,active,404073.35,3027.48,2025-05-04,2026-05-04
COV004735,POL004835,PD,Property Damage,active,264570.06,4081.24,2023-04-25,2024-04-24
COV004736,POL004836,COLL,Collision,active,187235.58,900.77,2023-01-28,2024-01-28
COV004737,POL004837,COLL,Collision,active,227895.03,4058.42,2025-05-13,2026-05-13
COV004738,POL004838,COLL,Collision,active,190155.49,3382.59,2026-07-15,2027-07-15
COV004739,POL004839,COLL,Collision,active,151332.72,2328.61,2023-05-30,2024-05-29
COV004740,POL004840,MED,Medical Payments,active,347848.9,4625.72,2023-02-17,2024-02-17
COV004741,POL004841,MED,Medical Payments,active,258557.34,1850.47,2023-09-27,2024-09-26
COV004742,POL004842,COMP,Comprehensive,active,169402.21,725.54,2024-08-06,2025-08-06
COV004743,POL004843,COLL,Collision,active,67915.68,4160.08,2024-12-15,2025-12-15
COV004744,POL004844,BI,Bodily Injury,active,222346.76,1517.04,2026-06-29,2027-06-29
COV004745,POL004845,MED,Medical Payments,active,436109.22,1831.39,2026-08-27,2027-08-27
COV004746,POL004846,MED,Medical Payments,active,463089.57,4309.1,2023-05-08,2024-05-07
COV004747,POL004847,COLL,Collision,active,128487.71,4692.94,2023-05-05,2024-05-04
COV004748,POL004848,COMP,Comprehensive,active,354118.58,1646.05,2024-09-18,2025-09-18
COV004749,POL004849,COMP,Comprehensive,active,412575.95,4762.26,2025-03-27,2026-03-27
COV004750,POL004850,BI,Bodily Injury,active,179747.94,1252.89,2025-12-05,2026-12-05
COV004751,POL004851,COLL,Collision,active,198424.96,3948.11,2026-06-14,2027-06-14
COV004752,POL004852,COMP,Comprehensive,active,292361.95,510.84,2026-03-21,2027-03-21
COV004753,POL004853,MED,Medical Payments,active,325232.79,3595.18,2023-07-02,2024-07-01
COV004754,POL004854,BI,Bodily Injury,active,362471.87,785.08,2023-02-17,2024-02-17
COV004755,POL004855,BI,Bodily Injury,active,62341.69,2873.79,2026-07-05,2027-07-05
COV004756,POL004856,MED,Medical Payments,active,464389.14,4117.71,2026-05-25,2027-05-25
COV004757,POL004857,PD,Property Damage,active,203564.32,3494.7,2024-05-09,2025-05-09
COV004758,POL004858,COMP,Comprehensive,active,448130.9,3981.13,2023-10-16,2024-10-15
COV004759,POL004859,COLL,Collision,active,71142.38,2594.11,2023-01-11,2024-01-11
COV004760,POL004860,MED,Medical Payments,active,85199.1,2036.13,2024-07-10,2025-07-10
COV004761,POL004861,COLL,Collision,active,227179.97,3046.93,2025-05-02,2026-05-02
COV004762,POL004862,MED,Medical Payments,active,266800.07,3335.18,2025-01-27,2026-01-27
COV004763,POL004863,PD,Property Damage,active,389018.67,3656.75,2025-07-31,2026-07-31
COV004764,POL004864,PD,Property Damage,active,300303.35,2602.0,2026-04-05,2027-04-05
COV004765,POL004865,PD,Property Damage,active,360329.91,3930.74,2023-08-02,2024-08-01
COV004766,POL004866,PD,Property Damage,active,381963.91,3222.86,2025-06-20,2026-06-20
COV004767,POL004867,COMP,Comprehensive,active,320555.06,2603.79,2024-02-03,2025-02-02
COV004768,POL004868,COLL,Collision,active,191578.74,1649.38,2025-12-15,2026-12-15
COV004769,POL004869,COLL,Collision,active,224230.79,1721.46,2024-10-12,2025-10-12
COV004770,POL004870,BI,Bodily Injury,active,475502.97,2782.0,2024-08-24,2025-08-24
COV004771,POL004871,COLL,Collision,active,143776.31,703.36,2025-01-03,2026-01-03
COV004772,POL004872,BI,Bodily Injury,active,464403.26,1385.99,2024-06-09,2025-06-09
COV004773,POL004873,BI,Bodily Injury,active,302332.36,4386.31,2023-10-24,2024-10-23
COV004774,POL004874,COMP,Comprehensive,active,46509.03,1530.35,2024-10-14,2025-10-14
COV004775,POL004875,COLL,Collision,active,277512.34,917.43,2026-09-12,2027-09-12
COV004776,POL004876,COMP,Comprehensive,active,197193.45,3511.02,2025-10-05,2026-10-05
COV004777,POL004877,BI,Bodily Injury,active,112903.98,2817.8,2025-07-07,2026-07-07
COV004778,POL004878,PD,Property Damage,active,385189.32,1663.16,2025-08-12,2026-08-12
COV004779,POL004879,MED,Medical Payments,active,95677.8,4025.79,2026-08-10,2027-08-10
COV004780,POL004880,COLL,Collision,active,372658.21,3835.15,2024-03-07,2025-03-07
COV004781,POL004881,COLL,Collision,active,328344.38,1627.25,2026-02-16,2027-02-16
COV004782,POL004882,BI,Bodily Injury,active,204519.29,2620.33,2025-07-28,2026-07-28
COV004783,POL004883,BI,Bodily Injury,active,278006.8,2365.83,2025-04-19,2026-04-19
COV004784,POL004884,COMP,Comprehensive,active,492387.16,2969.38,2025-11-04,2026-11-04
COV004785,POL004885,COLL,Collision,active,340726.25,2539.59,2025-02-12,2026-02-12
COV004786,POL004886,PD,Property Damage,active,477002.76,4098.23,2024-12-28,2025-12-28
COV004787,POL004887,COLL,Collision,active,355738.99,1973.09,2026-03-20,2027-03-20
COV004788,POL004888,MED,Medical Payments,active,261024.47,1468.82,2023-11-23,2024-11-22
COV004789,POL004889,PD,Property Damage,active,442614.4,928.74,2024-02-08,2025-02-07
COV004790,POL004890,BI,Bodily Injury,active,195035.29,394.15,2025-11-25,2026-11-25
COV004791,POL004891,BI,Bodily Injury,active,394958.57,3072.22,2025-07-24,2026-07-24
COV004792,POL004892,COMP,Comprehensive,active,343259.11,2100.18,2024-05-20,2025-05-20
COV004793,POL004893,MED,Medical Payments,active,228406.41,259.25,2025-05-18,2026-05-18
COV004794,POL004894,COLL,Collision,active,185225.31,3978.26,2024-02-22,2025-02-21
COV004795,POL004895,COMP,Comprehensive,active,150214.99,3492.64,2023-01-07,2024-01-07
COV004796,POL004896,PD,Property Damage,active,125432.52,4335.21,2025-12-11,2026-12-11
COV004797,POL004897,BI,Bodily Injury,active,222876.18,3891.46,2025-04-14,2026-04-14
COV004798,POL004898,MED,Medical Payments,active,143956.36,3938.0,2026-08-11,2027-08-11
COV004799,POL004899,COLL,Collision,active,88595.88,3463.23,2026-07-03,2027-07-03
COV004800,POL004900,MED,Medical Payments,active,351643.73,1289.12,2023-09-10,2024-09-09
COV004801,POL004901,BI,Bodily Injury,active,435864.32,866.88,2024-11-18,2025-11-18
COV004802,POL004902,MED,Medical Payments,active,196373.55,4380.37,2024-06-16,2025-06-16
COV004803,POL004903,BI,Bodily Injury,active,378429.74,2394.99,2024-05-27,2025-05-27
COV004804,POL004904,BI,Bodily Injury,active,472363.64,2737.72,2023-05-08,2024-05-07
COV004805,POL004905,COMP,Comprehensive,active,283117.56,3627.83,2024-09-05,2025-09-05
COV004806,POL004906,MED,Medical Payments,active,267672.53,2302.7,2023-11-28,2024-11-27
COV004807,POL004907,MED,Medical Payments,active,404925.1,3727.61,2024-09-08,2025-09-08
COV004808,POL004908,BI,Bodily Injury,active,463677.66,3050.82,2024-05-22,2025-05-22
COV004809,POL004909,BI,Bodily Injury,active,358957.88,2012.5,2025-02-14,2026-02-14
COV004810,POL004910,COMP,Comprehensive,active,254781.41,1665.82,2023-11-24,2024-11-23
COV004811,POL004911,PD,Property Damage,active,126675.05,3855.54,2023-02-03,2024-02-03
COV004812,POL004912,COMP,Comprehensive,active,186254.35,3542.32,2023-02-26,2024-02-26
COV004813,POL004913,COMP,Comprehensive,active,420081.09,3038.19,2026-04-23,2027-04-23
COV004814,POL004914,COMP,Comprehensive,active,115959.16,2655.18,2025-05-23,2026-05-23
COV004815,POL004915,COMP,Comprehensive,active,142271.96,3803.69,2024-11-10,2025-11-10
COV004816,POL004916,COLL,Collision,active,224590.1,1657.08,2025-06-10,2026-06-10
COV004817,POL004917,BI,Bodily Injury,active,183050.11,3507.96,2023-03-28,2024-03-27
COV004818,POL004918,BI,Bodily Injury,active,401986.67,3003.64,2023-08-15,2024-08-14
COV004819,POL004919,COLL,Collision,active,80966.96,3813.87,2024-07-10,2025-07-10
COV004820,POL004920,BI,Bodily Injury,active,232412.26,1962.97,2024-07-11,2025-07-11
COV004821,POL004921,BI,Bodily Injury,active,248874.54,1308.76,2025-01-30,2026-01-30
COV004822,POL004922,MED,Medical Payments,active,38892.25,984.63,2023-12-05,2024-12-04
COV004823,POL004923,MED,Medical Payments,active,252371.64,1770.61,2023-03-29,2024-03-28
COV004824,POL004924,COLL,Collision,active,354635.83,3688.88,2024-05-17,2025-05-17
COV004825,POL004925,COMP,Comprehensive,active,480206.46,4239.62,2024-10-17,2025-10-17
COV004826,POL004926,MED,Medical Payments,active,185332.34,4407.85,2024-11-28,2025-11-28
COV004827,POL004927,BI,Bodily Injury,active,261631.79,2459.6,2026-04-10,2027-04-10
COV004828,POL004928,BI,Bodily Injury,active,288170.29,856.08,2023-08-25,2024-08-24
COV004829,POL004929,BI,Bodily Injury,active,469105.09,4830.31,2025-04-01,2026-04-01
COV004830,POL004930,BI,Bodily Injury,active,235797.72,1349.67,2026-01-10,2027-01-10
COV004831,POL004931,BI,Bodily Injury,active,121991.87,4470.38,2025-03-22,2026-03-22
COV004832,POL004932,MED,Medical Payments,active,494133.78,429.82,2026-02-25,2027-02-25
COV004833,POL004933,BI,Bodily Injury,active,387906.12,3100.19,2024-05-23,2025-05-23
COV004834,POL004934,MED,Medical Payments,active,442637.23,1670.47,2024-10-31,2025-10-31
COV004835,POL004935,BI,Bodily Injury,active,272912.67,3532.91,2024-09-25,2025-09-25
COV004836,POL004936,COLL,Collision,active,145031.35,1934.52,2024-08-22,2025-08-22
COV004837,POL004937,PD,Property Damage,active,121639.48,2210.43,2023-07-11,2024-07-10
COV004838,POL004938,BI,Bodily Injury,active,199677.08,4467.9,2025-01-08,2026-01-08
COV004839,POL004939,PD,Property Damage,active,211699.08,1516.72,2024-05-03,2025-05-03
COV004840,POL004940,COMP,Comprehensive,active,53584.39,1082.01,2025-10-25,2026-10-25
COV004841,POL004941,COLL,Collision,active,311929.29,2265.67,2023-04-03,2024-04-02
COV004842,POL004942,PD,Property Damage,active,378555.25,3216.77,2026-01-03,2027-01-03
COV004843,POL004943,MED,Medical Payments,active,422206.22,3597.93,2025-02-26,2026-02-26
COV004844,POL004944,COLL,Collision,active,62988.11,3714.63,2026-04-29,2027-04-29
COV004845,POL004945,BI,Bodily Injury,active,95562.19,2674.12,2023-11-19,2024-11-18
COV004846,POL004946,PD,Property Damage,active,292439.57,2810.91,2026-08-07,2027-08-07
COV004847,POL004947,COMP,Comprehensive,active,116817.25,2479.75,2023-04-01,2024-03-31
COV004848,POL004948,PD,Property Damage,active,481020.65,599.62,2024-11-07,2025-11-07
COV004849,POL004949,PD,Property Damage,active,325192.4,3316.23,2024-09-17,2025-09-17
COV004850,POL004950,MED,Medical Payments,active,486708.55,1880.53,2025-11-04,2026-11-04
COV004851,POL004951,BI,Bodily Injury,active,358900.87,1737.77,2026-03-22,2027-03-22
COV004852,POL004952,PD,Property Damage,active,40835.19,4837.32,2023-12-16,2024-12-15
COV004853,POL004953,COLL,Collision,active,103639.86,4964.31,2023-11-26,2024-11-25
COV004854,POL004954,BI,Bodily Injury,active,147912.81,3609.88,2024-03-27,2025-03-27
COV004855,POL004955,COLL,Collision,active,399785.25,4114.78,2026-05-26,2027-05-26
COV004856,POL004956,BI,Bodily Injury,active,285243.47,503.89,2023-06-19,2024-06-18
COV004857,POL004957,COMP,Comprehensive,active,457255.6,843.75,2024-07-13,2025-07-13
COV004858,POL004958,MED,Medical Payments,active,374620.6,908.87,2025-08-06,2026-08-06
COV004859,POL004959,BI,Bodily Injury,active,483198.74,4283.62,2024-04-18,2025-04-18
COV004860,POL004960,MED,Medical Payments,active,289010.09,4286.37,2024-12-23,2025-12-23
COV004861,POL004961,PD,Property Damage,active,55373.19,4427.05,2024-11-27,2025-11-27
COV004862,POL004962,COMP,Comprehensive,active,358603.48,3556.84,2024-11-06,2025-11-06
COV004863,POL004963,COMP,Comprehensive,active,493669.63,3235.71,2025-02-19,2026-02-19
COV004864,POL004964,MED,Medical Payments,active,329411.22,2254.27,2023-03-13,2024-03-12
COV004865,POL004965,PD,Property Damage,active,64181.85,2195.25,2026-06-28,2027-06-28
COV004866,POL004966,MED,Medical Payments,active,429374.69,4986.37,2024-04-20,2025-04-20
COV004867,POL004967,BI,Bodily Injury,active,156105.01,4392.95,2023-09-08,2024-09-07
COV004868,POL004968,BI,Bodily Injury,active,408859.46,1976.17,2024-05-12,2025-05-12
COV004869,POL004969,COLL,Collision,active,360337.36,3022.95,2023-10-12,2024-10-11
COV004870,POL004970,COMP,Comprehensive,active,119609.37,895.29,2024-04-12,2025-04-12
COV004871,POL004971,BI,Bodily Injury,active,279268.08,4272.93,2023-03-22,2024-03-21
COV004872,POL004972,BI,Bodily Injury,active,347636.34,4838.67,2026-08-09,2027-08-09
COV004873,POL004973,COLL,Collision,active,143988.19,2733.49,2026-06-28,2027-06-28
COV004874,POL004974,MED,Medical Payments,active,47468.52,4984.08,2026-05-03,2027-05-03
COV004875,POL004975,MED,Medical Payments,active,309825.05,487.41,2026-02-22,2027-02-22
COV004876,POL004976,BI,Bodily Injury,active,402207.16,2589.49,2023-06-26,2024-06-25
COV004877,POL004977,BI,Bodily Injury,active,299432.86,4694.43,2026-08-23,2027-08-23
COV004878,POL004978,MED,Medical Payments,active,104084.67,4988.27,2025-06-26,2026-06-26
COV004879,POL004979,PD,Property Damage,active,275074.92,824.05,2025-10-22,2026-10-22
COV004880,POL004980,BI,Bodily Injury,active,90591.99,4341.64,2023-06-17,2024-06-16
COV004881,POL004981,COMP,Comprehensive,active,466540.06,1180.63,2024-02-17,2025-02-16
COV004882,POL004982,MED,Medical Payments,active,169739.14,830.01,2026-02-16,2027-02-16
COV004883,POL004983,BI,Bodily Injury,active,293957.55,844.53,2023-07-10,2024-07-09
COV004884,POL004984,PD,Property Damage,active,182290.09,4984.16,2024-11-13,2025-11-13
COV004885,POL004985,COLL,Collision,active,240215.17,690.9,2026-05-03,2027-05-03
COV004886,POL004986,COMP,Comprehensive,active,45266.86,1704.59,2023-01-31,2024-01-31
COV004887,POL004987,MED,Medical Payments,active,497023.0,3555.44,2023-03-24,2024-03-23
COV004888,POL004988,PD,Property Damage,active,86968.35,1280.88,2024-01-24,2025-01-23
COV004889,POL004989,BI,Bodily Injury,active,445241.24,4534.12,2024-05-17,2025-05-17
COV004890,POL004990,BI,Bodily Injury,active,419476.74,2996.57,2025-12-19,2026-12-19
COV004891,POL004991,MED,Medical Payments,active,240589.71,4204.85,2023-01-17,2024-01-17
COV004892,POL004992,COLL,Collision,active,495861.52,4710.43,2025-05-12,2026-05-12
COV004893,POL004993,COMP,Comprehensive,active,394115.56,2024.35,2025-10-04,2026-10-04
COV004894,POL004994,COLL,Collision,active,340621.76,4799.7,2023-12-18,2024-12-17
COV004895,POL004995,COLL,Collision,active,346630.53,813.34,2023-01-12,2024-01-12
COV004896,POL004996,COMP,Comprehensive,active,82158.86,1240.93,2024-09-11,2025-09-11
COV004897,POL004997,BI,Bodily Injury,active,363474.63,4727.1,2026-04-06,2027-04-06
COV004898,POL004998,MED,Medical Payments,active,312312.14,1246.03,2024-05-08,2025-05-08
COV004899,POL004999,PD,Property Damage,active,372345.14,3029.35,2023-06-07,2024-06-06
COV004900,POL005000,COLL,Collision,active,395132.84,2785.29,2024-05-03,2025-05-03
COV004901,POL000001,BI,Bodily Injury,active,48463.41,393.51,2023-09-09,2024-09-08
COV004902,POL000002,COLL,Collision,active,232848.74,1964.33,2023-12-22,2024-12-21
COV004903,POL000003,COLL,Collision,active,337714.98,1248.1,2025-06-24,2026-06-24
COV004904,POL000004,MED,Medical Payments,active,356015.53,2294.26,2026-06-27,2027-06-27
COV004905,POL000005,MED,Medical Payments,active,340566.84,4018.22,2025-01-07,2026-01-07
COV004906,POL000006,BI,Bodily Injury,active,299923.88,4301.78,2024-06-18,2025-06-18
COV004907,POL000007,MED,Medical Payments,active,427758.03,3092.14,2025-09-10,2026-09-10
COV004908,POL000008,PD,Property Damage,active,150026.45,3457.32,2025-08-11,2026-08-11
COV004909,POL000009,MED,Medical Payments,active,47528.54,1566.38,2023-06-06,2024-06-05
COV004910,POL000010,BI,Bodily Injury,active,445675.59,2587.9,2024-05-03,2025-05-03
COV004911,POL000011,PD,Property Damage,active,375699.1,3260.41,2024-09-23,2025-09-23
COV004912,POL000012,PD,Property Damage,active,52836.34,2224.7,2026-07-18,2027-07-18
COV004913,POL000013,COMP,Comprehensive,active,381087.01,2352.63,2023-02-24,2024-02-24
COV004914,POL000014,PD,Property Damage,active,431171.38,1218.35,2026-05-28,2027-05-28
COV004915,POL000015,BI,Bodily Injury,active,300546.7,696.93,2026-05-09,2027-05-09
COV004916,POL000016,COMP,Comprehensive,active,172641.47,3404.1,2024-06-29,2025-06-29
COV004917,POL000017,MED,Medical Payments,active,270054.01,4876.22,2024-10-14,2025-10-14
COV004918,POL000018,MED,Medical Payments,active,450125.98,693.56,2023-04-18,2024-04-17
COV004919,POL000019,COLL,Collision,active,28470.09,3095.06,2024-04-09,2025-04-09
COV004920,POL000020,BI,Bodily Injury,active,321520.63,1141.31,2023-06-13,2024-06-12
COV004921,POL000021,BI,Bodily Injury,active,446434.27,2600.19,2026-06-20,2027-06-20
COV004922,POL000022,PD,Property Damage,active,441138.99,3740.31,2023-12-02,2024-12-01
COV004923,POL000023,MED,Medical Payments,active,94772.32,2419.72,2024-07-06,2025-07-06
COV004924,POL000024,BI,Bodily Injury,active,464953.64,1950.41,2023-12-14,2024-12-13
COV004925,POL000025,PD,Property Damage,active,450881.63,3546.1,2026-03-31,2027-03-31
COV004926,POL000026,PD,Property Damage,active,417194.95,1686.22,2026-05-13,2027-05-13
COV004927,POL000027,MED,Medical Payments,active,201204.48,3461.69,2025-09-30,2026-09-30
COV004928,POL000028,MED,Medical Payments,active,461758.51,912.82,2024-10-05,2025-10-05
COV004929,POL000029,COMP,Comprehensive,active,243163.16,3212.23,2024-03-03,2025-03-03
COV004930,POL000030,MED,Medical Payments,active,202988.84,3029.47,2023-07-24,2024-07-23
COV004931,POL000031,MED,Medical Payments,active,484013.67,985.49,2023-01-10,2024-01-10
COV004932,POL000032,BI,Bodily Injury,active,385298.87,2795.21,2023-02-22,2024-02-22
COV004933,POL000033,COLL,Collision,active,232771.05,658.28,2026-06-21,2027-06-21
COV004934,POL000034,PD,Property Damage,active,284492.27,4850.97,2025-05-08,2026-05-08
COV004935,POL000035,COMP,Comprehensive,active,350423.45,4546.7,2024-10-30,2025-10-30
COV004936,POL000036,MED,Medical Payments,active,476502.45,1995.08,2023-09-23,2024-09-22
COV004937,POL000037,COMP,Comprehensive,active,134412.2,4159.07,2025-12-14,2026-12-14
COV004938,POL000038,COMP,Comprehensive,active,189527.27,1564.89,2023-05-05,2024-05-04
COV004939,POL000039,PD,Property Damage,active,123494.46,4427.37,2023-11-19,2024-11-18
COV004940,POL000040,COMP,Comprehensive,active,105389.26,1642.04,2026-04-24,2027-04-24
COV004941,POL000041,BI,Bodily Injury,active,61618.9,3645.18,2025-01-12,2026-01-12
COV004942,POL000042,BI,Bodily Injury,active,486892.02,2000.52,2026-02-21,2027-02-21
COV004943,POL000043,MED,Medical Payments,active,365479.43,3747.08,2023-12-16,2024-12-15
COV004944,POL000044,COMP,Comprehensive,active,112757.33,4592.01,2025-05-08,2026-05-08
COV004945,POL000045,PD,Property Damage,active,399664.02,745.41,2023-12-14,2024-12-13
COV004946,POL000046,PD,Property Damage,active,170393.92,2215.79,2026-02-26,2027-02-26
COV004947,POL000047,PD,Property Damage,active,266408.56,3736.03,2025-03-24,2026-03-24
COV004948,POL000048,MED,Medical Payments,active,378312.39,2035.34,2024-11-26,2025-11-26
COV004949,POL000049,BI,Bodily Injury,active,317236.51,2208.9,2023-07-03,2024-07-02
COV004950,POL000050,COMP,Comprehensive,active,194723.09,3837.01,2026-03-01,2027-03-01
COV004951,POL000051,BI,Bodily Injury,active,132350.99,2168.75,2026-01-17,2027-01-17
COV004952,POL000052,BI,Bodily Injury,active,320121.58,1167.36,2025-02-07,2026-02-07
COV004953,POL000053,MED,Medical Payments,active,203735.22,4818.88,2024-10-01,2025-10-01
COV004954,POL000054,BI,Bodily Injury,active,252317.74,4278.89,2025-11-12,2026-11-12
COV004955,POL000055,COLL,Collision,active,337049.76,3729.81,2025-04-14,2026-04-14
COV004956,POL000056,COMP,Comprehensive,active,247034.25,268.71,2025-07-08,2026-07-08
COV004957,POL000057,COLL,Collision,active,482951.89,3072.97,2026-09-11,2027-09-11
COV004958,POL000058,MED,Medical Payments,active,70768.52,262.09,2023-05-16,2024-05-15
COV004959,POL000059,PD,Property Damage,active,86716.65,4470.94,2024-04-18,2025-04-18
COV004960,POL000060,COLL,Collision,active,203757.22,2548.1,2024-09-09,2025-09-09
COV004961,POL000061,PD,Property Damage,active,62714.51,3903.46,2026-07-15,2027-07-15
COV004962,POL000062,MED,Medical Payments,active,251346.6,2923.95,2026-01-11,2027-01-11
COV004963,POL000063,PD,Property Damage,active,494612.61,3599.5,2024-05-07,2025-05-07
COV004964,POL000064,COLL,Collision,active,357363.07,771.06,2025-08-07,2026-08-07
COV004965,POL000065,COLL,Collision,active,128192.96,896.68,2025-01-01,2026-01-01
COV004966,POL000066,PD,Property Damage,active,248796.07,2581.09,2025-10-29,2026-10-29
COV004967,POL000067,PD,Property Damage,active,439349.82,364.17,2023-08-16,2024-08-15
COV004968,POL000068,PD,Property Damage,active,325669.85,2541.38,2025-01-30,2026-01-30
COV004969,POL000069,COMP,Comprehensive,active,66931.1,4403.94,2024-05-25,2025-05-25
COV004970,POL000070,PD,Property Damage,active,94245.22,3032.6,2025-12-01,2026-12-01
COV004971,POL000071,BI,Bodily Injury,active,283010.04,4628.58,2023-02-05,2024-02-05
COV004972,POL000072,PD,Property Damage,active,396537.38,1416.42,2023-08-06,2024-08-05
COV004973,POL000073,COLL,Collision,active,418436.92,2538.42,2025-09-04,2026-09-04
COV004974,POL000074,COMP,Comprehensive,active,101347.61,2813.78,2026-02-25,2027-02-25
COV004975,POL000075,COLL,Collision,active,47832.04,1097.8,2025-07-17,2026-07-17
COV004976,POL000076,MED,Medical Payments,active,77642.12,970.9,2024-11-01,2025-11-01
COV004977,POL000077,COMP,Comprehensive,active,416651.37,618.05,2025-01-09,2026-01-09
COV004978,POL000078,COMP,Comprehensive,active,495254.53,4898.45,2026-01-23,2027-01-23
COV004979,POL000079,COLL,Collision,active,318808.98,2190.18,2026-04-26,2027-04-26
COV004980,POL000080,MED,Medical Payments,active,280348.22,1465.71,2025-02-25,2026-02-25
COV004981,POL000081,MED,Medical Payments,active,139416.77,1185.02,2026-04-10,2027-04-10
COV004982,POL000082,BI,Bodily Injury,active,237484.33,3235.7,2024-05-29,2025-05-29
COV004983,POL000083,MED,Medical Payments,active,360480.7,3493.11,2024-06-12,2025-06-12
COV004984,POL000084,COLL,Collision,active,367431.25,785.66,2025-12-13,2026-12-13
COV004985,POL000085,PD,Property Damage,active,410323.52,3949.5,2023-05-22,2024-05-21
COV004986,POL000086,BI,Bodily Injury,active,493985.45,2456.96,2023-04-03,2024-04-02
COV004987,POL000087,COMP,Comprehensive,active,346980.93,4865.26,2024-04-12,2025-04-12
COV004988,POL000088,MED,Medical Payments,active,36697.79,2051.87,2023-09-20,2024-09-19
COV004989,POL000089,COLL,Collision,active,169578.92,1416.2,2025-08-03,2026-08-03
COV004990,POL000090,PD,Property Damage,active,374956.89,3973.98,2025-05-17,2026-05-17
COV004991,POL000091,MED,Medical Payments,active,160204.22,785.6,2024-09-02,2025-09-02
COV004992,POL000092,PD,Property Damage,active,455471.19,1584.17,2023-06-29,2024-06-28
COV004993,POL000093,MED,Medical Payments,active,276540.37,2067.22,2025-09-26,2026-09-26
COV004994,POL000094,COMP,Comprehensive,active,245203.21,1934.38,2026-02-24,2027-02-24
COV004995,POL000095,PD,Property Damage,active,498086.61,3708.68,2024-12-28,2025-12-28
COV004996,POL000096,COMP,Comprehensive,active,349890.89,4064.67,2023-05-24,2024-05-23
COV004997,POL000097,COMP,Comprehensive,active,174160.77,275.65,2025-05-02,2026-05-02
COV004998,POL000098,COMP,Comprehensive,active,494073.03,3832.0,2023-03-30,2024-03-29
COV004999,POL000099,PD,Property Damage,active,120747.66,4948.84,2025-04-14,2026-04-14
COV005000,POL000100,PD,Property Damage,active,176988.43,2242.91,2025-04-26,2026-04-26
