customer_id,party_id,customer_number,customer_segment,lifecycle_stage,acquisition_date,risk_tier,engagement_score
CUST000101,PTY000101,CN-0000101,small_business,active,2025-05-21,very_high,67.33
CUST000102,PTY000102,CN-0000102,small_business,prospect,2018-01-18,low,2.62
CUST000103,PTY000103,CN-0000103,affluent,former,2022-03-14,high,33.51
CUST000104,PTY000104,CN-0000104,small_business,active,2024-06-01,very_high,19.27
CUST000105,PTY000105,CN-0000105,small_business,former,2025-03-24,low,80.13
CUST000106,PTY000106,CN-0000106,small_business,active,2024-06-24,very_high,97.74
CUST000107,PTY000107,CN-0000107,small_business,active,2019-12-13,medium,43.74
CUST000108,PTY000108,CN-0000108,affluent,former,2019-02-12,medium,50.43
CUST000109,PTY000109,CN-0000109,affluent,former,2025-01-30,very_high,84.3
CUST000110,PTY000110,CN-0000110,small_business,former,2025-01-13,medium,94.87
CUST000111,PTY000111,CN-0000111,retail,prospect,2020-04-14,low,43.74
CUST000112,PTY000112,CN-0000112,affluent,active,2025-01-19,low,61.81
CUST000113,PTY000113,CN-0000113,retail,inactive,2024-02-05,very_high,2.53
CUST000114,PTY000114,CN-0000114,retail,active,2026-03-27,high,18.66
CUST000115,PTY000115,CN-0000115,retail,active,2025-04-26,medium,53.54
CUST000116,PTY000116,CN-0000116,affluent,former,2020-10-01,very_high,77.04
CUST000117,PTY000117,CN-0000117,retail,active,2025-05-24,low,93.5
CUST000118,PTY000118,CN-0000118,retail,lapsed,2025-01-13,low,11.09
CUST000119,PTY000119,CN-0000119,retail,prospect,2024-09-06,medium,28.25
CUST000120,PTY000120,CN-0000120,retail,prospect,2020-01-10,very_high,84.46
CUST000121,PTY000121,CN-0000121,small_business,prospect,2020-05-01,very_high,79.54
CUST000122,PTY000122,CN-0000122,retail,active,2022-08-22,low,21.03
CUST000123,PTY000123,CN-0000123,small_business,active,2022-09-16,very_high,80.85
CUST000124,PTY000124,CN-0000124,small_business,prospect,2020-01-07,medium,65.97
CUST000125,PTY000125,CN-0000125,affluent,former,2025-01-29,low,11.72
CUST000126,PTY000126,CN-0000126,small_business,active,2021-11-05,low,15.84
CUST000127,PTY000127,CN-0000127,small_business,prospect,2026-04-26,medium,60.61
CUST000128,PTY000128,CN-0000128,retail,inactive,2024-01-05,medium,21.63
CUST000129,PTY000129,CN-0000129,retail,active,2022-02-03,low,32.75
CUST000130,PTY000130,CN-0000130,retail,lapsed,2020-06-19,medium,26.76
CUST000131,PTY000131,CN-0000131,retail,prospect,2023-05-27,high,70.81
CUST000132,PTY000132,CN-0000132,small_business,active,2025-04-24,very_high,43.61
CUST000133,PTY000133,CN-0000133,retail,active,2022-06-27,medium,19.79
CUST000134,PTY000134,CN-0000134,small_business,active,2026-01-17,low,58.36
CUST000135,PTY000135,CN-0000135,affluent,active,2026-08-06,medium,79.41
CUST000136,PTY000136,CN-0000136,small_business,active,2026-02-05,very_high,42.37
CUST000137,PTY000137,CN-0000137,small_business,former,2026-05-19,high,62.29
CUST000138,PTY000138,CN-0000138,small_business,active,2024-10-23,medium,56.71
CUST000139,PTY000139,CN-0000139,affluent,former,2022-03-12,low,44.94
CUST000140,PTY000140,CN-0000140,affluent,active,2018-05-19,very_high,29.35
CUST000141,PTY000141,CN-0000141,affluent,active,2025-03-27,very_high,2.99
CUST000142,PTY000142,CN-0000142,small_business,active,2020-01-07,medium,35.77
CUST000143,PTY000143,CN-0000143,retail,lapsed,2018-10-25,high,37.2
CUST000144,PTY000144,CN-0000144,retail,prospect,2021-07-11,high,68.83
CUST000145,PTY000145,CN-0000145,small_business,active,2026-01-15,very_high,56.75
CUST000146,PTY000146,CN-0000146,retail,inactive,2021-08-10,low,38.56
CUST000147,PTY000147,CN-0000147,retail,inactive,2024-09-30,medium,10.29
CUST000148,PTY000148,CN-0000148,affluent,inactive,2021-02-12,low,57.39
CUST000149,PTY000149,CN-0000149,small_business,lapsed,2025-04-01,very_high,31.78
CUST000150,PTY000150,CN-0000150,retail,active,2021-08-04,low,80.27
CUST000151,PTY000151,CN-0000151,retail,active,2023-08-05,very_high,11.93
CUST000152,PTY000152,CN-0000152,retail,inactive,2023-01-29,high,59.12
CUST000153,PTY000153,CN-0000153,affluent,prospect,2020-08-26,high,1.78
CUST000154,PTY000154,CN-0000154,retail,active,2024-06-16,high,13.11
CUST000155,PTY000155,CN-0000155,retail,inactive,2022-07-08,low,33.74
CUST000156,PTY000156,CN-0000156,retail,active,2018-03-08,low,82.99
CUST000157,PTY000157,CN-0000157,affluent,active,2022-08-28,high,31.72
CUST000158,PTY000158,CN-0000158,small_business,prospect,2021-11-17,high,49.38
CUST000159,PTY000159,CN-0000159,small_business,active,2018-07-12,very_high,49.33
CUST000160,PTY000160,CN-0000160,retail,former,2025-03-10,high,93.77
CUST000161,PTY000161,CN-0000161,retail,active,2019-02-25,low,82.55
CUST000162,PTY000162,CN-0000162,retail,active,2019-07-23,very_high,22.63
CUST000163,PTY000163,CN-0000163,retail,lapsed,2018-12-27,high,81.61
CUST000164,PTY000164,CN-0000164,retail,lapsed,2024-01-11,low,25.97
CUST000165,PTY000165,CN-0000165,retail,prospect,2018-06-26,high,7.5
CUST000166,PTY000166,CN-0000166,affluent,inactive,2021-09-10,very_high,26.99
CUST000167,PTY000167,CN-0000167,retail,inactive,2019-11-29,very_high,11.99
CUST000168,PTY000168,CN-0000168,retail,former,2021-07-31,very_high,63.69
CUST000169,PTY000169,CN-0000169,retail,inactive,2025-06-30,medium,57.79
CUST000170,PTY000170,CN-0000170,small_business,active,2025-06-01,high,77.26
CUST000171,PTY000171,CN-0000171,retail,prospect,2023-06-01,high,76.62
CUST000172,PTY000172,CN-0000172,retail,active,2025-12-23,medium,65.95
CUST000173,PTY000173,CN-0000173,retail,lapsed,2026-03-31,low,7.51
CUST000174,PTY000174,CN-0000174,retail,active,2023-07-19,low,67.05
CUST000175,PTY000175,CN-0000175,small_business,active,2023-04-02,very_high,10.45
CUST000176,PTY000176,CN-0000176,affluent,former,2020-05-04,high,76.05
CUST000177,PTY000177,CN-0000177,affluent,active,2021-07-01,medium,84.78
CUST000178,PTY000178,CN-0000178,retail,active,2019-03-09,high,38.56
CUST000179,PTY000179,CN-0000179,affluent,inactive,2023-01-28,medium,78.0
CUST000180,PTY000180,CN-0000180,retail,active,2020-02-09,very_high,16.42
CUST000181,PTY000181,CN-0000181,affluent,lapsed,2021-06-12,low,14.73
CUST000182,PTY000182,CN-0000182,affluent,prospect,2019-03-15,medium,1.66
CUST000183,PTY000183,CN-0000183,retail,active,2023-03-03,low,47.62
CUST000184,PTY000184,CN-0000184,small_business,active,2023-12-15,high,11.83
CUST000185,PTY000185,CN-0000185,retail,active,2024-03-04,very_high,21.21
CUST000186,PTY000186,CN-0000186,affluent,active,2022-06-14,high,5.32
CUST000187,PTY000187,CN-0000187,small_business,prospect,2021-01-21,low,64.86
CUST000188,PTY000188,CN-0000188,small_business,active,2026-03-18,high,18.94
CUST000189,PTY000189,CN-0000189,affluent,active,2019-12-25,very_high,51.86
CUST000190,PTY000190,CN-0000190,affluent,prospect,2019-03-24,medium,95.9
CUST000191,PTY000191,CN-0000191,retail,prospect,2020-06-18,low,57.52
CUST000192,PTY000192,CN-0000192,retail,inactive,2020-09-04,low,27.55
CUST000193,PTY000193,CN-0000193,affluent,lapsed,2024-12-15,very_high,39.19
CUST000194,PTY000194,CN-0000194,retail,lapsed,2019-02-19,high,49.52
CUST000195,PTY000195,CN-0000195,retail,active,2019-12-02,high,70.59
CUST000196,PTY000196,CN-0000196,affluent,prospect,2021-03-25,low,18.51
CUST000197,PTY000197,CN-0000197,affluent,active,2025-11-09,high,85.26
CUST000198,PTY000198,CN-0000198,retail,active,2025-09-18,high,68.14
CUST000199,PTY000199,CN-0000199,retail,active,2019-11-14,very_high,14.18
CUST000200,PTY000200,CN-0000200,affluent,active,2018-02-22,very_high,33.41
CUST000201,PTY000201,CN-0000201,small_business,prospect,2019-12-29,medium,67.92
CUST000202,PTY000202,CN-0000202,affluent,active,2018-02-09,very_high,58.32
CUST000203,PTY000203,CN-0000203,retail,active,2023-06-24,low,4.52
CUST000204,PTY000204,CN-0000204,affluent,lapsed,2018-03-13,high,83.54
CUST000205,PTY000205,CN-0000205,affluent,active,2023-11-22,medium,77.53
CUST000206,PTY000206,CN-0000206,small_business,former,2019-02-14,high,45.26
CUST000207,PTY000207,CN-0000207,small_business,inactive,2026-03-29,high,66.34
CUST000208,PTY000208,CN-0000208,small_business,active,2020-11-04,low,82.77
CUST000209,PTY000209,CN-0000209,affluent,active,2021-05-18,very_high,11.28
CUST000210,PTY000210,CN-0000210,affluent,lapsed,2025-09-09,low,14.79
CUST000211,PTY000211,CN-0000211,retail,lapsed,2022-08-08,medium,35.72
CUST000212,PTY000212,CN-0000212,retail,inactive,2018-05-07,very_high,35.94
CUST000213,PTY000213,CN-0000213,retail,active,2026-05-07,very_high,63.87
CUST000214,PTY000214,CN-0000214,affluent,lapsed,2021-01-26,very_high,98.73
CUST000215,PTY000215,CN-0000215,retail,active,2023-11-29,high,88.8
CUST000216,PTY000216,CN-0000216,affluent,active,2022-05-21,high,30.93
CUST000217,PTY000217,CN-0000217,affluent,inactive,2018-06-18,high,83.42
CUST000218,PTY000218,CN-0000218,small_business,former,2019-05-19,very_high,56.67
CUST000219,PTY000219,CN-0000219,small_business,prospect,2021-11-22,low,49.89
CUST000220,PTY000220,CN-0000220,retail,active,2025-09-08,medium,52.32
CUST000221,PTY000221,CN-0000221,affluent,inactive,2021-04-01,medium,30.36
CUST000222,PTY000222,CN-0000222,retail,former,2021-03-26,high,1.56
CUST000223,PTY000223,CN-0000223,retail,active,2018-06-17,low,5.32
CUST000224,PTY000224,CN-0000224,retail,active,2021-06-06,high,66.03
CUST000225,PTY000225,CN-0000225,retail,active,2018-01-03,medium,35.02
CUST000226,PTY000226,CN-0000226,affluent,lapsed,2021-03-06,medium,95.37
CUST000227,PTY000227,CN-0000227,small_business,active,2025-12-31,medium,43.21
CUST000228,PTY000228,CN-0000228,small_business,active,2018-11-27,low,47.32
CUST000229,PTY000229,CN-0000229,retail,former,2021-12-23,very_high,42.26
CUST000230,PTY000230,CN-0000230,small_business,active,2019-02-06,high,17.33
CUST000231,PTY000231,CN-0000231,affluent,active,2022-11-21,medium,68.33
CUST000232,PTY000232,CN-0000232,small_business,active,2020-03-28,very_high,55.43
CUST000233,PTY000233,CN-0000233,small_business,prospect,2021-05-18,high,56.67
CUST000234,PTY000234,CN-0000234,small_business,inactive,2025-01-17,medium,37.6
CUST000235,PTY000235,CN-0000235,retail,active,2022-11-25,very_high,69.41
CUST000236,PTY000236,CN-0000236,affluent,lapsed,2023-08-26,high,46.84
CUST000237,PTY000237,CN-0000237,small_business,active,2022-10-18,very_high,46.13
CUST000238,PTY000238,CN-0000238,retail,former,2024-04-08,very_high,8.84
CUST000239,PTY000239,CN-0000239,affluent,active,2019-07-30,medium,58.03
CUST000240,PTY000240,CN-0000240,retail,inactive,2022-03-09,high,5.35
CUST000241,PTY000241,CN-0000241,retail,active,2022-05-28,low,46.28
CUST000242,PTY000242,CN-0000242,affluent,active,2026-07-23,low,8.47
CUST000243,PTY000243,CN-0000243,affluent,prospect,2021-01-11,high,59.43
CUST000244,PTY000244,CN-0000244,affluent,active,2021-04-05,high,86.43
CUST000245,PTY000245,CN-0000245,affluent,inactive,2019-05-13,low,70.16
CUST000246,PTY000246,CN-0000246,retail,inactive,2023-10-16,very_high,13.64
CUST000247,PTY000247,CN-0000247,affluent,former,2025-07-30,medium,30.09
CUST000248,PTY000248,CN-0000248,affluent,prospect,2021-06-27,very_high,62.37
CUST000249,PTY000249,CN-0000249,retail,prospect,2020-04-02,low,15.3
CUST000250,PTY000250,CN-0000250,affluent,prospect,2019-05-11,medium,20.43
CUST000251,PTY000251,CN-0000251,retail,former,2023-04-25,very_high,39.07
CUST000252,PTY000252,CN-0000252,small_business,active,2019-05-14,very_high,98.27
CUST000253,PTY000253,CN-0000253,affluent,active,2020-08-20,very_high,85.93
CUST000254,PTY000254,CN-0000254,retail,active,2024-12-02,medium,63.62
CUST000255,PTY000255,CN-0000255,retail,former,2020-01-27,medium,17.08
CUST000256,PTY000256,CN-0000256,affluent,inactive,2026-04-26,medium,47.62
CUST000257,PTY000257,CN-0000257,small_business,lapsed,2021-04-02,low,95.91
CUST000258,PTY000258,CN-0000258,small_business,lapsed,2023-07-13,high,39.12
CUST000259,PTY000259,CN-0000259,retail,active,2025-10-28,very_high,81.35
CUST000260,PTY000260,CN-0000260,retail,active,2019-08-30,very_high,12.01
CUST000261,PTY000261,CN-0000261,retail,inactive,2022-05-15,high,3.41
CUST000262,PTY000262,CN-0000262,affluent,inactive,2025-04-18,very_high,4.26
CUST000263,PTY000263,CN-0000263,retail,active,2021-12-23,very_high,27.69
CUST000264,PTY000264,CN-0000264,small_business,inactive,2019-10-11,medium,34.88
CUST000265,PTY000265,CN-0000265,affluent,active,2025-12-02,low,17.45
CUST000266,PTY000266,CN-0000266,small_business,lapsed,2019-09-13,high,45.95
CUST000267,PTY000267,CN-0000267,small_business,former,2019-07-28,high,92.35
CUST000268,PTY000268,CN-0000268,affluent,active,2018-10-07,very_high,96.26
CUST000269,PTY000269,CN-0000269,affluent,active,2024-10-17,high,12.94
CUST000270,PTY000270,CN-0000270,affluent,inactive,2021-08-20,high,58.45
CUST000271,PTY000271,CN-0000271,retail,prospect,2022-07-12,low,85.2
CUST000272,PTY000272,CN-0000272,retail,prospect,2019-10-14,low,49.94
CUST000273,PTY000273,CN-0000273,small_business,active,2025-08-14,medium,98.13
CUST000274,PTY000274,CN-0000274,retail,prospect,2026-03-20,medium,72.82
CUST000275,PTY000275,CN-0000275,small_business,prospect,2022-04-23,low,61.19
CUST000276,PTY000276,CN-0000276,retail,former,2019-04-14,low,44.15
CUST000277,PTY000277,CN-0000277,affluent,lapsed,2022-03-14,low,92.36
CUST000278,PTY000278,CN-0000278,retail,lapsed,2021-08-08,very_high,37.76
CUST000279,PTY000279,CN-0000279,affluent,inactive,2025-02-23,medium,19.57
CUST000280,PTY000280,CN-0000280,small_business,lapsed,2023-07-05,high,22.55
CUST000281,PTY000281,CN-0000281,retail,active,2026-04-28,medium,8.6
CUST000282,PTY000282,CN-0000282,affluent,lapsed,2018-04-10,low,20.35
CUST000283,PTY000283,CN-0000283,retail,active,2019-07-30,very_high,56.83
CUST000284,PTY000284,CN-0000284,small_business,active,2018-10-22,very_high,19.01
CUST000285,PTY000285,CN-0000285,affluent,former,2020-04-29,very_high,50.09
CUST000286,PTY000286,CN-0000286,affluent,inactive,2021-12-31,medium,80.16
CUST000287,PTY000287,CN-0000287,small_business,lapsed,2022-12-03,very_high,87.4
CUST000288,PTY000288,CN-0000288,retail,active,2024-05-20,high,10.09
CUST000289,PTY000289,CN-0000289,retail,prospect,2023-08-05,high,2.25
CUST000290,PTY000290,CN-0000290,small_business,active,2021-04-02,high,6.8
CUST000291,PTY000291,CN-0000291,small_business,prospect,2019-10-09,medium,85.32
CUST000292,PTY000292,CN-0000292,affluent,active,2024-11-08,very_high,61.86
CUST000293,PTY000293,CN-0000293,affluent,prospect,2024-02-15,very_high,93.69
CUST000294,PTY000294,CN-0000294,affluent,prospect,2020-12-13,low,33.8
CUST000295,PTY000295,CN-0000295,retail,active,2020-12-04,low,13.93
CUST000296,PTY000296,CN-0000296,affluent,active,2024-02-19,low,23.56
CUST000297,PTY000297,CN-0000297,affluent,inactive,2018-10-26,low,34.58
CUST000298,PTY000298,CN-0000298,small_business,inactive,2018-10-17,low,88.75
CUST000299,PTY000299,CN-0000299,retail,active,2023-05-16,low,10.41
CUST000300,PTY000300,CN-0000300,affluent,active,2023-07-28,high,43.15
CUST000301,PTY000301,CN-0000301,retail,prospect,2021-05-27,low,2.64
CUST000302,PTY000302,CN-0000302,affluent,inactive,2020-03-14,very_high,68.19
CUST000303,PTY000303,CN-0000303,retail,inactive,2026-04-11,very_high,5.21
CUST000304,PTY000304,CN-0000304,small_business,lapsed,2026-08-03,medium,42.97
CUST000305,PTY000305,CN-0000305,affluent,active,2022-10-15,low,43.8
CUST000306,PTY000306,CN-0000306,small_business,active,2024-11-26,medium,34.31
CUST000307,PTY000307,CN-0000307,retail,active,2018-08-26,low,58.86
CUST000308,PTY000308,CN-0000308,small_business,lapsed,2020-07-19,low,99.09
CUST000309,PTY000309,CN-0000309,affluent,active,2018-03-03,low,7.66
CUST000310,PTY000310,CN-0000310,small_business,active,2019-06-04,high,4.37
CUST000311,PTY000311,CN-0000311,affluent,lapsed,2021-12-03,medium,99.81
CUST000312,PTY000312,CN-0000312,affluent,active,2019-06-16,very_high,65.76
CUST000313,PTY000313,CN-0000313,retail,prospect,2025-05-13,high,93.84
CUST000314,PTY000314,CN-0000314,small_business,lapsed,2020-04-23,high,89.76
CUST000315,PTY000315,CN-0000315,small_business,lapsed,2020-06-21,high,94.14
CUST000316,PTY000316,CN-0000316,small_business,former,2024-03-08,medium,52.68
CUST000317,PTY000317,CN-0000317,small_business,lapsed,2020-12-31,low,5.4
CUST000318,PTY000318,CN-0000318,affluent,inactive,2022-08-10,very_high,27.98
CUST000319,PTY000319,CN-0000319,retail,former,2020-04-13,medium,30.49
CUST000320,PTY000320,CN-0000320,retail,prospect,2024-03-14,high,72.49
CUST000321,PTY000321,CN-0000321,retail,active,2019-08-05,very_high,64.99
CUST000322,PTY000322,CN-0000322,retail,prospect,2023-02-02,very_high,83.63
CUST000323,PTY000323,CN-0000323,small_business,inactive,2021-01-12,very_high,30.04
CUST000324,PTY000324,CN-0000324,retail,active,2018-12-13,very_high,49.54
CUST000325,PTY000325,CN-0000325,small_business,active,2022-04-17,low,22.44
CUST000326,PTY000326,CN-0000326,retail,lapsed,2022-04-03,very_high,53.25
CUST000327,PTY000327,CN-0000327,small_business,prospect,2025-05-29,high,93.72
CUST000328,PTY000328,CN-0000328,small_business,former,2024-10-29,high,81.02
CUST000329,PTY000329,CN-0000329,retail,former,2024-08-17,low,34.09
CUST000330,PTY000330,CN-0000330,small_business,former,2024-12-20,very_high,78.26
CUST000331,PTY000331,CN-0000331,retail,former,2026-04-01,low,55.33
CUST000332,PTY000332,CN-0000332,affluent,active,2026-02-02,very_high,42.38
CUST000333,PTY000333,CN-0000333,affluent,former,2026-01-24,high,16.25
CUST000334,PTY000334,CN-0000334,small_business,lapsed,2022-04-11,medium,13.19
CUST000335,PTY000335,CN-0000335,small_business,former,2018-03-04,high,8.55
CUST000336,PTY000336,CN-0000336,affluent,active,2020-10-20,high,57.11
CUST000337,PTY000337,CN-0000337,affluent,active,2018-06-08,high,26.87
CUST000338,PTY000338,CN-0000338,affluent,former,2020-10-23,low,12.43
CUST000339,PTY000339,CN-0000339,affluent,active,2024-05-17,high,84.76
CUST000340,PTY000340,CN-0000340,small_business,prospect,2022-12-23,very_high,0.89
CUST000341,PTY000341,CN-0000341,small_business,active,2018-06-01,medium,40.86
CUST000342,PTY000342,CN-0000342,retail,active,2024-07-01,high,95.33
CUST000343,PTY000343,CN-0000343,retail,active,2022-12-10,high,25.95
CUST000344,PTY000344,CN-0000344,retail,active,2023-07-21,medium,14.69
CUST000345,PTY000345,CN-0000345,affluent,prospect,2024-12-06,medium,11.44
CUST000346,PTY000346,CN-0000346,retail,lapsed,2018-06-07,very_high,57.99
CUST000347,PTY000347,CN-0000347,affluent,lapsed,2018-06-21,medium,6.08
CUST000348,PTY000348,CN-0000348,small_business,active,2026-01-05,low,67.84
CUST000349,PTY000349,CN-0000349,affluent,lapsed,2021-12-18,low,60.06
CUST000350,PTY000350,CN-0000350,retail,prospect,2021-12-03,very_high,11.32
CUST000351,PTY000351,CN-0000351,retail,active,2018-11-14,high,57.04
CUST000352,PTY000352,CN-0000352,small_business,prospect,2025-08-21,very_high,87.59
CUST000353,PTY000353,CN-0000353,retail,active,2019-08-10,high,33.5
CUST000354,PTY000354,CN-0000354,affluent,active,2022-07-30,very_high,94.25
CUST000355,PTY000355,CN-0000355,affluent,prospect,2021-04-19,medium,36.83
CUST000356,PTY000356,CN-0000356,retail,inactive,2021-04-06,low,10.62
CUST000357,PTY000357,CN-0000357,small_business,inactive,2020-05-16,high,93.99
CUST000358,PTY000358,CN-0000358,affluent,prospect,2022-04-01,medium,38.11
CUST000359,PTY000359,CN-0000359,retail,prospect,2025-04-13,medium,56.54
CUST000360,PTY000360,CN-0000360,affluent,inactive,2024-06-10,very_high,53.9
CUST000361,PTY000361,CN-0000361,affluent,former,2019-05-12,low,60.71
CUST000362,PTY000362,CN-0000362,affluent,inactive,2025-05-24,very_high,31.69
CUST000363,PTY000363,CN-0000363,affluent,active,2020-03-09,medium,32.87
CUST000364,PTY000364,CN-0000364,small_business,active,2026-08-11,very_high,31.48
CUST000365,PTY000365,CN-0000365,affluent,active,2019-04-18,very_high,73.28
CUST000366,PTY000366,CN-0000366,small_business,prospect,2022-08-07,high,56.05
CUST000367,PTY000367,CN-0000367,small_business,lapsed,2018-11-10,very_high,60.52
CUST000368,PTY000368,CN-0000368,small_business,active,2023-01-13,medium,92.57
CUST000369,PTY000369,CN-0000369,small_business,lapsed,2020-09-30,medium,60.55
CUST000370,PTY000370,CN-0000370,small_business,active,2021-03-21,low,8.15
CUST000371,PTY000371,CN-0000371,affluent,active,2022-09-21,very_high,63.26
CUST000372,PTY000372,CN-0000372,retail,active,2026-08-31,very_high,1.55
CUST000373,PTY000373,CN-0000373,small_business,active,2019-05-10,very_high,74.29
CUST000374,PTY000374,CN-0000374,retail,former,2019-06-02,very_high,2.39
CUST000375,PTY000375,CN-0000375,retail,active,2019-11-15,very_high,90.43
CUST000376,PTY000376,CN-0000376,retail,active,2021-12-22,medium,71.2
CUST000377,PTY000377,CN-0000377,small_business,former,2019-05-03,high,59.15
CUST000378,PTY000378,CN-0000378,retail,lapsed,2024-11-30,low,7.38
CUST000379,PTY000379,CN-0000379,small_business,active,2021-12-24,very_high,74.07
CUST000380,PTY000380,CN-0000380,small_business,former,2022-11-20,very_high,70.01
CUST000381,PTY000381,CN-0000381,retail,lapsed,2026-03-24,low,15.23
CUST000382,PTY000382,CN-0000382,affluent,inactive,2018-02-01,high,67.39
CUST000383,PTY000383,CN-0000383,small_business,active,2023-02-01,very_high,17.67
CUST000384,PTY000384,CN-0000384,affluent,active,2026-02-07,low,23.23
CUST000385,PTY000385,CN-0000385,small_business,prospect,2023-07-14,very_high,28.53
CUST000386,PTY000386,CN-0000386,small_business,former,2022-04-23,medium,95.35
CUST000387,PTY000387,CN-0000387,affluent,lapsed,2018-06-21,medium,43.05
CUST000388,PTY000388,CN-0000388,affluent,inactive,2021-02-13,high,9.95
CUST000389,PTY000389,CN-0000389,retail,prospect,2021-03-12,high,27.38
CUST000390,PTY000390,CN-0000390,retail,active,2022-12-03,high,93.92
CUST000391,PTY000391,CN-0000391,affluent,former,2020-11-28,low,92.45
CUST000392,PTY000392,CN-0000392,small_business,active,2025-06-22,low,20.68
CUST000393,PTY000393,CN-0000393,retail,prospect,2023-09-15,low,95.99
CUST000394,PTY000394,CN-0000394,affluent,former,2024-01-21,medium,0.67
CUST000395,PTY000395,CN-0000395,small_business,active,2018-04-16,high,94.18
CUST000396,PTY000396,CN-0000396,small_business,lapsed,2024-05-28,very_high,52.09
CUST000397,PTY000397,CN-0000397,small_business,prospect,2023-02-02,low,44.44
CUST000398,PTY000398,CN-0000398,small_business,active,2022-11-06,low,86.45
CUST000399,PTY000399,CN-0000399,affluent,lapsed,2021-02-14,low,96.84
CUST000400,PTY000400,CN-0000400,affluent,former,2018-11-20,medium,72.74
CUST000401,PTY000401,CN-0000401,retail,inactive,2021-09-01,high,27.61
CUST000402,PTY000402,CN-0000402,affluent,inactive,2025-01-27,low,70.68
CUST000403,PTY000403,CN-0000403,retail,active,2021-07-13,low,93.24
CUST000404,PTY000404,CN-0000404,small_business,active,2023-11-06,low,94.92
CUST000405,PTY000405,CN-0000405,retail,active,2025-01-13,medium,58.63
CUST000406,PTY000406,CN-0000406,affluent,active,2020-06-20,high,47.01
CUST000407,PTY000407,CN-0000407,retail,lapsed,2023-06-08,very_high,28.26
CUST000408,PTY000408,CN-0000408,affluent,prospect,2020-03-24,medium,0.32
CUST000409,PTY000409,CN-0000409,small_business,inactive,2018-10-03,medium,71.0
CUST000410,PTY000410,CN-0000410,small_business,lapsed,2018-06-08,high,61.34
CUST000411,PTY000411,CN-0000411,affluent,active,2025-01-28,high,48.42
CUST000412,PTY000412,CN-0000412,retail,active,2025-05-14,medium,87.5
CUST000413,PTY000413,CN-0000413,small_business,active,2025-06-29,very_high,59.78
CUST000414,PTY000414,CN-0000414,small_business,active,2024-02-04,low,21.89
CUST000415,PTY000415,CN-0000415,small_business,active,2026-06-20,very_high,32.54
CUST000416,PTY000416,CN-0000416,small_business,prospect,2025-06-06,medium,46.47
CUST000417,PTY000417,CN-0000417,affluent,prospect,2021-07-30,high,69.7
CUST000418,PTY000418,CN-0000418,retail,former,2025-11-26,very_high,84.01
CUST000419,PTY000419,CN-0000419,affluent,active,2023-06-27,medium,2.9
CUST000420,PTY000420,CN-0000420,affluent,active,2021-01-02,very_high,6.08
CUST000421,PTY000421,CN-0000421,small_business,active,2026-08-28,high,41.12
CUST000422,PTY000422,CN-0000422,small_business,active,2022-12-16,high,91.24
CUST000423,PTY000423,CN-0000423,small_business,lapsed,2021-01-04,medium,33.98
CUST000424,PTY000424,CN-0000424,small_business,active,2018-07-06,very_high,22.13
CUST000425,PTY000425,CN-0000425,affluent,active,2019-11-14,low,94.79
CUST000426,PTY000426,CN-0000426,affluent,active,2024-11-17,medium,60.5
CUST000427,PTY000427,CN-0000427,affluent,prospect,2018-03-23,very_high,9.03
CUST000428,PTY000428,CN-0000428,small_business,active,2025-11-26,low,65.49
CUST000429,PTY000429,CN-0000429,retail,active,2023-10-26,medium,98.52
CUST000430,PTY000430,CN-0000430,small_business,former,2024-01-04,medium,29.02
CUST000431,PTY000431,CN-0000431,small_business,active,2019-10-24,very_high,21.56
CUST000432,PTY000432,CN-0000432,retail,prospect,2026-03-23,low,84.55
CUST000433,PTY000433,CN-0000433,affluent,prospect,2026-06-20,very_high,79.13
CUST000434,PTY000434,CN-0000434,retail,active,2018-06-23,high,2.42
CUST000435,PTY000435,CN-0000435,affluent,active,2025-01-30,low,27.25
CUST000436,PTY000436,CN-0000436,small_business,lapsed,2019-05-22,very_high,13.12
CUST000437,PTY000437,CN-0000437,small_business,former,2026-04-22,low,7.65
CUST000438,PTY000438,CN-0000438,affluent,lapsed,2023-08-29,very_high,2.02
CUST000439,PTY000439,CN-0000439,affluent,inactive,2026-04-30,medium,9.56
CUST000440,PTY000440,CN-0000440,small_business,active,2024-08-06,high,78.48
CUST000441,PTY000441,CN-0000441,affluent,lapsed,2022-10-08,low,30.22
CUST000442,PTY000442,CN-0000442,retail,prospect,2023-02-23,high,96.93
CUST000443,PTY000443,CN-0000443,small_business,active,2024-06-18,high,42.95
CUST000444,PTY000444,CN-0000444,small_business,inactive,2020-06-29,high,48.33
CUST000445,PTY000445,CN-0000445,affluent,inactive,2025-11-18,medium,38.24
CUST000446,PTY000446,CN-0000446,affluent,active,2023-07-29,high,76.27
CUST000447,PTY000447,CN-0000447,retail,active,2026-01-05,medium,57.79
CUST000448,PTY000448,CN-0000448,small_business,former,2018-04-12,medium,44.71
CUST000449,PTY000449,CN-0000449,affluent,prospect,2023-05-07,high,33.24
CUST000450,PTY000450,CN-0000450,retail,prospect,2025-01-24,medium,20.77
CUST000451,PTY000451,CN-0000451,affluent,active,2023-06-30,low,14.13
CUST000452,PTY000452,CN-0000452,small_business,inactive,2024-11-30,medium,5.89
CUST000453,PTY000453,CN-0000453,small_business,active,2023-07-15,high,74.05
CUST000454,PTY000454,CN-0000454,retail,active,2019-09-09,very_high,87.14
CUST000455,PTY000455,CN-0000455,affluent,active,2021-01-03,very_high,54.56
CUST000456,PTY000456,CN-0000456,affluent,active,2021-07-06,high,46.14
CUST000457,PTY000457,CN-0000457,affluent,inactive,2023-06-02,low,92.12
CUST000458,PTY000458,CN-0000458,affluent,prospect,2022-10-10,very_high,12.73
CUST000459,PTY000459,CN-0000459,retail,inactive,2018-02-25,low,16.62
CUST000460,PTY000460,CN-0000460,retail,prospect,2022-11-28,very_high,49.52
CUST000461,PTY000461,CN-0000461,affluent,active,2025-01-08,medium,74.9
CUST000462,PTY000462,CN-0000462,small_business,active,2024-02-19,low,29.68
CUST000463,PTY000463,CN-0000463,small_business,lapsed,2022-11-19,high,52.25
CUST000464,PTY000464,CN-0000464,small_business,inactive,2024-11-24,medium,14.15
CUST000465,PTY000465,CN-0000465,affluent,active,2023-11-14,high,51.94
CUST000466,PTY000466,CN-0000466,small_business,active,2020-10-26,medium,93.62
CUST000467,PTY000467,CN-0000467,affluent,former,2026-05-17,medium,16.42
CUST000468,PTY000468,CN-0000468,small_business,prospect,2026-01-07,high,41.63
CUST000469,PTY000469,CN-0000469,small_business,prospect,2019-09-08,low,31.18
CUST000470,PTY000470,CN-0000470,retail,lapsed,2020-02-08,low,53.77
CUST000471,PTY000471,CN-0000471,retail,prospect,2021-09-17,very_high,59.45
CUST000472,PTY000472,CN-0000472,small_business,lapsed,2018-10-01,medium,34.5
CUST000473,PTY000473,CN-0000473,retail,active,2018-02-27,high,82.08
CUST000474,PTY000474,CN-0000474,affluent,lapsed,2022-10-12,high,36.73
CUST000475,PTY000475,CN-0000475,small_business,active,2026-08-08,medium,7.75
CUST000476,PTY000476,CN-0000476,retail,lapsed,2019-09-17,medium,28.0
CUST000477,PTY000477,CN-0000477,affluent,prospect,2020-12-12,medium,79.69
CUST000478,PTY000478,CN-0000478,affluent,former,2024-08-02,very_high,33.02
CUST000479,PTY000479,CN-0000479,affluent,inactive,2026-08-29,high,96.67
CUST000480,PTY000480,CN-0000480,affluent,lapsed,2026-04-08,very_high,20.93
CUST000481,PTY000481,CN-0000481,retail,active,2018-01-11,low,92.95
CUST000482,PTY000482,CN-0000482,retail,active,2024-11-23,medium,47.55
CUST000483,PTY000483,CN-0000483,small_business,prospect,2018-01-02,low,13.7
CUST000484,PTY000484,CN-0000484,small_business,lapsed,2022-12-06,very_high,32.71
CUST000485,PTY000485,CN-0000485,retail,active,2023-08-12,very_high,37.73
CUST000486,PTY000486,CN-0000486,affluent,active,2022-04-29,high,31.18
CUST000487,PTY000487,CN-0000487,small_business,inactive,2023-11-09,low,88.33
CUST000488,PTY000488,CN-0000488,retail,lapsed,2020-05-26,high,71.13
CUST000489,PTY000489,CN-0000489,affluent,active,2022-11-26,very_high,69.51
CUST000490,PTY000490,CN-0000490,affluent,prospect,2020-10-23,very_high,65.21
CUST000491,PTY000491,CN-0000491,retail,former,2019-12-31,high,85.54
CUST000492,PTY000492,CN-0000492,affluent,active,2026-08-23,very_high,21.38
CUST000493,PTY000493,CN-0000493,retail,active,2024-04-11,high,17.9
CUST000494,PTY000494,CN-0000494,retail,active,2026-05-21,very_high,36.1
CUST000495,PTY000495,CN-0000495,retail,inactive,2020-03-09,high,32.85
CUST000496,PTY000496,CN-0000496,small_business,inactive,2022-02-19,low,60.68
CUST000497,PTY000497,CN-0000497,affluent,active,2018-05-18,very_high,39.83
CUST000498,PTY000498,CN-0000498,affluent,active,2025-10-19,high,62.53
CUST000499,PTY000499,CN-0000499,retail,former,2024-06-01,very_high,99.72
CUST000500,PTY000500,CN-0000500,small_business,active,2025-02-02,medium,47.34
CUST000501,PTY000501,CN-0000501,affluent,former,2025-04-06,low,3.82
CUST000502,PTY000502,CN-0000502,affluent,lapsed,2018-04-29,medium,70.56
CUST000503,PTY000503,CN-0000503,retail,prospect,2019-12-26,very_high,83.41
CUST000504,PTY000504,CN-0000504,retail,active,2019-05-05,low,31.42
CUST000505,PTY000505,CN-0000505,small_business,former,2024-02-07,medium,65.51
CUST000506,PTY000506,CN-0000506,retail,active,2026-04-09,high,89.77
CUST000507,PTY000507,CN-0000507,affluent,lapsed,2019-11-25,high,51.63
CUST000508,PTY000508,CN-0000508,small_business,active,2025-06-14,low,6.5
CUST000509,PTY000509,CN-0000509,affluent,active,2026-07-16,high,8.4
CUST000510,PTY000510,CN-0000510,retail,active,2022-12-22,medium,68.87
CUST000511,PTY000511,CN-0000511,retail,lapsed,2022-08-04,low,31.12
CUST000512,PTY000512,CN-0000512,small_business,prospect,2024-04-15,high,46.63
CUST000513,PTY000513,CN-0000513,retail,inactive,2025-10-23,very_high,8.82
CUST000514,PTY000514,CN-0000514,retail,lapsed,2019-01-06,low,18.57
CUST000515,PTY000515,CN-0000515,affluent,prospect,2024-08-18,medium,78.87
CUST000516,PTY000516,CN-0000516,affluent,active,2020-06-09,very_high,8.13
CUST000517,PTY000517,CN-0000517,retail,active,2026-02-14,medium,74.74
CUST000518,PTY000518,CN-0000518,retail,active,2026-04-12,low,37.93
CUST000519,PTY000519,CN-0000519,retail,active,2021-03-21,medium,56.5
CUST000520,PTY000520,CN-0000520,retail,former,2022-08-23,medium,27.28
CUST000521,PTY000521,CN-0000521,retail,active,2020-03-27,high,69.76
CUST000522,PTY000522,CN-0000522,retail,active,2020-12-19,high,57.87
CUST000523,PTY000523,CN-0000523,affluent,inactive,2021-11-29,very_high,82.95
CUST000524,PTY000524,CN-0000524,retail,prospect,2025-09-15,very_high,15.57
CUST000525,PTY000525,CN-0000525,retail,lapsed,2024-05-18,very_high,34.69
CUST000526,PTY000526,CN-0000526,small_business,active,2025-08-25,high,69.97
CUST000527,PTY000527,CN-0000527,affluent,former,2023-08-26,high,9.08
CUST000528,PTY000528,CN-0000528,retail,active,2026-09-03,medium,46.77
CUST000529,PTY000529,CN-0000529,retail,inactive,2018-05-09,medium,47.52
CUST000530,PTY000530,CN-0000530,affluent,active,2023-03-29,high,56.38
CUST000531,PTY000531,CN-0000531,affluent,prospect,2025-05-20,high,70.13
CUST000532,PTY000532,CN-0000532,small_business,former,2025-01-22,low,15.88
CUST000533,PTY000533,CN-0000533,small_business,active,2023-05-02,low,18.71
CUST000534,PTY000534,CN-0000534,small_business,active,2022-01-06,very_high,54.68
CUST000535,PTY000535,CN-0000535,retail,active,2026-06-08,very_high,59.36
CUST000536,PTY000536,CN-0000536,small_business,lapsed,2025-10-15,very_high,47.36
CUST000537,PTY000537,CN-0000537,small_business,lapsed,2020-09-24,high,60.09
CUST000538,PTY000538,CN-0000538,affluent,active,2023-05-31,high,4.01
CUST000539,PTY000539,CN-0000539,affluent,prospect,2020-08-17,very_high,42.59
CUST000540,PTY000540,CN-0000540,affluent,active,2021-01-08,low,16.4
CUST000541,PTY000541,CN-0000541,small_business,inactive,2019-11-13,medium,95.15
CUST000542,PTY000542,CN-0000542,retail,active,2024-05-15,high,78.86
CUST000543,PTY000543,CN-0000543,retail,active,2018-08-09,medium,80.15
CUST000544,PTY000544,CN-0000544,small_business,active,2023-02-22,very_high,0.08
CUST000545,PTY000545,CN-0000545,retail,active,2019-08-28,high,30.75
CUST000546,PTY000546,CN-0000546,retail,former,2020-01-27,medium,43.65
CUST000547,PTY000547,CN-0000547,retail,active,2026-02-14,high,0.49
CUST000548,PTY000548,CN-0000548,small_business,prospect,2019-10-15,very_high,54.98
CUST000549,PTY000549,CN-0000549,affluent,active,2022-06-03,very_high,66.84
CUST000550,PTY000550,CN-0000550,affluent,active,2023-03-14,low,38.76
CUST000551,PTY000551,CN-0000551,retail,active,2021-07-27,high,89.8
CUST000552,PTY000552,CN-0000552,affluent,former,2025-07-26,very_high,59.69
CUST000553,PTY000553,CN-0000553,retail,active,2023-12-28,very_high,66.99
CUST000554,PTY000554,CN-0000554,retail,active,2024-07-30,medium,76.78
CUST000555,PTY000555,CN-0000555,small_business,active,2022-02-20,low,61.06
CUST000556,PTY000556,CN-0000556,small_business,prospect,2026-06-06,medium,13.81
CUST000557,PTY000557,CN-0000557,retail,active,2020-02-09,high,43.54
CUST000558,PTY000558,CN-0000558,small_business,lapsed,2021-10-22,medium,42.57
CUST000559,PTY000559,CN-0000559,small_business,active,2021-03-13,very_high,3.48
CUST000560,PTY000560,CN-0000560,retail,active,2022-09-24,very_high,68.23
CUST000561,PTY000561,CN-0000561,small_business,former,2019-03-12,low,34.63
CUST000562,PTY000562,CN-0000562,retail,lapsed,2026-03-21,very_high,80.36
CUST000563,PTY000563,CN-0000563,retail,active,2018-02-20,medium,57.47
CUST000564,PTY000564,CN-0000564,affluent,active,2022-04-22,low,48.61
CUST000565,PTY000565,CN-0000565,small_business,active,2025-07-08,low,30.3
CUST000566,PTY000566,CN-0000566,affluent,lapsed,2020-11-25,low,60.36
CUST000567,PTY000567,CN-0000567,affluent,active,2023-01-19,very_high,71.2
CUST000568,PTY000568,CN-0000568,small_business,prospect,2024-01-01,medium,98.07
CUST000569,PTY000569,CN-0000569,small_business,former,2023-12-18,low,15.04
CUST000570,PTY000570,CN-0000570,affluent,inactive,2021-10-12,high,19.76
CUST000571,PTY000571,CN-0000571,affluent,former,2024-11-22,very_high,43.49
CUST000572,PTY000572,CN-0000572,small_business,prospect,2023-03-19,low,86.79
CUST000573,PTY000573,CN-0000573,small_business,prospect,2023-03-01,high,25.23
CUST000574,PTY000574,CN-0000574,affluent,active,2021-10-14,low,54.27
CUST000575,PTY000575,CN-0000575,small_business,active,2020-01-03,very_high,1.75
CUST000576,PTY000576,CN-0000576,small_business,lapsed,2021-08-22,low,59.58
CUST000577,PTY000577,CN-0000577,affluent,prospect,2022-01-03,very_high,24.86
CUST000578,PTY000578,CN-0000578,affluent,prospect,2018-12-11,medium,72.68
CUST000579,PTY000579,CN-0000579,small_business,active,2025-02-05,high,34.54
CUST000580,PTY000580,CN-0000580,affluent,inactive,2023-02-20,medium,91.88
CUST000581,PTY000581,CN-0000581,affluent,inactive,2026-03-21,very_high,4.06
CUST000582,PTY000582,CN-0000582,small_business,prospect,2021-08-30,medium,60.94
CUST000583,PTY000583,CN-0000583,affluent,former,2026-02-12,low,38.19
CUST000584,PTY000584,CN-0000584,retail,active,2026-02-19,high,42.25
CUST000585,PTY000585,CN-0000585,retail,lapsed,2018-04-02,high,72.16
CUST000586,PTY000586,CN-0000586,retail,former,2026-05-01,very_high,96.52
CUST000587,PTY000587,CN-0000587,affluent,active,2020-02-24,high,61.56
CUST000588,PTY000588,CN-0000588,retail,lapsed,2024-01-18,low,37.42
CUST000589,PTY000589,CN-0000589,retail,former,2023-04-22,very_high,27.48
CUST000590,PTY000590,CN-0000590,retail,active,2025-09-22,low,60.46
CUST000591,PTY000591,CN-0000591,affluent,active,2020-01-13,high,0.51
CUST000592,PTY000592,CN-0000592,retail,former,2020-04-28,very_high,65.72
CUST000593,PTY000593,CN-0000593,small_business,active,2021-01-30,high,9.71
CUST000594,PTY000594,CN-0000594,retail,lapsed,2020-07-09,high,22.11
CUST000595,PTY000595,CN-0000595,small_business,lapsed,2024-11-09,very_high,58.79
CUST000596,PTY000596,CN-0000596,affluent,active,2025-02-13,very_high,47.56
CUST000597,PTY000597,CN-0000597,retail,active,2024-04-03,high,31.96
CUST000598,PTY000598,CN-0000598,retail,active,2022-12-26,very_high,21.06
CUST000599,PTY000599,CN-0000599,retail,lapsed,2025-10-28,very_high,25.57
CUST000600,PTY000600,CN-0000600,affluent,former,2018-05-13,low,63.14
CUST000601,PTY000601,CN-0000601,small_business,prospect,2024-04-18,medium,74.8
CUST000602,PTY000602,CN-0000602,small_business,active,2023-12-10,high,75.09
CUST000603,PTY000603,CN-0000603,affluent,active,2023-01-24,low,15.59
CUST000604,PTY000604,CN-0000604,retail,inactive,2024-07-23,high,56.49
CUST000605,PTY000605,CN-0000605,retail,former,2022-08-29,high,55.64
CUST000606,PTY000606,CN-0000606,retail,active,2023-07-04,medium,37.84
CUST000607,PTY000607,CN-0000607,retail,active,2019-05-21,medium,21.13
CUST000608,PTY000608,CN-0000608,affluent,active,2019-03-30,medium,86.49
CUST000609,PTY000609,CN-0000609,affluent,active,2026-08-08,very_high,35.2
CUST000610,PTY000610,CN-0000610,small_business,inactive,2020-06-10,high,31.94
CUST000611,PTY000611,CN-0000611,affluent,prospect,2022-01-27,high,50.23
CUST000612,PTY000612,CN-0000612,small_business,active,2023-12-22,very_high,49.48
CUST000613,PTY000613,CN-0000613,small_business,former,2023-03-16,very_high,15.7
CUST000614,PTY000614,CN-0000614,small_business,active,2019-12-29,low,53.27
CUST000615,PTY000615,CN-0000615,small_business,lapsed,2021-09-30,medium,68.34
CUST000616,PTY000616,CN-0000616,small_business,inactive,2019-02-07,very_high,97.42
CUST000617,PTY000617,CN-0000617,retail,lapsed,2022-08-08,low,61.89
CUST000618,PTY000618,CN-0000618,affluent,inactive,2019-07-22,low,59.96
CUST000619,PTY000619,CN-0000619,small_business,prospect,2026-03-18,high,60.98
CUST000620,PTY000620,CN-0000620,affluent,lapsed,2019-11-13,very_high,68.44
CUST000621,PTY000621,CN-0000621,retail,lapsed,2022-02-25,very_high,55.21
CUST000622,PTY000622,CN-0000622,retail,active,2020-03-01,high,72.31
CUST000623,PTY000623,CN-0000623,retail,active,2020-09-07,medium,32.27
CUST000624,PTY000624,CN-0000624,retail,prospect,2021-04-15,medium,57.76
CUST000625,PTY000625,CN-0000625,retail,lapsed,2023-02-24,very_high,98.97
CUST000626,PTY000626,CN-0000626,small_business,inactive,2019-12-26,low,80.37
CUST000627,PTY000627,CN-0000627,retail,active,2021-09-18,very_high,72.2
CUST000628,PTY000628,CN-0000628,retail,lapsed,2018-10-14,low,68.2
CUST000629,PTY000629,CN-0000629,affluent,active,2022-07-23,very_high,7.04
CUST000630,PTY000630,CN-0000630,small_business,lapsed,2022-09-05,low,71.58
CUST000631,PTY000631,CN-0000631,affluent,inactive,2024-10-22,low,43.85
CUST000632,PTY000632,CN-0000632,retail,active,2026-02-21,very_high,82.83
CUST000633,PTY000633,CN-0000633,retail,active,2026-02-18,very_high,71.66
CUST000634,PTY000634,CN-0000634,affluent,lapsed,2023-09-27,very_high,42.86
CUST000635,PTY000635,CN-0000635,retail,active,2019-05-24,high,75.79
CUST000636,PTY000636,CN-0000636,retail,lapsed,2024-07-02,medium,36.65
CUST000637,PTY000637,CN-0000637,small_business,active,2025-05-13,medium,79.56
CUST000638,PTY000638,CN-0000638,small_business,prospect,2020-05-10,high,64.2
CUST000639,PTY000639,CN-0000639,small_business,lapsed,2018-10-31,very_high,75.25
CUST000640,PTY000640,CN-0000640,small_business,active,2026-06-28,high,68.92
CUST000641,PTY000641,CN-0000641,small_business,lapsed,2021-09-16,high,56.82
CUST000642,PTY000642,CN-0000642,retail,former,2024-08-31,medium,14.8
CUST000643,PTY000643,CN-0000643,retail,active,2021-03-27,high,56.35
CUST000644,PTY000644,CN-0000644,small_business,active,2026-01-02,medium,56.76
CUST000645,PTY000645,CN-0000645,small_business,lapsed,2021-06-02,very_high,67.33
CUST000646,PTY000646,CN-0000646,affluent,former,2019-09-25,medium,14.65
CUST000647,PTY000647,CN-0000647,small_business,active,2021-04-12,medium,2.8
CUST000648,PTY000648,CN-0000648,affluent,active,2020-05-16,medium,58.42
CUST000649,PTY000649,CN-0000649,small_business,lapsed,2020-11-28,very_high,47.7
CUST000650,PTY000650,CN-0000650,small_business,lapsed,2019-11-29,medium,58.71
CUST000651,PTY000651,CN-0000651,small_business,inactive,2023-08-15,high,37.8
CUST000652,PTY000652,CN-0000652,affluent,active,2023-06-11,very_high,17.54
CUST000653,PTY000653,CN-0000653,retail,lapsed,2022-04-05,low,34.24
CUST000654,PTY000654,CN-0000654,retail,active,2021-06-20,medium,27.83
CUST000655,PTY000655,CN-0000655,retail,lapsed,2026-03-05,medium,35.65
CUST000656,PTY000656,CN-0000656,affluent,lapsed,2023-02-25,low,84.0
CUST000657,PTY000657,CN-0000657,retail,lapsed,2023-11-17,medium,36.36
CUST000658,PTY000658,CN-0000658,small_business,lapsed,2018-05-15,low,95.2
CUST000659,PTY000659,CN-0000659,retail,active,2023-09-10,low,97.04
CUST000660,PTY000660,CN-0000660,small_business,inactive,2018-08-18,medium,24.47
CUST000661,PTY000661,CN-0000661,retail,lapsed,2026-04-17,medium,22.83
CUST000662,PTY000662,CN-0000662,small_business,active,2026-01-17,low,97.94
CUST000663,PTY000663,CN-0000663,affluent,active,2020-12-24,low,74.31
CUST000664,PTY000664,CN-0000664,retail,active,2026-03-23,high,6.09
CUST000665,PTY000665,CN-0000665,retail,inactive,2020-07-21,very_high,46.43
CUST000666,PTY000666,CN-0000666,retail,active,2024-01-09,low,19.64
CUST000667,PTY000667,CN-0000667,small_business,prospect,2019-04-22,very_high,19.74
CUST000668,PTY000668,CN-0000668,affluent,active,2024-01-31,very_high,30.0
CUST000669,PTY000669,CN-0000669,affluent,active,2018-02-09,low,72.0
CUST000670,PTY000670,CN-0000670,affluent,active,2022-12-19,very_high,99.22
CUST000671,PTY000671,CN-0000671,small_business,inactive,2020-10-28,high,49.26
CUST000672,PTY000672,CN-0000672,small_business,inactive,2019-12-25,very_high,51.42
CUST000673,PTY000673,CN-0000673,small_business,active,2025-03-28,medium,34.11
CUST000674,PTY000674,CN-0000674,affluent,inactive,2025-08-08,high,62.59
CUST000675,PTY000675,CN-0000675,retail,active,2019-04-02,low,31.92
CUST000676,PTY000676,CN-0000676,small_business,active,2023-09-19,medium,17.88
CUST000677,PTY000677,CN-0000677,small_business,lapsed,2026-07-12,high,9.46
CUST000678,PTY000678,CN-0000678,small_business,lapsed,2022-12-21,medium,19.36
CUST000679,PTY000679,CN-0000679,retail,active,2019-03-22,high,50.18
CUST000680,PTY000680,CN-0000680,affluent,active,2021-08-03,low,68.47
CUST000681,PTY000681,CN-0000681,retail,inactive,2024-11-01,medium,32.38
CUST000682,PTY000682,CN-0000682,small_business,former,2020-02-26,medium,85.24
CUST000683,PTY000683,CN-0000683,affluent,active,2024-11-04,high,95.67
CUST000684,PTY000684,CN-0000684,affluent,inactive,2023-04-25,very_high,77.98
CUST000685,PTY000685,CN-0000685,retail,active,2021-01-08,very_high,93.43
CUST000686,PTY000686,CN-0000686,small_business,active,2021-05-28,high,33.37
CUST000687,PTY000687,CN-0000687,affluent,active,2021-12-20,very_high,30.8
CUST000688,PTY000688,CN-0000688,small_business,former,2024-04-26,very_high,0.57
CUST000689,PTY000689,CN-0000689,retail,active,2022-07-14,high,64.58
CUST000690,PTY000690,CN-0000690,small_business,former,2019-07-28,high,1.95
CUST000691,PTY000691,CN-0000691,retail,active,2025-11-24,high,29.48
CUST000692,PTY000692,CN-0000692,retail,active,2022-03-10,very_high,79.09
CUST000693,PTY000693,CN-0000693,affluent,inactive,2021-08-27,medium,79.75
CUST000694,PTY000694,CN-0000694,affluent,active,2024-12-04,high,10.68
CUST000695,PTY000695,CN-0000695,retail,active,2020-09-22,very_high,94.15
CUST000696,PTY000696,CN-0000696,small_business,prospect,2024-08-25,very_high,68.78
CUST000697,PTY000697,CN-0000697,small_business,active,2025-12-03,high,98.69
CUST000698,PTY000698,CN-0000698,small_business,prospect,2024-07-28,low,5.61
CUST000699,PTY000699,CN-0000699,small_business,inactive,2021-11-04,high,43.81
CUST000700,PTY000700,CN-0000700,retail,active,2021-03-10,medium,88.08
CUST000701,PTY000701,CN-0000701,small_business,former,2018-10-31,very_high,82.43
CUST000702,PTY000702,CN-0000702,affluent,active,2019-09-09,medium,56.18
CUST000703,PTY000703,CN-0000703,retail,active,2022-12-01,high,55.67
CUST000704,PTY000704,CN-0000704,affluent,prospect,2021-04-08,medium,77.21
CUST000705,PTY000705,CN-0000705,affluent,lapsed,2018-10-06,high,95.72
CUST000706,PTY000706,CN-0000706,small_business,lapsed,2022-01-19,medium,18.41
CUST000707,PTY000707,CN-0000707,retail,active,2023-04-03,high,33.3
CUST000708,PTY000708,CN-0000708,affluent,active,2025-08-07,high,60.36
CUST000709,PTY000709,CN-0000709,retail,prospect,2018-04-05,very_high,42.73
CUST000710,PTY000710,CN-0000710,retail,former,2023-06-16,low,91.3
CUST000711,PTY000711,CN-0000711,small_business,prospect,2023-09-30,very_high,99.57
CUST000712,PTY000712,CN-0000712,small_business,former,2023-08-28,very_high,28.26
CUST000713,PTY000713,CN-0000713,affluent,prospect,2021-09-29,low,56.53
CUST000714,PTY000714,CN-0000714,retail,inactive,2024-04-05,medium,79.86
CUST000715,PTY000715,CN-0000715,affluent,active,2018-12-26,medium,75.19
CUST000716,PTY000716,CN-0000716,affluent,active,2026-08-09,high,46.57
CUST000717,PTY000717,CN-0000717,retail,lapsed,2026-04-15,high,7.3
CUST000718,PTY000718,CN-0000718,affluent,active,2025-04-07,very_high,52.77
CUST000719,PTY000719,CN-0000719,affluent,former,2025-10-07,very_high,88.94
CUST000720,PTY000720,CN-0000720,affluent,active,2022-07-03,low,62.37
CUST000721,PTY000721,CN-0000721,retail,prospect,2022-05-17,medium,32.24
CUST000722,PTY000722,CN-0000722,small_business,former,2019-09-09,medium,58.44
CUST000723,PTY000723,CN-0000723,small_business,inactive,2026-08-11,very_high,65.36
CUST000724,PTY000724,CN-0000724,affluent,active,2020-03-31,medium,18.88
CUST000725,PTY000725,CN-0000725,retail,active,2019-08-31,medium,10.09
CUST000726,PTY000726,CN-0000726,affluent,former,2023-12-25,low,77.95
CUST000727,PTY000727,CN-0000727,small_business,prospect,2024-01-22,high,87.06
CUST000728,PTY000728,CN-0000728,affluent,active,2020-07-31,medium,30.29
CUST000729,PTY000729,CN-0000729,small_business,active,2022-10-04,medium,77.23
CUST000730,PTY000730,CN-0000730,retail,active,2018-04-22,low,83.42
CUST000731,PTY000731,CN-0000731,retail,active,2022-03-17,medium,38.04
CUST000732,PTY000732,CN-0000732,small_business,active,2023-01-05,medium,20.56
CUST000733,PTY000733,CN-0000733,affluent,former,2022-04-08,low,9.29
CUST000734,PTY000734,CN-0000734,affluent,inactive,2019-12-19,low,16.29
CUST000735,PTY000735,CN-0000735,retail,active,2020-05-08,high,74.97
CUST000736,PTY000736,CN-0000736,small_business,active,2021-07-21,medium,98.52
CUST000737,PTY000737,CN-0000737,small_business,active,2023-09-08,high,50.87
CUST000738,PTY000738,CN-0000738,retail,prospect,2023-02-15,very_high,80.34
CUST000739,PTY000739,CN-0000739,retail,active,2022-06-28,high,94.57
CUST000740,PTY000740,CN-0000740,small_business,former,2018-09-25,high,22.94
CUST000741,PTY000741,CN-0000741,retail,lapsed,2025-11-12,very_high,87.59
CUST000742,PTY000742,CN-0000742,small_business,lapsed,2018-03-06,high,4.54
CUST000743,PTY000743,CN-0000743,retail,inactive,2020-10-16,low,12.79
CUST000744,PTY000744,CN-0000744,retail,lapsed,2019-09-30,very_high,76.23
CUST000745,PTY000745,CN-0000745,affluent,former,2018-09-08,medium,86.63
CUST000746,PTY000746,CN-0000746,small_business,active,2025-05-31,very_high,82.33
CUST000747,PTY000747,CN-0000747,retail,active,2022-09-14,medium,74.2
CUST000748,PTY000748,CN-0000748,retail,active,2025-07-01,low,78.66
CUST000749,PTY000749,CN-0000749,small_business,active,2018-05-03,high,40.37
CUST000750,PTY000750,CN-0000750,small_business,inactive,2022-03-09,high,2.85
CUST000751,PTY000751,CN-0000751,small_business,prospect,2018-04-16,very_high,3.42
CUST000752,PTY000752,CN-0000752,small_business,prospect,2019-08-15,very_high,76.25
CUST000753,PTY000753,CN-0000753,affluent,active,2026-02-07,medium,10.01
CUST000754,PTY000754,CN-0000754,retail,prospect,2021-11-29,very_high,98.82
CUST000755,PTY000755,CN-0000755,small_business,active,2019-04-06,very_high,85.61
CUST000756,PTY000756,CN-0000756,small_business,active,2024-01-08,low,31.14
CUST000757,PTY000757,CN-0000757,small_business,active,2023-04-08,high,65.64
CUST000758,PTY000758,CN-0000758,affluent,lapsed,2022-02-06,low,47.78
CUST000759,PTY000759,CN-0000759,affluent,active,2026-05-25,medium,21.93
CUST000760,PTY000760,CN-0000760,retail,active,2019-06-16,low,74.32
CUST000761,PTY000761,CN-0000761,small_business,active,2026-01-16,low,24.98
CUST000762,PTY000762,CN-0000762,retail,lapsed,2020-10-23,high,32.86
CUST000763,PTY000763,CN-0000763,affluent,inactive,2023-03-08,high,75.99
CUST000764,PTY000764,CN-0000764,small_business,active,2019-06-24,high,66.12
CUST000765,PTY000765,CN-0000765,affluent,former,2024-07-01,low,74.79
CUST000766,PTY000766,CN-0000766,affluent,prospect,2022-04-27,medium,97.95
CUST000767,PTY000767,CN-0000767,retail,lapsed,2018-02-28,low,83.54
CUST000768,PTY000768,CN-0000768,retail,active,2020-09-01,high,1.17
CUST000769,PTY000769,CN-0000769,small_business,former,2023-05-24,high,18.77
CUST000770,PTY000770,CN-0000770,small_business,active,2024-06-22,medium,45.32
CUST000771,PTY000771,CN-0000771,affluent,active,2020-12-12,low,74.5
CUST000772,PTY000772,CN-0000772,affluent,active,2025-05-08,high,99.67
CUST000773,PTY000773,CN-0000773,small_business,active,2020-02-03,very_high,77.2
CUST000774,PTY000774,CN-0000774,affluent,prospect,2023-02-13,high,76.33
CUST000775,PTY000775,CN-0000775,retail,former,2020-12-12,high,42.65
CUST000776,PTY000776,CN-0000776,affluent,active,2018-04-15,low,22.71
CUST000777,PTY000777,CN-0000777,retail,prospect,2023-02-17,high,12.63
CUST000778,PTY000778,CN-0000778,small_business,active,2021-11-24,very_high,55.33
CUST000779,PTY000779,CN-0000779,affluent,active,2018-12-06,very_high,82.0
CUST000780,PTY000780,CN-0000780,retail,active,2023-09-24,medium,77.59
CUST000781,PTY000781,CN-0000781,affluent,lapsed,2020-03-24,high,52.56
CUST000782,PTY000782,CN-0000782,affluent,former,2019-09-14,low,80.03
CUST000783,PTY000783,CN-0000783,affluent,active,2022-01-25,medium,37.45
CUST000784,PTY000784,CN-0000784,affluent,active,2019-02-15,medium,84.32
CUST000785,PTY000785,CN-0000785,affluent,active,2026-06-04,very_high,85.83
CUST000786,PTY000786,CN-0000786,retail,active,2021-02-14,high,38.98
CUST000787,PTY000787,CN-0000787,small_business,active,2023-11-08,very_high,32.19
CUST000788,PTY000788,CN-0000788,small_business,prospect,2026-02-03,low,25.13
CUST000789,PTY000789,CN-0000789,affluent,active,2024-03-26,medium,92.31
CUST000790,PTY000790,CN-0000790,affluent,prospect,2024-11-16,low,75.52
CUST000791,PTY000791,CN-0000791,retail,active,2019-07-29,medium,76.46
CUST000792,PTY000792,CN-0000792,small_business,former,2020-09-20,medium,64.61
CUST000793,PTY000793,CN-0000793,affluent,active,2022-05-21,medium,83.43
CUST000794,PTY000794,CN-0000794,retail,active,2018-10-16,medium,89.26
CUST000795,PTY000795,CN-0000795,affluent,lapsed,2019-05-21,medium,20.58
CUST000796,PTY000796,CN-0000796,affluent,active,2019-08-07,high,1.08
CUST000797,PTY000797,CN-0000797,affluent,active,2019-04-26,low,77.17
CUST000798,PTY000798,CN-0000798,small_business,active,2024-09-17,very_high,29.88
CUST000799,PTY000799,CN-0000799,affluent,lapsed,2019-05-27,very_high,15.37
CUST000800,PTY000800,CN-0000800,affluent,active,2026-06-17,high,94.95
CUST000801,PTY000801,CN-0000801,small_business,former,2018-06-17,high,11.28
CUST000802,PTY000802,CN-0000802,small_business,inactive,2023-03-26,medium,87.62
CUST000803,PTY000803,CN-0000803,small_business,former,2025-10-03,high,22.46
CUST000804,PTY000804,CN-0000804,retail,lapsed,2019-02-27,high,24.13
CUST000805,PTY000805,CN-0000805,small_business,former,2025-06-16,very_high,42.17
CUST000806,PTY000806,CN-0000806,retail,former,2025-02-26,high,84.23
CUST000807,PTY000807,CN-0000807,small_business,active,2026-03-20,high,41.96
CUST000808,PTY000808,CN-0000808,small_business,prospect,2020-10-26,low,10.11
CUST000809,PTY000809,CN-0000809,retail,inactive,2023-06-12,very_high,22.14
CUST000810,PTY000810,CN-0000810,affluent,active,2022-11-12,low,99.73
CUST000811,PTY000811,CN-0000811,small_business,inactive,2025-12-12,very_high,60.66
CUST000812,PTY000812,CN-0000812,small_business,prospect,2025-06-27,low,59.03
CUST000813,PTY000813,CN-0000813,retail,inactive,2025-03-17,low,11.75
CUST000814,PTY000814,CN-0000814,retail,active,2026-07-27,very_high,81.53
CUST000815,PTY000815,CN-0000815,affluent,prospect,2026-01-21,high,64.71
CUST000816,PTY000816,CN-0000816,small_business,inactive,2022-12-09,low,94.02
CUST000817,PTY000817,CN-0000817,affluent,former,2025-01-16,very_high,66.91
CUST000818,PTY000818,CN-0000818,retail,inactive,2018-04-16,medium,2.41
CUST000819,PTY000819,CN-0000819,retail,active,2021-09-09,very_high,80.19
CUST000820,PTY000820,CN-0000820,small_business,former,2026-03-06,high,35.86
CUST000821,PTY000821,CN-0000821,small_business,active,2025-08-29,medium,27.66
CUST000822,PTY000822,CN-0000822,small_business,active,2018-07-15,high,76.86
CUST000823,PTY000823,CN-0000823,retail,inactive,2019-10-20,high,74.07
CUST000824,PTY000824,CN-0000824,small_business,former,2026-06-13,medium,84.47
CUST000825,PTY000825,CN-0000825,small_business,active,2018-12-31,medium,31.65
CUST000826,PTY000826,CN-0000826,retail,lapsed,2021-06-06,low,63.95
CUST000827,PTY000827,CN-0000827,affluent,active,2021-07-05,medium,75.66
CUST000828,PTY000828,CN-0000828,small_business,former,2020-04-08,very_high,35.06
CUST000829,PTY000829,CN-0000829,small_business,former,2022-11-29,medium,95.93
CUST000830,PTY000830,CN-0000830,retail,prospect,2021-08-15,medium,58.18
CUST000831,PTY000831,CN-0000831,affluent,lapsed,2023-09-05,high,75.68
CUST000832,PTY000832,CN-0000832,retail,active,2024-01-14,low,19.86
CUST000833,PTY000833,CN-0000833,affluent,inactive,2019-01-06,very_high,85.22
CUST000834,PTY000834,CN-0000834,affluent,active,2019-08-21,high,39.68
CUST000835,PTY000835,CN-0000835,retail,former,2022-04-27,high,61.34
CUST000836,PTY000836,CN-0000836,small_business,active,2018-12-03,very_high,82.61
CUST000837,PTY000837,CN-0000837,affluent,active,2020-10-04,high,2.64
CUST000838,PTY000838,CN-0000838,affluent,active,2020-07-08,medium,87.51
CUST000839,PTY000839,CN-0000839,affluent,former,2022-12-09,medium,14.54
CUST000840,PTY000840,CN-0000840,retail,prospect,2021-04-30,very_high,83.79
CUST000841,PTY000841,CN-0000841,affluent,inactive,2022-08-25,medium,41.23
CUST000842,PTY000842,CN-0000842,affluent,active,2023-10-26,very_high,74.68
CUST000843,PTY000843,CN-0000843,small_business,former,2025-12-04,high,43.13
CUST000844,PTY000844,CN-0000844,retail,active,2022-02-02,high,7.7
CUST000845,PTY000845,CN-0000845,retail,active,2025-10-10,medium,79.56
CUST000846,PTY000846,CN-0000846,retail,prospect,2024-06-29,very_high,53.54
CUST000847,PTY000847,CN-0000847,affluent,active,2019-03-06,high,71.76
CUST000848,PTY000848,CN-0000848,affluent,former,2025-03-26,medium,46.53
CUST000849,PTY000849,CN-0000849,retail,active,2024-06-10,very_high,49.71
CUST000850,PTY000850,CN-0000850,retail,active,2022-11-22,low,56.0
CUST000851,PTY000851,CN-0000851,affluent,prospect,2024-04-08,high,47.66
CUST000852,PTY000852,CN-0000852,retail,prospect,2025-12-03,high,6.54
CUST000853,PTY000853,CN-0000853,small_business,inactive,2026-01-23,high,94.74
CUST000854,PTY000854,CN-0000854,retail,lapsed,2026-02-28,very_high,43.08
CUST000855,PTY000855,CN-0000855,retail,active,2026-07-28,medium,66.18
CUST000856,PTY000856,CN-0000856,affluent,lapsed,2021-06-23,high,33.05
CUST000857,PTY000857,CN-0000857,affluent,active,2024-05-23,medium,76.63
CUST000858,PTY000858,CN-0000858,affluent,active,2025-08-22,low,97.09
CUST000859,PTY000859,CN-0000859,affluent,former,2018-08-05,high,58.74
CUST000860,PTY000860,CN-0000860,retail,inactive,2026-09-08,low,52.98
CUST000861,PTY000861,CN-0000861,retail,lapsed,2026-03-11,medium,24.88
CUST000862,PTY000862,CN-0000862,retail,former,2024-09-29,medium,2.95
CUST000863,PTY000863,CN-0000863,affluent,prospect,2023-07-21,high,8.91
CUST000864,PTY000864,CN-0000864,affluent,lapsed,2022-07-11,very_high,80.49
CUST000865,PTY000865,CN-0000865,affluent,active,2022-04-11,medium,84.73
CUST000866,PTY000866,CN-0000866,retail,active,2020-01-20,high,17.74
CUST000867,PTY000867,CN-0000867,small_business,active,2022-10-29,low,18.46
CUST000868,PTY000868,CN-0000868,retail,active,2022-07-03,high,98.56
CUST000869,PTY000869,CN-0000869,retail,active,2025-02-05,very_high,75.18
CUST000870,PTY000870,CN-0000870,small_business,prospect,2023-11-16,low,98.2
CUST000871,PTY000871,CN-0000871,affluent,active,2018-08-31,low,16.85
CUST000872,PTY000872,CN-0000872,retail,prospect,2023-12-08,high,38.48
CUST000873,PTY000873,CN-0000873,affluent,inactive,2018-04-24,high,85.94
CUST000874,PTY000874,CN-0000874,retail,lapsed,2019-12-08,very_high,18.18
CUST000875,PTY000875,CN-0000875,small_business,prospect,2020-06-13,medium,59.97
CUST000876,PTY000876,CN-0000876,retail,active,2024-06-09,medium,50.73
CUST000877,PTY000877,CN-0000877,retail,inactive,2022-12-29,low,93.53
CUST000878,PTY000878,CN-0000878,small_business,active,2019-05-08,low,34.91
CUST000879,PTY000879,CN-0000879,affluent,inactive,2020-01-09,medium,90.02
CUST000880,PTY000880,CN-0000880,retail,inactive,2023-08-01,medium,99.73
CUST000881,PTY000881,CN-0000881,small_business,lapsed,2021-10-13,very_high,78.41
CUST000882,PTY000882,CN-0000882,affluent,inactive,2019-04-22,low,33.83
CUST000883,PTY000883,CN-0000883,retail,active,2022-02-06,very_high,18.83
CUST000884,PTY000884,CN-0000884,retail,active,2022-07-14,low,91.66
CUST000885,PTY000885,CN-0000885,affluent,lapsed,2023-05-22,low,84.78
CUST000886,PTY000886,CN-0000886,affluent,lapsed,2019-01-08,high,91.19
CUST000887,PTY000887,CN-0000887,affluent,lapsed,2024-04-25,very_high,75.69
CUST000888,PTY000888,CN-0000888,retail,active,2025-03-19,high,13.55
CUST000889,PTY000889,CN-0000889,retail,active,2026-07-25,very_high,40.42
CUST000890,PTY000890,CN-0000890,retail,active,2022-03-25,low,49.12
CUST000891,PTY000891,CN-0000891,affluent,active,2021-08-09,very_high,30.59
CUST000892,PTY000892,CN-0000892,small_business,former,2026-08-23,low,52.76
CUST000893,PTY000893,CN-0000893,retail,prospect,2018-06-20,high,89.21
CUST000894,PTY000894,CN-0000894,affluent,inactive,2026-05-22,medium,64.09
CUST000895,PTY000895,CN-0000895,retail,inactive,2026-04-16,low,4.72
CUST000896,PTY000896,CN-0000896,small_business,active,2021-05-25,high,96.42
CUST000897,PTY000897,CN-0000897,affluent,former,2018-08-03,very_high,73.85
CUST000898,PTY000898,CN-0000898,retail,inactive,2023-11-17,high,68.11
CUST000899,PTY000899,CN-0000899,retail,prospect,2018-07-03,very_high,95.0
CUST000900,PTY000900,CN-0000900,affluent,active,2020-06-26,low,71.4
CUST000901,PTY000901,CN-0000901,retail,inactive,2023-07-22,low,4.52
CUST000902,PTY000902,CN-0000902,retail,lapsed,2022-04-12,low,92.43
CUST000903,PTY000903,CN-0000903,retail,lapsed,2018-01-20,high,98.44
CUST000904,PTY000904,CN-0000904,retail,active,2022-05-17,very_high,4.48
CUST000905,PTY000905,CN-0000905,affluent,active,2019-08-04,high,88.19
CUST000906,PTY000906,CN-0000906,affluent,inactive,2022-09-28,high,20.49
CUST000907,PTY000907,CN-0000907,affluent,active,2025-04-30,very_high,69.03
CUST000908,PTY000908,CN-0000908,small_business,active,2022-08-31,high,84.26
CUST000909,PTY000909,CN-0000909,small_business,active,2020-02-16,low,62.65
CUST000910,PTY000910,CN-0000910,retail,lapsed,2022-06-08,very_high,12.89
CUST000911,PTY000911,CN-0000911,retail,prospect,2025-09-25,low,11.53
CUST000912,PTY000912,CN-0000912,retail,active,2023-06-25,high,16.74
CUST000913,PTY000913,CN-0000913,small_business,lapsed,2026-04-20,very_high,28.48
CUST000914,PTY000914,CN-0000914,small_business,former,2021-03-19,high,10.85
CUST000915,PTY000915,CN-0000915,small_business,former,2019-05-05,medium,95.02
CUST000916,PTY000916,CN-0000916,small_business,active,2024-03-22,medium,51.82
CUST000917,PTY000917,CN-0000917,small_business,active,2018-05-27,low,11.14
CUST000918,PTY000918,CN-0000918,small_business,active,2018-06-05,low,76.25
CUST000919,PTY000919,CN-0000919,retail,active,2018-10-04,high,43.81
CUST000920,PTY000920,CN-0000920,small_business,inactive,2019-08-08,low,66.29
CUST000921,PTY000921,CN-0000921,retail,former,2023-08-25,medium,72.49
CUST000922,PTY000922,CN-0000922,affluent,prospect,2018-06-29,medium,34.13
CUST000923,PTY000923,CN-0000923,retail,active,2020-10-24,very_high,20.06
CUST000924,PTY000924,CN-0000924,retail,active,2025-03-23,very_high,15.31
CUST000925,PTY000925,CN-0000925,affluent,prospect,2021-04-10,medium,18.4
CUST000926,PTY000926,CN-0000926,small_business,lapsed,2020-03-07,very_high,2.53
CUST000927,PTY000927,CN-0000927,retail,former,2022-12-10,medium,60.17
CUST000928,PTY000928,CN-0000928,affluent,active,2021-03-24,medium,54.71
CUST000929,PTY000929,CN-0000929,retail,prospect,2021-07-24,low,40.99
CUST000930,PTY000930,CN-0000930,retail,inactive,2023-12-29,medium,72.41
CUST000931,PTY000931,CN-0000931,small_business,prospect,2021-08-10,medium,90.15
CUST000932,PTY000932,CN-0000932,retail,prospect,2025-09-03,very_high,0.34
CUST000933,PTY000933,CN-0000933,small_business,former,2018-08-28,low,85.7
CUST000934,PTY000934,CN-0000934,affluent,prospect,2026-07-19,low,1.98
CUST000935,PTY000935,CN-0000935,affluent,lapsed,2023-05-06,very_high,28.25
CUST000936,PTY000936,CN-0000936,small_business,active,2024-11-28,medium,68.29
CUST000937,PTY000937,CN-0000937,small_business,active,2024-11-14,very_high,47.91
CUST000938,PTY000938,CN-0000938,small_business,inactive,2019-09-20,high,22.38
CUST000939,PTY000939,CN-0000939,affluent,lapsed,2021-03-20,medium,96.3
CUST000940,PTY000940,CN-0000940,small_business,active,2022-05-11,high,74.0
CUST000941,PTY000941,CN-0000941,small_business,active,2022-11-04,low,45.99
CUST000942,PTY000942,CN-0000942,affluent,former,2025-12-20,medium,98.75
CUST000943,PTY000943,CN-0000943,affluent,active,2019-05-28,medium,94.19
CUST000944,PTY000944,CN-0000944,small_business,active,2022-09-21,very_high,44.39
CUST000945,PTY000945,CN-0000945,small_business,active,2022-05-11,high,32.6
CUST000946,PTY000946,CN-0000946,retail,lapsed,2022-06-22,medium,24.6
CUST000947,PTY000947,CN-0000947,retail,inactive,2025-12-28,medium,94.8
CUST000948,PTY000948,CN-0000948,affluent,former,2026-03-07,high,90.04
CUST000949,PTY000949,CN-0000949,small_business,active,2024-02-24,high,21.35
CUST000950,PTY000950,CN-0000950,small_business,prospect,2019-08-02,very_high,30.03
CUST000951,PTY000951,CN-0000951,affluent,active,2026-09-08,low,19.94
CUST000952,PTY000952,CN-0000952,affluent,active,2021-10-15,very_high,93.71
CUST000953,PTY000953,CN-0000953,retail,active,2022-11-04,low,69.4
CUST000954,PTY000954,CN-0000954,affluent,lapsed,2022-04-30,medium,27.33
CUST000955,PTY000955,CN-0000955,affluent,inactive,2026-05-14,medium,64.12
CUST000956,PTY000956,CN-0000956,retail,active,2024-06-13,very_high,31.65
CUST000957,PTY000957,CN-0000957,affluent,active,2020-10-03,very_high,31.62
CUST000958,PTY000958,CN-0000958,affluent,inactive,2026-07-24,low,67.62
CUST000959,PTY000959,CN-0000959,retail,prospect,2018-09-25,low,92.02
CUST000960,PTY000960,CN-0000960,small_business,former,2018-08-05,low,31.33
CUST000961,PTY000961,CN-0000961,retail,lapsed,2022-01-01,medium,95.8
CUST000962,PTY000962,CN-0000962,retail,active,2021-06-13,high,58.34
CUST000963,PTY000963,CN-0000963,small_business,active,2023-01-04,medium,28.97
CUST000964,PTY000964,CN-0000964,affluent,active,2019-02-20,medium,16.33
CUST000965,PTY000965,CN-0000965,affluent,inactive,2019-05-01,very_high,15.83
CUST000966,PTY000966,CN-0000966,affluent,active,2024-03-12,high,69.0
CUST000967,PTY000967,CN-0000967,retail,lapsed,2020-10-18,medium,90.92
CUST000968,PTY000968,CN-0000968,retail,active,2019-02-02,very_high,47.28
CUST000969,PTY000969,CN-0000969,retail,former,2023-05-08,low,58.62
CUST000970,PTY000970,CN-0000970,small_business,inactive,2022-01-24,medium,44.73
CUST000971,PTY000971,CN-0000971,small_business,lapsed,2018-03-23,high,88.56
CUST000972,PTY000972,CN-0000972,small_business,prospect,2018-12-15,medium,13.49
CUST000973,PTY000973,CN-0000973,affluent,active,2021-05-14,medium,11.1
CUST000974,PTY000974,CN-0000974,retail,lapsed,2025-07-02,high,29.23
CUST000975,PTY000975,CN-0000975,small_business,inactive,2018-12-07,very_high,1.6
CUST000976,PTY000976,CN-0000976,small_business,active,2024-08-14,high,85.13
CUST000977,PTY000977,CN-0000977,affluent,active,2020-02-26,low,48.96
CUST000978,PTY000978,CN-0000978,retail,lapsed,2019-11-15,medium,70.05
CUST000979,PTY000979,CN-0000979,small_business,active,2020-12-13,high,4.05
CUST000980,PTY000980,CN-0000980,affluent,active,2026-05-30,low,33.29
CUST000981,PTY000981,CN-0000981,retail,former,2018-05-09,low,73.46
CUST000982,PTY000982,CN-0000982,small_business,active,2018-03-20,medium,90.45
CUST000983,PTY000983,CN-0000983,small_business,prospect,2022-04-06,high,69.69
CUST000984,PTY000984,CN-0000984,small_business,former,2021-10-06,very_high,40.72
CUST000985,PTY000985,CN-0000985,retail,active,2021-11-02,high,55.24
CUST000986,PTY000986,CN-0000986,small_business,active,2023-06-26,low,91.34
CUST000987,PTY000987,CN-0000987,retail,former,2025-07-14,high,86.15
CUST000988,PTY000988,CN-0000988,retail,former,2019-04-10,medium,80.62
CUST000989,PTY000989,CN-0000989,retail,prospect,2019-03-15,medium,37.34
CUST000990,PTY000990,CN-0000990,affluent,former,2019-09-23,medium,77.89
CUST000991,PTY000991,CN-0000991,retail,lapsed,2018-11-05,low,73.65
CUST000992,PTY000992,CN-0000992,affluent,prospect,2021-10-29,medium,58.28
CUST000993,PTY000993,CN-0000993,affluent,former,2023-03-03,high,78.61
CUST000994,PTY000994,CN-0000994,affluent,prospect,2019-03-10,low,70.41
CUST000995,PTY000995,CN-0000995,affluent,prospect,2020-03-28,medium,9.17
CUST000996,PTY000996,CN-0000996,retail,active,2019-01-11,medium,21.02
CUST000997,PTY000997,CN-0000997,retail,active,2026-01-15,high,62.55
CUST000998,PTY000998,CN-0000998,small_business,former,2020-02-29,medium,70.82
CUST000999,PTY000999,CN-0000999,affluent,lapsed,2023-07-22,medium,46.92
CUST001000,PTY001000,CN-0001000,affluent,inactive,2026-03-16,low,44.25
CUST001001,PTY001001,CN-0001001,retail,prospect,2023-09-11,medium,97.42
CUST001002,PTY001002,CN-0001002,retail,inactive,2020-12-14,medium,70.0
CUST001003,PTY001003,CN-0001003,retail,active,2025-11-18,medium,84.86
CUST001004,PTY001004,CN-0001004,retail,active,2026-06-25,very_high,63.53
CUST001005,PTY001005,CN-0001005,small_business,inactive,2024-08-23,very_high,50.67
CUST001006,PTY001006,CN-0001006,retail,active,2021-03-15,high,82.45
CUST001007,PTY001007,CN-0001007,retail,inactive,2026-04-01,low,65.48
CUST001008,PTY001008,CN-0001008,small_business,active,2025-08-31,medium,6.47
CUST001009,PTY001009,CN-0001009,small_business,active,2018-09-15,low,61.98
CUST001010,PTY001010,CN-0001010,retail,lapsed,2022-10-28,very_high,1.2
CUST001011,PTY001011,CN-0001011,affluent,prospect,2026-05-07,high,58.81
CUST001012,PTY001012,CN-0001012,affluent,lapsed,2022-01-20,low,56.92
CUST001013,PTY001013,CN-0001013,small_business,active,2026-02-26,high,74.22
CUST001014,PTY001014,CN-0001014,small_business,active,2023-05-22,high,76.34
CUST001015,PTY001015,CN-0001015,affluent,lapsed,2021-07-07,medium,22.81
CUST001016,PTY001016,CN-0001016,retail,lapsed,2019-11-30,high,40.97
CUST001017,PTY001017,CN-0001017,small_business,former,2023-03-06,very_high,46.36
CUST001018,PTY001018,CN-0001018,small_business,active,2023-03-18,medium,73.79
CUST001019,PTY001019,CN-0001019,small_business,prospect,2022-04-29,medium,78.83
CUST001020,PTY001020,CN-0001020,affluent,active,2022-04-12,very_high,36.57
CUST001021,PTY001021,CN-0001021,affluent,active,2022-11-15,medium,59.29
CUST001022,PTY001022,CN-0001022,retail,prospect,2020-01-24,low,39.13
CUST001023,PTY001023,CN-0001023,small_business,active,2019-09-06,medium,2.17
CUST001024,PTY001024,CN-0001024,retail,active,2022-05-26,high,22.77
CUST001025,PTY001025,CN-0001025,affluent,lapsed,2023-06-16,very_high,43.29
CUST001026,PTY001026,CN-0001026,small_business,lapsed,2019-10-17,low,35.34
CUST001027,PTY001027,CN-0001027,retail,active,2019-03-11,very_high,60.78
CUST001028,PTY001028,CN-0001028,retail,inactive,2019-08-03,very_high,80.36
CUST001029,PTY001029,CN-0001029,small_business,prospect,2022-09-02,high,63.15
CUST001030,PTY001030,CN-0001030,affluent,active,2021-10-18,very_high,61.16
CUST001031,PTY001031,CN-0001031,retail,inactive,2024-09-19,high,34.11
CUST001032,PTY001032,CN-0001032,affluent,former,2022-03-10,medium,36.96
CUST001033,PTY001033,CN-0001033,retail,prospect,2023-04-24,very_high,37.0
CUST001034,PTY001034,CN-0001034,retail,active,2020-10-05,medium,91.01
CUST001035,PTY001035,CN-0001035,affluent,active,2021-07-04,high,55.5
CUST001036,PTY001036,CN-0001036,small_business,lapsed,2024-06-22,medium,90.19
CUST001037,PTY001037,CN-0001037,affluent,inactive,2021-08-11,medium,70.81
CUST001038,PTY001038,CN-0001038,retail,former,2024-11-01,medium,48.86
CUST001039,PTY001039,CN-0001039,retail,active,2023-04-09,low,38.41
CUST001040,PTY001040,CN-0001040,affluent,active,2019-08-31,low,52.92
CUST001041,PTY001041,CN-0001041,affluent,lapsed,2023-03-11,high,6.69
CUST001042,PTY001042,CN-0001042,retail,former,2022-05-15,high,71.19
CUST001043,PTY001043,CN-0001043,retail,active,2022-01-30,medium,22.33
CUST001044,PTY001044,CN-0001044,small_business,active,2018-01-13,very_high,56.19
CUST001045,PTY001045,CN-0001045,small_business,active,2021-01-22,high,60.48
CUST001046,PTY001046,CN-0001046,retail,former,2024-01-06,medium,95.77
CUST001047,PTY001047,CN-0001047,affluent,prospect,2024-09-13,high,73.34
CUST001048,PTY001048,CN-0001048,retail,inactive,2026-04-01,high,24.82
CUST001049,PTY001049,CN-0001049,small_business,lapsed,2022-03-21,low,29.82
CUST001050,PTY001050,CN-0001050,retail,active,2020-04-16,low,2.88
CUST001051,PTY001051,CN-0001051,small_business,prospect,2025-03-22,high,46.49
CUST001052,PTY001052,CN-0001052,small_business,lapsed,2019-08-28,very_high,55.53
CUST001053,PTY001053,CN-0001053,small_business,former,2024-08-29,high,10.77
CUST001054,PTY001054,CN-0001054,small_business,active,2021-01-25,medium,70.63
CUST001055,PTY001055,CN-0001055,small_business,active,2023-01-31,medium,32.28
CUST001056,PTY001056,CN-0001056,retail,prospect,2018-03-11,high,55.26
CUST001057,PTY001057,CN-0001057,retail,active,2022-02-19,very_high,55.01
CUST001058,PTY001058,CN-0001058,small_business,lapsed,2025-01-19,high,39.55
CUST001059,PTY001059,CN-0001059,affluent,former,2021-08-30,low,64.36
CUST001060,PTY001060,CN-0001060,affluent,former,2021-08-20,low,88.33
CUST001061,PTY001061,CN-0001061,affluent,lapsed,2018-08-17,medium,49.67
CUST001062,PTY001062,CN-0001062,retail,active,2018-10-06,low,52.28
CUST001063,PTY001063,CN-0001063,retail,prospect,2026-01-02,high,97.23
CUST001064,PTY001064,CN-0001064,retail,active,2021-10-17,high,75.09
CUST001065,PTY001065,CN-0001065,small_business,inactive,2023-07-11,low,52.47
CUST001066,PTY001066,CN-0001066,small_business,lapsed,2025-03-13,medium,54.81
CUST001067,PTY001067,CN-0001067,retail,active,2019-01-02,medium,11.52
CUST001068,PTY001068,CN-0001068,retail,active,2020-12-04,low,64.48
CUST001069,PTY001069,CN-0001069,retail,prospect,2024-04-03,medium,47.87
CUST001070,PTY001070,CN-0001070,retail,former,2018-06-22,medium,95.0
CUST001071,PTY001071,CN-0001071,affluent,active,2019-07-18,high,38.75
CUST001072,PTY001072,CN-0001072,affluent,active,2025-02-11,low,51.02
CUST001073,PTY001073,CN-0001073,small_business,prospect,2021-04-01,very_high,55.0
CUST001074,PTY001074,CN-0001074,retail,inactive,2018-06-14,low,20.88
CUST001075,PTY001075,CN-0001075,small_business,prospect,2024-07-14,high,70.18
CUST001076,PTY001076,CN-0001076,small_business,inactive,2024-07-10,medium,39.72
CUST001077,PTY001077,CN-0001077,affluent,prospect,2019-09-16,high,26.56
CUST001078,PTY001078,CN-0001078,affluent,active,2022-03-14,medium,83.48
CUST001079,PTY001079,CN-0001079,affluent,active,2026-06-17,high,19.58
CUST001080,PTY001080,CN-0001080,small_business,prospect,2020-12-02,high,45.16
CUST001081,PTY001081,CN-0001081,affluent,lapsed,2022-12-30,very_high,20.46
CUST001082,PTY001082,CN-0001082,retail,active,2019-04-07,low,74.28
CUST001083,PTY001083,CN-0001083,retail,former,2020-04-22,high,83.29
CUST001084,PTY001084,CN-0001084,retail,inactive,2025-07-24,high,36.09
CUST001085,PTY001085,CN-0001085,affluent,lapsed,2018-08-11,medium,56.68
CUST001086,PTY001086,CN-0001086,retail,inactive,2020-10-30,low,30.99
CUST001087,PTY001087,CN-0001087,retail,former,2020-06-05,high,20.64
CUST001088,PTY001088,CN-0001088,small_business,lapsed,2026-01-27,high,45.79
CUST001089,PTY001089,CN-0001089,affluent,former,2022-05-20,medium,92.08
CUST001090,PTY001090,CN-0001090,affluent,inactive,2023-05-21,high,79.5
CUST001091,PTY001091,CN-0001091,retail,prospect,2025-06-25,low,88.44
CUST001092,PTY001092,CN-0001092,affluent,prospect,2018-05-08,low,94.68
CUST001093,PTY001093,CN-0001093,small_business,active,2018-01-01,very_high,72.87
CUST001094,PTY001094,CN-0001094,retail,prospect,2019-10-16,high,21.53
CUST001095,PTY001095,CN-0001095,small_business,lapsed,2020-02-21,high,7.61
CUST001096,PTY001096,CN-0001096,affluent,prospect,2022-09-07,high,77.04
CUST001097,PTY001097,CN-0001097,small_business,active,2019-05-07,high,45.69
CUST001098,PTY001098,CN-0001098,retail,lapsed,2020-04-18,low,88.03
CUST001099,PTY001099,CN-0001099,retail,prospect,2023-05-06,low,8.61
CUST001100,PTY001100,CN-0001100,small_business,former,2020-08-19,high,27.01
CUST001101,PTY001101,CN-0001101,affluent,active,2025-11-18,low,73.14
CUST001102,PTY001102,CN-0001102,retail,prospect,2019-09-20,very_high,67.8
CUST001103,PTY001103,CN-0001103,retail,active,2018-05-03,very_high,83.05
CUST001104,PTY001104,CN-0001104,retail,prospect,2022-08-17,low,65.66
CUST001105,PTY001105,CN-0001105,small_business,lapsed,2026-08-19,high,71.89
CUST001106,PTY001106,CN-0001106,small_business,prospect,2020-04-10,high,96.32
CUST001107,PTY001107,CN-0001107,retail,lapsed,2020-02-10,very_high,81.04
CUST001108,PTY001108,CN-0001108,retail,former,2025-04-17,very_high,55.89
CUST001109,PTY001109,CN-0001109,small_business,former,2025-11-19,medium,71.56
CUST001110,PTY001110,CN-0001110,retail,active,2026-04-30,high,8.84
CUST001111,PTY001111,CN-0001111,small_business,former,2022-02-13,very_high,54.46
CUST001112,PTY001112,CN-0001112,affluent,active,2022-03-09,medium,32.07
CUST001113,PTY001113,CN-0001113,small_business,active,2025-03-03,medium,58.02
CUST001114,PTY001114,CN-0001114,small_business,active,2022-03-05,high,14.76
CUST001115,PTY001115,CN-0001115,small_business,lapsed,2025-07-18,very_high,36.03
CUST001116,PTY001116,CN-0001116,retail,inactive,2022-11-04,high,88.48
CUST001117,PTY001117,CN-0001117,small_business,lapsed,2021-09-25,very_high,45.08
CUST001118,PTY001118,CN-0001118,affluent,active,2024-01-18,low,34.35
CUST001119,PTY001119,CN-0001119,retail,inactive,2025-01-04,high,54.02
CUST001120,PTY001120,CN-0001120,retail,former,2026-05-09,medium,97.72
CUST001121,PTY001121,CN-0001121,affluent,active,2020-04-23,low,82.34
CUST001122,PTY001122,CN-0001122,affluent,inactive,2019-04-04,low,51.96
CUST001123,PTY001123,CN-0001123,retail,active,2024-06-15,medium,73.97
CUST001124,PTY001124,CN-0001124,affluent,former,2025-09-02,high,48.92
CUST001125,PTY001125,CN-0001125,affluent,former,2021-08-26,high,54.85
CUST001126,PTY001126,CN-0001126,affluent,lapsed,2022-06-06,very_high,21.91
CUST001127,PTY001127,CN-0001127,affluent,active,2021-12-09,low,22.58
CUST001128,PTY001128,CN-0001128,small_business,active,2025-03-22,medium,71.62
CUST001129,PTY001129,CN-0001129,retail,active,2023-08-29,medium,91.58
CUST001130,PTY001130,CN-0001130,small_business,active,2025-10-17,very_high,30.29
CUST001131,PTY001131,CN-0001131,affluent,lapsed,2020-05-07,low,95.16
CUST001132,PTY001132,CN-0001132,retail,prospect,2020-02-22,low,29.58
CUST001133,PTY001133,CN-0001133,retail,former,2020-04-28,low,6.7
CUST001134,PTY001134,CN-0001134,retail,active,2023-01-28,high,66.16
CUST001135,PTY001135,CN-0001135,affluent,inactive,2018-02-13,high,34.32
CUST001136,PTY001136,CN-0001136,retail,active,2022-03-16,very_high,61.93
CUST001137,PTY001137,CN-0001137,affluent,inactive,2023-05-14,low,67.91
CUST001138,PTY001138,CN-0001138,small_business,active,2018-05-10,high,3.1
CUST001139,PTY001139,CN-0001139,small_business,former,2025-11-09,very_high,75.29
CUST001140,PTY001140,CN-0001140,retail,active,2026-08-20,high,94.91
CUST001141,PTY001141,CN-0001141,small_business,prospect,2025-09-06,very_high,3.87
CUST001142,PTY001142,CN-0001142,retail,active,2023-06-20,high,54.37
CUST001143,PTY001143,CN-0001143,retail,lapsed,2018-12-06,low,45.47
CUST001144,PTY001144,CN-0001144,small_business,active,2026-05-27,very_high,3.43
CUST001145,PTY001145,CN-0001145,affluent,former,2021-06-22,very_high,21.66
CUST001146,PTY001146,CN-0001146,retail,prospect,2022-08-09,medium,59.34
CUST001147,PTY001147,CN-0001147,retail,inactive,2025-07-28,very_high,6.91
CUST001148,PTY001148,CN-0001148,small_business,active,2020-01-13,very_high,80.13
CUST001149,PTY001149,CN-0001149,affluent,lapsed,2024-01-04,low,25.32
CUST001150,PTY001150,CN-0001150,affluent,inactive,2019-04-27,very_high,17.39
CUST001151,PTY001151,CN-0001151,small_business,former,2023-01-25,medium,3.98
CUST001152,PTY001152,CN-0001152,small_business,active,2024-09-28,low,68.68
CUST001153,PTY001153,CN-0001153,retail,active,2018-11-11,very_high,24.9
CUST001154,PTY001154,CN-0001154,affluent,former,2022-05-06,medium,77.25
CUST001155,PTY001155,CN-0001155,small_business,active,2018-06-29,medium,34.01
CUST001156,PTY001156,CN-0001156,affluent,former,2025-08-29,very_high,22.87
CUST001157,PTY001157,CN-0001157,affluent,prospect,2022-12-27,low,16.44
CUST001158,PTY001158,CN-0001158,affluent,inactive,2019-06-25,low,43.81
CUST001159,PTY001159,CN-0001159,affluent,active,2022-02-10,low,70.84
CUST001160,PTY001160,CN-0001160,small_business,lapsed,2025-10-12,low,41.86
CUST001161,PTY001161,CN-0001161,small_business,active,2018-05-18,very_high,6.69
CUST001162,PTY001162,CN-0001162,small_business,lapsed,2018-12-24,high,47.46
CUST001163,PTY001163,CN-0001163,retail,active,2023-09-09,low,2.41
CUST001164,PTY001164,CN-0001164,affluent,active,2018-12-20,medium,44.61
CUST001165,PTY001165,CN-0001165,small_business,inactive,2024-02-15,high,47.79
CUST001166,PTY001166,CN-0001166,retail,inactive,2025-05-12,very_high,11.58
CUST001167,PTY001167,CN-0001167,retail,active,2018-06-12,medium,30.03
CUST001168,PTY001168,CN-0001168,affluent,active,2026-05-17,low,37.19
CUST001169,PTY001169,CN-0001169,retail,prospect,2023-09-21,high,58.56
CUST001170,PTY001170,CN-0001170,small_business,former,2018-02-06,medium,31.95
CUST001171,PTY001171,CN-0001171,small_business,former,2020-09-25,medium,18.87
CUST001172,PTY001172,CN-0001172,small_business,active,2023-04-29,medium,9.9
CUST001173,PTY001173,CN-0001173,affluent,lapsed,2022-05-08,low,14.61
CUST001174,PTY001174,CN-0001174,affluent,active,2019-06-05,low,47.77
CUST001175,PTY001175,CN-0001175,affluent,active,2018-10-25,medium,62.69
CUST001176,PTY001176,CN-0001176,affluent,active,2022-08-21,medium,82.8
CUST001177,PTY001177,CN-0001177,retail,former,2022-07-23,very_high,4.29
CUST001178,PTY001178,CN-0001178,small_business,prospect,2021-08-05,medium,67.17
CUST001179,PTY001179,CN-0001179,small_business,active,2022-03-11,medium,74.86
CUST001180,PTY001180,CN-0001180,small_business,inactive,2019-06-06,very_high,64.6
CUST001181,PTY001181,CN-0001181,affluent,active,2026-06-22,medium,59.9
CUST001182,PTY001182,CN-0001182,small_business,former,2021-03-24,low,43.27
CUST001183,PTY001183,CN-0001183,small_business,prospect,2018-05-07,low,70.45
CUST001184,PTY001184,CN-0001184,affluent,prospect,2019-08-20,high,27.74
CUST001185,PTY001185,CN-0001185,small_business,lapsed,2021-02-24,high,30.35
CUST001186,PTY001186,CN-0001186,affluent,active,2024-01-02,high,85.54
CUST001187,PTY001187,CN-0001187,affluent,active,2023-04-09,very_high,75.74
CUST001188,PTY001188,CN-0001188,affluent,lapsed,2025-09-20,medium,46.93
CUST001189,PTY001189,CN-0001189,affluent,active,2019-01-08,high,53.27
CUST001190,PTY001190,CN-0001190,affluent,prospect,2024-11-29,high,62.91
CUST001191,PTY001191,CN-0001191,small_business,inactive,2021-01-16,medium,31.31
CUST001192,PTY001192,CN-0001192,retail,inactive,2021-08-20,medium,34.85
CUST001193,PTY001193,CN-0001193,retail,former,2021-06-08,high,51.77
CUST001194,PTY001194,CN-0001194,small_business,active,2022-08-13,very_high,66.97
CUST001195,PTY001195,CN-0001195,affluent,former,2020-02-11,medium,80.22
CUST001196,PTY001196,CN-0001196,small_business,active,2025-09-20,high,71.26
CUST001197,PTY001197,CN-0001197,small_business,active,2024-03-14,very_high,58.17
CUST001198,PTY001198,CN-0001198,retail,lapsed,2019-12-12,high,63.86
CUST001199,PTY001199,CN-0001199,affluent,former,2020-04-22,high,18.31
CUST001200,PTY001200,CN-0001200,small_business,active,2025-04-06,medium,39.16
CUST001201,PTY001201,CN-0001201,small_business,inactive,2026-01-16,very_high,53.74
CUST001202,PTY001202,CN-0001202,small_business,inactive,2019-08-23,low,25.25
CUST001203,PTY001203,CN-0001203,affluent,active,2022-03-23,low,6.65
CUST001204,PTY001204,CN-0001204,small_business,active,2020-11-09,high,51.11
CUST001205,PTY001205,CN-0001205,retail,active,2022-09-19,low,98.16
CUST001206,PTY001206,CN-0001206,small_business,inactive,2025-01-16,low,47.64
CUST001207,PTY001207,CN-0001207,small_business,prospect,2022-05-04,medium,18.11
CUST001208,PTY001208,CN-0001208,retail,prospect,2022-01-20,low,27.74
CUST001209,PTY001209,CN-0001209,affluent,active,2024-02-25,medium,78.39
CUST001210,PTY001210,CN-0001210,affluent,active,2026-05-02,medium,3.99
CUST001211,PTY001211,CN-0001211,affluent,prospect,2025-05-28,low,11.14
CUST001212,PTY001212,CN-0001212,affluent,active,2025-01-01,high,42.98
CUST001213,PTY001213,CN-0001213,retail,inactive,2020-08-02,high,92.79
CUST001214,PTY001214,CN-0001214,retail,active,2021-12-19,low,55.37
CUST001215,PTY001215,CN-0001215,retail,active,2021-07-21,very_high,20.31
CUST001216,PTY001216,CN-0001216,retail,active,2024-11-29,low,57.12
CUST001217,PTY001217,CN-0001217,small_business,former,2024-11-20,very_high,12.46
CUST001218,PTY001218,CN-0001218,small_business,active,2020-10-05,medium,45.95
CUST001219,PTY001219,CN-0001219,retail,active,2019-11-10,high,10.74
CUST001220,PTY001220,CN-0001220,affluent,active,2020-09-05,very_high,57.96
CUST001221,PTY001221,CN-0001221,small_business,active,2024-09-22,medium,23.22
CUST001222,PTY001222,CN-0001222,small_business,lapsed,2018-12-02,very_high,44.25
CUST001223,PTY001223,CN-0001223,small_business,former,2026-04-16,very_high,2.3
CUST001224,PTY001224,CN-0001224,small_business,active,2026-07-31,very_high,43.67
CUST001225,PTY001225,CN-0001225,small_business,active,2023-11-17,low,49.9
CUST001226,PTY001226,CN-0001226,small_business,former,2024-11-26,very_high,60.66
CUST001227,PTY001227,CN-0001227,retail,lapsed,2022-03-08,low,60.1
CUST001228,PTY001228,CN-0001228,affluent,active,2025-11-02,medium,78.81
CUST001229,PTY001229,CN-0001229,retail,active,2020-04-28,high,40.51
CUST001230,PTY001230,CN-0001230,affluent,active,2020-10-15,medium,37.94
CUST001231,PTY001231,CN-0001231,retail,lapsed,2023-04-08,medium,64.55
CUST001232,PTY001232,CN-0001232,small_business,lapsed,2018-09-22,low,38.89
CUST001233,PTY001233,CN-0001233,small_business,active,2021-11-14,low,49.1
CUST001234,PTY001234,CN-0001234,small_business,active,2026-02-14,low,43.74
CUST001235,PTY001235,CN-0001235,retail,active,2021-11-27,high,91.16
CUST001236,PTY001236,CN-0001236,small_business,active,2020-11-30,medium,21.91
CUST001237,PTY001237,CN-0001237,affluent,inactive,2024-07-26,medium,84.59
CUST001238,PTY001238,CN-0001238,small_business,prospect,2022-04-12,medium,9.0
CUST001239,PTY001239,CN-0001239,retail,inactive,2019-10-13,low,25.04
CUST001240,PTY001240,CN-0001240,small_business,active,2023-11-22,medium,29.32
CUST001241,PTY001241,CN-0001241,small_business,former,2022-11-21,medium,22.91
CUST001242,PTY001242,CN-0001242,retail,inactive,2021-06-30,low,23.18
CUST001243,PTY001243,CN-0001243,affluent,prospect,2019-01-13,medium,28.82
CUST001244,PTY001244,CN-0001244,small_business,active,2023-04-11,medium,1.72
CUST001245,PTY001245,CN-0001245,affluent,lapsed,2020-03-11,low,6.74
CUST001246,PTY001246,CN-0001246,small_business,former,2019-02-20,medium,53.4
CUST001247,PTY001247,CN-0001247,affluent,former,2023-03-10,high,72.32
CUST001248,PTY001248,CN-0001248,affluent,active,2019-09-18,medium,78.69
CUST001249,PTY001249,CN-0001249,retail,former,2021-08-26,high,51.32
CUST001250,PTY001250,CN-0001250,affluent,inactive,2018-03-26,low,39.38
CUST001251,PTY001251,CN-0001251,retail,active,2019-11-16,medium,84.65
CUST001252,PTY001252,CN-0001252,affluent,former,2020-09-17,high,57.39
CUST001253,PTY001253,CN-0001253,small_business,active,2021-02-17,very_high,17.51
CUST001254,PTY001254,CN-0001254,affluent,active,2019-03-27,medium,64.01
CUST001255,PTY001255,CN-0001255,retail,prospect,2026-06-18,very_high,13.59
CUST001256,PTY001256,CN-0001256,small_business,inactive,2021-03-22,very_high,67.75
CUST001257,PTY001257,CN-0001257,affluent,inactive,2022-06-06,very_high,88.88
CUST001258,PTY001258,CN-0001258,affluent,inactive,2023-03-27,high,78.64
CUST001259,PTY001259,CN-0001259,affluent,former,2024-06-23,very_high,75.16
CUST001260,PTY001260,CN-0001260,small_business,active,2023-11-15,very_high,12.62
CUST001261,PTY001261,CN-0001261,retail,prospect,2018-05-30,high,84.19
CUST001262,PTY001262,CN-0001262,affluent,active,2019-04-19,very_high,37.59
CUST001263,PTY001263,CN-0001263,retail,active,2022-03-11,very_high,19.87
CUST001264,PTY001264,CN-0001264,retail,active,2018-03-07,medium,44.99
CUST001265,PTY001265,CN-0001265,affluent,active,2024-08-15,high,39.64
CUST001266,PTY001266,CN-0001266,retail,active,2019-08-06,very_high,25.29
CUST001267,PTY001267,CN-0001267,small_business,lapsed,2022-06-24,very_high,37.16
CUST001268,PTY001268,CN-0001268,small_business,active,2020-04-18,very_high,95.96
CUST001269,PTY001269,CN-0001269,retail,lapsed,2020-10-02,low,29.54
CUST001270,PTY001270,CN-0001270,small_business,active,2018-08-06,very_high,88.7
CUST001271,PTY001271,CN-0001271,retail,inactive,2022-11-11,high,35.48
CUST001272,PTY001272,CN-0001272,affluent,active,2023-10-01,low,93.4
CUST001273,PTY001273,CN-0001273,retail,active,2023-05-18,high,19.35
CUST001274,PTY001274,CN-0001274,retail,prospect,2023-09-07,low,14.59
CUST001275,PTY001275,CN-0001275,affluent,active,2025-12-22,low,2.47
CUST001276,PTY001276,CN-0001276,affluent,inactive,2020-06-14,high,2.41
CUST001277,PTY001277,CN-0001277,small_business,former,2022-07-11,very_high,34.69
CUST001278,PTY001278,CN-0001278,small_business,active,2021-08-30,low,80.12
CUST001279,PTY001279,CN-0001279,retail,active,2024-07-26,very_high,43.34
CUST001280,PTY001280,CN-0001280,retail,lapsed,2023-10-07,low,99.86
CUST001281,PTY001281,CN-0001281,small_business,active,2019-09-21,very_high,73.14
CUST001282,PTY001282,CN-0001282,small_business,active,2025-02-14,medium,76.21
CUST001283,PTY001283,CN-0001283,retail,inactive,2020-03-15,very_high,27.58
CUST001284,PTY001284,CN-0001284,retail,prospect,2020-06-21,high,1.21
CUST001285,PTY001285,CN-0001285,retail,active,2019-06-29,medium,41.76
CUST001286,PTY001286,CN-0001286,small_business,inactive,2019-09-14,high,99.04
CUST001287,PTY001287,CN-0001287,retail,prospect,2020-05-12,medium,85.88
CUST001288,PTY001288,CN-0001288,affluent,active,2020-12-23,low,21.91
CUST001289,PTY001289,CN-0001289,affluent,active,2019-11-10,low,8.0
CUST001290,PTY001290,CN-0001290,small_business,inactive,2023-02-26,high,85.06
CUST001291,PTY001291,CN-0001291,affluent,inactive,2020-11-23,high,63.15
CUST001292,PTY001292,CN-0001292,affluent,active,2021-08-30,high,80.62
CUST001293,PTY001293,CN-0001293,retail,former,2020-10-01,low,43.39
CUST001294,PTY001294,CN-0001294,small_business,inactive,2021-01-19,high,49.89
CUST001295,PTY001295,CN-0001295,small_business,prospect,2026-02-14,high,80.17
CUST001296,PTY001296,CN-0001296,retail,former,2020-11-21,medium,55.5
CUST001297,PTY001297,CN-0001297,retail,active,2020-06-15,medium,92.61
CUST001298,PTY001298,CN-0001298,affluent,inactive,2025-10-27,high,41.26
CUST001299,PTY001299,CN-0001299,small_business,inactive,2022-06-26,high,29.91
CUST001300,PTY001300,CN-0001300,retail,inactive,2020-09-20,very_high,94.85
CUST001301,PTY001301,CN-0001301,retail,former,2025-06-08,high,92.61
CUST001302,PTY001302,CN-0001302,small_business,active,2018-08-22,very_high,15.4
CUST001303,PTY001303,CN-0001303,retail,active,2023-04-23,high,11.82
CUST001304,PTY001304,CN-0001304,small_business,active,2020-08-23,very_high,58.84
CUST001305,PTY001305,CN-0001305,small_business,former,2022-07-19,medium,28.65
CUST001306,PTY001306,CN-0001306,retail,active,2024-11-05,medium,59.8
CUST001307,PTY001307,CN-0001307,small_business,former,2024-08-27,low,10.07
CUST001308,PTY001308,CN-0001308,affluent,prospect,2018-12-04,medium,54.04
CUST001309,PTY001309,CN-0001309,retail,former,2023-07-11,medium,99.18
CUST001310,PTY001310,CN-0001310,small_business,active,2018-01-09,low,13.35
CUST001311,PTY001311,CN-0001311,affluent,lapsed,2022-02-11,high,66.61
CUST001312,PTY001312,CN-0001312,retail,active,2018-12-25,high,33.01
CUST001313,PTY001313,CN-0001313,affluent,prospect,2018-06-09,low,61.44
CUST001314,PTY001314,CN-0001314,retail,active,2020-02-27,very_high,10.75
CUST001315,PTY001315,CN-0001315,small_business,inactive,2024-08-27,low,83.18
CUST001316,PTY001316,CN-0001316,retail,prospect,2021-03-11,very_high,60.62
CUST001317,PTY001317,CN-0001317,retail,lapsed,2020-11-30,low,49.64
CUST001318,PTY001318,CN-0001318,affluent,active,2020-07-05,low,39.34
CUST001319,PTY001319,CN-0001319,affluent,active,2021-10-19,very_high,81.03
CUST001320,PTY001320,CN-0001320,affluent,active,2022-01-09,high,65.35
CUST001321,PTY001321,CN-0001321,small_business,former,2022-07-01,medium,79.43
CUST001322,PTY001322,CN-0001322,affluent,active,2021-06-20,medium,24.07
CUST001323,PTY001323,CN-0001323,affluent,active,2019-09-02,low,7.95
CUST001324,PTY001324,CN-0001324,retail,active,2024-08-04,low,99.82
CUST001325,PTY001325,CN-0001325,retail,lapsed,2019-06-01,low,28.25
CUST001326,PTY001326,CN-0001326,affluent,active,2021-09-24,medium,71.86
CUST001327,PTY001327,CN-0001327,small_business,prospect,2022-11-19,high,93.74
CUST001328,PTY001328,CN-0001328,small_business,lapsed,2020-05-09,low,36.42
CUST001329,PTY001329,CN-0001329,retail,active,2022-05-20,low,4.89
CUST001330,PTY001330,CN-0001330,small_business,active,2020-10-29,very_high,46.35
CUST001331,PTY001331,CN-0001331,affluent,former,2022-06-17,high,44.96
CUST001332,PTY001332,CN-0001332,affluent,lapsed,2021-09-01,very_high,65.84
CUST001333,PTY001333,CN-0001333,affluent,former,2026-06-06,medium,0.74
CUST001334,PTY001334,CN-0001334,small_business,active,2019-11-04,low,48.69
CUST001335,PTY001335,CN-0001335,retail,prospect,2021-10-02,medium,24.0
CUST001336,PTY001336,CN-0001336,small_business,active,2024-10-09,medium,72.08
CUST001337,PTY001337,CN-0001337,retail,former,2022-09-08,low,63.15
CUST001338,PTY001338,CN-0001338,small_business,former,2025-12-23,high,33.72
CUST001339,PTY001339,CN-0001339,small_business,former,2019-03-05,medium,21.11
CUST001340,PTY001340,CN-0001340,affluent,lapsed,2021-09-23,high,53.09
CUST001341,PTY001341,CN-0001341,affluent,inactive,2023-12-06,medium,43.49
CUST001342,PTY001342,CN-0001342,retail,active,2026-03-15,high,53.88
CUST001343,PTY001343,CN-0001343,small_business,prospect,2026-06-23,high,33.26
CUST001344,PTY001344,CN-0001344,affluent,lapsed,2022-07-27,low,47.45
CUST001345,PTY001345,CN-0001345,small_business,inactive,2022-09-06,medium,92.31
CUST001346,PTY001346,CN-0001346,retail,active,2024-08-17,high,30.03
CUST001347,PTY001347,CN-0001347,retail,former,2025-04-24,medium,66.84
CUST001348,PTY001348,CN-0001348,small_business,active,2024-07-01,high,0.43
CUST001349,PTY001349,CN-0001349,retail,active,2020-07-27,very_high,23.9
CUST001350,PTY001350,CN-0001350,small_business,prospect,2018-01-10,low,80.24
CUST001351,PTY001351,CN-0001351,affluent,former,2021-01-25,very_high,1.63
CUST001352,PTY001352,CN-0001352,affluent,former,2026-03-21,high,76.89
CUST001353,PTY001353,CN-0001353,retail,active,2025-06-09,medium,53.41
CUST001354,PTY001354,CN-0001354,small_business,former,2024-03-12,low,85.52
CUST001355,PTY001355,CN-0001355,affluent,lapsed,2022-05-13,high,17.72
CUST001356,PTY001356,CN-0001356,retail,prospect,2025-05-11,very_high,7.97
CUST001357,PTY001357,CN-0001357,retail,active,2025-04-03,low,9.95
CUST001358,PTY001358,CN-0001358,affluent,active,2026-05-28,medium,65.75
CUST001359,PTY001359,CN-0001359,small_business,active,2025-07-14,medium,90.6
CUST001360,PTY001360,CN-0001360,affluent,active,2020-04-15,high,9.76
CUST001361,PTY001361,CN-0001361,small_business,inactive,2021-03-28,low,7.62
CUST001362,PTY001362,CN-0001362,retail,former,2019-09-30,low,95.36
CUST001363,PTY001363,CN-0001363,small_business,active,2018-09-28,low,76.49
CUST001364,PTY001364,CN-0001364,retail,inactive,2021-10-14,very_high,51.08
CUST001365,PTY001365,CN-0001365,affluent,inactive,2023-05-26,high,78.55
CUST001366,PTY001366,CN-0001366,retail,active,2021-12-30,medium,38.79
CUST001367,PTY001367,CN-0001367,affluent,active,2020-02-15,low,91.09
CUST001368,PTY001368,CN-0001368,retail,prospect,2024-12-15,medium,14.58
CUST001369,PTY001369,CN-0001369,affluent,former,2019-10-19,medium,47.87
CUST001370,PTY001370,CN-0001370,affluent,active,2026-06-29,low,34.02
CUST001371,PTY001371,CN-0001371,small_business,prospect,2022-05-14,very_high,21.24
CUST001372,PTY001372,CN-0001372,affluent,lapsed,2020-02-18,very_high,77.35
CUST001373,PTY001373,CN-0001373,affluent,prospect,2026-05-21,medium,83.45
CUST001374,PTY001374,CN-0001374,affluent,former,2023-07-18,very_high,38.73
CUST001375,PTY001375,CN-0001375,small_business,active,2025-03-16,low,3.64
CUST001376,PTY001376,CN-0001376,retail,inactive,2020-02-10,high,1.71
CUST001377,PTY001377,CN-0001377,small_business,lapsed,2025-06-15,high,41.55
CUST001378,PTY001378,CN-0001378,small_business,former,2018-01-31,very_high,8.52
CUST001379,PTY001379,CN-0001379,affluent,inactive,2019-01-29,low,59.29
CUST001380,PTY001380,CN-0001380,small_business,inactive,2023-04-24,high,11.98
CUST001381,PTY001381,CN-0001381,affluent,active,2018-05-14,medium,31.21
CUST001382,PTY001382,CN-0001382,small_business,prospect,2022-10-10,low,5.49
CUST001383,PTY001383,CN-0001383,affluent,active,2021-05-14,high,81.57
CUST001384,PTY001384,CN-0001384,small_business,active,2019-09-19,very_high,98.13
CUST001385,PTY001385,CN-0001385,small_business,prospect,2023-12-15,very_high,30.84
CUST001386,PTY001386,CN-0001386,small_business,prospect,2021-05-13,low,98.13
CUST001387,PTY001387,CN-0001387,retail,lapsed,2021-09-04,low,86.95
CUST001388,PTY001388,CN-0001388,affluent,inactive,2023-11-21,low,36.25
CUST001389,PTY001389,CN-0001389,small_business,former,2019-01-25,high,31.83
CUST001390,PTY001390,CN-0001390,retail,inactive,2019-05-22,medium,58.22
CUST001391,PTY001391,CN-0001391,retail,prospect,2018-11-19,high,31.15
CUST001392,PTY001392,CN-0001392,affluent,former,2026-07-13,low,81.16
CUST001393,PTY001393,CN-0001393,affluent,former,2024-02-27,high,90.63
CUST001394,PTY001394,CN-0001394,small_business,prospect,2025-05-18,very_high,75.23
CUST001395,PTY001395,CN-0001395,small_business,active,2018-06-16,low,65.79
CUST001396,PTY001396,CN-0001396,affluent,prospect,2021-01-07,medium,6.87
CUST001397,PTY001397,CN-0001397,retail,prospect,2024-08-06,very_high,4.25
CUST001398,PTY001398,CN-0001398,small_business,inactive,2022-01-19,low,26.43
CUST001399,PTY001399,CN-0001399,affluent,former,2024-08-17,medium,8.2
CUST001400,PTY001400,CN-0001400,retail,lapsed,2019-11-21,low,63.08
CUST001401,PTY001401,CN-0001401,small_business,active,2018-03-10,medium,16.94
CUST001402,PTY001402,CN-0001402,affluent,active,2025-08-27,very_high,0.53
CUST001403,PTY001403,CN-0001403,small_business,inactive,2023-11-13,medium,49.27
CUST001404,PTY001404,CN-0001404,retail,active,2020-09-01,medium,61.33
CUST001405,PTY001405,CN-0001405,retail,former,2022-05-11,high,34.43
CUST001406,PTY001406,CN-0001406,affluent,active,2022-07-15,high,26.94
CUST001407,PTY001407,CN-0001407,retail,lapsed,2024-11-29,very_high,25.5
CUST001408,PTY001408,CN-0001408,small_business,prospect,2024-10-15,low,40.55
CUST001409,PTY001409,CN-0001409,affluent,active,2020-02-23,medium,57.66
CUST001410,PTY001410,CN-0001410,affluent,prospect,2025-03-09,medium,13.24
CUST001411,PTY001411,CN-0001411,retail,active,2018-06-14,low,73.13
CUST001412,PTY001412,CN-0001412,small_business,active,2025-09-02,medium,27.65
CUST001413,PTY001413,CN-0001413,affluent,prospect,2019-04-07,medium,71.72
CUST001414,PTY001414,CN-0001414,retail,active,2025-10-22,low,34.14
CUST001415,PTY001415,CN-0001415,retail,active,2023-01-06,low,86.88
CUST001416,PTY001416,CN-0001416,small_business,active,2021-08-24,high,44.34
CUST001417,PTY001417,CN-0001417,affluent,active,2020-04-05,medium,38.92
CUST001418,PTY001418,CN-0001418,affluent,former,2020-02-10,medium,48.99
CUST001419,PTY001419,CN-0001419,small_business,prospect,2021-01-26,high,0.31
CUST001420,PTY001420,CN-0001420,retail,prospect,2023-03-14,low,74.83
CUST001421,PTY001421,CN-0001421,small_business,active,2023-11-18,very_high,11.04
CUST001422,PTY001422,CN-0001422,retail,active,2021-03-22,high,17.71
CUST001423,PTY001423,CN-0001423,retail,active,2026-08-17,low,58.65
CUST001424,PTY001424,CN-0001424,small_business,lapsed,2021-11-25,medium,44.93
CUST001425,PTY001425,CN-0001425,small_business,former,2025-09-20,very_high,96.35
CUST001426,PTY001426,CN-0001426,retail,active,2021-01-09,medium,43.81
CUST001427,PTY001427,CN-0001427,retail,former,2019-07-01,medium,64.52
CUST001428,PTY001428,CN-0001428,retail,inactive,2022-04-25,medium,10.98
CUST001429,PTY001429,CN-0001429,small_business,inactive,2026-02-02,high,68.99
CUST001430,PTY001430,CN-0001430,affluent,inactive,2021-01-18,high,74.64
CUST001431,PTY001431,CN-0001431,retail,inactive,2018-03-25,low,24.12
CUST001432,PTY001432,CN-0001432,small_business,former,2021-03-04,medium,75.77
CUST001433,PTY001433,CN-0001433,affluent,former,2025-06-30,medium,62.75
CUST001434,PTY001434,CN-0001434,retail,active,2023-12-05,low,32.74
CUST001435,PTY001435,CN-0001435,affluent,active,2025-09-25,high,0.15
CUST001436,PTY001436,CN-0001436,retail,prospect,2020-03-03,high,72.09
CUST001437,PTY001437,CN-0001437,small_business,lapsed,2022-10-07,high,58.62
CUST001438,PTY001438,CN-0001438,small_business,lapsed,2025-01-19,high,9.61
CUST001439,PTY001439,CN-0001439,affluent,active,2023-04-17,medium,32.47
CUST001440,PTY001440,CN-0001440,small_business,active,2021-10-08,medium,53.25
CUST001441,PTY001441,CN-0001441,retail,active,2023-07-13,low,68.97
CUST001442,PTY001442,CN-0001442,affluent,active,2019-02-27,medium,41.07
CUST001443,PTY001443,CN-0001443,retail,active,2018-06-29,very_high,53.5
CUST001444,PTY001444,CN-0001444,retail,prospect,2026-04-14,very_high,71.84
CUST001445,PTY001445,CN-0001445,affluent,active,2020-06-23,medium,37.09
CUST001446,PTY001446,CN-0001446,small_business,prospect,2018-05-30,very_high,12.03
CUST001447,PTY001447,CN-0001447,affluent,inactive,2021-02-22,very_high,89.31
CUST001448,PTY001448,CN-0001448,small_business,active,2019-01-18,low,9.35
CUST001449,PTY001449,CN-0001449,affluent,inactive,2020-10-22,medium,4.42
CUST001450,PTY001450,CN-0001450,small_business,inactive,2025-09-23,medium,65.73
CUST001451,PTY001451,CN-0001451,affluent,prospect,2025-10-21,very_high,81.71
CUST001452,PTY001452,CN-0001452,small_business,active,2020-06-05,low,8.87
CUST001453,PTY001453,CN-0001453,retail,inactive,2024-07-15,high,0.01
CUST001454,PTY001454,CN-0001454,small_business,active,2025-10-23,very_high,55.63
CUST001455,PTY001455,CN-0001455,retail,lapsed,2019-11-04,low,98.07
CUST001456,PTY001456,CN-0001456,retail,lapsed,2024-05-30,high,19.25
CUST001457,PTY001457,CN-0001457,retail,lapsed,2019-10-05,low,73.24
CUST001458,PTY001458,CN-0001458,retail,active,2020-03-13,medium,29.5
CUST001459,PTY001459,CN-0001459,affluent,active,2018-09-08,medium,61.86
CUST001460,PTY001460,CN-0001460,retail,lapsed,2018-05-09,medium,36.66
CUST001461,PTY001461,CN-0001461,small_business,former,2026-06-26,very_high,15.39
CUST001462,PTY001462,CN-0001462,retail,active,2018-09-17,very_high,0.76
CUST001463,PTY001463,CN-0001463,retail,inactive,2022-03-15,medium,68.44
CUST001464,PTY001464,CN-0001464,retail,prospect,2022-09-18,medium,21.18
CUST001465,PTY001465,CN-0001465,small_business,prospect,2019-09-22,very_high,22.93
CUST001466,PTY001466,CN-0001466,small_business,lapsed,2019-11-12,high,88.64
CUST001467,PTY001467,CN-0001467,affluent,inactive,2019-10-07,medium,95.36
CUST001468,PTY001468,CN-0001468,retail,inactive,2022-10-07,very_high,27.92
CUST001469,PTY001469,CN-0001469,affluent,active,2020-12-01,low,19.63
CUST001470,PTY001470,CN-0001470,small_business,former,2021-04-25,very_high,92.72
CUST001471,PTY001471,CN-0001471,retail,former,2024-07-09,medium,90.08
CUST001472,PTY001472,CN-0001472,affluent,lapsed,2020-07-30,low,56.01
CUST001473,PTY001473,CN-0001473,affluent,inactive,2022-06-05,medium,5.28
CUST001474,PTY001474,CN-0001474,affluent,active,2020-01-07,medium,24.05
CUST001475,PTY001475,CN-0001475,affluent,former,2018-07-27,low,24.15
CUST001476,PTY001476,CN-0001476,retail,active,2024-03-12,low,25.97
CUST001477,PTY001477,CN-0001477,affluent,active,2021-09-22,medium,4.4
CUST001478,PTY001478,CN-0001478,retail,active,2023-07-03,medium,69.88
CUST001479,PTY001479,CN-0001479,affluent,active,2019-01-02,very_high,7.14
CUST001480,PTY001480,CN-0001480,affluent,inactive,2026-01-31,low,73.77
CUST001481,PTY001481,CN-0001481,small_business,active,2021-08-11,high,99.28
CUST001482,PTY001482,CN-0001482,retail,prospect,2021-10-15,low,78.0
CUST001483,PTY001483,CN-0001483,affluent,lapsed,2026-09-11,low,86.29
CUST001484,PTY001484,CN-0001484,retail,prospect,2026-02-09,high,16.49
CUST001485,PTY001485,CN-0001485,affluent,inactive,2026-04-29,low,8.26
CUST001486,PTY001486,CN-0001486,small_business,former,2020-02-19,low,43.9
CUST001487,PTY001487,CN-0001487,affluent,active,2024-01-17,low,78.75
CUST001488,PTY001488,CN-0001488,affluent,prospect,2026-05-24,medium,98.84
CUST001489,PTY001489,CN-0001489,small_business,lapsed,2021-07-05,low,79.47
CUST001490,PTY001490,CN-0001490,affluent,active,2023-08-27,high,26.08
CUST001491,PTY001491,CN-0001491,affluent,former,2018-12-15,medium,60.03
CUST001492,PTY001492,CN-0001492,affluent,active,2024-06-18,high,49.11
CUST001493,PTY001493,CN-0001493,retail,active,2026-08-12,medium,82.44
CUST001494,PTY001494,CN-0001494,affluent,inactive,2021-03-29,low,31.41
CUST001495,PTY001495,CN-0001495,retail,inactive,2023-04-05,very_high,46.73
CUST001496,PTY001496,CN-0001496,affluent,prospect,2018-06-30,low,66.2
CUST001497,PTY001497,CN-0001497,small_business,active,2020-10-03,high,8.87
CUST001498,PTY001498,CN-0001498,affluent,active,2026-02-13,medium,40.52
CUST001499,PTY001499,CN-0001499,retail,active,2024-04-25,very_high,14.93
CUST001500,PTY001500,CN-0001500,affluent,active,2021-01-08,high,36.96
CUST001501,PTY001501,CN-0001501,small_business,active,2018-07-20,medium,78.51
CUST001502,PTY001502,CN-0001502,affluent,prospect,2022-03-18,low,62.5
CUST001503,PTY001503,CN-0001503,small_business,active,2018-08-06,medium,41.02
CUST001504,PTY001504,CN-0001504,affluent,active,2024-11-20,high,78.65
CUST001505,PTY001505,CN-0001505,affluent,former,2018-03-11,medium,12.58
CUST001506,PTY001506,CN-0001506,small_business,former,2018-09-06,low,92.81
CUST001507,PTY001507,CN-0001507,small_business,former,2022-05-24,low,89.02
CUST001508,PTY001508,CN-0001508,affluent,prospect,2023-12-08,high,62.56
CUST001509,PTY001509,CN-0001509,affluent,active,2020-11-25,very_high,49.84
CUST001510,PTY001510,CN-0001510,affluent,active,2020-10-16,very_high,71.82
CUST001511,PTY001511,CN-0001511,affluent,lapsed,2020-02-08,low,39.97
CUST001512,PTY001512,CN-0001512,retail,lapsed,2020-09-19,low,14.15
CUST001513,PTY001513,CN-0001513,affluent,lapsed,2022-06-27,high,72.6
CUST001514,PTY001514,CN-0001514,affluent,lapsed,2023-11-07,high,40.76
CUST001515,PTY001515,CN-0001515,retail,active,2019-10-12,very_high,75.65
CUST001516,PTY001516,CN-0001516,small_business,lapsed,2019-06-19,very_high,21.39
CUST001517,PTY001517,CN-0001517,small_business,prospect,2021-06-22,very_high,87.34
CUST001518,PTY001518,CN-0001518,small_business,lapsed,2022-05-18,very_high,15.67
CUST001519,PTY001519,CN-0001519,small_business,former,2026-06-01,high,86.63
CUST001520,PTY001520,CN-0001520,retail,active,2018-06-23,medium,72.11
CUST001521,PTY001521,CN-0001521,small_business,inactive,2022-02-20,medium,29.38
CUST001522,PTY001522,CN-0001522,retail,lapsed,2026-03-06,low,46.98
CUST001523,PTY001523,CN-0001523,small_business,former,2021-06-14,high,86.31
CUST001524,PTY001524,CN-0001524,affluent,former,2023-10-03,low,77.2
CUST001525,PTY001525,CN-0001525,retail,active,2026-03-13,medium,55.61
CUST001526,PTY001526,CN-0001526,affluent,active,2023-08-14,high,33.16
CUST001527,PTY001527,CN-0001527,small_business,inactive,2019-07-04,low,67.37
CUST001528,PTY001528,CN-0001528,retail,active,2021-10-24,low,99.31
CUST001529,PTY001529,CN-0001529,retail,active,2021-04-08,medium,20.89
CUST001530,PTY001530,CN-0001530,small_business,active,2026-07-31,high,58.71
CUST001531,PTY001531,CN-0001531,retail,active,2025-12-13,medium,80.67
CUST001532,PTY001532,CN-0001532,retail,prospect,2019-02-23,very_high,52.62
CUST001533,PTY001533,CN-0001533,retail,inactive,2026-02-02,low,60.65
CUST001534,PTY001534,CN-0001534,retail,inactive,2020-03-24,low,63.09
CUST001535,PTY001535,CN-0001535,small_business,active,2020-03-21,medium,40.5
CUST001536,PTY001536,CN-0001536,retail,prospect,2021-08-16,very_high,85.48
CUST001537,PTY001537,CN-0001537,retail,prospect,2026-02-10,very_high,75.84
CUST001538,PTY001538,CN-0001538,small_business,prospect,2021-09-03,very_high,96.07
CUST001539,PTY001539,CN-0001539,affluent,lapsed,2022-07-26,low,1.07
CUST001540,PTY001540,CN-0001540,retail,former,2020-01-28,low,99.73
CUST001541,PTY001541,CN-0001541,affluent,prospect,2018-05-01,high,77.86
CUST001542,PTY001542,CN-0001542,affluent,active,2019-04-04,low,24.44
CUST001543,PTY001543,CN-0001543,small_business,active,2022-03-26,very_high,26.39
CUST001544,PTY001544,CN-0001544,affluent,prospect,2021-03-07,very_high,91.67
CUST001545,PTY001545,CN-0001545,affluent,active,2024-12-18,very_high,36.79
CUST001546,PTY001546,CN-0001546,retail,prospect,2021-11-17,low,31.12
CUST001547,PTY001547,CN-0001547,retail,former,2018-10-18,high,10.89
CUST001548,PTY001548,CN-0001548,retail,active,2021-04-12,very_high,52.99
CUST001549,PTY001549,CN-0001549,retail,inactive,2021-11-05,medium,75.65
CUST001550,PTY001550,CN-0001550,retail,active,2022-07-27,medium,94.16
CUST001551,PTY001551,CN-0001551,affluent,inactive,2024-10-20,medium,7.35
CUST001552,PTY001552,CN-0001552,small_business,active,2023-01-23,high,41.83
CUST001553,PTY001553,CN-0001553,small_business,prospect,2019-01-13,high,13.01
CUST001554,PTY001554,CN-0001554,small_business,lapsed,2024-01-05,low,82.96
CUST001555,PTY001555,CN-0001555,retail,former,2025-01-26,high,23.76
CUST001556,PTY001556,CN-0001556,small_business,active,2022-06-08,low,51.93
CUST001557,PTY001557,CN-0001557,retail,lapsed,2019-01-29,medium,42.65
CUST001558,PTY001558,CN-0001558,retail,active,2018-03-15,low,52.03
CUST001559,PTY001559,CN-0001559,small_business,active,2020-04-12,very_high,88.45
CUST001560,PTY001560,CN-0001560,retail,active,2018-12-29,medium,68.49
CUST001561,PTY001561,CN-0001561,small_business,lapsed,2018-10-25,medium,9.99
CUST001562,PTY001562,CN-0001562,retail,active,2019-12-20,high,35.58
CUST001563,PTY001563,CN-0001563,affluent,inactive,2022-10-27,medium,43.62
CUST001564,PTY001564,CN-0001564,small_business,lapsed,2019-03-22,very_high,42.45
CUST001565,PTY001565,CN-0001565,affluent,active,2024-04-18,medium,98.39
CUST001566,PTY001566,CN-0001566,small_business,lapsed,2020-12-16,low,11.58
CUST001567,PTY001567,CN-0001567,affluent,prospect,2021-05-30,very_high,78.02
CUST001568,PTY001568,CN-0001568,small_business,active,2021-11-04,very_high,86.28
CUST001569,PTY001569,CN-0001569,affluent,inactive,2024-03-03,medium,40.75
CUST001570,PTY001570,CN-0001570,retail,lapsed,2020-05-18,high,61.45
CUST001571,PTY001571,CN-0001571,retail,prospect,2019-05-24,high,45.15
CUST001572,PTY001572,CN-0001572,retail,inactive,2025-10-13,low,50.74
CUST001573,PTY001573,CN-0001573,affluent,lapsed,2024-05-01,low,80.33
CUST001574,PTY001574,CN-0001574,affluent,active,2021-03-16,low,71.47
CUST001575,PTY001575,CN-0001575,small_business,inactive,2023-01-30,medium,40.29
CUST001576,PTY001576,CN-0001576,affluent,inactive,2024-09-14,very_high,76.66
CUST001577,PTY001577,CN-0001577,small_business,former,2024-06-03,high,83.03
CUST001578,PTY001578,CN-0001578,affluent,former,2025-03-13,very_high,8.97
CUST001579,PTY001579,CN-0001579,small_business,active,2023-11-09,high,57.93
CUST001580,PTY001580,CN-0001580,affluent,active,2025-02-21,medium,33.04
CUST001581,PTY001581,CN-0001581,small_business,prospect,2019-02-26,high,56.95
CUST001582,PTY001582,CN-0001582,retail,active,2020-03-07,low,18.5
CUST001583,PTY001583,CN-0001583,small_business,former,2020-07-02,medium,77.63
CUST001584,PTY001584,CN-0001584,small_business,inactive,2022-10-27,low,40.78
CUST001585,PTY001585,CN-0001585,retail,inactive,2025-11-05,very_high,15.5
CUST001586,PTY001586,CN-0001586,retail,active,2025-03-07,very_high,97.23
CUST001587,PTY001587,CN-0001587,affluent,active,2018-05-06,medium,74.93
CUST001588,PTY001588,CN-0001588,affluent,lapsed,2021-06-21,medium,52.0
CUST001589,PTY001589,CN-0001589,small_business,lapsed,2020-06-21,high,65.02
CUST001590,PTY001590,CN-0001590,retail,lapsed,2023-11-01,low,83.6
CUST001591,PTY001591,CN-0001591,retail,active,2021-03-12,very_high,88.73
CUST001592,PTY001592,CN-0001592,retail,lapsed,2019-04-28,very_high,34.13
CUST001593,PTY001593,CN-0001593,retail,active,2024-02-28,high,54.45
CUST001594,PTY001594,CN-0001594,small_business,lapsed,2019-08-24,high,9.35
CUST001595,PTY001595,CN-0001595,small_business,inactive,2024-03-05,very_high,34.47
CUST001596,PTY001596,CN-0001596,retail,former,2025-01-25,medium,1.49
CUST001597,PTY001597,CN-0001597,small_business,prospect,2023-05-28,medium,76.65
CUST001598,PTY001598,CN-0001598,small_business,inactive,2023-12-05,high,98.05
CUST001599,PTY001599,CN-0001599,retail,active,2026-06-01,medium,77.72
CUST001600,PTY001600,CN-0001600,affluent,active,2022-06-21,medium,58.76
CUST001601,PTY001601,CN-0001601,small_business,former,2026-09-02,high,62.6
CUST001602,PTY001602,CN-0001602,retail,former,2018-06-16,medium,47.84
CUST001603,PTY001603,CN-0001603,retail,prospect,2020-07-05,very_high,60.04
CUST001604,PTY001604,CN-0001604,retail,prospect,2022-05-14,low,83.37
CUST001605,PTY001605,CN-0001605,small_business,inactive,2026-07-24,medium,7.51
CUST001606,PTY001606,CN-0001606,retail,former,2025-06-30,high,82.36
CUST001607,PTY001607,CN-0001607,retail,prospect,2018-04-15,very_high,52.78
CUST001608,PTY001608,CN-0001608,affluent,active,2024-11-12,low,29.3
CUST001609,PTY001609,CN-0001609,retail,former,2024-10-20,high,5.43
CUST001610,PTY001610,CN-0001610,retail,former,2022-07-29,medium,87.18
CUST001611,PTY001611,CN-0001611,affluent,active,2022-12-21,medium,5.03
CUST001612,PTY001612,CN-0001612,retail,lapsed,2022-02-17,high,27.01
CUST001613,PTY001613,CN-0001613,small_business,active,2023-07-22,high,39.07
CUST001614,PTY001614,CN-0001614,affluent,active,2018-08-27,medium,72.6
CUST001615,PTY001615,CN-0001615,small_business,lapsed,2026-07-23,medium,59.63
CUST001616,PTY001616,CN-0001616,retail,inactive,2021-11-12,low,74.59
CUST001617,PTY001617,CN-0001617,affluent,lapsed,2023-07-09,very_high,92.28
CUST001618,PTY001618,CN-0001618,retail,inactive,2018-07-15,low,76.91
CUST001619,PTY001619,CN-0001619,retail,active,2020-12-15,high,6.72
CUST001620,PTY001620,CN-0001620,retail,active,2020-03-10,very_high,23.21
CUST001621,PTY001621,CN-0001621,small_business,active,2019-06-28,medium,20.26
CUST001622,PTY001622,CN-0001622,retail,active,2022-07-02,low,46.43
CUST001623,PTY001623,CN-0001623,retail,lapsed,2020-04-19,low,7.86
CUST001624,PTY001624,CN-0001624,retail,active,2019-11-01,low,21.89
CUST001625,PTY001625,CN-0001625,retail,former,2022-09-25,high,13.24
CUST001626,PTY001626,CN-0001626,affluent,inactive,2023-07-24,high,37.6
CUST001627,PTY001627,CN-0001627,retail,active,2020-02-19,low,89.14
CUST001628,PTY001628,CN-0001628,small_business,active,2024-02-12,high,59.26
CUST001629,PTY001629,CN-0001629,retail,former,2026-02-21,high,4.78
CUST001630,PTY001630,CN-0001630,small_business,inactive,2022-06-09,low,97.31
CUST001631,PTY001631,CN-0001631,small_business,active,2019-01-23,high,99.49
CUST001632,PTY001632,CN-0001632,small_business,active,2020-08-26,high,83.2
CUST001633,PTY001633,CN-0001633,small_business,inactive,2022-06-20,low,92.77
CUST001634,PTY001634,CN-0001634,affluent,former,2023-03-13,very_high,66.73
CUST001635,PTY001635,CN-0001635,retail,prospect,2019-11-29,low,83.4
CUST001636,PTY001636,CN-0001636,retail,active,2025-03-02,medium,10.23
CUST001637,PTY001637,CN-0001637,small_business,inactive,2020-03-03,very_high,17.16
CUST001638,PTY001638,CN-0001638,small_business,lapsed,2024-02-15,very_high,78.44
CUST001639,PTY001639,CN-0001639,affluent,active,2025-09-14,medium,75.79
CUST001640,PTY001640,CN-0001640,affluent,active,2020-08-06,low,84.81
CUST001641,PTY001641,CN-0001641,affluent,lapsed,2019-12-27,high,40.84
CUST001642,PTY001642,CN-0001642,retail,inactive,2021-10-18,very_high,95.98
CUST001643,PTY001643,CN-0001643,small_business,former,2018-04-04,very_high,40.28
CUST001644,PTY001644,CN-0001644,small_business,active,2019-05-03,low,40.27
CUST001645,PTY001645,CN-0001645,retail,active,2023-07-27,medium,86.01
CUST001646,PTY001646,CN-0001646,small_business,former,2018-03-05,low,37.61
CUST001647,PTY001647,CN-0001647,retail,lapsed,2019-08-12,medium,18.04
CUST001648,PTY001648,CN-0001648,small_business,active,2025-01-21,medium,8.62
CUST001649,PTY001649,CN-0001649,affluent,former,2022-05-31,high,1.48
CUST001650,PTY001650,CN-0001650,affluent,active,2021-10-04,low,68.67
CUST001651,PTY001651,CN-0001651,affluent,active,2022-07-17,low,52.28
CUST001652,PTY001652,CN-0001652,retail,prospect,2026-08-21,medium,32.74
CUST001653,PTY001653,CN-0001653,small_business,former,2022-06-18,low,55.75
CUST001654,PTY001654,CN-0001654,affluent,active,2023-12-29,medium,43.0
CUST001655,PTY001655,CN-0001655,affluent,active,2024-10-30,low,95.31
CUST001656,PTY001656,CN-0001656,retail,former,2019-06-04,high,79.84
CUST001657,PTY001657,CN-0001657,affluent,lapsed,2024-10-14,medium,66.23
CUST001658,PTY001658,CN-0001658,small_business,lapsed,2024-01-31,high,50.74
CUST001659,PTY001659,CN-0001659,affluent,active,2021-04-10,high,88.25
CUST001660,PTY001660,CN-0001660,affluent,inactive,2021-10-15,low,64.73
CUST001661,PTY001661,CN-0001661,small_business,active,2021-03-07,very_high,96.24
CUST001662,PTY001662,CN-0001662,retail,lapsed,2026-06-04,very_high,9.17
CUST001663,PTY001663,CN-0001663,retail,inactive,2020-01-04,very_high,44.76
CUST001664,PTY001664,CN-0001664,retail,inactive,2023-05-11,medium,2.62
CUST001665,PTY001665,CN-0001665,small_business,active,2024-11-26,very_high,78.02
CUST001666,PTY001666,CN-0001666,retail,lapsed,2024-11-20,very_high,49.49
CUST001667,PTY001667,CN-0001667,small_business,active,2023-12-20,medium,85.7
CUST001668,PTY001668,CN-0001668,small_business,inactive,2024-06-11,very_high,71.85
CUST001669,PTY001669,CN-0001669,retail,active,2019-09-23,medium,49.39
CUST001670,PTY001670,CN-0001670,retail,former,2026-05-30,high,68.16
CUST001671,PTY001671,CN-0001671,small_business,lapsed,2018-01-03,medium,68.23
CUST001672,PTY001672,CN-0001672,small_business,prospect,2020-08-30,high,88.3
CUST001673,PTY001673,CN-0001673,small_business,former,2025-06-10,very_high,38.09
CUST001674,PTY001674,CN-0001674,small_business,lapsed,2024-12-12,very_high,56.92
CUST001675,PTY001675,CN-0001675,affluent,prospect,2018-05-06,medium,27.96
CUST001676,PTY001676,CN-0001676,retail,former,2024-01-29,high,85.25
CUST001677,PTY001677,CN-0001677,small_business,active,2021-01-04,very_high,46.07
CUST001678,PTY001678,CN-0001678,retail,active,2022-06-03,high,82.65
CUST001679,PTY001679,CN-0001679,small_business,active,2024-11-09,medium,63.39
CUST001680,PTY001680,CN-0001680,affluent,inactive,2019-06-30,high,78.95
CUST001681,PTY001681,CN-0001681,retail,inactive,2020-06-29,low,34.02
CUST001682,PTY001682,CN-0001682,small_business,prospect,2019-11-05,high,18.66
CUST001683,PTY001683,CN-0001683,small_business,lapsed,2026-07-17,very_high,17.79
CUST001684,PTY001684,CN-0001684,small_business,active,2021-11-07,medium,40.37
CUST001685,PTY001685,CN-0001685,retail,former,2024-08-10,medium,34.33
CUST001686,PTY001686,CN-0001686,affluent,active,2024-10-26,low,22.36
CUST001687,PTY001687,CN-0001687,retail,inactive,2023-08-29,very_high,36.92
CUST001688,PTY001688,CN-0001688,affluent,active,2018-04-16,high,95.63
CUST001689,PTY001689,CN-0001689,small_business,prospect,2024-04-07,high,75.6
CUST001690,PTY001690,CN-0001690,affluent,active,2026-09-02,high,22.42
CUST001691,PTY001691,CN-0001691,small_business,lapsed,2020-03-06,low,87.78
CUST001692,PTY001692,CN-0001692,affluent,prospect,2023-09-30,low,91.39
CUST001693,PTY001693,CN-0001693,small_business,active,2024-09-19,low,19.91
CUST001694,PTY001694,CN-0001694,small_business,inactive,2025-11-26,medium,26.91
CUST001695,PTY001695,CN-0001695,retail,former,2018-06-04,high,21.02
CUST001696,PTY001696,CN-0001696,retail,active,2021-06-13,high,45.37
CUST001697,PTY001697,CN-0001697,small_business,active,2021-08-31,low,21.66
CUST001698,PTY001698,CN-0001698,small_business,inactive,2019-12-12,medium,81.75
CUST001699,PTY001699,CN-0001699,affluent,former,2023-05-04,low,23.81
CUST001700,PTY001700,CN-0001700,small_business,former,2022-10-12,high,4.58
CUST001701,PTY001701,CN-0001701,small_business,former,2024-12-17,medium,69.71
CUST001702,PTY001702,CN-0001702,retail,active,2025-03-20,low,3.52
CUST001703,PTY001703,CN-0001703,retail,active,2021-12-20,very_high,61.57
CUST001704,PTY001704,CN-0001704,affluent,inactive,2019-05-15,very_high,56.15
CUST001705,PTY001705,CN-0001705,affluent,former,2024-10-14,medium,75.78
CUST001706,PTY001706,CN-0001706,small_business,active,2018-01-28,medium,23.5
CUST001707,PTY001707,CN-0001707,affluent,inactive,2023-10-08,high,40.22
CUST001708,PTY001708,CN-0001708,small_business,inactive,2019-07-15,very_high,41.61
CUST001709,PTY001709,CN-0001709,affluent,inactive,2021-08-21,very_high,79.23
CUST001710,PTY001710,CN-0001710,affluent,active,2023-01-17,high,29.87
CUST001711,PTY001711,CN-0001711,retail,active,2019-11-18,high,51.02
CUST001712,PTY001712,CN-0001712,affluent,active,2026-04-23,high,73.29
CUST001713,PTY001713,CN-0001713,small_business,former,2022-09-25,high,78.76
CUST001714,PTY001714,CN-0001714,small_business,active,2024-11-18,medium,30.45
CUST001715,PTY001715,CN-0001715,retail,prospect,2024-11-21,very_high,98.54
CUST001716,PTY001716,CN-0001716,retail,former,2018-04-15,low,88.25
CUST001717,PTY001717,CN-0001717,retail,former,2018-06-25,high,37.25
CUST001718,PTY001718,CN-0001718,affluent,lapsed,2020-07-29,medium,7.27
CUST001719,PTY001719,CN-0001719,retail,lapsed,2020-08-26,low,79.93
CUST001720,PTY001720,CN-0001720,retail,active,2021-07-23,low,32.4
CUST001721,PTY001721,CN-0001721,retail,inactive,2023-05-23,medium,63.34
CUST001722,PTY001722,CN-0001722,affluent,lapsed,2022-10-10,medium,68.2
CUST001723,PTY001723,CN-0001723,small_business,active,2021-03-08,very_high,38.58
CUST001724,PTY001724,CN-0001724,affluent,active,2024-12-14,medium,49.96
CUST001725,PTY001725,CN-0001725,retail,active,2025-09-28,very_high,89.89
CUST001726,PTY001726,CN-0001726,affluent,active,2022-12-12,very_high,14.97
CUST001727,PTY001727,CN-0001727,retail,active,2018-01-27,medium,91.92
CUST001728,PTY001728,CN-0001728,retail,prospect,2021-03-25,medium,80.54
CUST001729,PTY001729,CN-0001729,affluent,inactive,2019-12-10,low,73.7
CUST001730,PTY001730,CN-0001730,retail,active,2020-02-19,medium,60.66
CUST001731,PTY001731,CN-0001731,retail,lapsed,2025-03-27,high,62.41
CUST001732,PTY001732,CN-0001732,small_business,lapsed,2018-08-30,low,88.55
CUST001733,PTY001733,CN-0001733,retail,active,2023-10-30,high,48.95
CUST001734,PTY001734,CN-0001734,affluent,inactive,2020-04-15,very_high,34.5
CUST001735,PTY001735,CN-0001735,retail,former,2023-12-22,very_high,40.4
CUST001736,PTY001736,CN-0001736,retail,lapsed,2025-12-02,very_high,17.69
CUST001737,PTY001737,CN-0001737,small_business,active,2020-01-11,very_high,32.08
CUST001738,PTY001738,CN-0001738,small_business,inactive,2026-05-18,high,48.38
CUST001739,PTY001739,CN-0001739,retail,former,2022-04-02,low,32.54
CUST001740,PTY001740,CN-0001740,retail,inactive,2024-12-08,very_high,38.24
CUST001741,PTY001741,CN-0001741,affluent,active,2025-05-17,low,39.25
CUST001742,PTY001742,CN-0001742,retail,lapsed,2024-02-29,very_high,96.04
CUST001743,PTY001743,CN-0001743,small_business,active,2025-03-28,low,45.72
CUST001744,PTY001744,CN-0001744,retail,active,2020-05-30,medium,92.58
CUST001745,PTY001745,CN-0001745,affluent,active,2025-05-08,low,32.58
CUST001746,PTY001746,CN-0001746,retail,inactive,2019-12-08,medium,74.1
CUST001747,PTY001747,CN-0001747,retail,lapsed,2019-12-03,very_high,79.94
CUST001748,PTY001748,CN-0001748,affluent,prospect,2025-05-16,high,23.63
CUST001749,PTY001749,CN-0001749,retail,active,2024-03-05,medium,32.51
CUST001750,PTY001750,CN-0001750,affluent,active,2022-01-29,medium,32.02
CUST001751,PTY001751,CN-0001751,small_business,active,2021-06-15,low,48.91
CUST001752,PTY001752,CN-0001752,small_business,lapsed,2025-03-25,very_high,21.89
CUST001753,PTY001753,CN-0001753,small_business,active,2022-05-30,low,57.1
CUST001754,PTY001754,CN-0001754,small_business,inactive,2020-12-05,very_high,61.12
CUST001755,PTY001755,CN-0001755,retail,active,2026-02-17,very_high,60.36
CUST001756,PTY001756,CN-0001756,small_business,prospect,2024-07-12,medium,57.1
CUST001757,PTY001757,CN-0001757,retail,active,2022-12-08,low,33.11
CUST001758,PTY001758,CN-0001758,affluent,active,2025-06-23,very_high,71.88
CUST001759,PTY001759,CN-0001759,small_business,lapsed,2020-05-27,high,13.83
CUST001760,PTY001760,CN-0001760,affluent,active,2024-04-05,medium,14.92
CUST001761,PTY001761,CN-0001761,retail,active,2025-07-28,high,39.71
CUST001762,PTY001762,CN-0001762,retail,inactive,2026-02-22,medium,17.33
CUST001763,PTY001763,CN-0001763,small_business,former,2018-07-02,very_high,60.66
CUST001764,PTY001764,CN-0001764,small_business,inactive,2025-09-10,very_high,34.93
CUST001765,PTY001765,CN-0001765,affluent,lapsed,2020-05-12,high,66.73
CUST001766,PTY001766,CN-0001766,retail,active,2022-01-03,very_high,92.43
CUST001767,PTY001767,CN-0001767,retail,active,2026-06-02,low,27.81
CUST001768,PTY001768,CN-0001768,retail,active,2021-05-22,low,81.47
CUST001769,PTY001769,CN-0001769,small_business,prospect,2024-06-08,very_high,6.64
CUST001770,PTY001770,CN-0001770,retail,former,2019-10-30,low,2.28
CUST001771,PTY001771,CN-0001771,affluent,inactive,2019-09-04,medium,77.92
CUST001772,PTY001772,CN-0001772,affluent,lapsed,2026-03-09,high,66.4
CUST001773,PTY001773,CN-0001773,small_business,active,2019-01-14,very_high,27.72
CUST001774,PTY001774,CN-0001774,affluent,active,2026-03-30,low,61.21
CUST001775,PTY001775,CN-0001775,retail,inactive,2020-03-15,very_high,99.22
CUST001776,PTY001776,CN-0001776,retail,lapsed,2018-12-05,very_high,9.29
CUST001777,PTY001777,CN-0001777,retail,active,2019-04-17,low,63.33
CUST001778,PTY001778,CN-0001778,retail,prospect,2026-03-17,medium,15.74
CUST001779,PTY001779,CN-0001779,affluent,active,2025-09-14,very_high,46.66
CUST001780,PTY001780,CN-0001780,retail,prospect,2025-05-28,low,60.58
CUST001781,PTY001781,CN-0001781,affluent,prospect,2026-05-14,low,11.27
CUST001782,PTY001782,CN-0001782,retail,active,2022-07-08,medium,4.19
CUST001783,PTY001783,CN-0001783,affluent,prospect,2024-12-04,very_high,13.6
CUST001784,PTY001784,CN-0001784,affluent,lapsed,2021-11-05,very_high,93.24
CUST001785,PTY001785,CN-0001785,affluent,lapsed,2020-03-21,medium,3.7
CUST001786,PTY001786,CN-0001786,retail,active,2024-05-31,very_high,33.73
CUST001787,PTY001787,CN-0001787,retail,lapsed,2024-01-06,medium,45.53
CUST001788,PTY001788,CN-0001788,small_business,former,2025-06-17,low,14.96
CUST001789,PTY001789,CN-0001789,retail,prospect,2021-03-01,low,28.45
CUST001790,PTY001790,CN-0001790,affluent,active,2024-04-06,medium,92.19
CUST001791,PTY001791,CN-0001791,affluent,lapsed,2018-02-05,high,98.2
CUST001792,PTY001792,CN-0001792,affluent,active,2019-09-07,very_high,12.88
CUST001793,PTY001793,CN-0001793,retail,lapsed,2024-08-19,high,99.46
CUST001794,PTY001794,CN-0001794,affluent,active,2021-12-04,low,81.05
CUST001795,PTY001795,CN-0001795,affluent,prospect,2026-04-03,medium,71.57
CUST001796,PTY001796,CN-0001796,affluent,active,2024-05-19,medium,77.92
CUST001797,PTY001797,CN-0001797,small_business,former,2024-07-17,low,77.64
CUST001798,PTY001798,CN-0001798,small_business,prospect,2020-07-26,medium,27.55
CUST001799,PTY001799,CN-0001799,small_business,inactive,2022-10-03,high,53.96
CUST001800,PTY001800,CN-0001800,small_business,former,2022-05-06,medium,21.2
CUST001801,PTY001801,CN-0001801,small_business,prospect,2018-04-21,medium,2.56
CUST001802,PTY001802,CN-0001802,retail,active,2023-05-28,low,36.18
CUST001803,PTY001803,CN-0001803,small_business,active,2019-10-26,very_high,27.79
CUST001804,PTY001804,CN-0001804,affluent,inactive,2019-11-13,low,44.31
CUST001805,PTY001805,CN-0001805,retail,active,2026-02-03,very_high,86.2
CUST001806,PTY001806,CN-0001806,small_business,active,2018-04-02,medium,12.65
CUST001807,PTY001807,CN-0001807,affluent,lapsed,2021-02-26,low,34.24
CUST001808,PTY001808,CN-0001808,retail,former,2020-12-05,low,22.18
CUST001809,PTY001809,CN-0001809,small_business,prospect,2025-12-19,medium,5.86
CUST001810,PTY001810,CN-0001810,affluent,active,2018-03-11,very_high,95.66
CUST001811,PTY001811,CN-0001811,affluent,active,2024-04-30,high,42.32
CUST001812,PTY001812,CN-0001812,affluent,prospect,2021-06-16,high,44.28
CUST001813,PTY001813,CN-0001813,small_business,active,2025-08-05,high,42.52
CUST001814,PTY001814,CN-0001814,retail,active,2019-12-08,very_high,84.16
CUST001815,PTY001815,CN-0001815,small_business,active,2019-07-15,very_high,0.27
CUST001816,PTY001816,CN-0001816,affluent,prospect,2018-06-30,low,79.73
CUST001817,PTY001817,CN-0001817,retail,prospect,2023-10-08,medium,2.66
CUST001818,PTY001818,CN-0001818,small_business,inactive,2026-04-06,medium,10.04
CUST001819,PTY001819,CN-0001819,small_business,former,2022-06-21,low,48.9
CUST001820,PTY001820,CN-0001820,affluent,prospect,2022-10-02,low,51.69
CUST001821,PTY001821,CN-0001821,affluent,active,2026-02-24,very_high,10.74
CUST001822,PTY001822,CN-0001822,retail,former,2024-08-24,low,97.42
CUST001823,PTY001823,CN-0001823,retail,active,2025-11-24,low,19.55
CUST001824,PTY001824,CN-0001824,small_business,active,2018-06-23,low,24.65
CUST001825,PTY001825,CN-0001825,affluent,active,2023-03-08,high,7.97
CUST001826,PTY001826,CN-0001826,small_business,active,2018-07-15,high,49.2
CUST001827,PTY001827,CN-0001827,small_business,active,2020-03-28,low,70.41
CUST001828,PTY001828,CN-0001828,retail,inactive,2018-04-12,very_high,18.17
CUST001829,PTY001829,CN-0001829,affluent,lapsed,2023-12-18,high,44.68
CUST001830,PTY001830,CN-0001830,small_business,inactive,2025-11-21,high,49.62
CUST001831,PTY001831,CN-0001831,retail,inactive,2020-04-17,low,33.38
CUST001832,PTY001832,CN-0001832,retail,inactive,2025-07-11,very_high,15.66
CUST001833,PTY001833,CN-0001833,small_business,former,2022-12-06,very_high,88.96
CUST001834,PTY001834,CN-0001834,retail,prospect,2022-11-25,high,58.51
CUST001835,PTY001835,CN-0001835,retail,former,2023-11-19,medium,69.95
CUST001836,PTY001836,CN-0001836,retail,prospect,2023-04-30,low,97.98
CUST001837,PTY001837,CN-0001837,small_business,active,2022-07-09,low,31.06
CUST001838,PTY001838,CN-0001838,affluent,inactive,2021-09-15,low,75.51
CUST001839,PTY001839,CN-0001839,retail,active,2019-04-23,very_high,66.65
CUST001840,PTY001840,CN-0001840,small_business,prospect,2019-05-25,low,74.9
CUST001841,PTY001841,CN-0001841,affluent,active,2020-12-11,low,82.05
CUST001842,PTY001842,CN-0001842,affluent,former,2024-04-24,high,57.42
CUST001843,PTY001843,CN-0001843,retail,lapsed,2021-07-14,low,31.67
CUST001844,PTY001844,CN-0001844,retail,active,2019-12-07,low,80.78
CUST001845,PTY001845,CN-0001845,affluent,former,2021-05-04,very_high,92.93
CUST001846,PTY001846,CN-0001846,affluent,inactive,2022-06-06,very_high,63.89
CUST001847,PTY001847,CN-0001847,retail,active,2025-04-08,very_high,59.03
CUST001848,PTY001848,CN-0001848,retail,former,2025-09-07,very_high,38.22
CUST001849,PTY001849,CN-0001849,affluent,active,2024-03-29,low,41.09
CUST001850,PTY001850,CN-0001850,retail,active,2022-04-14,medium,48.5
CUST001851,PTY001851,CN-0001851,small_business,active,2018-07-21,high,24.82
CUST001852,PTY001852,CN-0001852,small_business,active,2019-12-15,medium,21.09
CUST001853,PTY001853,CN-0001853,affluent,lapsed,2025-09-22,high,58.29
CUST001854,PTY001854,CN-0001854,affluent,active,2019-04-12,low,6.7
CUST001855,PTY001855,CN-0001855,retail,active,2020-12-17,medium,2.63
CUST001856,PTY001856,CN-0001856,retail,inactive,2023-03-29,very_high,81.98
CUST001857,PTY001857,CN-0001857,retail,prospect,2024-01-24,low,41.07
CUST001858,PTY001858,CN-0001858,affluent,lapsed,2019-10-11,low,63.08
CUST001859,PTY001859,CN-0001859,affluent,active,2025-05-29,low,84.96
CUST001860,PTY001860,CN-0001860,retail,active,2024-02-14,high,68.43
CUST001861,PTY001861,CN-0001861,affluent,inactive,2026-06-03,very_high,90.08
CUST001862,PTY001862,CN-0001862,retail,active,2019-04-04,low,73.1
CUST001863,PTY001863,CN-0001863,affluent,lapsed,2024-01-11,high,92.78
CUST001864,PTY001864,CN-0001864,retail,former,2023-09-13,low,97.05
CUST001865,PTY001865,CN-0001865,small_business,active,2022-06-23,medium,16.07
CUST001866,PTY001866,CN-0001866,small_business,active,2019-05-08,medium,57.11
CUST001867,PTY001867,CN-0001867,affluent,active,2022-12-09,very_high,93.25
CUST001868,PTY001868,CN-0001868,retail,prospect,2024-01-18,low,25.95
CUST001869,PTY001869,CN-0001869,small_business,active,2018-07-11,high,47.33
CUST001870,PTY001870,CN-0001870,retail,former,2019-01-19,medium,38.02
CUST001871,PTY001871,CN-0001871,small_business,inactive,2018-12-15,very_high,9.15
CUST001872,PTY001872,CN-0001872,affluent,prospect,2025-04-08,medium,51.09
CUST001873,PTY001873,CN-0001873,affluent,former,2023-08-09,high,79.15
CUST001874,PTY001874,CN-0001874,affluent,active,2024-09-23,medium,46.34
CUST001875,PTY001875,CN-0001875,small_business,inactive,2026-06-08,very_high,66.46
CUST001876,PTY001876,CN-0001876,small_business,prospect,2018-07-24,high,22.93
CUST001877,PTY001877,CN-0001877,small_business,former,2019-04-28,low,79.01
CUST001878,PTY001878,CN-0001878,retail,active,2022-10-01,very_high,4.4
CUST001879,PTY001879,CN-0001879,affluent,active,2024-03-10,medium,48.75
CUST001880,PTY001880,CN-0001880,affluent,inactive,2025-07-24,medium,33.33
CUST001881,PTY001881,CN-0001881,small_business,prospect,2022-03-26,very_high,58.1
CUST001882,PTY001882,CN-0001882,affluent,lapsed,2025-05-21,very_high,18.17
CUST001883,PTY001883,CN-0001883,retail,inactive,2025-03-06,very_high,70.2
CUST001884,PTY001884,CN-0001884,affluent,active,2021-03-05,very_high,54.68
CUST001885,PTY001885,CN-0001885,small_business,inactive,2026-01-29,very_high,2.56
CUST001886,PTY001886,CN-0001886,affluent,active,2023-01-30,medium,6.48
CUST001887,PTY001887,CN-0001887,retail,inactive,2018-02-17,high,10.22
CUST001888,PTY001888,CN-0001888,retail,active,2019-08-07,medium,82.55
CUST001889,PTY001889,CN-0001889,small_business,inactive,2022-07-24,medium,0.03
CUST001890,PTY001890,CN-0001890,retail,active,2024-06-08,very_high,53.27
CUST001891,PTY001891,CN-0001891,retail,inactive,2023-08-18,low,88.03
CUST001892,PTY001892,CN-0001892,small_business,active,2019-07-18,very_high,15.13
CUST001893,PTY001893,CN-0001893,affluent,active,2026-06-11,low,42.49
CUST001894,PTY001894,CN-0001894,retail,prospect,2024-12-27,high,7.39
CUST001895,PTY001895,CN-0001895,affluent,former,2019-04-08,medium,35.77
CUST001896,PTY001896,CN-0001896,affluent,lapsed,2026-06-22,medium,99.86
CUST001897,PTY001897,CN-0001897,affluent,active,2020-04-17,low,23.26
CUST001898,PTY001898,CN-0001898,affluent,active,2023-05-01,low,34.17
CUST001899,PTY001899,CN-0001899,retail,active,2020-10-15,high,55.63
CUST001900,PTY001900,CN-0001900,small_business,active,2019-01-22,low,91.0
CUST001901,PTY001901,CN-0001901,small_business,former,2022-01-15,high,49.56
CUST001902,PTY001902,CN-0001902,retail,inactive,2020-12-09,low,42.89
CUST001903,PTY001903,CN-0001903,retail,former,2025-04-17,medium,69.7
CUST001904,PTY001904,CN-0001904,retail,former,2021-01-25,very_high,40.21
CUST001905,PTY001905,CN-0001905,small_business,former,2018-09-16,very_high,89.66
CUST001906,PTY001906,CN-0001906,retail,former,2026-05-20,medium,70.02
CUST001907,PTY001907,CN-0001907,affluent,inactive,2024-09-01,low,54.67
CUST001908,PTY001908,CN-0001908,retail,former,2026-03-07,very_high,46.17
CUST001909,PTY001909,CN-0001909,retail,prospect,2024-03-07,high,7.96
CUST001910,PTY001910,CN-0001910,small_business,inactive,2021-01-14,low,78.73
CUST001911,PTY001911,CN-0001911,affluent,active,2021-08-30,very_high,62.66
CUST001912,PTY001912,CN-0001912,affluent,active,2020-12-21,medium,69.89
CUST001913,PTY001913,CN-0001913,small_business,lapsed,2024-07-10,very_high,31.16
CUST001914,PTY001914,CN-0001914,small_business,inactive,2023-09-07,high,68.87
CUST001915,PTY001915,CN-0001915,small_business,active,2019-01-05,high,97.89
CUST001916,PTY001916,CN-0001916,retail,prospect,2025-05-26,low,61.37
CUST001917,PTY001917,CN-0001917,affluent,lapsed,2026-02-06,medium,5.86
CUST001918,PTY001918,CN-0001918,small_business,active,2025-09-16,medium,69.7
CUST001919,PTY001919,CN-0001919,affluent,prospect,2022-04-12,high,11.34
CUST001920,PTY001920,CN-0001920,retail,active,2023-04-28,low,22.71
CUST001921,PTY001921,CN-0001921,affluent,former,2024-09-07,very_high,20.71
CUST001922,PTY001922,CN-0001922,retail,active,2021-07-11,medium,10.0
CUST001923,PTY001923,CN-0001923,small_business,active,2024-06-30,high,59.95
CUST001924,PTY001924,CN-0001924,small_business,prospect,2022-04-02,low,2.48
CUST001925,PTY001925,CN-0001925,affluent,inactive,2025-05-11,high,80.7
CUST001926,PTY001926,CN-0001926,affluent,inactive,2021-05-08,high,17.89
CUST001927,PTY001927,CN-0001927,small_business,active,2021-04-16,high,78.55
CUST001928,PTY001928,CN-0001928,affluent,inactive,2026-04-22,very_high,43.13
CUST001929,PTY001929,CN-0001929,retail,active,2022-08-09,very_high,26.21
CUST001930,PTY001930,CN-0001930,small_business,active,2018-02-28,very_high,86.52
CUST001931,PTY001931,CN-0001931,small_business,active,2023-07-01,low,57.12
CUST001932,PTY001932,CN-0001932,small_business,active,2021-06-17,medium,78.13
CUST001933,PTY001933,CN-0001933,retail,active,2024-10-28,medium,24.25
CUST001934,PTY001934,CN-0001934,small_business,former,2022-02-22,very_high,87.59
CUST001935,PTY001935,CN-0001935,affluent,active,2019-06-20,very_high,33.65
CUST001936,PTY001936,CN-0001936,retail,prospect,2021-03-30,very_high,63.26
CUST001937,PTY001937,CN-0001937,affluent,active,2024-10-08,medium,92.54
CUST001938,PTY001938,CN-0001938,affluent,lapsed,2018-02-07,very_high,16.03
CUST001939,PTY001939,CN-0001939,retail,active,2020-02-04,medium,29.41
CUST001940,PTY001940,CN-0001940,small_business,active,2026-07-19,very_high,69.39
CUST001941,PTY001941,CN-0001941,small_business,active,2023-04-26,medium,76.38
CUST001942,PTY001942,CN-0001942,retail,active,2024-11-16,low,10.37
CUST001943,PTY001943,CN-0001943,small_business,lapsed,2019-12-26,low,9.23
CUST001944,PTY001944,CN-0001944,small_business,inactive,2023-08-24,very_high,99.34
CUST001945,PTY001945,CN-0001945,affluent,prospect,2018-01-26,low,47.46
CUST001946,PTY001946,CN-0001946,small_business,active,2023-10-16,very_high,99.16
CUST001947,PTY001947,CN-0001947,retail,former,2019-06-08,low,17.29
CUST001948,PTY001948,CN-0001948,small_business,active,2024-09-05,low,93.1
CUST001949,PTY001949,CN-0001949,small_business,active,2021-01-24,very_high,79.25
CUST001950,PTY001950,CN-0001950,affluent,former,2019-11-04,very_high,7.61
CUST001951,PTY001951,CN-0001951,retail,active,2026-03-11,low,20.39
CUST001952,PTY001952,CN-0001952,retail,lapsed,2020-10-26,very_high,34.22
CUST001953,PTY001953,CN-0001953,small_business,lapsed,2022-10-28,very_high,86.64
CUST001954,PTY001954,CN-0001954,retail,active,2023-12-21,high,97.37
CUST001955,PTY001955,CN-0001955,retail,active,2025-02-16,high,94.8
CUST001956,PTY001956,CN-0001956,small_business,active,2019-12-18,low,67.17
CUST001957,PTY001957,CN-0001957,retail,inactive,2025-10-16,high,87.86
CUST001958,PTY001958,CN-0001958,small_business,prospect,2022-01-22,low,67.58
CUST001959,PTY001959,CN-0001959,small_business,active,2022-10-25,high,28.52
CUST001960,PTY001960,CN-0001960,small_business,lapsed,2023-03-29,medium,86.99
CUST001961,PTY001961,CN-0001961,retail,active,2018-11-11,medium,15.42
CUST001962,PTY001962,CN-0001962,small_business,active,2025-12-30,very_high,68.22
CUST001963,PTY001963,CN-0001963,affluent,former,2024-12-17,low,45.08
CUST001964,PTY001964,CN-0001964,small_business,former,2026-09-04,medium,24.29
CUST001965,PTY001965,CN-0001965,affluent,lapsed,2021-04-17,medium,48.93
CUST001966,PTY001966,CN-0001966,retail,former,2018-05-06,very_high,68.51
CUST001967,PTY001967,CN-0001967,small_business,active,2018-10-26,low,65.51
CUST001968,PTY001968,CN-0001968,retail,inactive,2018-09-06,very_high,96.23
CUST001969,PTY001969,CN-0001969,small_business,active,2018-06-20,medium,3.32
CUST001970,PTY001970,CN-0001970,retail,active,2024-10-29,medium,26.68
CUST001971,PTY001971,CN-0001971,small_business,former,2020-07-28,medium,88.11
CUST001972,PTY001972,CN-0001972,retail,former,2018-02-18,low,51.47
CUST001973,PTY001973,CN-0001973,small_business,active,2026-01-08,very_high,50.52
CUST001974,PTY001974,CN-0001974,retail,former,2023-10-08,very_high,34.53
CUST001975,PTY001975,CN-0001975,small_business,active,2019-12-07,high,91.68
CUST001976,PTY001976,CN-0001976,small_business,active,2022-01-12,very_high,5.35
CUST001977,PTY001977,CN-0001977,retail,former,2023-12-18,high,68.84
CUST001978,PTY001978,CN-0001978,affluent,inactive,2023-05-01,medium,45.03
CUST001979,PTY001979,CN-0001979,retail,prospect,2024-03-12,high,24.09
CUST001980,PTY001980,CN-0001980,retail,active,2024-09-06,very_high,96.03
CUST001981,PTY001981,CN-0001981,affluent,active,2023-10-01,very_high,80.39
CUST001982,PTY001982,CN-0001982,affluent,active,2024-05-15,medium,88.48
CUST001983,PTY001983,CN-0001983,affluent,inactive,2026-07-28,low,30.61
CUST001984,PTY001984,CN-0001984,small_business,inactive,2021-07-12,medium,83.75
CUST001985,PTY001985,CN-0001985,small_business,former,2019-03-05,very_high,68.1
CUST001986,PTY001986,CN-0001986,small_business,active,2020-11-05,low,81.02
CUST001987,PTY001987,CN-0001987,affluent,inactive,2026-03-05,very_high,71.05
CUST001988,PTY001988,CN-0001988,small_business,active,2019-12-18,medium,83.16
CUST001989,PTY001989,CN-0001989,retail,inactive,2025-04-11,very_high,16.27
CUST001990,PTY001990,CN-0001990,retail,inactive,2020-08-22,low,15.09
CUST001991,PTY001991,CN-0001991,affluent,lapsed,2019-04-07,very_high,3.01
CUST001992,PTY001992,CN-0001992,affluent,active,2019-10-06,medium,51.71
CUST001993,PTY001993,CN-0001993,retail,lapsed,2023-10-10,medium,16.78
CUST001994,PTY001994,CN-0001994,retail,former,2019-05-12,low,1.49
CUST001995,PTY001995,CN-0001995,retail,prospect,2020-07-31,low,6.3
CUST001996,PTY001996,CN-0001996,small_business,active,2023-11-09,very_high,37.94
CUST001997,PTY001997,CN-0001997,retail,inactive,2018-07-05,very_high,71.49
CUST001998,PTY001998,CN-0001998,retail,inactive,2019-05-14,low,81.78
CUST001999,PTY001999,CN-0001999,small_business,active,2020-02-15,low,28.88
CUST002000,PTY002000,CN-0002000,retail,inactive,2026-02-15,high,92.86
CUST002001,PTY002001,CN-0002001,retail,lapsed,2025-04-15,low,58.96
CUST002002,PTY002002,CN-0002002,retail,former,2026-06-20,very_high,27.64
CUST002003,PTY002003,CN-0002003,affluent,lapsed,2026-06-04,medium,19.5
CUST002004,PTY002004,CN-0002004,small_business,former,2021-06-21,high,83.21
CUST002005,PTY002005,CN-0002005,retail,prospect,2019-02-05,medium,73.33
CUST002006,PTY002006,CN-0002006,small_business,former,2018-03-11,very_high,91.6
CUST002007,PTY002007,CN-0002007,small_business,former,2018-01-15,high,94.35
CUST002008,PTY002008,CN-0002008,affluent,active,2026-04-29,very_high,83.41
CUST002009,PTY002009,CN-0002009,retail,lapsed,2021-09-19,low,43.59
CUST002010,PTY002010,CN-0002010,small_business,active,2025-06-30,high,9.2
CUST002011,PTY002011,CN-0002011,affluent,active,2018-02-23,high,29.91
CUST002012,PTY002012,CN-0002012,affluent,prospect,2018-12-21,medium,98.68
CUST002013,PTY002013,CN-0002013,small_business,inactive,2018-01-07,high,10.06
CUST002014,PTY002014,CN-0002014,affluent,active,2024-11-20,very_high,4.2
CUST002015,PTY002015,CN-0002015,retail,active,2024-11-24,medium,42.99
CUST002016,PTY002016,CN-0002016,retail,active,2024-02-24,medium,37.79
CUST002017,PTY002017,CN-0002017,affluent,inactive,2026-02-20,very_high,15.93
CUST002018,PTY002018,CN-0002018,small_business,former,2024-10-21,low,52.8
CUST002019,PTY002019,CN-0002019,small_business,inactive,2024-01-21,low,47.25
CUST002020,PTY002020,CN-0002020,affluent,lapsed,2025-08-25,very_high,78.16
CUST002021,PTY002021,CN-0002021,small_business,prospect,2018-10-25,high,80.29
CUST002022,PTY002022,CN-0002022,retail,active,2022-10-23,very_high,84.39
CUST002023,PTY002023,CN-0002023,small_business,active,2024-05-21,low,69.32
CUST002024,PTY002024,CN-0002024,retail,prospect,2020-08-27,low,13.27
CUST002025,PTY002025,CN-0002025,small_business,active,2025-11-13,medium,38.01
CUST002026,PTY002026,CN-0002026,retail,inactive,2021-05-24,low,76.11
CUST002027,PTY002027,CN-0002027,small_business,active,2024-05-30,low,78.4
CUST002028,PTY002028,CN-0002028,small_business,inactive,2022-01-19,high,97.15
CUST002029,PTY002029,CN-0002029,small_business,active,2019-04-28,very_high,29.08
CUST002030,PTY002030,CN-0002030,affluent,lapsed,2019-01-05,medium,48.83
CUST002031,PTY002031,CN-0002031,affluent,active,2022-04-27,low,9.66
CUST002032,PTY002032,CN-0002032,affluent,inactive,2025-07-19,medium,28.03
CUST002033,PTY002033,CN-0002033,affluent,inactive,2024-10-28,very_high,94.0
CUST002034,PTY002034,CN-0002034,small_business,active,2022-11-20,medium,14.09
CUST002035,PTY002035,CN-0002035,small_business,inactive,2023-05-10,low,44.93
CUST002036,PTY002036,CN-0002036,small_business,lapsed,2025-12-06,high,26.64
CUST002037,PTY002037,CN-0002037,retail,former,2019-06-25,high,68.1
CUST002038,PTY002038,CN-0002038,small_business,former,2022-03-08,low,31.9
CUST002039,PTY002039,CN-0002039,retail,prospect,2023-09-03,medium,12.63
CUST002040,PTY002040,CN-0002040,small_business,former,2022-02-12,low,71.03
CUST002041,PTY002041,CN-0002041,affluent,prospect,2018-03-15,low,63.21
CUST002042,PTY002042,CN-0002042,affluent,active,2020-06-18,very_high,27.51
CUST002043,PTY002043,CN-0002043,small_business,active,2018-08-05,medium,82.73
CUST002044,PTY002044,CN-0002044,small_business,active,2021-02-14,medium,91.95
CUST002045,PTY002045,CN-0002045,small_business,lapsed,2024-11-07,high,0.51
CUST002046,PTY002046,CN-0002046,small_business,inactive,2018-12-31,medium,16.09
CUST002047,PTY002047,CN-0002047,affluent,active,2020-12-08,medium,9.01
CUST002048,PTY002048,CN-0002048,retail,active,2022-09-16,high,0.62
CUST002049,PTY002049,CN-0002049,retail,former,2018-09-27,high,94.3
CUST002050,PTY002050,CN-0002050,affluent,former,2025-03-12,low,9.15
CUST002051,PTY002051,CN-0002051,small_business,prospect,2024-06-10,medium,84.38
CUST002052,PTY002052,CN-0002052,affluent,prospect,2019-03-24,high,18.59
CUST002053,PTY002053,CN-0002053,affluent,prospect,2018-11-28,high,22.74
CUST002054,PTY002054,CN-0002054,retail,former,2022-12-10,medium,19.96
CUST002055,PTY002055,CN-0002055,small_business,prospect,2018-05-15,very_high,59.36
CUST002056,PTY002056,CN-0002056,retail,prospect,2025-08-19,very_high,25.64
CUST002057,PTY002057,CN-0002057,affluent,prospect,2025-11-09,high,56.18
CUST002058,PTY002058,CN-0002058,affluent,active,2021-09-02,medium,81.07
CUST002059,PTY002059,CN-0002059,affluent,inactive,2019-07-31,very_high,41.32
CUST002060,PTY002060,CN-0002060,affluent,active,2024-03-24,very_high,34.46
CUST002061,PTY002061,CN-0002061,small_business,active,2024-09-03,very_high,76.6
CUST002062,PTY002062,CN-0002062,affluent,prospect,2022-08-21,medium,97.74
CUST002063,PTY002063,CN-0002063,small_business,former,2020-04-08,low,21.32
CUST002064,PTY002064,CN-0002064,affluent,former,2026-08-23,low,3.55
CUST002065,PTY002065,CN-0002065,retail,active,2021-09-23,high,77.47
CUST002066,PTY002066,CN-0002066,affluent,active,2025-06-12,medium,68.46
CUST002067,PTY002067,CN-0002067,small_business,active,2018-10-09,medium,97.08
CUST002068,PTY002068,CN-0002068,small_business,active,2026-03-03,high,52.4
CUST002069,PTY002069,CN-0002069,small_business,former,2020-09-18,medium,42.07
CUST002070,PTY002070,CN-0002070,small_business,former,2018-09-05,high,97.9
CUST002071,PTY002071,CN-0002071,retail,lapsed,2022-11-19,very_high,44.78
CUST002072,PTY002072,CN-0002072,affluent,active,2024-08-06,high,89.1
CUST002073,PTY002073,CN-0002073,affluent,active,2024-01-29,high,96.77
CUST002074,PTY002074,CN-0002074,retail,active,2021-07-26,high,40.59
CUST002075,PTY002075,CN-0002075,affluent,prospect,2019-07-19,high,33.4
CUST002076,PTY002076,CN-0002076,small_business,active,2022-12-30,low,39.35
CUST002077,PTY002077,CN-0002077,affluent,active,2023-01-14,high,8.01
CUST002078,PTY002078,CN-0002078,retail,active,2022-06-15,medium,72.92
CUST002079,PTY002079,CN-0002079,affluent,prospect,2018-02-09,high,90.23
CUST002080,PTY002080,CN-0002080,retail,prospect,2021-08-22,very_high,62.89
CUST002081,PTY002081,CN-0002081,affluent,prospect,2021-06-21,low,88.95
CUST002082,PTY002082,CN-0002082,retail,prospect,2019-02-13,very_high,77.89
CUST002083,PTY002083,CN-0002083,retail,inactive,2022-05-08,low,14.23
CUST002084,PTY002084,CN-0002084,affluent,active,2021-04-23,very_high,5.4
CUST002085,PTY002085,CN-0002085,retail,active,2025-11-18,low,40.61
CUST002086,PTY002086,CN-0002086,small_business,active,2024-12-18,high,81.76
CUST002087,PTY002087,CN-0002087,affluent,prospect,2021-01-02,medium,99.82
CUST002088,PTY002088,CN-0002088,affluent,active,2018-12-05,medium,43.77
CUST002089,PTY002089,CN-0002089,affluent,active,2021-07-09,low,1.06
CUST002090,PTY002090,CN-0002090,affluent,prospect,2022-09-07,low,31.95
CUST002091,PTY002091,CN-0002091,retail,former,2021-10-13,medium,90.65
CUST002092,PTY002092,CN-0002092,affluent,lapsed,2021-11-22,high,44.02
CUST002093,PTY002093,CN-0002093,small_business,prospect,2024-12-04,very_high,28.25
CUST002094,PTY002094,CN-0002094,retail,former,2023-07-10,very_high,70.42
CUST002095,PTY002095,CN-0002095,small_business,inactive,2019-06-13,low,93.08
CUST002096,PTY002096,CN-0002096,affluent,inactive,2025-12-11,high,64.39
CUST002097,PTY002097,CN-0002097,affluent,former,2020-08-02,low,4.81
CUST002098,PTY002098,CN-0002098,small_business,lapsed,2022-05-28,medium,96.98
CUST002099,PTY002099,CN-0002099,affluent,prospect,2026-09-01,medium,69.0
CUST002100,PTY002100,CN-0002100,retail,prospect,2024-06-29,high,34.82
CUST002101,PTY002101,CN-0002101,retail,active,2018-05-09,low,50.65
CUST002102,PTY002102,CN-0002102,small_business,prospect,2025-11-01,low,54.28
CUST002103,PTY002103,CN-0002103,affluent,prospect,2025-01-11,medium,99.05
CUST002104,PTY002104,CN-0002104,affluent,inactive,2021-10-11,medium,95.98
CUST002105,PTY002105,CN-0002105,small_business,former,2022-01-11,medium,90.93
CUST002106,PTY002106,CN-0002106,affluent,active,2025-09-10,medium,4.57
CUST002107,PTY002107,CN-0002107,retail,prospect,2022-05-08,low,40.76
CUST002108,PTY002108,CN-0002108,affluent,inactive,2023-06-18,low,64.41
CUST002109,PTY002109,CN-0002109,affluent,active,2022-06-18,low,7.37
CUST002110,PTY002110,CN-0002110,affluent,active,2022-05-04,very_high,26.28
CUST002111,PTY002111,CN-0002111,retail,active,2025-10-19,high,69.44
CUST002112,PTY002112,CN-0002112,affluent,active,2019-05-29,medium,57.03
CUST002113,PTY002113,CN-0002113,small_business,inactive,2021-03-29,high,86.19
CUST002114,PTY002114,CN-0002114,retail,active,2018-03-26,very_high,45.85
CUST002115,PTY002115,CN-0002115,retail,active,2026-07-05,high,0.8
CUST002116,PTY002116,CN-0002116,affluent,active,2019-10-21,low,7.29
CUST002117,PTY002117,CN-0002117,small_business,active,2020-05-20,high,13.0
CUST002118,PTY002118,CN-0002118,retail,active,2022-05-22,low,45.94
CUST002119,PTY002119,CN-0002119,retail,inactive,2020-11-09,low,62.77
CUST002120,PTY002120,CN-0002120,affluent,lapsed,2025-06-02,medium,21.88
CUST002121,PTY002121,CN-0002121,small_business,active,2020-06-25,low,6.97
CUST002122,PTY002122,CN-0002122,retail,inactive,2026-04-08,low,64.32
CUST002123,PTY002123,CN-0002123,affluent,prospect,2022-09-24,high,24.43
CUST002124,PTY002124,CN-0002124,affluent,inactive,2025-02-22,very_high,51.04
CUST002125,PTY002125,CN-0002125,retail,active,2020-09-22,low,8.84
CUST002126,PTY002126,CN-0002126,small_business,active,2022-05-28,medium,61.63
CUST002127,PTY002127,CN-0002127,small_business,lapsed,2018-01-27,high,95.77
CUST002128,PTY002128,CN-0002128,small_business,former,2023-02-13,very_high,32.33
CUST002129,PTY002129,CN-0002129,retail,prospect,2024-05-05,medium,59.34
CUST002130,PTY002130,CN-0002130,small_business,active,2024-08-28,medium,39.52
CUST002131,PTY002131,CN-0002131,retail,active,2020-08-03,medium,79.73
CUST002132,PTY002132,CN-0002132,retail,active,2025-10-14,high,35.37
CUST002133,PTY002133,CN-0002133,retail,active,2020-02-04,very_high,98.33
CUST002134,PTY002134,CN-0002134,affluent,inactive,2018-04-12,medium,0.11
CUST002135,PTY002135,CN-0002135,retail,prospect,2022-12-28,high,84.19
CUST002136,PTY002136,CN-0002136,affluent,former,2020-07-13,low,18.09
CUST002137,PTY002137,CN-0002137,affluent,active,2022-11-03,low,64.7
CUST002138,PTY002138,CN-0002138,affluent,lapsed,2024-10-26,medium,6.75
CUST002139,PTY002139,CN-0002139,retail,inactive,2023-11-19,very_high,72.28
CUST002140,PTY002140,CN-0002140,small_business,inactive,2025-09-12,low,43.37
CUST002141,PTY002141,CN-0002141,retail,inactive,2026-09-01,very_high,21.14
CUST002142,PTY002142,CN-0002142,small_business,inactive,2022-03-02,low,73.03
CUST002143,PTY002143,CN-0002143,affluent,lapsed,2021-07-05,very_high,69.03
CUST002144,PTY002144,CN-0002144,retail,lapsed,2023-04-11,low,38.17
CUST002145,PTY002145,CN-0002145,retail,lapsed,2023-10-18,low,75.04
CUST002146,PTY002146,CN-0002146,small_business,active,2026-09-02,very_high,53.5
CUST002147,PTY002147,CN-0002147,affluent,former,2025-11-04,medium,6.72
CUST002148,PTY002148,CN-0002148,affluent,active,2022-03-18,very_high,89.92
CUST002149,PTY002149,CN-0002149,small_business,active,2023-09-17,high,86.62
CUST002150,PTY002150,CN-0002150,retail,inactive,2025-05-16,medium,16.81
CUST002151,PTY002151,CN-0002151,small_business,active,2026-06-16,low,5.4
CUST002152,PTY002152,CN-0002152,retail,inactive,2024-03-07,high,53.67
CUST002153,PTY002153,CN-0002153,retail,active,2025-01-05,medium,5.92
CUST002154,PTY002154,CN-0002154,small_business,active,2018-12-30,very_high,98.74
CUST002155,PTY002155,CN-0002155,retail,lapsed,2025-05-06,medium,92.46
CUST002156,PTY002156,CN-0002156,affluent,prospect,2023-11-20,low,42.15
CUST002157,PTY002157,CN-0002157,affluent,inactive,2022-01-14,medium,70.11
CUST002158,PTY002158,CN-0002158,retail,lapsed,2025-07-20,low,12.76
CUST002159,PTY002159,CN-0002159,retail,prospect,2025-02-10,high,93.71
CUST002160,PTY002160,CN-0002160,retail,active,2025-10-21,medium,13.06
CUST002161,PTY002161,CN-0002161,small_business,active,2022-12-03,medium,69.55
CUST002162,PTY002162,CN-0002162,retail,active,2019-02-27,medium,4.14
CUST002163,PTY002163,CN-0002163,retail,inactive,2026-07-08,low,41.79
CUST002164,PTY002164,CN-0002164,small_business,active,2018-07-12,very_high,19.7
CUST002165,PTY002165,CN-0002165,retail,active,2025-08-26,medium,93.49
CUST002166,PTY002166,CN-0002166,small_business,active,2022-12-08,high,39.79
CUST002167,PTY002167,CN-0002167,retail,inactive,2024-07-22,medium,13.2
CUST002168,PTY002168,CN-0002168,affluent,prospect,2018-10-18,medium,99.07
CUST002169,PTY002169,CN-0002169,small_business,lapsed,2019-01-03,low,46.97
CUST002170,PTY002170,CN-0002170,affluent,prospect,2022-03-29,medium,58.2
CUST002171,PTY002171,CN-0002171,retail,prospect,2023-12-15,low,26.37
CUST002172,PTY002172,CN-0002172,affluent,former,2026-04-27,high,6.69
CUST002173,PTY002173,CN-0002173,small_business,active,2022-05-05,medium,56.75
CUST002174,PTY002174,CN-0002174,retail,active,2020-04-11,very_high,1.4
CUST002175,PTY002175,CN-0002175,small_business,active,2018-08-17,high,96.88
CUST002176,PTY002176,CN-0002176,small_business,active,2022-09-07,low,38.32
CUST002177,PTY002177,CN-0002177,small_business,active,2025-11-08,low,57.03
CUST002178,PTY002178,CN-0002178,small_business,active,2022-06-01,low,30.32
CUST002179,PTY002179,CN-0002179,small_business,active,2021-03-21,low,44.1
CUST002180,PTY002180,CN-0002180,small_business,active,2022-11-03,high,60.47
CUST002181,PTY002181,CN-0002181,affluent,active,2020-02-12,very_high,34.38
CUST002182,PTY002182,CN-0002182,affluent,inactive,2021-05-23,very_high,16.73
CUST002183,PTY002183,CN-0002183,retail,former,2020-02-17,medium,38.53
CUST002184,PTY002184,CN-0002184,retail,prospect,2022-11-13,high,96.87
CUST002185,PTY002185,CN-0002185,retail,former,2020-11-13,very_high,66.55
CUST002186,PTY002186,CN-0002186,small_business,lapsed,2026-04-15,high,26.66
CUST002187,PTY002187,CN-0002187,retail,lapsed,2019-09-12,low,53.38
CUST002188,PTY002188,CN-0002188,affluent,lapsed,2023-07-13,low,73.99
CUST002189,PTY002189,CN-0002189,retail,lapsed,2022-07-28,medium,72.44
CUST002190,PTY002190,CN-0002190,retail,lapsed,2025-12-23,very_high,26.37
CUST002191,PTY002191,CN-0002191,affluent,active,2020-04-03,medium,88.74
CUST002192,PTY002192,CN-0002192,small_business,active,2026-01-28,medium,88.9
CUST002193,PTY002193,CN-0002193,retail,active,2025-06-23,medium,22.49
CUST002194,PTY002194,CN-0002194,retail,former,2020-12-03,low,80.89
CUST002195,PTY002195,CN-0002195,retail,prospect,2020-09-13,high,84.83
CUST002196,PTY002196,CN-0002196,small_business,active,2023-12-07,low,37.39
CUST002197,PTY002197,CN-0002197,small_business,active,2026-01-23,very_high,77.84
CUST002198,PTY002198,CN-0002198,affluent,inactive,2022-05-19,high,49.94
CUST002199,PTY002199,CN-0002199,small_business,inactive,2023-02-01,high,72.17
CUST002200,PTY002200,CN-0002200,small_business,active,2025-02-16,high,96.71
CUST002201,PTY002201,CN-0002201,small_business,inactive,2022-11-24,very_high,99.11
CUST002202,PTY002202,CN-0002202,small_business,active,2021-01-14,very_high,96.23
CUST002203,PTY002203,CN-0002203,small_business,active,2018-09-18,high,12.65
CUST002204,PTY002204,CN-0002204,small_business,active,2019-12-27,high,2.21
CUST002205,PTY002205,CN-0002205,retail,inactive,2025-10-28,high,92.53
CUST002206,PTY002206,CN-0002206,small_business,inactive,2024-12-07,low,81.48
CUST002207,PTY002207,CN-0002207,small_business,inactive,2020-01-30,medium,32.31
CUST002208,PTY002208,CN-0002208,affluent,active,2022-03-01,very_high,30.21
CUST002209,PTY002209,CN-0002209,retail,prospect,2023-01-04,medium,1.35
CUST002210,PTY002210,CN-0002210,retail,active,2021-02-05,high,77.69
CUST002211,PTY002211,CN-0002211,retail,active,2024-08-07,medium,38.48
CUST002212,PTY002212,CN-0002212,retail,lapsed,2021-03-17,high,65.07
CUST002213,PTY002213,CN-0002213,retail,active,2024-07-18,medium,94.1
CUST002214,PTY002214,CN-0002214,small_business,former,2019-04-22,high,88.61
CUST002215,PTY002215,CN-0002215,affluent,former,2020-05-24,low,45.28
CUST002216,PTY002216,CN-0002216,retail,lapsed,2022-08-18,very_high,22.6
CUST002217,PTY002217,CN-0002217,retail,prospect,2025-08-20,low,49.57
CUST002218,PTY002218,CN-0002218,small_business,active,2023-12-15,medium,93.19
CUST002219,PTY002219,CN-0002219,small_business,lapsed,2018-11-22,very_high,9.24
CUST002220,PTY002220,CN-0002220,small_business,active,2024-03-31,medium,20.91
CUST002221,PTY002221,CN-0002221,small_business,lapsed,2025-05-18,medium,43.29
CUST002222,PTY002222,CN-0002222,small_business,active,2023-09-02,high,84.41
CUST002223,PTY002223,CN-0002223,affluent,active,2025-04-18,low,11.24
CUST002224,PTY002224,CN-0002224,affluent,active,2020-03-05,low,69.15
CUST002225,PTY002225,CN-0002225,small_business,lapsed,2022-08-11,medium,22.26
CUST002226,PTY002226,CN-0002226,small_business,active,2022-12-27,medium,57.73
CUST002227,PTY002227,CN-0002227,affluent,active,2022-06-28,very_high,18.83
CUST002228,PTY002228,CN-0002228,retail,prospect,2023-04-02,high,91.1
CUST002229,PTY002229,CN-0002229,retail,former,2025-03-29,high,81.53
CUST002230,PTY002230,CN-0002230,affluent,prospect,2022-12-05,low,92.76
CUST002231,PTY002231,CN-0002231,small_business,lapsed,2022-02-14,low,3.64
CUST002232,PTY002232,CN-0002232,small_business,former,2019-09-15,medium,72.95
CUST002233,PTY002233,CN-0002233,small_business,active,2018-09-27,high,46.31
CUST002234,PTY002234,CN-0002234,retail,active,2020-03-09,low,60.42
CUST002235,PTY002235,CN-0002235,affluent,lapsed,2020-07-17,low,76.92
CUST002236,PTY002236,CN-0002236,small_business,inactive,2020-06-10,low,49.44
CUST002237,PTY002237,CN-0002237,retail,active,2019-11-05,low,19.81
CUST002238,PTY002238,CN-0002238,small_business,active,2024-12-24,medium,51.81
CUST002239,PTY002239,CN-0002239,retail,lapsed,2022-05-20,low,60.09
CUST002240,PTY002240,CN-0002240,affluent,lapsed,2020-02-03,very_high,78.41
CUST002241,PTY002241,CN-0002241,retail,lapsed,2021-11-09,high,96.64
CUST002242,PTY002242,CN-0002242,affluent,lapsed,2021-12-13,medium,90.95
CUST002243,PTY002243,CN-0002243,retail,active,2019-08-31,very_high,22.68
CUST002244,PTY002244,CN-0002244,retail,inactive,2024-11-27,medium,0.14
CUST002245,PTY002245,CN-0002245,small_business,lapsed,2022-01-29,medium,78.19
CUST002246,PTY002246,CN-0002246,retail,active,2020-07-12,very_high,42.68
CUST002247,PTY002247,CN-0002247,small_business,prospect,2023-09-09,very_high,39.71
CUST002248,PTY002248,CN-0002248,affluent,active,2018-07-20,low,51.15
CUST002249,PTY002249,CN-0002249,affluent,active,2022-05-13,low,76.45
CUST002250,PTY002250,CN-0002250,retail,active,2019-10-11,low,9.87
CUST002251,PTY002251,CN-0002251,retail,active,2023-07-06,very_high,9.98
CUST002252,PTY002252,CN-0002252,affluent,active,2025-03-26,medium,70.61
CUST002253,PTY002253,CN-0002253,affluent,former,2023-07-13,very_high,92.3
CUST002254,PTY002254,CN-0002254,small_business,inactive,2026-07-19,high,77.94
CUST002255,PTY002255,CN-0002255,retail,active,2023-05-14,very_high,75.38
CUST002256,PTY002256,CN-0002256,retail,active,2019-06-21,medium,98.22
CUST002257,PTY002257,CN-0002257,retail,active,2019-09-18,low,63.47
CUST002258,PTY002258,CN-0002258,affluent,active,2026-06-17,high,99.71
CUST002259,PTY002259,CN-0002259,affluent,lapsed,2021-11-18,medium,71.74
CUST002260,PTY002260,CN-0002260,affluent,lapsed,2025-06-16,medium,17.86
CUST002261,PTY002261,CN-0002261,small_business,prospect,2021-12-19,very_high,18.3
CUST002262,PTY002262,CN-0002262,small_business,active,2024-12-06,high,65.61
CUST002263,PTY002263,CN-0002263,retail,former,2022-05-15,very_high,86.45
CUST002264,PTY002264,CN-0002264,retail,former,2020-09-29,low,53.16
CUST002265,PTY002265,CN-0002265,small_business,lapsed,2021-01-17,very_high,27.58
CUST002266,PTY002266,CN-0002266,retail,active,2020-08-25,high,22.91
CUST002267,PTY002267,CN-0002267,small_business,former,2024-04-08,low,65.32
CUST002268,PTY002268,CN-0002268,retail,prospect,2021-08-19,low,21.98
CUST002269,PTY002269,CN-0002269,retail,active,2022-04-28,low,50.87
CUST002270,PTY002270,CN-0002270,affluent,active,2021-03-20,medium,57.09
CUST002271,PTY002271,CN-0002271,small_business,lapsed,2026-01-28,high,38.61
CUST002272,PTY002272,CN-0002272,affluent,active,2021-07-09,very_high,4.5
CUST002273,PTY002273,CN-0002273,small_business,inactive,2021-07-28,low,79.93
CUST002274,PTY002274,CN-0002274,affluent,prospect,2025-01-08,high,8.65
CUST002275,PTY002275,CN-0002275,small_business,prospect,2026-01-29,low,56.62
CUST002276,PTY002276,CN-0002276,small_business,active,2025-07-20,very_high,27.16
CUST002277,PTY002277,CN-0002277,affluent,prospect,2024-05-21,very_high,59.24
CUST002278,PTY002278,CN-0002278,affluent,active,2020-05-16,very_high,54.71
CUST002279,PTY002279,CN-0002279,retail,prospect,2022-01-05,very_high,80.34
CUST002280,PTY002280,CN-0002280,retail,active,2019-07-16,medium,43.46
CUST002281,PTY002281,CN-0002281,affluent,prospect,2019-10-11,low,62.27
CUST002282,PTY002282,CN-0002282,small_business,prospect,2025-04-24,medium,72.9
CUST002283,PTY002283,CN-0002283,retail,active,2019-01-03,low,94.08
CUST002284,PTY002284,CN-0002284,retail,former,2024-05-30,very_high,90.59
CUST002285,PTY002285,CN-0002285,small_business,active,2024-12-15,very_high,40.6
CUST002286,PTY002286,CN-0002286,affluent,active,2024-05-08,medium,7.42
CUST002287,PTY002287,CN-0002287,small_business,active,2022-10-13,medium,7.99
CUST002288,PTY002288,CN-0002288,retail,active,2024-10-01,very_high,65.2
CUST002289,PTY002289,CN-0002289,retail,active,2025-07-27,high,69.55
CUST002290,PTY002290,CN-0002290,affluent,inactive,2023-12-13,very_high,64.87
CUST002291,PTY002291,CN-0002291,small_business,active,2022-09-18,medium,94.07
CUST002292,PTY002292,CN-0002292,affluent,lapsed,2025-09-06,high,20.3
CUST002293,PTY002293,CN-0002293,retail,lapsed,2024-10-04,very_high,32.88
CUST002294,PTY002294,CN-0002294,retail,inactive,2020-02-11,high,18.17
CUST002295,PTY002295,CN-0002295,retail,prospect,2019-05-26,medium,12.11
CUST002296,PTY002296,CN-0002296,small_business,former,2018-10-11,low,77.46
CUST002297,PTY002297,CN-0002297,small_business,active,2023-06-15,high,56.3
CUST002298,PTY002298,CN-0002298,small_business,active,2023-02-12,low,71.1
CUST002299,PTY002299,CN-0002299,retail,active,2018-01-05,very_high,39.56
CUST002300,PTY002300,CN-0002300,affluent,lapsed,2021-06-20,very_high,49.64
CUST002301,PTY002301,CN-0002301,affluent,active,2021-05-04,very_high,92.34
CUST002302,PTY002302,CN-0002302,small_business,former,2018-12-31,medium,38.57
CUST002303,PTY002303,CN-0002303,small_business,lapsed,2021-11-24,low,25.69
CUST002304,PTY002304,CN-0002304,retail,prospect,2021-09-16,very_high,24.43
CUST002305,PTY002305,CN-0002305,affluent,active,2021-07-13,very_high,19.92
CUST002306,PTY002306,CN-0002306,affluent,active,2024-08-08,high,56.5
CUST002307,PTY002307,CN-0002307,retail,active,2024-11-30,very_high,7.91
CUST002308,PTY002308,CN-0002308,affluent,lapsed,2025-02-13,high,13.74
CUST002309,PTY002309,CN-0002309,small_business,active,2025-10-21,high,20.59
CUST002310,PTY002310,CN-0002310,small_business,inactive,2025-10-16,very_high,71.9
CUST002311,PTY002311,CN-0002311,small_business,active,2020-01-05,low,16.15
CUST002312,PTY002312,CN-0002312,small_business,active,2019-10-22,medium,42.66
CUST002313,PTY002313,CN-0002313,retail,former,2020-08-19,high,61.41
CUST002314,PTY002314,CN-0002314,affluent,former,2023-11-19,high,61.17
CUST002315,PTY002315,CN-0002315,small_business,active,2021-11-29,very_high,24.8
CUST002316,PTY002316,CN-0002316,small_business,former,2021-09-15,high,74.53
CUST002317,PTY002317,CN-0002317,affluent,active,2021-06-13,low,79.17
CUST002318,PTY002318,CN-0002318,affluent,prospect,2021-06-04,very_high,56.94
CUST002319,PTY002319,CN-0002319,affluent,active,2024-10-07,medium,83.38
CUST002320,PTY002320,CN-0002320,small_business,inactive,2020-11-24,very_high,28.51
CUST002321,PTY002321,CN-0002321,small_business,active,2024-06-12,high,1.72
CUST002322,PTY002322,CN-0002322,affluent,former,2026-07-07,medium,14.61
CUST002323,PTY002323,CN-0002323,affluent,active,2018-07-15,very_high,12.83
CUST002324,PTY002324,CN-0002324,small_business,lapsed,2026-02-09,medium,98.83
CUST002325,PTY002325,CN-0002325,affluent,lapsed,2025-07-03,high,9.98
CUST002326,PTY002326,CN-0002326,retail,prospect,2019-10-08,very_high,12.91
CUST002327,PTY002327,CN-0002327,retail,prospect,2025-10-02,very_high,76.17
CUST002328,PTY002328,CN-0002328,small_business,active,2023-05-16,high,19.27
CUST002329,PTY002329,CN-0002329,affluent,former,2025-01-25,very_high,37.05
CUST002330,PTY002330,CN-0002330,affluent,active,2023-04-20,medium,3.73
CUST002331,PTY002331,CN-0002331,retail,active,2018-02-11,high,56.67
CUST002332,PTY002332,CN-0002332,small_business,prospect,2021-05-31,medium,72.35
CUST002333,PTY002333,CN-0002333,affluent,prospect,2020-07-04,low,14.14
CUST002334,PTY002334,CN-0002334,small_business,prospect,2026-04-08,medium,77.88
CUST002335,PTY002335,CN-0002335,affluent,former,2020-04-15,very_high,33.33
CUST002336,PTY002336,CN-0002336,small_business,inactive,2022-05-31,very_high,19.03
CUST002337,PTY002337,CN-0002337,small_business,lapsed,2024-07-13,very_high,96.38
CUST002338,PTY002338,CN-0002338,small_business,former,2024-03-24,low,92.27
CUST002339,PTY002339,CN-0002339,retail,prospect,2024-11-01,high,70.58
CUST002340,PTY002340,CN-0002340,small_business,active,2024-03-13,high,69.58
CUST002341,PTY002341,CN-0002341,small_business,active,2022-06-13,low,7.25
CUST002342,PTY002342,CN-0002342,affluent,active,2024-01-30,low,88.5
CUST002343,PTY002343,CN-0002343,retail,active,2021-04-29,very_high,15.76
CUST002344,PTY002344,CN-0002344,affluent,active,2025-07-10,low,85.8
CUST002345,PTY002345,CN-0002345,small_business,active,2020-03-09,high,18.31
CUST002346,PTY002346,CN-0002346,retail,lapsed,2022-07-24,low,1.87
CUST002347,PTY002347,CN-0002347,affluent,active,2020-08-08,very_high,50.44
CUST002348,PTY002348,CN-0002348,affluent,former,2025-10-10,very_high,78.14
CUST002349,PTY002349,CN-0002349,retail,prospect,2024-01-22,high,71.08
CUST002350,PTY002350,CN-0002350,affluent,former,2019-07-31,high,38.14
CUST002351,PTY002351,CN-0002351,retail,active,2024-07-14,low,64.66
CUST002352,PTY002352,CN-0002352,small_business,active,2023-06-19,low,46.58
CUST002353,PTY002353,CN-0002353,retail,active,2020-02-11,medium,84.15
CUST002354,PTY002354,CN-0002354,retail,active,2018-08-28,high,94.72
CUST002355,PTY002355,CN-0002355,retail,former,2019-11-01,high,42.21
CUST002356,PTY002356,CN-0002356,retail,active,2021-10-17,high,72.98
CUST002357,PTY002357,CN-0002357,retail,active,2026-06-15,medium,13.35
CUST002358,PTY002358,CN-0002358,affluent,former,2019-09-20,medium,0.93
CUST002359,PTY002359,CN-0002359,retail,active,2018-03-08,very_high,57.36
CUST002360,PTY002360,CN-0002360,retail,active,2019-03-18,low,22.97
CUST002361,PTY002361,CN-0002361,retail,active,2020-06-17,very_high,46.84
CUST002362,PTY002362,CN-0002362,affluent,lapsed,2018-10-05,low,67.03
CUST002363,PTY002363,CN-0002363,small_business,active,2022-10-19,low,43.75
CUST002364,PTY002364,CN-0002364,retail,former,2022-10-15,very_high,60.97
CUST002365,PTY002365,CN-0002365,small_business,active,2021-11-23,low,17.36
CUST002366,PTY002366,CN-0002366,small_business,active,2025-03-13,low,7.82
CUST002367,PTY002367,CN-0002367,retail,lapsed,2019-12-10,high,81.61
CUST002368,PTY002368,CN-0002368,retail,prospect,2019-11-30,medium,27.09
CUST002369,PTY002369,CN-0002369,retail,active,2019-06-24,high,45.85
CUST002370,PTY002370,CN-0002370,affluent,former,2024-07-09,low,9.09
CUST002371,PTY002371,CN-0002371,retail,active,2026-01-18,medium,29.27
CUST002372,PTY002372,CN-0002372,retail,active,2022-03-10,very_high,91.63
CUST002373,PTY002373,CN-0002373,affluent,inactive,2020-11-26,very_high,72.96
CUST002374,PTY002374,CN-0002374,small_business,lapsed,2019-02-21,very_high,32.11
CUST002375,PTY002375,CN-0002375,small_business,prospect,2020-12-02,medium,92.57
CUST002376,PTY002376,CN-0002376,small_business,active,2018-07-24,medium,53.68
CUST002377,PTY002377,CN-0002377,retail,former,2022-12-11,very_high,62.89
CUST002378,PTY002378,CN-0002378,affluent,former,2021-10-22,low,17.99
CUST002379,PTY002379,CN-0002379,affluent,prospect,2021-07-21,high,38.53
CUST002380,PTY002380,CN-0002380,affluent,active,2026-07-03,high,91.49
CUST002381,PTY002381,CN-0002381,affluent,active,2026-02-16,medium,48.55
CUST002382,PTY002382,CN-0002382,retail,active,2025-01-13,low,79.44
CUST002383,PTY002383,CN-0002383,retail,prospect,2019-02-13,low,97.93
CUST002384,PTY002384,CN-0002384,affluent,active,2019-05-04,low,23.57
CUST002385,PTY002385,CN-0002385,affluent,inactive,2021-11-20,very_high,80.73
CUST002386,PTY002386,CN-0002386,affluent,prospect,2026-05-01,low,45.44
CUST002387,PTY002387,CN-0002387,small_business,active,2018-07-22,low,79.79
CUST002388,PTY002388,CN-0002388,affluent,active,2020-07-12,high,10.36
CUST002389,PTY002389,CN-0002389,affluent,active,2024-12-12,high,17.82
CUST002390,PTY002390,CN-0002390,affluent,former,2021-07-27,low,49.4
CUST002391,PTY002391,CN-0002391,retail,active,2019-12-09,very_high,94.53
CUST002392,PTY002392,CN-0002392,small_business,active,2026-05-24,medium,55.76
CUST002393,PTY002393,CN-0002393,retail,prospect,2020-01-15,high,85.72
CUST002394,PTY002394,CN-0002394,retail,prospect,2019-09-05,very_high,17.61
CUST002395,PTY002395,CN-0002395,small_business,lapsed,2025-08-13,high,59.11
CUST002396,PTY002396,CN-0002396,small_business,former,2025-03-31,medium,90.88
CUST002397,PTY002397,CN-0002397,affluent,prospect,2026-04-20,medium,20.24
CUST002398,PTY002398,CN-0002398,small_business,active,2021-04-02,very_high,87.72
CUST002399,PTY002399,CN-0002399,small_business,inactive,2018-03-17,very_high,50.86
CUST002400,PTY002400,CN-0002400,small_business,prospect,2024-07-04,high,46.46
CUST002401,PTY002401,CN-0002401,retail,former,2019-11-12,high,61.38
CUST002402,PTY002402,CN-0002402,affluent,lapsed,2022-03-27,high,7.14
CUST002403,PTY002403,CN-0002403,small_business,active,2026-08-04,very_high,49.68
CUST002404,PTY002404,CN-0002404,affluent,active,2024-12-30,very_high,42.71
CUST002405,PTY002405,CN-0002405,retail,active,2025-05-18,high,41.41
CUST002406,PTY002406,CN-0002406,retail,active,2021-01-02,very_high,47.42
CUST002407,PTY002407,CN-0002407,retail,active,2019-11-30,medium,1.75
CUST002408,PTY002408,CN-0002408,small_business,active,2018-11-26,low,14.18
CUST002409,PTY002409,CN-0002409,retail,prospect,2024-10-12,high,57.27
CUST002410,PTY002410,CN-0002410,retail,inactive,2019-10-08,high,11.7
CUST002411,PTY002411,CN-0002411,small_business,active,2021-08-14,low,15.16
CUST002412,PTY002412,CN-0002412,small_business,former,2021-07-25,very_high,23.26
CUST002413,PTY002413,CN-0002413,small_business,lapsed,2020-09-27,medium,64.58
CUST002414,PTY002414,CN-0002414,affluent,lapsed,2019-12-07,high,66.41
CUST002415,PTY002415,CN-0002415,retail,active,2020-01-07,very_high,7.6
CUST002416,PTY002416,CN-0002416,small_business,inactive,2025-06-09,low,64.63
CUST002417,PTY002417,CN-0002417,small_business,prospect,2024-03-07,medium,20.48
CUST002418,PTY002418,CN-0002418,retail,lapsed,2019-03-15,low,4.36
CUST002419,PTY002419,CN-0002419,affluent,former,2024-06-08,medium,70.44
CUST002420,PTY002420,CN-0002420,retail,former,2019-10-06,low,17.68
CUST002421,PTY002421,CN-0002421,retail,former,2019-09-14,medium,78.21
CUST002422,PTY002422,CN-0002422,affluent,active,2022-03-05,low,71.12
CUST002423,PTY002423,CN-0002423,retail,former,2024-01-14,very_high,54.34
CUST002424,PTY002424,CN-0002424,small_business,active,2024-01-04,high,89.36
CUST002425,PTY002425,CN-0002425,affluent,prospect,2019-03-02,high,26.21
CUST002426,PTY002426,CN-0002426,retail,active,2024-01-10,high,98.88
CUST002427,PTY002427,CN-0002427,retail,former,2026-05-31,low,4.26
CUST002428,PTY002428,CN-0002428,retail,inactive,2022-05-10,very_high,44.22
CUST002429,PTY002429,CN-0002429,small_business,active,2023-11-19,high,52.08
CUST002430,PTY002430,CN-0002430,affluent,active,2026-09-14,very_high,28.18
CUST002431,PTY002431,CN-0002431,affluent,active,2022-06-24,low,59.58
CUST002432,PTY002432,CN-0002432,retail,active,2026-02-14,high,65.85
CUST002433,PTY002433,CN-0002433,affluent,active,2019-04-03,very_high,80.87
CUST002434,PTY002434,CN-0002434,retail,active,2020-01-04,medium,1.71
CUST002435,PTY002435,CN-0002435,retail,prospect,2025-09-27,high,16.31
CUST002436,PTY002436,CN-0002436,affluent,active,2020-11-02,low,28.14
CUST002437,PTY002437,CN-0002437,affluent,inactive,2023-06-13,low,9.0
CUST002438,PTY002438,CN-0002438,small_business,active,2024-11-24,very_high,58.81
CUST002439,PTY002439,CN-0002439,affluent,active,2024-08-30,low,65.17
CUST002440,PTY002440,CN-0002440,affluent,active,2023-10-06,low,73.54
CUST002441,PTY002441,CN-0002441,retail,active,2018-03-23,very_high,42.22
CUST002442,PTY002442,CN-0002442,affluent,lapsed,2018-03-27,medium,70.62
CUST002443,PTY002443,CN-0002443,retail,active,2018-09-13,medium,74.8
CUST002444,PTY002444,CN-0002444,small_business,active,2024-01-18,very_high,18.86
CUST002445,PTY002445,CN-0002445,retail,active,2019-01-30,low,32.66
CUST002446,PTY002446,CN-0002446,small_business,active,2020-01-06,medium,54.98
CUST002447,PTY002447,CN-0002447,small_business,inactive,2018-01-08,medium,92.49
CUST002448,PTY002448,CN-0002448,retail,lapsed,2024-11-27,low,5.96
CUST002449,PTY002449,CN-0002449,affluent,lapsed,2022-06-19,very_high,16.4
CUST002450,PTY002450,CN-0002450,small_business,active,2023-02-17,medium,17.73
CUST002451,PTY002451,CN-0002451,retail,former,2024-03-26,very_high,67.32
CUST002452,PTY002452,CN-0002452,retail,former,2020-04-14,very_high,40.75
CUST002453,PTY002453,CN-0002453,retail,inactive,2026-05-18,high,63.5
CUST002454,PTY002454,CN-0002454,affluent,former,2025-01-29,very_high,17.7
CUST002455,PTY002455,CN-0002455,retail,active,2023-02-07,very_high,55.21
CUST002456,PTY002456,CN-0002456,retail,prospect,2019-03-22,medium,15.51
CUST002457,PTY002457,CN-0002457,retail,active,2023-09-03,medium,71.69
CUST002458,PTY002458,CN-0002458,retail,lapsed,2019-09-17,medium,34.93
CUST002459,PTY002459,CN-0002459,small_business,lapsed,2020-02-05,low,52.84
CUST002460,PTY002460,CN-0002460,affluent,former,2021-08-25,low,40.61
CUST002461,PTY002461,CN-0002461,small_business,active,2023-05-30,low,65.06
CUST002462,PTY002462,CN-0002462,affluent,lapsed,2022-09-27,high,82.55
CUST002463,PTY002463,CN-0002463,retail,lapsed,2019-11-16,low,85.63
CUST002464,PTY002464,CN-0002464,retail,former,2020-12-27,low,62.12
CUST002465,PTY002465,CN-0002465,affluent,active,2023-03-29,very_high,11.68
CUST002466,PTY002466,CN-0002466,affluent,prospect,2023-08-23,high,96.99
CUST002467,PTY002467,CN-0002467,affluent,former,2022-09-13,medium,54.1
CUST002468,PTY002468,CN-0002468,small_business,lapsed,2021-05-09,very_high,17.82
CUST002469,PTY002469,CN-0002469,retail,lapsed,2025-07-30,medium,70.15
CUST002470,PTY002470,CN-0002470,small_business,lapsed,2022-03-24,very_high,53.39
CUST002471,PTY002471,CN-0002471,retail,inactive,2026-07-26,high,57.47
CUST002472,PTY002472,CN-0002472,retail,active,2019-01-21,very_high,20.41
CUST002473,PTY002473,CN-0002473,affluent,inactive,2024-12-01,medium,34.34
CUST002474,PTY002474,CN-0002474,affluent,active,2020-07-04,very_high,62.83
CUST002475,PTY002475,CN-0002475,small_business,lapsed,2018-02-06,high,88.66
CUST002476,PTY002476,CN-0002476,affluent,prospect,2024-06-30,very_high,26.81
CUST002477,PTY002477,CN-0002477,retail,former,2023-05-01,very_high,42.31
CUST002478,PTY002478,CN-0002478,retail,former,2021-06-01,very_high,57.41
CUST002479,PTY002479,CN-0002479,small_business,prospect,2022-06-12,low,55.32
CUST002480,PTY002480,CN-0002480,small_business,active,2024-09-04,very_high,25.49
CUST002481,PTY002481,CN-0002481,affluent,inactive,2021-12-12,high,40.56
CUST002482,PTY002482,CN-0002482,affluent,active,2018-11-05,high,11.25
CUST002483,PTY002483,CN-0002483,retail,active,2023-03-08,very_high,51.9
CUST002484,PTY002484,CN-0002484,small_business,active,2025-01-24,very_high,73.31
CUST002485,PTY002485,CN-0002485,affluent,prospect,2024-01-07,very_high,29.3
CUST002486,PTY002486,CN-0002486,affluent,prospect,2024-07-21,high,29.0
CUST002487,PTY002487,CN-0002487,affluent,active,2018-02-10,very_high,87.58
CUST002488,PTY002488,CN-0002488,retail,prospect,2021-08-31,low,16.4
CUST002489,PTY002489,CN-0002489,small_business,prospect,2019-07-26,very_high,40.02
CUST002490,PTY002490,CN-0002490,affluent,prospect,2024-03-14,low,83.99
CUST002491,PTY002491,CN-0002491,small_business,inactive,2020-01-04,high,35.86
CUST002492,PTY002492,CN-0002492,retail,prospect,2019-03-04,medium,87.49
CUST002493,PTY002493,CN-0002493,small_business,active,2018-06-18,high,66.68
CUST002494,PTY002494,CN-0002494,affluent,active,2024-01-25,very_high,26.19
CUST002495,PTY002495,CN-0002495,retail,inactive,2026-05-04,high,41.6
CUST002496,PTY002496,CN-0002496,retail,active,2020-08-26,very_high,78.83
CUST002497,PTY002497,CN-0002497,retail,prospect,2018-02-22,medium,4.59
CUST002498,PTY002498,CN-0002498,affluent,active,2021-11-13,very_high,10.18
CUST002499,PTY002499,CN-0002499,small_business,lapsed,2024-09-09,medium,1.73
CUST002500,PTY002500,CN-0002500,small_business,active,2022-01-04,low,55.8
CUST002501,PTY002501,CN-0002501,affluent,active,2026-08-09,very_high,97.87
CUST002502,PTY002502,CN-0002502,small_business,active,2025-06-16,very_high,56.95
CUST002503,PTY002503,CN-0002503,small_business,lapsed,2023-08-21,low,65.36
CUST002504,PTY002504,CN-0002504,small_business,active,2023-12-15,very_high,87.82
CUST002505,PTY002505,CN-0002505,retail,prospect,2018-05-24,medium,42.77
CUST002506,PTY002506,CN-0002506,retail,prospect,2025-09-18,medium,27.14
CUST002507,PTY002507,CN-0002507,small_business,active,2021-04-25,medium,60.15
CUST002508,PTY002508,CN-0002508,small_business,active,2018-06-27,high,66.53
CUST002509,PTY002509,CN-0002509,affluent,active,2022-09-25,high,16.48
CUST002510,PTY002510,CN-0002510,small_business,active,2018-06-08,medium,11.68
CUST002511,PTY002511,CN-0002511,affluent,inactive,2021-11-10,very_high,87.22
CUST002512,PTY002512,CN-0002512,small_business,active,2019-07-15,medium,18.42
CUST002513,PTY002513,CN-0002513,retail,inactive,2020-01-11,low,33.18
CUST002514,PTY002514,CN-0002514,affluent,lapsed,2020-06-01,high,43.96
CUST002515,PTY002515,CN-0002515,small_business,active,2018-05-01,high,48.04
CUST002516,PTY002516,CN-0002516,small_business,inactive,2022-05-12,high,68.47
CUST002517,PTY002517,CN-0002517,small_business,inactive,2021-08-26,medium,60.08
CUST002518,PTY002518,CN-0002518,retail,prospect,2021-08-29,medium,53.44
CUST002519,PTY002519,CN-0002519,retail,active,2021-07-04,low,96.94
CUST002520,PTY002520,CN-0002520,small_business,lapsed,2021-03-23,high,21.82
CUST002521,PTY002521,CN-0002521,affluent,former,2019-11-12,low,0.33
CUST002522,PTY002522,CN-0002522,small_business,active,2020-10-17,medium,94.65
CUST002523,PTY002523,CN-0002523,affluent,former,2018-10-06,very_high,23.68
CUST002524,PTY002524,CN-0002524,retail,lapsed,2025-03-06,very_high,49.47
CUST002525,PTY002525,CN-0002525,small_business,inactive,2022-10-10,medium,61.75
CUST002526,PTY002526,CN-0002526,small_business,lapsed,2024-03-26,high,55.41
CUST002527,PTY002527,CN-0002527,retail,inactive,2019-12-02,high,17.03
CUST002528,PTY002528,CN-0002528,retail,lapsed,2021-11-19,high,10.14
CUST002529,PTY002529,CN-0002529,affluent,active,2019-04-19,very_high,36.82
CUST002530,PTY002530,CN-0002530,small_business,prospect,2018-12-11,low,33.6
CUST002531,PTY002531,CN-0002531,affluent,former,2018-08-02,low,36.33
CUST002532,PTY002532,CN-0002532,retail,active,2024-09-20,very_high,45.41
CUST002533,PTY002533,CN-0002533,small_business,active,2021-01-07,high,63.86
CUST002534,PTY002534,CN-0002534,retail,active,2021-12-31,very_high,87.38
CUST002535,PTY002535,CN-0002535,affluent,former,2026-03-17,high,11.21
CUST002536,PTY002536,CN-0002536,retail,active,2023-03-05,high,70.23
CUST002537,PTY002537,CN-0002537,small_business,active,2024-05-28,high,28.94
CUST002538,PTY002538,CN-0002538,retail,prospect,2024-10-06,high,23.14
CUST002539,PTY002539,CN-0002539,affluent,prospect,2023-09-23,medium,19.52
CUST002540,PTY002540,CN-0002540,retail,active,2023-12-11,low,87.38
CUST002541,PTY002541,CN-0002541,affluent,active,2018-10-09,medium,82.55
CUST002542,PTY002542,CN-0002542,affluent,active,2023-11-05,very_high,93.63
CUST002543,PTY002543,CN-0002543,small_business,inactive,2023-10-03,medium,81.21
CUST002544,PTY002544,CN-0002544,retail,active,2024-03-30,medium,47.99
CUST002545,PTY002545,CN-0002545,retail,prospect,2023-05-01,high,82.72
CUST002546,PTY002546,CN-0002546,retail,active,2022-11-16,low,31.35
CUST002547,PTY002547,CN-0002547,small_business,lapsed,2019-05-16,high,40.86
CUST002548,PTY002548,CN-0002548,retail,active,2025-05-31,medium,48.26
CUST002549,PTY002549,CN-0002549,retail,prospect,2023-09-28,low,35.62
CUST002550,PTY002550,CN-0002550,small_business,active,2025-09-09,high,27.92
CUST002551,PTY002551,CN-0002551,small_business,prospect,2022-04-12,very_high,44.27
CUST002552,PTY002552,CN-0002552,retail,inactive,2022-04-01,very_high,58.89
CUST002553,PTY002553,CN-0002553,small_business,active,2018-09-25,medium,81.36
CUST002554,PTY002554,CN-0002554,affluent,inactive,2019-07-14,high,88.87
CUST002555,PTY002555,CN-0002555,small_business,active,2025-01-20,high,5.27
CUST002556,PTY002556,CN-0002556,affluent,inactive,2024-08-03,low,68.95
CUST002557,PTY002557,CN-0002557,retail,inactive,2019-04-05,high,47.97
CUST002558,PTY002558,CN-0002558,retail,inactive,2024-06-23,medium,83.27
CUST002559,PTY002559,CN-0002559,affluent,active,2025-09-01,medium,9.52
CUST002560,PTY002560,CN-0002560,affluent,inactive,2018-12-15,very_high,66.36
CUST002561,PTY002561,CN-0002561,small_business,active,2021-04-04,high,38.99
CUST002562,PTY002562,CN-0002562,affluent,former,2026-04-04,high,61.93
CUST002563,PTY002563,CN-0002563,affluent,lapsed,2025-07-07,very_high,58.28
CUST002564,PTY002564,CN-0002564,retail,inactive,2022-11-30,high,82.39
CUST002565,PTY002565,CN-0002565,small_business,lapsed,2023-07-02,high,75.42
CUST002566,PTY002566,CN-0002566,affluent,lapsed,2019-06-02,low,84.26
CUST002567,PTY002567,CN-0002567,retail,active,2018-07-30,low,44.11
CUST002568,PTY002568,CN-0002568,small_business,lapsed,2024-07-19,low,82.0
CUST002569,PTY002569,CN-0002569,affluent,inactive,2021-05-10,medium,63.93
CUST002570,PTY002570,CN-0002570,retail,active,2023-01-25,low,92.62
CUST002571,PTY002571,CN-0002571,affluent,inactive,2026-06-02,high,91.59
CUST002572,PTY002572,CN-0002572,small_business,former,2020-12-11,low,78.99
CUST002573,PTY002573,CN-0002573,small_business,active,2020-04-24,medium,52.31
CUST002574,PTY002574,CN-0002574,affluent,prospect,2022-05-22,low,18.22
CUST002575,PTY002575,CN-0002575,affluent,prospect,2020-06-10,medium,52.82
CUST002576,PTY002576,CN-0002576,small_business,former,2021-10-31,low,77.54
CUST002577,PTY002577,CN-0002577,retail,inactive,2024-06-25,very_high,83.43
CUST002578,PTY002578,CN-0002578,small_business,active,2018-11-23,low,88.75
CUST002579,PTY002579,CN-0002579,affluent,former,2018-04-03,medium,83.34
CUST002580,PTY002580,CN-0002580,small_business,inactive,2022-12-29,low,37.04
CUST002581,PTY002581,CN-0002581,affluent,former,2019-08-29,very_high,92.46
CUST002582,PTY002582,CN-0002582,retail,active,2024-07-24,high,8.94
CUST002583,PTY002583,CN-0002583,small_business,lapsed,2025-05-15,low,75.45
CUST002584,PTY002584,CN-0002584,affluent,prospect,2023-03-19,high,19.52
CUST002585,PTY002585,CN-0002585,small_business,prospect,2025-07-20,low,12.19
CUST002586,PTY002586,CN-0002586,affluent,prospect,2020-09-14,low,24.86
CUST002587,PTY002587,CN-0002587,retail,former,2023-12-22,very_high,30.74
CUST002588,PTY002588,CN-0002588,small_business,active,2025-04-01,low,24.33
CUST002589,PTY002589,CN-0002589,retail,inactive,2022-10-14,low,69.01
CUST002590,PTY002590,CN-0002590,affluent,former,2021-09-05,low,85.56
CUST002591,PTY002591,CN-0002591,retail,prospect,2026-01-16,high,32.77
CUST002592,PTY002592,CN-0002592,small_business,active,2019-07-10,very_high,20.66
CUST002593,PTY002593,CN-0002593,small_business,lapsed,2018-10-13,very_high,20.56
CUST002594,PTY002594,CN-0002594,small_business,active,2026-06-30,very_high,7.89
CUST002595,PTY002595,CN-0002595,small_business,inactive,2025-09-28,very_high,56.83
CUST002596,PTY002596,CN-0002596,small_business,active,2020-05-06,low,70.43
CUST002597,PTY002597,CN-0002597,small_business,inactive,2025-01-10,high,97.54
CUST002598,PTY002598,CN-0002598,small_business,prospect,2026-06-05,high,63.29
CUST002599,PTY002599,CN-0002599,small_business,lapsed,2021-04-10,medium,8.59
CUST002600,PTY002600,CN-0002600,small_business,former,2021-10-01,very_high,23.94
CUST002601,PTY002601,CN-0002601,affluent,active,2023-06-20,high,34.67
CUST002602,PTY002602,CN-0002602,retail,active,2019-04-19,high,24.61
CUST002603,PTY002603,CN-0002603,affluent,prospect,2025-08-12,medium,83.83
CUST002604,PTY002604,CN-0002604,small_business,active,2020-09-09,medium,45.69
CUST002605,PTY002605,CN-0002605,affluent,inactive,2019-10-11,very_high,99.68
CUST002606,PTY002606,CN-0002606,small_business,active,2025-04-17,low,34.31
CUST002607,PTY002607,CN-0002607,small_business,active,2020-10-18,low,37.77
CUST002608,PTY002608,CN-0002608,small_business,prospect,2020-11-10,very_high,7.65
CUST002609,PTY002609,CN-0002609,affluent,lapsed,2019-03-06,very_high,95.89
CUST002610,PTY002610,CN-0002610,affluent,active,2021-08-17,high,53.54
CUST002611,PTY002611,CN-0002611,small_business,active,2025-02-13,high,4.29
CUST002612,PTY002612,CN-0002612,retail,prospect,2022-03-10,medium,66.93
CUST002613,PTY002613,CN-0002613,retail,active,2024-02-18,very_high,98.01
CUST002614,PTY002614,CN-0002614,small_business,active,2018-02-03,very_high,41.97
CUST002615,PTY002615,CN-0002615,retail,former,2022-09-26,low,26.33
CUST002616,PTY002616,CN-0002616,affluent,active,2020-11-27,very_high,11.61
CUST002617,PTY002617,CN-0002617,affluent,active,2026-06-20,high,79.42
CUST002618,PTY002618,CN-0002618,affluent,active,2018-03-30,low,41.84
CUST002619,PTY002619,CN-0002619,small_business,lapsed,2022-07-06,low,56.97
CUST002620,PTY002620,CN-0002620,affluent,inactive,2019-12-11,high,93.85
CUST002621,PTY002621,CN-0002621,small_business,former,2023-09-17,high,87.12
CUST002622,PTY002622,CN-0002622,small_business,prospect,2026-06-18,medium,83.12
CUST002623,PTY002623,CN-0002623,small_business,inactive,2026-08-08,very_high,13.58
CUST002624,PTY002624,CN-0002624,retail,active,2023-07-04,high,88.83
CUST002625,PTY002625,CN-0002625,affluent,active,2018-03-29,low,78.88
CUST002626,PTY002626,CN-0002626,small_business,former,2026-06-30,high,77.57
CUST002627,PTY002627,CN-0002627,retail,active,2026-08-03,high,94.71
CUST002628,PTY002628,CN-0002628,affluent,former,2024-08-16,low,50.73
CUST002629,PTY002629,CN-0002629,affluent,active,2020-04-21,very_high,65.19
CUST002630,PTY002630,CN-0002630,affluent,active,2022-01-11,medium,21.44
CUST002631,PTY002631,CN-0002631,small_business,active,2021-03-09,low,82.94
CUST002632,PTY002632,CN-0002632,retail,lapsed,2019-01-22,low,60.5
CUST002633,PTY002633,CN-0002633,retail,active,2024-12-25,medium,51.27
CUST002634,PTY002634,CN-0002634,small_business,prospect,2025-02-21,medium,54.5
CUST002635,PTY002635,CN-0002635,retail,active,2022-06-10,high,78.75
CUST002636,PTY002636,CN-0002636,small_business,prospect,2018-06-11,medium,86.24
CUST002637,PTY002637,CN-0002637,retail,inactive,2020-08-10,low,72.42
CUST002638,PTY002638,CN-0002638,small_business,active,2021-12-29,medium,0.73
CUST002639,PTY002639,CN-0002639,small_business,prospect,2026-07-02,low,5.66
CUST002640,PTY002640,CN-0002640,small_business,lapsed,2025-09-27,high,9.97
CUST002641,PTY002641,CN-0002641,retail,active,2020-05-31,high,99.78
CUST002642,PTY002642,CN-0002642,affluent,lapsed,2020-09-10,low,5.95
CUST002643,PTY002643,CN-0002643,affluent,inactive,2023-06-01,high,9.88
CUST002644,PTY002644,CN-0002644,retail,active,2025-02-11,high,54.4
CUST002645,PTY002645,CN-0002645,retail,inactive,2023-03-23,very_high,15.1
CUST002646,PTY002646,CN-0002646,small_business,former,2022-05-16,very_high,20.47
CUST002647,PTY002647,CN-0002647,small_business,prospect,2019-12-28,very_high,84.2
CUST002648,PTY002648,CN-0002648,retail,active,2019-08-14,low,26.5
CUST002649,PTY002649,CN-0002649,affluent,lapsed,2025-10-13,medium,17.24
CUST002650,PTY002650,CN-0002650,retail,inactive,2019-02-13,low,3.54
CUST002651,PTY002651,CN-0002651,small_business,inactive,2021-06-05,very_high,9.92
CUST002652,PTY002652,CN-0002652,retail,prospect,2022-04-12,very_high,1.2
CUST002653,PTY002653,CN-0002653,small_business,active,2024-02-16,medium,5.61
CUST002654,PTY002654,CN-0002654,retail,prospect,2019-09-13,high,77.94
CUST002655,PTY002655,CN-0002655,small_business,former,2020-08-26,very_high,72.14
CUST002656,PTY002656,CN-0002656,affluent,active,2018-10-15,medium,40.93
CUST002657,PTY002657,CN-0002657,affluent,prospect,2024-02-06,low,33.9
CUST002658,PTY002658,CN-0002658,affluent,active,2023-05-03,low,5.99
CUST002659,PTY002659,CN-0002659,retail,active,2023-07-21,high,95.53
CUST002660,PTY002660,CN-0002660,retail,prospect,2024-04-25,very_high,21.62
CUST002661,PTY002661,CN-0002661,retail,active,2023-03-06,low,65.43
CUST002662,PTY002662,CN-0002662,retail,prospect,2019-12-05,low,20.42
CUST002663,PTY002663,CN-0002663,affluent,prospect,2022-04-09,very_high,88.46
CUST002664,PTY002664,CN-0002664,small_business,active,2025-05-07,medium,18.56
CUST002665,PTY002665,CN-0002665,small_business,active,2018-04-13,high,74.35
CUST002666,PTY002666,CN-0002666,small_business,prospect,2019-04-04,medium,54.72
CUST002667,PTY002667,CN-0002667,small_business,former,2018-10-08,low,45.48
CUST002668,PTY002668,CN-0002668,retail,active,2021-06-08,low,98.33
CUST002669,PTY002669,CN-0002669,retail,former,2019-08-16,high,29.31
CUST002670,PTY002670,CN-0002670,retail,active,2019-06-24,medium,9.28
CUST002671,PTY002671,CN-0002671,retail,active,2022-06-16,high,18.11
CUST002672,PTY002672,CN-0002672,small_business,former,2024-08-04,low,14.19
CUST002673,PTY002673,CN-0002673,affluent,lapsed,2026-03-20,low,58.33
CUST002674,PTY002674,CN-0002674,affluent,former,2021-06-03,very_high,79.78
CUST002675,PTY002675,CN-0002675,retail,active,2023-04-28,low,20.82
CUST002676,PTY002676,CN-0002676,small_business,lapsed,2020-01-19,high,31.58
CUST002677,PTY002677,CN-0002677,retail,active,2020-07-09,very_high,7.89
CUST002678,PTY002678,CN-0002678,affluent,former,2023-03-23,high,72.02
CUST002679,PTY002679,CN-0002679,affluent,active,2018-04-09,high,94.8
CUST002680,PTY002680,CN-0002680,small_business,inactive,2025-10-05,high,11.19
CUST002681,PTY002681,CN-0002681,retail,prospect,2018-06-01,low,57.5
CUST002682,PTY002682,CN-0002682,small_business,inactive,2019-03-29,low,17.07
CUST002683,PTY002683,CN-0002683,affluent,active,2022-10-27,high,73.25
CUST002684,PTY002684,CN-0002684,small_business,active,2024-01-04,very_high,55.6
CUST002685,PTY002685,CN-0002685,affluent,active,2023-10-06,medium,21.39
CUST002686,PTY002686,CN-0002686,retail,prospect,2022-04-03,high,31.2
CUST002687,PTY002687,CN-0002687,retail,inactive,2020-11-26,medium,43.83
CUST002688,PTY002688,CN-0002688,affluent,prospect,2025-05-16,low,57.19
CUST002689,PTY002689,CN-0002689,small_business,inactive,2023-07-03,medium,8.58
CUST002690,PTY002690,CN-0002690,retail,prospect,2021-05-16,very_high,57.13
CUST002691,PTY002691,CN-0002691,affluent,former,2026-02-22,medium,39.3
CUST002692,PTY002692,CN-0002692,affluent,active,2026-03-11,medium,78.54
CUST002693,PTY002693,CN-0002693,small_business,inactive,2020-08-01,high,50.99
CUST002694,PTY002694,CN-0002694,small_business,prospect,2021-01-12,medium,11.73
CUST002695,PTY002695,CN-0002695,affluent,active,2024-06-09,high,27.43
CUST002696,PTY002696,CN-0002696,retail,lapsed,2020-02-07,low,16.82
CUST002697,PTY002697,CN-0002697,retail,lapsed,2019-11-13,very_high,68.63
CUST002698,PTY002698,CN-0002698,retail,former,2026-04-30,low,35.93
CUST002699,PTY002699,CN-0002699,retail,active,2021-09-08,medium,0.2
CUST002700,PTY002700,CN-0002700,retail,inactive,2018-03-26,very_high,24.87
CUST002701,PTY002701,CN-0002701,affluent,lapsed,2021-04-09,very_high,45.34
CUST002702,PTY002702,CN-0002702,retail,inactive,2024-08-28,low,0.34
CUST002703,PTY002703,CN-0002703,affluent,former,2023-11-05,low,12.13
CUST002704,PTY002704,CN-0002704,small_business,former,2019-05-03,low,2.31
CUST002705,PTY002705,CN-0002705,small_business,inactive,2019-01-14,medium,82.04
CUST002706,PTY002706,CN-0002706,affluent,active,2019-07-23,medium,93.38
CUST002707,PTY002707,CN-0002707,affluent,lapsed,2026-04-28,very_high,74.0
CUST002708,PTY002708,CN-0002708,retail,active,2024-12-05,low,54.18
CUST002709,PTY002709,CN-0002709,small_business,active,2026-03-22,low,94.28
CUST002710,PTY002710,CN-0002710,small_business,active,2024-02-22,high,38.85
CUST002711,PTY002711,CN-0002711,retail,prospect,2018-06-16,high,68.43
CUST002712,PTY002712,CN-0002712,small_business,prospect,2020-10-17,low,72.3
CUST002713,PTY002713,CN-0002713,small_business,prospect,2020-09-27,low,52.34
CUST002714,PTY002714,CN-0002714,small_business,prospect,2018-12-15,high,69.43
CUST002715,PTY002715,CN-0002715,affluent,active,2021-09-12,high,15.01
CUST002716,PTY002716,CN-0002716,retail,lapsed,2018-03-16,high,80.49
CUST002717,PTY002717,CN-0002717,retail,prospect,2025-06-15,high,20.35
CUST002718,PTY002718,CN-0002718,retail,active,2026-07-21,very_high,41.11
CUST002719,PTY002719,CN-0002719,small_business,active,2023-01-03,high,28.34
CUST002720,PTY002720,CN-0002720,small_business,former,2025-11-23,very_high,43.19
CUST002721,PTY002721,CN-0002721,affluent,prospect,2019-08-31,low,5.86
CUST002722,PTY002722,CN-0002722,small_business,lapsed,2019-07-20,low,81.01
CUST002723,PTY002723,CN-0002723,affluent,prospect,2025-12-03,medium,92.07
CUST002724,PTY002724,CN-0002724,retail,inactive,2025-04-27,very_high,59.65
CUST002725,PTY002725,CN-0002725,small_business,prospect,2026-08-08,medium,96.1
CUST002726,PTY002726,CN-0002726,retail,prospect,2022-05-21,high,50.08
CUST002727,PTY002727,CN-0002727,small_business,active,2018-10-14,high,90.48
CUST002728,PTY002728,CN-0002728,retail,former,2023-03-31,high,63.72
CUST002729,PTY002729,CN-0002729,small_business,active,2020-02-29,medium,95.1
CUST002730,PTY002730,CN-0002730,small_business,active,2020-06-29,low,0.84
CUST002731,PTY002731,CN-0002731,retail,inactive,2018-12-24,low,99.25
CUST002732,PTY002732,CN-0002732,retail,inactive,2024-04-12,high,10.72
CUST002733,PTY002733,CN-0002733,affluent,active,2019-04-21,low,62.83
CUST002734,PTY002734,CN-0002734,small_business,active,2025-01-30,low,28.69
CUST002735,PTY002735,CN-0002735,retail,prospect,2022-06-17,low,46.46
CUST002736,PTY002736,CN-0002736,retail,prospect,2019-12-10,high,42.65
CUST002737,PTY002737,CN-0002737,retail,prospect,2018-04-07,medium,56.16
CUST002738,PTY002738,CN-0002738,retail,active,2023-11-10,low,2.96
CUST002739,PTY002739,CN-0002739,affluent,active,2026-02-11,medium,98.36
CUST002740,PTY002740,CN-0002740,affluent,lapsed,2019-06-05,very_high,6.86
CUST002741,PTY002741,CN-0002741,retail,prospect,2019-01-02,high,94.65
CUST002742,PTY002742,CN-0002742,small_business,prospect,2026-01-08,very_high,73.54
CUST002743,PTY002743,CN-0002743,small_business,active,2022-11-18,high,31.21
CUST002744,PTY002744,CN-0002744,retail,active,2026-02-19,medium,89.38
CUST002745,PTY002745,CN-0002745,small_business,active,2022-12-07,high,38.28
CUST002746,PTY002746,CN-0002746,retail,inactive,2018-04-14,low,33.29
CUST002747,PTY002747,CN-0002747,small_business,active,2018-01-29,medium,96.4
CUST002748,PTY002748,CN-0002748,small_business,former,2021-06-20,medium,25.95
CUST002749,PTY002749,CN-0002749,affluent,active,2021-12-03,low,49.12
CUST002750,PTY002750,CN-0002750,affluent,active,2022-08-06,medium,94.02
CUST002751,PTY002751,CN-0002751,retail,lapsed,2026-06-28,medium,82.61
CUST002752,PTY002752,CN-0002752,retail,active,2025-06-29,very_high,98.69
CUST002753,PTY002753,CN-0002753,small_business,former,2023-09-18,very_high,70.36
CUST002754,PTY002754,CN-0002754,small_business,lapsed,2022-05-06,very_high,95.27
CUST002755,PTY002755,CN-0002755,small_business,prospect,2019-06-17,very_high,88.39
CUST002756,PTY002756,CN-0002756,affluent,active,2022-08-02,high,79.01
CUST002757,PTY002757,CN-0002757,small_business,active,2021-04-16,low,66.24
CUST002758,PTY002758,CN-0002758,retail,lapsed,2024-06-26,medium,36.16
CUST002759,PTY002759,CN-0002759,small_business,prospect,2018-05-30,high,50.06
CUST002760,PTY002760,CN-0002760,small_business,active,2023-06-03,medium,23.53
CUST002761,PTY002761,CN-0002761,retail,active,2021-01-18,low,30.72
CUST002762,PTY002762,CN-0002762,affluent,former,2022-09-14,very_high,54.77
CUST002763,PTY002763,CN-0002763,retail,prospect,2019-03-29,high,79.06
CUST002764,PTY002764,CN-0002764,small_business,inactive,2022-11-08,high,16.36
CUST002765,PTY002765,CN-0002765,affluent,former,2020-11-17,medium,1.72
CUST002766,PTY002766,CN-0002766,affluent,lapsed,2022-06-26,high,80.1
CUST002767,PTY002767,CN-0002767,retail,former,2025-03-17,low,10.11
CUST002768,PTY002768,CN-0002768,affluent,active,2025-12-19,medium,54.67
CUST002769,PTY002769,CN-0002769,affluent,active,2018-11-25,very_high,24.91
CUST002770,PTY002770,CN-0002770,small_business,active,2025-07-01,high,22.53
CUST002771,PTY002771,CN-0002771,affluent,former,2025-08-05,high,50.04
CUST002772,PTY002772,CN-0002772,retail,lapsed,2023-08-22,low,52.82
CUST002773,PTY002773,CN-0002773,affluent,former,2021-02-09,very_high,53.68
CUST002774,PTY002774,CN-0002774,small_business,active,2022-07-18,low,34.73
CUST002775,PTY002775,CN-0002775,retail,prospect,2019-02-07,medium,9.11
CUST002776,PTY002776,CN-0002776,small_business,active,2022-02-28,high,8.23
CUST002777,PTY002777,CN-0002777,retail,active,2026-02-22,low,11.85
CUST002778,PTY002778,CN-0002778,retail,active,2022-07-03,very_high,0.42
CUST002779,PTY002779,CN-0002779,small_business,active,2020-09-08,low,71.35
CUST002780,PTY002780,CN-0002780,affluent,active,2025-03-14,low,98.75
CUST002781,PTY002781,CN-0002781,retail,prospect,2020-04-09,medium,10.5
CUST002782,PTY002782,CN-0002782,affluent,former,2023-01-04,low,8.02
CUST002783,PTY002783,CN-0002783,retail,prospect,2021-02-04,medium,29.78
CUST002784,PTY002784,CN-0002784,retail,active,2023-04-29,low,75.02
CUST002785,PTY002785,CN-0002785,affluent,prospect,2023-07-27,very_high,76.19
CUST002786,PTY002786,CN-0002786,small_business,prospect,2024-03-22,low,88.46
CUST002787,PTY002787,CN-0002787,small_business,active,2026-07-01,high,68.37
CUST002788,PTY002788,CN-0002788,retail,lapsed,2024-12-01,high,9.85
CUST002789,PTY002789,CN-0002789,small_business,former,2025-04-08,very_high,82.15
CUST002790,PTY002790,CN-0002790,small_business,prospect,2021-09-08,low,7.7
CUST002791,PTY002791,CN-0002791,small_business,active,2022-11-28,high,53.01
CUST002792,PTY002792,CN-0002792,retail,prospect,2025-12-02,very_high,92.26
CUST002793,PTY002793,CN-0002793,affluent,lapsed,2024-04-05,very_high,52.26
CUST002794,PTY002794,CN-0002794,small_business,active,2018-01-15,very_high,59.87
CUST002795,PTY002795,CN-0002795,affluent,active,2018-08-19,very_high,11.2
CUST002796,PTY002796,CN-0002796,retail,active,2022-08-29,low,55.25
CUST002797,PTY002797,CN-0002797,retail,former,2023-09-29,very_high,97.59
CUST002798,PTY002798,CN-0002798,retail,active,2019-09-26,very_high,25.13
CUST002799,PTY002799,CN-0002799,retail,inactive,2023-07-02,medium,48.52
CUST002800,PTY002800,CN-0002800,retail,active,2020-07-17,very_high,55.97
CUST002801,PTY002801,CN-0002801,retail,active,2019-03-11,high,54.7
CUST002802,PTY002802,CN-0002802,affluent,lapsed,2025-07-22,high,78.44
CUST002803,PTY002803,CN-0002803,affluent,prospect,2023-03-22,low,16.97
CUST002804,PTY002804,CN-0002804,affluent,former,2020-11-18,high,19.42
CUST002805,PTY002805,CN-0002805,retail,active,2026-08-12,very_high,96.4
CUST002806,PTY002806,CN-0002806,retail,active,2019-10-27,low,78.93
CUST002807,PTY002807,CN-0002807,affluent,lapsed,2022-04-24,very_high,55.15
CUST002808,PTY002808,CN-0002808,small_business,active,2023-02-11,very_high,1.99
CUST002809,PTY002809,CN-0002809,affluent,lapsed,2022-12-18,high,6.63
CUST002810,PTY002810,CN-0002810,affluent,prospect,2024-12-13,medium,57.81
CUST002811,PTY002811,CN-0002811,affluent,lapsed,2022-02-02,medium,8.94
CUST002812,PTY002812,CN-0002812,affluent,prospect,2018-08-13,very_high,89.46
CUST002813,PTY002813,CN-0002813,small_business,prospect,2019-08-18,low,48.03
CUST002814,PTY002814,CN-0002814,retail,active,2018-02-09,high,4.64
CUST002815,PTY002815,CN-0002815,affluent,former,2025-04-11,high,89.28
CUST002816,PTY002816,CN-0002816,small_business,former,2019-10-04,medium,70.28
CUST002817,PTY002817,CN-0002817,retail,inactive,2025-10-17,medium,57.79
CUST002818,PTY002818,CN-0002818,affluent,former,2021-03-27,high,50.34
CUST002819,PTY002819,CN-0002819,retail,prospect,2020-06-21,high,91.29
CUST002820,PTY002820,CN-0002820,small_business,inactive,2026-04-14,low,81.4
CUST002821,PTY002821,CN-0002821,retail,prospect,2021-07-19,medium,10.09
CUST002822,PTY002822,CN-0002822,small_business,active,2018-10-19,high,76.37
CUST002823,PTY002823,CN-0002823,affluent,active,2026-01-04,high,40.43
CUST002824,PTY002824,CN-0002824,retail,lapsed,2020-09-30,high,23.27
CUST002825,PTY002825,CN-0002825,retail,prospect,2024-03-02,low,32.59
CUST002826,PTY002826,CN-0002826,small_business,active,2019-05-01,very_high,25.96
CUST002827,PTY002827,CN-0002827,small_business,inactive,2019-09-29,very_high,85.55
CUST002828,PTY002828,CN-0002828,small_business,active,2019-05-16,medium,55.18
CUST002829,PTY002829,CN-0002829,affluent,former,2021-08-07,low,13.68
CUST002830,PTY002830,CN-0002830,retail,active,2026-08-22,very_high,32.95
CUST002831,PTY002831,CN-0002831,retail,active,2019-02-08,high,76.51
CUST002832,PTY002832,CN-0002832,affluent,prospect,2023-08-01,high,36.23
CUST002833,PTY002833,CN-0002833,small_business,former,2019-09-26,low,76.24
CUST002834,PTY002834,CN-0002834,small_business,active,2024-09-17,medium,73.44
CUST002835,PTY002835,CN-0002835,retail,active,2018-03-19,high,43.51
CUST002836,PTY002836,CN-0002836,small_business,former,2026-04-12,high,42.29
CUST002837,PTY002837,CN-0002837,small_business,active,2023-03-10,low,35.81
CUST002838,PTY002838,CN-0002838,retail,prospect,2022-12-14,very_high,20.36
CUST002839,PTY002839,CN-0002839,small_business,prospect,2023-08-11,high,38.43
CUST002840,PTY002840,CN-0002840,affluent,active,2020-12-15,medium,48.12
CUST002841,PTY002841,CN-0002841,retail,active,2026-02-08,low,48.67
CUST002842,PTY002842,CN-0002842,retail,inactive,2021-06-11,low,77.63
CUST002843,PTY002843,CN-0002843,small_business,former,2022-12-17,low,84.05
CUST002844,PTY002844,CN-0002844,small_business,lapsed,2023-08-24,very_high,67.17
CUST002845,PTY002845,CN-0002845,retail,active,2022-04-20,medium,33.23
CUST002846,PTY002846,CN-0002846,small_business,lapsed,2026-08-23,very_high,98.13
CUST002847,PTY002847,CN-0002847,retail,inactive,2023-01-21,high,99.7
CUST002848,PTY002848,CN-0002848,small_business,active,2023-01-12,high,13.61
CUST002849,PTY002849,CN-0002849,affluent,active,2022-12-30,medium,14.38
CUST002850,PTY002850,CN-0002850,affluent,active,2018-10-04,high,20.82
CUST002851,PTY002851,CN-0002851,small_business,active,2024-02-25,very_high,69.16
CUST002852,PTY002852,CN-0002852,affluent,active,2022-01-06,medium,89.31
CUST002853,PTY002853,CN-0002853,affluent,inactive,2022-11-02,very_high,60.74
CUST002854,PTY002854,CN-0002854,affluent,lapsed,2022-07-23,low,79.73
CUST002855,PTY002855,CN-0002855,affluent,active,2023-10-19,medium,17.64
CUST002856,PTY002856,CN-0002856,small_business,former,2025-10-13,high,77.74
CUST002857,PTY002857,CN-0002857,retail,active,2020-11-29,low,68.73
CUST002858,PTY002858,CN-0002858,retail,active,2024-10-09,medium,57.77
CUST002859,PTY002859,CN-0002859,retail,active,2026-04-29,very_high,42.91
CUST002860,PTY002860,CN-0002860,retail,active,2020-11-20,medium,68.18
CUST002861,PTY002861,CN-0002861,small_business,active,2026-04-11,very_high,5.78
CUST002862,PTY002862,CN-0002862,affluent,inactive,2023-04-25,very_high,49.98
CUST002863,PTY002863,CN-0002863,small_business,active,2021-10-20,medium,43.63
CUST002864,PTY002864,CN-0002864,affluent,lapsed,2018-11-12,low,24.12
CUST002865,PTY002865,CN-0002865,small_business,active,2023-11-29,medium,47.69
CUST002866,PTY002866,CN-0002866,affluent,former,2022-07-07,medium,45.54
CUST002867,PTY002867,CN-0002867,retail,prospect,2020-04-24,medium,17.54
CUST002868,PTY002868,CN-0002868,retail,active,2025-03-20,low,10.64
CUST002869,PTY002869,CN-0002869,small_business,former,2018-11-04,high,65.12
CUST002870,PTY002870,CN-0002870,small_business,inactive,2023-07-01,low,96.87
CUST002871,PTY002871,CN-0002871,small_business,active,2019-03-13,low,77.94
CUST002872,PTY002872,CN-0002872,affluent,inactive,2019-10-08,high,11.4
CUST002873,PTY002873,CN-0002873,affluent,active,2021-01-03,medium,3.24
CUST002874,PTY002874,CN-0002874,retail,former,2019-12-21,very_high,95.54
CUST002875,PTY002875,CN-0002875,retail,inactive,2018-02-02,medium,18.72
CUST002876,PTY002876,CN-0002876,affluent,active,2020-01-09,low,9.57
CUST002877,PTY002877,CN-0002877,retail,lapsed,2020-12-26,very_high,26.86
CUST002878,PTY002878,CN-0002878,retail,active,2018-11-14,low,86.84
CUST002879,PTY002879,CN-0002879,small_business,former,2023-01-20,low,92.16
CUST002880,PTY002880,CN-0002880,small_business,active,2018-11-26,very_high,88.71
CUST002881,PTY002881,CN-0002881,small_business,lapsed,2018-06-11,low,94.14
CUST002882,PTY002882,CN-0002882,affluent,active,2021-04-07,medium,18.47
CUST002883,PTY002883,CN-0002883,retail,active,2023-02-23,high,37.67
CUST002884,PTY002884,CN-0002884,retail,former,2020-07-05,very_high,15.99
CUST002885,PTY002885,CN-0002885,small_business,active,2021-02-15,medium,91.59
CUST002886,PTY002886,CN-0002886,affluent,active,2018-01-22,low,74.14
CUST002887,PTY002887,CN-0002887,small_business,active,2026-06-25,low,15.63
CUST002888,PTY002888,CN-0002888,affluent,lapsed,2021-12-03,high,10.87
CUST002889,PTY002889,CN-0002889,retail,lapsed,2024-10-08,medium,12.72
CUST002890,PTY002890,CN-0002890,retail,former,2025-11-10,very_high,18.02
CUST002891,PTY002891,CN-0002891,retail,inactive,2018-12-23,low,82.22
CUST002892,PTY002892,CN-0002892,small_business,lapsed,2020-06-29,low,29.85
CUST002893,PTY002893,CN-0002893,affluent,former,2026-08-30,very_high,5.95
CUST002894,PTY002894,CN-0002894,affluent,active,2022-10-30,very_high,39.51
CUST002895,PTY002895,CN-0002895,retail,active,2021-09-18,medium,55.3
CUST002896,PTY002896,CN-0002896,small_business,active,2021-05-29,very_high,26.48
CUST002897,PTY002897,CN-0002897,affluent,inactive,2026-05-26,high,2.34
CUST002898,PTY002898,CN-0002898,retail,inactive,2026-02-08,very_high,30.14
CUST002899,PTY002899,CN-0002899,small_business,lapsed,2018-01-12,very_high,99.37
CUST002900,PTY002900,CN-0002900,small_business,former,2026-06-14,low,16.96
CUST002901,PTY002901,CN-0002901,retail,lapsed,2024-02-13,low,56.5
CUST002902,PTY002902,CN-0002902,affluent,prospect,2019-12-05,medium,18.62
CUST002903,PTY002903,CN-0002903,small_business,former,2018-11-15,high,88.21
CUST002904,PTY002904,CN-0002904,affluent,prospect,2020-09-02,high,25.9
CUST002905,PTY002905,CN-0002905,retail,inactive,2024-06-02,medium,17.34
CUST002906,PTY002906,CN-0002906,small_business,active,2019-10-05,medium,20.63
CUST002907,PTY002907,CN-0002907,retail,active,2018-01-27,high,6.72
CUST002908,PTY002908,CN-0002908,small_business,lapsed,2019-09-23,high,34.41
CUST002909,PTY002909,CN-0002909,retail,inactive,2018-09-01,medium,98.93
CUST002910,PTY002910,CN-0002910,small_business,former,2021-03-07,low,22.6
CUST002911,PTY002911,CN-0002911,affluent,inactive,2022-07-17,high,69.51
CUST002912,PTY002912,CN-0002912,affluent,active,2020-05-02,medium,19.27
CUST002913,PTY002913,CN-0002913,small_business,former,2019-10-27,medium,39.41
CUST002914,PTY002914,CN-0002914,affluent,active,2019-10-31,medium,0.72
CUST002915,PTY002915,CN-0002915,retail,active,2024-01-11,medium,12.24
CUST002916,PTY002916,CN-0002916,small_business,prospect,2021-01-08,medium,87.97
CUST002917,PTY002917,CN-0002917,small_business,former,2018-08-24,high,75.14
CUST002918,PTY002918,CN-0002918,small_business,former,2022-05-28,medium,95.14
CUST002919,PTY002919,CN-0002919,retail,active,2019-04-28,very_high,40.15
CUST002920,PTY002920,CN-0002920,small_business,active,2018-11-05,high,58.8
CUST002921,PTY002921,CN-0002921,retail,prospect,2021-02-12,low,38.39
CUST002922,PTY002922,CN-0002922,small_business,lapsed,2024-09-04,low,56.64
CUST002923,PTY002923,CN-0002923,small_business,inactive,2023-01-10,low,58.6
CUST002924,PTY002924,CN-0002924,small_business,active,2020-01-11,low,70.3
CUST002925,PTY002925,CN-0002925,small_business,active,2019-02-14,medium,72.25
CUST002926,PTY002926,CN-0002926,small_business,former,2019-06-09,high,47.35
CUST002927,PTY002927,CN-0002927,affluent,former,2019-09-12,very_high,25.19
CUST002928,PTY002928,CN-0002928,retail,lapsed,2019-02-26,low,89.04
CUST002929,PTY002929,CN-0002929,retail,active,2022-10-10,medium,2.64
CUST002930,PTY002930,CN-0002930,affluent,active,2024-05-28,high,31.54
CUST002931,PTY002931,CN-0002931,small_business,prospect,2019-07-17,medium,16.62
CUST002932,PTY002932,CN-0002932,retail,active,2019-03-10,medium,86.01
CUST002933,PTY002933,CN-0002933,retail,active,2021-12-23,low,27.09
CUST002934,PTY002934,CN-0002934,retail,prospect,2026-01-27,low,29.95
CUST002935,PTY002935,CN-0002935,retail,inactive,2025-06-21,very_high,48.51
CUST002936,PTY002936,CN-0002936,small_business,lapsed,2024-08-18,medium,26.09
CUST002937,PTY002937,CN-0002937,retail,active,2024-10-15,high,86.0
CUST002938,PTY002938,CN-0002938,retail,inactive,2019-09-21,medium,70.82
CUST002939,PTY002939,CN-0002939,affluent,former,2020-11-07,high,70.04
CUST002940,PTY002940,CN-0002940,retail,inactive,2024-01-20,medium,73.6
CUST002941,PTY002941,CN-0002941,small_business,former,2018-01-31,very_high,49.26
CUST002942,PTY002942,CN-0002942,small_business,lapsed,2022-11-03,very_high,82.95
CUST002943,PTY002943,CN-0002943,retail,active,2020-03-23,medium,58.89
CUST002944,PTY002944,CN-0002944,small_business,active,2024-04-05,low,35.8
CUST002945,PTY002945,CN-0002945,retail,active,2024-12-04,high,46.73
CUST002946,PTY002946,CN-0002946,affluent,active,2024-02-02,very_high,27.49
CUST002947,PTY002947,CN-0002947,small_business,lapsed,2023-10-30,high,73.52
CUST002948,PTY002948,CN-0002948,retail,former,2023-12-13,medium,97.27
CUST002949,PTY002949,CN-0002949,affluent,active,2021-08-06,very_high,13.5
CUST002950,PTY002950,CN-0002950,retail,lapsed,2019-12-06,high,39.79
CUST002951,PTY002951,CN-0002951,affluent,inactive,2019-05-29,medium,36.24
CUST002952,PTY002952,CN-0002952,affluent,former,2020-06-06,high,73.71
CUST002953,PTY002953,CN-0002953,affluent,active,2018-11-25,medium,55.54
CUST002954,PTY002954,CN-0002954,retail,former,2019-12-09,high,0.86
CUST002955,PTY002955,CN-0002955,affluent,active,2019-03-12,high,72.93
CUST002956,PTY002956,CN-0002956,affluent,active,2025-06-11,medium,75.69
CUST002957,PTY002957,CN-0002957,small_business,active,2021-05-13,very_high,18.87
CUST002958,PTY002958,CN-0002958,small_business,active,2026-07-12,low,9.06
CUST002959,PTY002959,CN-0002959,retail,active,2019-11-26,high,8.72
CUST002960,PTY002960,CN-0002960,affluent,active,2024-05-22,low,78.81
CUST002961,PTY002961,CN-0002961,affluent,lapsed,2024-10-16,very_high,39.44
CUST002962,PTY002962,CN-0002962,small_business,prospect,2025-10-12,medium,40.99
CUST002963,PTY002963,CN-0002963,small_business,former,2018-01-02,high,82.8
CUST002964,PTY002964,CN-0002964,affluent,active,2018-08-04,very_high,19.42
CUST002965,PTY002965,CN-0002965,small_business,former,2018-10-01,high,64.7
CUST002966,PTY002966,CN-0002966,affluent,active,2018-03-18,low,4.99
CUST002967,PTY002967,CN-0002967,retail,inactive,2026-07-12,medium,24.56
CUST002968,PTY002968,CN-0002968,retail,inactive,2026-07-23,medium,13.45
CUST002969,PTY002969,CN-0002969,small_business,prospect,2021-05-05,low,94.96
CUST002970,PTY002970,CN-0002970,small_business,former,2020-06-29,low,69.48
CUST002971,PTY002971,CN-0002971,retail,inactive,2022-09-16,medium,46.14
CUST002972,PTY002972,CN-0002972,retail,active,2025-05-23,very_high,28.1
CUST002973,PTY002973,CN-0002973,affluent,lapsed,2019-03-31,very_high,83.1
CUST002974,PTY002974,CN-0002974,small_business,active,2018-08-13,medium,39.09
CUST002975,PTY002975,CN-0002975,affluent,inactive,2020-06-13,high,1.03
CUST002976,PTY002976,CN-0002976,small_business,active,2024-06-02,very_high,17.35
CUST002977,PTY002977,CN-0002977,small_business,prospect,2021-01-16,very_high,82.62
CUST002978,PTY002978,CN-0002978,retail,former,2025-05-23,medium,67.33
CUST002979,PTY002979,CN-0002979,retail,former,2020-04-22,very_high,11.47
CUST002980,PTY002980,CN-0002980,affluent,active,2025-03-18,high,71.26
CUST002981,PTY002981,CN-0002981,small_business,active,2022-11-18,medium,71.54
CUST002982,PTY002982,CN-0002982,small_business,active,2022-05-13,high,11.63
CUST002983,PTY002983,CN-0002983,retail,active,2026-05-26,medium,46.39
CUST002984,PTY002984,CN-0002984,small_business,inactive,2025-05-21,high,47.66
CUST002985,PTY002985,CN-0002985,retail,active,2022-09-18,medium,79.0
CUST002986,PTY002986,CN-0002986,small_business,active,2024-10-11,low,81.88
CUST002987,PTY002987,CN-0002987,retail,active,2022-10-22,high,85.83
CUST002988,PTY002988,CN-0002988,affluent,inactive,2019-02-14,very_high,1.98
CUST002989,PTY002989,CN-0002989,small_business,inactive,2018-12-21,medium,17.24
CUST002990,PTY002990,CN-0002990,retail,prospect,2025-10-27,medium,28.7
CUST002991,PTY002991,CN-0002991,small_business,active,2020-06-16,high,77.15
CUST002992,PTY002992,CN-0002992,small_business,active,2018-11-15,medium,26.87
CUST002993,PTY002993,CN-0002993,small_business,former,2022-10-21,medium,50.1
CUST002994,PTY002994,CN-0002994,affluent,active,2022-05-12,very_high,57.03
CUST002995,PTY002995,CN-0002995,retail,active,2018-02-14,high,77.27
CUST002996,PTY002996,CN-0002996,affluent,active,2022-02-23,very_high,84.21
CUST002997,PTY002997,CN-0002997,small_business,inactive,2019-07-15,low,28.09
CUST002998,PTY002998,CN-0002998,retail,active,2023-03-31,very_high,73.39
CUST002999,PTY002999,CN-0002999,retail,lapsed,2020-12-26,low,97.93
CUST003000,PTY003000,CN-0003000,affluent,active,2018-01-14,medium,50.09
CUST003001,PTY003001,CN-0003001,affluent,active,2021-10-13,very_high,74.19
CUST003002,PTY003002,CN-0003002,retail,prospect,2021-01-02,very_high,72.61
CUST003003,PTY003003,CN-0003003,small_business,former,2020-08-18,low,83.52
CUST003004,PTY003004,CN-0003004,affluent,former,2018-05-14,medium,47.7
CUST003005,PTY003005,CN-0003005,small_business,lapsed,2018-11-15,very_high,4.99
CUST003006,PTY003006,CN-0003006,affluent,lapsed,2023-06-25,very_high,73.7
CUST003007,PTY003007,CN-0003007,retail,active,2021-04-17,high,27.58
CUST003008,PTY003008,CN-0003008,retail,active,2023-02-16,very_high,8.24
CUST003009,PTY003009,CN-0003009,small_business,former,2026-06-10,high,87.85
CUST003010,PTY003010,CN-0003010,small_business,former,2020-11-16,very_high,13.14
CUST003011,PTY003011,CN-0003011,retail,active,2022-05-08,low,36.77
CUST003012,PTY003012,CN-0003012,affluent,prospect,2021-05-01,high,81.65
CUST003013,PTY003013,CN-0003013,affluent,inactive,2026-05-16,low,93.84
CUST003014,PTY003014,CN-0003014,small_business,active,2019-09-03,medium,57.69
CUST003015,PTY003015,CN-0003015,retail,former,2019-03-27,high,33.45
CUST003016,PTY003016,CN-0003016,small_business,lapsed,2025-10-27,very_high,2.04
CUST003017,PTY003017,CN-0003017,small_business,active,2020-08-25,very_high,3.33
CUST003018,PTY003018,CN-0003018,retail,lapsed,2018-05-30,medium,44.42
CUST003019,PTY003019,CN-0003019,affluent,inactive,2022-10-07,medium,21.13
CUST003020,PTY003020,CN-0003020,small_business,lapsed,2022-06-12,very_high,66.59
CUST003021,PTY003021,CN-0003021,small_business,active,2018-04-02,low,54.8
CUST003022,PTY003022,CN-0003022,retail,lapsed,2019-07-10,medium,42.06
CUST003023,PTY003023,CN-0003023,affluent,lapsed,2023-05-02,high,77.61
CUST003024,PTY003024,CN-0003024,retail,former,2024-11-21,very_high,50.81
CUST003025,PTY003025,CN-0003025,small_business,active,2023-09-08,medium,50.24
CUST003026,PTY003026,CN-0003026,affluent,inactive,2021-09-11,low,38.72
CUST003027,PTY003027,CN-0003027,retail,inactive,2026-06-05,very_high,20.44
CUST003028,PTY003028,CN-0003028,retail,lapsed,2025-08-16,very_high,98.74
CUST003029,PTY003029,CN-0003029,affluent,former,2018-04-09,high,79.88
CUST003030,PTY003030,CN-0003030,small_business,former,2025-02-24,low,84.38
CUST003031,PTY003031,CN-0003031,small_business,inactive,2025-02-21,medium,13.9
CUST003032,PTY003032,CN-0003032,affluent,active,2019-04-29,low,26.24
CUST003033,PTY003033,CN-0003033,small_business,former,2024-04-16,low,54.51
CUST003034,PTY003034,CN-0003034,affluent,lapsed,2022-07-03,very_high,2.97
CUST003035,PTY003035,CN-0003035,retail,active,2022-05-20,low,76.25
CUST003036,PTY003036,CN-0003036,retail,inactive,2022-07-06,low,47.46
CUST003037,PTY003037,CN-0003037,affluent,active,2024-07-04,low,67.29
CUST003038,PTY003038,CN-0003038,affluent,active,2024-05-09,very_high,12.0
CUST003039,PTY003039,CN-0003039,small_business,lapsed,2019-09-23,high,96.58
CUST003040,PTY003040,CN-0003040,retail,former,2026-08-18,medium,46.37
CUST003041,PTY003041,CN-0003041,affluent,prospect,2023-02-18,very_high,82.24
CUST003042,PTY003042,CN-0003042,affluent,active,2021-06-15,medium,40.52
CUST003043,PTY003043,CN-0003043,retail,prospect,2021-04-10,medium,71.8
CUST003044,PTY003044,CN-0003044,affluent,lapsed,2024-08-19,medium,97.25
CUST003045,PTY003045,CN-0003045,affluent,former,2018-12-23,medium,95.76
CUST003046,PTY003046,CN-0003046,affluent,lapsed,2021-05-23,low,11.3
CUST003047,PTY003047,CN-0003047,affluent,inactive,2022-01-09,very_high,44.96
CUST003048,PTY003048,CN-0003048,affluent,active,2022-04-08,low,61.69
CUST003049,PTY003049,CN-0003049,small_business,active,2024-01-16,low,36.79
CUST003050,PTY003050,CN-0003050,affluent,active,2024-10-23,high,23.2
CUST003051,PTY003051,CN-0003051,affluent,former,2023-10-01,high,65.87
CUST003052,PTY003052,CN-0003052,retail,lapsed,2020-10-01,medium,78.28
CUST003053,PTY003053,CN-0003053,affluent,former,2025-10-12,low,46.59
CUST003054,PTY003054,CN-0003054,retail,active,2024-01-16,very_high,50.2
CUST003055,PTY003055,CN-0003055,small_business,lapsed,2018-01-23,very_high,95.38
CUST003056,PTY003056,CN-0003056,affluent,active,2021-01-15,low,34.37
CUST003057,PTY003057,CN-0003057,affluent,inactive,2025-03-27,low,10.3
CUST003058,PTY003058,CN-0003058,small_business,former,2025-04-18,medium,90.13
CUST003059,PTY003059,CN-0003059,affluent,prospect,2025-05-02,high,0.15
CUST003060,PTY003060,CN-0003060,retail,prospect,2023-01-13,very_high,5.44
CUST003061,PTY003061,CN-0003061,retail,active,2024-09-19,high,4.25
CUST003062,PTY003062,CN-0003062,retail,prospect,2018-07-16,low,51.76
CUST003063,PTY003063,CN-0003063,small_business,active,2018-09-26,very_high,15.02
CUST003064,PTY003064,CN-0003064,affluent,active,2019-11-10,medium,65.13
CUST003065,PTY003065,CN-0003065,small_business,former,2026-08-22,high,84.24
CUST003066,PTY003066,CN-0003066,retail,lapsed,2021-08-29,low,45.76
CUST003067,PTY003067,CN-0003067,affluent,lapsed,2023-10-16,high,95.14
CUST003068,PTY003068,CN-0003068,affluent,lapsed,2020-01-24,very_high,63.13
CUST003069,PTY003069,CN-0003069,retail,active,2018-12-30,low,42.3
CUST003070,PTY003070,CN-0003070,affluent,prospect,2024-08-23,very_high,85.86
CUST003071,PTY003071,CN-0003071,small_business,active,2019-12-04,very_high,13.24
CUST003072,PTY003072,CN-0003072,retail,inactive,2024-04-02,medium,84.07
CUST003073,PTY003073,CN-0003073,affluent,prospect,2020-09-10,very_high,5.68
CUST003074,PTY003074,CN-0003074,retail,active,2026-06-30,medium,67.25
CUST003075,PTY003075,CN-0003075,small_business,active,2020-12-19,medium,32.61
CUST003076,PTY003076,CN-0003076,small_business,lapsed,2024-09-02,medium,64.19
CUST003077,PTY003077,CN-0003077,affluent,lapsed,2021-09-30,very_high,90.0
CUST003078,PTY003078,CN-0003078,retail,prospect,2018-11-29,high,81.05
CUST003079,PTY003079,CN-0003079,retail,active,2025-05-18,medium,65.76
CUST003080,PTY003080,CN-0003080,retail,active,2022-03-12,low,58.56
CUST003081,PTY003081,CN-0003081,retail,active,2019-10-02,high,24.86
CUST003082,PTY003082,CN-0003082,affluent,active,2020-01-19,very_high,40.51
CUST003083,PTY003083,CN-0003083,retail,active,2025-11-24,very_high,64.9
CUST003084,PTY003084,CN-0003084,retail,active,2023-01-13,high,24.23
CUST003085,PTY003085,CN-0003085,retail,former,2021-07-27,high,4.2
CUST003086,PTY003086,CN-0003086,retail,lapsed,2021-12-24,very_high,25.58
CUST003087,PTY003087,CN-0003087,retail,lapsed,2026-06-15,very_high,78.98
CUST003088,PTY003088,CN-0003088,affluent,prospect,2021-02-14,medium,87.37
CUST003089,PTY003089,CN-0003089,small_business,former,2025-11-14,medium,11.89
CUST003090,PTY003090,CN-0003090,affluent,active,2026-01-15,very_high,24.88
CUST003091,PTY003091,CN-0003091,small_business,lapsed,2022-02-22,very_high,41.11
CUST003092,PTY003092,CN-0003092,retail,active,2020-03-20,very_high,3.84
CUST003093,PTY003093,CN-0003093,small_business,inactive,2022-07-10,very_high,28.37
CUST003094,PTY003094,CN-0003094,retail,active,2018-10-29,high,56.69
CUST003095,PTY003095,CN-0003095,affluent,active,2023-06-08,medium,74.85
CUST003096,PTY003096,CN-0003096,retail,inactive,2020-11-16,very_high,18.45
CUST003097,PTY003097,CN-0003097,affluent,inactive,2022-08-10,medium,1.11
CUST003098,PTY003098,CN-0003098,small_business,prospect,2022-09-04,very_high,94.86
CUST003099,PTY003099,CN-0003099,affluent,active,2024-05-20,medium,18.91
CUST003100,PTY003100,CN-0003100,small_business,inactive,2021-11-13,medium,58.8
CUST003101,PTY003101,CN-0003101,affluent,former,2026-04-08,medium,21.53
CUST003102,PTY003102,CN-0003102,affluent,lapsed,2026-06-06,very_high,86.52
CUST003103,PTY003103,CN-0003103,affluent,inactive,2022-06-26,very_high,71.01
CUST003104,PTY003104,CN-0003104,affluent,active,2023-01-22,high,91.64
CUST003105,PTY003105,CN-0003105,retail,active,2022-11-12,low,24.71
CUST003106,PTY003106,CN-0003106,retail,prospect,2023-11-22,high,89.52
CUST003107,PTY003107,CN-0003107,retail,active,2020-10-08,medium,60.31
CUST003108,PTY003108,CN-0003108,retail,former,2026-05-14,low,15.48
CUST003109,PTY003109,CN-0003109,small_business,prospect,2019-06-01,low,0.44
CUST003110,PTY003110,CN-0003110,small_business,active,2018-09-30,low,65.24
CUST003111,PTY003111,CN-0003111,affluent,active,2025-05-20,very_high,14.68
CUST003112,PTY003112,CN-0003112,affluent,lapsed,2024-12-01,low,95.66
CUST003113,PTY003113,CN-0003113,affluent,lapsed,2021-06-03,medium,85.29
CUST003114,PTY003114,CN-0003114,affluent,inactive,2021-03-10,low,21.77
CUST003115,PTY003115,CN-0003115,retail,active,2019-04-30,very_high,32.14
CUST003116,PTY003116,CN-0003116,affluent,active,2025-02-16,medium,3.32
CUST003117,PTY003117,CN-0003117,affluent,active,2024-11-15,high,83.28
CUST003118,PTY003118,CN-0003118,small_business,active,2022-04-21,medium,29.69
CUST003119,PTY003119,CN-0003119,small_business,inactive,2018-02-16,medium,5.56
CUST003120,PTY003120,CN-0003120,retail,active,2020-01-19,medium,3.1
CUST003121,PTY003121,CN-0003121,small_business,active,2023-06-08,low,62.24
CUST003122,PTY003122,CN-0003122,affluent,inactive,2020-12-05,very_high,12.51
CUST003123,PTY003123,CN-0003123,affluent,former,2024-05-17,low,64.9
CUST003124,PTY003124,CN-0003124,small_business,inactive,2022-02-24,medium,87.93
CUST003125,PTY003125,CN-0003125,small_business,lapsed,2018-12-15,high,24.6
CUST003126,PTY003126,CN-0003126,small_business,inactive,2018-01-12,very_high,40.9
CUST003127,PTY003127,CN-0003127,small_business,inactive,2023-11-26,high,97.82
CUST003128,PTY003128,CN-0003128,affluent,lapsed,2019-09-19,high,84.96
CUST003129,PTY003129,CN-0003129,small_business,active,2018-01-28,high,49.08
CUST003130,PTY003130,CN-0003130,affluent,active,2019-05-09,high,22.55
CUST003131,PTY003131,CN-0003131,affluent,active,2018-10-25,very_high,66.05
CUST003132,PTY003132,CN-0003132,small_business,prospect,2021-07-17,low,5.18
CUST003133,PTY003133,CN-0003133,small_business,active,2023-07-01,medium,7.33
CUST003134,PTY003134,CN-0003134,retail,active,2021-12-03,very_high,8.62
CUST003135,PTY003135,CN-0003135,affluent,active,2024-06-15,low,14.66
CUST003136,PTY003136,CN-0003136,affluent,lapsed,2021-09-28,low,59.08
CUST003137,PTY003137,CN-0003137,small_business,active,2023-10-14,medium,45.96
CUST003138,PTY003138,CN-0003138,small_business,lapsed,2020-02-17,medium,81.04
CUST003139,PTY003139,CN-0003139,small_business,former,2021-06-25,very_high,28.66
CUST003140,PTY003140,CN-0003140,retail,former,2024-10-30,high,49.34
CUST003141,PTY003141,CN-0003141,small_business,lapsed,2018-04-16,very_high,86.6
CUST003142,PTY003142,CN-0003142,retail,active,2026-09-08,low,92.3
CUST003143,PTY003143,CN-0003143,affluent,former,2018-01-22,very_high,41.35
CUST003144,PTY003144,CN-0003144,affluent,prospect,2018-11-09,very_high,62.99
CUST003145,PTY003145,CN-0003145,affluent,former,2025-09-19,high,8.98
CUST003146,PTY003146,CN-0003146,retail,lapsed,2025-10-18,medium,86.39
CUST003147,PTY003147,CN-0003147,small_business,prospect,2024-08-26,high,35.17
CUST003148,PTY003148,CN-0003148,small_business,prospect,2020-02-28,low,55.83
CUST003149,PTY003149,CN-0003149,affluent,prospect,2021-12-21,high,34.63
CUST003150,PTY003150,CN-0003150,retail,lapsed,2026-04-28,low,32.1
CUST003151,PTY003151,CN-0003151,small_business,active,2023-01-25,very_high,66.91
CUST003152,PTY003152,CN-0003152,affluent,lapsed,2020-10-16,low,92.18
CUST003153,PTY003153,CN-0003153,affluent,active,2018-07-12,very_high,0.27
CUST003154,PTY003154,CN-0003154,retail,inactive,2021-03-13,medium,89.23
CUST003155,PTY003155,CN-0003155,affluent,active,2018-02-21,high,89.28
CUST003156,PTY003156,CN-0003156,affluent,active,2019-04-26,low,99.45
CUST003157,PTY003157,CN-0003157,affluent,former,2020-10-15,medium,17.82
CUST003158,PTY003158,CN-0003158,retail,lapsed,2024-01-20,medium,58.86
CUST003159,PTY003159,CN-0003159,retail,former,2022-06-01,low,23.85
CUST003160,PTY003160,CN-0003160,affluent,inactive,2022-03-03,very_high,68.45
CUST003161,PTY003161,CN-0003161,affluent,lapsed,2021-02-15,low,66.01
CUST003162,PTY003162,CN-0003162,affluent,prospect,2023-12-28,medium,39.17
CUST003163,PTY003163,CN-0003163,affluent,lapsed,2019-10-07,high,9.05
CUST003164,PTY003164,CN-0003164,small_business,lapsed,2022-04-15,very_high,70.93
CUST003165,PTY003165,CN-0003165,retail,lapsed,2020-04-26,medium,34.25
CUST003166,PTY003166,CN-0003166,retail,active,2022-09-07,low,93.25
CUST003167,PTY003167,CN-0003167,small_business,active,2024-10-13,high,85.0
CUST003168,PTY003168,CN-0003168,affluent,prospect,2023-08-23,very_high,48.74
CUST003169,PTY003169,CN-0003169,affluent,inactive,2023-09-02,very_high,99.24
CUST003170,PTY003170,CN-0003170,affluent,active,2018-06-24,low,97.9
CUST003171,PTY003171,CN-0003171,retail,inactive,2026-01-10,low,54.09
CUST003172,PTY003172,CN-0003172,affluent,lapsed,2026-02-08,high,86.57
CUST003173,PTY003173,CN-0003173,retail,active,2018-11-20,medium,81.08
CUST003174,PTY003174,CN-0003174,retail,prospect,2022-03-31,high,53.71
CUST003175,PTY003175,CN-0003175,small_business,inactive,2024-03-17,low,34.29
CUST003176,PTY003176,CN-0003176,retail,active,2022-06-24,low,11.14
CUST003177,PTY003177,CN-0003177,small_business,prospect,2025-05-11,high,99.42
CUST003178,PTY003178,CN-0003178,affluent,active,2025-09-01,medium,1.81
CUST003179,PTY003179,CN-0003179,affluent,active,2020-07-14,low,47.6
CUST003180,PTY003180,CN-0003180,small_business,lapsed,2021-01-21,high,29.63
CUST003181,PTY003181,CN-0003181,affluent,former,2026-02-23,low,86.35
CUST003182,PTY003182,CN-0003182,affluent,former,2025-08-12,medium,91.85
CUST003183,PTY003183,CN-0003183,retail,active,2020-03-16,low,28.93
CUST003184,PTY003184,CN-0003184,retail,former,2026-05-14,high,72.92
CUST003185,PTY003185,CN-0003185,small_business,active,2024-06-19,very_high,80.39
CUST003186,PTY003186,CN-0003186,retail,former,2022-07-30,very_high,17.98
CUST003187,PTY003187,CN-0003187,affluent,former,2021-08-31,very_high,92.28
CUST003188,PTY003188,CN-0003188,retail,prospect,2022-01-28,medium,74.9
CUST003189,PTY003189,CN-0003189,affluent,inactive,2018-10-29,high,1.64
CUST003190,PTY003190,CN-0003190,small_business,former,2022-03-12,very_high,0.59
CUST003191,PTY003191,CN-0003191,affluent,active,2022-05-10,low,33.06
CUST003192,PTY003192,CN-0003192,small_business,active,2018-08-01,low,39.62
CUST003193,PTY003193,CN-0003193,small_business,former,2020-09-04,low,37.1
CUST003194,PTY003194,CN-0003194,affluent,inactive,2019-06-14,low,64.7
CUST003195,PTY003195,CN-0003195,small_business,former,2022-10-23,low,62.38
CUST003196,PTY003196,CN-0003196,retail,prospect,2024-08-04,medium,58.66
CUST003197,PTY003197,CN-0003197,retail,active,2024-08-23,low,80.55
CUST003198,PTY003198,CN-0003198,affluent,prospect,2020-08-29,medium,36.48
CUST003199,PTY003199,CN-0003199,affluent,active,2018-04-06,high,15.81
CUST003200,PTY003200,CN-0003200,small_business,former,2020-03-30,high,56.84
CUST003201,PTY003201,CN-0003201,affluent,active,2025-10-22,medium,85.75
CUST003202,PTY003202,CN-0003202,affluent,former,2024-06-11,medium,96.92
CUST003203,PTY003203,CN-0003203,retail,inactive,2018-06-20,very_high,4.3
CUST003204,PTY003204,CN-0003204,small_business,former,2023-03-14,very_high,93.44
CUST003205,PTY003205,CN-0003205,small_business,active,2025-06-02,high,98.15
CUST003206,PTY003206,CN-0003206,retail,prospect,2024-08-15,high,28.58
CUST003207,PTY003207,CN-0003207,affluent,active,2024-03-30,high,92.57
CUST003208,PTY003208,CN-0003208,affluent,prospect,2020-07-11,low,55.74
CUST003209,PTY003209,CN-0003209,affluent,prospect,2025-01-27,very_high,34.79
CUST003210,PTY003210,CN-0003210,affluent,active,2021-12-06,high,88.63
CUST003211,PTY003211,CN-0003211,small_business,active,2021-03-05,very_high,15.69
CUST003212,PTY003212,CN-0003212,affluent,former,2019-11-19,high,14.94
CUST003213,PTY003213,CN-0003213,affluent,active,2023-07-14,low,31.49
CUST003214,PTY003214,CN-0003214,small_business,prospect,2022-07-27,medium,96.95
CUST003215,PTY003215,CN-0003215,retail,former,2022-07-31,very_high,84.04
CUST003216,PTY003216,CN-0003216,affluent,active,2021-06-22,low,44.76
CUST003217,PTY003217,CN-0003217,small_business,former,2021-04-28,medium,75.78
CUST003218,PTY003218,CN-0003218,retail,active,2022-07-22,medium,35.33
CUST003219,PTY003219,CN-0003219,small_business,inactive,2018-09-15,high,2.72
CUST003220,PTY003220,CN-0003220,retail,lapsed,2022-03-14,low,6.79
CUST003221,PTY003221,CN-0003221,affluent,lapsed,2020-08-01,low,42.32
CUST003222,PTY003222,CN-0003222,small_business,active,2019-01-20,low,34.69
CUST003223,PTY003223,CN-0003223,affluent,prospect,2022-12-08,high,12.89
CUST003224,PTY003224,CN-0003224,small_business,prospect,2020-11-13,medium,24.53
CUST003225,PTY003225,CN-0003225,small_business,active,2021-08-29,high,5.66
CUST003226,PTY003226,CN-0003226,small_business,lapsed,2022-03-18,high,21.38
CUST003227,PTY003227,CN-0003227,small_business,lapsed,2025-08-17,very_high,58.35
CUST003228,PTY003228,CN-0003228,affluent,active,2021-07-31,low,57.27
CUST003229,PTY003229,CN-0003229,retail,former,2026-03-31,very_high,43.47
CUST003230,PTY003230,CN-0003230,small_business,former,2026-05-04,very_high,58.07
CUST003231,PTY003231,CN-0003231,small_business,active,2022-10-26,low,55.37
CUST003232,PTY003232,CN-0003232,small_business,lapsed,2020-03-08,very_high,26.38
CUST003233,PTY003233,CN-0003233,affluent,active,2025-07-09,very_high,54.69
CUST003234,PTY003234,CN-0003234,small_business,lapsed,2018-01-29,very_high,4.92
CUST003235,PTY003235,CN-0003235,retail,lapsed,2020-01-31,very_high,84.76
CUST003236,PTY003236,CN-0003236,retail,inactive,2026-03-14,high,24.44
CUST003237,PTY003237,CN-0003237,affluent,prospect,2018-01-25,medium,16.39
CUST003238,PTY003238,CN-0003238,small_business,active,2024-10-07,very_high,24.19
CUST003239,PTY003239,CN-0003239,retail,lapsed,2020-02-16,very_high,21.27
CUST003240,PTY003240,CN-0003240,retail,active,2025-08-27,very_high,28.91
CUST003241,PTY003241,CN-0003241,retail,former,2018-06-13,medium,32.22
CUST003242,PTY003242,CN-0003242,retail,former,2026-07-23,very_high,93.48
CUST003243,PTY003243,CN-0003243,small_business,inactive,2023-02-28,medium,25.83
CUST003244,PTY003244,CN-0003244,small_business,active,2022-12-05,medium,22.38
CUST003245,PTY003245,CN-0003245,small_business,lapsed,2024-01-01,medium,4.67
CUST003246,PTY003246,CN-0003246,affluent,active,2020-09-03,low,57.52
CUST003247,PTY003247,CN-0003247,affluent,prospect,2020-10-26,low,42.33
CUST003248,PTY003248,CN-0003248,retail,former,2020-02-13,medium,51.63
CUST003249,PTY003249,CN-0003249,retail,active,2021-04-16,high,49.46
CUST003250,PTY003250,CN-0003250,affluent,inactive,2018-10-17,medium,88.95
CUST003251,PTY003251,CN-0003251,affluent,active,2018-02-07,high,81.99
CUST003252,PTY003252,CN-0003252,small_business,former,2018-12-11,high,69.0
CUST003253,PTY003253,CN-0003253,small_business,prospect,2019-06-04,very_high,32.36
CUST003254,PTY003254,CN-0003254,affluent,inactive,2024-05-17,low,20.17
CUST003255,PTY003255,CN-0003255,retail,prospect,2020-06-24,low,71.66
CUST003256,PTY003256,CN-0003256,small_business,active,2022-05-31,medium,67.34
CUST003257,PTY003257,CN-0003257,small_business,lapsed,2020-01-25,medium,91.36
CUST003258,PTY003258,CN-0003258,small_business,active,2023-07-12,very_high,21.83
CUST003259,PTY003259,CN-0003259,small_business,lapsed,2018-11-05,low,95.49
CUST003260,PTY003260,CN-0003260,small_business,lapsed,2022-07-04,very_high,2.83
CUST003261,PTY003261,CN-0003261,retail,active,2022-12-20,high,5.24
CUST003262,PTY003262,CN-0003262,retail,active,2022-03-31,high,16.95
CUST003263,PTY003263,CN-0003263,small_business,active,2023-08-25,high,8.48
CUST003264,PTY003264,CN-0003264,affluent,active,2018-06-03,high,72.79
CUST003265,PTY003265,CN-0003265,small_business,active,2019-06-26,low,67.54
CUST003266,PTY003266,CN-0003266,small_business,former,2022-11-15,high,50.63
CUST003267,PTY003267,CN-0003267,small_business,active,2022-10-20,medium,37.13
CUST003268,PTY003268,CN-0003268,small_business,former,2018-01-10,medium,1.38
CUST003269,PTY003269,CN-0003269,retail,lapsed,2018-06-13,very_high,19.09
CUST003270,PTY003270,CN-0003270,affluent,active,2023-09-14,very_high,88.3
CUST003271,PTY003271,CN-0003271,small_business,lapsed,2020-12-10,low,28.27
CUST003272,PTY003272,CN-0003272,small_business,active,2023-01-09,very_high,64.57
CUST003273,PTY003273,CN-0003273,retail,inactive,2020-05-05,medium,98.09
CUST003274,PTY003274,CN-0003274,affluent,lapsed,2025-11-03,very_high,74.86
CUST003275,PTY003275,CN-0003275,affluent,active,2024-01-28,low,25.77
CUST003276,PTY003276,CN-0003276,affluent,active,2025-12-02,low,58.93
CUST003277,PTY003277,CN-0003277,small_business,former,2024-12-15,high,1.42
CUST003278,PTY003278,CN-0003278,affluent,lapsed,2021-03-01,medium,14.29
CUST003279,PTY003279,CN-0003279,small_business,active,2022-09-04,medium,12.76
CUST003280,PTY003280,CN-0003280,retail,inactive,2026-05-11,high,89.32
CUST003281,PTY003281,CN-0003281,retail,prospect,2019-02-20,medium,71.86
CUST003282,PTY003282,CN-0003282,affluent,inactive,2024-07-27,low,66.05
CUST003283,PTY003283,CN-0003283,small_business,inactive,2019-03-04,high,56.24
CUST003284,PTY003284,CN-0003284,retail,active,2021-10-22,low,0.41
CUST003285,PTY003285,CN-0003285,retail,lapsed,2018-10-27,very_high,43.69
CUST003286,PTY003286,CN-0003286,retail,active,2025-11-03,medium,81.66
CUST003287,PTY003287,CN-0003287,affluent,active,2023-12-16,very_high,30.02
CUST003288,PTY003288,CN-0003288,retail,active,2025-02-22,very_high,71.51
CUST003289,PTY003289,CN-0003289,affluent,lapsed,2026-05-16,very_high,6.42
CUST003290,PTY003290,CN-0003290,affluent,inactive,2023-10-04,medium,90.9
CUST003291,PTY003291,CN-0003291,retail,active,2019-06-12,very_high,5.78
CUST003292,PTY003292,CN-0003292,affluent,former,2025-05-16,high,6.74
CUST003293,PTY003293,CN-0003293,retail,active,2023-11-09,low,98.74
CUST003294,PTY003294,CN-0003294,affluent,lapsed,2020-03-29,high,57.55
CUST003295,PTY003295,CN-0003295,small_business,active,2022-02-24,very_high,74.76
CUST003296,PTY003296,CN-0003296,affluent,inactive,2024-06-13,high,39.14
CUST003297,PTY003297,CN-0003297,affluent,active,2026-06-12,very_high,68.67
CUST003298,PTY003298,CN-0003298,small_business,inactive,2024-12-28,very_high,19.28
CUST003299,PTY003299,CN-0003299,affluent,active,2025-08-10,low,85.63
CUST003300,PTY003300,CN-0003300,retail,active,2022-12-27,very_high,80.4
CUST003301,PTY003301,CN-0003301,affluent,prospect,2018-07-27,medium,41.72
CUST003302,PTY003302,CN-0003302,small_business,active,2022-04-23,low,9.9
CUST003303,PTY003303,CN-0003303,small_business,active,2021-08-14,very_high,68.44
CUST003304,PTY003304,CN-0003304,small_business,active,2022-07-23,very_high,66.55
CUST003305,PTY003305,CN-0003305,small_business,active,2023-11-12,high,75.16
CUST003306,PTY003306,CN-0003306,small_business,active,2022-01-08,low,99.12
CUST003307,PTY003307,CN-0003307,small_business,active,2019-12-07,very_high,27.46
CUST003308,PTY003308,CN-0003308,retail,active,2018-01-29,very_high,33.76
CUST003309,PTY003309,CN-0003309,affluent,former,2022-08-27,medium,29.12
CUST003310,PTY003310,CN-0003310,small_business,prospect,2018-08-24,very_high,38.26
CUST003311,PTY003311,CN-0003311,small_business,prospect,2020-11-11,medium,17.51
CUST003312,PTY003312,CN-0003312,small_business,active,2020-11-17,low,76.98
CUST003313,PTY003313,CN-0003313,affluent,active,2024-08-08,high,0.49
CUST003314,PTY003314,CN-0003314,retail,inactive,2020-04-06,very_high,91.21
CUST003315,PTY003315,CN-0003315,retail,inactive,2022-10-11,medium,83.65
CUST003316,PTY003316,CN-0003316,retail,lapsed,2023-04-09,low,45.26
CUST003317,PTY003317,CN-0003317,small_business,active,2020-10-01,low,88.19
CUST003318,PTY003318,CN-0003318,small_business,active,2021-05-06,medium,51.27
CUST003319,PTY003319,CN-0003319,retail,active,2022-08-12,low,79.73
CUST003320,PTY003320,CN-0003320,affluent,prospect,2021-09-25,medium,3.04
CUST003321,PTY003321,CN-0003321,small_business,lapsed,2024-10-29,low,21.26
CUST003322,PTY003322,CN-0003322,affluent,prospect,2025-06-29,very_high,63.8
CUST003323,PTY003323,CN-0003323,small_business,inactive,2024-10-23,very_high,86.8
CUST003324,PTY003324,CN-0003324,small_business,active,2024-06-16,high,33.66
CUST003325,PTY003325,CN-0003325,affluent,active,2019-09-19,low,20.97
CUST003326,PTY003326,CN-0003326,affluent,active,2022-05-14,low,29.88
CUST003327,PTY003327,CN-0003327,small_business,active,2018-06-23,high,75.35
CUST003328,PTY003328,CN-0003328,affluent,active,2022-03-27,high,98.79
CUST003329,PTY003329,CN-0003329,affluent,active,2018-02-28,very_high,64.02
CUST003330,PTY003330,CN-0003330,affluent,active,2020-07-01,low,88.83
CUST003331,PTY003331,CN-0003331,affluent,former,2024-07-22,low,14.04
CUST003332,PTY003332,CN-0003332,retail,active,2022-11-06,high,27.03
CUST003333,PTY003333,CN-0003333,retail,former,2025-04-19,medium,96.94
CUST003334,PTY003334,CN-0003334,affluent,inactive,2021-12-20,medium,33.21
CUST003335,PTY003335,CN-0003335,affluent,former,2021-02-22,low,46.86
CUST003336,PTY003336,CN-0003336,retail,prospect,2021-07-02,medium,9.64
CUST003337,PTY003337,CN-0003337,small_business,lapsed,2026-05-06,very_high,47.12
CUST003338,PTY003338,CN-0003338,small_business,active,2023-12-22,high,60.97
CUST003339,PTY003339,CN-0003339,affluent,active,2019-04-11,low,51.35
CUST003340,PTY003340,CN-0003340,affluent,active,2022-10-09,medium,20.15
CUST003341,PTY003341,CN-0003341,affluent,former,2023-08-14,medium,83.91
CUST003342,PTY003342,CN-0003342,affluent,inactive,2021-08-03,very_high,69.63
CUST003343,PTY003343,CN-0003343,retail,inactive,2021-02-06,very_high,15.92
CUST003344,PTY003344,CN-0003344,retail,active,2025-04-02,very_high,3.11
CUST003345,PTY003345,CN-0003345,small_business,lapsed,2025-03-18,very_high,71.64
CUST003346,PTY003346,CN-0003346,small_business,active,2026-06-27,very_high,42.0
CUST003347,PTY003347,CN-0003347,small_business,inactive,2023-05-23,medium,9.87
CUST003348,PTY003348,CN-0003348,retail,lapsed,2022-12-22,low,38.39
CUST003349,PTY003349,CN-0003349,affluent,active,2020-01-15,low,37.15
CUST003350,PTY003350,CN-0003350,retail,active,2023-12-10,medium,29.49
CUST003351,PTY003351,CN-0003351,small_business,former,2019-08-24,high,82.17
CUST003352,PTY003352,CN-0003352,small_business,active,2024-04-25,low,93.36
CUST003353,PTY003353,CN-0003353,retail,active,2019-09-18,very_high,72.49
CUST003354,PTY003354,CN-0003354,affluent,active,2020-06-20,low,45.03
CUST003355,PTY003355,CN-0003355,affluent,prospect,2023-08-21,medium,88.39
CUST003356,PTY003356,CN-0003356,small_business,lapsed,2020-07-22,low,3.59
CUST003357,PTY003357,CN-0003357,small_business,active,2026-07-22,high,87.29
CUST003358,PTY003358,CN-0003358,affluent,lapsed,2026-01-05,very_high,5.56
CUST003359,PTY003359,CN-0003359,small_business,former,2024-03-11,very_high,98.44
CUST003360,PTY003360,CN-0003360,small_business,lapsed,2024-07-07,high,7.06
CUST003361,PTY003361,CN-0003361,small_business,active,2022-12-29,high,31.39
CUST003362,PTY003362,CN-0003362,affluent,prospect,2024-08-27,low,84.3
CUST003363,PTY003363,CN-0003363,retail,active,2026-05-26,low,35.27
CUST003364,PTY003364,CN-0003364,small_business,active,2018-09-23,low,55.78
CUST003365,PTY003365,CN-0003365,small_business,inactive,2021-05-24,very_high,16.76
CUST003366,PTY003366,CN-0003366,retail,inactive,2024-03-02,high,55.05
CUST003367,PTY003367,CN-0003367,small_business,active,2022-12-21,low,86.12
CUST003368,PTY003368,CN-0003368,affluent,active,2018-03-11,very_high,7.93
CUST003369,PTY003369,CN-0003369,affluent,active,2020-09-01,low,18.04
CUST003370,PTY003370,CN-0003370,affluent,inactive,2025-01-31,low,63.2
CUST003371,PTY003371,CN-0003371,affluent,prospect,2021-09-28,low,15.47
CUST003372,PTY003372,CN-0003372,affluent,former,2024-05-11,very_high,84.73
CUST003373,PTY003373,CN-0003373,retail,inactive,2026-07-20,medium,81.55
CUST003374,PTY003374,CN-0003374,affluent,former,2018-04-19,very_high,0.7
CUST003375,PTY003375,CN-0003375,small_business,lapsed,2022-07-04,low,87.31
CUST003376,PTY003376,CN-0003376,small_business,inactive,2018-07-12,medium,21.94
CUST003377,PTY003377,CN-0003377,affluent,inactive,2019-08-25,medium,38.76
CUST003378,PTY003378,CN-0003378,retail,active,2024-10-21,high,90.53
CUST003379,PTY003379,CN-0003379,affluent,former,2023-09-26,very_high,66.14
CUST003380,PTY003380,CN-0003380,small_business,prospect,2024-10-24,medium,71.38
CUST003381,PTY003381,CN-0003381,small_business,active,2018-07-01,high,46.02
CUST003382,PTY003382,CN-0003382,small_business,former,2024-11-20,medium,99.65
CUST003383,PTY003383,CN-0003383,small_business,active,2020-02-22,very_high,1.33
CUST003384,PTY003384,CN-0003384,small_business,active,2023-06-18,low,76.59
CUST003385,PTY003385,CN-0003385,retail,prospect,2025-05-19,high,32.93
CUST003386,PTY003386,CN-0003386,retail,lapsed,2025-02-02,high,44.0
CUST003387,PTY003387,CN-0003387,small_business,active,2018-05-15,low,52.48
CUST003388,PTY003388,CN-0003388,affluent,lapsed,2024-12-05,medium,51.66
CUST003389,PTY003389,CN-0003389,small_business,active,2025-12-21,low,31.12
CUST003390,PTY003390,CN-0003390,affluent,active,2023-09-17,low,97.19
CUST003391,PTY003391,CN-0003391,retail,active,2021-06-29,very_high,95.1
CUST003392,PTY003392,CN-0003392,affluent,prospect,2025-04-22,medium,93.62
CUST003393,PTY003393,CN-0003393,small_business,former,2025-04-08,low,19.85
CUST003394,PTY003394,CN-0003394,small_business,prospect,2024-01-04,high,62.78
CUST003395,PTY003395,CN-0003395,affluent,inactive,2022-05-31,low,74.37
CUST003396,PTY003396,CN-0003396,affluent,active,2024-07-15,very_high,61.79
CUST003397,PTY003397,CN-0003397,retail,former,2024-01-12,medium,23.21
CUST003398,PTY003398,CN-0003398,affluent,active,2021-05-24,high,42.64
CUST003399,PTY003399,CN-0003399,small_business,active,2021-04-10,very_high,57.45
CUST003400,PTY003400,CN-0003400,retail,former,2021-04-16,medium,81.94
CUST003401,PTY003401,CN-0003401,affluent,former,2022-09-30,very_high,95.38
CUST003402,PTY003402,CN-0003402,retail,active,2018-03-30,medium,93.76
CUST003403,PTY003403,CN-0003403,small_business,active,2024-11-16,medium,75.84
CUST003404,PTY003404,CN-0003404,affluent,active,2023-09-04,low,35.51
CUST003405,PTY003405,CN-0003405,small_business,active,2023-08-03,medium,60.14
CUST003406,PTY003406,CN-0003406,affluent,active,2025-11-20,very_high,23.35
CUST003407,PTY003407,CN-0003407,small_business,inactive,2023-09-17,medium,71.07
CUST003408,PTY003408,CN-0003408,affluent,former,2019-07-14,low,33.14
CUST003409,PTY003409,CN-0003409,affluent,lapsed,2022-02-17,high,64.25
CUST003410,PTY003410,CN-0003410,retail,active,2020-07-17,high,9.05
CUST003411,PTY003411,CN-0003411,small_business,prospect,2026-04-05,high,62.68
CUST003412,PTY003412,CN-0003412,affluent,active,2020-11-07,very_high,79.71
CUST003413,PTY003413,CN-0003413,small_business,active,2018-04-09,high,29.16
CUST003414,PTY003414,CN-0003414,small_business,lapsed,2022-04-24,high,38.88
CUST003415,PTY003415,CN-0003415,retail,active,2026-02-26,high,54.48
CUST003416,PTY003416,CN-0003416,retail,lapsed,2025-04-17,very_high,26.77
CUST003417,PTY003417,CN-0003417,retail,active,2024-11-02,low,44.2
CUST003418,PTY003418,CN-0003418,retail,active,2021-10-11,medium,7.69
CUST003419,PTY003419,CN-0003419,retail,active,2025-06-14,low,64.55
CUST003420,PTY003420,CN-0003420,retail,active,2021-03-20,high,83.78
CUST003421,PTY003421,CN-0003421,small_business,active,2025-06-27,low,70.52
CUST003422,PTY003422,CN-0003422,affluent,active,2020-11-11,very_high,81.09
CUST003423,PTY003423,CN-0003423,retail,lapsed,2021-03-24,medium,59.15
CUST003424,PTY003424,CN-0003424,retail,inactive,2026-01-23,very_high,28.86
CUST003425,PTY003425,CN-0003425,retail,active,2025-02-21,low,81.19
CUST003426,PTY003426,CN-0003426,affluent,active,2022-10-06,low,57.51
CUST003427,PTY003427,CN-0003427,affluent,active,2025-03-30,medium,11.66
CUST003428,PTY003428,CN-0003428,small_business,active,2020-02-12,very_high,45.97
CUST003429,PTY003429,CN-0003429,affluent,active,2024-09-22,very_high,41.39
CUST003430,PTY003430,CN-0003430,retail,active,2018-11-16,high,74.66
CUST003431,PTY003431,CN-0003431,small_business,active,2020-09-12,low,13.44
CUST003432,PTY003432,CN-0003432,retail,lapsed,2019-06-09,medium,26.87
CUST003433,PTY003433,CN-0003433,affluent,prospect,2024-08-07,low,89.96
CUST003434,PTY003434,CN-0003434,affluent,active,2020-05-05,very_high,55.37
CUST003435,PTY003435,CN-0003435,small_business,active,2022-09-21,low,9.38
CUST003436,PTY003436,CN-0003436,affluent,prospect,2023-01-27,high,14.97
CUST003437,PTY003437,CN-0003437,small_business,former,2021-05-31,very_high,12.03
CUST003438,PTY003438,CN-0003438,retail,inactive,2021-04-18,medium,21.13
CUST003439,PTY003439,CN-0003439,retail,active,2021-12-06,high,85.15
CUST003440,PTY003440,CN-0003440,small_business,active,2022-01-16,medium,86.86
CUST003441,PTY003441,CN-0003441,retail,prospect,2022-03-24,very_high,24.63
CUST003442,PTY003442,CN-0003442,retail,active,2026-06-06,medium,6.65
CUST003443,PTY003443,CN-0003443,small_business,lapsed,2024-07-22,very_high,89.36
CUST003444,PTY003444,CN-0003444,small_business,active,2025-02-08,medium,63.94
CUST003445,PTY003445,CN-0003445,affluent,active,2023-06-14,very_high,85.08
CUST003446,PTY003446,CN-0003446,retail,active,2020-12-12,low,2.63
CUST003447,PTY003447,CN-0003447,small_business,prospect,2024-02-21,medium,74.3
CUST003448,PTY003448,CN-0003448,small_business,prospect,2021-10-02,medium,83.17
CUST003449,PTY003449,CN-0003449,small_business,lapsed,2021-01-15,high,87.5
CUST003450,PTY003450,CN-0003450,small_business,active,2022-06-24,medium,53.34
CUST003451,PTY003451,CN-0003451,retail,inactive,2024-01-05,low,30.07
CUST003452,PTY003452,CN-0003452,retail,active,2026-06-20,low,25.27
CUST003453,PTY003453,CN-0003453,small_business,active,2022-01-19,low,37.38
CUST003454,PTY003454,CN-0003454,small_business,inactive,2023-05-30,medium,14.88
CUST003455,PTY003455,CN-0003455,retail,active,2019-01-16,very_high,52.6
CUST003456,PTY003456,CN-0003456,affluent,former,2023-03-27,high,21.37
CUST003457,PTY003457,CN-0003457,affluent,prospect,2019-07-03,high,1.4
CUST003458,PTY003458,CN-0003458,small_business,active,2021-08-12,very_high,49.55
CUST003459,PTY003459,CN-0003459,small_business,prospect,2022-11-19,medium,5.18
CUST003460,PTY003460,CN-0003460,small_business,inactive,2023-12-05,low,5.98
CUST003461,PTY003461,CN-0003461,affluent,inactive,2026-02-09,very_high,96.5
CUST003462,PTY003462,CN-0003462,small_business,active,2018-12-18,low,32.46
CUST003463,PTY003463,CN-0003463,small_business,active,2018-09-23,very_high,48.14
CUST003464,PTY003464,CN-0003464,retail,lapsed,2022-08-17,low,94.53
CUST003465,PTY003465,CN-0003465,small_business,former,2018-03-02,low,54.88
CUST003466,PTY003466,CN-0003466,retail,inactive,2019-02-03,very_high,63.09
CUST003467,PTY003467,CN-0003467,small_business,active,2021-08-04,medium,33.07
CUST003468,PTY003468,CN-0003468,retail,active,2023-02-04,low,14.28
CUST003469,PTY003469,CN-0003469,affluent,lapsed,2022-10-19,medium,24.44
CUST003470,PTY003470,CN-0003470,retail,active,2026-02-03,high,17.92
CUST003471,PTY003471,CN-0003471,retail,prospect,2026-05-02,very_high,3.32
CUST003472,PTY003472,CN-0003472,retail,prospect,2020-01-27,medium,95.89
CUST003473,PTY003473,CN-0003473,small_business,lapsed,2022-11-04,high,91.0
CUST003474,PTY003474,CN-0003474,affluent,active,2018-03-19,medium,16.82
CUST003475,PTY003475,CN-0003475,retail,prospect,2026-04-23,high,78.83
CUST003476,PTY003476,CN-0003476,small_business,active,2018-04-22,very_high,3.67
CUST003477,PTY003477,CN-0003477,retail,active,2021-07-14,high,73.85
CUST003478,PTY003478,CN-0003478,retail,prospect,2024-05-08,low,98.31
CUST003479,PTY003479,CN-0003479,small_business,active,2022-07-04,medium,84.88
CUST003480,PTY003480,CN-0003480,retail,active,2023-10-29,medium,85.29
CUST003481,PTY003481,CN-0003481,retail,prospect,2021-02-12,high,23.21
CUST003482,PTY003482,CN-0003482,retail,active,2024-08-01,medium,4.72
CUST003483,PTY003483,CN-0003483,retail,lapsed,2022-03-28,low,9.56
CUST003484,PTY003484,CN-0003484,affluent,inactive,2025-06-09,low,85.03
CUST003485,PTY003485,CN-0003485,retail,active,2019-04-12,high,20.91
CUST003486,PTY003486,CN-0003486,retail,active,2024-06-16,medium,64.17
CUST003487,PTY003487,CN-0003487,retail,inactive,2022-01-29,very_high,95.54
CUST003488,PTY003488,CN-0003488,retail,active,2019-04-24,medium,73.29
CUST003489,PTY003489,CN-0003489,small_business,former,2020-11-07,very_high,67.93
CUST003490,PTY003490,CN-0003490,retail,active,2021-09-27,high,18.57
CUST003491,PTY003491,CN-0003491,small_business,former,2022-06-26,high,60.94
CUST003492,PTY003492,CN-0003492,retail,active,2022-10-20,high,58.36
CUST003493,PTY003493,CN-0003493,small_business,active,2022-10-28,high,17.39
CUST003494,PTY003494,CN-0003494,affluent,former,2018-08-12,high,24.75
CUST003495,PTY003495,CN-0003495,small_business,lapsed,2026-06-01,very_high,62.51
CUST003496,PTY003496,CN-0003496,small_business,lapsed,2020-09-20,high,17.73
CUST003497,PTY003497,CN-0003497,retail,active,2023-04-17,very_high,83.48
CUST003498,PTY003498,CN-0003498,small_business,lapsed,2019-01-13,medium,99.73
CUST003499,PTY003499,CN-0003499,small_business,former,2022-07-14,high,56.27
CUST003500,PTY003500,CN-0003500,small_business,active,2018-09-29,very_high,96.04
CUST003501,PTY003501,CN-0003501,retail,former,2022-02-23,low,61.96
CUST003502,PTY003502,CN-0003502,small_business,active,2022-09-03,low,26.66
CUST003503,PTY003503,CN-0003503,retail,active,2022-02-22,very_high,84.9
CUST003504,PTY003504,CN-0003504,small_business,active,2025-10-29,high,87.82
CUST003505,PTY003505,CN-0003505,small_business,active,2021-01-14,high,66.69
CUST003506,PTY003506,CN-0003506,retail,inactive,2021-10-16,very_high,12.73
CUST003507,PTY003507,CN-0003507,affluent,inactive,2025-02-09,high,74.79
CUST003508,PTY003508,CN-0003508,small_business,active,2019-09-24,very_high,49.39
CUST003509,PTY003509,CN-0003509,retail,active,2024-08-23,low,33.88
CUST003510,PTY003510,CN-0003510,retail,lapsed,2018-12-02,very_high,86.34
CUST003511,PTY003511,CN-0003511,small_business,active,2025-10-29,medium,32.4
CUST003512,PTY003512,CN-0003512,affluent,active,2020-05-20,very_high,54.85
CUST003513,PTY003513,CN-0003513,affluent,active,2023-08-11,medium,66.88
CUST003514,PTY003514,CN-0003514,small_business,former,2018-04-18,low,39.33
CUST003515,PTY003515,CN-0003515,retail,active,2024-01-15,very_high,59.02
CUST003516,PTY003516,CN-0003516,affluent,inactive,2020-08-26,low,41.53
CUST003517,PTY003517,CN-0003517,retail,lapsed,2021-12-22,low,10.15
CUST003518,PTY003518,CN-0003518,affluent,active,2023-10-12,very_high,8.84
CUST003519,PTY003519,CN-0003519,retail,active,2020-09-29,medium,47.4
CUST003520,PTY003520,CN-0003520,retail,active,2022-04-04,medium,77.5
CUST003521,PTY003521,CN-0003521,retail,prospect,2026-09-03,high,53.63
CUST003522,PTY003522,CN-0003522,small_business,inactive,2022-10-02,low,55.59
CUST003523,PTY003523,CN-0003523,small_business,lapsed,2019-07-28,high,57.38
CUST003524,PTY003524,CN-0003524,retail,prospect,2019-04-28,high,39.82
CUST003525,PTY003525,CN-0003525,affluent,former,2020-03-15,high,78.3
CUST003526,PTY003526,CN-0003526,small_business,active,2022-12-16,high,64.24
CUST003527,PTY003527,CN-0003527,affluent,inactive,2019-08-14,medium,38.86
CUST003528,PTY003528,CN-0003528,small_business,active,2025-11-17,very_high,20.51
CUST003529,PTY003529,CN-0003529,affluent,prospect,2020-02-23,very_high,13.87
CUST003530,PTY003530,CN-0003530,affluent,lapsed,2024-07-24,high,1.13
CUST003531,PTY003531,CN-0003531,affluent,active,2022-06-08,low,99.35
CUST003532,PTY003532,CN-0003532,retail,lapsed,2019-03-26,very_high,70.25
CUST003533,PTY003533,CN-0003533,affluent,active,2022-04-19,very_high,8.84
CUST003534,PTY003534,CN-0003534,small_business,lapsed,2022-08-07,low,41.17
CUST003535,PTY003535,CN-0003535,retail,active,2024-03-05,high,22.07
CUST003536,PTY003536,CN-0003536,retail,prospect,2019-03-31,very_high,10.74
CUST003537,PTY003537,CN-0003537,affluent,prospect,2021-12-04,low,40.14
CUST003538,PTY003538,CN-0003538,retail,inactive,2026-01-21,high,73.14
CUST003539,PTY003539,CN-0003539,retail,active,2018-05-19,medium,23.16
CUST003540,PTY003540,CN-0003540,retail,active,2021-01-18,very_high,83.32
CUST003541,PTY003541,CN-0003541,retail,lapsed,2025-05-14,high,53.35
CUST003542,PTY003542,CN-0003542,small_business,prospect,2019-02-16,high,8.86
CUST003543,PTY003543,CN-0003543,retail,former,2018-09-12,very_high,49.36
CUST003544,PTY003544,CN-0003544,retail,prospect,2020-06-05,high,90.87
CUST003545,PTY003545,CN-0003545,retail,active,2019-01-09,low,97.53
CUST003546,PTY003546,CN-0003546,affluent,lapsed,2024-06-26,low,77.17
CUST003547,PTY003547,CN-0003547,small_business,lapsed,2018-07-14,medium,89.36
CUST003548,PTY003548,CN-0003548,retail,inactive,2018-06-08,very_high,85.32
CUST003549,PTY003549,CN-0003549,small_business,inactive,2019-05-03,low,74.8
CUST003550,PTY003550,CN-0003550,affluent,inactive,2018-10-24,low,24.64
CUST003551,PTY003551,CN-0003551,retail,former,2019-08-15,medium,25.78
CUST003552,PTY003552,CN-0003552,small_business,active,2026-05-01,high,88.82
CUST003553,PTY003553,CN-0003553,retail,active,2018-09-03,medium,7.47
CUST003554,PTY003554,CN-0003554,affluent,active,2018-09-09,low,48.57
CUST003555,PTY003555,CN-0003555,retail,active,2024-08-20,very_high,5.88
CUST003556,PTY003556,CN-0003556,small_business,prospect,2021-08-19,low,79.07
CUST003557,PTY003557,CN-0003557,retail,active,2019-04-21,low,58.3
CUST003558,PTY003558,CN-0003558,retail,active,2021-06-21,high,90.62
CUST003559,PTY003559,CN-0003559,retail,active,2025-07-03,low,28.93
CUST003560,PTY003560,CN-0003560,retail,former,2019-05-04,very_high,85.11
CUST003561,PTY003561,CN-0003561,small_business,active,2021-05-10,very_high,93.39
CUST003562,PTY003562,CN-0003562,affluent,active,2018-11-04,very_high,47.64
CUST003563,PTY003563,CN-0003563,small_business,active,2023-09-21,very_high,29.46
CUST003564,PTY003564,CN-0003564,retail,inactive,2022-10-22,low,23.88
CUST003565,PTY003565,CN-0003565,retail,lapsed,2018-11-23,very_high,30.17
CUST003566,PTY003566,CN-0003566,affluent,active,2019-04-01,low,78.25
CUST003567,PTY003567,CN-0003567,retail,active,2021-03-18,medium,11.9
CUST003568,PTY003568,CN-0003568,retail,prospect,2021-03-09,medium,8.24
CUST003569,PTY003569,CN-0003569,retail,active,2021-10-06,low,41.1
CUST003570,PTY003570,CN-0003570,small_business,lapsed,2025-06-10,medium,38.85
CUST003571,PTY003571,CN-0003571,affluent,active,2022-07-24,high,33.71
CUST003572,PTY003572,CN-0003572,retail,former,2021-08-16,very_high,73.96
CUST003573,PTY003573,CN-0003573,retail,active,2018-11-04,high,28.3
CUST003574,PTY003574,CN-0003574,retail,lapsed,2026-01-30,very_high,58.37
CUST003575,PTY003575,CN-0003575,affluent,inactive,2024-09-12,high,52.06
CUST003576,PTY003576,CN-0003576,small_business,active,2022-01-10,high,50.67
CUST003577,PTY003577,CN-0003577,retail,prospect,2024-09-14,low,36.92
CUST003578,PTY003578,CN-0003578,affluent,lapsed,2024-08-17,high,43.27
CUST003579,PTY003579,CN-0003579,affluent,active,2021-11-25,medium,36.56
CUST003580,PTY003580,CN-0003580,small_business,active,2023-08-30,medium,44.83
CUST003581,PTY003581,CN-0003581,retail,active,2026-02-15,medium,38.97
CUST003582,PTY003582,CN-0003582,affluent,active,2019-06-30,very_high,36.7
CUST003583,PTY003583,CN-0003583,small_business,former,2020-11-26,low,47.64
CUST003584,PTY003584,CN-0003584,retail,prospect,2025-06-10,high,85.9
CUST003585,PTY003585,CN-0003585,small_business,prospect,2025-05-02,medium,0.51
CUST003586,PTY003586,CN-0003586,affluent,lapsed,2022-03-29,very_high,86.11
CUST003587,PTY003587,CN-0003587,retail,former,2020-12-03,very_high,77.8
CUST003588,PTY003588,CN-0003588,retail,prospect,2019-02-25,very_high,40.92
CUST003589,PTY003589,CN-0003589,retail,lapsed,2024-09-21,high,98.83
CUST003590,PTY003590,CN-0003590,retail,active,2026-07-09,medium,53.63
CUST003591,PTY003591,CN-0003591,small_business,active,2018-02-01,medium,19.22
CUST003592,PTY003592,CN-0003592,retail,prospect,2026-01-28,high,87.02
CUST003593,PTY003593,CN-0003593,retail,active,2025-05-25,medium,14.28
CUST003594,PTY003594,CN-0003594,retail,active,2019-08-30,medium,28.39
CUST003595,PTY003595,CN-0003595,small_business,active,2024-01-05,high,86.63
CUST003596,PTY003596,CN-0003596,retail,active,2023-11-25,high,3.19
CUST003597,PTY003597,CN-0003597,retail,prospect,2021-01-22,high,45.24
CUST003598,PTY003598,CN-0003598,retail,active,2019-04-20,low,70.45
CUST003599,PTY003599,CN-0003599,small_business,lapsed,2020-10-05,low,82.6
CUST003600,PTY003600,CN-0003600,small_business,active,2026-09-07,high,96.72
CUST003601,PTY003601,CN-0003601,retail,active,2022-12-20,medium,92.35
CUST003602,PTY003602,CN-0003602,small_business,active,2018-02-01,low,63.96
CUST003603,PTY003603,CN-0003603,small_business,active,2025-06-16,low,59.88
CUST003604,PTY003604,CN-0003604,affluent,active,2023-03-18,low,12.76
CUST003605,PTY003605,CN-0003605,retail,former,2024-01-23,low,2.37
CUST003606,PTY003606,CN-0003606,retail,inactive,2021-05-14,high,91.0
CUST003607,PTY003607,CN-0003607,small_business,active,2025-12-27,high,7.72
CUST003608,PTY003608,CN-0003608,retail,former,2021-09-25,low,92.98
CUST003609,PTY003609,CN-0003609,small_business,active,2020-12-11,very_high,79.99
CUST003610,PTY003610,CN-0003610,affluent,lapsed,2021-03-24,medium,55.06
CUST003611,PTY003611,CN-0003611,retail,lapsed,2019-12-19,medium,2.26
CUST003612,PTY003612,CN-0003612,small_business,active,2020-06-28,low,67.37
CUST003613,PTY003613,CN-0003613,small_business,inactive,2020-07-20,low,66.76
CUST003614,PTY003614,CN-0003614,retail,former,2019-02-03,very_high,25.06
CUST003615,PTY003615,CN-0003615,affluent,active,2020-09-08,low,31.89
CUST003616,PTY003616,CN-0003616,affluent,active,2021-09-21,high,91.5
CUST003617,PTY003617,CN-0003617,affluent,inactive,2022-03-05,high,69.79
CUST003618,PTY003618,CN-0003618,affluent,former,2018-03-27,high,18.66
CUST003619,PTY003619,CN-0003619,retail,former,2026-04-05,very_high,60.27
CUST003620,PTY003620,CN-0003620,affluent,lapsed,2022-10-27,low,68.95
CUST003621,PTY003621,CN-0003621,retail,inactive,2022-01-11,very_high,1.48
CUST003622,PTY003622,CN-0003622,affluent,prospect,2018-10-01,very_high,33.16
CUST003623,PTY003623,CN-0003623,retail,active,2023-02-26,very_high,75.61
CUST003624,PTY003624,CN-0003624,small_business,prospect,2022-03-01,low,39.91
CUST003625,PTY003625,CN-0003625,small_business,active,2019-08-13,low,92.64
CUST003626,PTY003626,CN-0003626,affluent,inactive,2022-09-10,low,29.88
CUST003627,PTY003627,CN-0003627,retail,active,2024-03-10,high,22.0
CUST003628,PTY003628,CN-0003628,affluent,active,2018-03-25,medium,47.89
CUST003629,PTY003629,CN-0003629,affluent,inactive,2022-06-21,medium,64.01
CUST003630,PTY003630,CN-0003630,small_business,active,2022-06-18,high,45.98
CUST003631,PTY003631,CN-0003631,retail,active,2023-08-06,low,53.15
CUST003632,PTY003632,CN-0003632,retail,active,2025-07-29,medium,90.1
CUST003633,PTY003633,CN-0003633,retail,active,2019-12-15,low,76.68
CUST003634,PTY003634,CN-0003634,retail,active,2021-01-26,medium,30.78
CUST003635,PTY003635,CN-0003635,small_business,active,2026-01-28,medium,94.23
CUST003636,PTY003636,CN-0003636,affluent,prospect,2022-06-20,high,53.46
CUST003637,PTY003637,CN-0003637,small_business,active,2021-07-15,low,38.42
CUST003638,PTY003638,CN-0003638,affluent,former,2023-08-06,very_high,1.49
CUST003639,PTY003639,CN-0003639,retail,active,2021-02-10,very_high,6.14
CUST003640,PTY003640,CN-0003640,retail,active,2026-07-22,medium,62.06
CUST003641,PTY003641,CN-0003641,affluent,inactive,2021-10-16,high,35.88
CUST003642,PTY003642,CN-0003642,retail,active,2020-06-29,medium,52.54
CUST003643,PTY003643,CN-0003643,retail,active,2020-07-16,low,91.16
CUST003644,PTY003644,CN-0003644,affluent,active,2019-07-27,very_high,18.38
CUST003645,PTY003645,CN-0003645,affluent,inactive,2025-09-27,low,44.26
CUST003646,PTY003646,CN-0003646,small_business,active,2019-02-11,medium,60.02
CUST003647,PTY003647,CN-0003647,retail,active,2019-06-21,low,40.73
CUST003648,PTY003648,CN-0003648,retail,prospect,2024-01-28,high,68.45
CUST003649,PTY003649,CN-0003649,retail,active,2024-08-15,very_high,60.41
CUST003650,PTY003650,CN-0003650,retail,active,2023-04-29,medium,98.62
CUST003651,PTY003651,CN-0003651,retail,active,2021-12-24,low,83.9
CUST003652,PTY003652,CN-0003652,retail,inactive,2024-07-29,low,30.21
CUST003653,PTY003653,CN-0003653,retail,active,2022-01-07,medium,4.51
CUST003654,PTY003654,CN-0003654,affluent,inactive,2019-01-26,low,10.62
CUST003655,PTY003655,CN-0003655,affluent,active,2020-09-07,medium,37.37
CUST003656,PTY003656,CN-0003656,small_business,inactive,2020-07-13,very_high,8.48
CUST003657,PTY003657,CN-0003657,retail,prospect,2018-09-11,low,18.38
CUST003658,PTY003658,CN-0003658,affluent,active,2024-07-10,very_high,9.95
CUST003659,PTY003659,CN-0003659,retail,former,2019-08-22,high,37.66
CUST003660,PTY003660,CN-0003660,affluent,active,2026-01-19,very_high,6.4
CUST003661,PTY003661,CN-0003661,small_business,active,2026-04-19,high,0.25
CUST003662,PTY003662,CN-0003662,affluent,inactive,2023-01-16,medium,22.69
CUST003663,PTY003663,CN-0003663,small_business,lapsed,2021-03-16,medium,13.67
CUST003664,PTY003664,CN-0003664,retail,active,2020-08-17,very_high,46.55
CUST003665,PTY003665,CN-0003665,retail,active,2023-12-30,high,37.68
CUST003666,PTY003666,CN-0003666,affluent,active,2022-12-12,medium,44.39
CUST003667,PTY003667,CN-0003667,retail,inactive,2026-04-20,high,94.5
CUST003668,PTY003668,CN-0003668,retail,lapsed,2021-12-15,low,92.0
CUST003669,PTY003669,CN-0003669,small_business,active,2025-07-07,very_high,96.92
CUST003670,PTY003670,CN-0003670,small_business,active,2025-12-24,low,34.46
CUST003671,PTY003671,CN-0003671,small_business,lapsed,2025-05-22,very_high,6.69
CUST003672,PTY003672,CN-0003672,affluent,active,2018-04-19,low,82.14
CUST003673,PTY003673,CN-0003673,small_business,active,2025-04-08,low,40.68
CUST003674,PTY003674,CN-0003674,affluent,inactive,2018-10-31,low,15.59
CUST003675,PTY003675,CN-0003675,retail,lapsed,2020-10-04,low,39.08
CUST003676,PTY003676,CN-0003676,affluent,lapsed,2025-01-08,very_high,2.4
CUST003677,PTY003677,CN-0003677,small_business,lapsed,2025-01-21,very_high,20.45
CUST003678,PTY003678,CN-0003678,retail,active,2020-10-04,medium,68.4
CUST003679,PTY003679,CN-0003679,affluent,active,2019-05-20,medium,7.16
CUST003680,PTY003680,CN-0003680,small_business,former,2019-07-20,high,64.71
CUST003681,PTY003681,CN-0003681,small_business,active,2022-02-14,very_high,8.38
CUST003682,PTY003682,CN-0003682,retail,inactive,2021-03-17,high,19.26
CUST003683,PTY003683,CN-0003683,retail,lapsed,2018-06-14,medium,45.36
CUST003684,PTY003684,CN-0003684,retail,inactive,2021-10-10,medium,87.37
CUST003685,PTY003685,CN-0003685,affluent,prospect,2025-11-19,medium,14.32
CUST003686,PTY003686,CN-0003686,small_business,inactive,2022-11-27,very_high,38.0
CUST003687,PTY003687,CN-0003687,retail,active,2020-05-04,high,10.33
CUST003688,PTY003688,CN-0003688,affluent,active,2025-05-23,very_high,41.27
CUST003689,PTY003689,CN-0003689,retail,active,2024-05-24,medium,91.93
CUST003690,PTY003690,CN-0003690,retail,prospect,2019-07-26,low,77.89
CUST003691,PTY003691,CN-0003691,retail,former,2025-06-26,very_high,80.38
CUST003692,PTY003692,CN-0003692,affluent,active,2019-11-02,very_high,29.28
CUST003693,PTY003693,CN-0003693,small_business,former,2022-11-01,medium,87.15
CUST003694,PTY003694,CN-0003694,retail,former,2022-02-19,medium,48.79
CUST003695,PTY003695,CN-0003695,small_business,active,2021-02-19,medium,96.22
CUST003696,PTY003696,CN-0003696,small_business,former,2020-10-16,high,67.26
CUST003697,PTY003697,CN-0003697,small_business,inactive,2021-07-10,very_high,97.74
CUST003698,PTY003698,CN-0003698,affluent,active,2020-12-01,high,58.87
CUST003699,PTY003699,CN-0003699,retail,active,2019-10-17,high,70.82
CUST003700,PTY003700,CN-0003700,retail,active,2019-05-08,very_high,62.55
CUST003701,PTY003701,CN-0003701,retail,active,2021-07-13,medium,97.07
CUST003702,PTY003702,CN-0003702,small_business,active,2022-09-12,high,85.87
CUST003703,PTY003703,CN-0003703,affluent,prospect,2019-08-09,very_high,76.59
CUST003704,PTY003704,CN-0003704,small_business,active,2026-06-02,very_high,17.93
CUST003705,PTY003705,CN-0003705,affluent,active,2020-08-05,low,61.39
CUST003706,PTY003706,CN-0003706,retail,active,2024-07-21,high,86.65
CUST003707,PTY003707,CN-0003707,retail,inactive,2018-10-26,low,30.12
CUST003708,PTY003708,CN-0003708,small_business,prospect,2025-05-14,medium,14.73
CUST003709,PTY003709,CN-0003709,small_business,active,2020-03-13,very_high,55.01
CUST003710,PTY003710,CN-0003710,affluent,lapsed,2025-09-25,low,28.69
CUST003711,PTY003711,CN-0003711,small_business,lapsed,2021-11-13,very_high,85.8
CUST003712,PTY003712,CN-0003712,small_business,prospect,2019-07-15,high,69.81
CUST003713,PTY003713,CN-0003713,small_business,prospect,2018-08-01,medium,23.02
CUST003714,PTY003714,CN-0003714,affluent,active,2024-11-07,low,29.26
CUST003715,PTY003715,CN-0003715,affluent,former,2024-03-25,medium,77.42
CUST003716,PTY003716,CN-0003716,small_business,lapsed,2020-03-01,medium,69.34
CUST003717,PTY003717,CN-0003717,affluent,lapsed,2024-05-13,high,31.67
CUST003718,PTY003718,CN-0003718,small_business,active,2026-01-18,very_high,76.59
CUST003719,PTY003719,CN-0003719,retail,active,2022-12-29,medium,40.7
CUST003720,PTY003720,CN-0003720,affluent,active,2020-06-18,very_high,20.05
CUST003721,PTY003721,CN-0003721,retail,active,2019-04-08,medium,2.71
CUST003722,PTY003722,CN-0003722,affluent,lapsed,2018-07-20,high,50.34
CUST003723,PTY003723,CN-0003723,retail,active,2021-01-04,high,77.32
CUST003724,PTY003724,CN-0003724,retail,active,2024-02-03,medium,42.29
CUST003725,PTY003725,CN-0003725,affluent,inactive,2023-01-23,very_high,2.29
CUST003726,PTY003726,CN-0003726,retail,lapsed,2023-09-18,very_high,49.88
CUST003727,PTY003727,CN-0003727,affluent,prospect,2026-04-20,medium,38.12
CUST003728,PTY003728,CN-0003728,affluent,lapsed,2021-10-06,high,60.66
CUST003729,PTY003729,CN-0003729,small_business,inactive,2021-03-17,medium,2.4
CUST003730,PTY003730,CN-0003730,small_business,active,2022-02-26,low,11.37
CUST003731,PTY003731,CN-0003731,retail,active,2020-02-09,high,76.36
CUST003732,PTY003732,CN-0003732,affluent,active,2019-01-19,high,4.99
CUST003733,PTY003733,CN-0003733,retail,prospect,2025-04-29,low,89.89
CUST003734,PTY003734,CN-0003734,small_business,prospect,2021-04-10,very_high,34.5
CUST003735,PTY003735,CN-0003735,affluent,lapsed,2023-12-14,low,54.09
CUST003736,PTY003736,CN-0003736,retail,inactive,2018-07-19,low,28.58
CUST003737,PTY003737,CN-0003737,retail,prospect,2025-02-26,high,6.14
CUST003738,PTY003738,CN-0003738,retail,active,2020-09-18,very_high,38.5
CUST003739,PTY003739,CN-0003739,small_business,prospect,2023-09-16,medium,83.36
CUST003740,PTY003740,CN-0003740,affluent,lapsed,2020-02-22,low,27.44
CUST003741,PTY003741,CN-0003741,retail,active,2025-03-29,high,45.81
CUST003742,PTY003742,CN-0003742,affluent,prospect,2021-12-13,medium,4.21
CUST003743,PTY003743,CN-0003743,retail,prospect,2025-03-03,very_high,51.63
CUST003744,PTY003744,CN-0003744,small_business,active,2021-07-25,very_high,11.0
CUST003745,PTY003745,CN-0003745,affluent,active,2023-01-21,low,9.12
CUST003746,PTY003746,CN-0003746,retail,active,2024-10-27,very_high,79.03
CUST003747,PTY003747,CN-0003747,retail,active,2025-05-15,medium,48.37
CUST003748,PTY003748,CN-0003748,small_business,prospect,2019-02-26,low,36.58
CUST003749,PTY003749,CN-0003749,small_business,former,2022-05-14,very_high,11.28
CUST003750,PTY003750,CN-0003750,affluent,active,2024-05-18,very_high,43.85
CUST003751,PTY003751,CN-0003751,affluent,lapsed,2024-06-30,medium,66.4
CUST003752,PTY003752,CN-0003752,small_business,prospect,2019-10-17,very_high,86.98
CUST003753,PTY003753,CN-0003753,small_business,former,2026-01-25,low,33.28
CUST003754,PTY003754,CN-0003754,retail,active,2024-01-06,medium,25.56
CUST003755,PTY003755,CN-0003755,affluent,prospect,2025-03-21,high,42.2
CUST003756,PTY003756,CN-0003756,affluent,active,2022-12-07,high,24.69
CUST003757,PTY003757,CN-0003757,retail,inactive,2020-09-07,medium,28.23
CUST003758,PTY003758,CN-0003758,small_business,lapsed,2022-05-08,medium,9.43
CUST003759,PTY003759,CN-0003759,small_business,active,2025-11-08,low,6.65
CUST003760,PTY003760,CN-0003760,affluent,former,2021-09-14,high,92.9
CUST003761,PTY003761,CN-0003761,affluent,active,2022-10-19,medium,0.43
CUST003762,PTY003762,CN-0003762,retail,active,2020-04-09,high,20.45
CUST003763,PTY003763,CN-0003763,retail,active,2023-03-08,very_high,43.0
CUST003764,PTY003764,CN-0003764,affluent,active,2024-04-13,high,31.67
CUST003765,PTY003765,CN-0003765,small_business,former,2025-02-26,low,16.46
CUST003766,PTY003766,CN-0003766,affluent,active,2019-05-31,high,42.65
CUST003767,PTY003767,CN-0003767,retail,former,2020-09-04,very_high,81.82
CUST003768,PTY003768,CN-0003768,affluent,inactive,2018-02-01,very_high,12.51
CUST003769,PTY003769,CN-0003769,retail,lapsed,2026-02-05,very_high,76.55
CUST003770,PTY003770,CN-0003770,affluent,former,2020-07-05,medium,95.01
CUST003771,PTY003771,CN-0003771,small_business,active,2023-05-01,low,12.09
CUST003772,PTY003772,CN-0003772,affluent,active,2026-07-10,medium,31.9
CUST003773,PTY003773,CN-0003773,affluent,active,2025-10-10,very_high,19.84
CUST003774,PTY003774,CN-0003774,retail,prospect,2024-10-04,very_high,90.74
CUST003775,PTY003775,CN-0003775,retail,prospect,2019-08-23,medium,71.63
CUST003776,PTY003776,CN-0003776,retail,active,2021-02-15,high,67.51
CUST003777,PTY003777,CN-0003777,retail,lapsed,2023-06-26,low,34.88
CUST003778,PTY003778,CN-0003778,small_business,former,2025-05-21,very_high,98.55
CUST003779,PTY003779,CN-0003779,affluent,former,2019-01-20,very_high,93.47
CUST003780,PTY003780,CN-0003780,affluent,inactive,2025-08-08,very_high,10.83
CUST003781,PTY003781,CN-0003781,affluent,inactive,2022-02-03,very_high,34.99
CUST003782,PTY003782,CN-0003782,small_business,former,2022-06-22,very_high,40.67
CUST003783,PTY003783,CN-0003783,affluent,inactive,2018-06-16,very_high,52.4
CUST003784,PTY003784,CN-0003784,retail,active,2020-08-18,high,1.61
CUST003785,PTY003785,CN-0003785,affluent,active,2024-11-24,medium,16.15
CUST003786,PTY003786,CN-0003786,retail,lapsed,2021-02-27,very_high,68.22
CUST003787,PTY003787,CN-0003787,retail,former,2022-02-02,very_high,62.41
CUST003788,PTY003788,CN-0003788,retail,active,2025-10-15,low,57.95
CUST003789,PTY003789,CN-0003789,small_business,active,2026-07-11,low,45.87
CUST003790,PTY003790,CN-0003790,affluent,active,2022-01-22,very_high,67.18
CUST003791,PTY003791,CN-0003791,retail,former,2022-09-22,low,33.46
CUST003792,PTY003792,CN-0003792,affluent,prospect,2025-03-08,low,90.79
CUST003793,PTY003793,CN-0003793,retail,lapsed,2021-09-08,low,4.39
CUST003794,PTY003794,CN-0003794,affluent,former,2022-06-14,medium,41.91
CUST003795,PTY003795,CN-0003795,affluent,prospect,2018-05-06,medium,40.13
CUST003796,PTY003796,CN-0003796,affluent,lapsed,2024-04-14,medium,66.94
CUST003797,PTY003797,CN-0003797,small_business,inactive,2023-04-04,very_high,86.35
CUST003798,PTY003798,CN-0003798,retail,active,2020-04-12,high,50.76
CUST003799,PTY003799,CN-0003799,retail,active,2026-01-02,very_high,89.44
CUST003800,PTY003800,CN-0003800,retail,prospect,2024-09-24,high,57.05
CUST003801,PTY003801,CN-0003801,affluent,prospect,2023-04-18,high,38.44
CUST003802,PTY003802,CN-0003802,affluent,active,2025-12-21,very_high,85.31
CUST003803,PTY003803,CN-0003803,retail,former,2025-08-12,medium,2.29
CUST003804,PTY003804,CN-0003804,retail,active,2020-04-30,medium,81.73
CUST003805,PTY003805,CN-0003805,small_business,active,2022-07-28,medium,77.87
CUST003806,PTY003806,CN-0003806,small_business,active,2019-08-05,high,26.39
CUST003807,PTY003807,CN-0003807,retail,lapsed,2024-08-22,very_high,66.98
CUST003808,PTY003808,CN-0003808,retail,prospect,2021-04-03,low,68.92
CUST003809,PTY003809,CN-0003809,affluent,lapsed,2026-03-29,medium,2.08
CUST003810,PTY003810,CN-0003810,affluent,prospect,2022-05-22,low,30.42
CUST003811,PTY003811,CN-0003811,small_business,former,2026-05-15,low,31.96
CUST003812,PTY003812,CN-0003812,retail,inactive,2024-08-10,high,27.98
CUST003813,PTY003813,CN-0003813,small_business,prospect,2019-08-10,very_high,95.44
CUST003814,PTY003814,CN-0003814,affluent,prospect,2020-04-11,medium,98.84
CUST003815,PTY003815,CN-0003815,small_business,former,2021-08-04,medium,38.14
CUST003816,PTY003816,CN-0003816,retail,former,2025-12-29,low,8.94
CUST003817,PTY003817,CN-0003817,retail,lapsed,2018-08-27,low,58.93
CUST003818,PTY003818,CN-0003818,affluent,inactive,2023-11-26,medium,6.6
CUST003819,PTY003819,CN-0003819,affluent,prospect,2022-12-22,low,80.95
CUST003820,PTY003820,CN-0003820,affluent,prospect,2021-06-22,medium,52.67
CUST003821,PTY003821,CN-0003821,small_business,lapsed,2020-08-02,high,6.45
CUST003822,PTY003822,CN-0003822,affluent,former,2024-02-06,medium,62.5
CUST003823,PTY003823,CN-0003823,affluent,lapsed,2018-07-27,medium,4.94
CUST003824,PTY003824,CN-0003824,affluent,active,2020-12-11,very_high,41.72
CUST003825,PTY003825,CN-0003825,retail,former,2018-12-29,very_high,39.39
CUST003826,PTY003826,CN-0003826,affluent,prospect,2023-12-27,low,14.03
CUST003827,PTY003827,CN-0003827,affluent,lapsed,2019-07-16,very_high,51.99
CUST003828,PTY003828,CN-0003828,affluent,active,2021-11-29,very_high,89.41
CUST003829,PTY003829,CN-0003829,small_business,former,2020-11-16,low,87.18
CUST003830,PTY003830,CN-0003830,retail,prospect,2026-01-19,low,3.63
CUST003831,PTY003831,CN-0003831,affluent,inactive,2021-11-29,medium,67.43
CUST003832,PTY003832,CN-0003832,retail,prospect,2026-04-26,very_high,49.72
CUST003833,PTY003833,CN-0003833,affluent,active,2020-04-10,high,97.87
CUST003834,PTY003834,CN-0003834,affluent,inactive,2019-01-23,low,74.7
CUST003835,PTY003835,CN-0003835,affluent,active,2019-07-28,medium,47.44
CUST003836,PTY003836,CN-0003836,affluent,former,2022-07-30,high,64.76
CUST003837,PTY003837,CN-0003837,affluent,prospect,2026-06-30,very_high,81.23
CUST003838,PTY003838,CN-0003838,small_business,lapsed,2022-10-16,low,50.91
CUST003839,PTY003839,CN-0003839,small_business,former,2023-05-15,medium,65.82
CUST003840,PTY003840,CN-0003840,retail,active,2024-02-01,medium,43.24
CUST003841,PTY003841,CN-0003841,affluent,lapsed,2023-11-25,high,2.46
CUST003842,PTY003842,CN-0003842,affluent,active,2026-03-04,medium,45.99
CUST003843,PTY003843,CN-0003843,retail,inactive,2022-07-03,medium,18.41
CUST003844,PTY003844,CN-0003844,small_business,active,2022-11-06,low,56.99
CUST003845,PTY003845,CN-0003845,retail,active,2025-09-18,very_high,8.56
CUST003846,PTY003846,CN-0003846,small_business,active,2022-06-07,medium,55.03
CUST003847,PTY003847,CN-0003847,affluent,lapsed,2025-03-09,low,46.38
CUST003848,PTY003848,CN-0003848,affluent,active,2024-07-06,high,56.56
CUST003849,PTY003849,CN-0003849,retail,active,2019-03-11,high,62.25
CUST003850,PTY003850,CN-0003850,small_business,active,2023-05-22,very_high,32.27
CUST003851,PTY003851,CN-0003851,small_business,active,2024-10-06,high,2.49
CUST003852,PTY003852,CN-0003852,affluent,active,2020-02-09,low,31.71
CUST003853,PTY003853,CN-0003853,affluent,active,2018-10-24,low,77.32
CUST003854,PTY003854,CN-0003854,small_business,active,2019-03-24,very_high,55.14
CUST003855,PTY003855,CN-0003855,affluent,prospect,2020-02-11,medium,59.02
CUST003856,PTY003856,CN-0003856,small_business,active,2021-12-14,low,53.44
CUST003857,PTY003857,CN-0003857,retail,lapsed,2022-12-13,low,84.15
CUST003858,PTY003858,CN-0003858,affluent,active,2021-06-17,low,5.61
CUST003859,PTY003859,CN-0003859,small_business,former,2025-04-22,low,0.44
CUST003860,PTY003860,CN-0003860,retail,active,2024-10-07,high,59.44
CUST003861,PTY003861,CN-0003861,retail,inactive,2025-02-28,very_high,56.12
CUST003862,PTY003862,CN-0003862,small_business,lapsed,2023-07-06,very_high,99.24
CUST003863,PTY003863,CN-0003863,retail,lapsed,2025-01-09,low,77.39
CUST003864,PTY003864,CN-0003864,retail,prospect,2024-08-12,low,10.17
CUST003865,PTY003865,CN-0003865,small_business,lapsed,2019-09-07,low,6.38
CUST003866,PTY003866,CN-0003866,small_business,former,2023-09-09,low,49.34
CUST003867,PTY003867,CN-0003867,affluent,former,2019-12-02,low,40.15
CUST003868,PTY003868,CN-0003868,affluent,active,2025-03-19,medium,99.55
CUST003869,PTY003869,CN-0003869,retail,former,2019-10-26,medium,40.81
CUST003870,PTY003870,CN-0003870,retail,lapsed,2020-05-13,low,38.44
CUST003871,PTY003871,CN-0003871,retail,former,2018-06-21,very_high,63.89
CUST003872,PTY003872,CN-0003872,retail,former,2018-03-23,high,78.55
CUST003873,PTY003873,CN-0003873,affluent,lapsed,2022-04-26,very_high,13.89
CUST003874,PTY003874,CN-0003874,affluent,active,2025-11-14,high,23.92
CUST003875,PTY003875,CN-0003875,affluent,active,2026-03-29,low,69.73
CUST003876,PTY003876,CN-0003876,small_business,former,2021-08-30,low,80.68
CUST003877,PTY003877,CN-0003877,small_business,active,2026-07-21,very_high,94.6
CUST003878,PTY003878,CN-0003878,small_business,active,2024-09-13,very_high,25.57
CUST003879,PTY003879,CN-0003879,small_business,inactive,2026-01-29,very_high,78.9
CUST003880,PTY003880,CN-0003880,affluent,active,2022-01-22,high,93.97
CUST003881,PTY003881,CN-0003881,small_business,active,2020-06-15,low,28.07
CUST003882,PTY003882,CN-0003882,small_business,inactive,2025-05-08,very_high,35.39
CUST003883,PTY003883,CN-0003883,retail,lapsed,2023-10-07,high,50.67
CUST003884,PTY003884,CN-0003884,affluent,lapsed,2021-04-30,medium,66.14
CUST003885,PTY003885,CN-0003885,affluent,inactive,2021-12-17,very_high,63.0
CUST003886,PTY003886,CN-0003886,small_business,active,2022-09-02,very_high,97.86
CUST003887,PTY003887,CN-0003887,affluent,active,2021-05-12,medium,15.43
CUST003888,PTY003888,CN-0003888,small_business,active,2025-06-08,high,52.45
CUST003889,PTY003889,CN-0003889,affluent,inactive,2018-01-19,high,24.37
CUST003890,PTY003890,CN-0003890,affluent,active,2026-09-02,medium,65.69
CUST003891,PTY003891,CN-0003891,small_business,active,2025-04-11,medium,87.13
CUST003892,PTY003892,CN-0003892,small_business,inactive,2026-03-05,high,86.65
CUST003893,PTY003893,CN-0003893,small_business,prospect,2018-05-10,high,31.91
CUST003894,PTY003894,CN-0003894,small_business,lapsed,2018-09-02,low,59.59
CUST003895,PTY003895,CN-0003895,small_business,active,2023-12-20,very_high,16.52
CUST003896,PTY003896,CN-0003896,retail,active,2018-02-03,medium,28.04
CUST003897,PTY003897,CN-0003897,affluent,former,2026-07-03,medium,56.71
CUST003898,PTY003898,CN-0003898,small_business,active,2025-10-25,medium,91.47
CUST003899,PTY003899,CN-0003899,retail,former,2023-07-01,high,26.96
CUST003900,PTY003900,CN-0003900,affluent,lapsed,2021-11-15,low,24.17
CUST003901,PTY003901,CN-0003901,retail,active,2018-04-28,medium,33.51
CUST003902,PTY003902,CN-0003902,retail,active,2021-12-09,low,67.66
CUST003903,PTY003903,CN-0003903,affluent,lapsed,2025-09-23,low,29.99
CUST003904,PTY003904,CN-0003904,retail,lapsed,2021-11-07,medium,95.94
CUST003905,PTY003905,CN-0003905,small_business,active,2019-01-21,high,22.7
CUST003906,PTY003906,CN-0003906,retail,active,2018-09-23,high,77.18
CUST003907,PTY003907,CN-0003907,affluent,lapsed,2025-09-13,medium,82.44
CUST003908,PTY003908,CN-0003908,small_business,inactive,2026-06-02,high,18.81
CUST003909,PTY003909,CN-0003909,affluent,prospect,2026-02-03,low,14.22
CUST003910,PTY003910,CN-0003910,small_business,inactive,2025-05-14,low,27.48
CUST003911,PTY003911,CN-0003911,small_business,active,2019-11-15,medium,88.49
CUST003912,PTY003912,CN-0003912,retail,inactive,2020-12-18,very_high,84.05
CUST003913,PTY003913,CN-0003913,retail,former,2022-04-07,high,11.1
CUST003914,PTY003914,CN-0003914,affluent,active,2018-07-29,very_high,22.34
CUST003915,PTY003915,CN-0003915,affluent,lapsed,2020-02-28,high,34.86
CUST003916,PTY003916,CN-0003916,retail,active,2021-11-02,very_high,97.68
CUST003917,PTY003917,CN-0003917,affluent,prospect,2024-10-08,medium,32.42
CUST003918,PTY003918,CN-0003918,small_business,lapsed,2018-11-18,high,34.4
CUST003919,PTY003919,CN-0003919,small_business,former,2022-01-04,medium,68.86
CUST003920,PTY003920,CN-0003920,retail,former,2025-11-01,very_high,13.57
CUST003921,PTY003921,CN-0003921,affluent,former,2020-02-03,low,41.57
CUST003922,PTY003922,CN-0003922,retail,active,2020-03-29,high,38.53
CUST003923,PTY003923,CN-0003923,retail,lapsed,2019-07-30,high,83.05
CUST003924,PTY003924,CN-0003924,small_business,lapsed,2022-03-15,medium,76.11
CUST003925,PTY003925,CN-0003925,retail,active,2020-11-20,very_high,2.87
CUST003926,PTY003926,CN-0003926,affluent,prospect,2020-11-20,very_high,39.23
CUST003927,PTY003927,CN-0003927,affluent,inactive,2018-02-27,low,42.39
CUST003928,PTY003928,CN-0003928,retail,inactive,2020-08-16,very_high,24.05
CUST003929,PTY003929,CN-0003929,affluent,inactive,2020-08-20,high,94.98
CUST003930,PTY003930,CN-0003930,affluent,active,2022-11-21,low,31.08
CUST003931,PTY003931,CN-0003931,affluent,active,2018-05-14,medium,91.77
CUST003932,PTY003932,CN-0003932,affluent,lapsed,2019-05-28,very_high,44.07
CUST003933,PTY003933,CN-0003933,retail,active,2025-08-03,medium,28.04
CUST003934,PTY003934,CN-0003934,affluent,inactive,2020-07-27,low,30.86
CUST003935,PTY003935,CN-0003935,retail,lapsed,2021-11-10,high,65.02
CUST003936,PTY003936,CN-0003936,retail,active,2018-08-23,medium,40.07
CUST003937,PTY003937,CN-0003937,retail,former,2022-02-09,medium,55.3
CUST003938,PTY003938,CN-0003938,retail,prospect,2026-02-06,medium,25.54
CUST003939,PTY003939,CN-0003939,small_business,former,2023-04-15,high,44.16
CUST003940,PTY003940,CN-0003940,retail,inactive,2023-03-27,low,11.02
CUST003941,PTY003941,CN-0003941,small_business,inactive,2021-09-18,low,74.85
CUST003942,PTY003942,CN-0003942,small_business,active,2025-01-19,low,52.13
CUST003943,PTY003943,CN-0003943,retail,lapsed,2025-12-06,high,24.87
CUST003944,PTY003944,CN-0003944,small_business,active,2024-11-24,low,88.66
CUST003945,PTY003945,CN-0003945,affluent,former,2025-09-09,medium,66.45
CUST003946,PTY003946,CN-0003946,small_business,active,2024-07-25,low,67.82
CUST003947,PTY003947,CN-0003947,small_business,prospect,2019-03-16,very_high,14.71
CUST003948,PTY003948,CN-0003948,retail,lapsed,2024-07-22,very_high,60.5
CUST003949,PTY003949,CN-0003949,small_business,former,2022-05-16,low,90.97
CUST003950,PTY003950,CN-0003950,retail,inactive,2020-05-25,low,84.19
CUST003951,PTY003951,CN-0003951,affluent,inactive,2019-08-02,low,74.36
CUST003952,PTY003952,CN-0003952,affluent,active,2026-03-14,medium,82.01
CUST003953,PTY003953,CN-0003953,retail,prospect,2019-09-30,medium,39.71
CUST003954,PTY003954,CN-0003954,small_business,active,2018-11-06,medium,67.94
CUST003955,PTY003955,CN-0003955,small_business,prospect,2022-11-18,low,35.9
CUST003956,PTY003956,CN-0003956,affluent,lapsed,2024-05-02,very_high,48.73
CUST003957,PTY003957,CN-0003957,affluent,active,2022-12-16,high,85.04
CUST003958,PTY003958,CN-0003958,affluent,former,2026-04-22,low,37.32
CUST003959,PTY003959,CN-0003959,retail,active,2020-03-15,high,31.78
CUST003960,PTY003960,CN-0003960,retail,prospect,2018-02-12,medium,77.61
CUST003961,PTY003961,CN-0003961,affluent,former,2022-03-26,medium,56.05
CUST003962,PTY003962,CN-0003962,affluent,prospect,2024-03-23,medium,74.48
CUST003963,PTY003963,CN-0003963,affluent,active,2021-06-22,low,17.01
CUST003964,PTY003964,CN-0003964,affluent,active,2021-07-19,very_high,76.12
CUST003965,PTY003965,CN-0003965,retail,lapsed,2018-07-13,low,27.22
CUST003966,PTY003966,CN-0003966,affluent,former,2024-10-12,medium,27.31
CUST003967,PTY003967,CN-0003967,affluent,active,2025-09-06,high,29.76
CUST003968,PTY003968,CN-0003968,affluent,lapsed,2018-10-09,medium,24.01
CUST003969,PTY003969,CN-0003969,affluent,inactive,2022-10-03,low,4.47
CUST003970,PTY003970,CN-0003970,affluent,lapsed,2020-09-24,medium,44.64
CUST003971,PTY003971,CN-0003971,retail,former,2018-10-21,high,10.01
CUST003972,PTY003972,CN-0003972,small_business,active,2020-09-28,low,10.06
CUST003973,PTY003973,CN-0003973,retail,active,2021-06-25,low,9.85
CUST003974,PTY003974,CN-0003974,affluent,inactive,2024-01-03,medium,36.17
CUST003975,PTY003975,CN-0003975,retail,prospect,2020-08-24,medium,68.51
CUST003976,PTY003976,CN-0003976,affluent,active,2018-11-11,low,72.37
CUST003977,PTY003977,CN-0003977,small_business,active,2025-02-22,very_high,84.11
CUST003978,PTY003978,CN-0003978,affluent,inactive,2020-08-31,low,64.85
CUST003979,PTY003979,CN-0003979,small_business,active,2025-11-12,very_high,60.02
CUST003980,PTY003980,CN-0003980,affluent,inactive,2023-03-24,high,64.8
CUST003981,PTY003981,CN-0003981,small_business,active,2022-10-21,low,4.27
CUST003982,PTY003982,CN-0003982,retail,prospect,2021-12-19,high,69.87
CUST003983,PTY003983,CN-0003983,retail,active,2019-02-13,low,45.68
CUST003984,PTY003984,CN-0003984,retail,active,2022-11-12,high,87.14
CUST003985,PTY003985,CN-0003985,affluent,lapsed,2018-04-23,high,10.42
CUST003986,PTY003986,CN-0003986,small_business,prospect,2020-06-06,high,8.09
CUST003987,PTY003987,CN-0003987,affluent,former,2019-03-28,low,62.22
CUST003988,PTY003988,CN-0003988,small_business,active,2025-03-17,high,93.47
CUST003989,PTY003989,CN-0003989,affluent,active,2022-09-18,medium,61.68
CUST003990,PTY003990,CN-0003990,small_business,active,2021-11-10,low,60.0
CUST003991,PTY003991,CN-0003991,small_business,active,2023-02-01,low,23.63
CUST003992,PTY003992,CN-0003992,affluent,lapsed,2023-01-02,low,68.81
CUST003993,PTY003993,CN-0003993,affluent,inactive,2025-07-30,very_high,75.01
CUST003994,PTY003994,CN-0003994,retail,inactive,2022-10-10,high,40.08
CUST003995,PTY003995,CN-0003995,affluent,active,2019-07-05,very_high,92.37
CUST003996,PTY003996,CN-0003996,affluent,active,2022-12-10,low,37.23
CUST003997,PTY003997,CN-0003997,retail,active,2023-07-19,low,19.56
CUST003998,PTY003998,CN-0003998,small_business,lapsed,2023-11-20,high,82.32
CUST003999,PTY003999,CN-0003999,retail,lapsed,2018-07-10,medium,21.74
CUST004000,PTY004000,CN-0004000,affluent,former,2025-05-08,high,66.72
CUST004001,PTY004001,CN-0004001,small_business,active,2018-10-09,very_high,88.57
CUST004002,PTY004002,CN-0004002,small_business,active,2019-12-22,medium,72.75
CUST004003,PTY004003,CN-0004003,small_business,lapsed,2018-01-04,low,7.16
CUST004004,PTY004004,CN-0004004,small_business,former,2023-02-16,low,68.42
CUST004005,PTY004005,CN-0004005,affluent,lapsed,2019-12-15,low,37.46
CUST004006,PTY004006,CN-0004006,affluent,active,2021-04-25,low,60.1
CUST004007,PTY004007,CN-0004007,affluent,active,2023-12-19,medium,88.72
CUST004008,PTY004008,CN-0004008,small_business,active,2022-08-30,low,84.17
CUST004009,PTY004009,CN-0004009,small_business,active,2022-05-10,very_high,59.32
CUST004010,PTY004010,CN-0004010,retail,active,2023-06-02,very_high,55.12
CUST004011,PTY004011,CN-0004011,retail,prospect,2020-08-05,high,54.13
CUST004012,PTY004012,CN-0004012,affluent,inactive,2023-06-16,medium,40.16
CUST004013,PTY004013,CN-0004013,affluent,former,2020-07-18,low,76.55
CUST004014,PTY004014,CN-0004014,retail,lapsed,2024-06-19,medium,77.95
CUST004015,PTY004015,CN-0004015,affluent,prospect,2025-12-05,medium,48.26
CUST004016,PTY004016,CN-0004016,small_business,active,2018-08-25,medium,28.02
CUST004017,PTY004017,CN-0004017,small_business,prospect,2018-06-28,very_high,74.28
CUST004018,PTY004018,CN-0004018,retail,inactive,2025-09-09,low,8.2
CUST004019,PTY004019,CN-0004019,retail,active,2023-01-25,medium,28.08
CUST004020,PTY004020,CN-0004020,affluent,active,2019-05-24,low,8.75
CUST004021,PTY004021,CN-0004021,small_business,lapsed,2019-04-13,very_high,65.2
CUST004022,PTY004022,CN-0004022,small_business,lapsed,2023-05-22,very_high,52.58
CUST004023,PTY004023,CN-0004023,affluent,inactive,2026-03-06,high,83.26
CUST004024,PTY004024,CN-0004024,small_business,inactive,2023-05-09,very_high,62.43
CUST004025,PTY004025,CN-0004025,small_business,active,2018-08-21,medium,10.65
CUST004026,PTY004026,CN-0004026,retail,active,2019-05-24,very_high,79.05
CUST004027,PTY004027,CN-0004027,small_business,inactive,2022-09-07,low,55.29
CUST004028,PTY004028,CN-0004028,affluent,prospect,2023-12-30,low,43.27
CUST004029,PTY004029,CN-0004029,retail,lapsed,2023-07-11,high,40.64
CUST004030,PTY004030,CN-0004030,retail,active,2020-09-23,medium,82.91
CUST004031,PTY004031,CN-0004031,affluent,active,2019-11-20,high,83.28
CUST004032,PTY004032,CN-0004032,retail,lapsed,2023-01-12,very_high,10.34
CUST004033,PTY004033,CN-0004033,small_business,inactive,2024-09-10,very_high,21.79
CUST004034,PTY004034,CN-0004034,affluent,prospect,2024-04-15,low,57.4
CUST004035,PTY004035,CN-0004035,affluent,former,2020-05-15,low,39.2
CUST004036,PTY004036,CN-0004036,affluent,prospect,2019-11-14,low,76.36
CUST004037,PTY004037,CN-0004037,retail,active,2025-03-18,low,42.6
CUST004038,PTY004038,CN-0004038,small_business,active,2023-07-16,medium,11.49
CUST004039,PTY004039,CN-0004039,affluent,active,2020-06-27,very_high,92.09
CUST004040,PTY004040,CN-0004040,retail,active,2020-09-18,high,26.78
CUST004041,PTY004041,CN-0004041,retail,active,2018-05-31,low,24.27
CUST004042,PTY004042,CN-0004042,retail,inactive,2025-07-17,high,74.97
CUST004043,PTY004043,CN-0004043,affluent,former,2022-03-02,high,50.35
CUST004044,PTY004044,CN-0004044,affluent,active,2021-10-31,medium,68.01
CUST004045,PTY004045,CN-0004045,affluent,former,2024-07-28,low,15.31
CUST004046,PTY004046,CN-0004046,affluent,active,2021-02-14,medium,14.55
CUST004047,PTY004047,CN-0004047,small_business,prospect,2021-08-12,very_high,80.87
CUST004048,PTY004048,CN-0004048,affluent,lapsed,2018-10-13,medium,32.27
CUST004049,PTY004049,CN-0004049,affluent,lapsed,2018-10-01,high,83.21
CUST004050,PTY004050,CN-0004050,retail,prospect,2022-09-21,medium,70.67
CUST004051,PTY004051,CN-0004051,retail,prospect,2022-07-21,very_high,23.33
CUST004052,PTY004052,CN-0004052,small_business,active,2024-09-16,high,9.77
CUST004053,PTY004053,CN-0004053,affluent,former,2020-05-01,high,31.83
CUST004054,PTY004054,CN-0004054,small_business,active,2019-01-20,medium,77.6
CUST004055,PTY004055,CN-0004055,retail,prospect,2024-10-06,very_high,59.78
CUST004056,PTY004056,CN-0004056,affluent,lapsed,2023-11-06,high,77.52
CUST004057,PTY004057,CN-0004057,retail,lapsed,2024-12-21,very_high,69.58
CUST004058,PTY004058,CN-0004058,small_business,former,2021-06-06,very_high,13.56
CUST004059,PTY004059,CN-0004059,affluent,prospect,2021-02-10,medium,70.26
CUST004060,PTY004060,CN-0004060,small_business,lapsed,2023-03-03,medium,32.86
CUST004061,PTY004061,CN-0004061,retail,active,2026-07-12,very_high,50.82
CUST004062,PTY004062,CN-0004062,retail,active,2018-09-30,very_high,19.21
CUST004063,PTY004063,CN-0004063,small_business,prospect,2022-10-23,very_high,69.24
CUST004064,PTY004064,CN-0004064,small_business,lapsed,2019-05-11,medium,70.66
CUST004065,PTY004065,CN-0004065,affluent,active,2018-02-15,high,13.26
CUST004066,PTY004066,CN-0004066,affluent,active,2019-12-05,high,9.41
CUST004067,PTY004067,CN-0004067,affluent,former,2024-12-01,medium,81.08
CUST004068,PTY004068,CN-0004068,small_business,lapsed,2018-09-09,medium,18.48
CUST004069,PTY004069,CN-0004069,small_business,active,2020-08-19,high,90.18
CUST004070,PTY004070,CN-0004070,affluent,prospect,2019-01-21,high,29.02
CUST004071,PTY004071,CN-0004071,small_business,former,2019-11-20,high,15.53
CUST004072,PTY004072,CN-0004072,retail,active,2025-06-29,high,24.47
CUST004073,PTY004073,CN-0004073,small_business,prospect,2026-06-16,high,43.92
CUST004074,PTY004074,CN-0004074,affluent,prospect,2021-12-08,low,66.83
CUST004075,PTY004075,CN-0004075,small_business,lapsed,2023-10-10,low,97.99
CUST004076,PTY004076,CN-0004076,small_business,prospect,2022-09-03,high,10.31
CUST004077,PTY004077,CN-0004077,small_business,active,2023-07-21,low,89.73
CUST004078,PTY004078,CN-0004078,retail,active,2023-03-30,high,83.08
CUST004079,PTY004079,CN-0004079,small_business,former,2019-07-04,high,99.01
CUST004080,PTY004080,CN-0004080,affluent,inactive,2025-09-04,low,50.86
CUST004081,PTY004081,CN-0004081,small_business,former,2020-01-04,low,66.74
CUST004082,PTY004082,CN-0004082,retail,lapsed,2018-10-17,medium,31.83
CUST004083,PTY004083,CN-0004083,affluent,active,2021-08-01,medium,74.93
CUST004084,PTY004084,CN-0004084,retail,prospect,2024-08-28,medium,24.19
CUST004085,PTY004085,CN-0004085,affluent,active,2022-04-15,very_high,58.31
CUST004086,PTY004086,CN-0004086,affluent,active,2022-10-01,medium,56.98
CUST004087,PTY004087,CN-0004087,retail,inactive,2020-08-15,very_high,9.33
CUST004088,PTY004088,CN-0004088,retail,former,2020-10-21,low,62.51
CUST004089,PTY004089,CN-0004089,retail,inactive,2024-01-29,low,83.58
CUST004090,PTY004090,CN-0004090,small_business,active,2020-08-02,high,65.37
CUST004091,PTY004091,CN-0004091,small_business,prospect,2019-09-02,very_high,42.46
CUST004092,PTY004092,CN-0004092,affluent,lapsed,2019-12-29,medium,27.02
CUST004093,PTY004093,CN-0004093,retail,former,2020-02-23,high,67.45
CUST004094,PTY004094,CN-0004094,affluent,active,2024-01-16,medium,25.74
CUST004095,PTY004095,CN-0004095,small_business,prospect,2023-04-20,very_high,43.62
CUST004096,PTY004096,CN-0004096,small_business,lapsed,2024-11-12,low,50.77
CUST004097,PTY004097,CN-0004097,small_business,former,2026-09-14,high,17.57
CUST004098,PTY004098,CN-0004098,affluent,inactive,2020-10-17,medium,38.37
CUST004099,PTY004099,CN-0004099,retail,inactive,2024-12-15,high,34.35
CUST004100,PTY004100,CN-0004100,small_business,active,2023-01-17,high,82.12
CUST004101,PTY004101,CN-0004101,affluent,former,2018-03-30,high,16.31
CUST004102,PTY004102,CN-0004102,affluent,lapsed,2026-07-07,high,60.88
CUST004103,PTY004103,CN-0004103,affluent,former,2023-05-19,low,24.87
CUST004104,PTY004104,CN-0004104,affluent,former,2022-10-15,very_high,28.34
CUST004105,PTY004105,CN-0004105,small_business,inactive,2020-05-08,low,83.95
CUST004106,PTY004106,CN-0004106,small_business,active,2023-04-11,low,25.86
CUST004107,PTY004107,CN-0004107,affluent,inactive,2019-05-26,medium,0.45
CUST004108,PTY004108,CN-0004108,affluent,former,2026-07-19,high,27.4
CUST004109,PTY004109,CN-0004109,affluent,active,2024-03-04,medium,93.46
CUST004110,PTY004110,CN-0004110,affluent,lapsed,2021-03-12,very_high,66.7
CUST004111,PTY004111,CN-0004111,small_business,active,2023-10-16,very_high,58.9
CUST004112,PTY004112,CN-0004112,affluent,active,2024-11-08,very_high,1.64
CUST004113,PTY004113,CN-0004113,retail,active,2025-11-10,low,87.22
CUST004114,PTY004114,CN-0004114,affluent,prospect,2022-11-10,low,84.63
CUST004115,PTY004115,CN-0004115,small_business,prospect,2024-12-19,low,2.63
CUST004116,PTY004116,CN-0004116,retail,former,2026-07-05,high,79.61
CUST004117,PTY004117,CN-0004117,small_business,prospect,2026-01-11,high,39.22
CUST004118,PTY004118,CN-0004118,small_business,active,2022-01-08,high,0.01
CUST004119,PTY004119,CN-0004119,retail,inactive,2021-10-19,very_high,94.37
CUST004120,PTY004120,CN-0004120,retail,active,2025-09-11,very_high,66.22
CUST004121,PTY004121,CN-0004121,affluent,lapsed,2020-12-04,medium,20.44
CUST004122,PTY004122,CN-0004122,retail,active,2025-10-14,very_high,57.55
CUST004123,PTY004123,CN-0004123,retail,active,2021-09-04,high,75.95
CUST004124,PTY004124,CN-0004124,affluent,active,2018-03-10,very_high,40.85
CUST004125,PTY004125,CN-0004125,affluent,former,2025-12-07,medium,48.45
CUST004126,PTY004126,CN-0004126,retail,active,2021-06-27,high,90.12
CUST004127,PTY004127,CN-0004127,small_business,prospect,2024-04-16,very_high,83.14
CUST004128,PTY004128,CN-0004128,affluent,active,2024-01-09,high,80.15
CUST004129,PTY004129,CN-0004129,small_business,prospect,2019-05-25,medium,33.04
CUST004130,PTY004130,CN-0004130,retail,inactive,2025-08-27,high,87.13
CUST004131,PTY004131,CN-0004131,small_business,lapsed,2023-07-03,medium,75.56
CUST004132,PTY004132,CN-0004132,affluent,former,2021-05-17,low,62.92
CUST004133,PTY004133,CN-0004133,retail,inactive,2026-07-13,high,57.3
CUST004134,PTY004134,CN-0004134,affluent,active,2026-07-05,low,67.12
CUST004135,PTY004135,CN-0004135,small_business,inactive,2020-03-13,high,22.07
CUST004136,PTY004136,CN-0004136,retail,prospect,2026-01-28,low,85.02
CUST004137,PTY004137,CN-0004137,small_business,inactive,2019-08-02,very_high,60.11
CUST004138,PTY004138,CN-0004138,affluent,lapsed,2018-12-11,medium,0.15
CUST004139,PTY004139,CN-0004139,affluent,inactive,2021-04-19,high,14.74
CUST004140,PTY004140,CN-0004140,small_business,active,2025-12-10,high,52.42
CUST004141,PTY004141,CN-0004141,small_business,prospect,2026-07-06,medium,38.73
CUST004142,PTY004142,CN-0004142,retail,prospect,2022-08-27,medium,74.74
CUST004143,PTY004143,CN-0004143,small_business,active,2020-06-02,high,21.13
CUST004144,PTY004144,CN-0004144,small_business,active,2024-09-03,very_high,74.72
CUST004145,PTY004145,CN-0004145,retail,active,2026-01-22,low,53.72
CUST004146,PTY004146,CN-0004146,retail,active,2025-07-24,medium,37.08
CUST004147,PTY004147,CN-0004147,small_business,prospect,2025-08-15,very_high,71.41
CUST004148,PTY004148,CN-0004148,retail,active,2026-05-01,medium,83.82
CUST004149,PTY004149,CN-0004149,small_business,active,2023-01-03,high,46.1
CUST004150,PTY004150,CN-0004150,retail,lapsed,2022-10-20,very_high,89.02
CUST004151,PTY004151,CN-0004151,retail,active,2022-05-09,very_high,53.82
CUST004152,PTY004152,CN-0004152,retail,inactive,2025-10-24,very_high,81.37
CUST004153,PTY004153,CN-0004153,small_business,former,2020-12-21,high,61.33
CUST004154,PTY004154,CN-0004154,small_business,lapsed,2025-09-03,medium,94.09
CUST004155,PTY004155,CN-0004155,affluent,active,2023-08-20,medium,58.74
CUST004156,PTY004156,CN-0004156,small_business,lapsed,2020-02-19,very_high,78.72
CUST004157,PTY004157,CN-0004157,retail,active,2018-04-23,very_high,46.57
CUST004158,PTY004158,CN-0004158,small_business,active,2024-04-02,low,26.51
CUST004159,PTY004159,CN-0004159,retail,former,2019-09-08,very_high,42.13
CUST004160,PTY004160,CN-0004160,retail,active,2021-12-23,very_high,35.07
CUST004161,PTY004161,CN-0004161,retail,prospect,2021-05-05,high,75.44
CUST004162,PTY004162,CN-0004162,retail,lapsed,2026-08-06,medium,5.94
CUST004163,PTY004163,CN-0004163,retail,former,2024-08-06,low,64.33
CUST004164,PTY004164,CN-0004164,affluent,former,2018-07-10,high,73.85
CUST004165,PTY004165,CN-0004165,small_business,active,2022-08-03,high,72.6
CUST004166,PTY004166,CN-0004166,retail,lapsed,2019-09-07,high,72.24
CUST004167,PTY004167,CN-0004167,retail,inactive,2021-11-07,high,65.47
CUST004168,PTY004168,CN-0004168,small_business,active,2022-09-28,high,95.38
CUST004169,PTY004169,CN-0004169,affluent,active,2020-03-31,very_high,42.98
CUST004170,PTY004170,CN-0004170,affluent,lapsed,2018-05-11,low,86.17
CUST004171,PTY004171,CN-0004171,small_business,active,2018-05-31,low,85.55
CUST004172,PTY004172,CN-0004172,affluent,prospect,2024-05-26,low,5.99
CUST004173,PTY004173,CN-0004173,small_business,inactive,2020-10-02,high,82.45
CUST004174,PTY004174,CN-0004174,retail,inactive,2018-11-15,very_high,83.35
CUST004175,PTY004175,CN-0004175,retail,inactive,2018-11-26,low,68.28
CUST004176,PTY004176,CN-0004176,affluent,active,2021-07-27,very_high,78.76
CUST004177,PTY004177,CN-0004177,small_business,active,2021-02-07,low,31.2
CUST004178,PTY004178,CN-0004178,small_business,active,2021-06-09,very_high,92.33
CUST004179,PTY004179,CN-0004179,affluent,former,2023-09-23,very_high,51.11
CUST004180,PTY004180,CN-0004180,retail,active,2025-07-02,very_high,73.31
CUST004181,PTY004181,CN-0004181,small_business,lapsed,2022-08-13,very_high,54.76
CUST004182,PTY004182,CN-0004182,affluent,inactive,2019-08-27,low,74.04
CUST004183,PTY004183,CN-0004183,retail,active,2025-12-26,very_high,34.31
CUST004184,PTY004184,CN-0004184,affluent,active,2024-09-25,low,52.68
CUST004185,PTY004185,CN-0004185,retail,active,2024-12-09,medium,70.14
CUST004186,PTY004186,CN-0004186,retail,prospect,2025-10-04,medium,57.43
CUST004187,PTY004187,CN-0004187,small_business,active,2020-02-01,high,85.54
CUST004188,PTY004188,CN-0004188,small_business,former,2021-07-16,very_high,68.04
CUST004189,PTY004189,CN-0004189,affluent,active,2024-12-27,medium,91.46
CUST004190,PTY004190,CN-0004190,small_business,prospect,2018-10-02,high,6.72
CUST004191,PTY004191,CN-0004191,affluent,active,2018-12-28,very_high,3.22
CUST004192,PTY004192,CN-0004192,small_business,active,2023-06-08,medium,21.32
CUST004193,PTY004193,CN-0004193,retail,active,2024-08-16,very_high,73.32
CUST004194,PTY004194,CN-0004194,small_business,active,2023-08-12,high,45.52
CUST004195,PTY004195,CN-0004195,retail,prospect,2021-05-23,medium,32.73
CUST004196,PTY004196,CN-0004196,small_business,prospect,2020-12-11,low,93.0
CUST004197,PTY004197,CN-0004197,affluent,active,2026-05-15,medium,78.31
CUST004198,PTY004198,CN-0004198,affluent,active,2023-05-24,high,99.21
CUST004199,PTY004199,CN-0004199,affluent,lapsed,2024-01-10,very_high,41.36
CUST004200,PTY004200,CN-0004200,small_business,active,2023-07-29,low,20.38
CUST004201,PTY004201,CN-0004201,small_business,prospect,2020-04-13,medium,0.87
CUST004202,PTY004202,CN-0004202,affluent,active,2021-12-26,medium,26.75
CUST004203,PTY004203,CN-0004203,small_business,inactive,2022-09-10,low,34.93
CUST004204,PTY004204,CN-0004204,affluent,former,2024-12-22,high,63.77
CUST004205,PTY004205,CN-0004205,retail,active,2025-10-12,high,34.37
CUST004206,PTY004206,CN-0004206,affluent,prospect,2024-12-25,high,70.59
CUST004207,PTY004207,CN-0004207,retail,active,2025-08-06,very_high,33.03
CUST004208,PTY004208,CN-0004208,retail,active,2023-10-27,very_high,34.52
CUST004209,PTY004209,CN-0004209,retail,active,2024-12-17,medium,94.25
CUST004210,PTY004210,CN-0004210,affluent,active,2019-02-02,high,53.25
CUST004211,PTY004211,CN-0004211,retail,inactive,2024-05-31,low,73.23
CUST004212,PTY004212,CN-0004212,affluent,prospect,2020-03-14,high,86.61
CUST004213,PTY004213,CN-0004213,small_business,active,2020-02-14,medium,31.18
CUST004214,PTY004214,CN-0004214,retail,lapsed,2019-10-06,high,57.42
CUST004215,PTY004215,CN-0004215,retail,former,2026-05-08,low,84.04
CUST004216,PTY004216,CN-0004216,retail,active,2026-04-01,low,51.5
CUST004217,PTY004217,CN-0004217,small_business,active,2019-09-26,high,9.07
CUST004218,PTY004218,CN-0004218,small_business,lapsed,2018-12-23,very_high,8.81
CUST004219,PTY004219,CN-0004219,retail,active,2020-10-18,high,36.24
CUST004220,PTY004220,CN-0004220,retail,active,2018-08-10,medium,3.9
CUST004221,PTY004221,CN-0004221,small_business,active,2018-08-30,low,44.98
CUST004222,PTY004222,CN-0004222,retail,lapsed,2023-12-23,low,89.37
CUST004223,PTY004223,CN-0004223,affluent,active,2024-11-30,high,61.39
CUST004224,PTY004224,CN-0004224,affluent,former,2021-05-26,high,31.98
CUST004225,PTY004225,CN-0004225,affluent,former,2022-07-25,very_high,23.74
CUST004226,PTY004226,CN-0004226,small_business,active,2021-06-05,low,78.31
CUST004227,PTY004227,CN-0004227,retail,inactive,2026-04-28,low,14.14
CUST004228,PTY004228,CN-0004228,affluent,active,2024-11-19,high,15.27
CUST004229,PTY004229,CN-0004229,small_business,lapsed,2022-09-04,low,93.49
CUST004230,PTY004230,CN-0004230,retail,prospect,2026-03-25,very_high,97.17
CUST004231,PTY004231,CN-0004231,affluent,active,2025-10-16,very_high,69.0
CUST004232,PTY004232,CN-0004232,retail,prospect,2019-01-18,medium,16.0
CUST004233,PTY004233,CN-0004233,retail,former,2020-10-21,low,40.45
CUST004234,PTY004234,CN-0004234,small_business,former,2019-08-03,medium,15.19
CUST004235,PTY004235,CN-0004235,affluent,former,2018-12-09,very_high,35.58
CUST004236,PTY004236,CN-0004236,small_business,active,2025-02-26,very_high,83.57
CUST004237,PTY004237,CN-0004237,small_business,active,2024-05-17,low,52.91
CUST004238,PTY004238,CN-0004238,small_business,active,2025-01-30,low,74.58
CUST004239,PTY004239,CN-0004239,small_business,inactive,2018-02-15,medium,13.92
CUST004240,PTY004240,CN-0004240,affluent,lapsed,2025-02-10,high,49.23
CUST004241,PTY004241,CN-0004241,retail,inactive,2026-07-11,very_high,4.92
CUST004242,PTY004242,CN-0004242,retail,active,2020-04-04,low,4.66
CUST004243,PTY004243,CN-0004243,affluent,active,2025-03-28,high,55.89
CUST004244,PTY004244,CN-0004244,small_business,lapsed,2024-11-26,medium,25.41
CUST004245,PTY004245,CN-0004245,affluent,active,2020-02-23,low,14.47
CUST004246,PTY004246,CN-0004246,retail,active,2021-12-03,high,18.63
CUST004247,PTY004247,CN-0004247,retail,active,2026-01-16,low,70.65
CUST004248,PTY004248,CN-0004248,affluent,inactive,2019-08-27,very_high,1.59
CUST004249,PTY004249,CN-0004249,retail,active,2022-04-06,low,17.35
CUST004250,PTY004250,CN-0004250,small_business,prospect,2020-01-16,very_high,78.32
CUST004251,PTY004251,CN-0004251,small_business,active,2021-05-15,very_high,95.46
CUST004252,PTY004252,CN-0004252,affluent,inactive,2022-06-23,high,4.17
CUST004253,PTY004253,CN-0004253,retail,active,2024-07-01,low,63.46
CUST004254,PTY004254,CN-0004254,affluent,inactive,2026-03-04,high,43.57
CUST004255,PTY004255,CN-0004255,small_business,active,2025-09-18,low,9.38
CUST004256,PTY004256,CN-0004256,small_business,lapsed,2022-05-13,high,43.14
CUST004257,PTY004257,CN-0004257,retail,inactive,2019-07-06,very_high,53.08
CUST004258,PTY004258,CN-0004258,small_business,lapsed,2023-09-22,very_high,34.76
CUST004259,PTY004259,CN-0004259,affluent,inactive,2025-10-26,medium,7.41
CUST004260,PTY004260,CN-0004260,affluent,prospect,2022-05-14,very_high,64.72
CUST004261,PTY004261,CN-0004261,affluent,prospect,2019-07-20,low,99.23
CUST004262,PTY004262,CN-0004262,retail,inactive,2026-02-25,very_high,0.91
CUST004263,PTY004263,CN-0004263,small_business,former,2021-02-18,high,66.54
CUST004264,PTY004264,CN-0004264,retail,former,2023-01-06,low,21.43
CUST004265,PTY004265,CN-0004265,retail,active,2018-03-10,low,75.99
CUST004266,PTY004266,CN-0004266,small_business,former,2026-03-11,high,72.99
CUST004267,PTY004267,CN-0004267,retail,lapsed,2024-04-13,high,30.8
CUST004268,PTY004268,CN-0004268,affluent,former,2024-08-10,low,25.96
CUST004269,PTY004269,CN-0004269,affluent,prospect,2024-04-26,high,23.34
CUST004270,PTY004270,CN-0004270,retail,inactive,2022-12-10,medium,58.85
CUST004271,PTY004271,CN-0004271,affluent,active,2019-01-16,very_high,21.51
CUST004272,PTY004272,CN-0004272,affluent,active,2018-08-19,medium,12.61
CUST004273,PTY004273,CN-0004273,small_business,active,2026-03-10,low,80.78
CUST004274,PTY004274,CN-0004274,affluent,former,2020-11-13,very_high,81.47
CUST004275,PTY004275,CN-0004275,affluent,former,2023-12-06,very_high,83.47
CUST004276,PTY004276,CN-0004276,small_business,lapsed,2021-09-20,medium,59.3
CUST004277,PTY004277,CN-0004277,small_business,former,2019-11-15,medium,87.26
CUST004278,PTY004278,CN-0004278,affluent,active,2019-10-13,low,76.01
CUST004279,PTY004279,CN-0004279,affluent,active,2019-03-30,medium,24.55
CUST004280,PTY004280,CN-0004280,retail,active,2020-05-08,high,42.71
CUST004281,PTY004281,CN-0004281,small_business,lapsed,2026-02-27,very_high,48.5
CUST004282,PTY004282,CN-0004282,affluent,active,2022-08-05,low,61.08
CUST004283,PTY004283,CN-0004283,small_business,active,2022-06-24,medium,47.96
CUST004284,PTY004284,CN-0004284,affluent,active,2021-01-06,high,83.1
CUST004285,PTY004285,CN-0004285,small_business,active,2023-04-30,low,23.11
CUST004286,PTY004286,CN-0004286,retail,prospect,2025-02-18,very_high,32.24
CUST004287,PTY004287,CN-0004287,affluent,former,2021-11-12,high,59.97
CUST004288,PTY004288,CN-0004288,affluent,lapsed,2019-10-12,very_high,27.45
CUST004289,PTY004289,CN-0004289,small_business,active,2025-12-12,low,96.7
CUST004290,PTY004290,CN-0004290,affluent,lapsed,2018-09-21,high,97.07
CUST004291,PTY004291,CN-0004291,affluent,active,2022-04-30,very_high,44.38
CUST004292,PTY004292,CN-0004292,retail,former,2026-07-13,low,78.99
CUST004293,PTY004293,CN-0004293,small_business,active,2024-12-09,high,33.46
CUST004294,PTY004294,CN-0004294,affluent,active,2021-01-03,high,78.71
CUST004295,PTY004295,CN-0004295,small_business,former,2018-10-22,very_high,31.07
CUST004296,PTY004296,CN-0004296,affluent,active,2019-04-03,very_high,52.94
CUST004297,PTY004297,CN-0004297,retail,lapsed,2022-10-15,low,91.35
CUST004298,PTY004298,CN-0004298,affluent,active,2018-07-24,high,73.64
CUST004299,PTY004299,CN-0004299,retail,former,2020-01-23,low,39.6
CUST004300,PTY004300,CN-0004300,retail,prospect,2020-02-25,high,57.56
CUST004301,PTY004301,CN-0004301,affluent,active,2025-04-25,medium,92.2
CUST004302,PTY004302,CN-0004302,retail,inactive,2019-08-16,high,75.93
CUST004303,PTY004303,CN-0004303,retail,active,2026-05-10,medium,47.96
CUST004304,PTY004304,CN-0004304,affluent,prospect,2022-08-08,high,43.59
CUST004305,PTY004305,CN-0004305,retail,prospect,2025-10-14,low,27.46
CUST004306,PTY004306,CN-0004306,retail,active,2020-04-15,low,7.2
CUST004307,PTY004307,CN-0004307,retail,active,2021-09-28,medium,37.47
CUST004308,PTY004308,CN-0004308,small_business,active,2023-11-29,very_high,10.43
CUST004309,PTY004309,CN-0004309,small_business,active,2021-11-17,high,41.68
CUST004310,PTY004310,CN-0004310,small_business,active,2018-03-06,medium,89.25
CUST004311,PTY004311,CN-0004311,affluent,active,2018-06-17,very_high,85.58
CUST004312,PTY004312,CN-0004312,small_business,lapsed,2026-05-21,medium,49.58
CUST004313,PTY004313,CN-0004313,affluent,active,2018-07-16,medium,39.51
CUST004314,PTY004314,CN-0004314,small_business,inactive,2025-10-24,low,10.71
CUST004315,PTY004315,CN-0004315,retail,lapsed,2025-09-30,high,40.88
CUST004316,PTY004316,CN-0004316,affluent,lapsed,2026-04-15,medium,80.3
CUST004317,PTY004317,CN-0004317,affluent,prospect,2022-02-01,medium,98.11
CUST004318,PTY004318,CN-0004318,small_business,lapsed,2022-01-03,medium,55.71
CUST004319,PTY004319,CN-0004319,affluent,active,2018-03-22,very_high,34.02
CUST004320,PTY004320,CN-0004320,affluent,active,2021-08-03,low,91.42
CUST004321,PTY004321,CN-0004321,retail,active,2022-05-02,high,21.75
CUST004322,PTY004322,CN-0004322,small_business,active,2024-10-23,very_high,64.13
CUST004323,PTY004323,CN-0004323,small_business,lapsed,2020-12-29,very_high,0.25
CUST004324,PTY004324,CN-0004324,affluent,former,2024-04-17,low,83.12
CUST004325,PTY004325,CN-0004325,retail,lapsed,2021-11-07,low,60.71
CUST004326,PTY004326,CN-0004326,small_business,active,2018-09-22,high,37.03
CUST004327,PTY004327,CN-0004327,affluent,lapsed,2019-09-20,high,29.89
CUST004328,PTY004328,CN-0004328,affluent,former,2021-06-10,medium,33.91
CUST004329,PTY004329,CN-0004329,retail,active,2025-07-16,high,61.99
CUST004330,PTY004330,CN-0004330,affluent,former,2019-12-30,medium,51.73
CUST004331,PTY004331,CN-0004331,small_business,lapsed,2025-03-23,very_high,27.21
CUST004332,PTY004332,CN-0004332,small_business,active,2022-12-28,very_high,78.01
CUST004333,PTY004333,CN-0004333,retail,active,2024-07-13,low,36.16
CUST004334,PTY004334,CN-0004334,affluent,inactive,2021-05-26,high,64.86
CUST004335,PTY004335,CN-0004335,retail,lapsed,2025-12-11,high,22.27
CUST004336,PTY004336,CN-0004336,small_business,inactive,2026-08-03,very_high,65.72
CUST004337,PTY004337,CN-0004337,small_business,former,2019-02-22,very_high,80.07
CUST004338,PTY004338,CN-0004338,retail,lapsed,2019-12-17,low,83.01
CUST004339,PTY004339,CN-0004339,affluent,former,2020-12-24,low,48.69
CUST004340,PTY004340,CN-0004340,retail,active,2025-10-13,low,34.58
CUST004341,PTY004341,CN-0004341,affluent,active,2022-01-14,very_high,12.5
CUST004342,PTY004342,CN-0004342,affluent,prospect,2018-07-28,low,12.31
CUST004343,PTY004343,CN-0004343,affluent,active,2021-09-26,very_high,45.49
CUST004344,PTY004344,CN-0004344,small_business,inactive,2020-07-25,high,24.04
CUST004345,PTY004345,CN-0004345,affluent,active,2018-10-21,very_high,13.35
CUST004346,PTY004346,CN-0004346,small_business,active,2021-12-14,high,40.13
CUST004347,PTY004347,CN-0004347,retail,active,2019-03-02,high,64.82
CUST004348,PTY004348,CN-0004348,affluent,active,2026-03-15,high,9.52
CUST004349,PTY004349,CN-0004349,small_business,lapsed,2023-12-28,high,46.76
CUST004350,PTY004350,CN-0004350,affluent,active,2024-12-12,medium,23.78
CUST004351,PTY004351,CN-0004351,affluent,active,2019-08-16,high,34.95
CUST004352,PTY004352,CN-0004352,affluent,lapsed,2018-03-14,high,48.6
CUST004353,PTY004353,CN-0004353,small_business,former,2024-09-14,very_high,36.21
CUST004354,PTY004354,CN-0004354,retail,lapsed,2023-08-17,very_high,40.25
CUST004355,PTY004355,CN-0004355,affluent,former,2019-09-29,high,62.81
CUST004356,PTY004356,CN-0004356,retail,active,2019-04-27,medium,23.83
CUST004357,PTY004357,CN-0004357,affluent,lapsed,2026-04-26,high,44.4
CUST004358,PTY004358,CN-0004358,retail,active,2021-05-16,low,25.16
CUST004359,PTY004359,CN-0004359,small_business,lapsed,2024-08-25,low,25.45
CUST004360,PTY004360,CN-0004360,affluent,inactive,2023-07-12,very_high,72.04
CUST004361,PTY004361,CN-0004361,retail,active,2025-10-11,low,55.6
CUST004362,PTY004362,CN-0004362,small_business,inactive,2026-01-02,high,99.47
CUST004363,PTY004363,CN-0004363,affluent,active,2023-10-24,very_high,93.88
CUST004364,PTY004364,CN-0004364,affluent,former,2022-03-08,very_high,3.71
CUST004365,PTY004365,CN-0004365,retail,active,2023-03-06,very_high,10.08
CUST004366,PTY004366,CN-0004366,small_business,active,2018-11-15,low,65.91
CUST004367,PTY004367,CN-0004367,retail,active,2018-06-11,low,94.01
CUST004368,PTY004368,CN-0004368,affluent,former,2023-02-28,high,57.46
CUST004369,PTY004369,CN-0004369,affluent,active,2023-06-26,medium,94.42
CUST004370,PTY004370,CN-0004370,small_business,lapsed,2021-07-04,low,39.79
CUST004371,PTY004371,CN-0004371,retail,prospect,2025-11-22,high,57.83
CUST004372,PTY004372,CN-0004372,affluent,inactive,2020-08-26,very_high,44.52
CUST004373,PTY004373,CN-0004373,retail,active,2025-08-04,medium,79.06
CUST004374,PTY004374,CN-0004374,retail,active,2023-06-17,high,70.32
CUST004375,PTY004375,CN-0004375,small_business,prospect,2024-08-31,very_high,5.78
CUST004376,PTY004376,CN-0004376,retail,inactive,2019-06-09,medium,27.01
CUST004377,PTY004377,CN-0004377,retail,active,2018-12-16,high,82.03
CUST004378,PTY004378,CN-0004378,retail,inactive,2026-06-13,low,7.44
CUST004379,PTY004379,CN-0004379,retail,inactive,2020-02-16,very_high,91.08
CUST004380,PTY004380,CN-0004380,retail,active,2021-06-23,high,97.56
CUST004381,PTY004381,CN-0004381,small_business,active,2020-07-17,medium,31.36
CUST004382,PTY004382,CN-0004382,affluent,inactive,2025-12-27,very_high,44.16
CUST004383,PTY004383,CN-0004383,affluent,active,2018-09-14,low,19.6
CUST004384,PTY004384,CN-0004384,affluent,prospect,2026-08-11,low,91.42
CUST004385,PTY004385,CN-0004385,affluent,active,2025-07-21,high,77.42
CUST004386,PTY004386,CN-0004386,small_business,inactive,2022-11-25,medium,38.98
CUST004387,PTY004387,CN-0004387,affluent,active,2018-04-14,high,18.15
CUST004388,PTY004388,CN-0004388,small_business,active,2025-07-04,very_high,80.98
CUST004389,PTY004389,CN-0004389,affluent,former,2020-12-19,low,14.15
CUST004390,PTY004390,CN-0004390,affluent,active,2023-09-06,very_high,93.9
CUST004391,PTY004391,CN-0004391,retail,former,2019-03-01,medium,67.22
CUST004392,PTY004392,CN-0004392,retail,prospect,2020-03-14,high,62.66
CUST004393,PTY004393,CN-0004393,small_business,former,2019-11-13,medium,80.51
CUST004394,PTY004394,CN-0004394,retail,inactive,2018-12-05,very_high,78.97
CUST004395,PTY004395,CN-0004395,affluent,former,2024-02-17,medium,84.29
CUST004396,PTY004396,CN-0004396,small_business,active,2024-12-09,high,45.15
CUST004397,PTY004397,CN-0004397,affluent,lapsed,2020-12-17,high,37.75
CUST004398,PTY004398,CN-0004398,affluent,active,2022-03-05,medium,37.48
CUST004399,PTY004399,CN-0004399,small_business,active,2021-07-22,low,10.94
CUST004400,PTY004400,CN-0004400,affluent,inactive,2019-02-04,high,8.53
CUST004401,PTY004401,CN-0004401,small_business,active,2022-04-14,low,68.71
CUST004402,PTY004402,CN-0004402,retail,active,2019-08-15,low,69.0
CUST004403,PTY004403,CN-0004403,small_business,former,2020-06-05,very_high,51.3
CUST004404,PTY004404,CN-0004404,affluent,former,2019-02-13,high,86.2
CUST004405,PTY004405,CN-0004405,small_business,active,2018-11-25,medium,16.58
CUST004406,PTY004406,CN-0004406,small_business,lapsed,2018-11-02,medium,19.83
CUST004407,PTY004407,CN-0004407,small_business,prospect,2021-08-18,low,11.13
CUST004408,PTY004408,CN-0004408,retail,inactive,2022-12-20,medium,91.14
CUST004409,PTY004409,CN-0004409,retail,prospect,2018-02-16,very_high,87.84
CUST004410,PTY004410,CN-0004410,small_business,active,2022-06-06,very_high,4.62
CUST004411,PTY004411,CN-0004411,retail,active,2024-06-05,very_high,43.55
CUST004412,PTY004412,CN-0004412,retail,former,2024-02-05,very_high,37.72
CUST004413,PTY004413,CN-0004413,affluent,active,2026-04-21,low,48.32
CUST004414,PTY004414,CN-0004414,small_business,lapsed,2025-05-03,low,63.65
CUST004415,PTY004415,CN-0004415,retail,active,2020-01-30,medium,4.18
CUST004416,PTY004416,CN-0004416,affluent,former,2024-02-13,very_high,56.09
CUST004417,PTY004417,CN-0004417,small_business,prospect,2025-05-14,very_high,81.39
CUST004418,PTY004418,CN-0004418,retail,active,2020-06-29,medium,38.71
CUST004419,PTY004419,CN-0004419,affluent,active,2021-05-03,very_high,25.67
CUST004420,PTY004420,CN-0004420,small_business,active,2022-10-25,low,58.88
CUST004421,PTY004421,CN-0004421,small_business,prospect,2018-12-08,high,71.79
CUST004422,PTY004422,CN-0004422,retail,inactive,2025-09-05,low,38.69
CUST004423,PTY004423,CN-0004423,affluent,prospect,2020-10-21,very_high,64.52
CUST004424,PTY004424,CN-0004424,small_business,active,2020-07-28,high,81.44
CUST004425,PTY004425,CN-0004425,affluent,inactive,2019-04-14,very_high,68.27
CUST004426,PTY004426,CN-0004426,affluent,prospect,2019-05-21,high,55.87
CUST004427,PTY004427,CN-0004427,retail,active,2019-02-13,medium,57.96
CUST004428,PTY004428,CN-0004428,retail,active,2023-03-18,high,17.52
CUST004429,PTY004429,CN-0004429,retail,prospect,2021-09-22,medium,63.76
CUST004430,PTY004430,CN-0004430,affluent,active,2022-06-19,high,95.26
CUST004431,PTY004431,CN-0004431,retail,active,2022-07-03,medium,11.31
CUST004432,PTY004432,CN-0004432,affluent,former,2024-05-29,low,55.04
CUST004433,PTY004433,CN-0004433,small_business,active,2023-09-21,high,51.44
CUST004434,PTY004434,CN-0004434,affluent,active,2019-08-03,medium,77.27
CUST004435,PTY004435,CN-0004435,affluent,active,2022-02-16,high,19.21
CUST004436,PTY004436,CN-0004436,affluent,prospect,2024-12-20,low,40.83
CUST004437,PTY004437,CN-0004437,retail,former,2023-01-12,high,85.13
CUST004438,PTY004438,CN-0004438,small_business,active,2023-05-21,high,37.74
CUST004439,PTY004439,CN-0004439,affluent,lapsed,2020-06-10,high,12.21
CUST004440,PTY004440,CN-0004440,affluent,prospect,2019-10-30,high,4.71
CUST004441,PTY004441,CN-0004441,retail,active,2026-08-01,medium,18.94
CUST004442,PTY004442,CN-0004442,small_business,active,2024-05-29,very_high,56.63
CUST004443,PTY004443,CN-0004443,retail,active,2018-02-18,very_high,10.0
CUST004444,PTY004444,CN-0004444,retail,former,2023-07-13,very_high,69.93
CUST004445,PTY004445,CN-0004445,retail,active,2020-02-27,very_high,50.03
CUST004446,PTY004446,CN-0004446,affluent,active,2018-08-22,low,12.96
CUST004447,PTY004447,CN-0004447,small_business,prospect,2025-11-01,high,9.32
CUST004448,PTY004448,CN-0004448,small_business,inactive,2022-05-26,medium,76.08
CUST004449,PTY004449,CN-0004449,affluent,inactive,2025-01-29,high,20.88
CUST004450,PTY004450,CN-0004450,small_business,inactive,2023-01-10,high,11.53
CUST004451,PTY004451,CN-0004451,small_business,former,2024-04-01,very_high,45.75
CUST004452,PTY004452,CN-0004452,small_business,former,2025-06-25,low,0.94
CUST004453,PTY004453,CN-0004453,retail,active,2021-02-20,high,94.17
CUST004454,PTY004454,CN-0004454,affluent,inactive,2025-05-11,very_high,67.63
CUST004455,PTY004455,CN-0004455,retail,former,2025-06-30,low,63.91
CUST004456,PTY004456,CN-0004456,retail,prospect,2023-04-20,medium,22.58
CUST004457,PTY004457,CN-0004457,affluent,former,2020-12-18,very_high,74.84
CUST004458,PTY004458,CN-0004458,affluent,active,2026-02-07,high,91.24
CUST004459,PTY004459,CN-0004459,small_business,former,2023-08-10,high,11.63
CUST004460,PTY004460,CN-0004460,small_business,inactive,2018-01-02,high,89.69
CUST004461,PTY004461,CN-0004461,affluent,active,2018-06-26,very_high,72.54
CUST004462,PTY004462,CN-0004462,retail,inactive,2020-06-08,low,99.08
CUST004463,PTY004463,CN-0004463,retail,former,2022-05-05,high,84.51
CUST004464,PTY004464,CN-0004464,small_business,prospect,2019-10-27,very_high,59.44
CUST004465,PTY004465,CN-0004465,small_business,former,2024-07-18,high,80.27
CUST004466,PTY004466,CN-0004466,retail,prospect,2022-08-21,low,5.12
CUST004467,PTY004467,CN-0004467,small_business,active,2024-06-17,high,88.11
CUST004468,PTY004468,CN-0004468,small_business,lapsed,2022-01-22,high,41.83
CUST004469,PTY004469,CN-0004469,retail,inactive,2023-03-05,very_high,15.17
CUST004470,PTY004470,CN-0004470,affluent,inactive,2022-05-06,medium,29.6
CUST004471,PTY004471,CN-0004471,small_business,lapsed,2021-10-15,low,75.82
CUST004472,PTY004472,CN-0004472,retail,inactive,2024-07-03,high,95.66
CUST004473,PTY004473,CN-0004473,affluent,former,2022-04-07,high,74.16
CUST004474,PTY004474,CN-0004474,small_business,active,2018-02-16,medium,92.22
CUST004475,PTY004475,CN-0004475,affluent,former,2025-04-16,very_high,6.77
CUST004476,PTY004476,CN-0004476,retail,active,2023-10-29,very_high,3.38
CUST004477,PTY004477,CN-0004477,small_business,active,2026-08-10,very_high,43.9
CUST004478,PTY004478,CN-0004478,small_business,prospect,2022-03-15,medium,56.95
CUST004479,PTY004479,CN-0004479,retail,active,2022-07-23,medium,49.7
CUST004480,PTY004480,CN-0004480,retail,lapsed,2024-08-10,very_high,6.98
CUST004481,PTY004481,CN-0004481,retail,active,2018-12-16,medium,98.84
CUST004482,PTY004482,CN-0004482,retail,inactive,2019-05-20,very_high,17.24
CUST004483,PTY004483,CN-0004483,retail,active,2025-05-30,medium,28.74
CUST004484,PTY004484,CN-0004484,retail,active,2019-11-03,medium,5.19
CUST004485,PTY004485,CN-0004485,retail,inactive,2019-08-10,medium,25.22
CUST004486,PTY004486,CN-0004486,retail,former,2022-04-02,very_high,81.44
CUST004487,PTY004487,CN-0004487,small_business,inactive,2018-04-23,high,70.77
CUST004488,PTY004488,CN-0004488,retail,active,2025-08-17,high,65.44
CUST004489,PTY004489,CN-0004489,small_business,active,2020-02-21,very_high,32.31
CUST004490,PTY004490,CN-0004490,affluent,active,2019-07-30,low,13.65
CUST004491,PTY004491,CN-0004491,retail,active,2021-11-08,low,3.3
CUST004492,PTY004492,CN-0004492,small_business,active,2022-04-16,high,28.73
CUST004493,PTY004493,CN-0004493,small_business,active,2023-05-16,low,11.64
CUST004494,PTY004494,CN-0004494,affluent,former,2024-06-28,low,25.59
CUST004495,PTY004495,CN-0004495,small_business,active,2022-01-23,medium,52.94
CUST004496,PTY004496,CN-0004496,small_business,active,2018-01-27,very_high,41.02
CUST004497,PTY004497,CN-0004497,retail,active,2021-05-24,high,80.07
CUST004498,PTY004498,CN-0004498,affluent,former,2023-05-19,very_high,55.06
CUST004499,PTY004499,CN-0004499,small_business,inactive,2025-02-24,very_high,2.74
CUST004500,PTY004500,CN-0004500,retail,active,2020-01-10,medium,16.88
CUST004501,PTY004501,CN-0004501,retail,active,2020-10-17,low,90.2
CUST004502,PTY004502,CN-0004502,affluent,lapsed,2019-01-17,high,56.02
CUST004503,PTY004503,CN-0004503,retail,inactive,2022-08-26,medium,53.99
CUST004504,PTY004504,CN-0004504,affluent,inactive,2023-04-18,very_high,15.95
CUST004505,PTY004505,CN-0004505,small_business,active,2023-10-29,low,25.16
CUST004506,PTY004506,CN-0004506,small_business,inactive,2019-10-08,high,79.72
CUST004507,PTY004507,CN-0004507,affluent,former,2019-12-13,low,47.39
CUST004508,PTY004508,CN-0004508,affluent,active,2025-06-23,high,30.04
CUST004509,PTY004509,CN-0004509,retail,active,2022-10-16,medium,76.02
CUST004510,PTY004510,CN-0004510,affluent,inactive,2024-01-29,low,47.1
CUST004511,PTY004511,CN-0004511,small_business,prospect,2018-03-21,low,17.88
CUST004512,PTY004512,CN-0004512,small_business,active,2023-06-21,low,15.01
CUST004513,PTY004513,CN-0004513,retail,lapsed,2018-03-28,medium,73.06
CUST004514,PTY004514,CN-0004514,retail,prospect,2025-05-11,very_high,36.09
CUST004515,PTY004515,CN-0004515,small_business,prospect,2022-02-10,very_high,27.54
CUST004516,PTY004516,CN-0004516,affluent,active,2023-08-03,low,5.56
CUST004517,PTY004517,CN-0004517,small_business,active,2021-01-07,medium,87.44
CUST004518,PTY004518,CN-0004518,affluent,lapsed,2021-08-01,low,77.99
CUST004519,PTY004519,CN-0004519,retail,active,2021-12-27,very_high,25.29
CUST004520,PTY004520,CN-0004520,retail,active,2019-12-01,very_high,5.54
CUST004521,PTY004521,CN-0004521,small_business,active,2023-12-30,medium,20.17
CUST004522,PTY004522,CN-0004522,small_business,inactive,2024-06-04,very_high,14.18
CUST004523,PTY004523,CN-0004523,affluent,inactive,2020-09-01,medium,39.79
CUST004524,PTY004524,CN-0004524,affluent,prospect,2025-12-06,very_high,4.9
CUST004525,PTY004525,CN-0004525,small_business,active,2018-12-27,very_high,97.78
CUST004526,PTY004526,CN-0004526,retail,active,2019-09-21,very_high,48.54
CUST004527,PTY004527,CN-0004527,affluent,lapsed,2021-01-02,high,50.02
CUST004528,PTY004528,CN-0004528,affluent,lapsed,2019-02-13,very_high,0.7
CUST004529,PTY004529,CN-0004529,retail,lapsed,2022-02-03,low,56.55
CUST004530,PTY004530,CN-0004530,affluent,former,2023-07-27,very_high,66.93
CUST004531,PTY004531,CN-0004531,affluent,active,2018-04-24,high,7.36
CUST004532,PTY004532,CN-0004532,retail,prospect,2019-06-20,medium,54.97
CUST004533,PTY004533,CN-0004533,small_business,active,2026-01-31,medium,22.68
CUST004534,PTY004534,CN-0004534,affluent,active,2019-09-04,low,83.13
CUST004535,PTY004535,CN-0004535,affluent,former,2024-06-14,medium,75.4
CUST004536,PTY004536,CN-0004536,small_business,inactive,2024-07-26,medium,59.34
CUST004537,PTY004537,CN-0004537,small_business,inactive,2019-02-27,high,91.45
CUST004538,PTY004538,CN-0004538,retail,active,2019-05-27,medium,80.21
CUST004539,PTY004539,CN-0004539,small_business,prospect,2025-03-30,high,60.15
CUST004540,PTY004540,CN-0004540,small_business,active,2018-03-21,very_high,30.27
CUST004541,PTY004541,CN-0004541,small_business,active,2019-03-30,high,56.13
CUST004542,PTY004542,CN-0004542,retail,inactive,2023-03-31,very_high,15.85
CUST004543,PTY004543,CN-0004543,small_business,inactive,2019-06-18,low,51.71
CUST004544,PTY004544,CN-0004544,retail,lapsed,2024-02-13,low,17.78
CUST004545,PTY004545,CN-0004545,affluent,former,2025-04-29,very_high,72.76
CUST004546,PTY004546,CN-0004546,affluent,active,2020-08-23,very_high,48.0
CUST004547,PTY004547,CN-0004547,small_business,active,2026-06-06,medium,63.54
CUST004548,PTY004548,CN-0004548,affluent,active,2020-03-20,high,62.26
CUST004549,PTY004549,CN-0004549,affluent,active,2023-03-10,medium,60.36
CUST004550,PTY004550,CN-0004550,small_business,active,2022-03-22,low,33.76
CUST004551,PTY004551,CN-0004551,affluent,former,2022-07-22,high,22.28
CUST004552,PTY004552,CN-0004552,affluent,lapsed,2023-10-25,low,83.49
CUST004553,PTY004553,CN-0004553,affluent,prospect,2024-11-17,medium,27.02
CUST004554,PTY004554,CN-0004554,affluent,prospect,2023-12-28,high,12.54
CUST004555,PTY004555,CN-0004555,affluent,former,2023-04-13,very_high,96.1
CUST004556,PTY004556,CN-0004556,retail,lapsed,2025-01-10,low,56.76
CUST004557,PTY004557,CN-0004557,affluent,prospect,2018-02-08,very_high,69.9
CUST004558,PTY004558,CN-0004558,retail,active,2023-06-02,very_high,12.74
CUST004559,PTY004559,CN-0004559,small_business,active,2019-11-19,medium,12.59
CUST004560,PTY004560,CN-0004560,affluent,active,2020-12-07,low,22.08
CUST004561,PTY004561,CN-0004561,retail,prospect,2024-09-21,low,71.78
CUST004562,PTY004562,CN-0004562,affluent,prospect,2021-01-04,low,67.88
CUST004563,PTY004563,CN-0004563,small_business,active,2019-08-31,low,94.42
CUST004564,PTY004564,CN-0004564,small_business,active,2019-04-11,medium,39.6
CUST004565,PTY004565,CN-0004565,small_business,active,2018-09-27,high,42.11
CUST004566,PTY004566,CN-0004566,retail,lapsed,2018-02-22,low,52.17
CUST004567,PTY004567,CN-0004567,affluent,former,2019-05-31,medium,21.74
CUST004568,PTY004568,CN-0004568,affluent,inactive,2021-09-13,high,44.84
CUST004569,PTY004569,CN-0004569,retail,active,2021-06-08,medium,83.41
CUST004570,PTY004570,CN-0004570,affluent,former,2026-07-17,high,61.65
CUST004571,PTY004571,CN-0004571,small_business,lapsed,2025-09-04,very_high,78.75
CUST004572,PTY004572,CN-0004572,small_business,active,2018-12-04,low,78.96
CUST004573,PTY004573,CN-0004573,small_business,former,2019-11-12,medium,74.18
CUST004574,PTY004574,CN-0004574,affluent,former,2023-03-20,medium,40.27
CUST004575,PTY004575,CN-0004575,retail,lapsed,2018-02-13,medium,14.32
CUST004576,PTY004576,CN-0004576,retail,inactive,2024-04-24,low,70.32
CUST004577,PTY004577,CN-0004577,retail,active,2025-02-18,high,84.24
CUST004578,PTY004578,CN-0004578,retail,former,2022-07-24,high,30.11
CUST004579,PTY004579,CN-0004579,affluent,active,2023-01-24,medium,84.2
CUST004580,PTY004580,CN-0004580,small_business,active,2025-11-30,high,65.87
CUST004581,PTY004581,CN-0004581,affluent,active,2018-08-04,medium,64.13
CUST004582,PTY004582,CN-0004582,small_business,inactive,2019-05-27,very_high,59.87
CUST004583,PTY004583,CN-0004583,affluent,lapsed,2026-02-13,low,73.47
CUST004584,PTY004584,CN-0004584,small_business,former,2022-12-20,high,94.61
CUST004585,PTY004585,CN-0004585,affluent,active,2020-07-09,high,95.6
CUST004586,PTY004586,CN-0004586,affluent,active,2025-09-02,low,27.72
CUST004587,PTY004587,CN-0004587,affluent,former,2020-05-18,medium,79.12
CUST004588,PTY004588,CN-0004588,small_business,active,2025-09-22,very_high,55.79
CUST004589,PTY004589,CN-0004589,small_business,active,2020-06-30,medium,24.81
CUST004590,PTY004590,CN-0004590,retail,active,2023-09-24,medium,1.97
CUST004591,PTY004591,CN-0004591,retail,active,2023-05-26,high,24.86
CUST004592,PTY004592,CN-0004592,retail,prospect,2025-08-14,medium,98.58
CUST004593,PTY004593,CN-0004593,small_business,prospect,2022-09-30,medium,15.25
CUST004594,PTY004594,CN-0004594,small_business,active,2026-07-03,low,63.35
CUST004595,PTY004595,CN-0004595,small_business,active,2024-01-16,very_high,15.73
CUST004596,PTY004596,CN-0004596,retail,active,2020-09-17,low,32.42
CUST004597,PTY004597,CN-0004597,small_business,prospect,2018-10-25,medium,24.85
CUST004598,PTY004598,CN-0004598,small_business,prospect,2019-06-25,low,48.75
CUST004599,PTY004599,CN-0004599,small_business,active,2019-01-03,high,53.43
CUST004600,PTY004600,CN-0004600,retail,former,2023-08-05,high,63.4
CUST004601,PTY004601,CN-0004601,retail,active,2025-10-31,medium,15.23
CUST004602,PTY004602,CN-0004602,affluent,lapsed,2025-04-06,high,94.63
CUST004603,PTY004603,CN-0004603,small_business,prospect,2022-05-30,low,59.37
CUST004604,PTY004604,CN-0004604,small_business,former,2019-10-03,high,85.59
CUST004605,PTY004605,CN-0004605,small_business,active,2019-06-24,low,94.14
CUST004606,PTY004606,CN-0004606,affluent,prospect,2026-08-23,low,84.45
CUST004607,PTY004607,CN-0004607,small_business,prospect,2026-03-21,high,71.55
CUST004608,PTY004608,CN-0004608,affluent,lapsed,2020-07-03,high,61.12
CUST004609,PTY004609,CN-0004609,retail,inactive,2020-11-06,very_high,11.01
CUST004610,PTY004610,CN-0004610,small_business,former,2025-10-05,high,35.79
CUST004611,PTY004611,CN-0004611,small_business,active,2019-05-12,medium,17.37
CUST004612,PTY004612,CN-0004612,affluent,lapsed,2023-10-11,medium,98.07
CUST004613,PTY004613,CN-0004613,retail,prospect,2022-08-05,very_high,12.03
CUST004614,PTY004614,CN-0004614,retail,former,2022-08-09,low,67.14
CUST004615,PTY004615,CN-0004615,affluent,active,2024-01-07,very_high,23.74
CUST004616,PTY004616,CN-0004616,retail,former,2019-06-23,low,45.82
CUST004617,PTY004617,CN-0004617,small_business,prospect,2018-10-27,high,15.38
CUST004618,PTY004618,CN-0004618,affluent,inactive,2021-07-11,very_high,50.1
CUST004619,PTY004619,CN-0004619,affluent,lapsed,2022-01-08,very_high,59.56
CUST004620,PTY004620,CN-0004620,retail,active,2023-03-02,medium,68.58
CUST004621,PTY004621,CN-0004621,small_business,prospect,2025-10-08,low,74.52
CUST004622,PTY004622,CN-0004622,retail,prospect,2024-08-25,low,7.86
CUST004623,PTY004623,CN-0004623,small_business,lapsed,2021-03-11,low,84.96
CUST004624,PTY004624,CN-0004624,retail,inactive,2026-03-21,medium,48.56
CUST004625,PTY004625,CN-0004625,affluent,inactive,2023-10-05,low,53.79
CUST004626,PTY004626,CN-0004626,retail,active,2020-04-28,very_high,65.64
CUST004627,PTY004627,CN-0004627,retail,inactive,2022-04-30,low,40.76
CUST004628,PTY004628,CN-0004628,small_business,lapsed,2023-09-13,high,8.86
CUST004629,PTY004629,CN-0004629,small_business,active,2025-09-06,low,99.3
CUST004630,PTY004630,CN-0004630,retail,lapsed,2025-01-15,very_high,33.41
CUST004631,PTY004631,CN-0004631,affluent,inactive,2022-06-28,medium,38.02
CUST004632,PTY004632,CN-0004632,affluent,prospect,2019-12-23,low,47.92
CUST004633,PTY004633,CN-0004633,affluent,active,2019-10-02,medium,82.41
CUST004634,PTY004634,CN-0004634,affluent,inactive,2026-02-13,low,67.32
CUST004635,PTY004635,CN-0004635,small_business,active,2021-04-04,medium,45.81
CUST004636,PTY004636,CN-0004636,small_business,active,2021-12-11,low,46.61
CUST004637,PTY004637,CN-0004637,affluent,lapsed,2020-07-03,low,95.94
CUST004638,PTY004638,CN-0004638,retail,former,2020-06-28,very_high,60.37
CUST004639,PTY004639,CN-0004639,affluent,inactive,2023-11-02,high,10.32
CUST004640,PTY004640,CN-0004640,small_business,active,2020-11-11,medium,41.17
CUST004641,PTY004641,CN-0004641,small_business,active,2018-11-22,very_high,26.34
CUST004642,PTY004642,CN-0004642,small_business,active,2018-05-25,very_high,44.94
CUST004643,PTY004643,CN-0004643,affluent,active,2018-10-08,very_high,89.32
CUST004644,PTY004644,CN-0004644,small_business,active,2018-12-11,high,43.11
CUST004645,PTY004645,CN-0004645,affluent,inactive,2021-12-09,high,82.1
CUST004646,PTY004646,CN-0004646,small_business,active,2020-04-28,low,50.38
CUST004647,PTY004647,CN-0004647,affluent,active,2025-01-07,medium,58.86
CUST004648,PTY004648,CN-0004648,retail,lapsed,2019-08-24,low,13.47
CUST004649,PTY004649,CN-0004649,small_business,active,2023-12-08,high,75.84
CUST004650,PTY004650,CN-0004650,retail,former,2020-05-26,very_high,70.35
CUST004651,PTY004651,CN-0004651,retail,prospect,2023-05-29,medium,9.94
CUST004652,PTY004652,CN-0004652,affluent,inactive,2023-07-22,very_high,10.83
CUST004653,PTY004653,CN-0004653,small_business,prospect,2019-10-21,high,28.32
CUST004654,PTY004654,CN-0004654,affluent,active,2023-05-23,low,85.21
CUST004655,PTY004655,CN-0004655,small_business,lapsed,2019-08-12,low,13.85
CUST004656,PTY004656,CN-0004656,small_business,active,2022-03-16,high,2.38
CUST004657,PTY004657,CN-0004657,small_business,active,2018-08-25,low,50.73
CUST004658,PTY004658,CN-0004658,affluent,prospect,2026-05-07,medium,56.8
CUST004659,PTY004659,CN-0004659,small_business,lapsed,2023-07-25,very_high,23.69
CUST004660,PTY004660,CN-0004660,small_business,active,2023-09-20,high,37.75
CUST004661,PTY004661,CN-0004661,retail,prospect,2022-05-24,medium,79.83
CUST004662,PTY004662,CN-0004662,small_business,active,2026-08-28,medium,77.24
CUST004663,PTY004663,CN-0004663,retail,prospect,2018-09-01,low,29.1
CUST004664,PTY004664,CN-0004664,retail,inactive,2021-07-05,high,61.85
CUST004665,PTY004665,CN-0004665,retail,active,2020-07-14,high,10.64
CUST004666,PTY004666,CN-0004666,affluent,lapsed,2024-05-16,very_high,31.41
CUST004667,PTY004667,CN-0004667,small_business,former,2021-01-16,very_high,15.26
CUST004668,PTY004668,CN-0004668,small_business,lapsed,2024-12-11,medium,35.92
CUST004669,PTY004669,CN-0004669,affluent,former,2023-11-08,very_high,15.68
CUST004670,PTY004670,CN-0004670,retail,active,2021-10-11,high,63.18
CUST004671,PTY004671,CN-0004671,retail,active,2018-08-17,medium,24.98
CUST004672,PTY004672,CN-0004672,retail,active,2019-06-16,low,37.23
CUST004673,PTY004673,CN-0004673,small_business,active,2026-05-04,low,18.45
CUST004674,PTY004674,CN-0004674,affluent,active,2018-11-19,low,82.61
CUST004675,PTY004675,CN-0004675,affluent,former,2019-02-23,medium,77.22
CUST004676,PTY004676,CN-0004676,retail,active,2023-09-08,low,41.28
CUST004677,PTY004677,CN-0004677,retail,lapsed,2022-11-02,low,84.98
CUST004678,PTY004678,CN-0004678,affluent,active,2020-06-09,very_high,52.72
CUST004679,PTY004679,CN-0004679,small_business,active,2021-04-18,low,58.37
CUST004680,PTY004680,CN-0004680,retail,active,2022-04-13,low,32.64
CUST004681,PTY004681,CN-0004681,small_business,inactive,2023-04-25,high,82.91
CUST004682,PTY004682,CN-0004682,small_business,active,2021-02-28,medium,1.48
CUST004683,PTY004683,CN-0004683,small_business,lapsed,2019-10-18,medium,25.11
CUST004684,PTY004684,CN-0004684,small_business,active,2024-02-08,low,24.43
CUST004685,PTY004685,CN-0004685,retail,active,2023-03-06,low,30.02
CUST004686,PTY004686,CN-0004686,retail,prospect,2018-06-20,low,91.34
CUST004687,PTY004687,CN-0004687,affluent,active,2018-05-10,very_high,67.9
CUST004688,PTY004688,CN-0004688,affluent,former,2025-01-29,low,92.01
CUST004689,PTY004689,CN-0004689,affluent,former,2019-05-13,medium,66.95
CUST004690,PTY004690,CN-0004690,retail,active,2022-08-02,low,2.45
CUST004691,PTY004691,CN-0004691,retail,former,2023-02-04,low,83.08
CUST004692,PTY004692,CN-0004692,affluent,active,2024-07-04,high,84.7
CUST004693,PTY004693,CN-0004693,affluent,lapsed,2022-03-30,medium,88.84
CUST004694,PTY004694,CN-0004694,small_business,active,2026-02-22,medium,28.95
CUST004695,PTY004695,CN-0004695,retail,active,2018-07-05,low,28.09
CUST004696,PTY004696,CN-0004696,retail,inactive,2020-03-22,low,11.09
CUST004697,PTY004697,CN-0004697,affluent,prospect,2024-04-22,high,0.97
CUST004698,PTY004698,CN-0004698,retail,lapsed,2021-11-01,medium,15.66
CUST004699,PTY004699,CN-0004699,retail,active,2025-02-18,low,30.97
CUST004700,PTY004700,CN-0004700,retail,inactive,2023-01-19,high,41.41
CUST004701,PTY004701,CN-0004701,affluent,active,2024-06-03,low,80.67
CUST004702,PTY004702,CN-0004702,small_business,prospect,2022-05-02,high,66.06
CUST004703,PTY004703,CN-0004703,small_business,inactive,2023-08-24,medium,6.92
CUST004704,PTY004704,CN-0004704,retail,active,2020-03-21,high,76.29
CUST004705,PTY004705,CN-0004705,small_business,active,2022-05-16,very_high,12.51
CUST004706,PTY004706,CN-0004706,retail,active,2026-07-29,high,66.14
CUST004707,PTY004707,CN-0004707,affluent,active,2023-04-19,low,45.5
CUST004708,PTY004708,CN-0004708,retail,active,2021-01-01,medium,85.79
CUST004709,PTY004709,CN-0004709,small_business,active,2023-01-17,very_high,0.37
CUST004710,PTY004710,CN-0004710,retail,inactive,2020-07-29,low,70.8
CUST004711,PTY004711,CN-0004711,affluent,inactive,2022-05-30,high,8.9
CUST004712,PTY004712,CN-0004712,small_business,active,2025-01-24,low,0.43
CUST004713,PTY004713,CN-0004713,retail,active,2022-04-28,medium,42.66
CUST004714,PTY004714,CN-0004714,small_business,active,2023-01-21,low,70.28
CUST004715,PTY004715,CN-0004715,retail,active,2024-03-29,very_high,92.55
CUST004716,PTY004716,CN-0004716,retail,prospect,2022-06-13,low,8.12
CUST004717,PTY004717,CN-0004717,affluent,active,2023-12-27,high,29.53
CUST004718,PTY004718,CN-0004718,retail,active,2019-01-23,medium,39.62
CUST004719,PTY004719,CN-0004719,small_business,prospect,2022-05-11,low,28.09
CUST004720,PTY004720,CN-0004720,affluent,active,2021-04-05,very_high,59.94
CUST004721,PTY004721,CN-0004721,small_business,former,2024-04-18,high,50.88
CUST004722,PTY004722,CN-0004722,retail,active,2023-10-18,low,89.82
CUST004723,PTY004723,CN-0004723,small_business,former,2020-10-06,low,2.54
CUST004724,PTY004724,CN-0004724,small_business,former,2018-08-08,very_high,0.39
CUST004725,PTY004725,CN-0004725,small_business,active,2018-10-22,medium,65.38
CUST004726,PTY004726,CN-0004726,affluent,active,2021-07-06,medium,80.89
CUST004727,PTY004727,CN-0004727,small_business,inactive,2018-06-01,low,11.06
CUST004728,PTY004728,CN-0004728,small_business,prospect,2018-10-30,very_high,83.21
CUST004729,PTY004729,CN-0004729,small_business,inactive,2018-05-30,low,17.02
CUST004730,PTY004730,CN-0004730,small_business,active,2019-01-16,high,8.61
CUST004731,PTY004731,CN-0004731,small_business,former,2021-12-31,very_high,44.77
CUST004732,PTY004732,CN-0004732,retail,active,2020-07-20,high,66.36
CUST004733,PTY004733,CN-0004733,small_business,lapsed,2026-03-11,high,37.4
CUST004734,PTY004734,CN-0004734,retail,inactive,2019-10-25,low,48.0
CUST004735,PTY004735,CN-0004735,retail,former,2025-08-16,medium,72.69
CUST004736,PTY004736,CN-0004736,retail,prospect,2022-01-15,low,31.11
CUST004737,PTY004737,CN-0004737,affluent,inactive,2025-10-16,medium,38.47
CUST004738,PTY004738,CN-0004738,small_business,active,2022-07-14,very_high,71.76
CUST004739,PTY004739,CN-0004739,affluent,active,2026-04-18,very_high,23.54
CUST004740,PTY004740,CN-0004740,retail,inactive,2023-02-05,high,76.33
CUST004741,PTY004741,CN-0004741,retail,active,2025-10-15,very_high,71.77
CUST004742,PTY004742,CN-0004742,retail,former,2019-09-16,high,84.58
CUST004743,PTY004743,CN-0004743,small_business,lapsed,2022-03-21,medium,83.56
CUST004744,PTY004744,CN-0004744,small_business,lapsed,2019-09-21,very_high,55.34
CUST004745,PTY004745,CN-0004745,retail,active,2025-06-11,low,99.1
CUST004746,PTY004746,CN-0004746,small_business,inactive,2020-09-15,medium,79.1
CUST004747,PTY004747,CN-0004747,small_business,inactive,2026-07-31,very_high,44.03
CUST004748,PTY004748,CN-0004748,small_business,prospect,2018-05-17,high,36.38
CUST004749,PTY004749,CN-0004749,retail,active,2025-03-10,medium,82.48
CUST004750,PTY004750,CN-0004750,affluent,active,2023-03-10,low,88.08
CUST004751,PTY004751,CN-0004751,small_business,active,2019-05-13,high,2.45
CUST004752,PTY004752,CN-0004752,affluent,inactive,2025-10-27,medium,93.45
CUST004753,PTY004753,CN-0004753,small_business,active,2022-02-28,high,40.06
CUST004754,PTY004754,CN-0004754,affluent,lapsed,2024-08-24,very_high,1.56
CUST004755,PTY004755,CN-0004755,affluent,lapsed,2021-04-27,high,36.06
CUST004756,PTY004756,CN-0004756,retail,inactive,2018-01-21,medium,25.05
CUST004757,PTY004757,CN-0004757,small_business,lapsed,2019-06-26,low,72.43
CUST004758,PTY004758,CN-0004758,small_business,lapsed,2022-06-07,medium,36.21
CUST004759,PTY004759,CN-0004759,affluent,former,2019-06-01,low,32.93
CUST004760,PTY004760,CN-0004760,retail,active,2024-12-19,low,0.71
CUST004761,PTY004761,CN-0004761,retail,former,2025-06-24,low,66.72
CUST004762,PTY004762,CN-0004762,retail,prospect,2026-05-30,high,42.41
CUST004763,PTY004763,CN-0004763,retail,former,2022-08-28,very_high,19.25
CUST004764,PTY004764,CN-0004764,small_business,former,2020-11-22,low,13.93
CUST004765,PTY004765,CN-0004765,retail,prospect,2018-12-26,low,67.26
CUST004766,PTY004766,CN-0004766,affluent,active,2024-03-27,medium,53.09
CUST004767,PTY004767,CN-0004767,affluent,active,2021-05-25,low,76.42
CUST004768,PTY004768,CN-0004768,affluent,former,2025-09-13,very_high,47.81
CUST004769,PTY004769,CN-0004769,affluent,active,2020-03-16,low,6.14
CUST004770,PTY004770,CN-0004770,small_business,inactive,2025-06-18,low,49.38
CUST004771,PTY004771,CN-0004771,affluent,active,2023-03-25,very_high,85.61
CUST004772,PTY004772,CN-0004772,small_business,lapsed,2022-01-26,very_high,7.02
CUST004773,PTY004773,CN-0004773,retail,prospect,2019-07-22,medium,87.88
CUST004774,PTY004774,CN-0004774,small_business,active,2018-03-27,low,52.63
CUST004775,PTY004775,CN-0004775,small_business,prospect,2022-06-17,very_high,38.44
CUST004776,PTY004776,CN-0004776,affluent,lapsed,2025-02-26,medium,82.85
CUST004777,PTY004777,CN-0004777,retail,active,2019-09-30,high,76.46
CUST004778,PTY004778,CN-0004778,affluent,active,2025-09-28,medium,42.36
CUST004779,PTY004779,CN-0004779,small_business,lapsed,2020-02-15,low,41.38
CUST004780,PTY004780,CN-0004780,small_business,active,2023-03-10,low,83.66
CUST004781,PTY004781,CN-0004781,retail,former,2019-08-27,low,71.3
CUST004782,PTY004782,CN-0004782,retail,lapsed,2026-03-27,medium,97.75
CUST004783,PTY004783,CN-0004783,affluent,active,2019-07-28,very_high,80.5
CUST004784,PTY004784,CN-0004784,retail,active,2019-02-21,medium,46.11
CUST004785,PTY004785,CN-0004785,affluent,former,2020-12-01,high,84.57
CUST004786,PTY004786,CN-0004786,retail,active,2019-11-09,medium,90.7
CUST004787,PTY004787,CN-0004787,small_business,active,2022-08-25,high,68.38
CUST004788,PTY004788,CN-0004788,retail,former,2021-02-14,very_high,76.67
CUST004789,PTY004789,CN-0004789,affluent,active,2026-03-08,low,87.21
CUST004790,PTY004790,CN-0004790,retail,active,2019-04-21,medium,22.08
CUST004791,PTY004791,CN-0004791,small_business,prospect,2022-10-12,low,32.05
CUST004792,PTY004792,CN-0004792,small_business,prospect,2023-08-09,high,31.73
CUST004793,PTY004793,CN-0004793,affluent,lapsed,2021-11-25,low,77.09
CUST004794,PTY004794,CN-0004794,affluent,active,2022-05-11,very_high,53.06
CUST004795,PTY004795,CN-0004795,retail,active,2024-11-02,high,57.71
CUST004796,PTY004796,CN-0004796,retail,prospect,2025-09-19,high,95.45
CUST004797,PTY004797,CN-0004797,small_business,active,2020-08-22,low,41.25
CUST004798,PTY004798,CN-0004798,small_business,active,2026-02-15,low,21.64
CUST004799,PTY004799,CN-0004799,small_business,inactive,2020-02-19,high,7.25
CUST004800,PTY004800,CN-0004800,retail,inactive,2018-01-28,high,34.47
CUST004801,PTY004801,CN-0004801,affluent,inactive,2024-12-11,very_high,46.84
CUST004802,PTY004802,CN-0004802,affluent,active,2020-07-20,medium,60.16
CUST004803,PTY004803,CN-0004803,small_business,former,2022-01-10,high,76.36
CUST004804,PTY004804,CN-0004804,affluent,lapsed,2018-10-04,medium,25.49
CUST004805,PTY004805,CN-0004805,small_business,lapsed,2023-01-24,low,7.35
CUST004806,PTY004806,CN-0004806,affluent,active,2023-05-18,very_high,96.32
CUST004807,PTY004807,CN-0004807,retail,active,2023-02-11,very_high,14.84
CUST004808,PTY004808,CN-0004808,small_business,lapsed,2021-12-25,very_high,86.28
CUST004809,PTY004809,CN-0004809,retail,active,2019-03-03,high,94.81
CUST004810,PTY004810,CN-0004810,affluent,former,2021-04-09,medium,20.53
CUST004811,PTY004811,CN-0004811,retail,inactive,2018-05-06,low,36.15
CUST004812,PTY004812,CN-0004812,retail,lapsed,2020-10-17,medium,57.8
CUST004813,PTY004813,CN-0004813,affluent,active,2019-11-12,medium,51.13
CUST004814,PTY004814,CN-0004814,retail,former,2020-07-03,low,3.93
CUST004815,PTY004815,CN-0004815,affluent,lapsed,2023-04-17,medium,8.32
CUST004816,PTY004816,CN-0004816,small_business,active,2025-02-20,very_high,98.16
CUST004817,PTY004817,CN-0004817,small_business,inactive,2026-07-21,high,14.93
CUST004818,PTY004818,CN-0004818,small_business,active,2018-01-11,low,6.41
CUST004819,PTY004819,CN-0004819,retail,inactive,2023-01-14,high,13.77
CUST004820,PTY004820,CN-0004820,small_business,former,2023-04-09,low,43.69
CUST004821,PTY004821,CN-0004821,retail,active,2026-01-13,very_high,76.2
CUST004822,PTY004822,CN-0004822,affluent,active,2020-05-07,high,6.62
CUST004823,PTY004823,CN-0004823,affluent,lapsed,2025-01-02,high,35.35
CUST004824,PTY004824,CN-0004824,affluent,lapsed,2019-01-10,low,1.83
CUST004825,PTY004825,CN-0004825,retail,prospect,2022-01-28,low,61.84
CUST004826,PTY004826,CN-0004826,affluent,former,2025-09-21,high,71.0
CUST004827,PTY004827,CN-0004827,small_business,active,2019-06-12,medium,69.01
CUST004828,PTY004828,CN-0004828,retail,active,2018-02-22,low,99.6
CUST004829,PTY004829,CN-0004829,retail,active,2019-07-06,high,3.83
CUST004830,PTY004830,CN-0004830,affluent,inactive,2026-05-13,medium,0.28
CUST004831,PTY004831,CN-0004831,affluent,active,2020-02-19,medium,87.72
CUST004832,PTY004832,CN-0004832,small_business,active,2025-03-05,very_high,33.09
CUST004833,PTY004833,CN-0004833,affluent,prospect,2020-04-18,very_high,76.75
CUST004834,PTY004834,CN-0004834,affluent,prospect,2019-08-03,low,87.12
CUST004835,PTY004835,CN-0004835,small_business,active,2025-12-15,low,42.2
CUST004836,PTY004836,CN-0004836,affluent,active,2022-10-13,very_high,72.69
CUST004837,PTY004837,CN-0004837,retail,active,2021-06-05,medium,85.81
CUST004838,PTY004838,CN-0004838,small_business,active,2020-11-07,high,6.43
CUST004839,PTY004839,CN-0004839,small_business,prospect,2018-03-19,very_high,39.1
CUST004840,PTY004840,CN-0004840,small_business,prospect,2024-07-04,low,68.58
CUST004841,PTY004841,CN-0004841,small_business,former,2021-03-23,high,55.23
CUST004842,PTY004842,CN-0004842,small_business,lapsed,2019-02-13,low,48.98
CUST004843,PTY004843,CN-0004843,retail,inactive,2021-05-11,very_high,83.01
CUST004844,PTY004844,CN-0004844,affluent,prospect,2019-11-28,medium,29.57
CUST004845,PTY004845,CN-0004845,small_business,prospect,2019-05-03,high,81.81
CUST004846,PTY004846,CN-0004846,affluent,former,2025-05-03,very_high,61.53
CUST004847,PTY004847,CN-0004847,small_business,prospect,2025-11-28,medium,12.22
CUST004848,PTY004848,CN-0004848,affluent,active,2019-10-28,high,15.98
CUST004849,PTY004849,CN-0004849,affluent,active,2020-09-28,medium,66.07
CUST004850,PTY004850,CN-0004850,retail,active,2024-03-13,medium,98.41
CUST004851,PTY004851,CN-0004851,small_business,lapsed,2025-04-07,high,23.5
CUST004852,PTY004852,CN-0004852,affluent,prospect,2021-01-15,high,49.69
CUST004853,PTY004853,CN-0004853,retail,active,2022-07-16,medium,59.58
CUST004854,PTY004854,CN-0004854,retail,prospect,2018-07-11,low,91.46
CUST004855,PTY004855,CN-0004855,retail,former,2026-09-15,high,31.93
CUST004856,PTY004856,CN-0004856,small_business,former,2025-09-10,medium,46.3
CUST004857,PTY004857,CN-0004857,affluent,inactive,2025-11-24,medium,40.19
CUST004858,PTY004858,CN-0004858,retail,active,2020-06-24,high,53.15
CUST004859,PTY004859,CN-0004859,retail,prospect,2018-03-18,high,90.85
CUST004860,PTY004860,CN-0004860,affluent,former,2022-01-09,low,70.67
CUST004861,PTY004861,CN-0004861,small_business,prospect,2024-08-25,very_high,6.74
CUST004862,PTY004862,CN-0004862,retail,active,2021-06-21,medium,36.8
CUST004863,PTY004863,CN-0004863,small_business,lapsed,2025-11-17,high,66.08
CUST004864,PTY004864,CN-0004864,affluent,active,2022-02-01,low,32.6
CUST004865,PTY004865,CN-0004865,affluent,active,2021-12-15,very_high,32.12
CUST004866,PTY004866,CN-0004866,affluent,inactive,2023-07-25,low,10.7
CUST004867,PTY004867,CN-0004867,small_business,inactive,2020-02-11,medium,1.83
CUST004868,PTY004868,CN-0004868,small_business,active,2021-06-05,very_high,97.16
CUST004869,PTY004869,CN-0004869,small_business,active,2022-12-17,low,8.78
CUST004870,PTY004870,CN-0004870,retail,inactive,2022-05-13,high,96.8
CUST004871,PTY004871,CN-0004871,small_business,prospect,2024-05-25,low,87.82
CUST004872,PTY004872,CN-0004872,retail,active,2025-05-24,low,77.66
CUST004873,PTY004873,CN-0004873,small_business,lapsed,2020-04-05,very_high,6.08
CUST004874,PTY004874,CN-0004874,retail,active,2023-10-07,very_high,43.26
CUST004875,PTY004875,CN-0004875,retail,active,2026-05-24,medium,0.7
CUST004876,PTY004876,CN-0004876,small_business,active,2023-07-24,low,74.05
CUST004877,PTY004877,CN-0004877,retail,lapsed,2026-05-21,very_high,57.73
CUST004878,PTY004878,CN-0004878,retail,active,2024-08-31,low,63.34
CUST004879,PTY004879,CN-0004879,affluent,active,2021-09-06,low,91.24
CUST004880,PTY004880,CN-0004880,retail,inactive,2020-06-21,very_high,74.82
CUST004881,PTY004881,CN-0004881,affluent,active,2023-10-28,medium,51.34
CUST004882,PTY004882,CN-0004882,affluent,inactive,2026-03-25,very_high,51.25
CUST004883,PTY004883,CN-0004883,affluent,former,2019-03-06,high,77.59
CUST004884,PTY004884,CN-0004884,small_business,active,2024-06-14,medium,5.11
CUST004885,PTY004885,CN-0004885,retail,lapsed,2024-05-17,low,47.03
CUST004886,PTY004886,CN-0004886,affluent,active,2023-07-27,high,78.18
CUST004887,PTY004887,CN-0004887,small_business,lapsed,2021-07-04,high,86.95
CUST004888,PTY004888,CN-0004888,small_business,prospect,2021-06-22,low,45.19
CUST004889,PTY004889,CN-0004889,retail,lapsed,2024-07-09,very_high,13.54
CUST004890,PTY004890,CN-0004890,small_business,active,2025-03-07,medium,29.77
CUST004891,PTY004891,CN-0004891,small_business,inactive,2023-01-26,low,68.94
CUST004892,PTY004892,CN-0004892,affluent,active,2018-05-07,medium,34.09
CUST004893,PTY004893,CN-0004893,affluent,active,2025-04-25,high,95.48
CUST004894,PTY004894,CN-0004894,affluent,former,2025-02-21,low,46.21
CUST004895,PTY004895,CN-0004895,affluent,former,2024-10-18,very_high,36.39
CUST004896,PTY004896,CN-0004896,small_business,inactive,2021-07-11,medium,92.19
CUST004897,PTY004897,CN-0004897,small_business,active,2023-07-29,low,37.84
CUST004898,PTY004898,CN-0004898,small_business,former,2023-11-26,medium,99.1
CUST004899,PTY004899,CN-0004899,retail,active,2025-08-05,medium,5.68
CUST004900,PTY004900,CN-0004900,affluent,lapsed,2022-12-19,low,80.64
CUST004901,PTY004901,CN-0004901,small_business,active,2023-03-24,low,88.02
CUST004902,PTY004902,CN-0004902,affluent,former,2025-09-11,medium,31.63
CUST004903,PTY004903,CN-0004903,affluent,lapsed,2018-04-15,low,49.19
CUST004904,PTY004904,CN-0004904,retail,active,2023-12-30,medium,14.86
CUST004905,PTY004905,CN-0004905,affluent,lapsed,2020-03-19,high,28.25
CUST004906,PTY004906,CN-0004906,retail,active,2020-08-25,high,12.99
CUST004907,PTY004907,CN-0004907,small_business,lapsed,2024-03-20,low,72.8
CUST004908,PTY004908,CN-0004908,retail,former,2020-07-07,medium,92.97
CUST004909,PTY004909,CN-0004909,small_business,active,2025-08-31,medium,15.86
CUST004910,PTY004910,CN-0004910,small_business,lapsed,2020-09-01,high,80.89
CUST004911,PTY004911,CN-0004911,affluent,active,2021-03-12,medium,26.25
CUST004912,PTY004912,CN-0004912,retail,active,2025-09-27,medium,96.86
CUST004913,PTY004913,CN-0004913,small_business,active,2020-10-03,very_high,7.48
CUST004914,PTY004914,CN-0004914,affluent,active,2022-10-03,low,58.52
CUST004915,PTY004915,CN-0004915,small_business,active,2025-12-19,high,34.47
CUST004916,PTY004916,CN-0004916,retail,active,2023-01-24,low,4.1
CUST004917,PTY004917,CN-0004917,small_business,active,2019-04-11,low,19.46
CUST004918,PTY004918,CN-0004918,small_business,former,2021-06-20,high,56.36
CUST004919,PTY004919,CN-0004919,small_business,prospect,2023-04-10,medium,10.78
CUST004920,PTY004920,CN-0004920,retail,lapsed,2024-04-27,low,95.66
CUST004921,PTY004921,CN-0004921,small_business,lapsed,2019-08-28,low,84.27
CUST004922,PTY004922,CN-0004922,retail,active,2021-08-23,very_high,10.34
CUST004923,PTY004923,CN-0004923,retail,former,2019-09-23,medium,90.64
CUST004924,PTY004924,CN-0004924,affluent,active,2024-01-26,low,36.47
CUST004925,PTY004925,CN-0004925,small_business,active,2021-04-27,high,24.83
CUST004926,PTY004926,CN-0004926,small_business,active,2018-01-18,high,32.38
CUST004927,PTY004927,CN-0004927,affluent,active,2021-10-25,low,12.61
CUST004928,PTY004928,CN-0004928,retail,lapsed,2022-07-29,high,42.87
CUST004929,PTY004929,CN-0004929,small_business,active,2023-08-09,high,92.29
CUST004930,PTY004930,CN-0004930,retail,lapsed,2020-06-05,medium,48.82
CUST004931,PTY004931,CN-0004931,affluent,lapsed,2020-02-25,low,26.29
CUST004932,PTY004932,CN-0004932,retail,prospect,2022-08-11,medium,69.43
CUST004933,PTY004933,CN-0004933,small_business,inactive,2020-09-27,very_high,72.09
CUST004934,PTY004934,CN-0004934,small_business,inactive,2019-08-06,low,18.37
CUST004935,PTY004935,CN-0004935,retail,active,2025-09-09,low,56.42
CUST004936,PTY004936,CN-0004936,small_business,lapsed,2022-03-15,low,40.04
CUST004937,PTY004937,CN-0004937,affluent,prospect,2023-02-19,very_high,64.33
CUST004938,PTY004938,CN-0004938,retail,lapsed,2023-03-09,low,95.62
CUST004939,PTY004939,CN-0004939,retail,active,2025-08-09,low,5.58
CUST004940,PTY004940,CN-0004940,retail,active,2024-07-20,high,61.16
CUST004941,PTY004941,CN-0004941,small_business,inactive,2023-02-16,very_high,89.4
CUST004942,PTY004942,CN-0004942,small_business,active,2019-04-15,low,55.12
CUST004943,PTY004943,CN-0004943,affluent,active,2020-03-04,medium,58.82
CUST004944,PTY004944,CN-0004944,retail,lapsed,2025-02-14,medium,57.8
CUST004945,PTY004945,CN-0004945,affluent,inactive,2022-03-28,medium,11.25
CUST004946,PTY004946,CN-0004946,retail,prospect,2021-10-13,very_high,8.5
CUST004947,PTY004947,CN-0004947,small_business,prospect,2019-12-11,low,89.77
CUST004948,PTY004948,CN-0004948,retail,inactive,2019-05-31,medium,65.24
CUST004949,PTY004949,CN-0004949,affluent,active,2022-12-26,medium,45.4
CUST004950,PTY004950,CN-0004950,small_business,active,2018-08-10,high,49.1
CUST004951,PTY004951,CN-0004951,affluent,active,2024-01-27,medium,89.07
CUST004952,PTY004952,CN-0004952,retail,active,2019-08-19,medium,15.07
CUST004953,PTY004953,CN-0004953,affluent,inactive,2025-10-09,low,96.0
CUST004954,PTY004954,CN-0004954,small_business,inactive,2019-11-17,low,90.15
CUST004955,PTY004955,CN-0004955,small_business,lapsed,2020-11-25,very_high,36.57
CUST004956,PTY004956,CN-0004956,small_business,active,2024-07-02,high,49.11
CUST004957,PTY004957,CN-0004957,affluent,active,2018-02-23,low,64.67
CUST004958,PTY004958,CN-0004958,small_business,active,2020-12-22,high,91.68
CUST004959,PTY004959,CN-0004959,retail,active,2021-11-04,very_high,21.75
CUST004960,PTY004960,CN-0004960,small_business,lapsed,2024-03-03,high,46.93
CUST004961,PTY004961,CN-0004961,affluent,active,2024-02-21,low,44.15
CUST004962,PTY004962,CN-0004962,affluent,inactive,2025-10-25,high,41.66
CUST004963,PTY004963,CN-0004963,small_business,active,2023-05-15,low,99.4
CUST004964,PTY004964,CN-0004964,retail,inactive,2018-12-20,very_high,95.35
CUST004965,PTY004965,CN-0004965,affluent,active,2019-09-20,medium,39.89
CUST004966,PTY004966,CN-0004966,affluent,active,2018-09-09,medium,89.36
CUST004967,PTY004967,CN-0004967,affluent,prospect,2025-09-15,very_high,25.72
CUST004968,PTY004968,CN-0004968,retail,prospect,2022-11-28,high,19.59
CUST004969,PTY004969,CN-0004969,retail,lapsed,2023-07-12,very_high,3.33
CUST004970,PTY004970,CN-0004970,affluent,lapsed,2022-05-05,very_high,54.27
CUST004971,PTY004971,CN-0004971,retail,prospect,2018-02-13,very_high,37.8
CUST004972,PTY004972,CN-0004972,affluent,former,2023-04-18,high,63.6
CUST004973,PTY004973,CN-0004973,small_business,inactive,2019-08-15,medium,89.76
CUST004974,PTY004974,CN-0004974,small_business,active,2019-12-15,high,23.82
CUST004975,PTY004975,CN-0004975,affluent,lapsed,2022-03-09,high,8.32
CUST004976,PTY004976,CN-0004976,retail,prospect,2022-06-22,low,97.71
CUST004977,PTY004977,CN-0004977,affluent,active,2024-03-28,low,52.23
CUST004978,PTY004978,CN-0004978,affluent,prospect,2018-01-12,very_high,0.12
CUST004979,PTY004979,CN-0004979,affluent,lapsed,2023-10-09,very_high,48.59
CUST004980,PTY004980,CN-0004980,small_business,active,2019-02-25,low,47.95
CUST004981,PTY004981,CN-0004981,retail,lapsed,2025-04-11,low,47.13
CUST004982,PTY004982,CN-0004982,retail,active,2021-03-14,medium,22.49
CUST004983,PTY004983,CN-0004983,affluent,active,2024-02-23,very_high,59.71
CUST004984,PTY004984,CN-0004984,affluent,active,2023-01-30,high,41.23
CUST004985,PTY004985,CN-0004985,retail,active,2025-07-06,low,9.16
CUST004986,PTY004986,CN-0004986,retail,prospect,2024-05-26,very_high,5.1
CUST004987,PTY004987,CN-0004987,small_business,inactive,2019-03-11,high,2.81
CUST004988,PTY004988,CN-0004988,retail,active,2019-12-25,low,14.86
CUST004989,PTY004989,CN-0004989,small_business,inactive,2025-06-17,very_high,16.35
CUST004990,PTY004990,CN-0004990,affluent,active,2026-07-21,medium,3.28
CUST004991,PTY004991,CN-0004991,affluent,active,2018-02-18,very_high,36.45
CUST004992,PTY004992,CN-0004992,affluent,active,2025-01-01,high,64.84
CUST004993,PTY004993,CN-0004993,affluent,lapsed,2025-07-25,high,64.0
CUST004994,PTY004994,CN-0004994,small_business,active,2024-09-20,very_high,74.82
CUST004995,PTY004995,CN-0004995,retail,active,2020-11-08,medium,38.36
CUST004996,PTY004996,CN-0004996,affluent,inactive,2025-08-09,high,66.89
CUST004997,PTY004997,CN-0004997,retail,active,2019-11-10,low,40.45
CUST004998,PTY004998,CN-0004998,small_business,former,2019-04-08,medium,44.08
CUST004999,PTY004999,CN-0004999,affluent,former,2018-06-11,high,9.29
CUST005000,PTY005000,CN-0005000,retail,active,2020-02-08,medium,86.84
