payment_id,policy_id,customer_id,payment_date,payment_status,payment_method,billed_amount,paid_amount
PAY000001,POL000101,CUST004809,2026-05-11,past_due,cash,1398.88,1398.88
PAY000002,POL000102,CUST000612,2025-11-03,failed,wire,1714.53,1714.53
PAY000003,POL000103,CUST001054,2024-04-01,reversed,check,1402.14,1402.14
PAY000004,POL000104,CUST002556,2025-03-19,scheduled,card,1200.95,1200.95
PAY000005,POL000105,CUST003947,2024-03-18,past_due,check,1133.39,1133.39
PAY000006,POL000106,CUST000699,2024-09-20,paid,payroll,1486.77,1486.77
PAY000007,POL000107,CUST000418,2026-03-17,reversed,payroll,930.22,930.22
PAY000008,POL000108,CUST002848,2024-02-08,paid,payroll,1965.8,1965.8
PAY000009,POL000109,CUST000988,2024-10-16,reversed,card,541.26,541.26
PAY000010,POL000110,CUST003199,2026-08-17,failed,payroll,1893.91,1893.91
PAY000011,POL000111,CUST001997,2025-12-16,scheduled,payroll,1769.64,0.0
PAY000012,POL000112,CUST002834,2024-09-03,scheduled,payroll,1426.27,1426.27
PAY000013,POL000113,CUST000099,2026-01-08,scheduled,card,744.99,744.99
PAY000014,POL000114,CUST002891,2026-06-30,past_due,cash,1200.91,1200.91
PAY000015,POL000115,CUST004981,2024-12-24,past_due,cash,1043.89,1043.89
PAY000016,POL000116,CUST000290,2024-02-14,reversed,ach,1420.56,1420.56
PAY000017,POL000117,CUST001045,2026-05-26,scheduled,other,1095.52,0.0
PAY000018,POL000118,CUST003121,2024-04-15,paid,wire,1648.41,0.0
PAY000019,POL000119,CUST003385,2026-01-09,failed,ach,1370.15,1370.15
PAY000020,POL000120,CUST001990,2025-12-13,paid,other,1715.27,1715.27
PAY000021,POL000121,CUST004774,2024-08-22,failed,cash,1510.58,0.0
PAY000022,POL000122,CUST001638,2026-01-09,paid,payroll,597.08,597.08
PAY000023,POL000123,CUST001341,2025-06-14,paid,payroll,426.62,426.62
PAY000024,POL000124,CUST001713,2024-08-09,past_due,ach,1917.24,1917.24
PAY000025,POL000125,CUST002489,2024-09-12,paid,other,1006.8,1006.8
PAY000026,POL000126,CUST002674,2025-06-21,paid,other,1719.71,1719.71
PAY000027,POL000127,CUST004026,2025-09-01,paid,card,137.47,0.0
PAY000028,POL000128,CUST000253,2024-10-05,paid,other,1901.13,0.0
PAY000029,POL000129,CUST001622,2024-09-18,failed,cash,1347.76,1347.76
PAY000030,POL000130,CUST002810,2025-04-06,past_due,card,825.59,825.59
PAY000031,POL000131,CUST000804,2026-07-13,refunded,payroll,735.28,735.28
PAY000032,POL000132,CUST003300,2024-05-09,past_due,payroll,149.94,149.94
PAY000033,POL000133,CUST003261,2026-03-17,reversed,cash,312.12,0.0
PAY000034,POL000134,CUST004945,2024-10-19,refunded,wire,235.43,235.43
PAY000035,POL000135,CUST004119,2026-09-07,paid,payroll,265.75,0.0
PAY000036,POL000136,CUST002266,2025-10-10,scheduled,check,1307.18,1307.18
PAY000037,POL000137,CUST002016,2024-06-23,scheduled,ach,1500.99,1500.99
PAY000038,POL000138,CUST002838,2025-06-29,paid,wire,80.89,0.0
PAY000039,POL000139,CUST004649,2025-05-12,failed,check,1831.4,1831.4
PAY000040,POL000140,CUST001074,2025-06-24,paid,other,297.37,297.37
PAY000041,POL000141,CUST002098,2025-02-12,paid,wire,651.35,651.35
PAY000042,POL000142,CUST000630,2026-06-15,past_due,ach,267.03,267.03
PAY000043,POL000143,CUST002785,2026-02-06,paid,cash,957.49,957.49
PAY000044,POL000144,CUST004869,2026-02-22,past_due,wire,1056.0,1056.0
PAY000045,POL000145,CUST001707,2024-08-20,paid,card,1309.45,1309.45
PAY000046,POL000146,CUST004843,2024-12-05,paid,wire,459.74,0.0
PAY000047,POL000147,CUST002333,2026-07-19,failed,card,1512.81,1512.81
PAY000048,POL000148,CUST004604,2025-02-25,reversed,payroll,1793.86,0.0
PAY000049,POL000149,CUST000341,2024-03-16,refunded,wire,1013.17,1013.17
PAY000050,POL000150,CUST001831,2024-10-20,refunded,wire,498.19,498.19
PAY000051,POL000151,CUST000547,2026-02-17,reversed,check,1259.75,1259.75
PAY000052,POL000152,CUST003512,2026-04-08,paid,payroll,1166.48,0.0
PAY000053,POL000153,CUST001832,2024-02-27,scheduled,other,1881.73,1881.73
PAY000054,POL000154,CUST003957,2026-06-05,failed,wire,1282.32,1282.32
PAY000055,POL000155,CUST002671,2025-10-01,failed,ach,1197.53,1197.53
PAY000056,POL000156,CUST002603,2026-01-30,past_due,card,515.85,515.85
PAY000057,POL000157,CUST002059,2025-08-01,paid,check,633.11,633.11
PAY000058,POL000158,CUST003488,2024-08-27,reversed,wire,1022.87,1022.87
PAY000059,POL000159,CUST000411,2025-05-04,reversed,ach,645.11,0.0
PAY000060,POL000160,CUST000477,2026-03-05,paid,other,1785.72,1785.72
PAY000061,POL000161,CUST004832,2025-07-21,past_due,other,1538.8,0.0
PAY000062,POL000162,CUST002230,2024-11-11,paid,check,330.27,330.27
PAY000063,POL000163,CUST004225,2024-02-23,paid,payroll,534.92,534.92
PAY000064,POL000164,CUST002585,2026-02-08,refunded,ach,628.31,628.31
PAY000065,POL000165,CUST000456,2024-06-02,paid,payroll,174.92,174.92
PAY000066,POL000166,CUST002111,2025-12-23,scheduled,payroll,1937.07,0.0
PAY000067,POL000167,CUST003293,2024-11-17,paid,ach,338.92,338.92
PAY000068,POL000168,CUST002264,2024-07-01,paid,wire,75.33,75.33
PAY000069,POL000169,CUST003097,2025-08-19,paid,ach,1349.85,1349.85
PAY000070,POL000170,CUST000109,2024-03-16,paid,ach,1939.87,1939.87
PAY000071,POL000171,CUST001435,2025-12-06,paid,other,953.11,0.0
PAY000072,POL000172,CUST002895,2025-12-09,paid,other,75.81,75.81
PAY000073,POL000173,CUST002316,2024-06-24,reversed,payroll,424.32,424.32
PAY000074,POL000174,CUST001870,2024-02-01,paid,check,521.4,0.0
PAY000075,POL000175,CUST003431,2025-01-08,reversed,payroll,1049.5,1049.5
PAY000076,POL000176,CUST004290,2024-08-26,refunded,card,1657.34,1657.34
PAY000077,POL000177,CUST001741,2024-02-04,paid,cash,248.11,248.11
PAY000078,POL000178,CUST002378,2026-03-09,scheduled,other,1146.39,1146.39
PAY000079,POL000179,CUST001611,2024-11-29,paid,ach,1289.85,0.0
PAY000080,POL000180,CUST003668,2025-05-06,failed,check,571.78,571.78
PAY000081,POL000181,CUST001367,2026-05-17,paid,card,1463.84,1463.84
PAY000082,POL000182,CUST004514,2024-10-11,failed,check,1565.91,1565.91
PAY000083,POL000183,CUST003850,2026-05-05,paid,check,1625.61,1625.61
PAY000084,POL000184,CUST003706,2026-08-20,paid,check,630.93,0.0
PAY000085,POL000185,CUST001105,2026-06-11,paid,wire,247.01,247.01
PAY000086,POL000186,CUST003637,2024-10-01,past_due,payroll,875.13,875.13
PAY000087,POL000187,CUST001522,2024-04-16,paid,card,1280.27,1280.27
PAY000088,POL000188,CUST004005,2024-12-29,paid,wire,1249.55,1249.55
PAY000089,POL000189,CUST004892,2024-10-02,paid,wire,1097.63,0.0
PAY000090,POL000190,CUST003813,2025-05-16,paid,cash,356.46,0.0
PAY000091,POL000191,CUST002120,2024-08-10,paid,cash,434.31,434.31
PAY000092,POL000192,CUST003708,2024-02-02,paid,payroll,488.02,488.02
PAY000093,POL000193,CUST002435,2025-12-13,scheduled,ach,1993.72,1993.72
PAY000094,POL000194,CUST003435,2025-01-25,refunded,ach,890.02,890.02
PAY000095,POL000195,CUST002993,2024-11-14,refunded,ach,431.38,431.38
PAY000096,POL000196,CUST003903,2026-06-25,paid,cash,1573.78,1573.78
PAY000097,POL000197,CUST003768,2024-04-10,past_due,check,1845.63,1845.63
PAY000098,POL000198,CUST000494,2025-07-25,failed,card,1759.38,1759.38
PAY000099,POL000199,CUST001717,2024-05-26,paid,check,1466.07,1466.07
PAY000100,POL000200,CUST001454,2025-03-08,reversed,other,497.95,0.0
PAY000101,POL000201,CUST002452,2026-06-11,paid,cash,225.12,225.12
PAY000102,POL000202,CUST004428,2025-08-31,paid,cash,59.83,59.83
PAY000103,POL000203,CUST002630,2025-10-12,refunded,wire,1046.51,1046.51
PAY000104,POL000204,CUST004346,2024-01-11,past_due,ach,1566.19,1566.19
PAY000105,POL000205,CUST001660,2025-08-15,scheduled,other,1576.4,0.0
PAY000106,POL000206,CUST003093,2026-04-06,refunded,cash,1465.56,0.0
PAY000107,POL000207,CUST004189,2024-06-30,paid,payroll,1216.3,1216.3
PAY000108,POL000208,CUST002056,2024-06-20,refunded,other,278.88,278.88
PAY000109,POL000209,CUST000202,2026-06-13,past_due,other,1577.04,1577.04
PAY000110,POL000210,CUST003637,2025-05-14,paid,other,135.92,135.92
PAY000111,POL000211,CUST001551,2024-03-06,past_due,payroll,843.78,843.78
PAY000112,POL000212,CUST001440,2025-07-20,scheduled,wire,1680.87,0.0
PAY000113,POL000213,CUST003210,2024-03-27,refunded,check,1745.18,1745.18
PAY000114,POL000214,CUST000777,2024-12-16,reversed,wire,492.31,492.31
PAY000115,POL000215,CUST004417,2024-05-09,refunded,card,1246.05,1246.05
PAY000116,POL000216,CUST001959,2026-01-13,paid,wire,1128.38,1128.38
PAY000117,POL000217,CUST001841,2024-12-29,scheduled,card,1730.27,1730.27
PAY000118,POL000218,CUST002674,2024-01-17,past_due,ach,932.58,932.58
PAY000119,POL000219,CUST004479,2024-05-29,paid,other,1285.69,1285.69
PAY000120,POL000220,CUST004127,2026-02-12,past_due,wire,1934.71,1934.71
PAY000121,POL000221,CUST003004,2025-02-11,past_due,ach,267.33,0.0
PAY000122,POL000222,CUST004393,2025-01-24,paid,ach,1098.59,0.0
PAY000123,POL000223,CUST003168,2024-06-29,past_due,ach,362.81,362.81
PAY000124,POL000224,CUST000167,2025-02-05,paid,card,1101.18,1101.18
PAY000125,POL000225,CUST002372,2026-09-09,paid,card,211.94,0.0
PAY000126,POL000226,CUST002000,2025-08-26,scheduled,payroll,1881.34,1881.34
PAY000127,POL000227,CUST003229,2025-11-10,scheduled,ach,1697.08,1697.08
PAY000128,POL000228,CUST003320,2024-10-02,failed,card,357.8,357.8
PAY000129,POL000229,CUST004093,2026-05-29,paid,check,1522.17,0.0
PAY000130,POL000230,CUST001963,2026-02-22,paid,payroll,1206.95,0.0
PAY000131,POL000231,CUST000779,2024-10-10,paid,ach,158.09,0.0
PAY000132,POL000232,CUST003536,2026-09-09,paid,check,782.48,0.0
PAY000133,POL000233,CUST002507,2026-01-25,paid,payroll,402.22,402.22
PAY000134,POL000234,CUST003100,2024-03-24,paid,card,1176.85,0.0
PAY000135,POL000235,CUST004190,2026-08-17,scheduled,wire,874.32,874.32
PAY000136,POL000236,CUST003397,2026-03-24,paid,cash,1710.49,1710.49
PAY000137,POL000237,CUST000051,2024-02-10,paid,payroll,93.63,93.63
PAY000138,POL000238,CUST002749,2024-06-21,refunded,cash,1917.71,1917.71
PAY000139,POL000239,CUST001099,2025-10-16,paid,card,737.52,737.52
PAY000140,POL000240,CUST004028,2024-08-13,paid,payroll,1011.39,1011.39
PAY000141,POL000241,CUST001810,2026-01-11,failed,check,791.87,791.87
PAY000142,POL000242,CUST002244,2024-11-30,failed,ach,1680.66,1680.66
PAY000143,POL000243,CUST002083,2024-02-29,failed,payroll,908.18,908.18
PAY000144,POL000244,CUST000126,2025-05-14,paid,cash,585.59,585.59
PAY000145,POL000245,CUST001998,2026-05-27,paid,card,688.97,688.97
PAY000146,POL000246,CUST003554,2024-10-23,reversed,other,965.89,965.89
PAY000147,POL000247,CUST001632,2024-05-11,failed,payroll,1045.39,0.0
PAY000148,POL000248,CUST002596,2025-04-13,paid,ach,167.97,167.97
PAY000149,POL000249,CUST002398,2024-03-22,paid,other,474.14,474.14
PAY000150,POL000250,CUST001474,2024-12-21,scheduled,cash,616.77,616.77
PAY000151,POL000251,CUST004805,2026-02-21,reversed,payroll,1004.92,0.0
PAY000152,POL000252,CUST004486,2026-09-01,paid,other,1158.62,1158.62
PAY000153,POL000253,CUST000373,2026-06-10,reversed,wire,253.86,253.86
PAY000154,POL000254,CUST001114,2026-06-15,paid,cash,363.67,0.0
PAY000155,POL000255,CUST002024,2024-11-25,paid,check,1206.91,1206.91
PAY000156,POL000256,CUST004919,2025-03-27,paid,wire,1876.05,1876.05
PAY000157,POL000257,CUST002423,2026-09-04,paid,cash,890.79,0.0
PAY000158,POL000258,CUST001725,2025-04-02,scheduled,payroll,1174.35,1174.35
PAY000159,POL000259,CUST004298,2024-08-04,paid,card,191.54,0.0
PAY000160,POL000260,CUST002087,2026-02-03,refunded,ach,1494.98,1494.98
PAY000161,POL000261,CUST004840,2025-02-21,paid,cash,520.86,520.86
PAY000162,POL000262,CUST000469,2024-08-12,paid,check,52.55,52.55
PAY000163,POL000263,CUST000228,2024-10-25,past_due,check,325.3,0.0
PAY000164,POL000264,CUST001396,2024-07-04,failed,other,1210.01,0.0
PAY000165,POL000265,CUST003855,2024-05-27,paid,other,422.51,0.0
PAY000166,POL000266,CUST003969,2025-05-29,scheduled,wire,456.88,456.88
PAY000167,POL000267,CUST004325,2025-02-07,reversed,card,472.78,472.78
PAY000168,POL000268,CUST003988,2025-04-15,failed,check,431.23,0.0
PAY000169,POL000269,CUST003317,2026-07-17,failed,wire,126.65,126.65
PAY000170,POL000270,CUST000476,2025-06-30,scheduled,payroll,1508.77,0.0
PAY000171,POL000271,CUST000866,2024-03-09,failed,other,1973.47,1973.47
PAY000172,POL000272,CUST001261,2026-01-20,reversed,cash,533.94,533.94
PAY000173,POL000273,CUST001770,2025-10-13,paid,ach,71.39,71.39
PAY000174,POL000274,CUST004979,2024-08-26,scheduled,card,490.55,490.55
PAY000175,POL000275,CUST003528,2026-01-12,paid,wire,1558.4,1558.4
PAY000176,POL000276,CUST000809,2025-12-08,paid,card,1124.17,1124.17
PAY000177,POL000277,CUST001225,2025-07-10,reversed,cash,690.26,690.26
PAY000178,POL000278,CUST003158,2025-12-20,reversed,other,904.18,904.18
PAY000179,POL000279,CUST001804,2024-03-15,paid,ach,413.1,413.1
PAY000180,POL000280,CUST003004,2025-06-24,paid,wire,898.0,898.0
PAY000181,POL000281,CUST001542,2024-07-01,paid,cash,209.72,209.72
PAY000182,POL000282,CUST000248,2025-04-09,paid,other,57.45,57.45
PAY000183,POL000283,CUST002496,2026-06-01,refunded,ach,1930.59,1930.59
PAY000184,POL000284,CUST003683,2024-10-21,paid,cash,1100.75,0.0
PAY000185,POL000285,CUST003417,2026-02-05,scheduled,check,1708.81,1708.81
PAY000186,POL000286,CUST003190,2025-02-14,scheduled,ach,1515.08,1515.08
PAY000187,POL000287,CUST003154,2026-07-06,past_due,other,1287.96,0.0
PAY000188,POL000288,CUST003852,2026-06-19,past_due,ach,135.77,135.77
PAY000189,POL000289,CUST004251,2025-12-12,reversed,card,1829.64,0.0
PAY000190,POL000290,CUST004071,2025-07-27,scheduled,payroll,1424.82,1424.82
PAY000191,POL000291,CUST000260,2024-07-27,paid,ach,1941.58,1941.58
PAY000192,POL000292,CUST004148,2025-07-03,paid,wire,1650.55,1650.55
PAY000193,POL000293,CUST004721,2025-12-24,paid,check,1918.45,1918.45
PAY000194,POL000294,CUST003361,2024-10-10,refunded,ach,342.24,0.0
PAY000195,POL000295,CUST002719,2024-11-18,refunded,check,1438.13,1438.13
PAY000196,POL000296,CUST003155,2024-02-16,paid,wire,1535.62,1535.62
PAY000197,POL000297,CUST001177,2025-04-26,paid,card,659.69,659.69
PAY000198,POL000298,CUST004606,2025-08-12,paid,payroll,593.46,593.46
PAY000199,POL000299,CUST004772,2026-05-27,reversed,cash,309.74,309.74
PAY000200,POL000300,CUST002849,2024-07-25,past_due,payroll,209.49,0.0
PAY000201,POL000301,CUST001859,2025-04-20,past_due,card,306.75,306.75
PAY000202,POL000302,CUST004339,2026-06-16,reversed,cash,1799.31,1799.31
PAY000203,POL000303,CUST001010,2025-06-06,past_due,other,1716.37,1716.37
PAY000204,POL000304,CUST000783,2026-09-06,paid,check,1231.25,0.0
PAY000205,POL000305,CUST002227,2025-02-26,paid,cash,1617.02,1617.02
PAY000206,POL000306,CUST001008,2024-11-22,paid,ach,1039.76,1039.76
PAY000207,POL000307,CUST004975,2026-02-05,refunded,ach,1599.44,0.0
PAY000208,POL000308,CUST004603,2025-03-13,reversed,other,1324.13,1324.13
PAY000209,POL000309,CUST001689,2025-05-11,past_due,cash,1570.45,1570.45
PAY000210,POL000310,CUST004909,2024-06-14,paid,check,1327.39,1327.39
PAY000211,POL000311,CUST003368,2026-02-28,paid,wire,1762.19,0.0
PAY000212,POL000312,CUST003001,2025-02-16,failed,cash,1491.44,1491.44
PAY000213,POL000313,CUST003968,2025-11-28,reversed,other,353.44,0.0
PAY000214,POL000314,CUST004809,2024-10-21,scheduled,other,1134.38,0.0
PAY000215,POL000315,CUST004060,2024-07-15,refunded,check,1910.02,1910.02
PAY000216,POL000316,CUST000876,2025-08-16,reversed,payroll,1214.32,1214.32
PAY000217,POL000317,CUST001293,2026-02-21,paid,payroll,1759.04,1759.04
PAY000218,POL000318,CUST000816,2024-07-27,paid,cash,1450.63,1450.63
PAY000219,POL000319,CUST003935,2026-04-16,past_due,wire,1313.23,1313.23
PAY000220,POL000320,CUST004716,2025-07-27,reversed,check,586.27,0.0
PAY000221,POL000321,CUST002669,2026-01-05,paid,other,985.35,985.35
PAY000222,POL000322,CUST004977,2025-07-29,paid,ach,339.7,339.7
PAY000223,POL000323,CUST003991,2024-02-04,paid,check,1089.62,1089.62
PAY000224,POL000324,CUST001376,2024-03-30,failed,other,1138.38,1138.38
PAY000225,POL000325,CUST000589,2024-08-26,refunded,check,1247.29,0.0
PAY000226,POL000326,CUST003449,2024-10-16,reversed,wire,827.78,827.78
PAY000227,POL000327,CUST003146,2024-06-04,failed,payroll,532.41,532.41
PAY000228,POL000328,CUST003571,2026-05-26,failed,cash,921.37,921.37
PAY000229,POL000329,CUST002875,2024-10-12,paid,check,1398.64,0.0
PAY000230,POL000330,CUST000242,2026-06-03,failed,other,1315.95,1315.95
PAY000231,POL000331,CUST000455,2024-08-21,scheduled,check,645.2,645.2
PAY000232,POL000332,CUST002646,2026-05-28,reversed,cash,516.4,0.0
PAY000233,POL000333,CUST000934,2026-03-04,paid,cash,1641.11,1641.11
PAY000234,POL000334,CUST001366,2024-06-23,refunded,other,1535.66,1535.66
PAY000235,POL000335,CUST000099,2026-05-21,refunded,other,698.69,698.69
PAY000236,POL000336,CUST002728,2024-02-15,paid,card,815.78,815.78
PAY000237,POL000337,CUST003634,2025-07-21,scheduled,card,1644.46,1644.46
PAY000238,POL000338,CUST003050,2025-05-29,paid,check,1823.38,1823.38
PAY000239,POL000339,CUST002850,2026-05-12,paid,cash,1216.86,0.0
PAY000240,POL000340,CUST003060,2024-08-30,paid,wire,1847.33,1847.33
PAY000241,POL000341,CUST001038,2025-07-27,paid,check,844.12,844.12
PAY000242,POL000342,CUST001420,2025-06-05,past_due,cash,1205.05,1205.05
PAY000243,POL000343,CUST002020,2026-03-11,reversed,check,1806.41,1806.41
PAY000244,POL000344,CUST002834,2025-04-20,paid,check,827.24,827.24
PAY000245,POL000345,CUST002976,2024-09-30,failed,payroll,1681.27,1681.27
PAY000246,POL000346,CUST002741,2024-09-25,reversed,wire,1209.96,1209.96
PAY000247,POL000347,CUST002058,2026-09-09,reversed,payroll,898.54,898.54
PAY000248,POL000348,CUST004035,2026-09-07,refunded,cash,480.11,0.0
PAY000249,POL000349,CUST000731,2025-07-18,paid,card,1358.19,0.0
PAY000250,POL000350,CUST003536,2026-03-29,failed,other,192.74,192.74
PAY000251,POL000351,CUST002144,2025-08-02,failed,cash,260.01,260.01
PAY000252,POL000352,CUST000020,2026-08-12,paid,check,1668.19,0.0
PAY000253,POL000353,CUST003627,2025-01-08,paid,payroll,372.8,372.8
PAY000254,POL000354,CUST004552,2026-07-14,paid,card,1397.78,1397.78
PAY000255,POL000355,CUST000979,2024-08-27,paid,cash,1917.33,1917.33
PAY000256,POL000356,CUST004928,2024-07-07,reversed,payroll,1005.95,1005.95
PAY000257,POL000357,CUST004439,2024-06-18,paid,card,824.11,0.0
PAY000258,POL000358,CUST004161,2025-06-14,paid,check,1879.69,1879.69
PAY000259,POL000359,CUST000207,2024-07-11,paid,wire,227.94,227.94
PAY000260,POL000360,CUST000396,2024-11-21,paid,other,1384.64,1384.64
PAY000261,POL000361,CUST003540,2025-08-16,refunded,check,1528.25,1528.25
PAY000262,POL000362,CUST001933,2024-03-29,past_due,card,646.58,0.0
PAY000263,POL000363,CUST001124,2025-04-24,failed,card,748.46,748.46
PAY000264,POL000364,CUST003671,2025-12-28,scheduled,ach,1766.78,1766.78
PAY000265,POL000365,CUST002841,2024-03-30,past_due,payroll,113.84,113.84
PAY000266,POL000366,CUST002192,2026-02-09,refunded,ach,671.59,671.59
PAY000267,POL000367,CUST002630,2025-02-23,paid,wire,646.31,0.0
PAY000268,POL000368,CUST001836,2026-07-29,reversed,cash,876.6,876.6
PAY000269,POL000369,CUST002900,2026-02-24,past_due,cash,1694.99,0.0
PAY000270,POL000370,CUST004197,2024-02-10,scheduled,payroll,533.22,533.22
PAY000271,POL000371,CUST002484,2026-06-21,paid,cash,269.57,0.0
PAY000272,POL000372,CUST000823,2024-07-26,refunded,other,1543.51,0.0
PAY000273,POL000373,CUST004617,2024-08-16,paid,payroll,1185.0,1185.0
PAY000274,POL000374,CUST001853,2024-12-16,reversed,wire,1798.13,1798.13
PAY000275,POL000375,CUST003159,2024-09-29,reversed,payroll,1792.87,1792.87
PAY000276,POL000376,CUST004658,2025-03-18,paid,check,1792.06,1792.06
PAY000277,POL000377,CUST000972,2025-03-28,past_due,ach,1391.99,1391.99
PAY000278,POL000378,CUST002011,2026-06-15,past_due,ach,200.02,200.02
PAY000279,POL000379,CUST002288,2026-03-11,refunded,other,1206.24,1206.24
PAY000280,POL000380,CUST004471,2026-04-14,past_due,other,1491.51,1491.51
PAY000281,POL000381,CUST003139,2025-07-11,refunded,ach,1157.53,1157.53
PAY000282,POL000382,CUST004899,2025-01-05,paid,payroll,1903.96,1903.96
PAY000283,POL000383,CUST003395,2025-06-18,paid,other,330.06,330.06
PAY000284,POL000384,CUST002084,2024-03-07,refunded,payroll,324.67,324.67
PAY000285,POL000385,CUST003853,2025-11-09,paid,ach,371.65,371.65
PAY000286,POL000386,CUST000146,2024-04-26,failed,cash,552.58,552.58
PAY000287,POL000387,CUST004621,2025-07-21,reversed,card,1693.96,1693.96
PAY000288,POL000388,CUST004681,2026-01-10,past_due,check,1450.43,1450.43
PAY000289,POL000389,CUST002274,2025-09-25,scheduled,check,218.28,218.28
PAY000290,POL000390,CUST001778,2024-04-29,paid,cash,1064.62,1064.62
PAY000291,POL000391,CUST003498,2025-08-13,refunded,cash,1459.31,0.0
PAY000292,POL000392,CUST003985,2025-02-23,paid,other,1184.34,1184.34
PAY000293,POL000393,CUST000800,2026-08-23,scheduled,wire,1049.98,1049.98
PAY000294,POL000394,CUST002051,2026-05-21,scheduled,payroll,1687.08,1687.08
PAY000295,POL000395,CUST000696,2024-08-28,paid,check,334.25,334.25
PAY000296,POL000396,CUST002833,2026-04-07,refunded,ach,1295.27,0.0
PAY000297,POL000397,CUST002659,2025-02-19,paid,cash,991.99,0.0
PAY000298,POL000398,CUST001050,2026-01-10,scheduled,payroll,1045.43,0.0
PAY000299,POL000399,CUST002067,2025-07-05,past_due,payroll,1634.78,1634.78
PAY000300,POL000400,CUST004270,2025-01-26,paid,cash,181.71,181.71
PAY000301,POL000401,CUST003539,2025-12-09,paid,cash,525.45,525.45
PAY000302,POL000402,CUST003246,2026-06-11,past_due,wire,1956.46,1956.46
PAY000303,POL000403,CUST001445,2024-01-08,past_due,other,407.17,407.17
PAY000304,POL000404,CUST004121,2024-09-02,failed,cash,411.98,411.98
PAY000305,POL000405,CUST003141,2024-01-06,paid,wire,1091.63,1091.63
PAY000306,POL000406,CUST001978,2026-06-28,past_due,ach,1630.36,0.0
PAY000307,POL000407,CUST000666,2025-03-07,scheduled,card,1101.48,0.0
PAY000308,POL000408,CUST003647,2024-05-16,paid,ach,983.93,0.0
PAY000309,POL000409,CUST004666,2026-03-26,reversed,ach,1112.44,1112.44
PAY000310,POL000410,CUST004704,2025-06-08,paid,payroll,1917.69,1917.69
PAY000311,POL000411,CUST004799,2024-02-21,scheduled,other,1257.84,1257.84
PAY000312,POL000412,CUST003590,2024-03-31,scheduled,other,925.58,925.58
PAY000313,POL000413,CUST002301,2026-01-18,past_due,cash,1284.12,1284.12
PAY000314,POL000414,CUST001612,2024-06-18,paid,payroll,276.76,276.76
PAY000315,POL000415,CUST004610,2024-04-10,paid,wire,1405.11,1405.11
PAY000316,POL000416,CUST004539,2026-09-11,paid,check,1725.4,0.0
PAY000317,POL000417,CUST004507,2024-08-07,paid,check,274.03,0.0
PAY000318,POL000418,CUST002094,2024-08-19,paid,card,51.9,51.9
PAY000319,POL000419,CUST002620,2025-05-16,paid,wire,1125.73,1125.73
PAY000320,POL000420,CUST004774,2026-01-16,scheduled,ach,1952.91,1952.91
PAY000321,POL000421,CUST000115,2024-01-25,failed,payroll,428.4,428.4
PAY000322,POL000422,CUST002893,2024-02-11,paid,cash,874.58,874.58
PAY000323,POL000423,CUST001430,2026-02-11,reversed,cash,1146.41,1146.41
PAY000324,POL000424,CUST001053,2024-02-08,past_due,wire,559.22,559.22
PAY000325,POL000425,CUST002829,2024-04-20,paid,other,867.55,867.55
PAY000326,POL000426,CUST000524,2024-07-24,paid,wire,353.62,353.62
PAY000327,POL000427,CUST001926,2024-02-11,paid,check,1319.59,1319.59
PAY000328,POL000428,CUST004078,2025-12-04,paid,ach,1876.6,1876.6
PAY000329,POL000429,CUST002743,2025-03-10,refunded,card,239.93,239.93
PAY000330,POL000430,CUST004836,2025-08-01,past_due,payroll,536.8,536.8
PAY000331,POL000431,CUST000615,2025-05-27,refunded,card,1361.38,1361.38
PAY000332,POL000432,CUST003383,2026-04-09,reversed,ach,1421.2,1421.2
PAY000333,POL000433,CUST003231,2024-03-19,reversed,cash,449.07,0.0
PAY000334,POL000434,CUST002237,2026-06-07,scheduled,other,1702.93,1702.93
PAY000335,POL000435,CUST001887,2025-12-05,failed,card,1373.59,0.0
PAY000336,POL000436,CUST000414,2025-08-06,paid,card,1697.0,0.0
PAY000337,POL000437,CUST004693,2024-06-17,paid,ach,1411.35,1411.35
PAY000338,POL000438,CUST003111,2025-10-07,scheduled,other,906.75,906.75
PAY000339,POL000439,CUST000767,2025-06-01,past_due,payroll,1695.22,1695.22
PAY000340,POL000440,CUST002438,2024-05-31,past_due,cash,410.72,410.72
PAY000341,POL000441,CUST000590,2026-05-13,reversed,check,1901.45,1901.45
PAY000342,POL000442,CUST001938,2024-07-23,past_due,cash,1378.5,1378.5
PAY000343,POL000443,CUST002443,2025-12-16,paid,other,112.44,0.0
PAY000344,POL000444,CUST000522,2026-04-15,paid,payroll,1004.04,1004.04
PAY000345,POL000445,CUST000136,2025-02-01,failed,wire,58.27,58.27
PAY000346,POL000446,CUST000968,2025-01-24,past_due,ach,1807.76,0.0
PAY000347,POL000447,CUST003649,2026-02-17,refunded,card,284.01,284.01
PAY000348,POL000448,CUST004108,2024-10-02,paid,ach,1243.77,1243.77
PAY000349,POL000449,CUST001601,2024-10-23,refunded,cash,971.02,971.02
PAY000350,POL000450,CUST002990,2025-05-08,paid,payroll,175.27,175.27
PAY000351,POL000451,CUST004880,2024-04-27,paid,ach,1910.19,1910.19
PAY000352,POL000452,CUST000502,2025-09-04,paid,payroll,341.43,341.43
PAY000353,POL000453,CUST001493,2026-01-15,reversed,ach,1720.53,0.0
PAY000354,POL000454,CUST004499,2025-10-22,reversed,payroll,1247.7,1247.7
PAY000355,POL000455,CUST001777,2025-12-20,reversed,ach,1492.69,1492.69
PAY000356,POL000456,CUST004686,2025-01-31,refunded,other,794.56,794.56
PAY000357,POL000457,CUST003560,2026-03-14,paid,wire,999.76,999.76
PAY000358,POL000458,CUST000685,2024-10-02,reversed,payroll,993.36,993.36
PAY000359,POL000459,CUST003068,2026-06-15,paid,ach,568.26,568.26
PAY000360,POL000460,CUST003875,2026-07-13,paid,ach,953.03,953.03
PAY000361,POL000461,CUST003020,2025-03-06,paid,cash,1728.93,1728.93
PAY000362,POL000462,CUST003582,2026-06-17,reversed,ach,754.39,0.0
PAY000363,POL000463,CUST001453,2025-11-30,paid,ach,996.76,996.76
PAY000364,POL000464,CUST003595,2024-08-17,paid,card,1975.28,1975.28
PAY000365,POL000465,CUST004904,2024-09-10,paid,other,461.08,0.0
PAY000366,POL000466,CUST002538,2026-03-27,paid,other,1195.58,1195.58
PAY000367,POL000467,CUST002630,2026-08-04,paid,payroll,280.65,0.0
PAY000368,POL000468,CUST000081,2026-06-23,paid,ach,421.49,421.49
PAY000369,POL000469,CUST000403,2024-03-18,reversed,ach,154.34,0.0
PAY000370,POL000470,CUST002873,2025-11-19,paid,wire,1934.78,1934.78
PAY000371,POL000471,CUST000087,2026-03-07,scheduled,cash,443.25,0.0
PAY000372,POL000472,CUST003445,2024-08-21,paid,cash,51.73,51.73
PAY000373,POL000473,CUST003566,2025-10-03,failed,wire,257.49,257.49
PAY000374,POL000474,CUST003088,2024-10-02,refunded,cash,1584.07,1584.07
PAY000375,POL000475,CUST001797,2024-07-18,refunded,cash,1860.15,1860.15
PAY000376,POL000476,CUST001628,2026-09-01,refunded,payroll,1890.74,1890.74
PAY000377,POL000477,CUST003526,2025-10-20,reversed,card,705.02,705.02
PAY000378,POL000478,CUST001486,2024-03-04,past_due,payroll,1251.71,1251.71
PAY000379,POL000479,CUST002566,2024-12-26,reversed,payroll,1824.57,1824.57
PAY000380,POL000480,CUST000032,2025-08-05,scheduled,payroll,803.97,0.0
PAY000381,POL000481,CUST004618,2025-11-14,paid,ach,1822.81,0.0
PAY000382,POL000482,CUST003988,2024-04-10,past_due,ach,425.63,425.63
PAY000383,POL000483,CUST002598,2025-05-24,paid,wire,446.67,446.67
PAY000384,POL000484,CUST003971,2025-12-15,paid,other,1999.19,1999.19
PAY000385,POL000485,CUST004332,2026-03-28,failed,wire,419.95,419.95
PAY000386,POL000486,CUST004880,2026-08-17,refunded,card,86.93,86.93
PAY000387,POL000487,CUST002005,2024-01-10,refunded,ach,1581.3,0.0
PAY000388,POL000488,CUST004923,2025-09-21,paid,cash,1195.89,1195.89
PAY000389,POL000489,CUST002623,2025-06-22,paid,wire,306.92,306.92
PAY000390,POL000490,CUST001942,2025-09-10,paid,other,1661.08,1661.08
PAY000391,POL000491,CUST004221,2025-02-09,paid,payroll,400.35,400.35
PAY000392,POL000492,CUST000667,2025-09-08,paid,wire,762.07,762.07
PAY000393,POL000493,CUST004037,2025-01-21,past_due,payroll,775.12,775.12
PAY000394,POL000494,CUST001536,2026-07-30,past_due,ach,553.44,0.0
PAY000395,POL000495,CUST002652,2025-08-05,scheduled,check,1116.17,1116.17
PAY000396,POL000496,CUST003112,2024-01-16,past_due,other,346.62,0.0
PAY000397,POL000497,CUST000551,2025-06-08,paid,wire,1142.91,1142.91
PAY000398,POL000498,CUST001030,2025-04-18,paid,other,468.54,468.54
PAY000399,POL000499,CUST001920,2025-01-06,paid,cash,1749.15,1749.15
PAY000400,POL000500,CUST001596,2026-05-28,reversed,other,549.82,549.82
PAY000401,POL000501,CUST004795,2025-10-19,paid,other,1246.15,0.0
PAY000402,POL000502,CUST000984,2025-04-20,paid,payroll,462.65,462.65
PAY000403,POL000503,CUST002665,2025-01-15,paid,card,394.31,0.0
PAY000404,POL000504,CUST003901,2024-07-20,past_due,cash,1789.98,0.0
PAY000405,POL000505,CUST004760,2026-02-14,paid,card,408.98,408.98
PAY000406,POL000506,CUST004664,2024-11-09,reversed,wire,1983.91,1983.91
PAY000407,POL000507,CUST002745,2025-07-28,paid,card,623.58,0.0
PAY000408,POL000508,CUST002981,2024-09-11,past_due,payroll,590.15,590.15
PAY000409,POL000509,CUST004996,2025-06-01,paid,cash,1919.96,1919.96
PAY000410,POL000510,CUST001895,2026-08-18,scheduled,card,222.7,222.7
PAY000411,POL000511,CUST001298,2025-11-12,scheduled,ach,487.01,487.01
PAY000412,POL000512,CUST000643,2025-05-01,paid,other,1339.59,1339.59
PAY000413,POL000513,CUST002618,2024-02-10,paid,payroll,1002.56,1002.56
PAY000414,POL000514,CUST002587,2024-12-13,paid,payroll,1904.47,1904.47
PAY000415,POL000515,CUST000281,2026-09-03,paid,card,1232.56,1232.56
PAY000416,POL000516,CUST002584,2026-04-22,paid,check,1801.69,1801.69
PAY000417,POL000517,CUST003211,2024-06-09,paid,card,1858.15,0.0
PAY000418,POL000518,CUST003039,2026-07-16,paid,cash,802.0,0.0
PAY000419,POL000519,CUST001556,2024-10-11,past_due,ach,779.07,779.07
PAY000420,POL000520,CUST001053,2024-07-03,past_due,card,1836.08,1836.08
PAY000421,POL000521,CUST000231,2024-12-18,past_due,other,1153.06,1153.06
PAY000422,POL000522,CUST001839,2024-12-08,scheduled,ach,784.58,0.0
PAY000423,POL000523,CUST004699,2026-05-13,paid,other,1612.24,0.0
PAY000424,POL000524,CUST000021,2024-03-04,failed,other,684.28,684.28
PAY000425,POL000525,CUST001768,2026-06-23,refunded,check,1848.87,1848.87
PAY000426,POL000526,CUST003483,2025-06-12,paid,check,207.09,207.09
PAY000427,POL000527,CUST001630,2024-06-09,paid,wire,433.02,433.02
PAY000428,POL000528,CUST003270,2024-03-13,scheduled,cash,1272.0,1272.0
PAY000429,POL000529,CUST003678,2024-12-15,reversed,check,1524.8,1524.8
PAY000430,POL000530,CUST003621,2024-03-28,past_due,card,1185.01,1185.01
PAY000431,POL000531,CUST001466,2024-04-02,paid,wire,576.32,0.0
PAY000432,POL000532,CUST000212,2024-09-14,reversed,wire,322.56,322.56
PAY000433,POL000533,CUST001731,2026-02-01,scheduled,payroll,1712.01,0.0
PAY000434,POL000534,CUST001221,2026-09-04,paid,ach,553.76,0.0
PAY000435,POL000535,CUST002346,2024-02-05,paid,wire,304.21,304.21
PAY000436,POL000536,CUST000958,2025-04-18,refunded,payroll,1595.33,0.0
PAY000437,POL000537,CUST000939,2024-10-16,failed,wire,1995.45,1995.45
PAY000438,POL000538,CUST000732,2024-06-18,paid,wire,1655.1,1655.1
PAY000439,POL000539,CUST002919,2024-04-19,failed,check,778.64,0.0
PAY000440,POL000540,CUST002465,2026-05-17,reversed,payroll,599.98,0.0
PAY000441,POL000541,CUST000190,2026-04-30,refunded,other,100.21,100.21
PAY000442,POL000542,CUST002522,2024-07-10,past_due,payroll,1025.97,0.0
PAY000443,POL000543,CUST004147,2024-10-15,paid,check,1270.87,0.0
PAY000444,POL000544,CUST001783,2025-03-28,paid,check,299.27,299.27
PAY000445,POL000545,CUST002665,2024-09-14,refunded,wire,566.75,566.75
PAY000446,POL000546,CUST001931,2026-05-06,refunded,card,852.56,852.56
PAY000447,POL000547,CUST003334,2024-09-21,refunded,card,312.91,312.91
PAY000448,POL000548,CUST000286,2024-01-28,scheduled,check,1515.66,1515.66
PAY000449,POL000549,CUST004507,2025-01-07,scheduled,cash,1571.31,0.0
PAY000450,POL000550,CUST001358,2024-07-19,paid,other,1887.89,1887.89
PAY000451,POL000551,CUST003585,2025-03-22,refunded,cash,77.6,77.6
PAY000452,POL000552,CUST004079,2024-02-02,paid,payroll,1063.82,0.0
PAY000453,POL000553,CUST003329,2024-07-02,reversed,other,984.52,0.0
PAY000454,POL000554,CUST004470,2024-07-22,paid,payroll,920.26,920.26
PAY000455,POL000555,CUST002989,2024-10-20,paid,cash,282.46,282.46
PAY000456,POL000556,CUST003155,2026-07-29,past_due,other,1547.26,1547.26
PAY000457,POL000557,CUST001795,2026-04-04,failed,check,1283.53,1283.53
PAY000458,POL000558,CUST001411,2025-07-07,reversed,payroll,311.0,0.0
PAY000459,POL000559,CUST004788,2026-07-24,past_due,check,502.98,502.98
PAY000460,POL000560,CUST004621,2026-06-10,paid,other,786.92,786.92
PAY000461,POL000561,CUST001897,2025-07-10,paid,card,626.26,626.26
PAY000462,POL000562,CUST003476,2024-01-04,past_due,wire,715.21,715.21
PAY000463,POL000563,CUST002069,2026-03-24,reversed,card,745.98,0.0
PAY000464,POL000564,CUST000859,2024-07-19,failed,payroll,1648.68,1648.68
PAY000465,POL000565,CUST004098,2024-07-18,failed,card,688.22,0.0
PAY000466,POL000566,CUST002342,2026-08-02,reversed,ach,1769.24,0.0
PAY000467,POL000567,CUST003793,2024-03-24,failed,payroll,1553.56,0.0
PAY000468,POL000568,CUST001107,2024-05-26,failed,payroll,366.46,366.46
PAY000469,POL000569,CUST004868,2026-08-21,paid,card,85.73,0.0
PAY000470,POL000570,CUST003416,2025-07-17,scheduled,ach,1102.62,1102.62
PAY000471,POL000571,CUST002143,2025-06-05,refunded,wire,1588.91,1588.91
PAY000472,POL000572,CUST001016,2024-08-20,scheduled,card,1228.38,1228.38
PAY000473,POL000573,CUST003158,2024-01-09,paid,cash,1237.25,1237.25
PAY000474,POL000574,CUST000724,2024-11-07,refunded,cash,293.96,0.0
PAY000475,POL000575,CUST000073,2025-11-02,failed,cash,796.58,796.58
PAY000476,POL000576,CUST002966,2025-09-28,paid,wire,1940.79,1940.79
PAY000477,POL000577,CUST004434,2026-07-22,failed,card,782.52,782.52
PAY000478,POL000578,CUST004306,2025-05-06,paid,cash,1066.58,1066.58
PAY000479,POL000579,CUST003206,2025-04-25,reversed,ach,1846.79,1846.79
PAY000480,POL000580,CUST001736,2024-09-11,refunded,ach,1453.0,1453.0
PAY000481,POL000581,CUST003850,2024-01-20,refunded,ach,1888.76,1888.76
PAY000482,POL000582,CUST003664,2026-08-27,scheduled,wire,1408.49,0.0
PAY000483,POL000583,CUST002751,2026-07-22,scheduled,cash,369.46,369.46
PAY000484,POL000584,CUST004403,2025-12-18,scheduled,card,1535.41,1535.41
PAY000485,POL000585,CUST001238,2024-12-24,paid,cash,506.26,0.0
PAY000486,POL000586,CUST001649,2026-03-28,refunded,check,588.99,588.99
PAY000487,POL000587,CUST003304,2025-03-27,paid,ach,163.73,163.73
PAY000488,POL000588,CUST002707,2026-06-29,past_due,check,1452.21,1452.21
PAY000489,POL000589,CUST001715,2024-08-03,refunded,other,712.07,712.07
PAY000490,POL000590,CUST001691,2026-06-09,scheduled,wire,779.43,779.43
PAY000491,POL000591,CUST002478,2025-06-16,failed,check,141.64,141.64
PAY000492,POL000592,CUST000835,2025-07-24,refunded,payroll,221.88,221.88
PAY000493,POL000593,CUST002291,2025-07-16,reversed,card,1917.07,1917.07
PAY000494,POL000594,CUST000977,2025-02-28,reversed,card,1244.63,1244.63
PAY000495,POL000595,CUST000590,2025-10-14,reversed,wire,702.28,702.28
PAY000496,POL000596,CUST004458,2025-03-21,scheduled,wire,1071.42,1071.42
PAY000497,POL000597,CUST002602,2025-08-05,paid,payroll,386.18,386.18
PAY000498,POL000598,CUST003443,2025-11-23,reversed,cash,1549.29,0.0
PAY000499,POL000599,CUST003254,2024-06-26,failed,ach,470.24,470.24
PAY000500,POL000600,CUST002548,2025-11-12,scheduled,payroll,1331.95,1331.95
PAY000501,POL000601,CUST002760,2025-01-11,scheduled,other,856.58,0.0
PAY000502,POL000602,CUST003492,2024-11-08,paid,check,505.82,505.82
PAY000503,POL000603,CUST003407,2024-10-14,paid,card,1507.22,1507.22
PAY000504,POL000604,CUST003933,2024-12-08,failed,payroll,256.38,256.38
PAY000505,POL000605,CUST004289,2024-03-15,paid,cash,1465.47,1465.47
PAY000506,POL000606,CUST001507,2026-03-25,scheduled,ach,1862.26,1862.26
PAY000507,POL000607,CUST004370,2025-10-03,scheduled,wire,206.3,206.3
PAY000508,POL000608,CUST001344,2025-07-05,paid,ach,1729.25,1729.25
PAY000509,POL000609,CUST001606,2026-08-02,paid,payroll,324.78,324.78
PAY000510,POL000610,CUST004740,2024-03-11,scheduled,payroll,1892.7,0.0
PAY000511,POL000611,CUST000427,2026-07-28,past_due,wire,413.92,0.0
PAY000512,POL000612,CUST001453,2024-10-16,past_due,wire,1081.54,1081.54
PAY000513,POL000613,CUST003678,2025-08-27,refunded,wire,1858.29,1858.29
PAY000514,POL000614,CUST001379,2026-06-25,paid,cash,539.8,539.8
PAY000515,POL000615,CUST001251,2024-02-06,paid,card,1430.14,1430.14
PAY000516,POL000616,CUST001431,2024-06-24,paid,payroll,1237.74,1237.74
PAY000517,POL000617,CUST002039,2025-04-15,failed,cash,1705.23,0.0
PAY000518,POL000618,CUST000699,2025-01-24,paid,cash,1284.59,1284.59
PAY000519,POL000619,CUST003724,2024-08-09,paid,cash,1999.37,1999.37
PAY000520,POL000620,CUST002209,2024-05-13,past_due,payroll,1137.6,0.0
PAY000521,POL000621,CUST002871,2025-08-01,past_due,ach,213.25,213.25
PAY000522,POL000622,CUST002755,2024-01-08,refunded,cash,1832.48,1832.48
PAY000523,POL000623,CUST004095,2025-08-09,scheduled,check,260.15,260.15
PAY000524,POL000624,CUST000947,2025-11-09,paid,card,618.51,618.51
PAY000525,POL000625,CUST002971,2024-11-15,failed,ach,1255.77,1255.77
PAY000526,POL000626,CUST000902,2025-03-23,paid,payroll,100.31,100.31
PAY000527,POL000627,CUST000947,2025-06-30,paid,wire,592.9,592.9
PAY000528,POL000628,CUST001638,2026-07-01,refunded,other,103.33,103.33
PAY000529,POL000629,CUST001427,2024-12-29,refunded,check,1659.67,1659.67
PAY000530,POL000630,CUST003177,2025-07-16,reversed,payroll,804.63,0.0
PAY000531,POL000631,CUST001858,2025-10-05,refunded,other,183.84,183.84
PAY000532,POL000632,CUST001280,2025-07-18,paid,check,1394.9,1394.9
PAY000533,POL000633,CUST000992,2026-03-26,paid,payroll,1036.81,1036.81
PAY000534,POL000634,CUST000903,2024-09-02,reversed,other,1440.71,1440.71
PAY000535,POL000635,CUST004899,2025-12-12,reversed,payroll,1618.84,1618.84
PAY000536,POL000636,CUST003613,2026-05-08,reversed,wire,722.01,722.01
PAY000537,POL000637,CUST002989,2024-08-03,scheduled,wire,906.84,906.84
PAY000538,POL000638,CUST001492,2026-02-01,paid,ach,1431.79,1431.79
PAY000539,POL000639,CUST001522,2026-06-12,scheduled,card,1108.55,1108.55
PAY000540,POL000640,CUST003394,2024-04-03,reversed,check,1266.03,1266.03
PAY000541,POL000641,CUST001584,2024-02-27,paid,cash,1570.33,0.0
PAY000542,POL000642,CUST004752,2024-03-10,reversed,card,1272.17,1272.17
PAY000543,POL000643,CUST001053,2024-04-01,scheduled,check,524.1,524.1
PAY000544,POL000644,CUST002850,2025-02-03,reversed,wire,944.39,944.39
PAY000545,POL000645,CUST004282,2026-04-05,paid,wire,231.35,231.35
PAY000546,POL000646,CUST004538,2025-11-07,refunded,card,1713.55,1713.55
PAY000547,POL000647,CUST000929,2025-08-21,paid,check,1094.86,1094.86
PAY000548,POL000648,CUST002399,2026-03-28,failed,other,740.41,740.41
PAY000549,POL000649,CUST003602,2024-09-03,scheduled,payroll,1913.1,1913.1
PAY000550,POL000650,CUST002161,2024-10-04,scheduled,wire,643.77,0.0
PAY000551,POL000651,CUST002542,2025-09-09,past_due,other,226.23,0.0
PAY000552,POL000652,CUST000041,2025-11-13,reversed,cash,765.97,0.0
PAY000553,POL000653,CUST003304,2024-05-21,scheduled,check,1231.15,1231.15
PAY000554,POL000654,CUST000302,2026-04-21,reversed,wire,69.3,69.3
PAY000555,POL000655,CUST000742,2026-04-19,scheduled,check,540.36,0.0
PAY000556,POL000656,CUST000243,2024-12-22,paid,wire,761.44,0.0
PAY000557,POL000657,CUST003457,2024-04-06,paid,ach,1665.84,1665.84
PAY000558,POL000658,CUST002599,2024-02-10,past_due,wire,1356.05,1356.05
PAY000559,POL000659,CUST001217,2025-05-14,past_due,payroll,1414.01,0.0
PAY000560,POL000660,CUST001414,2025-01-23,reversed,check,379.43,379.43
PAY000561,POL000661,CUST003876,2026-07-30,paid,ach,995.49,995.49
PAY000562,POL000662,CUST004327,2026-01-13,scheduled,payroll,1407.05,1407.05
PAY000563,POL000663,CUST002408,2024-04-18,paid,wire,1346.59,1346.59
PAY000564,POL000664,CUST002144,2025-10-29,past_due,cash,1868.24,0.0
PAY000565,POL000665,CUST002769,2025-07-21,refunded,payroll,1362.5,1362.5
PAY000566,POL000666,CUST001204,2025-07-01,reversed,other,652.28,652.28
PAY000567,POL000667,CUST001914,2026-09-02,refunded,card,975.0,975.0
PAY000568,POL000668,CUST000277,2025-04-29,paid,other,1602.79,1602.79
PAY000569,POL000669,CUST001747,2025-12-25,paid,other,297.96,297.96
PAY000570,POL000670,CUST001984,2024-11-21,reversed,card,1822.84,1822.84
PAY000571,POL000671,CUST000373,2024-01-01,past_due,other,418.69,418.69
PAY000572,POL000672,CUST003079,2025-12-07,paid,other,1609.79,0.0
PAY000573,POL000673,CUST000113,2025-03-15,scheduled,check,615.34,615.34
PAY000574,POL000674,CUST004002,2026-01-20,past_due,check,1338.21,1338.21
PAY000575,POL000675,CUST004987,2024-12-19,refunded,check,1708.6,1708.6
PAY000576,POL000676,CUST003495,2026-04-27,failed,other,370.58,370.58
PAY000577,POL000677,CUST000627,2026-04-22,paid,cash,1807.87,1807.87
PAY000578,POL000678,CUST000034,2024-11-02,past_due,card,1547.19,1547.19
PAY000579,POL000679,CUST000947,2025-02-21,paid,wire,1069.57,1069.57
PAY000580,POL000680,CUST000147,2025-06-28,paid,other,375.93,0.0
PAY000581,POL000681,CUST002903,2024-10-11,refunded,ach,1555.67,1555.67
PAY000582,POL000682,CUST004347,2025-08-21,failed,other,1257.37,1257.37
PAY000583,POL000683,CUST001684,2026-02-05,failed,payroll,156.13,156.13
PAY000584,POL000684,CUST003490,2025-09-27,refunded,check,1486.43,1486.43
PAY000585,POL000685,CUST000289,2024-03-23,paid,card,1823.59,1823.59
PAY000586,POL000686,CUST003998,2026-03-15,paid,wire,168.92,168.92
PAY000587,POL000687,CUST000442,2025-01-30,refunded,payroll,798.96,798.96
PAY000588,POL000688,CUST000965,2024-04-20,paid,cash,1039.65,0.0
PAY000589,POL000689,CUST001313,2024-08-09,scheduled,payroll,1096.75,1096.75
PAY000590,POL000690,CUST001123,2026-07-23,paid,ach,267.78,0.0
PAY000591,POL000691,CUST003514,2026-08-07,past_due,wire,1169.11,1169.11
PAY000592,POL000692,CUST002140,2024-11-09,refunded,check,756.41,756.41
PAY000593,POL000693,CUST004052,2025-06-25,paid,cash,1500.48,0.0
PAY000594,POL000694,CUST004015,2026-05-18,failed,ach,1013.17,0.0
PAY000595,POL000695,CUST002536,2025-12-31,reversed,card,1105.1,1105.1
PAY000596,POL000696,CUST004866,2024-06-06,failed,other,1436.62,1436.62
PAY000597,POL000697,CUST002356,2024-01-08,refunded,wire,742.4,742.4
PAY000598,POL000698,CUST001114,2025-12-30,paid,ach,813.11,813.11
PAY000599,POL000699,CUST004708,2025-01-29,failed,ach,1600.64,1600.64
PAY000600,POL000700,CUST001493,2025-12-23,failed,ach,699.49,699.49
PAY000601,POL000701,CUST004265,2026-05-22,scheduled,wire,976.47,0.0
PAY000602,POL000702,CUST001218,2025-12-10,scheduled,cash,1713.37,1713.37
PAY000603,POL000703,CUST001700,2026-06-29,paid,check,582.28,582.28
PAY000604,POL000704,CUST000364,2025-11-13,paid,wire,1008.51,0.0
PAY000605,POL000705,CUST002363,2026-01-05,paid,wire,995.7,995.7
PAY000606,POL000706,CUST001034,2026-01-20,failed,check,1682.05,1682.05
PAY000607,POL000707,CUST002043,2025-01-23,paid,cash,1819.51,0.0
PAY000608,POL000708,CUST004715,2025-02-03,failed,payroll,1640.38,1640.38
PAY000609,POL000709,CUST000098,2024-05-30,paid,ach,464.56,464.56
PAY000610,POL000710,CUST001389,2026-04-09,paid,other,1761.21,1761.21
PAY000611,POL000711,CUST003079,2026-03-27,paid,card,358.48,358.48
PAY000612,POL000712,CUST003051,2024-05-24,refunded,check,617.7,0.0
PAY000613,POL000713,CUST002471,2024-02-02,past_due,cash,1078.85,1078.85
PAY000614,POL000714,CUST001617,2024-10-29,refunded,check,631.88,631.88
PAY000615,POL000715,CUST001895,2024-03-03,scheduled,cash,1504.96,1504.96
PAY000616,POL000716,CUST002050,2026-01-11,past_due,other,1494.53,1494.53
PAY000617,POL000717,CUST000256,2024-04-21,paid,wire,1067.26,1067.26
PAY000618,POL000718,CUST002638,2025-12-09,paid,ach,1833.56,1833.56
PAY000619,POL000719,CUST004521,2024-11-22,scheduled,wire,685.82,685.82
PAY000620,POL000720,CUST001468,2024-04-30,paid,card,536.56,536.56
PAY000621,POL000721,CUST001117,2024-12-04,scheduled,cash,913.27,913.27
PAY000622,POL000722,CUST002791,2025-12-27,paid,cash,433.53,433.53
PAY000623,POL000723,CUST003492,2026-05-17,reversed,payroll,1508.25,0.0
PAY000624,POL000724,CUST000273,2026-05-13,past_due,card,454.97,0.0
PAY000625,POL000725,CUST004043,2025-03-20,paid,ach,467.78,467.78
PAY000626,POL000726,CUST004695,2025-04-04,paid,wire,1504.37,0.0
PAY000627,POL000727,CUST004836,2024-04-25,reversed,card,1522.63,1522.63
PAY000628,POL000728,CUST000935,2025-01-09,paid,check,772.83,772.83
PAY000629,POL000729,CUST000633,2026-07-20,paid,wire,834.32,834.32
PAY000630,POL000730,CUST001731,2025-01-08,paid,check,463.21,463.21
PAY000631,POL000731,CUST000120,2025-06-26,past_due,ach,669.1,669.1
PAY000632,POL000732,CUST000791,2024-02-12,past_due,check,387.51,387.51
PAY000633,POL000733,CUST003536,2026-06-29,paid,other,1485.95,0.0
PAY000634,POL000734,CUST002632,2024-06-25,paid,card,1310.46,1310.46
PAY000635,POL000735,CUST004964,2026-02-04,scheduled,card,1253.41,1253.41
PAY000636,POL000736,CUST000981,2024-09-27,paid,ach,1289.89,1289.89
PAY000637,POL000737,CUST003906,2026-06-11,failed,payroll,93.6,93.6
PAY000638,POL000738,CUST002629,2026-02-01,reversed,card,652.61,652.61
PAY000639,POL000739,CUST002155,2026-06-03,paid,ach,1982.92,0.0
PAY000640,POL000740,CUST004413,2025-12-02,paid,wire,1560.38,0.0
PAY000641,POL000741,CUST002578,2024-09-20,scheduled,check,1742.64,1742.64
PAY000642,POL000742,CUST003031,2024-12-03,reversed,payroll,380.04,380.04
PAY000643,POL000743,CUST001428,2026-03-26,failed,wire,512.59,512.59
PAY000644,POL000744,CUST004889,2025-06-02,failed,cash,1971.19,0.0
PAY000645,POL000745,CUST002110,2026-06-03,paid,cash,1781.48,1781.48
PAY000646,POL000746,CUST004415,2025-05-12,failed,payroll,1571.13,1571.13
PAY000647,POL000747,CUST002227,2024-06-28,paid,cash,1709.94,1709.94
PAY000648,POL000748,CUST000402,2024-01-19,refunded,check,1725.44,1725.44
PAY000649,POL000749,CUST002088,2025-06-21,failed,card,1199.9,0.0
PAY000650,POL000750,CUST001729,2026-03-24,failed,ach,1681.62,1681.62
PAY000651,POL000751,CUST003329,2024-03-21,paid,check,1090.85,1090.85
PAY000652,POL000752,CUST003247,2025-09-04,past_due,card,681.84,681.84
PAY000653,POL000753,CUST001577,2026-07-27,refunded,ach,476.0,476.0
PAY000654,POL000754,CUST004155,2025-04-05,refunded,card,302.81,302.81
PAY000655,POL000755,CUST003055,2026-05-31,scheduled,other,1315.88,0.0
PAY000656,POL000756,CUST002526,2026-06-18,scheduled,wire,1063.26,1063.26
PAY000657,POL000757,CUST000579,2025-10-01,paid,check,1674.86,1674.86
PAY000658,POL000758,CUST003941,2026-06-14,paid,wire,1452.4,1452.4
PAY000659,POL000759,CUST001874,2026-03-06,reversed,ach,441.22,0.0
PAY000660,POL000760,CUST000475,2026-05-11,refunded,card,509.11,509.11
PAY000661,POL000761,CUST002081,2026-05-11,paid,check,367.2,0.0
PAY000662,POL000762,CUST004138,2025-12-22,paid,cash,1058.73,1058.73
PAY000663,POL000763,CUST004443,2024-03-15,refunded,check,984.92,984.92
PAY000664,POL000764,CUST001984,2024-05-09,failed,other,1327.47,1327.47
PAY000665,POL000765,CUST004880,2024-12-13,paid,cash,50.44,0.0
PAY000666,POL000766,CUST002660,2024-05-25,reversed,card,1007.11,1007.11
PAY000667,POL000767,CUST004713,2025-03-12,paid,wire,775.46,775.46
PAY000668,POL000768,CUST004460,2025-11-19,paid,card,377.07,0.0
PAY000669,POL000769,CUST002370,2025-05-24,paid,payroll,422.88,422.88
PAY000670,POL000770,CUST003905,2024-05-19,paid,payroll,1218.38,1218.38
PAY000671,POL000771,CUST002087,2024-06-09,past_due,card,795.52,795.52
PAY000672,POL000772,CUST002635,2026-06-05,past_due,card,51.04,0.0
PAY000673,POL000773,CUST003724,2024-01-25,past_due,wire,223.17,223.17
PAY000674,POL000774,CUST003566,2025-07-27,past_due,other,1435.85,1435.85
PAY000675,POL000775,CUST000669,2026-01-13,past_due,cash,1464.03,0.0
PAY000676,POL000776,CUST002074,2025-10-15,refunded,cash,990.2,990.2
PAY000677,POL000777,CUST003566,2025-03-13,past_due,check,1438.79,1438.79
PAY000678,POL000778,CUST002909,2024-05-13,past_due,check,772.52,772.52
PAY000679,POL000779,CUST003071,2024-08-06,reversed,ach,427.19,427.19
PAY000680,POL000780,CUST004844,2024-09-24,reversed,cash,445.93,445.93
PAY000681,POL000781,CUST003649,2025-01-28,paid,cash,1914.68,1914.68
PAY000682,POL000782,CUST003835,2024-12-22,failed,other,1169.99,1169.99
PAY000683,POL000783,CUST002949,2024-11-14,paid,ach,1827.61,0.0
PAY000684,POL000784,CUST004410,2024-01-10,paid,card,1167.82,1167.82
PAY000685,POL000785,CUST001774,2025-08-29,paid,wire,909.92,909.92
PAY000686,POL000786,CUST002758,2025-01-26,paid,cash,1757.71,0.0
PAY000687,POL000787,CUST002772,2026-07-01,scheduled,payroll,375.85,375.85
PAY000688,POL000788,CUST004631,2024-01-21,refunded,payroll,1926.95,0.0
PAY000689,POL000789,CUST003852,2024-03-08,past_due,cash,1042.14,1042.14
PAY000690,POL000790,CUST004685,2026-03-26,paid,payroll,1803.99,1803.99
PAY000691,POL000791,CUST004550,2026-02-15,paid,wire,1940.63,1940.63
PAY000692,POL000792,CUST000188,2025-05-06,refunded,cash,1105.89,1105.89
PAY000693,POL000793,CUST001536,2025-12-18,reversed,cash,294.49,294.49
PAY000694,POL000794,CUST001413,2025-08-23,paid,ach,1402.28,0.0
PAY000695,POL000795,CUST002953,2024-02-10,refunded,card,1321.79,1321.79
PAY000696,POL000796,CUST003542,2025-12-07,failed,wire,1304.71,1304.71
PAY000697,POL000797,CUST002098,2026-03-20,paid,wire,1130.02,1130.02
PAY000698,POL000798,CUST000530,2024-05-16,scheduled,wire,504.66,504.66
PAY000699,POL000799,CUST000178,2024-09-13,failed,payroll,207.38,0.0
PAY000700,POL000800,CUST002821,2024-03-30,paid,check,92.49,92.49
PAY000701,POL000801,CUST003903,2025-04-23,refunded,card,841.78,841.78
PAY000702,POL000802,CUST003918,2024-07-30,scheduled,cash,651.21,651.21
PAY000703,POL000803,CUST002523,2025-12-02,refunded,ach,1690.03,0.0
PAY000704,POL000804,CUST003935,2025-09-26,past_due,wire,1870.58,1870.58
PAY000705,POL000805,CUST001439,2025-01-05,reversed,ach,1567.93,1567.93
PAY000706,POL000806,CUST000740,2026-02-01,past_due,wire,1722.59,1722.59
PAY000707,POL000807,CUST001430,2024-11-18,scheduled,card,1880.35,0.0
PAY000708,POL000808,CUST000877,2025-10-10,past_due,ach,138.49,138.49
PAY000709,POL000809,CUST002927,2025-01-27,paid,other,1013.61,1013.61
PAY000710,POL000810,CUST001545,2026-07-14,paid,check,466.19,466.19
PAY000711,POL000811,CUST004938,2024-10-24,refunded,payroll,130.65,130.65
PAY000712,POL000812,CUST004702,2025-05-25,paid,wire,723.65,0.0
PAY000713,POL000813,CUST002927,2025-04-02,refunded,payroll,864.55,0.0
PAY000714,POL000814,CUST003154,2024-08-26,paid,other,593.77,593.77
PAY000715,POL000815,CUST002659,2026-03-19,refunded,cash,1632.89,0.0
PAY000716,POL000816,CUST003891,2026-03-23,past_due,wire,1039.19,1039.19
PAY000717,POL000817,CUST003286,2024-11-20,failed,check,1177.85,1177.85
PAY000718,POL000818,CUST001294,2025-12-22,paid,payroll,1606.18,1606.18
PAY000719,POL000819,CUST002501,2024-04-02,failed,card,1716.48,1716.48
PAY000720,POL000820,CUST004575,2025-04-03,past_due,other,1593.9,1593.9
PAY000721,POL000821,CUST004314,2025-02-02,past_due,ach,752.64,752.64
PAY000722,POL000822,CUST003574,2024-04-09,failed,card,1079.27,1079.27
PAY000723,POL000823,CUST004411,2025-06-10,failed,card,721.64,0.0
PAY000724,POL000824,CUST001355,2025-12-17,scheduled,payroll,684.12,0.0
PAY000725,POL000825,CUST002308,2025-03-07,past_due,wire,1810.94,0.0
PAY000726,POL000826,CUST000412,2024-12-23,paid,payroll,1717.12,1717.12
PAY000727,POL000827,CUST000066,2025-05-14,scheduled,payroll,706.68,706.68
PAY000728,POL000828,CUST002036,2024-08-27,paid,wire,1929.8,1929.8
PAY000729,POL000829,CUST000817,2025-03-03,past_due,cash,1198.2,1198.2
PAY000730,POL000830,CUST000647,2026-02-08,paid,cash,1103.48,1103.48
PAY000731,POL000831,CUST000249,2024-07-15,refunded,payroll,99.81,99.81
PAY000732,POL000832,CUST001846,2026-06-10,paid,cash,840.96,840.96
PAY000733,POL000833,CUST000538,2024-02-04,paid,payroll,491.75,491.75
PAY000734,POL000834,CUST003695,2026-03-07,refunded,other,1310.63,0.0
PAY000735,POL000835,CUST000850,2024-12-27,paid,cash,1846.61,1846.61
PAY000736,POL000836,CUST004879,2026-05-22,paid,wire,1350.52,1350.52
PAY000737,POL000837,CUST002371,2024-05-26,paid,cash,203.17,203.17
PAY000738,POL000838,CUST001295,2025-12-20,paid,check,1054.74,1054.74
PAY000739,POL000839,CUST001710,2026-06-03,refunded,ach,994.2,994.2
PAY000740,POL000840,CUST000435,2024-09-08,refunded,payroll,1387.16,1387.16
PAY000741,POL000841,CUST004445,2026-09-13,paid,wire,1870.36,1870.36
PAY000742,POL000842,CUST004564,2025-02-14,reversed,payroll,1214.79,1214.79
PAY000743,POL000843,CUST002588,2024-05-03,paid,wire,890.55,890.55
PAY000744,POL000844,CUST003330,2024-04-22,refunded,other,1644.19,1644.19
PAY000745,POL000845,CUST002245,2025-11-01,refunded,ach,769.95,769.95
PAY000746,POL000846,CUST002682,2026-01-17,failed,wire,1295.68,1295.68
PAY000747,POL000847,CUST000068,2026-04-01,paid,check,552.05,552.05
PAY000748,POL000848,CUST000467,2025-05-07,paid,payroll,711.53,711.53
PAY000749,POL000849,CUST000899,2025-11-07,past_due,wire,466.81,466.81
PAY000750,POL000850,CUST004246,2025-04-20,reversed,card,950.48,950.48
PAY000751,POL000851,CUST004572,2024-02-18,paid,payroll,1389.39,1389.39
PAY000752,POL000852,CUST000620,2026-08-09,past_due,ach,73.7,73.7
PAY000753,POL000853,CUST001396,2025-03-01,past_due,cash,573.45,573.45
PAY000754,POL000854,CUST002152,2024-02-06,paid,wire,841.21,0.0
PAY000755,POL000855,CUST002286,2025-11-25,refunded,check,1134.2,1134.2
PAY000756,POL000856,CUST003313,2025-10-29,reversed,wire,56.5,56.5
PAY000757,POL000857,CUST000358,2026-03-13,paid,wire,164.57,0.0
PAY000758,POL000858,CUST001449,2026-03-18,failed,cash,258.1,0.0
PAY000759,POL000859,CUST001172,2025-06-12,failed,check,1297.0,1297.0
PAY000760,POL000860,CUST001228,2026-06-30,paid,payroll,1013.16,1013.16
PAY000761,POL000861,CUST000087,2024-11-15,paid,wire,551.39,0.0
PAY000762,POL000862,CUST002949,2025-11-13,paid,cash,1007.57,1007.57
PAY000763,POL000863,CUST003830,2025-10-15,paid,other,645.53,645.53
PAY000764,POL000864,CUST003761,2024-07-31,paid,wire,1532.6,1532.6
PAY000765,POL000865,CUST000659,2025-12-07,paid,wire,1195.61,1195.61
PAY000766,POL000866,CUST004399,2025-08-29,refunded,card,988.27,988.27
PAY000767,POL000867,CUST001467,2025-06-17,failed,card,931.83,931.83
PAY000768,POL000868,CUST003506,2026-07-31,scheduled,card,924.43,0.0
PAY000769,POL000869,CUST001076,2025-03-13,reversed,check,1404.93,1404.93
PAY000770,POL000870,CUST001906,2024-11-11,paid,other,1519.9,1519.9
PAY000771,POL000871,CUST004849,2026-01-05,refunded,cash,1821.8,1821.8
PAY000772,POL000872,CUST002979,2026-03-14,paid,card,1621.04,0.0
PAY000773,POL000873,CUST003800,2025-06-20,past_due,wire,714.81,0.0
PAY000774,POL000874,CUST000369,2024-12-16,paid,payroll,1269.99,1269.99
PAY000775,POL000875,CUST003204,2025-07-29,failed,wire,825.49,825.49
PAY000776,POL000876,CUST001445,2026-06-15,reversed,cash,90.59,90.59
PAY000777,POL000877,CUST000499,2024-11-01,past_due,card,674.3,0.0
PAY000778,POL000878,CUST004422,2026-02-14,paid,check,1150.9,1150.9
PAY000779,POL000879,CUST003305,2025-08-26,scheduled,cash,957.98,0.0
PAY000780,POL000880,CUST003750,2025-08-08,reversed,wire,699.14,699.14
PAY000781,POL000881,CUST000866,2026-02-20,failed,ach,1872.76,1872.76
PAY000782,POL000882,CUST003569,2025-01-30,paid,check,1501.18,1501.18
PAY000783,POL000883,CUST002845,2026-02-11,paid,cash,583.84,0.0
PAY000784,POL000884,CUST002948,2024-12-29,paid,wire,1391.33,0.0
PAY000785,POL000885,CUST001214,2025-04-20,refunded,other,1882.71,1882.71
PAY000786,POL000886,CUST000161,2026-08-18,reversed,other,229.55,229.55
PAY000787,POL000887,CUST003794,2024-11-06,reversed,other,1015.34,0.0
PAY000788,POL000888,CUST004390,2024-10-17,paid,other,992.61,0.0
PAY000789,POL000889,CUST000417,2024-04-20,scheduled,card,189.63,189.63
PAY000790,POL000890,CUST002353,2025-04-29,paid,cash,157.28,157.28
PAY000791,POL000891,CUST002267,2024-03-15,paid,ach,1936.17,1936.17
PAY000792,POL000892,CUST003393,2025-04-27,paid,card,942.48,942.48
PAY000793,POL000893,CUST003145,2024-05-15,scheduled,check,1975.64,1975.64
PAY000794,POL000894,CUST003830,2024-08-23,refunded,payroll,911.68,0.0
PAY000795,POL000895,CUST001988,2025-02-12,refunded,ach,505.65,505.65
PAY000796,POL000896,CUST004727,2025-01-23,paid,ach,332.05,0.0
PAY000797,POL000897,CUST001541,2026-07-10,paid,other,206.26,0.0
PAY000798,POL000898,CUST000969,2025-03-06,paid,check,1048.25,1048.25
PAY000799,POL000899,CUST002691,2025-02-28,paid,payroll,1142.02,1142.02
PAY000800,POL000900,CUST004440,2025-01-15,scheduled,ach,734.67,734.67
PAY000801,POL000901,CUST001349,2026-02-08,paid,other,857.21,857.21
PAY000802,POL000902,CUST001506,2024-10-01,paid,check,1595.45,1595.45
PAY000803,POL000903,CUST003030,2024-09-28,refunded,ach,1232.34,1232.34
PAY000804,POL000904,CUST000661,2024-08-23,reversed,ach,937.0,0.0
PAY000805,POL000905,CUST002961,2024-12-05,paid,check,1156.77,1156.77
PAY000806,POL000906,CUST002190,2025-06-07,failed,cash,890.27,890.27
PAY000807,POL000907,CUST000835,2024-04-22,past_due,cash,1316.38,1316.38
PAY000808,POL000908,CUST003062,2026-02-03,refunded,card,894.64,894.64
PAY000809,POL000909,CUST001262,2025-08-24,failed,cash,179.02,179.02
PAY000810,POL000910,CUST004784,2024-04-01,paid,wire,566.94,566.94
PAY000811,POL000911,CUST001236,2026-03-27,paid,card,756.7,756.7
PAY000812,POL000912,CUST000420,2024-08-02,refunded,ach,1161.49,0.0
PAY000813,POL000913,CUST001219,2026-06-15,scheduled,check,1641.62,1641.62
PAY000814,POL000914,CUST001122,2026-02-20,paid,cash,1881.74,1881.74
PAY000815,POL000915,CUST003525,2025-04-19,failed,wire,183.77,183.77
PAY000816,POL000916,CUST003503,2024-06-11,past_due,card,391.36,391.36
PAY000817,POL000917,CUST002582,2024-12-21,reversed,check,1483.04,0.0
PAY000818,POL000918,CUST000962,2025-07-02,failed,payroll,995.26,0.0
PAY000819,POL000919,CUST003126,2026-02-19,past_due,wire,196.06,196.06
PAY000820,POL000920,CUST004511,2024-01-27,scheduled,other,112.81,112.81
PAY000821,POL000921,CUST000380,2024-03-02,refunded,card,534.88,0.0
PAY000822,POL000922,CUST001819,2025-07-22,paid,payroll,919.19,919.19
PAY000823,POL000923,CUST004670,2025-05-07,paid,payroll,611.21,611.21
PAY000824,POL000924,CUST002118,2025-03-16,paid,card,913.45,0.0
PAY000825,POL000925,CUST003110,2024-04-28,refunded,payroll,1406.79,0.0
PAY000826,POL000926,CUST003185,2025-12-07,paid,check,783.8,0.0
PAY000827,POL000927,CUST004965,2025-06-15,past_due,card,1939.1,1939.1
PAY000828,POL000928,CUST003978,2025-06-30,paid,cash,286.14,286.14
PAY000829,POL000929,CUST001207,2024-11-04,reversed,wire,1005.27,0.0
PAY000830,POL000930,CUST004758,2025-07-31,scheduled,ach,1781.51,1781.51
PAY000831,POL000931,CUST003824,2024-09-08,failed,payroll,1865.19,0.0
PAY000832,POL000932,CUST000027,2024-11-05,reversed,card,1922.83,1922.83
PAY000833,POL000933,CUST003308,2025-01-27,paid,cash,415.79,415.79
PAY000834,POL000934,CUST004461,2025-09-24,refunded,wire,467.01,467.01
PAY000835,POL000935,CUST003269,2025-05-05,paid,other,238.66,238.66
PAY000836,POL000936,CUST000385,2025-03-07,paid,cash,726.18,726.18
PAY000837,POL000937,CUST003092,2025-08-08,failed,check,987.73,987.73
PAY000838,POL000938,CUST004889,2025-03-03,past_due,card,450.37,450.37
PAY000839,POL000939,CUST003628,2024-07-25,past_due,cash,248.71,248.71
PAY000840,POL000940,CUST002166,2024-11-25,paid,ach,1753.26,1753.26
PAY000841,POL000941,CUST002118,2025-05-20,paid,other,1222.75,0.0
PAY000842,POL000942,CUST002226,2024-02-03,paid,other,278.41,278.41
PAY000843,POL000943,CUST002608,2025-07-15,scheduled,ach,1156.51,0.0
PAY000844,POL000944,CUST001498,2024-01-06,paid,wire,832.31,832.31
PAY000845,POL000945,CUST003460,2025-03-10,paid,ach,1231.52,0.0
PAY000846,POL000946,CUST004964,2026-02-06,paid,payroll,1361.05,1361.05
PAY000847,POL000947,CUST000200,2025-07-21,reversed,card,1894.26,0.0
PAY000848,POL000948,CUST001418,2025-02-17,past_due,check,1529.32,1529.32
PAY000849,POL000949,CUST001039,2026-02-06,reversed,other,469.04,469.04
PAY000850,POL000950,CUST000658,2025-10-10,paid,ach,1610.74,1610.74
PAY000851,POL000951,CUST003602,2025-11-26,paid,ach,918.63,0.0
PAY000852,POL000952,CUST000979,2025-02-15,paid,card,1124.78,1124.78
PAY000853,POL000953,CUST004868,2024-03-06,scheduled,cash,279.44,279.44
PAY000854,POL000954,CUST004462,2025-12-23,paid,check,1312.92,0.0
PAY000855,POL000955,CUST003913,2025-09-17,refunded,cash,1370.82,0.0
PAY000856,POL000956,CUST003609,2024-11-24,refunded,other,696.35,696.35
PAY000857,POL000957,CUST002721,2026-01-25,paid,check,1578.81,0.0
PAY000858,POL000958,CUST004915,2024-09-15,paid,cash,1881.07,1881.07
PAY000859,POL000959,CUST002810,2025-03-11,past_due,payroll,499.65,499.65
PAY000860,POL000960,CUST002737,2025-01-13,scheduled,ach,1687.38,1687.38
PAY000861,POL000961,CUST000450,2024-03-25,past_due,cash,1009.13,1009.13
PAY000862,POL000962,CUST002223,2025-09-21,paid,cash,1812.2,1812.2
PAY000863,POL000963,CUST004234,2026-06-23,scheduled,check,402.18,0.0
PAY000864,POL000964,CUST001939,2025-08-24,scheduled,payroll,741.2,741.2
PAY000865,POL000965,CUST001271,2024-05-30,paid,payroll,765.69,765.69
PAY000866,POL000966,CUST001530,2025-09-26,paid,other,1278.49,1278.49
PAY000867,POL000967,CUST003289,2025-01-27,failed,ach,99.25,99.25
PAY000868,POL000968,CUST002558,2025-01-12,paid,payroll,1224.49,1224.49
PAY000869,POL000969,CUST004749,2026-02-25,paid,payroll,400.48,400.48
PAY000870,POL000970,CUST003267,2026-03-24,scheduled,card,1386.92,1386.92
PAY000871,POL000971,CUST002338,2025-05-20,failed,other,337.47,337.47
PAY000872,POL000972,CUST004956,2026-04-20,paid,wire,897.51,0.0
PAY000873,POL000973,CUST004894,2024-05-11,reversed,cash,1863.37,1863.37
PAY000874,POL000974,CUST002548,2025-08-25,past_due,other,1430.36,1430.36
PAY000875,POL000975,CUST004252,2026-05-19,reversed,ach,1128.39,1128.39
PAY000876,POL000976,CUST001281,2026-03-09,refunded,check,1250.39,0.0
PAY000877,POL000977,CUST004505,2024-04-26,scheduled,ach,789.17,789.17
PAY000878,POL000978,CUST001625,2024-08-12,paid,ach,1944.9,0.0
PAY000879,POL000979,CUST003276,2025-08-11,paid,wire,873.86,873.86
PAY000880,POL000980,CUST003310,2024-03-08,paid,ach,1062.11,1062.11
PAY000881,POL000981,CUST002072,2026-05-03,past_due,card,196.56,196.56
PAY000882,POL000982,CUST001443,2024-08-10,paid,cash,1174.79,1174.79
PAY000883,POL000983,CUST004713,2026-01-11,past_due,wire,1295.67,1295.67
PAY000884,POL000984,CUST002918,2025-04-25,scheduled,other,747.29,747.29
PAY000885,POL000985,CUST002158,2025-12-25,failed,payroll,1283.38,1283.38
PAY000886,POL000986,CUST004695,2026-08-06,paid,card,1013.63,0.0
PAY000887,POL000987,CUST004084,2026-07-28,paid,payroll,1901.06,1901.06
PAY000888,POL000988,CUST002593,2024-06-16,reversed,card,286.7,286.7
PAY000889,POL000989,CUST002648,2026-06-22,paid,cash,365.14,365.14
PAY000890,POL000990,CUST000811,2025-07-27,failed,cash,1633.85,0.0
PAY000891,POL000991,CUST001097,2026-02-26,past_due,ach,579.78,579.78
PAY000892,POL000992,CUST002354,2025-06-03,paid,check,1298.21,1298.21
PAY000893,POL000993,CUST003741,2024-08-14,paid,card,696.13,696.13
PAY000894,POL000994,CUST000441,2025-09-08,paid,payroll,1644.3,0.0
PAY000895,POL000995,CUST003939,2024-05-01,paid,payroll,571.92,571.92
PAY000896,POL000996,CUST000084,2025-10-24,refunded,check,951.9,951.9
PAY000897,POL000997,CUST004887,2026-05-04,reversed,ach,1814.25,1814.25
PAY000898,POL000998,CUST001353,2024-09-08,scheduled,check,1785.49,1785.49
PAY000899,POL000999,CUST001055,2025-06-02,scheduled,check,1345.3,0.0
PAY000900,POL001000,CUST003849,2026-06-12,paid,card,1170.52,1170.52
PAY000901,POL001001,CUST004851,2025-03-29,reversed,check,1958.14,1958.14
PAY000902,POL001002,CUST004653,2026-03-03,paid,wire,306.61,0.0
PAY000903,POL001003,CUST002874,2024-06-06,scheduled,other,1114.44,1114.44
PAY000904,POL001004,CUST001827,2024-02-17,scheduled,ach,617.94,617.94
PAY000905,POL001005,CUST004212,2025-05-29,scheduled,card,93.35,93.35
PAY000906,POL001006,CUST001961,2026-01-07,failed,payroll,213.48,213.48
PAY000907,POL001007,CUST003685,2025-07-11,failed,wire,203.85,203.85
PAY000908,POL001008,CUST003872,2024-05-30,paid,payroll,303.12,303.12
PAY000909,POL001009,CUST000826,2025-07-12,paid,card,997.35,997.35
PAY000910,POL001010,CUST004186,2024-09-15,paid,check,1102.71,1102.71
PAY000911,POL001011,CUST004139,2026-07-04,paid,card,1106.54,1106.54
PAY000912,POL001012,CUST000478,2025-11-26,failed,payroll,722.12,722.12
PAY000913,POL001013,CUST000164,2026-01-20,reversed,check,394.02,394.02
PAY000914,POL001014,CUST003316,2026-04-06,paid,ach,218.27,218.27
PAY000915,POL001015,CUST002742,2024-11-09,paid,ach,770.29,0.0
PAY000916,POL001016,CUST000431,2025-07-15,paid,ach,831.05,831.05
PAY000917,POL001017,CUST001980,2026-05-15,paid,check,1154.04,1154.04
PAY000918,POL001018,CUST001564,2024-04-02,past_due,cash,167.67,167.67
PAY000919,POL001019,CUST000892,2025-04-03,paid,other,592.52,0.0
PAY000920,POL001020,CUST004803,2025-04-26,paid,cash,1862.39,1862.39
PAY000921,POL001021,CUST004659,2025-05-03,past_due,payroll,1130.63,1130.63
PAY000922,POL001022,CUST000147,2025-12-02,scheduled,wire,1252.27,1252.27
PAY000923,POL001023,CUST002328,2025-01-23,failed,cash,486.32,0.0
PAY000924,POL001024,CUST001835,2025-05-05,failed,card,125.03,0.0
PAY000925,POL001025,CUST001866,2024-06-06,paid,check,876.22,0.0
PAY000926,POL001026,CUST003137,2025-12-02,past_due,wire,1168.9,1168.9
PAY000927,POL001027,CUST003109,2026-01-11,failed,ach,279.47,279.47
PAY000928,POL001028,CUST000356,2026-06-24,past_due,payroll,1489.0,0.0
PAY000929,POL001029,CUST004275,2026-07-12,refunded,payroll,1873.21,1873.21
PAY000930,POL001030,CUST001026,2025-09-14,paid,payroll,1240.7,0.0
PAY000931,POL001031,CUST003456,2026-02-27,refunded,card,1015.54,1015.54
PAY000932,POL001032,CUST004063,2025-08-30,reversed,check,1449.67,1449.67
PAY000933,POL001033,CUST004715,2024-07-10,paid,payroll,884.3,884.3
PAY000934,POL001034,CUST003153,2025-11-28,scheduled,check,1211.6,1211.6
PAY000935,POL001035,CUST003898,2024-02-27,scheduled,card,600.52,0.0
PAY000936,POL001036,CUST002132,2026-04-24,paid,wire,1811.96,1811.96
PAY000937,POL001037,CUST003655,2025-12-12,paid,ach,224.13,224.13
PAY000938,POL001038,CUST004987,2025-10-03,scheduled,cash,1304.77,1304.77
PAY000939,POL001039,CUST002586,2025-02-28,paid,cash,602.73,602.73
PAY000940,POL001040,CUST002153,2024-09-27,paid,check,727.41,0.0
PAY000941,POL001041,CUST003660,2024-09-24,scheduled,other,64.39,64.39
PAY000942,POL001042,CUST001873,2025-01-09,paid,wire,91.83,91.83
PAY000943,POL001043,CUST000482,2025-06-16,failed,card,1561.65,1561.65
PAY000944,POL001044,CUST000972,2026-08-28,refunded,ach,1966.51,0.0
PAY000945,POL001045,CUST001070,2024-10-15,reversed,card,161.34,161.34
PAY000946,POL001046,CUST003058,2024-12-04,past_due,ach,829.45,829.45
PAY000947,POL001047,CUST003084,2025-07-31,reversed,other,1581.3,1581.3
PAY000948,POL001048,CUST001922,2024-05-30,paid,ach,904.84,904.84
PAY000949,POL001049,CUST003048,2025-02-18,reversed,card,1993.87,0.0
PAY000950,POL001050,CUST003235,2024-02-29,paid,other,853.5,853.5
PAY000951,POL001051,CUST003905,2024-08-29,refunded,card,1408.23,1408.23
PAY000952,POL001052,CUST004257,2024-05-09,paid,other,589.8,589.8
PAY000953,POL001053,CUST000447,2026-04-18,paid,wire,477.2,477.2
PAY000954,POL001054,CUST003976,2026-06-14,past_due,check,1650.78,0.0
PAY000955,POL001055,CUST002740,2026-04-13,refunded,card,76.5,76.5
PAY000956,POL001056,CUST002428,2025-09-12,paid,check,84.45,84.45
PAY000957,POL001057,CUST000576,2026-09-08,reversed,cash,697.12,697.12
PAY000958,POL001058,CUST003096,2026-04-28,paid,ach,1901.04,1901.04
PAY000959,POL001059,CUST000998,2024-07-03,paid,ach,1769.78,0.0
PAY000960,POL001060,CUST004721,2025-11-03,paid,check,564.83,564.83
PAY000961,POL001061,CUST003529,2026-01-26,failed,cash,445.8,0.0
PAY000962,POL001062,CUST000265,2025-12-01,scheduled,wire,704.26,704.26
PAY000963,POL001063,CUST003443,2025-10-23,paid,other,1101.41,0.0
PAY000964,POL001064,CUST004204,2024-11-05,paid,wire,789.18,789.18
PAY000965,POL001065,CUST003706,2024-05-13,past_due,check,427.14,427.14
PAY000966,POL001066,CUST001776,2024-07-27,failed,card,98.5,98.5
PAY000967,POL001067,CUST004407,2025-07-09,paid,card,1526.38,1526.38
PAY000968,POL001068,CUST001536,2025-09-09,reversed,other,1476.56,0.0
PAY000969,POL001069,CUST003607,2025-06-22,failed,check,700.41,700.41
PAY000970,POL001070,CUST002908,2024-11-28,paid,card,1660.07,1660.07
PAY000971,POL001071,CUST001241,2025-12-02,paid,wire,727.94,727.94
PAY000972,POL001072,CUST004276,2024-11-12,failed,other,1710.78,1710.78
PAY000973,POL001073,CUST001496,2026-03-06,scheduled,other,1523.59,1523.59
PAY000974,POL001074,CUST003682,2026-08-01,failed,wire,297.4,297.4
PAY000975,POL001075,CUST001374,2025-08-16,refunded,card,193.93,193.93
PAY000976,POL001076,CUST003844,2026-02-10,failed,check,192.71,192.71
PAY000977,POL001077,CUST004200,2024-12-05,paid,ach,655.99,655.99
PAY000978,POL001078,CUST003606,2025-01-01,paid,payroll,1753.53,1753.53
PAY000979,POL001079,CUST002145,2024-01-17,paid,payroll,1540.88,0.0
PAY000980,POL001080,CUST000805,2025-12-17,failed,other,394.17,394.17
PAY000981,POL001081,CUST004626,2025-04-05,reversed,ach,1071.71,1071.71
PAY000982,POL001082,CUST004382,2024-08-17,past_due,payroll,1555.76,1555.76
PAY000983,POL001083,CUST000410,2024-11-23,paid,wire,953.76,953.76
PAY000984,POL001084,CUST000662,2025-06-01,failed,card,1242.91,0.0
PAY000985,POL001085,CUST003907,2025-02-26,past_due,other,667.01,667.01
PAY000986,POL001086,CUST000017,2024-03-22,scheduled,wire,195.33,195.33
PAY000987,POL001087,CUST004251,2024-05-23,failed,other,122.13,0.0
PAY000988,POL001088,CUST003930,2025-05-08,failed,other,97.05,97.05
PAY000989,POL001089,CUST001448,2025-04-09,refunded,wire,1354.42,1354.42
PAY000990,POL001090,CUST000529,2026-05-31,failed,cash,518.68,518.68
PAY000991,POL001091,CUST004988,2024-11-22,refunded,check,478.8,0.0
PAY000992,POL001092,CUST003836,2026-05-12,paid,ach,1956.9,1956.9
PAY000993,POL001093,CUST002837,2025-02-20,past_due,card,1764.35,1764.35
PAY000994,POL001094,CUST004691,2025-03-24,past_due,other,1309.69,1309.69
PAY000995,POL001095,CUST002150,2026-06-19,paid,cash,1022.13,1022.13
PAY000996,POL001096,CUST003984,2024-07-21,past_due,card,1010.05,1010.05
PAY000997,POL001097,CUST001356,2025-06-22,scheduled,wire,663.52,0.0
PAY000998,POL001098,CUST002163,2026-05-15,paid,cash,1199.02,1199.02
PAY000999,POL001099,CUST004282,2026-07-12,scheduled,cash,924.98,924.98
PAY001000,POL001100,CUST004932,2026-03-15,past_due,wire,1723.6,0.0
PAY001001,POL001101,CUST000841,2026-04-06,paid,ach,350.18,350.18
PAY001002,POL001102,CUST002036,2026-08-19,paid,card,1439.62,1439.62
PAY001003,POL001103,CUST004996,2024-03-30,failed,wire,1356.67,1356.67
PAY001004,POL001104,CUST001226,2026-07-03,failed,check,971.17,971.17
PAY001005,POL001105,CUST001186,2024-07-25,scheduled,wire,830.24,0.0
PAY001006,POL001106,CUST003543,2026-08-04,failed,other,127.6,127.6
PAY001007,POL001107,CUST001825,2024-10-30,reversed,wire,216.03,216.03
PAY001008,POL001108,CUST002669,2025-09-26,past_due,other,1280.51,1280.51
PAY001009,POL001109,CUST001399,2025-12-28,paid,check,1195.87,1195.87
PAY001010,POL001110,CUST003106,2024-06-05,paid,payroll,216.92,216.92
PAY001011,POL001111,CUST003702,2024-09-21,paid,other,1430.14,1430.14
PAY001012,POL001112,CUST002959,2025-06-12,past_due,cash,1876.23,1876.23
PAY001013,POL001113,CUST000496,2024-12-22,scheduled,card,365.13,0.0
PAY001014,POL001114,CUST001662,2025-03-03,paid,card,623.77,623.77
PAY001015,POL001115,CUST000165,2025-10-04,reversed,other,688.53,688.53
PAY001016,POL001116,CUST003681,2025-04-20,paid,cash,1812.68,1812.68
PAY001017,POL001117,CUST002340,2024-06-25,past_due,ach,907.94,907.94
PAY001018,POL001118,CUST004464,2025-10-18,reversed,other,1725.71,1725.71
PAY001019,POL001119,CUST003602,2025-05-22,paid,wire,1181.95,0.0
PAY001020,POL001120,CUST002727,2025-12-23,scheduled,ach,878.05,0.0
PAY001021,POL001121,CUST000617,2025-07-24,refunded,cash,438.61,438.61
PAY001022,POL001122,CUST003198,2025-07-13,paid,card,403.45,0.0
PAY001023,POL001123,CUST003988,2024-10-20,reversed,card,1713.66,1713.66
PAY001024,POL001124,CUST001299,2026-03-17,failed,other,1421.02,1421.02
PAY001025,POL001125,CUST004438,2025-05-04,refunded,ach,1565.99,1565.99
PAY001026,POL001126,CUST002203,2024-12-25,failed,payroll,937.36,937.36
PAY001027,POL001127,CUST004242,2026-06-19,refunded,wire,482.08,0.0
PAY001028,POL001128,CUST003544,2024-08-22,paid,payroll,99.47,99.47
PAY001029,POL001129,CUST000303,2026-07-05,scheduled,card,351.44,351.44
PAY001030,POL001130,CUST001245,2025-02-17,failed,ach,825.56,0.0
PAY001031,POL001131,CUST003095,2025-11-17,paid,check,1469.81,1469.81
PAY001032,POL001132,CUST000867,2024-04-19,paid,card,1741.48,0.0
PAY001033,POL001133,CUST002952,2025-08-08,paid,card,1755.38,1755.38
PAY001034,POL001134,CUST002589,2026-04-23,paid,card,1934.06,0.0
PAY001035,POL001135,CUST001756,2025-12-14,scheduled,card,1592.02,0.0
PAY001036,POL001136,CUST004493,2025-06-15,reversed,payroll,1210.24,0.0
PAY001037,POL001137,CUST000752,2025-07-03,paid,card,586.88,0.0
PAY001038,POL001138,CUST001674,2025-01-02,failed,payroll,1391.31,1391.31
PAY001039,POL001139,CUST004159,2026-01-16,paid,card,1932.33,1932.33
PAY001040,POL001140,CUST002229,2024-09-22,paid,check,959.03,959.03
PAY001041,POL001141,CUST004050,2024-02-06,past_due,wire,1098.06,0.0
PAY001042,POL001142,CUST000596,2024-08-07,reversed,wire,1371.53,1371.53
PAY001043,POL001143,CUST002494,2025-09-26,paid,payroll,1383.28,0.0
PAY001044,POL001144,CUST003842,2025-12-23,paid,other,202.98,202.98
PAY001045,POL001145,CUST002142,2026-08-08,paid,check,752.89,0.0
PAY001046,POL001146,CUST004306,2026-02-23,paid,wire,420.87,420.87
PAY001047,POL001147,CUST001872,2026-01-09,failed,check,572.99,0.0
PAY001048,POL001148,CUST003611,2025-10-01,past_due,check,1126.32,1126.32
PAY001049,POL001149,CUST000876,2024-08-09,scheduled,other,631.23,631.23
PAY001050,POL001150,CUST000139,2025-12-27,paid,cash,1930.7,0.0
PAY001051,POL001151,CUST004309,2025-04-05,reversed,wire,473.69,473.69
PAY001052,POL001152,CUST001367,2025-10-20,scheduled,cash,400.68,400.68
PAY001053,POL001153,CUST002819,2025-06-27,failed,other,1210.33,1210.33
PAY001054,POL001154,CUST004641,2025-05-07,past_due,ach,1094.4,0.0
PAY001055,POL001155,CUST000153,2024-12-06,paid,ach,1351.53,1351.53
PAY001056,POL001156,CUST000528,2025-08-20,paid,check,223.72,223.72
PAY001057,POL001157,CUST000148,2026-03-03,past_due,check,1442.82,0.0
PAY001058,POL001158,CUST004635,2025-08-22,paid,ach,1479.14,1479.14
PAY001059,POL001159,CUST002272,2025-10-18,failed,check,64.78,64.78
PAY001060,POL001160,CUST000294,2026-07-05,refunded,check,1143.65,1143.65
PAY001061,POL001161,CUST002313,2025-11-02,refunded,cash,1774.22,0.0
PAY001062,POL001162,CUST001677,2024-03-07,reversed,check,1681.98,1681.98
PAY001063,POL001163,CUST000918,2026-01-11,paid,other,980.25,980.25
PAY001064,POL001164,CUST000293,2026-01-13,past_due,check,991.11,0.0
PAY001065,POL001165,CUST000291,2025-07-28,failed,other,1214.52,0.0
PAY001066,POL001166,CUST001814,2025-06-12,paid,other,96.3,96.3
PAY001067,POL001167,CUST004805,2024-04-22,refunded,check,1867.22,0.0
PAY001068,POL001168,CUST001651,2025-07-03,paid,card,149.57,149.57
PAY001069,POL001169,CUST001938,2024-08-22,paid,cash,1947.52,1947.52
PAY001070,POL001170,CUST004240,2024-03-12,past_due,check,521.87,521.87
PAY001071,POL001171,CUST004818,2025-07-21,paid,cash,491.1,0.0
PAY001072,POL001172,CUST002445,2025-03-20,failed,card,1337.7,0.0
PAY001073,POL001173,CUST000758,2024-02-22,refunded,ach,985.94,0.0
PAY001074,POL001174,CUST002972,2025-05-15,paid,payroll,593.18,593.18
PAY001075,POL001175,CUST002956,2025-04-19,paid,ach,1794.85,1794.85
PAY001076,POL001176,CUST000481,2025-01-12,scheduled,ach,1262.96,0.0
PAY001077,POL001177,CUST001386,2024-03-19,past_due,other,1886.63,1886.63
PAY001078,POL001178,CUST004486,2025-09-02,refunded,payroll,1090.54,0.0
PAY001079,POL001179,CUST000919,2024-12-19,paid,other,846.67,846.67
PAY001080,POL001180,CUST004739,2026-01-10,failed,ach,1893.1,1893.1
PAY001081,POL001181,CUST002903,2025-07-24,scheduled,wire,1597.38,1597.38
PAY001082,POL001182,CUST001191,2025-03-10,scheduled,wire,1995.12,0.0
PAY001083,POL001183,CUST004949,2025-06-17,refunded,card,1660.19,1660.19
PAY001084,POL001184,CUST004089,2024-07-17,failed,wire,345.11,0.0
PAY001085,POL001185,CUST004553,2026-06-20,scheduled,wire,1870.2,1870.2
PAY001086,POL001186,CUST002781,2025-05-13,scheduled,wire,1372.44,1372.44
PAY001087,POL001187,CUST002388,2025-09-17,refunded,card,1596.79,1596.79
PAY001088,POL001188,CUST002762,2026-05-22,failed,other,1682.15,1682.15
PAY001089,POL001189,CUST004587,2026-01-20,paid,card,406.52,406.52
PAY001090,POL001190,CUST004774,2024-05-24,paid,payroll,1025.44,1025.44
PAY001091,POL001191,CUST002084,2024-07-05,paid,card,1793.77,1793.77
PAY001092,POL001192,CUST000761,2025-07-12,scheduled,wire,1378.21,0.0
PAY001093,POL001193,CUST000465,2024-07-20,refunded,check,181.37,181.37
PAY001094,POL001194,CUST003621,2024-07-16,refunded,other,1905.08,1905.08
PAY001095,POL001195,CUST004031,2024-05-12,paid,card,1840.28,1840.28
PAY001096,POL001196,CUST002647,2026-07-03,paid,card,994.58,994.58
PAY001097,POL001197,CUST000765,2026-01-12,paid,other,868.27,868.27
PAY001098,POL001198,CUST004719,2026-03-17,reversed,payroll,825.3,825.3
PAY001099,POL001199,CUST000789,2025-06-26,past_due,wire,319.01,319.01
PAY001100,POL001200,CUST002197,2024-05-06,paid,wire,761.33,0.0
PAY001101,POL001201,CUST001731,2024-04-01,past_due,other,1187.97,0.0
PAY001102,POL001202,CUST004450,2024-07-13,reversed,other,900.05,900.05
PAY001103,POL001203,CUST000894,2026-02-23,paid,card,387.46,0.0
PAY001104,POL001204,CUST003929,2025-09-14,paid,card,1113.89,1113.89
PAY001105,POL001205,CUST002711,2024-03-29,paid,wire,1737.22,1737.22
PAY001106,POL001206,CUST000637,2026-06-10,paid,check,277.1,277.1
PAY001107,POL001207,CUST000128,2024-08-05,scheduled,cash,279.82,279.82
PAY001108,POL001208,CUST000068,2025-10-04,paid,other,1083.88,1083.88
PAY001109,POL001209,CUST004332,2025-11-07,paid,other,1498.31,1498.31
PAY001110,POL001210,CUST001521,2026-07-12,past_due,other,203.93,203.93
PAY001111,POL001211,CUST000966,2026-04-26,refunded,ach,616.3,616.3
PAY001112,POL001212,CUST002859,2024-10-13,scheduled,card,1955.91,1955.91
PAY001113,POL001213,CUST002776,2024-05-07,failed,payroll,1008.55,1008.55
PAY001114,POL001214,CUST004435,2025-05-28,paid,check,826.53,826.53
PAY001115,POL001215,CUST000857,2024-01-20,paid,check,1652.11,0.0
PAY001116,POL001216,CUST000534,2024-05-03,failed,payroll,133.91,133.91
PAY001117,POL001217,CUST004011,2025-09-18,past_due,cash,837.4,0.0
PAY001118,POL001218,CUST002403,2024-10-09,past_due,payroll,890.54,890.54
PAY001119,POL001219,CUST003576,2026-05-03,paid,check,1724.18,1724.18
PAY001120,POL001220,CUST003857,2024-08-10,scheduled,wire,755.96,755.96
PAY001121,POL001221,CUST002601,2024-10-16,paid,check,1876.27,1876.27
PAY001122,POL001222,CUST003784,2024-01-24,past_due,card,192.53,192.53
PAY001123,POL001223,CUST003899,2024-08-28,refunded,card,1914.16,1914.16
PAY001124,POL001224,CUST001562,2024-08-18,refunded,check,1772.05,1772.05
PAY001125,POL001225,CUST003322,2026-08-18,reversed,card,1259.98,1259.98
PAY001126,POL001226,CUST001914,2024-11-11,paid,wire,449.45,0.0
PAY001127,POL001227,CUST001890,2025-10-18,paid,payroll,698.31,0.0
PAY001128,POL001228,CUST003535,2024-01-30,failed,card,779.61,779.61
PAY001129,POL001229,CUST000061,2025-04-30,failed,card,961.9,961.9
PAY001130,POL001230,CUST001969,2024-06-17,paid,card,52.42,52.42
PAY001131,POL001231,CUST001785,2024-04-20,paid,card,1767.58,1767.58
PAY001132,POL001232,CUST001544,2024-02-02,scheduled,card,756.27,756.27
PAY001133,POL001233,CUST001171,2026-02-17,refunded,payroll,894.29,894.29
PAY001134,POL001234,CUST001398,2026-01-20,paid,check,1643.58,1643.58
PAY001135,POL001235,CUST001876,2026-01-24,past_due,card,1051.87,1051.87
PAY001136,POL001236,CUST003421,2025-10-19,refunded,cash,1733.5,1733.5
PAY001137,POL001237,CUST000801,2024-02-02,refunded,cash,176.88,176.88
PAY001138,POL001238,CUST001896,2025-07-13,paid,other,914.89,0.0
PAY001139,POL001239,CUST002200,2025-06-01,failed,cash,808.55,808.55
PAY001140,POL001240,CUST002998,2025-10-18,refunded,wire,134.94,134.94
PAY001141,POL001241,CUST004338,2024-11-22,failed,payroll,953.51,953.51
PAY001142,POL001242,CUST000310,2026-06-01,past_due,ach,1205.82,1205.82
PAY001143,POL001243,CUST001513,2024-11-19,past_due,wire,1497.25,1497.25
PAY001144,POL001244,CUST003093,2025-02-18,paid,ach,961.0,961.0
PAY001145,POL001245,CUST000641,2026-05-04,paid,ach,1107.21,1107.21
PAY001146,POL001246,CUST003699,2026-08-22,scheduled,ach,101.22,101.22
PAY001147,POL001247,CUST000057,2025-03-20,scheduled,card,503.27,503.27
PAY001148,POL001248,CUST004298,2025-06-13,paid,payroll,1039.13,1039.13
PAY001149,POL001249,CUST003292,2024-11-05,scheduled,wire,348.22,348.22
PAY001150,POL001250,CUST001619,2024-06-07,scheduled,check,1105.36,0.0
PAY001151,POL001251,CUST001916,2025-01-04,scheduled,wire,1448.89,1448.89
PAY001152,POL001252,CUST004575,2025-02-19,scheduled,other,156.97,0.0
PAY001153,POL001253,CUST001519,2026-05-18,past_due,wire,1971.93,1971.93
PAY001154,POL001254,CUST000724,2024-07-27,past_due,other,1038.94,1038.94
PAY001155,POL001255,CUST002002,2025-03-30,failed,other,1635.73,1635.73
PAY001156,POL001256,CUST003728,2024-07-27,failed,check,464.61,464.61
PAY001157,POL001257,CUST000118,2026-04-09,past_due,check,497.92,497.92
PAY001158,POL001258,CUST000582,2024-06-03,paid,ach,1302.99,1302.99
PAY001159,POL001259,CUST004400,2025-06-18,past_due,check,562.88,0.0
PAY001160,POL001260,CUST001814,2024-05-30,failed,other,422.1,422.1
PAY001161,POL001261,CUST000475,2024-11-06,paid,payroll,1004.43,1004.43
PAY001162,POL001262,CUST004235,2025-03-14,paid,card,1929.85,1929.85
PAY001163,POL001263,CUST002008,2024-10-21,paid,other,359.39,359.39
PAY001164,POL001264,CUST001429,2026-07-02,reversed,check,409.62,409.62
PAY001165,POL001265,CUST000701,2025-08-24,failed,cash,1431.84,1431.84
PAY001166,POL001266,CUST003186,2024-08-16,past_due,payroll,1115.16,1115.16
PAY001167,POL001267,CUST000307,2024-03-05,refunded,wire,1823.89,1823.89
PAY001168,POL001268,CUST000008,2025-07-18,paid,cash,712.29,0.0
PAY001169,POL001269,CUST004603,2024-04-01,failed,cash,1265.11,1265.11
PAY001170,POL001270,CUST004128,2024-03-15,scheduled,other,1887.52,1887.52
PAY001171,POL001271,CUST004557,2024-09-22,scheduled,other,750.34,0.0
PAY001172,POL001272,CUST001065,2026-02-26,failed,wire,416.68,0.0
PAY001173,POL001273,CUST001543,2025-07-25,paid,wire,1245.16,0.0
PAY001174,POL001274,CUST004662,2026-04-12,failed,other,1553.86,1553.86
PAY001175,POL001275,CUST003383,2025-04-01,refunded,ach,342.59,342.59
PAY001176,POL001276,CUST001997,2026-08-15,paid,other,1021.15,1021.15
PAY001177,POL001277,CUST000702,2025-03-02,paid,wire,1668.11,1668.11
PAY001178,POL001278,CUST003946,2025-10-15,failed,card,229.5,229.5
PAY001179,POL001279,CUST002266,2024-07-20,paid,cash,1759.83,1759.83
PAY001180,POL001280,CUST004203,2024-06-05,refunded,payroll,842.58,0.0
PAY001181,POL001281,CUST004634,2025-05-04,scheduled,wire,1075.12,1075.12
PAY001182,POL001282,CUST001070,2024-02-08,paid,other,1438.03,0.0
PAY001183,POL001283,CUST003195,2025-03-15,scheduled,other,1622.32,1622.32
PAY001184,POL001284,CUST001418,2024-11-03,paid,wire,390.89,390.89
PAY001185,POL001285,CUST000889,2025-09-26,scheduled,ach,1851.61,1851.61
PAY001186,POL001286,CUST001326,2026-05-27,refunded,ach,1782.0,1782.0
PAY001187,POL001287,CUST000254,2024-05-01,paid,ach,167.49,167.49
PAY001188,POL001288,CUST004497,2026-04-04,paid,ach,680.74,0.0
PAY001189,POL001289,CUST000985,2025-12-12,past_due,card,1698.03,0.0
PAY001190,POL001290,CUST004863,2024-12-03,paid,ach,597.08,597.08
PAY001191,POL001291,CUST001693,2024-07-31,scheduled,wire,966.77,966.77
PAY001192,POL001292,CUST003859,2025-07-07,scheduled,other,1427.83,0.0
PAY001193,POL001293,CUST000541,2024-01-12,paid,other,1717.33,1717.33
PAY001194,POL001294,CUST002469,2025-09-20,paid,wire,695.78,695.78
PAY001195,POL001295,CUST000089,2026-01-01,paid,cash,971.6,971.6
PAY001196,POL001296,CUST003231,2026-01-08,failed,card,1314.72,1314.72
PAY001197,POL001297,CUST002326,2025-09-07,failed,cash,747.42,747.42
PAY001198,POL001298,CUST003110,2024-10-15,paid,wire,1528.76,1528.76
PAY001199,POL001299,CUST001587,2026-08-28,past_due,payroll,1831.47,1831.47
PAY001200,POL001300,CUST003069,2025-01-04,reversed,card,363.25,363.25
PAY001201,POL001301,CUST002404,2024-04-24,paid,cash,1965.39,0.0
PAY001202,POL001302,CUST002724,2026-04-15,failed,wire,1165.66,1165.66
PAY001203,POL001303,CUST001561,2024-10-05,paid,ach,462.47,462.47
PAY001204,POL001304,CUST004300,2025-02-17,paid,payroll,470.42,470.42
PAY001205,POL001305,CUST003090,2025-11-13,paid,other,1391.17,1391.17
PAY001206,POL001306,CUST002624,2025-01-19,paid,check,567.08,567.08
PAY001207,POL001307,CUST001581,2026-01-14,scheduled,ach,470.2,0.0
PAY001208,POL001308,CUST001132,2024-11-28,paid,wire,128.4,128.4
PAY001209,POL001309,CUST000464,2026-03-10,past_due,cash,360.88,360.88
PAY001210,POL001310,CUST004921,2026-06-24,failed,cash,590.59,590.59
PAY001211,POL001311,CUST000695,2024-01-08,reversed,card,904.01,904.01
PAY001212,POL001312,CUST003601,2026-03-24,paid,cash,1892.47,1892.47
PAY001213,POL001313,CUST002807,2026-05-09,paid,cash,421.61,0.0
PAY001214,POL001314,CUST001719,2026-06-20,paid,wire,111.68,111.68
PAY001215,POL001315,CUST003622,2025-04-12,paid,card,1385.1,1385.1
PAY001216,POL001316,CUST000431,2024-05-10,past_due,cash,331.07,331.07
PAY001217,POL001317,CUST003111,2024-06-28,failed,ach,718.51,0.0
PAY001218,POL001318,CUST001087,2025-08-05,scheduled,payroll,1449.86,1449.86
PAY001219,POL001319,CUST003455,2025-10-23,paid,ach,470.8,470.8
PAY001220,POL001320,CUST000247,2025-04-25,failed,payroll,820.38,0.0
PAY001221,POL001321,CUST004409,2026-04-15,refunded,card,978.02,978.02
PAY001222,POL001322,CUST004329,2025-02-28,refunded,card,882.94,882.94
PAY001223,POL001323,CUST001930,2024-06-17,reversed,payroll,826.2,826.2
PAY001224,POL001324,CUST004147,2026-04-27,paid,ach,1799.95,1799.95
PAY001225,POL001325,CUST003924,2025-01-07,refunded,check,1626.14,0.0
PAY001226,POL001326,CUST002434,2025-09-27,reversed,wire,1649.22,0.0
PAY001227,POL001327,CUST002338,2024-07-27,paid,payroll,142.27,142.27
PAY001228,POL001328,CUST001526,2025-05-30,refunded,check,831.12,831.12
PAY001229,POL001329,CUST001234,2026-05-22,reversed,wire,1571.45,1571.45
PAY001230,POL001330,CUST001337,2025-02-18,past_due,wire,1444.89,0.0
PAY001231,POL001331,CUST000741,2026-08-26,failed,ach,189.4,0.0
PAY001232,POL001332,CUST000060,2024-08-14,scheduled,cash,1712.09,1712.09
PAY001233,POL001333,CUST000254,2024-05-09,refunded,wire,975.88,0.0
PAY001234,POL001334,CUST000153,2024-11-03,reversed,payroll,438.03,438.03
PAY001235,POL001335,CUST000004,2026-06-08,scheduled,check,1474.64,1474.64
PAY001236,POL001336,CUST001766,2024-01-30,paid,check,1114.08,1114.08
PAY001237,POL001337,CUST003702,2024-08-29,failed,card,797.47,797.47
PAY001238,POL001338,CUST003232,2024-05-11,paid,other,694.12,694.12
PAY001239,POL001339,CUST000550,2026-04-03,refunded,check,1619.8,1619.8
PAY001240,POL001340,CUST004322,2024-04-30,refunded,check,1215.85,1215.85
PAY001241,POL001341,CUST003214,2024-12-16,scheduled,cash,92.1,92.1
PAY001242,POL001342,CUST003360,2024-01-05,past_due,ach,1451.3,1451.3
PAY001243,POL001343,CUST002072,2025-10-31,reversed,check,1326.35,1326.35
PAY001244,POL001344,CUST003707,2026-02-05,paid,wire,911.21,911.21
PAY001245,POL001345,CUST002036,2026-04-08,failed,payroll,1680.8,1680.8
PAY001246,POL001346,CUST000893,2026-07-21,paid,card,1020.86,1020.86
PAY001247,POL001347,CUST000625,2024-06-06,paid,card,1859.84,0.0
PAY001248,POL001348,CUST001340,2025-09-30,scheduled,ach,480.47,480.47
PAY001249,POL001349,CUST002912,2024-12-02,refunded,other,1952.69,1952.69
PAY001250,POL001350,CUST003493,2024-10-16,failed,check,1538.75,0.0
PAY001251,POL001351,CUST001790,2025-12-25,reversed,check,1748.94,1748.94
PAY001252,POL001352,CUST002232,2025-04-18,reversed,card,194.79,194.79
PAY001253,POL001353,CUST002187,2024-12-29,refunded,card,1912.95,0.0
PAY001254,POL001354,CUST000764,2025-04-16,paid,payroll,592.28,592.28
PAY001255,POL001355,CUST001854,2026-03-26,failed,wire,314.27,314.27
PAY001256,POL001356,CUST000164,2025-06-14,paid,other,1916.21,1916.21
PAY001257,POL001357,CUST003099,2025-12-15,scheduled,other,1500.12,1500.12
PAY001258,POL001358,CUST003395,2025-02-23,past_due,card,847.83,847.83
PAY001259,POL001359,CUST003989,2026-04-14,past_due,wire,1722.77,0.0
PAY001260,POL001360,CUST001737,2024-02-21,refunded,cash,361.97,0.0
PAY001261,POL001361,CUST000521,2024-10-07,paid,cash,754.53,754.53
PAY001262,POL001362,CUST003370,2026-07-17,paid,ach,1232.37,1232.37
PAY001263,POL001363,CUST000624,2025-09-16,paid,other,416.87,416.87
PAY001264,POL001364,CUST000939,2024-02-12,past_due,other,65.48,0.0
PAY001265,POL001365,CUST002148,2024-06-15,scheduled,check,467.01,467.01
PAY001266,POL001366,CUST004366,2025-06-25,reversed,other,372.64,0.0
PAY001267,POL001367,CUST002033,2026-09-08,refunded,wire,922.89,922.89
PAY001268,POL001368,CUST000598,2025-02-16,paid,check,1235.72,1235.72
PAY001269,POL001369,CUST000723,2025-10-21,scheduled,ach,173.07,173.07
PAY001270,POL001370,CUST001136,2025-12-04,paid,cash,662.95,662.95
PAY001271,POL001371,CUST003422,2026-04-22,paid,cash,1766.01,1766.01
PAY001272,POL001372,CUST003529,2024-07-19,paid,wire,773.01,773.01
PAY001273,POL001373,CUST003722,2026-04-20,failed,cash,97.34,0.0
PAY001274,POL001374,CUST001901,2024-06-05,past_due,wire,1800.2,1800.2
PAY001275,POL001375,CUST004882,2024-09-23,reversed,card,498.51,0.0
PAY001276,POL001376,CUST002625,2025-12-09,refunded,check,746.96,0.0
PAY001277,POL001377,CUST001727,2024-03-26,refunded,ach,294.65,294.65
PAY001278,POL001378,CUST004590,2025-11-03,paid,card,1263.38,1263.38
PAY001279,POL001379,CUST004767,2025-07-18,reversed,ach,708.24,708.24
PAY001280,POL001380,CUST001304,2024-03-11,past_due,wire,1341.61,0.0
PAY001281,POL001381,CUST003013,2026-02-23,reversed,wire,94.38,94.38
PAY001282,POL001382,CUST004079,2025-12-02,past_due,other,767.05,767.05
PAY001283,POL001383,CUST001800,2025-07-26,paid,payroll,1659.74,1659.74
PAY001284,POL001384,CUST000242,2025-03-21,past_due,payroll,1307.29,1307.29
PAY001285,POL001385,CUST002896,2025-05-30,paid,ach,1301.22,1301.22
PAY001286,POL001386,CUST004337,2024-08-20,reversed,cash,1835.18,1835.18
PAY001287,POL001387,CUST004176,2026-03-28,failed,ach,679.74,679.74
PAY001288,POL001388,CUST000584,2026-04-01,scheduled,check,916.48,916.48
PAY001289,POL001389,CUST004822,2025-11-29,failed,payroll,119.0,119.0
PAY001290,POL001390,CUST002395,2025-08-17,past_due,check,1584.42,0.0
PAY001291,POL001391,CUST000030,2024-01-14,paid,card,1983.49,1983.49
PAY001292,POL001392,CUST004159,2026-07-24,paid,wire,763.8,763.8
PAY001293,POL001393,CUST004750,2025-09-07,failed,card,1291.24,1291.24
PAY001294,POL001394,CUST001040,2025-01-23,paid,check,1587.86,1587.86
PAY001295,POL001395,CUST002356,2026-08-19,paid,ach,1619.97,1619.97
PAY001296,POL001396,CUST002060,2025-01-11,paid,other,1207.18,1207.18
PAY001297,POL001397,CUST002093,2024-03-21,past_due,cash,465.57,465.57
PAY001298,POL001398,CUST000830,2026-07-25,paid,payroll,1010.76,1010.76
PAY001299,POL001399,CUST001482,2024-04-11,reversed,cash,1842.19,1842.19
PAY001300,POL001400,CUST000590,2024-05-20,refunded,card,1481.76,0.0
PAY001301,POL001401,CUST003552,2024-02-05,scheduled,ach,542.59,542.59
PAY001302,POL001402,CUST000543,2026-03-20,failed,check,926.43,0.0
PAY001303,POL001403,CUST003444,2026-06-15,reversed,payroll,1253.28,0.0
PAY001304,POL001404,CUST001580,2025-05-18,past_due,wire,643.96,643.96
PAY001305,POL001405,CUST004300,2026-03-01,scheduled,ach,1702.83,1702.83
PAY001306,POL001406,CUST004033,2026-08-31,reversed,ach,68.94,68.94
PAY001307,POL001407,CUST000309,2026-08-20,reversed,payroll,1147.17,1147.17
PAY001308,POL001408,CUST001927,2025-04-22,past_due,other,321.84,0.0
PAY001309,POL001409,CUST002464,2025-11-07,paid,card,1532.91,1532.91
PAY001310,POL001410,CUST003120,2024-02-05,paid,cash,1011.86,1011.86
PAY001311,POL001411,CUST003713,2025-12-03,paid,cash,91.9,91.9
PAY001312,POL001412,CUST000966,2025-06-14,past_due,wire,848.57,848.57
PAY001313,POL001413,CUST002108,2025-07-07,scheduled,cash,1222.79,0.0
PAY001314,POL001414,CUST003737,2026-05-03,failed,other,310.32,310.32
PAY001315,POL001415,CUST003511,2025-06-28,failed,payroll,868.21,868.21
PAY001316,POL001416,CUST003686,2024-09-02,paid,other,1836.07,1836.07
PAY001317,POL001417,CUST003778,2024-12-02,refunded,ach,417.02,417.02
PAY001318,POL001418,CUST004942,2026-09-07,reversed,wire,747.1,0.0
PAY001319,POL001419,CUST003958,2026-04-02,paid,wire,109.34,109.34
PAY001320,POL001420,CUST001780,2025-04-01,paid,ach,1509.34,1509.34
PAY001321,POL001421,CUST001586,2025-08-07,paid,ach,1641.72,1641.72
PAY001322,POL001422,CUST003793,2026-06-12,paid,ach,1465.98,0.0
PAY001323,POL001423,CUST003839,2024-07-30,paid,ach,1067.83,1067.83
PAY001324,POL001424,CUST003557,2025-06-22,paid,payroll,1643.82,1643.82
PAY001325,POL001425,CUST002798,2026-06-15,scheduled,wire,574.38,574.38
PAY001326,POL001426,CUST001658,2024-10-21,failed,wire,646.22,0.0
PAY001327,POL001427,CUST001436,2025-03-08,paid,other,1239.46,1239.46
PAY001328,POL001428,CUST000434,2025-02-03,past_due,card,1575.42,1575.42
PAY001329,POL001429,CUST004224,2025-07-21,paid,other,1746.56,1746.56
PAY001330,POL001430,CUST002479,2024-10-30,failed,ach,1433.26,1433.26
PAY001331,POL001431,CUST003805,2024-05-31,paid,wire,1388.38,1388.38
PAY001332,POL001432,CUST003316,2024-03-03,scheduled,ach,1755.67,0.0
PAY001333,POL001433,CUST003719,2026-08-30,paid,cash,90.69,90.69
PAY001334,POL001434,CUST001248,2025-04-25,paid,check,122.72,122.72
PAY001335,POL001435,CUST000103,2024-09-21,past_due,payroll,1028.01,1028.01
PAY001336,POL001436,CUST003549,2024-09-13,refunded,other,1989.01,1989.01
PAY001337,POL001437,CUST002867,2025-11-30,scheduled,cash,1023.26,1023.26
PAY001338,POL001438,CUST003823,2024-02-01,scheduled,ach,524.84,0.0
PAY001339,POL001439,CUST003112,2024-12-28,paid,other,1792.7,1792.7
PAY001340,POL001440,CUST001812,2025-05-18,scheduled,wire,1544.72,1544.72
PAY001341,POL001441,CUST001320,2025-10-08,paid,other,1041.7,1041.7
PAY001342,POL001442,CUST000247,2024-06-22,paid,payroll,1965.23,0.0
PAY001343,POL001443,CUST000507,2024-11-07,failed,ach,907.18,907.18
PAY001344,POL001444,CUST000800,2026-01-21,paid,check,300.33,300.33
PAY001345,POL001445,CUST000475,2026-07-18,refunded,card,1166.99,1166.99
PAY001346,POL001446,CUST004842,2024-07-14,scheduled,payroll,1824.6,1824.6
PAY001347,POL001447,CUST001884,2025-11-04,refunded,ach,720.04,720.04
PAY001348,POL001448,CUST004749,2026-02-24,reversed,payroll,418.02,418.02
PAY001349,POL001449,CUST004169,2026-06-12,scheduled,card,1186.54,1186.54
PAY001350,POL001450,CUST004717,2026-05-14,refunded,payroll,1187.42,0.0
PAY001351,POL001451,CUST001639,2025-03-19,paid,check,1141.39,1141.39
PAY001352,POL001452,CUST000502,2025-03-30,past_due,ach,224.76,224.76
PAY001353,POL001453,CUST001188,2026-04-01,scheduled,ach,1650.2,0.0
PAY001354,POL001454,CUST001182,2024-09-11,paid,wire,1548.47,1548.47
PAY001355,POL001455,CUST003335,2024-01-11,past_due,payroll,977.97,0.0
PAY001356,POL001456,CUST004328,2025-12-27,past_due,check,1859.67,1859.67
PAY001357,POL001457,CUST001412,2024-11-15,paid,ach,956.38,956.38
PAY001358,POL001458,CUST004827,2024-07-14,paid,payroll,1282.6,1282.6
PAY001359,POL001459,CUST003094,2025-09-20,paid,ach,524.85,0.0
PAY001360,POL001460,CUST001534,2025-10-12,scheduled,cash,341.58,341.58
PAY001361,POL001461,CUST003223,2026-05-22,paid,card,1565.92,0.0
PAY001362,POL001462,CUST002067,2024-11-27,failed,other,292.77,292.77
PAY001363,POL001463,CUST001058,2024-10-13,failed,payroll,1333.3,1333.3
PAY001364,POL001464,CUST000941,2025-10-02,paid,cash,1830.05,0.0
PAY001365,POL001465,CUST000855,2025-02-04,paid,card,1976.22,0.0
PAY001366,POL001466,CUST002135,2026-04-02,paid,cash,325.46,325.46
PAY001367,POL001467,CUST000189,2024-11-05,failed,check,729.03,729.03
PAY001368,POL001468,CUST003971,2024-08-01,scheduled,card,345.85,345.85
PAY001369,POL001469,CUST001851,2025-12-31,past_due,card,1422.89,1422.89
PAY001370,POL001470,CUST004059,2026-08-30,scheduled,cash,1693.39,1693.39
PAY001371,POL001471,CUST001045,2024-11-09,past_due,cash,339.3,339.3
PAY001372,POL001472,CUST003170,2024-01-23,failed,check,1754.8,0.0
PAY001373,POL001473,CUST003992,2026-01-28,paid,check,1263.2,1263.2
PAY001374,POL001474,CUST000809,2025-02-16,scheduled,wire,155.23,155.23
PAY001375,POL001475,CUST002400,2026-08-09,paid,card,575.92,575.92
PAY001376,POL001476,CUST004727,2024-01-05,failed,cash,538.48,538.48
PAY001377,POL001477,CUST002308,2024-11-06,paid,wire,1531.71,0.0
PAY001378,POL001478,CUST000602,2024-10-09,past_due,check,1464.09,1464.09
PAY001379,POL001479,CUST004112,2024-04-23,paid,ach,1411.66,1411.66
PAY001380,POL001480,CUST002309,2026-01-10,failed,card,1175.33,1175.33
PAY001381,POL001481,CUST004311,2025-06-10,paid,check,197.78,197.78
PAY001382,POL001482,CUST001311,2024-02-16,reversed,wire,223.96,223.96
PAY001383,POL001483,CUST000794,2026-03-14,past_due,ach,1688.52,1688.52
PAY001384,POL001484,CUST004629,2025-02-20,reversed,other,84.3,0.0
PAY001385,POL001485,CUST002614,2025-02-21,failed,payroll,1000.97,1000.97
PAY001386,POL001486,CUST003153,2024-01-16,paid,payroll,477.49,477.49
PAY001387,POL001487,CUST004542,2026-02-05,paid,payroll,843.1,843.1
PAY001388,POL001488,CUST004520,2024-11-06,scheduled,wire,1926.74,1926.74
PAY001389,POL001489,CUST001599,2024-03-12,failed,check,1925.0,1925.0
PAY001390,POL001490,CUST003925,2024-02-01,reversed,check,161.08,161.08
PAY001391,POL001491,CUST001562,2024-01-15,past_due,card,513.57,513.57
PAY001392,POL001492,CUST003475,2024-05-14,past_due,wire,1468.84,1468.84
PAY001393,POL001493,CUST004836,2024-06-14,paid,card,1702.13,1702.13
PAY001394,POL001494,CUST000567,2024-01-03,paid,other,1855.29,1855.29
PAY001395,POL001495,CUST000022,2025-03-22,paid,check,461.82,461.82
PAY001396,POL001496,CUST001366,2024-06-02,scheduled,ach,881.41,881.41
PAY001397,POL001497,CUST003350,2025-11-05,paid,ach,277.01,0.0
PAY001398,POL001498,CUST001373,2026-04-19,past_due,ach,543.45,543.45
PAY001399,POL001499,CUST002207,2024-12-05,reversed,ach,262.29,262.29
PAY001400,POL001500,CUST001882,2024-11-21,failed,other,1762.88,1762.88
PAY001401,POL001501,CUST003732,2024-10-21,refunded,wire,543.9,543.9
PAY001402,POL001502,CUST001766,2024-04-15,scheduled,card,1740.46,1740.46
PAY001403,POL001503,CUST004915,2025-03-05,scheduled,ach,1972.2,0.0
PAY001404,POL001504,CUST001704,2025-04-15,scheduled,ach,1291.97,0.0
PAY001405,POL001505,CUST004794,2024-05-25,paid,check,888.14,888.14
PAY001406,POL001506,CUST003834,2025-02-06,paid,wire,1607.04,1607.04
PAY001407,POL001507,CUST004881,2026-09-04,past_due,check,1836.75,1836.75
PAY001408,POL001508,CUST002157,2026-04-05,scheduled,wire,89.46,89.46
PAY001409,POL001509,CUST000992,2024-11-18,refunded,other,775.11,775.11
PAY001410,POL001510,CUST002465,2025-09-06,paid,payroll,1208.13,0.0
PAY001411,POL001511,CUST000362,2025-12-29,scheduled,ach,955.08,0.0
PAY001412,POL001512,CUST002840,2026-03-10,past_due,check,542.26,0.0
PAY001413,POL001513,CUST000176,2026-07-15,reversed,cash,1564.77,0.0
PAY001414,POL001514,CUST000170,2024-03-23,failed,ach,646.06,0.0
PAY001415,POL001515,CUST002637,2025-12-23,past_due,card,1017.45,1017.45
PAY001416,POL001516,CUST003061,2025-03-27,paid,card,660.64,660.64
PAY001417,POL001517,CUST004914,2026-03-24,paid,card,370.26,370.26
PAY001418,POL001518,CUST001730,2026-06-06,paid,wire,1378.03,0.0
PAY001419,POL001519,CUST002339,2025-01-17,failed,ach,1034.32,0.0
PAY001420,POL001520,CUST000326,2025-05-06,reversed,card,1873.32,1873.32
PAY001421,POL001521,CUST003482,2024-05-16,refunded,wire,768.31,768.31
PAY001422,POL001522,CUST001306,2025-07-26,failed,ach,805.4,805.4
PAY001423,POL001523,CUST001990,2024-06-29,paid,ach,1703.96,0.0
PAY001424,POL001524,CUST004396,2025-11-15,past_due,wire,707.43,707.43
PAY001425,POL001525,CUST003421,2024-08-25,past_due,payroll,146.08,146.08
PAY001426,POL001526,CUST002164,2026-04-29,paid,other,432.23,432.23
PAY001427,POL001527,CUST000127,2024-09-22,past_due,cash,1487.55,1487.55
PAY001428,POL001528,CUST001760,2025-04-10,paid,other,592.52,592.52
PAY001429,POL001529,CUST003934,2025-06-03,refunded,cash,1825.88,0.0
PAY001430,POL001530,CUST002719,2025-05-17,paid,check,1266.07,1266.07
PAY001431,POL001531,CUST002950,2024-01-04,paid,cash,1125.4,0.0
PAY001432,POL001532,CUST004104,2026-04-26,reversed,cash,1328.14,1328.14
PAY001433,POL001533,CUST004180,2025-12-18,past_due,card,1484.8,1484.8
PAY001434,POL001534,CUST002887,2025-10-29,paid,wire,1018.99,1018.99
PAY001435,POL001535,CUST003644,2025-06-27,paid,wire,107.45,107.45
PAY001436,POL001536,CUST004168,2024-04-09,failed,card,839.7,0.0
PAY001437,POL001537,CUST002551,2025-01-14,paid,payroll,731.37,731.37
PAY001438,POL001538,CUST001605,2025-03-15,scheduled,cash,824.78,0.0
PAY001439,POL001539,CUST000538,2025-09-18,paid,payroll,1302.19,0.0
PAY001440,POL001540,CUST003612,2026-01-18,paid,ach,1556.84,0.0
PAY001441,POL001541,CUST001340,2025-07-08,paid,wire,640.33,640.33
PAY001442,POL001542,CUST001244,2026-04-16,past_due,ach,1853.75,1853.75
PAY001443,POL001543,CUST003785,2024-11-24,failed,cash,189.61,189.61
PAY001444,POL001544,CUST003092,2026-08-21,past_due,other,1351.51,0.0
PAY001445,POL001545,CUST002163,2026-08-20,scheduled,ach,1850.04,0.0
PAY001446,POL001546,CUST001272,2025-06-13,failed,check,1642.54,0.0
PAY001447,POL001547,CUST002223,2024-11-12,reversed,payroll,944.92,944.92
PAY001448,POL001548,CUST003199,2024-06-28,paid,ach,1592.55,1592.55
PAY001449,POL001549,CUST003203,2025-08-17,past_due,other,1386.99,1386.99
PAY001450,POL001550,CUST003764,2026-04-22,paid,check,1430.25,1430.25
PAY001451,POL001551,CUST001549,2026-06-08,refunded,other,649.9,649.9
PAY001452,POL001552,CUST003663,2026-05-08,reversed,check,1551.13,1551.13
PAY001453,POL001553,CUST001587,2024-07-09,paid,payroll,1708.5,1708.5
PAY001454,POL001554,CUST004015,2026-07-28,paid,other,437.26,0.0
PAY001455,POL001555,CUST002474,2026-07-02,paid,card,1405.46,0.0
PAY001456,POL001556,CUST002630,2026-06-04,paid,payroll,681.44,681.44
PAY001457,POL001557,CUST001861,2025-05-31,paid,ach,729.22,729.22
PAY001458,POL001558,CUST004262,2024-12-02,paid,payroll,494.37,0.0
PAY001459,POL001559,CUST001933,2026-05-17,paid,card,1336.24,0.0
PAY001460,POL001560,CUST003030,2026-02-09,failed,ach,796.77,796.77
PAY001461,POL001561,CUST002616,2025-03-13,paid,other,1693.83,1693.83
PAY001462,POL001562,CUST003812,2026-02-12,refunded,check,574.34,0.0
PAY001463,POL001563,CUST004214,2026-08-08,reversed,cash,399.09,0.0
PAY001464,POL001564,CUST000817,2024-01-08,past_due,card,697.5,697.5
PAY001465,POL001565,CUST000609,2024-12-15,scheduled,wire,396.64,396.64
PAY001466,POL001566,CUST002431,2024-10-24,failed,wire,369.16,0.0
PAY001467,POL001567,CUST003075,2024-12-25,reversed,check,1007.09,0.0
PAY001468,POL001568,CUST003306,2025-12-28,scheduled,cash,1648.29,1648.29
PAY001469,POL001569,CUST001402,2025-10-20,refunded,card,214.49,0.0
PAY001470,POL001570,CUST001866,2026-03-13,failed,other,1860.02,0.0
PAY001471,POL001571,CUST004157,2026-09-15,reversed,cash,1236.23,0.0
PAY001472,POL001572,CUST001389,2026-03-31,failed,wire,1134.72,1134.72
PAY001473,POL001573,CUST002014,2024-07-25,paid,wire,1824.27,1824.27
PAY001474,POL001574,CUST002618,2025-11-24,reversed,check,130.17,130.17
PAY001475,POL001575,CUST003323,2026-03-03,paid,ach,1796.08,1796.08
PAY001476,POL001576,CUST002995,2025-12-26,paid,other,89.37,89.37
PAY001477,POL001577,CUST001353,2025-01-22,paid,check,622.34,622.34
PAY001478,POL001578,CUST003432,2025-09-14,scheduled,payroll,1857.4,1857.4
PAY001479,POL001579,CUST003292,2025-08-04,scheduled,ach,229.92,229.92
PAY001480,POL001580,CUST001261,2026-05-19,paid,ach,1661.26,0.0
PAY001481,POL001581,CUST003192,2024-05-20,refunded,wire,871.37,0.0
PAY001482,POL001582,CUST004001,2026-05-13,paid,other,1712.13,1712.13
PAY001483,POL001583,CUST001031,2026-01-27,paid,payroll,1808.61,1808.61
PAY001484,POL001584,CUST002064,2024-08-11,reversed,cash,1827.85,1827.85
PAY001485,POL001585,CUST003379,2026-01-11,paid,cash,1891.3,1891.3
PAY001486,POL001586,CUST000319,2025-04-23,paid,wire,1314.14,1314.14
PAY001487,POL001587,CUST004071,2024-09-02,past_due,wire,1891.67,1891.67
PAY001488,POL001588,CUST000346,2025-06-06,past_due,payroll,383.8,0.0
PAY001489,POL001589,CUST004704,2024-09-02,scheduled,cash,928.1,928.1
PAY001490,POL001590,CUST000826,2025-12-15,paid,cash,822.9,822.9
PAY001491,POL001591,CUST000745,2026-05-23,failed,cash,872.36,0.0
PAY001492,POL001592,CUST000892,2025-05-11,reversed,ach,1827.14,1827.14
PAY001493,POL001593,CUST000989,2024-02-25,past_due,check,1207.24,1207.24
PAY001494,POL001594,CUST001194,2025-08-03,past_due,card,1038.33,0.0
PAY001495,POL001595,CUST001218,2026-06-21,paid,other,1841.34,1841.34
PAY001496,POL001596,CUST000791,2026-05-06,failed,check,1129.77,1129.77
PAY001497,POL001597,CUST001320,2024-10-10,refunded,cash,1680.9,0.0
PAY001498,POL001598,CUST001912,2024-04-04,scheduled,wire,1743.09,1743.09
PAY001499,POL001599,CUST003971,2026-07-14,failed,ach,1200.07,1200.07
PAY001500,POL001600,CUST004000,2025-06-28,refunded,cash,99.25,99.25
PAY001501,POL001601,CUST004884,2025-08-28,paid,cash,1555.78,1555.78
PAY001502,POL001602,CUST000567,2024-05-18,refunded,wire,276.17,0.0
PAY001503,POL001603,CUST000326,2026-01-20,reversed,ach,519.37,519.37
PAY001504,POL001604,CUST001056,2024-01-26,refunded,other,1915.36,1915.36
PAY001505,POL001605,CUST001343,2024-03-24,paid,payroll,382.99,382.99
PAY001506,POL001606,CUST004815,2026-04-12,reversed,card,989.04,989.04
PAY001507,POL001607,CUST003691,2026-04-19,refunded,payroll,1946.17,1946.17
PAY001508,POL001608,CUST001592,2024-05-05,paid,payroll,1945.84,1945.84
PAY001509,POL001609,CUST001311,2025-05-24,paid,payroll,1769.57,1769.57
PAY001510,POL001610,CUST000678,2026-08-10,past_due,other,776.34,776.34
PAY001511,POL001611,CUST004927,2024-02-16,past_due,card,750.44,750.44
PAY001512,POL001612,CUST002387,2024-06-26,paid,wire,1423.36,0.0
PAY001513,POL001613,CUST002552,2024-05-13,paid,payroll,1222.46,1222.46
PAY001514,POL001614,CUST003029,2026-07-02,refunded,ach,855.09,855.09
PAY001515,POL001615,CUST001858,2024-11-08,past_due,payroll,403.16,403.16
PAY001516,POL001616,CUST001281,2026-08-20,scheduled,other,1488.48,0.0
PAY001517,POL001617,CUST002887,2026-08-06,paid,payroll,1091.5,1091.5
PAY001518,POL001618,CUST004279,2026-08-15,failed,other,1220.66,1220.66
PAY001519,POL001619,CUST000653,2026-03-10,refunded,check,1324.9,0.0
PAY001520,POL001620,CUST002196,2025-11-20,refunded,wire,1135.56,1135.56
PAY001521,POL001621,CUST001517,2025-02-22,paid,wire,251.92,251.92
PAY001522,POL001622,CUST003949,2026-05-30,scheduled,cash,1151.83,0.0
PAY001523,POL001623,CUST004940,2024-04-18,scheduled,card,1061.11,0.0
PAY001524,POL001624,CUST002336,2025-03-20,past_due,cash,259.22,259.22
PAY001525,POL001625,CUST000803,2026-05-30,refunded,wire,1550.38,1550.38
PAY001526,POL001626,CUST000339,2024-03-27,paid,card,761.33,761.33
PAY001527,POL001627,CUST000006,2024-04-01,reversed,ach,1914.27,1914.27
PAY001528,POL001628,CUST002165,2024-06-01,paid,cash,1047.11,1047.11
PAY001529,POL001629,CUST003015,2026-08-02,refunded,ach,1696.81,1696.81
PAY001530,POL001630,CUST001171,2026-02-15,failed,card,72.44,72.44
PAY001531,POL001631,CUST004667,2025-10-17,past_due,check,1129.32,0.0
PAY001532,POL001632,CUST000291,2026-03-10,scheduled,payroll,893.07,893.07
PAY001533,POL001633,CUST002662,2024-06-26,paid,cash,1260.4,0.0
PAY001534,POL001634,CUST001843,2025-05-25,scheduled,check,976.4,0.0
PAY001535,POL001635,CUST000481,2024-12-20,reversed,other,1481.52,1481.52
PAY001536,POL001636,CUST002184,2026-07-19,paid,cash,686.46,686.46
PAY001537,POL001637,CUST003370,2026-01-04,scheduled,cash,1833.43,1833.43
PAY001538,POL001638,CUST000640,2024-09-14,scheduled,check,1560.34,1560.34
PAY001539,POL001639,CUST003292,2025-12-19,paid,ach,564.87,0.0
PAY001540,POL001640,CUST003563,2024-03-17,reversed,other,1884.06,1884.06
PAY001541,POL001641,CUST004148,2025-10-28,refunded,other,129.53,129.53
PAY001542,POL001642,CUST000650,2025-03-09,paid,ach,1358.48,1358.48
PAY001543,POL001643,CUST002376,2025-07-05,failed,ach,559.48,559.48
PAY001544,POL001644,CUST000859,2026-01-09,paid,payroll,1020.27,0.0
PAY001545,POL001645,CUST002099,2024-02-01,reversed,cash,562.12,562.12
PAY001546,POL001646,CUST001576,2024-09-25,failed,check,1111.27,1111.27
PAY001547,POL001647,CUST002321,2024-11-15,refunded,card,291.33,291.33
PAY001548,POL001648,CUST002171,2025-06-30,paid,cash,138.07,138.07
PAY001549,POL001649,CUST002249,2025-08-04,paid,wire,63.59,63.59
PAY001550,POL001650,CUST000077,2025-07-16,paid,ach,283.33,283.33
PAY001551,POL001651,CUST002593,2026-08-27,paid,card,1550.16,1550.16
PAY001552,POL001652,CUST002931,2026-05-03,scheduled,payroll,158.39,158.39
PAY001553,POL001653,CUST000590,2025-01-02,failed,ach,1581.07,0.0
PAY001554,POL001654,CUST001078,2026-06-14,failed,check,1295.97,1295.97
PAY001555,POL001655,CUST001887,2025-11-07,refunded,payroll,1567.62,1567.62
PAY001556,POL001656,CUST000650,2025-06-27,reversed,cash,405.41,405.41
PAY001557,POL001657,CUST002098,2025-08-13,past_due,check,946.51,946.51
PAY001558,POL001658,CUST003219,2025-10-22,past_due,other,548.12,548.12
PAY001559,POL001659,CUST004088,2024-12-06,scheduled,wire,1651.32,1651.32
PAY001560,POL001660,CUST004090,2026-08-30,paid,other,517.27,517.27
PAY001561,POL001661,CUST000261,2024-05-21,reversed,card,1592.25,1592.25
PAY001562,POL001662,CUST000164,2025-01-06,paid,cash,944.0,0.0
PAY001563,POL001663,CUST003511,2025-01-23,past_due,card,1431.77,1431.77
PAY001564,POL001664,CUST003339,2025-07-07,paid,other,742.97,742.97
PAY001565,POL001665,CUST004840,2024-02-25,past_due,cash,401.89,401.89
PAY001566,POL001666,CUST004138,2025-02-12,paid,ach,1622.08,1622.08
PAY001567,POL001667,CUST004811,2025-06-03,past_due,wire,1162.49,1162.49
PAY001568,POL001668,CUST002506,2025-08-15,past_due,card,1690.73,1690.73
PAY001569,POL001669,CUST002916,2025-10-21,paid,ach,959.46,959.46
PAY001570,POL001670,CUST001218,2025-11-22,reversed,wire,1643.4,1643.4
PAY001571,POL001671,CUST003552,2025-09-03,reversed,check,864.17,864.17
PAY001572,POL001672,CUST000681,2024-08-07,failed,payroll,1204.03,0.0
PAY001573,POL001673,CUST001112,2026-09-09,past_due,card,626.76,626.76
PAY001574,POL001674,CUST003491,2024-05-17,failed,card,53.85,53.85
PAY001575,POL001675,CUST003732,2026-08-18,paid,wire,1865.2,0.0
PAY001576,POL001676,CUST001104,2026-05-15,paid,payroll,1304.57,1304.57
PAY001577,POL001677,CUST000682,2025-07-29,scheduled,wire,1574.65,0.0
PAY001578,POL001678,CUST003723,2025-03-13,paid,payroll,811.94,811.94
PAY001579,POL001679,CUST003157,2024-04-20,paid,card,1426.91,0.0
PAY001580,POL001680,CUST001238,2025-09-01,reversed,ach,1507.33,1507.33
PAY001581,POL001681,CUST003287,2024-01-26,reversed,cash,825.68,0.0
PAY001582,POL001682,CUST003468,2024-05-21,refunded,wire,697.06,697.06
PAY001583,POL001683,CUST000014,2024-03-12,failed,wire,1755.23,0.0
PAY001584,POL001684,CUST003912,2024-10-11,paid,card,628.28,628.28
PAY001585,POL001685,CUST003420,2025-03-23,paid,payroll,699.4,699.4
PAY001586,POL001686,CUST003204,2025-03-30,paid,other,1844.76,1844.76
PAY001587,POL001687,CUST002789,2025-02-18,paid,payroll,489.62,489.62
PAY001588,POL001688,CUST000399,2025-05-23,paid,payroll,254.19,0.0
PAY001589,POL001689,CUST001531,2026-08-24,paid,wire,779.92,779.92
PAY001590,POL001690,CUST003038,2024-05-20,paid,card,1996.99,0.0
PAY001591,POL001691,CUST002359,2025-09-19,refunded,ach,451.02,0.0
PAY001592,POL001692,CUST000395,2024-10-03,past_due,wire,539.09,539.09
PAY001593,POL001693,CUST000756,2025-06-08,past_due,ach,1326.98,1326.98
PAY001594,POL001694,CUST004396,2026-09-04,reversed,payroll,1377.18,1377.18
PAY001595,POL001695,CUST000768,2026-08-20,paid,other,1399.37,1399.37
PAY001596,POL001696,CUST003918,2025-04-10,past_due,other,305.05,305.05
PAY001597,POL001697,CUST004045,2025-07-08,paid,ach,431.81,431.81
PAY001598,POL001698,CUST003652,2024-04-11,paid,cash,321.35,321.35
PAY001599,POL001699,CUST004411,2025-01-11,scheduled,ach,1684.45,1684.45
PAY001600,POL001700,CUST000483,2025-02-16,paid,cash,999.09,999.09
PAY001601,POL001701,CUST002950,2024-09-25,refunded,wire,1479.04,1479.04
PAY001602,POL001702,CUST002663,2024-04-06,paid,ach,994.54,994.54
PAY001603,POL001703,CUST004903,2024-08-29,refunded,ach,1613.52,0.0
PAY001604,POL001704,CUST003754,2024-12-23,past_due,cash,630.04,630.04
PAY001605,POL001705,CUST000018,2025-11-19,refunded,ach,1157.68,1157.68
PAY001606,POL001706,CUST001961,2025-09-09,paid,payroll,491.22,491.22
PAY001607,POL001707,CUST002847,2025-12-04,paid,cash,198.72,198.72
PAY001608,POL001708,CUST003282,2025-02-09,refunded,wire,1649.09,1649.09
PAY001609,POL001709,CUST002178,2025-09-16,paid,check,303.27,303.27
PAY001610,POL001710,CUST003266,2026-03-03,paid,payroll,841.96,841.96
PAY001611,POL001711,CUST001384,2026-06-07,refunded,cash,387.0,387.0
PAY001612,POL001712,CUST002201,2024-07-20,reversed,other,766.88,766.88
PAY001613,POL001713,CUST001476,2025-07-30,refunded,other,670.1,670.1
PAY001614,POL001714,CUST002713,2026-06-05,scheduled,cash,707.33,707.33
PAY001615,POL001715,CUST004155,2025-07-29,failed,other,894.96,894.96
PAY001616,POL001716,CUST004793,2026-02-10,failed,card,1602.89,1602.89
PAY001617,POL001717,CUST001444,2024-10-21,paid,cash,1717.15,1717.15
PAY001618,POL001718,CUST002489,2025-10-21,paid,ach,240.86,0.0
PAY001619,POL001719,CUST003615,2025-12-25,refunded,payroll,463.7,463.7
PAY001620,POL001720,CUST000508,2026-07-11,paid,card,1741.4,1741.4
PAY001621,POL001721,CUST003628,2026-01-20,past_due,cash,1180.21,1180.21
PAY001622,POL001722,CUST001473,2026-08-05,past_due,ach,807.34,807.34
PAY001623,POL001723,CUST001360,2025-06-17,failed,cash,724.27,0.0
PAY001624,POL001724,CUST001661,2024-11-08,paid,card,92.11,92.11
PAY001625,POL001725,CUST001308,2024-10-02,paid,payroll,335.94,335.94
PAY001626,POL001726,CUST004986,2024-12-10,paid,payroll,565.78,0.0
PAY001627,POL001727,CUST004143,2026-01-05,paid,other,76.46,76.46
PAY001628,POL001728,CUST001061,2026-07-05,failed,card,338.21,338.21
PAY001629,POL001729,CUST001791,2025-10-09,paid,check,338.36,338.36
PAY001630,POL001730,CUST002463,2025-07-23,paid,ach,991.31,0.0
PAY001631,POL001731,CUST004510,2024-01-04,refunded,ach,532.64,532.64
PAY001632,POL001732,CUST003089,2025-07-12,reversed,ach,1677.95,1677.95
PAY001633,POL001733,CUST002110,2026-05-02,past_due,payroll,1778.35,1778.35
PAY001634,POL001734,CUST003314,2024-07-26,paid,card,209.47,209.47
PAY001635,POL001735,CUST001827,2025-02-14,reversed,card,542.54,542.54
PAY001636,POL001736,CUST000137,2025-12-07,refunded,wire,1610.8,1610.8
PAY001637,POL001737,CUST004065,2025-05-04,paid,cash,1103.78,1103.78
PAY001638,POL001738,CUST001851,2025-03-04,paid,check,1660.86,1660.86
PAY001639,POL001739,CUST004324,2024-09-15,past_due,check,1325.24,1325.24
PAY001640,POL001740,CUST000713,2024-02-19,reversed,payroll,1432.48,1432.48
PAY001641,POL001741,CUST002493,2024-06-07,refunded,ach,562.97,562.97
PAY001642,POL001742,CUST002528,2025-09-18,paid,cash,1765.75,1765.75
PAY001643,POL001743,CUST000488,2026-05-08,paid,cash,1203.95,1203.95
PAY001644,POL001744,CUST002728,2026-02-08,refunded,ach,979.73,979.73
PAY001645,POL001745,CUST002611,2024-04-30,failed,ach,394.87,394.87
PAY001646,POL001746,CUST001802,2024-12-20,scheduled,payroll,1977.91,0.0
PAY001647,POL001747,CUST001481,2025-02-25,scheduled,check,1121.69,1121.69
PAY001648,POL001748,CUST000764,2025-02-16,scheduled,ach,1263.73,1263.73
PAY001649,POL001749,CUST000528,2024-03-15,past_due,other,246.48,246.48
PAY001650,POL001750,CUST002167,2026-01-04,reversed,check,832.23,0.0
PAY001651,POL001751,CUST004322,2024-12-28,reversed,other,236.33,236.33
PAY001652,POL001752,CUST000493,2026-03-09,refunded,card,634.56,634.56
PAY001653,POL001753,CUST004036,2026-09-01,refunded,cash,1828.13,1828.13
PAY001654,POL001754,CUST000494,2025-10-22,reversed,card,169.86,169.86
PAY001655,POL001755,CUST001657,2025-04-07,paid,card,1521.16,1521.16
PAY001656,POL001756,CUST003655,2026-05-25,refunded,ach,114.32,114.32
PAY001657,POL001757,CUST003921,2026-06-07,paid,check,1300.16,1300.16
PAY001658,POL001758,CUST003860,2024-12-07,past_due,cash,560.79,560.79
PAY001659,POL001759,CUST000054,2026-06-17,paid,other,473.87,473.87
PAY001660,POL001760,CUST002917,2024-06-14,paid,check,636.84,636.84
PAY001661,POL001761,CUST003084,2024-06-16,refunded,payroll,1604.35,0.0
PAY001662,POL001762,CUST002794,2026-03-20,past_due,check,1889.35,1889.35
PAY001663,POL001763,CUST004180,2026-06-27,paid,card,227.87,227.87
PAY001664,POL001764,CUST002698,2024-02-19,paid,other,58.77,58.77
PAY001665,POL001765,CUST000403,2024-12-29,failed,ach,1975.25,1975.25
PAY001666,POL001766,CUST002130,2025-02-28,past_due,payroll,256.47,256.47
PAY001667,POL001767,CUST000092,2024-02-29,paid,card,423.4,423.4
PAY001668,POL001768,CUST000512,2025-02-06,reversed,ach,1468.16,1468.16
PAY001669,POL001769,CUST004256,2024-08-22,paid,ach,176.99,176.99
PAY001670,POL001770,CUST002184,2024-06-19,failed,check,1493.77,1493.77
PAY001671,POL001771,CUST001967,2025-04-08,paid,cash,1167.52,1167.52
PAY001672,POL001772,CUST000498,2025-09-01,paid,wire,519.64,519.64
PAY001673,POL001773,CUST002471,2026-08-08,paid,cash,442.03,442.03
PAY001674,POL001774,CUST000384,2026-05-12,scheduled,other,1547.38,1547.38
PAY001675,POL001775,CUST001427,2026-08-26,failed,card,753.23,753.23
PAY001676,POL001776,CUST002876,2025-06-18,paid,payroll,745.95,745.95
PAY001677,POL001777,CUST003332,2026-02-21,paid,cash,1566.93,1566.93
PAY001678,POL001778,CUST003881,2025-11-18,paid,ach,990.04,990.04
PAY001679,POL001779,CUST002391,2024-03-22,refunded,wire,443.45,443.45
PAY001680,POL001780,CUST000962,2025-02-15,paid,ach,1368.32,0.0
PAY001681,POL001781,CUST002546,2025-11-19,paid,other,765.36,0.0
PAY001682,POL001782,CUST004729,2024-04-26,refunded,other,1270.08,1270.08
PAY001683,POL001783,CUST000623,2024-02-28,refunded,wire,746.12,0.0
PAY001684,POL001784,CUST004048,2024-05-19,reversed,cash,630.46,630.46
PAY001685,POL001785,CUST003735,2024-02-02,paid,wire,310.75,310.75
PAY001686,POL001786,CUST004676,2024-12-17,failed,card,1347.42,0.0
PAY001687,POL001787,CUST001414,2024-10-18,failed,card,1641.04,0.0
PAY001688,POL001788,CUST000213,2026-05-26,scheduled,card,1037.31,0.0
PAY001689,POL001789,CUST003617,2026-07-29,paid,card,1760.34,1760.34
PAY001690,POL001790,CUST000786,2026-05-06,paid,other,249.54,249.54
PAY001691,POL001791,CUST001481,2025-02-28,scheduled,payroll,1840.68,1840.68
PAY001692,POL001792,CUST000755,2026-07-04,paid,payroll,1377.55,1377.55
PAY001693,POL001793,CUST003868,2026-03-05,reversed,payroll,860.53,860.53
PAY001694,POL001794,CUST003205,2026-03-29,paid,wire,1580.53,1580.53
PAY001695,POL001795,CUST002425,2025-03-20,failed,wire,791.35,791.35
PAY001696,POL001796,CUST002006,2025-05-28,past_due,check,1044.24,1044.24
PAY001697,POL001797,CUST001315,2025-04-10,paid,ach,659.74,659.74
PAY001698,POL001798,CUST004824,2024-07-22,paid,wire,1518.16,1518.16
PAY001699,POL001799,CUST001905,2026-08-06,refunded,wire,1723.33,1723.33
PAY001700,POL001800,CUST001032,2024-09-07,past_due,cash,700.96,0.0
PAY001701,POL001801,CUST001773,2024-02-29,reversed,wire,940.53,0.0
PAY001702,POL001802,CUST003858,2025-12-07,scheduled,check,1826.2,0.0
PAY001703,POL001803,CUST003552,2025-11-22,past_due,ach,254.72,0.0
PAY001704,POL001804,CUST002556,2026-07-12,paid,other,521.72,521.72
PAY001705,POL001805,CUST003308,2024-05-13,paid,card,364.39,364.39
PAY001706,POL001806,CUST004625,2025-07-07,paid,card,1962.97,1962.97
PAY001707,POL001807,CUST004756,2024-04-11,reversed,check,1429.42,1429.42
PAY001708,POL001808,CUST000734,2025-12-15,reversed,other,223.07,223.07
PAY001709,POL001809,CUST002796,2024-07-31,paid,payroll,1860.16,1860.16
PAY001710,POL001810,CUST000490,2025-11-03,failed,payroll,1045.6,0.0
PAY001711,POL001811,CUST000774,2025-02-19,paid,other,1463.53,1463.53
PAY001712,POL001812,CUST004881,2024-04-19,paid,check,913.97,0.0
PAY001713,POL001813,CUST003011,2026-09-03,scheduled,card,403.38,0.0
PAY001714,POL001814,CUST004578,2025-02-08,failed,card,927.68,927.68
PAY001715,POL001815,CUST001946,2025-12-27,failed,ach,1178.83,0.0
PAY001716,POL001816,CUST002213,2026-03-14,paid,other,1879.47,1879.47
PAY001717,POL001817,CUST002247,2025-04-29,paid,check,514.33,514.33
PAY001718,POL001818,CUST001606,2026-05-14,paid,ach,1451.16,1451.16
PAY001719,POL001819,CUST002723,2024-11-17,failed,card,1180.72,0.0
PAY001720,POL001820,CUST003883,2025-10-28,paid,ach,1710.45,1710.45
PAY001721,POL001821,CUST000545,2026-08-08,paid,card,1349.4,1349.4
PAY001722,POL001822,CUST004662,2025-09-24,past_due,other,1377.66,0.0
PAY001723,POL001823,CUST001672,2024-10-14,refunded,cash,1831.08,1831.08
PAY001724,POL001824,CUST000611,2024-03-17,failed,card,1170.18,1170.18
PAY001725,POL001825,CUST001776,2025-01-25,paid,check,673.39,0.0
PAY001726,POL001826,CUST002453,2025-10-21,refunded,cash,1518.64,1518.64
PAY001727,POL001827,CUST000482,2026-01-24,paid,payroll,314.68,314.68
PAY001728,POL001828,CUST002743,2024-06-09,refunded,other,603.99,603.99
PAY001729,POL001829,CUST002818,2025-03-03,failed,card,795.65,795.65
PAY001730,POL001830,CUST004601,2026-08-05,paid,cash,186.93,0.0
PAY001731,POL001831,CUST004059,2025-12-29,paid,ach,729.61,729.61
PAY001732,POL001832,CUST000797,2024-03-10,scheduled,wire,1194.84,1194.84
PAY001733,POL001833,CUST000259,2025-01-23,past_due,cash,1775.44,1775.44
PAY001734,POL001834,CUST004635,2026-03-22,refunded,cash,348.14,0.0
PAY001735,POL001835,CUST004745,2026-02-05,refunded,ach,576.86,0.0
PAY001736,POL001836,CUST000218,2024-11-10,reversed,cash,1049.82,1049.82
PAY001737,POL001837,CUST002722,2024-05-05,paid,payroll,560.11,560.11
PAY001738,POL001838,CUST001550,2024-08-12,scheduled,cash,1352.75,1352.75
PAY001739,POL001839,CUST004218,2026-01-11,reversed,ach,1141.6,1141.6
PAY001740,POL001840,CUST004423,2024-07-28,scheduled,wire,527.12,527.12
PAY001741,POL001841,CUST004460,2026-02-12,refunded,payroll,412.94,412.94
PAY001742,POL001842,CUST000677,2024-02-08,scheduled,check,231.4,231.4
PAY001743,POL001843,CUST002506,2025-09-06,reversed,wire,1373.2,0.0
PAY001744,POL001844,CUST003759,2025-01-01,reversed,other,1626.24,1626.24
PAY001745,POL001845,CUST004854,2024-07-03,paid,check,932.97,0.0
PAY001746,POL001846,CUST000470,2026-08-17,scheduled,card,1805.66,1805.66
PAY001747,POL001847,CUST000275,2025-02-22,paid,wire,1698.52,1698.52
PAY001748,POL001848,CUST000895,2024-07-28,refunded,other,56.33,0.0
PAY001749,POL001849,CUST000849,2025-03-17,paid,card,952.03,952.03
PAY001750,POL001850,CUST002678,2025-10-29,past_due,cash,1002.76,1002.76
PAY001751,POL001851,CUST003534,2025-05-11,past_due,card,126.19,126.19
PAY001752,POL001852,CUST004621,2024-08-27,failed,check,1537.45,0.0
PAY001753,POL001853,CUST001059,2025-03-20,reversed,ach,1998.75,1998.75
PAY001754,POL001854,CUST003534,2026-03-03,scheduled,ach,118.65,118.65
PAY001755,POL001855,CUST001919,2024-08-12,paid,ach,283.07,0.0
PAY001756,POL001856,CUST001111,2025-03-21,paid,card,1590.55,1590.55
PAY001757,POL001857,CUST003383,2026-02-05,reversed,wire,1838.77,0.0
PAY001758,POL001858,CUST000527,2025-11-02,paid,other,1625.59,1625.59
PAY001759,POL001859,CUST003726,2024-07-21,failed,card,1416.37,0.0
PAY001760,POL001860,CUST002014,2026-07-11,past_due,check,898.86,898.86
PAY001761,POL001861,CUST002519,2026-04-06,scheduled,check,684.81,0.0
PAY001762,POL001862,CUST001436,2026-02-25,reversed,card,173.67,173.67
PAY001763,POL001863,CUST000457,2024-11-01,paid,other,178.67,0.0
PAY001764,POL001864,CUST003009,2024-07-13,paid,ach,1055.08,1055.08
PAY001765,POL001865,CUST001896,2024-08-20,scheduled,card,1603.84,0.0
PAY001766,POL001866,CUST000216,2025-02-19,past_due,payroll,850.24,850.24
PAY001767,POL001867,CUST001002,2024-12-14,past_due,card,74.97,0.0
PAY001768,POL001868,CUST004691,2026-08-04,paid,payroll,1060.45,0.0
PAY001769,POL001869,CUST002556,2025-09-08,reversed,card,1870.35,0.0
PAY001770,POL001870,CUST002601,2026-02-17,reversed,ach,1592.05,1592.05
PAY001771,POL001871,CUST001160,2025-03-14,paid,wire,423.25,423.25
PAY001772,POL001872,CUST000490,2025-05-31,refunded,cash,331.46,331.46
PAY001773,POL001873,CUST003760,2026-01-23,scheduled,payroll,556.53,556.53
PAY001774,POL001874,CUST001193,2024-05-11,paid,cash,996.11,996.11
PAY001775,POL001875,CUST000912,2024-07-24,refunded,check,932.79,0.0
PAY001776,POL001876,CUST003055,2024-12-05,paid,other,342.59,342.59
PAY001777,POL001877,CUST000536,2025-11-26,paid,wire,359.89,359.89
PAY001778,POL001878,CUST003476,2025-12-26,paid,wire,1162.22,0.0
PAY001779,POL001879,CUST003917,2026-04-26,paid,ach,1942.53,1942.53
PAY001780,POL001880,CUST001132,2024-02-19,paid,other,1035.81,1035.81
PAY001781,POL001881,CUST001040,2024-07-28,reversed,ach,1495.73,0.0
PAY001782,POL001882,CUST003876,2025-09-20,reversed,payroll,1168.85,1168.85
PAY001783,POL001883,CUST004847,2024-04-18,paid,ach,1897.47,1897.47
PAY001784,POL001884,CUST003669,2025-12-10,refunded,other,494.77,494.77
PAY001785,POL001885,CUST003664,2025-12-17,past_due,ach,195.5,195.5
PAY001786,POL001886,CUST000329,2024-08-22,paid,card,381.59,0.0
PAY001787,POL001887,CUST000391,2026-01-29,paid,other,1430.61,1430.61
PAY001788,POL001888,CUST000542,2025-10-26,reversed,other,86.39,86.39
PAY001789,POL001889,CUST003026,2024-02-16,paid,wire,236.38,0.0
PAY001790,POL001890,CUST004522,2025-08-25,past_due,cash,725.76,0.0
PAY001791,POL001891,CUST000610,2025-01-27,paid,other,291.83,291.83
PAY001792,POL001892,CUST002519,2024-10-20,refunded,other,1737.01,1737.01
PAY001793,POL001893,CUST004945,2026-03-23,past_due,cash,1848.96,0.0
PAY001794,POL001894,CUST000965,2024-12-31,refunded,other,1390.16,1390.16
PAY001795,POL001895,CUST000492,2025-10-20,past_due,payroll,1140.93,1140.93
PAY001796,POL001896,CUST004226,2025-03-02,scheduled,ach,1352.92,0.0
PAY001797,POL001897,CUST001457,2026-03-02,failed,payroll,899.73,899.73
PAY001798,POL001898,CUST002340,2025-02-10,scheduled,other,1788.58,0.0
PAY001799,POL001899,CUST002304,2026-06-06,failed,other,1870.04,0.0
PAY001800,POL001900,CUST000189,2024-05-03,reversed,cash,1520.83,0.0
PAY001801,POL001901,CUST004078,2024-02-29,past_due,payroll,1447.24,0.0
PAY001802,POL001902,CUST003993,2024-07-18,past_due,payroll,1279.65,1279.65
PAY001803,POL001903,CUST001893,2024-12-29,scheduled,payroll,1189.85,1189.85
PAY001804,POL001904,CUST002348,2025-11-04,failed,wire,1126.07,1126.07
PAY001805,POL001905,CUST004412,2026-03-09,past_due,payroll,988.99,0.0
PAY001806,POL001906,CUST003609,2025-01-25,paid,card,1468.4,1468.4
PAY001807,POL001907,CUST003422,2025-09-13,refunded,check,1753.41,1753.41
PAY001808,POL001908,CUST001926,2024-03-13,paid,other,1498.23,1498.23
PAY001809,POL001909,CUST004260,2025-03-23,refunded,cash,507.29,507.29
PAY001810,POL001910,CUST001750,2025-04-01,paid,other,1978.62,1978.62
PAY001811,POL001911,CUST003590,2025-05-08,refunded,ach,422.8,422.8
PAY001812,POL001912,CUST000500,2024-09-08,paid,payroll,978.62,978.62
PAY001813,POL001913,CUST003058,2024-01-19,paid,ach,679.52,679.52
PAY001814,POL001914,CUST000851,2025-12-17,refunded,cash,654.35,654.35
PAY001815,POL001915,CUST004815,2026-03-24,scheduled,check,447.08,447.08
PAY001816,POL001916,CUST003669,2026-05-26,paid,ach,1574.29,1574.29
PAY001817,POL001917,CUST001332,2025-07-30,refunded,wire,1003.21,1003.21
PAY001818,POL001918,CUST002628,2024-01-25,failed,other,918.78,918.78
PAY001819,POL001919,CUST002210,2025-01-20,paid,cash,1385.18,1385.18
PAY001820,POL001920,CUST000194,2024-08-31,paid,cash,1958.75,1958.75
PAY001821,POL001921,CUST004677,2026-01-02,reversed,check,559.94,559.94
PAY001822,POL001922,CUST000506,2024-12-06,failed,check,1196.59,1196.59
PAY001823,POL001923,CUST000386,2024-12-09,paid,payroll,1161.04,1161.04
PAY001824,POL001924,CUST000275,2024-10-23,paid,check,1089.35,1089.35
PAY001825,POL001925,CUST002806,2025-12-01,paid,payroll,1132.98,1132.98
PAY001826,POL001926,CUST000009,2026-07-19,past_due,check,476.43,0.0
PAY001827,POL001927,CUST000930,2026-01-11,past_due,check,558.34,558.34
PAY001828,POL001928,CUST002878,2025-01-10,failed,card,1439.84,1439.84
PAY001829,POL001929,CUST000224,2025-04-25,reversed,wire,1613.5,1613.5
PAY001830,POL001930,CUST000280,2026-06-23,reversed,card,1208.88,1208.88
PAY001831,POL001931,CUST002971,2025-06-26,scheduled,card,385.6,385.6
PAY001832,POL001932,CUST001465,2024-08-03,reversed,other,237.14,237.14
PAY001833,POL001933,CUST001920,2025-07-09,failed,cash,130.03,0.0
PAY001834,POL001934,CUST004058,2025-04-05,failed,other,1322.3,1322.3
PAY001835,POL001935,CUST003748,2024-09-25,refunded,check,1641.33,1641.33
PAY001836,POL001936,CUST004895,2025-05-31,paid,ach,685.06,685.06
PAY001837,POL001937,CUST002401,2025-08-08,scheduled,wire,322.63,322.63
PAY001838,POL001938,CUST003860,2024-06-21,paid,cash,773.54,773.54
PAY001839,POL001939,CUST004227,2026-02-26,reversed,other,1563.75,0.0
PAY001840,POL001940,CUST002868,2024-07-18,past_due,cash,1262.44,1262.44
PAY001841,POL001941,CUST002983,2024-11-09,past_due,wire,1030.49,0.0
PAY001842,POL001942,CUST002210,2026-01-24,past_due,other,1549.26,1549.26
PAY001843,POL001943,CUST002163,2024-01-21,reversed,other,1033.08,1033.08
PAY001844,POL001944,CUST002284,2024-06-06,paid,ach,564.89,0.0
PAY001845,POL001945,CUST003002,2025-04-27,scheduled,ach,1846.69,0.0
PAY001846,POL001946,CUST004817,2024-10-04,paid,ach,1822.44,1822.44
PAY001847,POL001947,CUST000635,2025-02-09,paid,payroll,1563.03,1563.03
PAY001848,POL001948,CUST003114,2026-01-06,past_due,check,1884.71,0.0
PAY001849,POL001949,CUST003005,2025-05-28,paid,other,673.76,673.76
PAY001850,POL001950,CUST002173,2024-07-09,refunded,check,1768.79,1768.79
PAY001851,POL001951,CUST003396,2024-04-02,refunded,check,1642.31,1642.31
PAY001852,POL001952,CUST001380,2025-01-10,paid,other,1807.45,0.0
PAY001853,POL001953,CUST002200,2025-06-24,refunded,card,489.98,489.98
PAY001854,POL001954,CUST002927,2024-09-15,scheduled,payroll,1392.91,1392.91
PAY001855,POL001955,CUST002624,2024-10-03,reversed,cash,186.73,0.0
PAY001856,POL001956,CUST003975,2025-06-05,past_due,card,1109.87,1109.87
PAY001857,POL001957,CUST000935,2024-04-07,scheduled,payroll,264.57,264.57
PAY001858,POL001958,CUST004766,2025-03-19,paid,cash,671.81,671.81
PAY001859,POL001959,CUST001072,2024-07-07,paid,wire,134.51,0.0
PAY001860,POL001960,CUST000580,2025-02-28,paid,check,1301.83,1301.83
PAY001861,POL001961,CUST003198,2025-06-10,paid,ach,618.86,618.86
PAY001862,POL001962,CUST002117,2025-04-16,reversed,check,1938.33,1938.33
PAY001863,POL001963,CUST001930,2025-08-15,paid,check,1644.06,1644.06
PAY001864,POL001964,CUST002316,2024-10-13,paid,other,306.1,0.0
PAY001865,POL001965,CUST001788,2024-03-11,paid,card,1724.0,1724.0
PAY001866,POL001966,CUST003397,2025-11-22,reversed,cash,181.87,181.87
PAY001867,POL001967,CUST000182,2026-05-17,paid,card,1850.65,1850.65
PAY001868,POL001968,CUST000406,2026-04-13,paid,ach,234.21,0.0
PAY001869,POL001969,CUST003352,2024-12-02,paid,check,477.04,477.04
PAY001870,POL001970,CUST004591,2024-12-13,paid,payroll,1251.26,0.0
PAY001871,POL001971,CUST000914,2026-06-03,paid,payroll,1489.08,1489.08
PAY001872,POL001972,CUST004660,2024-04-22,reversed,cash,1252.57,0.0
PAY001873,POL001973,CUST004124,2026-08-15,scheduled,other,1963.88,1963.88
PAY001874,POL001974,CUST003413,2025-03-05,past_due,wire,919.79,919.79
PAY001875,POL001975,CUST004704,2025-03-24,failed,cash,1085.88,1085.88
PAY001876,POL001976,CUST003862,2026-02-03,scheduled,ach,1029.13,0.0
PAY001877,POL001977,CUST000859,2024-07-15,scheduled,card,1305.3,0.0
PAY001878,POL001978,CUST004147,2024-09-14,refunded,payroll,707.19,707.19
PAY001879,POL001979,CUST002153,2024-04-08,reversed,check,1322.18,1322.18
PAY001880,POL001980,CUST002202,2024-06-09,paid,card,1888.57,1888.57
PAY001881,POL001981,CUST004934,2025-04-24,past_due,other,1386.28,1386.28
PAY001882,POL001982,CUST003968,2025-10-11,scheduled,other,1735.7,1735.7
PAY001883,POL001983,CUST001951,2025-02-15,failed,cash,1746.91,0.0
PAY001884,POL001984,CUST004739,2024-02-09,past_due,check,402.73,402.73
PAY001885,POL001985,CUST000792,2026-04-03,paid,payroll,1738.94,1738.94
PAY001886,POL001986,CUST004479,2026-02-27,refunded,wire,1585.09,1585.09
PAY001887,POL001987,CUST001842,2025-12-19,paid,wire,1288.52,1288.52
PAY001888,POL001988,CUST002794,2025-07-25,paid,other,292.56,292.56
PAY001889,POL001989,CUST002498,2025-01-10,failed,check,609.05,0.0
PAY001890,POL001990,CUST001739,2026-01-06,reversed,wire,233.12,233.12
PAY001891,POL001991,CUST004697,2025-07-10,scheduled,check,288.82,288.82
PAY001892,POL001992,CUST002990,2025-05-31,paid,other,1371.84,0.0
PAY001893,POL001993,CUST004167,2024-03-24,paid,wire,458.11,458.11
PAY001894,POL001994,CUST002955,2025-05-20,past_due,wire,1683.28,1683.28
PAY001895,POL001995,CUST004891,2025-11-10,failed,card,357.04,0.0
PAY001896,POL001996,CUST001130,2024-08-11,paid,payroll,1580.29,1580.29
PAY001897,POL001997,CUST002371,2024-02-09,failed,payroll,1313.84,1313.84
PAY001898,POL001998,CUST002064,2026-04-26,paid,check,375.0,375.0
PAY001899,POL001999,CUST001619,2026-08-21,refunded,check,1438.44,1438.44
PAY001900,POL002000,CUST002240,2025-10-13,failed,card,517.48,0.0
PAY001901,POL002001,CUST001075,2024-02-02,paid,wire,933.08,933.08
PAY001902,POL002002,CUST004205,2025-05-14,reversed,payroll,814.07,814.07
PAY001903,POL002003,CUST001672,2026-02-18,paid,check,336.53,0.0
PAY001904,POL002004,CUST002993,2025-03-02,paid,other,950.95,0.0
PAY001905,POL002005,CUST001927,2025-04-05,failed,wire,1639.81,1639.81
PAY001906,POL002006,CUST002643,2024-06-21,reversed,ach,784.77,784.77
PAY001907,POL002007,CUST002415,2024-09-05,paid,card,278.36,278.36
PAY001908,POL002008,CUST003119,2026-07-03,reversed,wire,304.67,304.67
PAY001909,POL002009,CUST002134,2025-11-15,past_due,cash,1366.59,1366.59
PAY001910,POL002010,CUST001363,2024-09-11,refunded,card,219.08,219.08
PAY001911,POL002011,CUST001153,2026-04-29,refunded,card,248.15,0.0
PAY001912,POL002012,CUST004849,2025-04-24,refunded,ach,1079.5,1079.5
PAY001913,POL002013,CUST001424,2025-12-21,past_due,payroll,1601.8,1601.8
PAY001914,POL002014,CUST003422,2026-06-24,scheduled,wire,1396.75,1396.75
PAY001915,POL002015,CUST003500,2025-06-13,reversed,other,1562.11,1562.11
PAY001916,POL002016,CUST002478,2024-03-17,scheduled,wire,1953.23,1953.23
PAY001917,POL002017,CUST004238,2024-09-07,paid,cash,1502.64,1502.64
PAY001918,POL002018,CUST002383,2025-05-23,reversed,check,1187.4,0.0
PAY001919,POL002019,CUST002611,2024-01-23,scheduled,card,629.08,629.08
PAY001920,POL002020,CUST001941,2025-09-03,failed,wire,81.11,81.11
PAY001921,POL002021,CUST003422,2025-08-29,failed,payroll,1476.66,0.0
PAY001922,POL002022,CUST003715,2025-04-26,past_due,wire,206.87,206.87
PAY001923,POL002023,CUST003178,2024-12-18,refunded,other,437.79,437.79
PAY001924,POL002024,CUST001154,2024-03-17,past_due,check,923.54,0.0
PAY001925,POL002025,CUST001601,2025-08-27,reversed,ach,477.36,477.36
PAY001926,POL002026,CUST003705,2026-01-19,paid,ach,255.34,255.34
PAY001927,POL002027,CUST002118,2024-11-07,refunded,cash,1687.87,1687.87
PAY001928,POL002028,CUST002823,2025-08-13,reversed,wire,1163.43,1163.43
PAY001929,POL002029,CUST002134,2025-04-12,reversed,card,345.38,345.38
PAY001930,POL002030,CUST002228,2025-06-11,refunded,payroll,595.82,0.0
PAY001931,POL002031,CUST003906,2025-12-19,paid,card,1241.79,1241.79
PAY001932,POL002032,CUST000730,2025-05-18,paid,ach,1531.02,1531.02
PAY001933,POL002033,CUST003214,2026-08-05,paid,payroll,695.93,0.0
PAY001934,POL002034,CUST001315,2024-12-08,paid,cash,1321.3,1321.3
PAY001935,POL002035,CUST001218,2026-06-22,failed,ach,1645.5,1645.5
PAY001936,POL002036,CUST002529,2026-02-10,paid,other,1798.28,1798.28
PAY001937,POL002037,CUST000886,2024-11-08,paid,wire,671.85,671.85
PAY001938,POL002038,CUST004197,2026-01-16,paid,payroll,935.85,935.85
PAY001939,POL002039,CUST002210,2026-09-06,scheduled,payroll,875.42,875.42
PAY001940,POL002040,CUST004075,2025-12-23,scheduled,card,139.34,139.34
PAY001941,POL002041,CUST001739,2025-12-23,scheduled,wire,1021.44,0.0
PAY001942,POL002042,CUST001600,2026-08-13,paid,ach,204.86,204.86
PAY001943,POL002043,CUST004272,2026-02-08,paid,wire,1630.77,0.0
PAY001944,POL002044,CUST004409,2025-08-14,reversed,wire,881.22,0.0
PAY001945,POL002045,CUST004265,2024-11-26,reversed,wire,530.17,530.17
PAY001946,POL002046,CUST002452,2024-07-12,failed,ach,124.89,0.0
PAY001947,POL002047,CUST000584,2024-01-19,paid,check,1122.97,1122.97
PAY001948,POL002048,CUST003790,2025-11-12,paid,card,127.1,127.1
PAY001949,POL002049,CUST002956,2025-03-27,paid,check,1702.79,0.0
PAY001950,POL002050,CUST003973,2024-01-29,paid,ach,1026.84,1026.84
PAY001951,POL002051,CUST002061,2026-08-10,paid,cash,618.05,618.05
PAY001952,POL002052,CUST003710,2026-03-27,past_due,check,1634.21,1634.21
PAY001953,POL002053,CUST000004,2026-07-12,scheduled,wire,1349.63,1349.63
PAY001954,POL002054,CUST000807,2024-02-02,paid,cash,614.34,614.34
PAY001955,POL002055,CUST003344,2025-12-15,paid,other,1696.46,0.0
PAY001956,POL002056,CUST004206,2024-12-13,past_due,other,1830.04,1830.04
PAY001957,POL002057,CUST000722,2024-03-09,past_due,other,1102.13,1102.13
PAY001958,POL002058,CUST002916,2024-09-26,reversed,other,416.8,416.8
PAY001959,POL002059,CUST003652,2025-02-28,reversed,other,1642.23,0.0
PAY001960,POL002060,CUST002638,2025-06-28,paid,card,995.6,0.0
PAY001961,POL002061,CUST004052,2025-08-04,reversed,wire,1883.19,1883.19
PAY001962,POL002062,CUST001118,2024-08-23,refunded,cash,306.9,306.9
PAY001963,POL002063,CUST004572,2024-02-27,failed,card,998.22,0.0
PAY001964,POL002064,CUST002384,2024-11-27,past_due,check,1313.31,0.0
PAY001965,POL002065,CUST000338,2024-12-31,past_due,other,1733.73,0.0
PAY001966,POL002066,CUST002155,2026-02-19,scheduled,other,1601.03,0.0
PAY001967,POL002067,CUST002382,2024-04-12,past_due,check,446.79,446.79
PAY001968,POL002068,CUST001915,2025-07-12,paid,card,840.07,840.07
PAY001969,POL002069,CUST001245,2025-09-01,reversed,card,516.14,516.14
PAY001970,POL002070,CUST003137,2026-03-02,reversed,other,1396.04,1396.04
PAY001971,POL002071,CUST000550,2024-12-15,past_due,cash,1138.63,1138.63
PAY001972,POL002072,CUST000696,2026-05-22,reversed,check,1533.98,0.0
PAY001973,POL002073,CUST001930,2025-11-01,paid,check,1031.87,1031.87
PAY001974,POL002074,CUST003930,2025-11-12,scheduled,cash,749.2,749.2
PAY001975,POL002075,CUST002593,2026-02-22,paid,payroll,1573.3,0.0
PAY001976,POL002076,CUST004963,2026-08-17,scheduled,other,72.15,72.15
PAY001977,POL002077,CUST004288,2025-09-24,failed,cash,1059.41,1059.41
PAY001978,POL002078,CUST000137,2026-03-07,scheduled,check,1707.25,1707.25
PAY001979,POL002079,CUST001179,2026-05-31,reversed,other,930.34,930.34
PAY001980,POL002080,CUST002141,2024-09-03,scheduled,ach,442.85,442.85
PAY001981,POL002081,CUST002992,2026-07-06,paid,ach,716.22,0.0
PAY001982,POL002082,CUST002786,2024-11-20,past_due,card,428.51,428.51
PAY001983,POL002083,CUST003939,2024-03-26,reversed,other,1038.95,1038.95
PAY001984,POL002084,CUST002622,2024-05-18,refunded,card,244.37,244.37
PAY001985,POL002085,CUST002458,2024-08-26,paid,card,448.38,448.38
PAY001986,POL002086,CUST004566,2024-09-19,scheduled,check,88.08,88.08
PAY001987,POL002087,CUST000014,2024-12-24,past_due,cash,558.23,558.23
PAY001988,POL002088,CUST002481,2024-05-12,paid,other,1460.3,1460.3
PAY001989,POL002089,CUST000033,2024-01-31,paid,cash,1420.16,1420.16
PAY001990,POL002090,CUST003820,2024-02-28,scheduled,wire,1586.77,1586.77
PAY001991,POL002091,CUST000448,2025-01-18,failed,wire,169.37,169.37
PAY001992,POL002092,CUST000610,2026-03-30,past_due,payroll,1721.52,1721.52
PAY001993,POL002093,CUST000428,2025-01-18,reversed,other,1278.0,1278.0
PAY001994,POL002094,CUST001231,2024-05-02,scheduled,ach,657.69,657.69
PAY001995,POL002095,CUST003671,2025-11-07,paid,payroll,1465.65,1465.65
PAY001996,POL002096,CUST000457,2025-09-10,paid,other,1491.67,1491.67
PAY001997,POL002097,CUST000190,2025-01-15,reversed,cash,1284.31,0.0
PAY001998,POL002098,CUST003580,2024-07-25,reversed,check,862.51,862.51
PAY001999,POL002099,CUST004007,2024-10-30,scheduled,wire,836.42,0.0
PAY002000,POL002100,CUST002986,2024-07-10,past_due,other,497.27,497.27
PAY002001,POL002101,CUST002871,2024-04-19,scheduled,card,1961.31,1961.31
PAY002002,POL002102,CUST002672,2024-01-27,paid,payroll,588.76,588.76
PAY002003,POL002103,CUST000616,2025-08-16,past_due,payroll,231.79,231.79
PAY002004,POL002104,CUST003503,2024-12-14,paid,check,582.88,582.88
PAY002005,POL002105,CUST003420,2026-08-26,reversed,cash,1106.03,1106.03
PAY002006,POL002106,CUST004078,2026-08-11,past_due,other,1457.1,1457.1
PAY002007,POL002107,CUST003983,2024-10-20,paid,ach,650.52,650.52
PAY002008,POL002108,CUST000429,2024-10-15,reversed,wire,1890.97,1890.97
PAY002009,POL002109,CUST002762,2024-03-17,reversed,wire,410.09,410.09
PAY002010,POL002110,CUST001126,2024-04-27,paid,wire,1386.82,1386.82
PAY002011,POL002111,CUST001358,2025-04-21,past_due,card,413.41,413.41
PAY002012,POL002112,CUST000380,2024-09-30,failed,other,729.68,729.68
PAY002013,POL002113,CUST003337,2025-02-12,failed,check,607.49,607.49
PAY002014,POL002114,CUST001504,2024-04-17,failed,check,685.97,685.97
PAY002015,POL002115,CUST003807,2024-02-20,paid,check,337.29,337.29
PAY002016,POL002116,CUST001294,2024-03-07,paid,other,51.73,51.73
PAY002017,POL002117,CUST001430,2025-02-06,paid,ach,1238.39,1238.39
PAY002018,POL002118,CUST001102,2025-01-26,past_due,wire,1736.56,1736.56
PAY002019,POL002119,CUST002406,2026-09-13,scheduled,check,671.95,0.0
PAY002020,POL002120,CUST002582,2025-10-04,paid,wire,1183.33,1183.33
PAY002021,POL002121,CUST004591,2026-06-04,paid,wire,417.33,417.33
PAY002022,POL002122,CUST002403,2026-06-17,scheduled,ach,1074.29,0.0
PAY002023,POL002123,CUST002847,2025-11-14,past_due,cash,75.37,75.37
PAY002024,POL002124,CUST004507,2025-08-16,scheduled,other,1837.22,1837.22
PAY002025,POL002125,CUST000058,2024-04-28,past_due,other,1164.77,0.0
PAY002026,POL002126,CUST002474,2025-10-19,paid,payroll,1387.36,0.0
PAY002027,POL002127,CUST002353,2025-10-17,scheduled,card,1261.07,1261.07
PAY002028,POL002128,CUST004625,2024-04-04,failed,card,1689.98,1689.98
PAY002029,POL002129,CUST000024,2025-05-28,reversed,card,1560.45,1560.45
PAY002030,POL002130,CUST000836,2024-06-15,past_due,ach,1229.16,1229.16
PAY002031,POL002131,CUST002967,2025-08-09,failed,check,306.48,0.0
PAY002032,POL002132,CUST002383,2026-01-14,failed,check,1386.82,0.0
PAY002033,POL002133,CUST001335,2024-10-19,paid,other,116.04,116.04
PAY002034,POL002134,CUST001532,2026-08-05,reversed,other,1805.29,0.0
PAY002035,POL002135,CUST004483,2024-08-25,refunded,check,630.37,630.37
PAY002036,POL002136,CUST002741,2025-02-22,refunded,payroll,1256.42,1256.42
PAY002037,POL002137,CUST003668,2024-10-09,paid,cash,759.91,0.0
PAY002038,POL002138,CUST004746,2025-05-23,past_due,card,146.82,146.82
PAY002039,POL002139,CUST003472,2024-03-22,paid,payroll,922.87,922.87
PAY002040,POL002140,CUST001408,2024-11-04,refunded,cash,570.05,570.05
PAY002041,POL002141,CUST004923,2024-07-02,paid,payroll,1176.22,0.0
PAY002042,POL002142,CUST001312,2024-07-10,past_due,cash,1202.31,0.0
PAY002043,POL002143,CUST003407,2025-06-16,failed,other,970.11,970.11
PAY002044,POL002144,CUST002063,2024-04-25,reversed,cash,1603.92,1603.92
PAY002045,POL002145,CUST004075,2026-09-09,paid,ach,1247.19,1247.19
PAY002046,POL002146,CUST000631,2024-08-15,past_due,card,647.85,647.85
PAY002047,POL002147,CUST004804,2025-12-21,refunded,check,1396.6,1396.6
PAY002048,POL002148,CUST003845,2026-08-28,scheduled,wire,1087.43,1087.43
PAY002049,POL002149,CUST003467,2025-01-27,failed,ach,1917.41,1917.41
PAY002050,POL002150,CUST002201,2024-07-07,paid,ach,254.23,254.23
PAY002051,POL002151,CUST004332,2026-08-16,scheduled,cash,1253.26,0.0
PAY002052,POL002152,CUST000717,2025-05-27,scheduled,ach,549.78,549.78
PAY002053,POL002153,CUST001310,2024-12-24,refunded,other,1298.91,1298.91
PAY002054,POL002154,CUST003623,2025-11-06,scheduled,payroll,477.77,477.77
PAY002055,POL002155,CUST004123,2025-03-02,past_due,check,848.98,848.98
PAY002056,POL002156,CUST003976,2026-05-01,reversed,check,593.48,593.48
PAY002057,POL002157,CUST001573,2026-03-12,reversed,wire,1053.54,1053.54
PAY002058,POL002158,CUST001484,2025-09-27,refunded,other,1759.22,1759.22
PAY002059,POL002159,CUST001960,2025-03-06,refunded,ach,1048.87,1048.87
PAY002060,POL002160,CUST004603,2025-03-18,refunded,payroll,1474.04,1474.04
PAY002061,POL002161,CUST000282,2026-04-08,scheduled,ach,1284.55,1284.55
PAY002062,POL002162,CUST004844,2024-08-07,scheduled,cash,1639.79,1639.79
PAY002063,POL002163,CUST002253,2024-12-16,past_due,wire,111.81,111.81
PAY002064,POL002164,CUST001829,2025-06-04,scheduled,card,1516.58,1516.58
PAY002065,POL002165,CUST001718,2025-10-15,failed,wire,333.9,0.0
PAY002066,POL002166,CUST003875,2025-01-30,paid,card,625.11,625.11
PAY002067,POL002167,CUST001827,2025-06-13,paid,ach,1949.55,1949.55
PAY002068,POL002168,CUST001330,2025-02-21,past_due,payroll,1771.46,1771.46
PAY002069,POL002169,CUST003986,2026-08-28,paid,card,1766.48,0.0
PAY002070,POL002170,CUST000667,2026-04-26,scheduled,other,1429.05,1429.05
PAY002071,POL002171,CUST000357,2025-06-22,paid,check,1093.95,1093.95
PAY002072,POL002172,CUST003093,2024-08-06,scheduled,cash,115.84,115.84
PAY002073,POL002173,CUST004711,2026-08-05,paid,card,442.18,0.0
PAY002074,POL002174,CUST000823,2024-08-16,paid,other,1221.5,1221.5
PAY002075,POL002175,CUST004752,2026-06-30,scheduled,card,491.75,491.75
PAY002076,POL002176,CUST004315,2025-08-04,paid,check,975.22,0.0
PAY002077,POL002177,CUST004784,2025-11-20,past_due,cash,266.11,266.11
PAY002078,POL002178,CUST001202,2025-08-19,past_due,cash,1847.68,1847.68
PAY002079,POL002179,CUST002512,2026-04-10,scheduled,other,1070.01,0.0
PAY002080,POL002180,CUST004662,2026-04-04,failed,ach,276.76,276.76
PAY002081,POL002181,CUST002323,2025-07-01,paid,check,303.27,303.27
PAY002082,POL002182,CUST004234,2025-08-22,refunded,other,132.54,132.54
PAY002083,POL002183,CUST004192,2024-11-04,scheduled,wire,569.39,0.0
PAY002084,POL002184,CUST002606,2024-11-20,failed,wire,136.87,136.87
PAY002085,POL002185,CUST000674,2025-06-02,scheduled,wire,542.9,542.9
PAY002086,POL002186,CUST000803,2024-12-03,scheduled,ach,1359.9,0.0
PAY002087,POL002187,CUST004317,2024-02-26,reversed,wire,629.49,629.49
PAY002088,POL002188,CUST001086,2024-12-06,reversed,payroll,162.15,162.15
PAY002089,POL002189,CUST001242,2024-09-13,scheduled,payroll,1289.99,1289.99
PAY002090,POL002190,CUST000013,2026-07-05,failed,cash,1006.05,0.0
PAY002091,POL002191,CUST001525,2025-02-17,paid,cash,591.42,0.0
PAY002092,POL002192,CUST000357,2026-06-30,failed,check,315.98,315.98
PAY002093,POL002193,CUST003912,2024-09-03,scheduled,check,933.2,933.2
PAY002094,POL002194,CUST004881,2024-12-10,paid,card,1941.6,1941.6
PAY002095,POL002195,CUST003736,2025-10-24,paid,ach,253.49,253.49
PAY002096,POL002196,CUST004338,2025-06-30,paid,cash,1381.75,1381.75
PAY002097,POL002197,CUST001469,2025-06-04,reversed,check,1276.09,1276.09
PAY002098,POL002198,CUST002304,2026-01-06,scheduled,other,486.73,0.0
PAY002099,POL002199,CUST002840,2026-01-09,past_due,cash,427.9,427.9
PAY002100,POL002200,CUST000765,2026-06-19,paid,payroll,1121.69,1121.69
PAY002101,POL002201,CUST000984,2026-06-17,paid,wire,1093.92,1093.92
PAY002102,POL002202,CUST000017,2025-07-28,paid,other,1688.52,0.0
PAY002103,POL002203,CUST002529,2025-11-06,paid,card,363.96,0.0
PAY002104,POL002204,CUST004881,2026-06-10,past_due,check,72.41,0.0
PAY002105,POL002205,CUST004630,2026-06-05,past_due,payroll,1650.92,0.0
PAY002106,POL002206,CUST000262,2024-06-22,scheduled,cash,651.29,651.29
PAY002107,POL002207,CUST003082,2024-03-23,scheduled,other,138.01,138.01
PAY002108,POL002208,CUST004226,2025-07-10,reversed,card,1950.03,1950.03
PAY002109,POL002209,CUST003934,2025-11-13,paid,ach,685.13,685.13
PAY002110,POL002210,CUST001109,2025-11-10,scheduled,ach,800.97,800.97
PAY002111,POL002211,CUST003537,2026-02-04,scheduled,other,576.3,576.3
PAY002112,POL002212,CUST004661,2025-11-17,failed,other,946.68,946.68
PAY002113,POL002213,CUST002383,2025-10-09,refunded,cash,188.98,0.0
PAY002114,POL002214,CUST004674,2025-03-31,paid,card,1079.99,1079.99
PAY002115,POL002215,CUST000738,2024-12-21,failed,cash,154.75,0.0
PAY002116,POL002216,CUST000875,2026-02-13,past_due,wire,121.2,121.2
PAY002117,POL002217,CUST004382,2024-11-19,paid,other,1278.14,0.0
PAY002118,POL002218,CUST003824,2026-03-07,failed,other,213.53,0.0
PAY002119,POL002219,CUST003187,2024-01-08,reversed,cash,133.52,133.52
PAY002120,POL002220,CUST000159,2025-10-13,reversed,wire,1573.26,0.0
PAY002121,POL002221,CUST002558,2026-06-29,paid,wire,1502.75,0.0
PAY002122,POL002222,CUST003695,2025-04-27,reversed,cash,699.2,699.2
PAY002123,POL002223,CUST003000,2024-09-18,paid,cash,1640.71,0.0
PAY002124,POL002224,CUST000878,2025-09-05,reversed,wire,127.39,127.39
PAY002125,POL002225,CUST003888,2025-11-26,paid,wire,60.36,60.36
PAY002126,POL002226,CUST004271,2025-04-06,paid,cash,1850.06,1850.06
PAY002127,POL002227,CUST003119,2024-06-07,past_due,card,1485.96,1485.96
PAY002128,POL002228,CUST003723,2026-03-31,paid,check,927.41,927.41
PAY002129,POL002229,CUST001312,2024-08-03,refunded,payroll,1416.73,0.0
PAY002130,POL002230,CUST003223,2026-04-17,failed,ach,1434.87,1434.87
PAY002131,POL002231,CUST003544,2024-03-08,past_due,other,521.21,0.0
PAY002132,POL002232,CUST002772,2025-08-30,failed,check,539.33,0.0
PAY002133,POL002233,CUST002095,2024-12-05,paid,payroll,612.49,0.0
PAY002134,POL002234,CUST003948,2025-01-12,paid,ach,1317.24,1317.24
PAY002135,POL002235,CUST002274,2025-08-11,paid,other,734.87,734.87
PAY002136,POL002236,CUST001399,2024-12-07,refunded,cash,1593.77,1593.77
PAY002137,POL002237,CUST001207,2026-04-04,past_due,other,1019.17,0.0
PAY002138,POL002238,CUST001880,2025-09-15,paid,ach,557.59,557.59
PAY002139,POL002239,CUST001549,2026-03-02,scheduled,other,1230.27,1230.27
PAY002140,POL002240,CUST003508,2025-03-05,past_due,payroll,158.33,0.0
PAY002141,POL002241,CUST004638,2024-02-12,refunded,ach,397.72,397.72
PAY002142,POL002242,CUST002605,2025-11-27,paid,cash,1140.89,1140.89
PAY002143,POL002243,CUST002140,2024-03-07,failed,payroll,298.05,298.05
PAY002144,POL002244,CUST003407,2024-03-29,failed,other,759.57,759.57
PAY002145,POL002245,CUST004320,2025-08-02,paid,card,1395.2,1395.2
PAY002146,POL002246,CUST001839,2025-06-03,failed,payroll,764.76,764.76
PAY002147,POL002247,CUST003678,2025-11-22,past_due,check,436.16,0.0
PAY002148,POL002248,CUST001328,2026-05-31,scheduled,wire,1352.7,1352.7
PAY002149,POL002249,CUST004344,2024-03-18,past_due,check,1872.24,1872.24
PAY002150,POL002250,CUST004053,2025-01-10,failed,cash,1598.46,1598.46
PAY002151,POL002251,CUST003532,2024-05-13,paid,card,645.6,645.6
PAY002152,POL002252,CUST004191,2026-07-25,paid,payroll,1843.39,1843.39
PAY002153,POL002253,CUST004280,2026-02-25,refunded,card,1423.51,0.0
PAY002154,POL002254,CUST004936,2025-12-18,past_due,cash,854.22,854.22
PAY002155,POL002255,CUST004610,2024-06-19,scheduled,other,1882.17,0.0
PAY002156,POL002256,CUST000865,2026-04-14,reversed,other,163.93,163.93
PAY002157,POL002257,CUST003160,2024-09-11,paid,ach,310.68,310.68
PAY002158,POL002258,CUST002875,2024-02-26,paid,wire,1848.82,1848.82
PAY002159,POL002259,CUST002013,2024-05-19,past_due,card,1767.25,0.0
PAY002160,POL002260,CUST002554,2025-03-15,refunded,check,1578.5,1578.5
PAY002161,POL002261,CUST003952,2024-05-22,paid,card,459.22,0.0
PAY002162,POL002262,CUST000470,2024-04-28,failed,check,287.45,287.45
PAY002163,POL002263,CUST001820,2024-02-12,past_due,ach,1047.86,0.0
PAY002164,POL002264,CUST000749,2025-10-08,refunded,other,403.58,403.58
PAY002165,POL002265,CUST003970,2026-03-27,paid,wire,1458.5,1458.5
PAY002166,POL002266,CUST003760,2024-09-23,paid,cash,778.9,0.0
PAY002167,POL002267,CUST000865,2024-08-04,reversed,cash,954.23,954.23
PAY002168,POL002268,CUST001388,2024-02-18,reversed,cash,343.49,343.49
PAY002169,POL002269,CUST003275,2025-09-22,paid,ach,279.23,279.23
PAY002170,POL002270,CUST000014,2024-03-08,paid,wire,1279.56,0.0
PAY002171,POL002271,CUST003035,2025-12-29,paid,wire,1154.6,1154.6
PAY002172,POL002272,CUST003096,2025-06-17,past_due,cash,699.92,699.92
PAY002173,POL002273,CUST000336,2026-06-14,paid,wire,924.01,924.01
PAY002174,POL002274,CUST001227,2024-08-14,paid,wire,517.25,517.25
PAY002175,POL002275,CUST004585,2025-06-05,failed,card,1231.84,0.0
PAY002176,POL002276,CUST000293,2026-08-24,paid,other,96.2,96.2
PAY002177,POL002277,CUST002201,2025-08-15,paid,cash,1730.62,1730.62
PAY002178,POL002278,CUST003575,2025-03-02,past_due,payroll,521.18,521.18
PAY002179,POL002279,CUST000901,2024-06-23,past_due,payroll,1701.45,0.0
PAY002180,POL002280,CUST001471,2025-09-19,scheduled,other,1959.49,1959.49
PAY002181,POL002281,CUST001107,2026-08-12,failed,payroll,1466.96,1466.96
PAY002182,POL002282,CUST003655,2025-12-27,reversed,ach,933.31,933.31
PAY002183,POL002283,CUST001278,2024-09-05,scheduled,card,486.99,0.0
PAY002184,POL002284,CUST000296,2024-11-04,refunded,payroll,906.38,0.0
PAY002185,POL002285,CUST000686,2025-01-23,reversed,card,1338.76,1338.76
PAY002186,POL002286,CUST000413,2025-03-03,paid,payroll,397.44,397.44
PAY002187,POL002287,CUST001398,2024-05-18,paid,ach,270.43,270.43
PAY002188,POL002288,CUST002008,2026-06-08,paid,cash,395.01,395.01
PAY002189,POL002289,CUST002356,2024-10-09,paid,ach,1247.54,1247.54
PAY002190,POL002290,CUST001267,2024-01-04,reversed,payroll,1981.51,0.0
PAY002191,POL002291,CUST000868,2024-10-01,reversed,check,1583.41,1583.41
PAY002192,POL002292,CUST004244,2025-01-21,paid,other,1259.42,1259.42
PAY002193,POL002293,CUST004088,2026-06-08,paid,check,1126.96,1126.96
PAY002194,POL002294,CUST001888,2025-04-14,past_due,payroll,700.63,700.63
PAY002195,POL002295,CUST003680,2025-09-17,refunded,card,681.38,681.38
PAY002196,POL002296,CUST004987,2026-04-10,paid,cash,663.91,663.91
PAY002197,POL002297,CUST000341,2026-05-11,past_due,check,1681.66,1681.66
PAY002198,POL002298,CUST004878,2025-01-07,refunded,check,1808.84,1808.84
PAY002199,POL002299,CUST003335,2025-10-22,failed,cash,617.44,617.44
PAY002200,POL002300,CUST003689,2026-03-21,failed,card,766.58,766.58
PAY002201,POL002301,CUST004768,2026-04-18,scheduled,other,1697.49,1697.49
PAY002202,POL002302,CUST001197,2024-08-21,reversed,ach,1679.22,1679.22
PAY002203,POL002303,CUST002625,2024-11-22,refunded,card,163.35,163.35
PAY002204,POL002304,CUST002500,2024-05-27,past_due,cash,392.8,392.8
PAY002205,POL002305,CUST002254,2024-01-04,paid,payroll,387.71,0.0
PAY002206,POL002306,CUST001273,2026-08-15,refunded,other,102.04,102.04
PAY002207,POL002307,CUST004616,2026-02-22,scheduled,ach,1751.72,1751.72
PAY002208,POL002308,CUST001762,2025-03-26,paid,payroll,1402.25,1402.25
PAY002209,POL002309,CUST001789,2026-06-16,paid,ach,80.01,80.01
PAY002210,POL002310,CUST004292,2024-05-30,paid,check,607.67,607.67
PAY002211,POL002311,CUST002485,2025-03-29,reversed,check,737.67,737.67
PAY002212,POL002312,CUST004483,2026-01-02,scheduled,other,1496.97,1496.97
PAY002213,POL002313,CUST000600,2024-08-28,paid,cash,1109.71,1109.71
PAY002214,POL002314,CUST000066,2024-10-01,refunded,card,1847.21,1847.21
PAY002215,POL002315,CUST004329,2025-03-28,reversed,payroll,1508.48,1508.48
PAY002216,POL002316,CUST001994,2025-12-12,past_due,other,1515.18,0.0
PAY002217,POL002317,CUST003791,2026-05-11,reversed,wire,644.32,0.0
PAY002218,POL002318,CUST004917,2026-03-24,reversed,card,1330.19,1330.19
PAY002219,POL002319,CUST004961,2024-03-19,paid,wire,1285.83,1285.83
PAY002220,POL002320,CUST004945,2025-06-03,past_due,card,1563.23,0.0
PAY002221,POL002321,CUST000124,2026-04-25,reversed,check,597.6,597.6
PAY002222,POL002322,CUST003073,2026-05-10,paid,payroll,239.46,239.46
PAY002223,POL002323,CUST001546,2024-06-14,paid,other,526.92,526.92
PAY002224,POL002324,CUST001352,2025-04-07,reversed,check,1907.08,0.0
PAY002225,POL002325,CUST000823,2025-09-01,paid,other,1185.59,1185.59
PAY002226,POL002326,CUST001874,2026-05-10,reversed,other,388.27,388.27
PAY002227,POL002327,CUST002264,2024-04-23,failed,check,576.21,576.21
PAY002228,POL002328,CUST001809,2025-09-05,past_due,payroll,1555.65,1555.65
PAY002229,POL002329,CUST001629,2024-02-07,scheduled,cash,394.48,394.48
PAY002230,POL002330,CUST000519,2025-11-06,past_due,other,524.41,524.41
PAY002231,POL002331,CUST004875,2024-02-12,past_due,other,1656.19,1656.19
PAY002232,POL002332,CUST003888,2024-08-04,paid,wire,1512.63,1512.63
PAY002233,POL002333,CUST002753,2024-05-22,scheduled,other,596.73,596.73
PAY002234,POL002334,CUST002734,2025-04-18,failed,other,241.11,241.11
PAY002235,POL002335,CUST004450,2024-05-04,reversed,check,740.91,0.0
PAY002236,POL002336,CUST002291,2024-09-28,past_due,ach,803.32,803.32
PAY002237,POL002337,CUST003273,2024-12-23,scheduled,wire,1704.84,0.0
PAY002238,POL002338,CUST003046,2024-05-20,paid,ach,162.04,162.04
PAY002239,POL002339,CUST004477,2026-03-28,failed,cash,1489.56,0.0
PAY002240,POL002340,CUST001761,2024-08-22,paid,check,150.78,150.78
PAY002241,POL002341,CUST001048,2025-09-27,paid,card,1783.77,1783.77
PAY002242,POL002342,CUST001502,2025-04-19,paid,ach,901.48,901.48
PAY002243,POL002343,CUST003994,2026-05-07,paid,payroll,1814.85,1814.85
PAY002244,POL002344,CUST002967,2024-09-26,past_due,payroll,1142.18,1142.18
PAY002245,POL002345,CUST000779,2024-05-22,paid,other,639.71,639.71
PAY002246,POL002346,CUST001690,2026-04-17,paid,payroll,1632.48,1632.48
PAY002247,POL002347,CUST001445,2025-07-12,failed,ach,850.23,850.23
PAY002248,POL002348,CUST004532,2024-07-18,scheduled,other,1126.59,1126.59
PAY002249,POL002349,CUST004986,2024-08-13,failed,cash,626.33,626.33
PAY002250,POL002350,CUST002866,2024-08-14,failed,check,312.17,312.17
PAY002251,POL002351,CUST001303,2025-07-28,refunded,other,373.14,373.14
PAY002252,POL002352,CUST001656,2026-04-26,reversed,card,175.11,175.11
PAY002253,POL002353,CUST004911,2026-01-14,paid,wire,1313.16,1313.16
PAY002254,POL002354,CUST003897,2024-07-23,past_due,wire,1712.64,1712.64
PAY002255,POL002355,CUST000843,2024-11-01,paid,other,533.54,533.54
PAY002256,POL002356,CUST004833,2024-10-23,reversed,payroll,1036.28,0.0
PAY002257,POL002357,CUST004857,2026-01-10,scheduled,ach,1254.03,0.0
PAY002258,POL002358,CUST003243,2025-04-17,paid,card,165.43,165.43
PAY002259,POL002359,CUST002340,2026-04-06,failed,other,878.69,878.69
PAY002260,POL002360,CUST003126,2025-05-02,reversed,other,1735.71,1735.71
PAY002261,POL002361,CUST001026,2025-04-10,refunded,wire,693.51,693.51
PAY002262,POL002362,CUST003350,2024-10-29,paid,check,1547.51,0.0
PAY002263,POL002363,CUST001407,2025-06-25,scheduled,ach,541.51,541.51
PAY002264,POL002364,CUST001633,2025-09-04,refunded,payroll,722.93,722.93
PAY002265,POL002365,CUST004224,2024-04-04,failed,cash,1926.76,0.0
PAY002266,POL002366,CUST002633,2025-11-09,paid,check,806.85,806.85
PAY002267,POL002367,CUST003803,2025-05-18,past_due,check,1842.63,1842.63
PAY002268,POL002368,CUST003842,2024-07-20,scheduled,payroll,431.44,431.44
PAY002269,POL002369,CUST002838,2024-11-07,failed,cash,1628.77,1628.77
PAY002270,POL002370,CUST001434,2025-09-23,paid,payroll,1589.71,1589.71
PAY002271,POL002371,CUST001613,2024-06-06,failed,payroll,1673.44,0.0
PAY002272,POL002372,CUST003111,2024-09-17,scheduled,card,964.03,964.03
PAY002273,POL002373,CUST002758,2025-02-19,paid,wire,846.69,846.69
PAY002274,POL002374,CUST004716,2025-06-22,past_due,card,623.61,0.0
PAY002275,POL002375,CUST003495,2025-06-09,refunded,other,951.01,951.01
PAY002276,POL002376,CUST001714,2024-06-12,paid,ach,778.68,778.68
PAY002277,POL002377,CUST002128,2025-10-10,paid,check,1321.26,1321.26
PAY002278,POL002378,CUST003572,2025-02-12,paid,ach,74.17,74.17
PAY002279,POL002379,CUST003177,2026-06-10,scheduled,wire,797.7,797.7
PAY002280,POL002380,CUST001273,2025-01-30,scheduled,check,178.69,0.0
PAY002281,POL002381,CUST004518,2024-12-20,past_due,ach,429.08,429.08
PAY002282,POL002382,CUST004640,2025-11-04,refunded,check,947.42,0.0
PAY002283,POL002383,CUST000867,2024-01-13,scheduled,other,1670.33,1670.33
PAY002284,POL002384,CUST002724,2025-08-04,paid,card,1124.12,1124.12
PAY002285,POL002385,CUST003741,2025-02-16,paid,cash,1183.92,1183.92
PAY002286,POL002386,CUST003532,2024-07-11,paid,card,439.41,0.0
PAY002287,POL002387,CUST002509,2026-04-07,paid,ach,835.11,0.0
PAY002288,POL002388,CUST001377,2024-09-25,refunded,payroll,1040.73,1040.73
PAY002289,POL002389,CUST000659,2025-05-22,paid,other,1881.87,1881.87
PAY002290,POL002390,CUST003776,2026-01-19,past_due,wire,1985.97,1985.97
PAY002291,POL002391,CUST004006,2024-07-06,paid,wire,1786.78,1786.78
PAY002292,POL002392,CUST002024,2026-05-28,reversed,cash,884.62,0.0
PAY002293,POL002393,CUST004249,2024-10-18,paid,card,1727.27,1727.27
PAY002294,POL002394,CUST002766,2025-01-26,reversed,other,1381.02,1381.02
PAY002295,POL002395,CUST000784,2024-07-07,past_due,cash,1766.81,1766.81
PAY002296,POL002396,CUST004383,2024-02-14,paid,cash,1028.99,1028.99
PAY002297,POL002397,CUST000193,2024-12-20,paid,payroll,990.16,990.16
PAY002298,POL002398,CUST004856,2024-07-16,paid,payroll,335.57,335.57
PAY002299,POL002399,CUST002423,2024-02-16,paid,cash,1739.46,1739.46
PAY002300,POL002400,CUST000942,2025-12-17,failed,cash,1198.57,0.0
PAY002301,POL002401,CUST000867,2024-12-14,refunded,check,694.97,694.97
PAY002302,POL002402,CUST004011,2026-07-01,paid,payroll,816.47,816.47
PAY002303,POL002403,CUST000534,2026-08-05,paid,wire,1665.66,1665.66
PAY002304,POL002404,CUST004469,2024-08-22,paid,payroll,807.88,0.0
PAY002305,POL002405,CUST003513,2025-06-10,scheduled,wire,348.12,348.12
PAY002306,POL002406,CUST004031,2025-01-16,failed,payroll,1794.72,1794.72
PAY002307,POL002407,CUST004249,2024-07-02,refunded,ach,1955.77,0.0
PAY002308,POL002408,CUST003020,2026-05-02,past_due,payroll,1406.31,1406.31
PAY002309,POL002409,CUST003133,2026-07-11,paid,ach,1714.36,0.0
PAY002310,POL002410,CUST004087,2025-09-27,refunded,cash,1168.07,1168.07
PAY002311,POL002411,CUST003080,2026-01-30,failed,check,491.94,491.94
PAY002312,POL002412,CUST000275,2026-03-12,past_due,cash,824.02,0.0
PAY002313,POL002413,CUST000918,2026-04-07,refunded,other,1370.87,1370.87
PAY002314,POL002414,CUST002256,2026-03-24,paid,payroll,154.04,154.04
PAY002315,POL002415,CUST000929,2026-06-08,past_due,ach,1464.85,1464.85
PAY002316,POL002416,CUST000435,2025-04-18,paid,other,1832.25,1832.25
PAY002317,POL002417,CUST003569,2024-04-13,reversed,card,1384.56,1384.56
PAY002318,POL002418,CUST003891,2026-03-15,scheduled,cash,951.85,951.85
PAY002319,POL002419,CUST004195,2026-07-26,paid,cash,1396.1,1396.1
PAY002320,POL002420,CUST002913,2024-10-10,failed,cash,1399.78,1399.78
PAY002321,POL002421,CUST004906,2026-04-10,scheduled,wire,226.5,226.5
PAY002322,POL002422,CUST000444,2026-04-28,scheduled,wire,1983.38,1983.38
PAY002323,POL002423,CUST004679,2025-09-03,paid,payroll,319.71,0.0
PAY002324,POL002424,CUST004041,2024-05-25,reversed,card,1247.14,1247.14
PAY002325,POL002425,CUST004968,2026-02-24,paid,card,1372.13,1372.13
PAY002326,POL002426,CUST003157,2024-10-28,paid,card,1073.95,1073.95
PAY002327,POL002427,CUST001146,2026-06-28,past_due,payroll,132.34,132.34
PAY002328,POL002428,CUST003629,2026-01-20,paid,check,1517.92,1517.92
PAY002329,POL002429,CUST001457,2025-02-10,paid,cash,497.95,497.95
PAY002330,POL002430,CUST002038,2025-08-12,paid,cash,900.9,900.9
PAY002331,POL002431,CUST004424,2024-09-22,paid,payroll,147.68,147.68
PAY002332,POL002432,CUST002600,2024-06-18,scheduled,check,1944.33,0.0
PAY002333,POL002433,CUST004652,2026-09-01,past_due,other,943.79,943.79
PAY002334,POL002434,CUST001607,2026-02-08,failed,check,480.37,480.37
PAY002335,POL002435,CUST001857,2026-06-17,paid,cash,140.26,140.26
PAY002336,POL002436,CUST002492,2026-04-14,past_due,ach,1592.62,1592.62
PAY002337,POL002437,CUST000544,2024-01-15,paid,wire,1333.65,1333.65
PAY002338,POL002438,CUST000349,2026-04-06,past_due,other,1135.4,1135.4
PAY002339,POL002439,CUST003696,2025-07-23,paid,payroll,1904.65,1904.65
PAY002340,POL002440,CUST004022,2025-12-29,paid,other,318.07,318.07
PAY002341,POL002441,CUST001222,2025-04-25,past_due,cash,1311.67,1311.67
PAY002342,POL002442,CUST004200,2024-08-19,refunded,other,152.2,152.2
PAY002343,POL002443,CUST003843,2025-11-12,failed,card,780.79,780.79
PAY002344,POL002444,CUST000849,2024-06-23,past_due,cash,1264.31,1264.31
PAY002345,POL002445,CUST000663,2026-07-31,paid,card,1174.51,1174.51
PAY002346,POL002446,CUST004017,2024-04-28,paid,cash,913.84,913.84
PAY002347,POL002447,CUST000495,2025-05-04,paid,payroll,78.69,78.69
PAY002348,POL002448,CUST003439,2024-11-12,refunded,card,280.68,0.0
PAY002349,POL002449,CUST003944,2025-11-07,paid,other,448.87,448.87
PAY002350,POL002450,CUST004353,2026-07-04,past_due,payroll,680.49,680.49
PAY002351,POL002451,CUST001755,2024-04-19,paid,cash,549.19,549.19
PAY002352,POL002452,CUST003794,2025-12-25,past_due,card,343.79,343.79
PAY002353,POL002453,CUST004957,2024-08-23,scheduled,check,1575.22,1575.22
PAY002354,POL002454,CUST004010,2024-10-01,reversed,other,1707.28,0.0
PAY002355,POL002455,CUST003473,2025-05-15,paid,wire,1985.05,1985.05
PAY002356,POL002456,CUST002378,2026-02-03,past_due,cash,1788.53,1788.53
PAY002357,POL002457,CUST004466,2025-05-06,paid,cash,184.06,184.06
PAY002358,POL002458,CUST002350,2026-09-12,past_due,wire,1691.09,1691.09
PAY002359,POL002459,CUST004428,2025-07-20,past_due,card,1530.1,1530.1
PAY002360,POL002460,CUST004188,2024-01-16,paid,card,1067.99,1067.99
PAY002361,POL002461,CUST000064,2026-06-03,failed,check,1161.87,0.0
PAY002362,POL002462,CUST003299,2025-01-23,failed,other,915.03,915.03
PAY002363,POL002463,CUST003049,2024-04-16,reversed,wire,1132.56,1132.56
PAY002364,POL002464,CUST003167,2026-09-04,past_due,ach,1548.4,1548.4
PAY002365,POL002465,CUST003429,2025-08-26,refunded,ach,255.24,255.24
PAY002366,POL002466,CUST001230,2026-09-09,past_due,other,775.96,775.96
PAY002367,POL002467,CUST001341,2025-05-27,failed,wire,1355.04,0.0
PAY002368,POL002468,CUST000025,2024-09-27,paid,card,127.41,127.41
PAY002369,POL002469,CUST002347,2025-09-11,failed,payroll,806.74,0.0
PAY002370,POL002470,CUST001192,2025-08-23,paid,cash,1430.46,0.0
PAY002371,POL002471,CUST004551,2026-07-02,refunded,ach,269.02,269.02
PAY002372,POL002472,CUST001184,2025-04-01,failed,payroll,316.24,316.24
PAY002373,POL002473,CUST003511,2024-05-30,paid,card,1665.41,1665.41
PAY002374,POL002474,CUST003188,2024-07-30,refunded,other,736.04,736.04
PAY002375,POL002475,CUST001664,2024-03-12,paid,payroll,1696.4,1696.4
PAY002376,POL002476,CUST003520,2025-12-13,failed,other,448.39,448.39
PAY002377,POL002477,CUST004337,2025-09-13,paid,ach,1125.84,1125.84
PAY002378,POL002478,CUST003553,2024-09-06,scheduled,ach,1126.78,1126.78
PAY002379,POL002479,CUST001164,2025-02-04,failed,check,1356.19,0.0
PAY002380,POL002480,CUST004019,2024-04-14,scheduled,check,68.42,0.0
PAY002381,POL002481,CUST004283,2026-03-21,paid,payroll,1640.37,1640.37
PAY002382,POL002482,CUST001614,2025-08-31,reversed,payroll,70.19,70.19
PAY002383,POL002483,CUST003233,2025-08-05,past_due,ach,557.63,557.63
PAY002384,POL002484,CUST000723,2026-02-25,paid,payroll,1728.17,0.0
PAY002385,POL002485,CUST003640,2024-01-26,scheduled,check,344.69,344.69
PAY002386,POL002486,CUST001876,2025-10-06,refunded,payroll,1866.41,0.0
PAY002387,POL002487,CUST000372,2024-06-07,refunded,check,94.89,0.0
PAY002388,POL002488,CUST004704,2025-06-04,scheduled,cash,780.93,0.0
PAY002389,POL002489,CUST003981,2024-02-11,paid,other,1272.91,1272.91
PAY002390,POL002490,CUST000962,2024-10-15,paid,ach,828.81,0.0
PAY002391,POL002491,CUST003869,2025-01-07,refunded,ach,1438.4,1438.4
PAY002392,POL002492,CUST004962,2025-02-08,reversed,payroll,316.16,316.16
PAY002393,POL002493,CUST001157,2024-11-06,failed,card,484.14,0.0
PAY002394,POL002494,CUST001495,2025-10-28,paid,wire,1857.11,1857.11
PAY002395,POL002495,CUST001208,2024-12-15,paid,other,1853.47,1853.47
PAY002396,POL002496,CUST003810,2025-02-21,paid,card,1272.9,1272.9
PAY002397,POL002497,CUST002908,2026-09-10,refunded,other,1216.92,1216.92
PAY002398,POL002498,CUST004657,2026-02-19,past_due,check,1571.66,1571.66
PAY002399,POL002499,CUST002677,2025-03-16,reversed,payroll,1680.85,1680.85
PAY002400,POL002500,CUST001831,2025-08-26,reversed,payroll,395.95,395.95
PAY002401,POL002501,CUST002352,2026-09-08,past_due,check,1277.22,1277.22
PAY002402,POL002502,CUST003210,2026-05-05,paid,card,1200.26,0.0
PAY002403,POL002503,CUST001225,2024-09-06,refunded,check,1001.03,0.0
PAY002404,POL002504,CUST000693,2026-07-28,paid,card,1009.33,1009.33
PAY002405,POL002505,CUST004070,2024-07-24,paid,check,1113.88,1113.88
PAY002406,POL002506,CUST003902,2025-07-20,paid,ach,333.24,333.24
PAY002407,POL002507,CUST001993,2024-04-29,failed,cash,223.21,223.21
PAY002408,POL002508,CUST001969,2025-06-14,paid,card,1629.11,1629.11
PAY002409,POL002509,CUST003563,2024-08-22,paid,card,534.46,534.46
PAY002410,POL002510,CUST000053,2025-05-01,past_due,other,1906.51,0.0
PAY002411,POL002511,CUST002998,2024-09-25,paid,payroll,335.7,335.7
PAY002412,POL002512,CUST002117,2026-02-09,failed,check,938.4,938.4
PAY002413,POL002513,CUST001487,2024-10-05,paid,cash,1873.92,1873.92
PAY002414,POL002514,CUST002533,2025-04-27,paid,ach,68.61,68.61
PAY002415,POL002515,CUST003664,2026-07-10,paid,cash,205.45,0.0
PAY002416,POL002516,CUST000649,2024-05-08,reversed,other,1837.22,0.0
PAY002417,POL002517,CUST002861,2026-04-12,past_due,payroll,1513.78,1513.78
PAY002418,POL002518,CUST003534,2025-09-19,paid,other,1474.45,0.0
PAY002419,POL002519,CUST004251,2026-06-29,scheduled,ach,934.01,934.01
PAY002420,POL002520,CUST000524,2024-08-14,scheduled,other,205.68,205.68
PAY002421,POL002521,CUST001191,2024-06-07,scheduled,other,854.21,854.21
PAY002422,POL002522,CUST004256,2024-07-17,paid,cash,1695.63,1695.63
PAY002423,POL002523,CUST004721,2024-05-09,scheduled,ach,1461.62,1461.62
PAY002424,POL002524,CUST000463,2024-05-16,failed,cash,1294.26,1294.26
PAY002425,POL002525,CUST000428,2025-05-10,reversed,payroll,1343.35,1343.35
PAY002426,POL002526,CUST000438,2025-10-03,failed,ach,827.24,0.0
PAY002427,POL002527,CUST002671,2025-09-22,failed,check,1892.77,1892.77
PAY002428,POL002528,CUST000127,2024-08-07,past_due,ach,1844.67,0.0
PAY002429,POL002529,CUST002522,2025-07-30,reversed,cash,1258.97,1258.97
PAY002430,POL002530,CUST000422,2024-10-30,past_due,check,1764.38,1764.38
PAY002431,POL002531,CUST000303,2024-10-09,paid,ach,93.01,93.01
PAY002432,POL002532,CUST000388,2025-06-09,reversed,other,282.87,282.87
PAY002433,POL002533,CUST003206,2026-06-26,failed,check,698.59,698.59
PAY002434,POL002534,CUST001812,2025-08-08,paid,other,1982.44,0.0
PAY002435,POL002535,CUST003546,2025-03-24,refunded,check,509.0,509.0
PAY002436,POL002536,CUST004189,2026-06-06,failed,card,1354.74,0.0
PAY002437,POL002537,CUST003971,2025-08-02,past_due,card,1535.23,1535.23
PAY002438,POL002538,CUST002037,2024-04-17,failed,ach,1376.21,1376.21
PAY002439,POL002539,CUST001245,2024-03-06,failed,other,523.94,523.94
PAY002440,POL002540,CUST001249,2025-08-21,paid,payroll,1759.96,1759.96
PAY002441,POL002541,CUST000150,2024-06-03,refunded,ach,1529.1,1529.1
PAY002442,POL002542,CUST002229,2026-05-07,past_due,wire,751.17,751.17
PAY002443,POL002543,CUST000826,2025-08-09,scheduled,check,1998.19,0.0
PAY002444,POL002544,CUST001095,2026-03-22,past_due,card,82.98,82.98
PAY002445,POL002545,CUST001796,2025-04-27,refunded,wire,1593.03,1593.03
PAY002446,POL002546,CUST002156,2024-05-18,paid,cash,646.52,646.52
PAY002447,POL002547,CUST003162,2024-08-03,refunded,wire,272.41,0.0
PAY002448,POL002548,CUST002986,2026-08-06,scheduled,other,456.75,0.0
PAY002449,POL002549,CUST004354,2026-03-10,scheduled,card,1682.11,1682.11
PAY002450,POL002550,CUST000407,2024-12-09,refunded,check,1800.07,0.0
PAY002451,POL002551,CUST001764,2026-02-11,reversed,check,981.94,981.94
PAY002452,POL002552,CUST000436,2024-07-23,paid,cash,1640.32,1640.32
PAY002453,POL002553,CUST002729,2025-06-18,reversed,ach,1790.48,0.0
PAY002454,POL002554,CUST003720,2025-01-01,past_due,cash,1517.49,0.0
PAY002455,POL002555,CUST004346,2024-02-29,reversed,card,506.04,506.04
PAY002456,POL002556,CUST002221,2024-04-24,scheduled,card,698.17,698.17
PAY002457,POL002557,CUST003721,2026-04-13,paid,check,74.37,74.37
PAY002458,POL002558,CUST003400,2024-04-11,paid,wire,743.36,0.0
PAY002459,POL002559,CUST002380,2024-08-19,paid,cash,1859.71,0.0
PAY002460,POL002560,CUST004066,2024-04-03,scheduled,payroll,480.24,0.0
PAY002461,POL002561,CUST000374,2025-02-08,paid,payroll,1353.78,1353.78
PAY002462,POL002562,CUST004597,2026-05-17,reversed,check,65.49,65.49
PAY002463,POL002563,CUST004181,2025-01-28,paid,payroll,470.65,470.65
PAY002464,POL002564,CUST000793,2025-09-09,paid,payroll,528.63,528.63
PAY002465,POL002565,CUST002746,2026-06-30,reversed,card,123.87,0.0
PAY002466,POL002566,CUST002956,2024-10-28,paid,card,1149.72,0.0
PAY002467,POL002567,CUST000932,2026-07-22,paid,wire,1698.79,1698.79
PAY002468,POL002568,CUST002372,2025-06-08,paid,cash,872.69,872.69
PAY002469,POL002569,CUST001440,2025-12-12,paid,check,1532.05,1532.05
PAY002470,POL002570,CUST003116,2024-05-17,scheduled,payroll,678.58,678.58
PAY002471,POL002571,CUST004476,2026-05-23,failed,payroll,1161.82,1161.82
PAY002472,POL002572,CUST000985,2025-06-13,paid,wire,735.67,735.67
PAY002473,POL002573,CUST004324,2024-09-28,past_due,card,943.95,0.0
PAY002474,POL002574,CUST003905,2025-12-13,failed,check,1581.01,1581.01
PAY002475,POL002575,CUST002798,2025-10-16,paid,check,1892.17,0.0
PAY002476,POL002576,CUST004152,2024-11-16,reversed,ach,770.07,770.07
PAY002477,POL002577,CUST004146,2025-03-24,failed,ach,408.27,408.27
PAY002478,POL002578,CUST001033,2024-10-18,paid,payroll,1767.91,1767.91
PAY002479,POL002579,CUST001941,2024-05-11,scheduled,cash,1838.71,1838.71
PAY002480,POL002580,CUST000714,2026-04-05,scheduled,card,1079.78,1079.78
PAY002481,POL002581,CUST000961,2024-01-22,paid,payroll,1692.82,1692.82
PAY002482,POL002582,CUST002864,2025-02-18,paid,card,1122.45,1122.45
PAY002483,POL002583,CUST000784,2025-07-02,reversed,other,625.4,625.4
PAY002484,POL002584,CUST002873,2024-05-05,paid,wire,1528.39,0.0
PAY002485,POL002585,CUST004242,2026-08-18,paid,cash,848.5,0.0
PAY002486,POL002586,CUST004026,2024-10-04,failed,card,355.5,355.5
PAY002487,POL002587,CUST003067,2025-01-28,paid,ach,1182.38,0.0
PAY002488,POL002588,CUST000833,2024-11-03,paid,card,1749.11,1749.11
PAY002489,POL002589,CUST001552,2024-09-02,scheduled,payroll,765.91,765.91
PAY002490,POL002590,CUST003826,2026-07-24,paid,ach,393.94,393.94
PAY002491,POL002591,CUST004240,2026-06-28,refunded,ach,515.98,515.98
PAY002492,POL002592,CUST000562,2025-07-01,paid,check,1571.55,1571.55
PAY002493,POL002593,CUST001601,2025-03-14,failed,check,1522.69,1522.69
PAY002494,POL002594,CUST002554,2024-09-30,scheduled,wire,1090.0,0.0
PAY002495,POL002595,CUST000057,2025-04-20,failed,cash,910.49,910.49
PAY002496,POL002596,CUST000390,2024-06-25,paid,cash,1633.6,1633.6
PAY002497,POL002597,CUST001453,2025-08-27,paid,card,555.05,555.05
PAY002498,POL002598,CUST003744,2024-07-28,scheduled,wire,376.58,376.58
PAY002499,POL002599,CUST002655,2024-12-31,failed,cash,827.11,0.0
PAY002500,POL002600,CUST002720,2025-09-14,reversed,payroll,990.61,990.61
PAY002501,POL002601,CUST001154,2025-10-22,paid,cash,1660.93,1660.93
PAY002502,POL002602,CUST000430,2026-04-24,paid,payroll,283.71,0.0
PAY002503,POL002603,CUST002501,2026-01-17,paid,other,884.07,884.07
PAY002504,POL002604,CUST004813,2025-09-15,scheduled,cash,1870.34,1870.34
PAY002505,POL002605,CUST000209,2025-10-06,scheduled,ach,1677.56,1677.56
PAY002506,POL002606,CUST000091,2024-11-28,failed,cash,1374.89,1374.89
PAY002507,POL002607,CUST003169,2026-02-14,paid,card,1437.83,1437.83
PAY002508,POL002608,CUST003558,2024-05-13,reversed,payroll,794.81,794.81
PAY002509,POL002609,CUST002364,2024-08-09,paid,wire,1414.95,1414.95
PAY002510,POL002610,CUST004712,2026-09-13,failed,cash,614.95,0.0
PAY002511,POL002611,CUST003789,2025-06-10,paid,wire,817.55,817.55
PAY002512,POL002612,CUST002463,2024-11-18,failed,ach,127.36,127.36
PAY002513,POL002613,CUST003954,2024-06-15,reversed,ach,1779.92,1779.92
PAY002514,POL002614,CUST003756,2024-01-28,paid,other,1090.0,1090.0
PAY002515,POL002615,CUST004204,2026-01-13,paid,check,1348.52,1348.52
PAY002516,POL002616,CUST003508,2026-02-18,past_due,wire,811.87,811.87
PAY002517,POL002617,CUST000658,2025-01-20,refunded,other,1682.24,1682.24
PAY002518,POL002618,CUST004226,2026-04-13,refunded,other,553.72,553.72
PAY002519,POL002619,CUST002469,2024-11-30,past_due,cash,1057.47,1057.47
PAY002520,POL002620,CUST002717,2025-10-11,failed,ach,1390.36,1390.36
PAY002521,POL002621,CUST001893,2026-04-13,scheduled,wire,1735.18,1735.18
PAY002522,POL002622,CUST002966,2026-08-30,reversed,cash,689.26,0.0
PAY002523,POL002623,CUST002039,2024-06-08,past_due,payroll,1650.82,1650.82
PAY002524,POL002624,CUST004016,2026-01-26,refunded,other,1273.1,0.0
PAY002525,POL002625,CUST000175,2024-12-20,failed,card,1457.9,0.0
PAY002526,POL002626,CUST002096,2025-03-12,paid,cash,1556.45,0.0
PAY002527,POL002627,CUST000864,2025-07-10,refunded,wire,271.25,271.25
PAY002528,POL002628,CUST001748,2024-02-01,past_due,check,393.38,393.38
PAY002529,POL002629,CUST001718,2024-11-29,past_due,cash,322.27,322.27
PAY002530,POL002630,CUST003421,2025-04-20,past_due,other,861.94,861.94
PAY002531,POL002631,CUST002125,2024-10-17,scheduled,other,1928.56,0.0
PAY002532,POL002632,CUST001091,2024-09-13,scheduled,other,194.54,0.0
PAY002533,POL002633,CUST003890,2026-01-22,reversed,ach,1094.53,1094.53
PAY002534,POL002634,CUST003218,2026-08-15,failed,card,1733.4,1733.4
PAY002535,POL002635,CUST000643,2025-10-19,paid,cash,1540.55,0.0
PAY002536,POL002636,CUST003463,2025-08-27,paid,payroll,1793.26,1793.26
PAY002537,POL002637,CUST003222,2025-07-13,reversed,cash,288.65,288.65
PAY002538,POL002638,CUST000333,2025-02-27,paid,card,231.5,231.5
PAY002539,POL002639,CUST002796,2026-03-14,refunded,other,278.17,0.0
PAY002540,POL002640,CUST004491,2025-12-12,paid,cash,1726.59,1726.59
PAY002541,POL002641,CUST004581,2024-07-26,reversed,card,267.44,267.44
PAY002542,POL002642,CUST000055,2024-03-05,failed,ach,337.38,337.38
PAY002543,POL002643,CUST004779,2025-06-30,scheduled,payroll,728.92,728.92
PAY002544,POL002644,CUST004973,2024-02-08,paid,payroll,1248.87,1248.87
PAY002545,POL002645,CUST004662,2024-12-31,paid,wire,959.46,959.46
PAY002546,POL002646,CUST000887,2025-09-26,failed,card,1341.91,1341.91
PAY002547,POL002647,CUST003770,2026-08-15,paid,check,492.9,492.9
PAY002548,POL002648,CUST000072,2026-07-19,paid,other,64.53,0.0
PAY002549,POL002649,CUST002678,2026-04-13,failed,wire,1097.02,1097.02
PAY002550,POL002650,CUST001675,2025-07-03,reversed,cash,287.14,287.14
PAY002551,POL002651,CUST004859,2026-07-21,failed,ach,746.54,0.0
PAY002552,POL002652,CUST004367,2026-06-06,past_due,payroll,1321.34,1321.34
PAY002553,POL002653,CUST000550,2024-11-11,refunded,ach,1494.65,1494.65
PAY002554,POL002654,CUST002074,2025-01-19,paid,card,622.91,622.91
PAY002555,POL002655,CUST002378,2025-11-10,paid,cash,1825.34,1825.34
PAY002556,POL002656,CUST000544,2025-11-28,paid,other,582.83,0.0
PAY002557,POL002657,CUST004697,2024-07-16,failed,wire,1815.42,1815.42
PAY002558,POL002658,CUST002709,2026-06-14,paid,check,1725.0,1725.0
PAY002559,POL002659,CUST004272,2025-12-29,past_due,other,447.33,447.33
PAY002560,POL002660,CUST004648,2025-04-24,paid,check,1773.56,0.0
PAY002561,POL002661,CUST004491,2025-12-01,reversed,wire,210.73,210.73
PAY002562,POL002662,CUST004196,2024-06-06,paid,wire,136.32,136.32
PAY002563,POL002663,CUST004791,2025-02-08,reversed,other,840.77,840.77
PAY002564,POL002664,CUST002391,2024-08-15,paid,other,210.21,210.21
PAY002565,POL002665,CUST001984,2026-03-26,paid,payroll,585.57,585.57
PAY002566,POL002666,CUST003290,2024-07-02,failed,payroll,1510.4,1510.4
PAY002567,POL002667,CUST003375,2026-07-29,refunded,ach,1062.74,0.0
PAY002568,POL002668,CUST004710,2024-11-26,refunded,ach,978.49,0.0
PAY002569,POL002669,CUST002370,2026-04-20,paid,cash,401.68,401.68
PAY002570,POL002670,CUST002265,2026-07-06,past_due,wire,213.88,0.0
PAY002571,POL002671,CUST002765,2024-08-10,failed,check,1709.72,0.0
PAY002572,POL002672,CUST001450,2025-07-21,past_due,payroll,344.82,344.82
PAY002573,POL002673,CUST001249,2024-05-24,past_due,ach,1991.86,0.0
PAY002574,POL002674,CUST004399,2026-05-08,past_due,wire,1901.23,1901.23
PAY002575,POL002675,CUST003835,2026-01-25,paid,ach,1855.8,0.0
PAY002576,POL002676,CUST000832,2025-01-08,paid,ach,1113.73,1113.73
PAY002577,POL002677,CUST001747,2024-05-24,paid,cash,497.59,497.59
PAY002578,POL002678,CUST001960,2026-02-26,scheduled,payroll,865.73,865.73
PAY002579,POL002679,CUST001931,2024-05-16,paid,check,537.26,537.26
PAY002580,POL002680,CUST003013,2024-08-08,reversed,card,1932.7,1932.7
PAY002581,POL002681,CUST002649,2026-06-03,reversed,other,1076.04,1076.04
PAY002582,POL002682,CUST001527,2026-04-03,paid,payroll,1778.57,0.0
PAY002583,POL002683,CUST002060,2025-05-24,scheduled,wire,864.99,0.0
PAY002584,POL002684,CUST000823,2024-11-05,paid,card,1867.35,0.0
PAY002585,POL002685,CUST004419,2024-05-21,paid,wire,1494.57,0.0
PAY002586,POL002686,CUST001618,2024-08-27,scheduled,ach,87.14,87.14
PAY002587,POL002687,CUST000241,2024-09-11,paid,payroll,703.26,703.26
PAY002588,POL002688,CUST002915,2026-02-24,paid,card,1993.95,0.0
PAY002589,POL002689,CUST000721,2025-10-30,reversed,ach,180.94,180.94
PAY002590,POL002690,CUST002470,2025-06-18,failed,check,1039.26,0.0
PAY002591,POL002691,CUST002664,2025-02-02,past_due,card,1012.56,1012.56
PAY002592,POL002692,CUST004880,2025-07-18,refunded,payroll,77.01,77.01
PAY002593,POL002693,CUST003329,2024-12-03,paid,card,478.92,478.92
PAY002594,POL002694,CUST001813,2024-03-19,paid,payroll,1608.94,0.0
PAY002595,POL002695,CUST003175,2025-08-01,past_due,check,1944.17,1944.17
PAY002596,POL002696,CUST000626,2024-07-16,paid,wire,1737.73,1737.73
PAY002597,POL002697,CUST004121,2025-04-18,failed,wire,1252.15,1252.15
PAY002598,POL002698,CUST001613,2024-08-13,refunded,wire,1993.31,1993.31
PAY002599,POL002699,CUST004679,2026-08-22,paid,check,1978.92,1978.92
PAY002600,POL002700,CUST004958,2024-07-01,paid,payroll,1085.46,1085.46
PAY002601,POL002701,CUST001370,2025-08-19,paid,check,1816.12,0.0
PAY002602,POL002702,CUST002143,2026-05-29,refunded,payroll,1834.79,1834.79
PAY002603,POL002703,CUST003941,2026-03-28,failed,check,1023.97,1023.97
PAY002604,POL002704,CUST001524,2025-03-14,scheduled,cash,1364.75,1364.75
PAY002605,POL002705,CUST000730,2026-07-14,refunded,ach,426.08,426.08
PAY002606,POL002706,CUST004596,2026-07-05,refunded,card,275.28,275.28
PAY002607,POL002707,CUST000010,2024-06-21,past_due,wire,429.11,429.11
PAY002608,POL002708,CUST004643,2024-07-13,scheduled,card,1008.98,0.0
PAY002609,POL002709,CUST004425,2026-04-13,paid,ach,743.72,743.72
PAY002610,POL002710,CUST001010,2024-05-29,paid,check,1341.73,1341.73
PAY002611,POL002711,CUST002673,2025-09-29,paid,check,1727.06,1727.06
PAY002612,POL002712,CUST001507,2024-04-11,refunded,card,284.59,284.59
PAY002613,POL002713,CUST000587,2026-04-13,paid,card,725.7,0.0
PAY002614,POL002714,CUST003020,2024-04-06,past_due,check,564.05,564.05
PAY002615,POL002715,CUST003702,2025-05-22,past_due,cash,705.36,705.36
PAY002616,POL002716,CUST000355,2025-10-30,scheduled,payroll,1705.85,1705.85
PAY002617,POL002717,CUST003954,2026-02-03,scheduled,card,443.88,0.0
PAY002618,POL002718,CUST001742,2024-04-28,paid,ach,153.17,0.0
PAY002619,POL002719,CUST002971,2026-09-04,failed,other,1772.46,1772.46
PAY002620,POL002720,CUST001142,2026-02-13,paid,card,714.05,0.0
PAY002621,POL002721,CUST001206,2024-03-22,past_due,card,799.64,0.0
PAY002622,POL002722,CUST001838,2025-01-27,reversed,ach,1162.86,1162.86
PAY002623,POL002723,CUST000983,2024-08-04,refunded,payroll,1746.14,0.0
PAY002624,POL002724,CUST003847,2024-02-28,refunded,card,1465.91,0.0
PAY002625,POL002725,CUST003597,2025-10-24,past_due,wire,1813.16,0.0
PAY002626,POL002726,CUST002015,2024-02-14,past_due,ach,832.35,832.35
PAY002627,POL002727,CUST004860,2026-05-11,paid,check,419.44,419.44
PAY002628,POL002728,CUST002132,2025-04-25,refunded,card,441.79,0.0
PAY002629,POL002729,CUST003301,2026-03-18,refunded,ach,692.03,692.03
PAY002630,POL002730,CUST004564,2025-01-10,paid,cash,457.47,0.0
PAY002631,POL002731,CUST003597,2026-03-23,reversed,wire,1531.16,0.0
PAY002632,POL002732,CUST001708,2026-03-07,failed,wire,894.98,894.98
PAY002633,POL002733,CUST001790,2026-03-15,paid,payroll,371.3,371.3
PAY002634,POL002734,CUST000619,2026-05-08,reversed,payroll,1434.81,1434.81
PAY002635,POL002735,CUST000174,2026-02-17,past_due,cash,923.46,923.46
PAY002636,POL002736,CUST002784,2026-06-22,paid,payroll,1968.29,1968.29
PAY002637,POL002737,CUST004839,2025-08-05,paid,wire,349.36,0.0
PAY002638,POL002738,CUST004261,2024-03-29,refunded,check,1705.74,0.0
PAY002639,POL002739,CUST003354,2025-06-12,paid,payroll,1032.17,1032.17
PAY002640,POL002740,CUST002237,2026-02-06,refunded,payroll,749.51,749.51
PAY002641,POL002741,CUST000940,2025-10-03,paid,payroll,1074.58,1074.58
PAY002642,POL002742,CUST000851,2025-05-23,paid,check,1251.31,1251.31
PAY002643,POL002743,CUST002411,2026-01-30,paid,check,1469.14,1469.14
PAY002644,POL002744,CUST002742,2026-03-03,refunded,other,1925.5,1925.5
PAY002645,POL002745,CUST004376,2024-02-03,scheduled,check,1201.64,1201.64
PAY002646,POL002746,CUST004040,2024-05-23,scheduled,check,391.6,391.6
PAY002647,POL002747,CUST003364,2025-04-12,failed,payroll,1181.78,1181.78
PAY002648,POL002748,CUST001398,2025-02-09,paid,cash,1880.6,1880.6
PAY002649,POL002749,CUST001457,2025-05-23,paid,cash,791.31,791.31
PAY002650,POL002750,CUST002793,2026-07-05,failed,wire,1829.0,1829.0
PAY002651,POL002751,CUST000990,2026-03-31,past_due,cash,609.58,609.58
PAY002652,POL002752,CUST003037,2024-12-15,failed,check,514.38,514.38
PAY002653,POL002753,CUST004180,2024-08-24,scheduled,other,1516.91,1516.91
PAY002654,POL002754,CUST001152,2025-06-01,reversed,ach,999.13,0.0
PAY002655,POL002755,CUST003134,2026-08-17,paid,cash,1915.93,1915.93
PAY002656,POL002756,CUST001476,2025-08-10,past_due,card,616.18,616.18
PAY002657,POL002757,CUST004200,2024-02-03,paid,other,1620.27,1620.27
PAY002658,POL002758,CUST001629,2025-11-19,paid,payroll,1243.23,1243.23
PAY002659,POL002759,CUST002852,2025-01-14,past_due,card,990.31,990.31
PAY002660,POL002760,CUST000014,2024-02-08,paid,wire,1770.51,1770.51
PAY002661,POL002761,CUST000774,2024-09-04,failed,cash,1148.04,0.0
PAY002662,POL002762,CUST000757,2026-06-05,reversed,card,1143.12,1143.12
PAY002663,POL002763,CUST002422,2025-11-25,paid,cash,489.43,489.43
PAY002664,POL002764,CUST002685,2024-05-19,past_due,other,795.59,0.0
PAY002665,POL002765,CUST000750,2024-11-03,refunded,payroll,144.1,144.1
PAY002666,POL002766,CUST002947,2025-07-10,paid,cash,1150.32,1150.32
PAY002667,POL002767,CUST000710,2026-03-12,scheduled,check,1370.75,1370.75
PAY002668,POL002768,CUST003197,2024-09-01,past_due,payroll,423.44,0.0
PAY002669,POL002769,CUST003293,2024-04-02,scheduled,check,491.39,491.39
PAY002670,POL002770,CUST004412,2026-05-01,paid,ach,1045.12,1045.12
PAY002671,POL002771,CUST004350,2024-01-18,paid,cash,1535.62,1535.62
PAY002672,POL002772,CUST004380,2024-01-30,paid,payroll,1817.47,0.0
PAY002673,POL002773,CUST002085,2024-08-05,past_due,other,724.59,724.59
PAY002674,POL002774,CUST002533,2024-02-22,paid,other,958.7,958.7
PAY002675,POL002775,CUST003359,2025-11-05,past_due,payroll,879.0,0.0
PAY002676,POL002776,CUST004776,2026-07-10,failed,wire,1576.17,0.0
PAY002677,POL002777,CUST002413,2025-03-26,paid,cash,143.57,143.57
PAY002678,POL002778,CUST000560,2024-09-18,scheduled,cash,276.37,276.37
PAY002679,POL002779,CUST003198,2026-05-13,failed,other,339.54,339.54
PAY002680,POL002780,CUST004470,2026-06-16,failed,card,1628.22,0.0
PAY002681,POL002781,CUST002050,2024-04-09,reversed,ach,1219.98,1219.98
PAY002682,POL002782,CUST003000,2025-07-21,failed,other,483.76,483.76
PAY002683,POL002783,CUST002603,2024-04-24,paid,payroll,657.85,657.85
PAY002684,POL002784,CUST003510,2026-05-04,past_due,check,979.49,979.49
PAY002685,POL002785,CUST000919,2026-07-04,failed,ach,1798.34,0.0
PAY002686,POL002786,CUST004279,2025-07-07,paid,check,1819.71,0.0
PAY002687,POL002787,CUST001571,2024-07-28,paid,card,1720.21,1720.21
PAY002688,POL002788,CUST003353,2025-09-19,past_due,wire,911.9,911.9
PAY002689,POL002789,CUST002863,2026-08-01,reversed,card,986.22,0.0
PAY002690,POL002790,CUST004387,2025-08-30,scheduled,ach,420.42,420.42
PAY002691,POL002791,CUST004232,2024-06-11,past_due,payroll,1663.88,1663.88
PAY002692,POL002792,CUST001189,2025-06-21,reversed,check,149.25,149.25
PAY002693,POL002793,CUST001777,2024-09-15,failed,payroll,1973.34,1973.34
PAY002694,POL002794,CUST004776,2025-04-08,paid,card,753.78,753.78
PAY002695,POL002795,CUST000389,2024-05-23,failed,card,1279.4,1279.4
PAY002696,POL002796,CUST004647,2025-05-11,refunded,other,1505.36,1505.36
PAY002697,POL002797,CUST003545,2025-05-26,failed,wire,694.38,694.38
PAY002698,POL002798,CUST004002,2026-02-28,paid,card,1439.38,0.0
PAY002699,POL002799,CUST001172,2025-12-29,paid,payroll,871.93,0.0
PAY002700,POL002800,CUST003236,2024-03-11,paid,payroll,754.67,754.67
PAY002701,POL002801,CUST001581,2025-05-11,paid,card,1627.15,0.0
PAY002702,POL002802,CUST001538,2025-01-08,past_due,payroll,1195.73,1195.73
PAY002703,POL002803,CUST001589,2024-06-30,paid,payroll,792.15,792.15
PAY002704,POL002804,CUST003750,2025-11-24,refunded,other,1125.47,1125.47
PAY002705,POL002805,CUST001474,2025-11-30,reversed,card,58.65,58.65
PAY002706,POL002806,CUST003786,2025-12-15,refunded,payroll,372.69,372.69
PAY002707,POL002807,CUST001133,2024-12-06,refunded,payroll,1235.79,1235.79
PAY002708,POL002808,CUST000313,2025-06-06,past_due,payroll,1617.71,1617.71
PAY002709,POL002809,CUST003523,2025-05-18,past_due,check,1187.92,1187.92
PAY002710,POL002810,CUST004397,2024-01-09,paid,cash,714.65,714.65
PAY002711,POL002811,CUST000831,2024-12-02,paid,check,1311.3,1311.3
PAY002712,POL002812,CUST000510,2024-06-03,past_due,cash,1482.72,0.0
PAY002713,POL002813,CUST001973,2026-09-03,paid,other,559.66,559.66
PAY002714,POL002814,CUST001430,2026-08-26,paid,cash,1807.28,1807.28
PAY002715,POL002815,CUST003199,2024-07-07,past_due,payroll,1715.91,1715.91
PAY002716,POL002816,CUST003605,2024-12-09,failed,check,1857.7,0.0
PAY002717,POL002817,CUST001862,2025-01-07,reversed,cash,1400.22,1400.22
PAY002718,POL002818,CUST002610,2024-12-30,paid,check,896.71,896.71
PAY002719,POL002819,CUST002040,2024-06-27,scheduled,wire,751.03,0.0
PAY002720,POL002820,CUST004865,2026-04-29,past_due,other,524.92,524.92
PAY002721,POL002821,CUST003773,2025-01-29,paid,card,1069.13,1069.13
PAY002722,POL002822,CUST000025,2025-02-28,paid,other,709.93,709.93
PAY002723,POL002823,CUST002285,2024-09-27,failed,cash,637.96,637.96
PAY002724,POL002824,CUST003050,2025-11-19,past_due,ach,1680.39,1680.39
PAY002725,POL002825,CUST001336,2024-05-18,reversed,ach,335.63,335.63
PAY002726,POL002826,CUST004875,2024-03-12,paid,check,1131.9,1131.9
PAY002727,POL002827,CUST004837,2026-01-23,paid,cash,851.32,851.32
PAY002728,POL002828,CUST002104,2024-05-11,scheduled,cash,1937.88,1937.88
PAY002729,POL002829,CUST000339,2024-07-08,scheduled,payroll,959.99,959.99
PAY002730,POL002830,CUST001268,2024-04-12,refunded,other,943.2,943.2
PAY002731,POL002831,CUST004656,2026-08-12,scheduled,payroll,1357.17,1357.17
PAY002732,POL002832,CUST003765,2024-01-13,paid,wire,475.0,475.0
PAY002733,POL002833,CUST000237,2024-06-29,paid,other,270.72,270.72
PAY002734,POL002834,CUST002288,2024-03-23,failed,cash,413.16,413.16
PAY002735,POL002835,CUST003814,2025-03-02,refunded,ach,1082.51,1082.51
PAY002736,POL002836,CUST002220,2024-03-07,paid,ach,84.56,84.56
PAY002737,POL002837,CUST001526,2025-09-02,paid,check,1756.63,1756.63
PAY002738,POL002838,CUST004601,2025-06-04,reversed,payroll,1564.58,1564.58
PAY002739,POL002839,CUST003902,2025-01-31,failed,other,515.13,515.13
PAY002740,POL002840,CUST003597,2025-12-27,failed,check,1608.39,1608.39
PAY002741,POL002841,CUST004766,2025-01-23,paid,check,1222.55,1222.55
PAY002742,POL002842,CUST004409,2026-01-28,refunded,cash,834.81,0.0
PAY002743,POL002843,CUST000748,2024-10-04,reversed,ach,536.5,536.5
PAY002744,POL002844,CUST001703,2025-03-28,failed,card,1962.04,1962.04
PAY002745,POL002845,CUST001971,2025-06-15,past_due,card,923.65,923.65
PAY002746,POL002846,CUST003975,2024-04-11,reversed,wire,1363.28,1363.28
PAY002747,POL002847,CUST000634,2026-01-30,paid,other,797.72,797.72
PAY002748,POL002848,CUST001467,2025-04-03,past_due,ach,535.6,0.0
PAY002749,POL002849,CUST004419,2024-06-28,refunded,payroll,316.51,316.51
PAY002750,POL002850,CUST001432,2026-07-05,paid,card,1766.73,1766.73
PAY002751,POL002851,CUST002658,2025-03-28,paid,payroll,782.93,782.93
PAY002752,POL002852,CUST003320,2024-03-25,paid,ach,144.65,144.65
PAY002753,POL002853,CUST002605,2026-09-14,paid,payroll,619.76,619.76
PAY002754,POL002854,CUST000588,2024-01-02,paid,payroll,476.63,476.63
PAY002755,POL002855,CUST003968,2025-06-12,past_due,card,1076.64,1076.64
PAY002756,POL002856,CUST003500,2025-10-09,reversed,check,1446.94,0.0
PAY002757,POL002857,CUST000840,2024-09-10,paid,wire,1661.68,0.0
PAY002758,POL002858,CUST000877,2026-03-07,paid,payroll,892.27,892.27
PAY002759,POL002859,CUST002526,2024-08-07,paid,check,1566.68,1566.68
PAY002760,POL002860,CUST003065,2024-03-08,failed,ach,713.52,713.52
PAY002761,POL002861,CUST004598,2026-06-03,paid,check,502.34,502.34
PAY002762,POL002862,CUST000047,2026-02-12,paid,check,972.84,972.84
PAY002763,POL002863,CUST000677,2024-12-14,failed,other,414.46,0.0
PAY002764,POL002864,CUST002278,2024-11-14,paid,card,1537.42,0.0
PAY002765,POL002865,CUST002581,2026-05-29,past_due,card,1722.21,1722.21
PAY002766,POL002866,CUST001775,2025-12-30,refunded,payroll,1473.77,0.0
PAY002767,POL002867,CUST000544,2025-08-03,paid,ach,957.46,0.0
PAY002768,POL002868,CUST002040,2025-09-12,paid,payroll,720.36,720.36
PAY002769,POL002869,CUST004919,2024-03-22,refunded,payroll,1616.62,1616.62
PAY002770,POL002870,CUST004182,2025-01-31,refunded,other,949.96,949.96
PAY002771,POL002871,CUST001553,2025-02-26,paid,wire,1034.44,1034.44
PAY002772,POL002872,CUST004999,2025-12-19,paid,cash,234.55,234.55
PAY002773,POL002873,CUST003110,2026-07-22,paid,check,475.81,475.81
PAY002774,POL002874,CUST000448,2026-01-01,scheduled,wire,147.62,147.62
PAY002775,POL002875,CUST002717,2024-11-23,reversed,other,1008.32,0.0
PAY002776,POL002876,CUST002193,2026-06-10,paid,payroll,1257.64,0.0
PAY002777,POL002877,CUST004342,2024-08-29,scheduled,payroll,487.72,487.72
PAY002778,POL002878,CUST001416,2024-06-25,refunded,card,749.84,749.84
PAY002779,POL002879,CUST000755,2025-12-10,past_due,payroll,208.99,208.99
PAY002780,POL002880,CUST000607,2025-05-15,paid,payroll,454.43,454.43
PAY002781,POL002881,CUST001723,2024-06-28,past_due,cash,1316.73,1316.73
PAY002782,POL002882,CUST003177,2024-07-09,past_due,cash,1738.55,1738.55
PAY002783,POL002883,CUST004403,2025-12-23,reversed,wire,1333.1,1333.1
PAY002784,POL002884,CUST000379,2026-04-13,reversed,payroll,1155.08,1155.08
PAY002785,POL002885,CUST001982,2025-09-17,scheduled,ach,412.7,412.7
PAY002786,POL002886,CUST003492,2025-01-19,paid,ach,1169.87,1169.87
PAY002787,POL002887,CUST001796,2024-03-15,refunded,cash,134.3,134.3
PAY002788,POL002888,CUST001901,2026-01-26,scheduled,cash,844.89,0.0
PAY002789,POL002889,CUST003561,2026-07-21,reversed,wire,251.86,0.0
PAY002790,POL002890,CUST004408,2026-06-20,failed,check,197.3,197.3
PAY002791,POL002891,CUST004936,2025-10-01,reversed,check,1918.66,1918.66
PAY002792,POL002892,CUST000764,2025-03-18,reversed,cash,1929.75,1929.75
PAY002793,POL002893,CUST004111,2025-11-19,past_due,wire,804.94,804.94
PAY002794,POL002894,CUST000172,2024-06-20,past_due,other,1046.44,0.0
PAY002795,POL002895,CUST002703,2026-03-01,paid,payroll,795.73,795.73
PAY002796,POL002896,CUST001528,2025-07-07,failed,card,204.75,204.75
PAY002797,POL002897,CUST003842,2025-02-21,failed,other,1735.63,0.0
PAY002798,POL002898,CUST000903,2026-03-01,refunded,card,1673.27,1673.27
PAY002799,POL002899,CUST000340,2026-07-11,paid,check,497.49,497.49
PAY002800,POL002900,CUST003517,2025-02-19,paid,check,1004.26,1004.26
PAY002801,POL002901,CUST003041,2026-08-26,past_due,other,1693.56,1693.56
PAY002802,POL002902,CUST002837,2026-06-24,past_due,wire,1366.09,0.0
PAY002803,POL002903,CUST001560,2024-07-12,paid,other,1718.9,0.0
PAY002804,POL002904,CUST000582,2024-08-25,failed,other,445.27,0.0
PAY002805,POL002905,CUST001418,2024-09-01,past_due,payroll,1625.39,1625.39
PAY002806,POL002906,CUST004484,2024-04-08,paid,check,288.12,0.0
PAY002807,POL002907,CUST002520,2024-08-23,paid,check,734.43,0.0
PAY002808,POL002908,CUST000022,2026-08-19,paid,payroll,1375.71,1375.71
PAY002809,POL002909,CUST002189,2024-07-12,paid,cash,1248.81,1248.81
PAY002810,POL002910,CUST002731,2024-08-01,paid,check,261.14,261.14
PAY002811,POL002911,CUST004168,2025-07-11,failed,check,878.01,878.01
PAY002812,POL002912,CUST001147,2024-03-05,past_due,other,915.33,915.33
PAY002813,POL002913,CUST000349,2024-05-16,past_due,other,396.82,396.82
PAY002814,POL002914,CUST000404,2024-02-12,paid,check,1626.98,1626.98
PAY002815,POL002915,CUST003662,2025-05-31,reversed,ach,498.63,498.63
PAY002816,POL002916,CUST003816,2026-07-30,paid,ach,1466.65,0.0
PAY002817,POL002917,CUST003991,2026-04-17,paid,check,506.0,0.0
PAY002818,POL002918,CUST003301,2025-07-27,paid,check,683.2,0.0
PAY002819,POL002919,CUST003520,2026-05-09,paid,payroll,376.34,376.34
PAY002820,POL002920,CUST000163,2026-08-27,paid,wire,1627.77,1627.77
PAY002821,POL002921,CUST002788,2026-04-02,paid,card,137.49,137.49
PAY002822,POL002922,CUST000499,2024-03-19,reversed,payroll,1270.29,1270.29
PAY002823,POL002923,CUST003502,2025-12-08,paid,ach,1686.26,1686.26
PAY002824,POL002924,CUST003126,2025-06-25,refunded,ach,439.86,439.86
PAY002825,POL002925,CUST000984,2026-02-06,paid,payroll,618.54,618.54
PAY002826,POL002926,CUST000111,2024-08-06,failed,payroll,982.12,982.12
PAY002827,POL002927,CUST003665,2025-09-11,scheduled,cash,580.51,580.51
PAY002828,POL002928,CUST001969,2024-03-09,scheduled,check,377.82,377.82
PAY002829,POL002929,CUST004442,2025-10-18,failed,check,1846.93,1846.93
PAY002830,POL002930,CUST001158,2024-12-13,scheduled,wire,940.24,940.24
PAY002831,POL002931,CUST002261,2025-06-06,refunded,card,847.91,0.0
PAY002832,POL002932,CUST003454,2025-04-17,refunded,ach,342.74,342.74
PAY002833,POL002933,CUST002880,2026-03-31,scheduled,ach,1154.22,0.0
PAY002834,POL002934,CUST002197,2026-06-29,scheduled,ach,1103.27,0.0
PAY002835,POL002935,CUST004164,2025-02-01,failed,check,1297.51,1297.51
PAY002836,POL002936,CUST004824,2024-05-29,past_due,check,1013.22,0.0
PAY002837,POL002937,CUST002622,2026-02-19,paid,wire,1434.71,1434.71
PAY002838,POL002938,CUST000155,2024-08-28,past_due,other,1472.61,0.0
PAY002839,POL002939,CUST000808,2026-02-08,refunded,ach,1110.38,1110.38
PAY002840,POL002940,CUST004519,2024-09-19,failed,cash,389.74,0.0
PAY002841,POL002941,CUST002099,2024-02-27,failed,cash,364.68,364.68
PAY002842,POL002942,CUST004438,2024-07-07,failed,ach,150.6,0.0
PAY002843,POL002943,CUST004499,2024-10-13,past_due,payroll,1448.14,0.0
PAY002844,POL002944,CUST002293,2025-01-21,failed,cash,1681.16,0.0
PAY002845,POL002945,CUST003991,2024-05-19,refunded,other,465.81,465.81
PAY002846,POL002946,CUST000363,2024-11-11,paid,ach,1646.66,1646.66
PAY002847,POL002947,CUST001909,2025-11-19,reversed,ach,920.1,920.1
PAY002848,POL002948,CUST003937,2025-06-21,scheduled,payroll,1196.72,1196.72
PAY002849,POL002949,CUST000181,2024-10-13,scheduled,check,1429.02,1429.02
PAY002850,POL002950,CUST002945,2025-08-09,failed,ach,1129.67,1129.67
PAY002851,POL002951,CUST004729,2024-09-28,past_due,wire,827.47,827.47
PAY002852,POL002952,CUST002493,2025-02-01,past_due,check,331.8,331.8
PAY002853,POL002953,CUST002636,2024-07-19,refunded,ach,1554.32,1554.32
PAY002854,POL002954,CUST001103,2024-09-26,paid,other,325.63,325.63
PAY002855,POL002955,CUST003312,2026-01-23,reversed,check,1331.62,1331.62
PAY002856,POL002956,CUST001786,2024-03-31,failed,ach,1472.05,1472.05
PAY002857,POL002957,CUST001390,2026-04-03,reversed,check,966.4,966.4
PAY002858,POL002958,CUST002811,2026-07-06,refunded,wire,836.76,0.0
PAY002859,POL002959,CUST002865,2026-09-12,paid,other,686.4,0.0
PAY002860,POL002960,CUST002013,2026-05-06,scheduled,card,1632.15,1632.15
PAY002861,POL002961,CUST002851,2025-01-13,scheduled,wire,187.12,187.12
PAY002862,POL002962,CUST000700,2024-04-18,paid,card,1707.42,1707.42
PAY002863,POL002963,CUST003625,2025-10-13,scheduled,check,1838.97,1838.97
PAY002864,POL002964,CUST004112,2024-10-11,paid,ach,1781.58,0.0
PAY002865,POL002965,CUST004023,2024-11-27,refunded,payroll,733.84,733.84
PAY002866,POL002966,CUST001430,2025-08-04,refunded,check,1718.54,1718.54
PAY002867,POL002967,CUST003728,2025-07-02,reversed,other,195.0,195.0
PAY002868,POL002968,CUST004330,2025-05-06,paid,cash,1687.26,0.0
PAY002869,POL002969,CUST000740,2025-05-21,reversed,wire,943.34,0.0
PAY002870,POL002970,CUST002264,2024-06-13,past_due,wire,1449.29,1449.29
PAY002871,POL002971,CUST002026,2026-06-19,past_due,other,1237.6,1237.6
PAY002872,POL002972,CUST004576,2025-07-07,paid,cash,1774.85,1774.85
PAY002873,POL002973,CUST001207,2024-07-21,failed,other,767.27,767.27
PAY002874,POL002974,CUST002641,2026-06-16,paid,cash,1233.8,0.0
PAY002875,POL002975,CUST004698,2025-01-03,paid,ach,1756.87,0.0
PAY002876,POL002976,CUST001607,2026-06-08,failed,cash,814.18,0.0
PAY002877,POL002977,CUST000365,2026-03-02,failed,cash,237.24,237.24
PAY002878,POL002978,CUST000973,2025-04-11,paid,other,1882.7,1882.7
PAY002879,POL002979,CUST001826,2025-02-19,paid,wire,98.52,98.52
PAY002880,POL002980,CUST000994,2025-08-24,scheduled,wire,1662.21,1662.21
PAY002881,POL002981,CUST000578,2025-04-09,past_due,cash,1586.5,1586.5
PAY002882,POL002982,CUST004703,2026-03-26,past_due,card,963.28,963.28
PAY002883,POL002983,CUST000220,2024-08-30,paid,other,1089.6,1089.6
PAY002884,POL002984,CUST002429,2025-02-12,paid,wire,165.81,165.81
PAY002885,POL002985,CUST002620,2025-10-05,scheduled,check,1440.91,1440.91
PAY002886,POL002986,CUST004154,2024-07-04,past_due,payroll,817.08,0.0
PAY002887,POL002987,CUST001575,2024-06-14,paid,other,1644.15,1644.15
PAY002888,POL002988,CUST001835,2025-08-15,reversed,cash,1723.33,1723.33
PAY002889,POL002989,CUST001440,2024-02-21,paid,wire,1563.34,1563.34
PAY002890,POL002990,CUST003660,2025-06-29,paid,ach,235.42,235.42
PAY002891,POL002991,CUST003299,2026-03-10,paid,payroll,1497.21,1497.21
PAY002892,POL002992,CUST001722,2024-02-18,paid,other,1456.19,0.0
PAY002893,POL002993,CUST003595,2024-12-21,paid,other,330.9,330.9
PAY002894,POL002994,CUST000124,2026-04-08,reversed,cash,1010.6,1010.6
PAY002895,POL002995,CUST004096,2024-10-25,scheduled,cash,1991.66,1991.66
PAY002896,POL002996,CUST004081,2024-09-19,reversed,check,865.35,865.35
PAY002897,POL002997,CUST004926,2026-05-23,paid,check,671.29,0.0
PAY002898,POL002998,CUST000681,2025-06-05,refunded,check,329.27,329.27
PAY002899,POL002999,CUST000646,2024-10-04,failed,payroll,443.66,443.66
PAY002900,POL003000,CUST004473,2025-04-09,paid,card,716.84,716.84
PAY002901,POL003001,CUST003604,2025-07-04,refunded,other,1442.85,1442.85
PAY002902,POL003002,CUST004799,2026-02-13,reversed,wire,388.48,0.0
PAY002903,POL003003,CUST000386,2025-03-18,reversed,card,1694.24,1694.24
PAY002904,POL003004,CUST003210,2026-04-21,reversed,payroll,1332.38,1332.38
PAY002905,POL003005,CUST001344,2024-09-27,reversed,ach,1144.09,0.0
PAY002906,POL003006,CUST000828,2025-07-21,paid,payroll,1474.04,1474.04
PAY002907,POL003007,CUST000628,2026-08-02,paid,payroll,1084.53,1084.53
PAY002908,POL003008,CUST002733,2024-05-15,paid,card,1614.31,0.0
PAY002909,POL003009,CUST000370,2025-07-02,paid,other,561.65,0.0
PAY002910,POL003010,CUST000184,2024-08-13,paid,payroll,806.47,806.47
PAY002911,POL003011,CUST003258,2026-04-02,reversed,ach,717.08,717.08
PAY002912,POL003012,CUST000737,2024-06-09,failed,card,1302.72,1302.72
PAY002913,POL003013,CUST002104,2025-05-20,paid,other,1590.97,1590.97
PAY002914,POL003014,CUST002685,2025-10-01,paid,other,985.24,0.0
PAY002915,POL003015,CUST000615,2025-09-07,paid,cash,194.83,0.0
PAY002916,POL003016,CUST003365,2025-05-31,refunded,check,1622.8,1622.8
PAY002917,POL003017,CUST004199,2024-05-22,paid,other,522.71,0.0
PAY002918,POL003018,CUST003658,2025-11-16,past_due,ach,721.96,721.96
PAY002919,POL003019,CUST002598,2025-04-12,paid,check,1861.6,1861.6
PAY002920,POL003020,CUST001893,2026-03-24,past_due,wire,1847.96,1847.96
PAY002921,POL003021,CUST003499,2024-11-12,refunded,cash,122.96,122.96
PAY002922,POL003022,CUST001704,2024-08-01,paid,other,864.91,864.91
PAY002923,POL003023,CUST002257,2024-03-08,paid,ach,176.92,176.92
PAY002924,POL003024,CUST002592,2024-06-24,scheduled,other,1704.24,0.0
PAY002925,POL003025,CUST002877,2025-10-05,refunded,check,602.28,0.0
PAY002926,POL003026,CUST003102,2024-09-27,past_due,cash,1808.0,1808.0
PAY002927,POL003027,CUST003310,2025-04-08,paid,ach,1633.41,1633.41
PAY002928,POL003028,CUST000283,2025-06-19,paid,payroll,1808.74,1808.74
PAY002929,POL003029,CUST002296,2025-06-05,past_due,payroll,1202.92,0.0
PAY002930,POL003030,CUST004998,2025-11-24,paid,wire,1229.71,0.0
PAY002931,POL003031,CUST004962,2024-11-02,paid,card,1463.15,1463.15
PAY002932,POL003032,CUST003204,2026-06-10,paid,card,1315.35,0.0
PAY002933,POL003033,CUST003511,2024-11-27,scheduled,payroll,943.19,943.19
PAY002934,POL003034,CUST004702,2024-04-01,paid,card,353.88,353.88
PAY002935,POL003035,CUST000218,2025-07-24,paid,wire,440.18,440.18
PAY002936,POL003036,CUST001393,2024-07-24,refunded,other,414.77,0.0
PAY002937,POL003037,CUST003277,2024-05-26,reversed,check,1648.55,0.0
PAY002938,POL003038,CUST000700,2025-09-06,refunded,cash,1319.71,0.0
PAY002939,POL003039,CUST002673,2025-07-29,refunded,wire,1747.88,1747.88
PAY002940,POL003040,CUST003059,2024-03-08,scheduled,cash,1761.88,1761.88
PAY002941,POL003041,CUST001125,2025-09-20,refunded,check,1499.15,1499.15
PAY002942,POL003042,CUST000230,2026-09-10,refunded,payroll,537.99,537.99
PAY002943,POL003043,CUST000738,2025-07-01,past_due,other,870.4,870.4
PAY002944,POL003044,CUST004393,2026-02-28,paid,wire,1888.93,1888.93
PAY002945,POL003045,CUST000793,2024-12-17,paid,ach,1167.43,1167.43
PAY002946,POL003046,CUST004286,2026-04-24,paid,payroll,619.72,619.72
PAY002947,POL003047,CUST001160,2026-01-06,paid,other,348.06,348.06
PAY002948,POL003048,CUST002067,2024-10-26,paid,ach,1272.73,1272.73
PAY002949,POL003049,CUST003218,2025-03-09,paid,card,375.63,375.63
PAY002950,POL003050,CUST002805,2024-03-30,past_due,check,1864.38,1864.38
PAY002951,POL003051,CUST002845,2025-01-23,paid,cash,1947.88,1947.88
PAY002952,POL003052,CUST003628,2024-12-03,paid,cash,1491.44,0.0
PAY002953,POL003053,CUST003754,2025-08-08,reversed,check,1636.73,1636.73
PAY002954,POL003054,CUST002866,2024-11-08,paid,ach,480.21,480.21
PAY002955,POL003055,CUST002201,2026-06-06,failed,card,393.21,0.0
PAY002956,POL003056,CUST004811,2024-04-01,scheduled,check,1040.32,1040.32
PAY002957,POL003057,CUST002162,2024-10-02,paid,payroll,1174.09,1174.09
PAY002958,POL003058,CUST000227,2026-08-20,paid,wire,1219.76,0.0
PAY002959,POL003059,CUST003513,2026-03-24,failed,check,1983.1,0.0
PAY002960,POL003060,CUST003675,2026-03-10,failed,ach,1449.79,1449.79
PAY002961,POL003061,CUST003899,2026-06-03,paid,ach,1386.83,0.0
PAY002962,POL003062,CUST002855,2025-12-11,paid,wire,1256.74,1256.74
PAY002963,POL003063,CUST000421,2025-05-06,paid,card,1773.43,1773.43
PAY002964,POL003064,CUST004115,2026-02-26,past_due,card,1040.56,1040.56
PAY002965,POL003065,CUST000295,2026-01-24,paid,cash,434.78,0.0
PAY002966,POL003066,CUST004861,2024-09-07,reversed,payroll,1799.26,1799.26
PAY002967,POL003067,CUST004024,2026-01-25,failed,other,1746.95,1746.95
PAY002968,POL003068,CUST004760,2024-09-28,paid,other,1022.37,0.0
PAY002969,POL003069,CUST000127,2024-02-04,paid,check,1704.62,1704.62
PAY002970,POL003070,CUST001116,2025-02-10,scheduled,wire,305.33,305.33
PAY002971,POL003071,CUST002029,2026-04-27,reversed,cash,587.07,587.07
PAY002972,POL003072,CUST000279,2024-09-24,paid,ach,1063.18,1063.18
PAY002973,POL003073,CUST003833,2025-11-25,paid,other,1456.19,1456.19
PAY002974,POL003074,CUST000853,2026-07-19,reversed,wire,1583.97,0.0
PAY002975,POL003075,CUST001216,2024-10-20,failed,ach,1340.29,1340.29
PAY002976,POL003076,CUST003025,2025-06-07,paid,wire,196.18,196.18
PAY002977,POL003077,CUST000960,2025-01-31,past_due,cash,1220.47,0.0
PAY002978,POL003078,CUST004180,2024-08-23,refunded,cash,597.04,0.0
PAY002979,POL003079,CUST002374,2025-06-30,paid,other,862.54,862.54
PAY002980,POL003080,CUST004774,2024-05-13,failed,card,1003.93,0.0
PAY002981,POL003081,CUST002033,2026-02-06,reversed,wire,1884.83,0.0
PAY002982,POL003082,CUST001196,2025-02-18,paid,wire,307.23,307.23
PAY002983,POL003083,CUST001670,2024-12-31,failed,ach,1202.54,1202.54
PAY002984,POL003084,CUST003493,2025-06-13,paid,cash,1982.94,0.0
PAY002985,POL003085,CUST004645,2024-09-30,reversed,payroll,1494.79,1494.79
PAY002986,POL003086,CUST000670,2024-06-16,paid,card,1224.08,0.0
PAY002987,POL003087,CUST003832,2024-02-04,failed,card,867.99,867.99
PAY002988,POL003088,CUST001546,2025-08-15,paid,other,1972.57,1972.57
PAY002989,POL003089,CUST003852,2024-11-04,paid,payroll,1598.65,1598.65
PAY002990,POL003090,CUST000710,2024-06-13,reversed,ach,497.97,0.0
PAY002991,POL003091,CUST003555,2024-06-25,paid,wire,1200.89,0.0
PAY002992,POL003092,CUST004440,2024-11-26,reversed,ach,1118.8,1118.8
PAY002993,POL003093,CUST000950,2026-05-25,failed,card,1422.78,1422.78
PAY002994,POL003094,CUST004894,2025-03-21,refunded,check,336.45,336.45
PAY002995,POL003095,CUST004757,2024-11-08,paid,card,791.0,791.0
PAY002996,POL003096,CUST003466,2025-07-21,refunded,other,803.27,803.27
PAY002997,POL003097,CUST003691,2024-11-10,failed,payroll,1340.56,1340.56
PAY002998,POL003098,CUST004644,2025-09-20,past_due,ach,519.64,519.64
PAY002999,POL003099,CUST002032,2025-03-19,failed,card,789.07,789.07
PAY003000,POL003100,CUST003150,2024-03-25,past_due,wire,207.58,207.58
PAY003001,POL003101,CUST004210,2026-06-19,failed,wire,417.92,0.0
PAY003002,POL003102,CUST002707,2025-11-28,past_due,other,484.95,484.95
PAY003003,POL003103,CUST001954,2024-03-08,scheduled,payroll,164.88,164.88
PAY003004,POL003104,CUST001750,2026-07-14,paid,other,1456.15,1456.15
PAY003005,POL003105,CUST001679,2026-05-06,refunded,wire,903.74,903.74
PAY003006,POL003106,CUST000570,2026-01-20,failed,payroll,1830.69,0.0
PAY003007,POL003107,CUST000766,2025-08-28,past_due,card,418.67,0.0
PAY003008,POL003108,CUST003856,2026-01-16,refunded,card,774.08,0.0
PAY003009,POL003109,CUST001947,2024-09-24,paid,other,1909.22,1909.22
PAY003010,POL003110,CUST004708,2026-08-05,scheduled,check,884.38,884.38
PAY003011,POL003111,CUST000945,2024-04-20,reversed,check,1256.54,1256.54
PAY003012,POL003112,CUST003079,2024-03-06,past_due,card,1480.45,1480.45
PAY003013,POL003113,CUST000209,2025-12-11,past_due,wire,912.1,912.1
PAY003014,POL003114,CUST002225,2024-03-20,paid,card,1239.59,1239.59
PAY003015,POL003115,CUST000698,2026-02-27,paid,card,211.8,0.0
PAY003016,POL003116,CUST004627,2025-10-12,paid,check,785.62,785.62
PAY003017,POL003117,CUST001211,2024-06-16,failed,wire,725.78,0.0
PAY003018,POL003118,CUST004571,2025-06-07,reversed,wire,344.11,344.11
PAY003019,POL003119,CUST004901,2024-09-30,refunded,check,1221.26,0.0
PAY003020,POL003120,CUST004303,2026-08-03,paid,card,209.06,0.0
PAY003021,POL003121,CUST004351,2025-02-25,paid,card,433.76,433.76
PAY003022,POL003122,CUST003604,2024-09-19,paid,ach,1027.91,0.0
PAY003023,POL003123,CUST003686,2026-04-20,reversed,payroll,458.02,458.02
PAY003024,POL003124,CUST000160,2025-07-25,paid,payroll,1986.06,1986.06
PAY003025,POL003125,CUST003370,2024-01-14,failed,wire,1675.57,1675.57
PAY003026,POL003126,CUST002868,2024-05-09,failed,wire,507.43,507.43
PAY003027,POL003127,CUST003203,2026-02-05,paid,payroll,692.97,692.97
PAY003028,POL003128,CUST000547,2024-01-24,past_due,ach,219.02,219.02
PAY003029,POL003129,CUST002464,2024-03-08,past_due,check,1614.58,1614.58
PAY003030,POL003130,CUST000898,2024-12-17,past_due,check,1635.86,0.0
PAY003031,POL003131,CUST001779,2026-07-29,past_due,ach,1945.73,1945.73
PAY003032,POL003132,CUST003296,2026-06-13,paid,payroll,1850.34,1850.34
PAY003033,POL003133,CUST001972,2024-04-27,paid,ach,1028.59,1028.59
PAY003034,POL003134,CUST002844,2024-09-08,paid,wire,1646.21,1646.21
PAY003035,POL003135,CUST000479,2024-06-05,past_due,wire,1336.81,1336.81
PAY003036,POL003136,CUST000350,2024-11-16,paid,wire,291.39,291.39
PAY003037,POL003137,CUST004660,2025-08-26,paid,cash,152.34,152.34
PAY003038,POL003138,CUST001691,2025-08-03,reversed,card,850.19,0.0
PAY003039,POL003139,CUST000011,2024-06-26,past_due,ach,730.84,730.84
PAY003040,POL003140,CUST002813,2024-08-11,paid,card,1403.31,1403.31
PAY003041,POL003141,CUST003561,2024-02-08,paid,other,684.37,684.37
PAY003042,POL003142,CUST003707,2025-05-28,scheduled,wire,1971.38,1971.38
PAY003043,POL003143,CUST001657,2026-09-13,paid,cash,910.67,910.67
PAY003044,POL003144,CUST002657,2024-04-03,paid,card,243.55,243.55
PAY003045,POL003145,CUST002531,2025-02-06,failed,card,874.6,0.0
PAY003046,POL003146,CUST000928,2026-08-01,paid,ach,218.52,0.0
PAY003047,POL003147,CUST003398,2025-11-25,past_due,ach,1257.14,0.0
PAY003048,POL003148,CUST000873,2026-08-28,paid,other,469.74,469.74
PAY003049,POL003149,CUST002357,2024-05-07,scheduled,payroll,1317.79,0.0
PAY003050,POL003150,CUST004268,2024-01-01,failed,ach,585.59,0.0
PAY003051,POL003151,CUST001715,2025-05-20,paid,cash,1101.13,1101.13
PAY003052,POL003152,CUST004523,2024-10-19,failed,cash,1280.95,1280.95
PAY003053,POL003153,CUST000686,2024-03-22,failed,wire,103.76,103.76
PAY003054,POL003154,CUST000718,2025-07-22,scheduled,payroll,74.5,0.0
PAY003055,POL003155,CUST001561,2025-03-18,reversed,other,51.36,0.0
PAY003056,POL003156,CUST000593,2026-04-02,failed,card,1074.7,1074.7
PAY003057,POL003157,CUST003879,2024-12-30,scheduled,ach,241.24,241.24
PAY003058,POL003158,CUST001652,2024-02-10,paid,wire,1936.04,1936.04
PAY003059,POL003159,CUST000354,2025-09-25,paid,wire,679.54,679.54
PAY003060,POL003160,CUST001001,2025-01-20,reversed,card,966.75,0.0
PAY003061,POL003161,CUST000048,2025-07-09,reversed,other,1010.94,1010.94
PAY003062,POL003162,CUST003688,2025-05-09,refunded,wire,309.08,0.0
PAY003063,POL003163,CUST001578,2026-03-30,scheduled,cash,1619.47,1619.47
PAY003064,POL003164,CUST001310,2024-06-27,failed,cash,505.1,505.1
PAY003065,POL003165,CUST001325,2024-01-29,failed,card,1753.53,1753.53
PAY003066,POL003166,CUST003455,2024-07-20,failed,other,394.58,394.58
PAY003067,POL003167,CUST000956,2024-08-08,reversed,check,1994.44,1994.44
PAY003068,POL003168,CUST000638,2025-07-20,past_due,ach,922.83,922.83
PAY003069,POL003169,CUST000394,2026-02-16,paid,check,512.16,512.16
PAY003070,POL003170,CUST002789,2024-12-06,failed,payroll,1842.13,1842.13
PAY003071,POL003171,CUST000729,2024-03-25,scheduled,check,918.6,918.6
PAY003072,POL003172,CUST001488,2026-05-03,reversed,wire,1159.69,1159.69
PAY003073,POL003173,CUST000067,2025-11-30,reversed,check,733.19,733.19
PAY003074,POL003174,CUST004460,2025-07-10,refunded,cash,1148.83,1148.83
PAY003075,POL003175,CUST003570,2025-07-27,paid,cash,364.69,364.69
PAY003076,POL003176,CUST004685,2025-10-14,failed,check,1755.66,0.0
PAY003077,POL003177,CUST001934,2026-06-05,reversed,other,826.25,0.0
PAY003078,POL003178,CUST001938,2025-04-19,past_due,wire,1733.31,1733.31
PAY003079,POL003179,CUST003328,2024-10-01,paid,card,1766.28,0.0
PAY003080,POL003180,CUST000988,2025-09-30,scheduled,check,328.17,328.17
PAY003081,POL003181,CUST004694,2024-11-23,scheduled,ach,1169.03,1169.03
PAY003082,POL003182,CUST004303,2025-03-12,failed,card,72.82,0.0
PAY003083,POL003183,CUST002692,2026-04-06,paid,cash,828.37,0.0
PAY003084,POL003184,CUST004804,2026-03-28,failed,wire,438.03,438.03
PAY003085,POL003185,CUST001798,2026-07-29,scheduled,other,1003.45,1003.45
PAY003086,POL003186,CUST003304,2024-06-25,failed,card,1213.32,1213.32
PAY003087,POL003187,CUST004925,2026-06-02,reversed,cash,142.41,142.41
PAY003088,POL003188,CUST004679,2025-04-17,paid,ach,818.79,818.79
PAY003089,POL003189,CUST003839,2024-12-11,paid,other,1550.83,0.0
PAY003090,POL003190,CUST001976,2024-05-18,paid,payroll,1883.78,1883.78
PAY003091,POL003191,CUST003237,2026-06-12,paid,card,1427.16,1427.16
PAY003092,POL003192,CUST004911,2026-04-30,refunded,ach,536.43,536.43
PAY003093,POL003193,CUST001296,2026-07-31,failed,card,589.29,0.0
PAY003094,POL003194,CUST001727,2026-07-03,paid,check,1121.74,1121.74
PAY003095,POL003195,CUST002486,2026-06-19,past_due,wire,96.76,0.0
PAY003096,POL003196,CUST004174,2026-02-17,paid,other,991.25,991.25
PAY003097,POL003197,CUST003774,2026-04-22,paid,check,376.63,376.63
PAY003098,POL003198,CUST003846,2026-06-14,reversed,card,1276.69,1276.69
PAY003099,POL003199,CUST001452,2025-10-08,refunded,cash,172.76,172.76
PAY003100,POL003200,CUST002971,2026-08-29,paid,other,1787.18,1787.18
PAY003101,POL003201,CUST003706,2024-06-23,reversed,card,1871.81,0.0
PAY003102,POL003202,CUST001741,2025-05-14,paid,wire,1981.33,1981.33
PAY003103,POL003203,CUST000028,2026-05-07,refunded,payroll,1079.72,0.0
PAY003104,POL003204,CUST004270,2025-07-04,paid,other,445.65,445.65
PAY003105,POL003205,CUST000440,2024-05-17,refunded,ach,690.91,690.91
PAY003106,POL003206,CUST001919,2024-06-09,refunded,other,824.06,824.06
PAY003107,POL003207,CUST000325,2026-08-19,past_due,check,1072.06,1072.06
PAY003108,POL003208,CUST004851,2024-09-23,paid,cash,1922.82,1922.82
PAY003109,POL003209,CUST001302,2026-01-20,failed,check,796.28,0.0
PAY003110,POL003210,CUST000151,2025-02-18,paid,check,533.18,533.18
PAY003111,POL003211,CUST002685,2024-07-15,scheduled,card,1931.98,1931.98
PAY003112,POL003212,CUST004897,2026-05-18,refunded,ach,1131.61,0.0
PAY003113,POL003213,CUST002984,2024-11-11,paid,other,945.53,945.53
PAY003114,POL003214,CUST001627,2025-10-04,failed,check,1009.21,1009.21
PAY003115,POL003215,CUST003492,2024-08-20,refunded,payroll,1382.49,1382.49
PAY003116,POL003216,CUST001725,2025-09-13,paid,cash,1202.88,1202.88
PAY003117,POL003217,CUST002133,2026-08-31,scheduled,card,58.95,58.95
PAY003118,POL003218,CUST001861,2024-04-10,paid,wire,1841.23,1841.23
PAY003119,POL003219,CUST002882,2026-05-01,past_due,wire,784.78,784.78
PAY003120,POL003220,CUST000113,2024-10-15,past_due,ach,1041.18,1041.18
PAY003121,POL003221,CUST001219,2026-08-25,paid,ach,199.58,199.58
PAY003122,POL003222,CUST004752,2026-02-04,refunded,wire,230.3,0.0
PAY003123,POL003223,CUST003329,2026-03-12,paid,wire,296.4,296.4
PAY003124,POL003224,CUST003277,2026-03-19,paid,other,1070.0,1070.0
PAY003125,POL003225,CUST002336,2025-01-25,failed,ach,664.24,664.24
PAY003126,POL003226,CUST003484,2024-05-08,refunded,check,1955.07,0.0
PAY003127,POL003227,CUST000147,2024-01-03,past_due,card,1717.89,1717.89
PAY003128,POL003228,CUST000240,2025-10-13,paid,other,276.0,276.0
PAY003129,POL003229,CUST002407,2025-12-17,failed,card,342.38,342.38
PAY003130,POL003230,CUST003628,2025-07-22,refunded,ach,541.79,541.79
PAY003131,POL003231,CUST002152,2024-07-31,reversed,ach,1826.92,1826.92
PAY003132,POL003232,CUST000203,2025-01-11,past_due,check,1109.9,1109.9
PAY003133,POL003233,CUST003663,2024-12-16,refunded,payroll,1942.46,0.0
PAY003134,POL003234,CUST004092,2024-02-01,paid,card,267.45,267.45
PAY003135,POL003235,CUST004246,2025-04-26,refunded,ach,995.64,0.0
PAY003136,POL003236,CUST003282,2025-11-04,paid,check,1442.53,1442.53
PAY003137,POL003237,CUST001635,2026-09-11,scheduled,other,1102.97,1102.97
PAY003138,POL003238,CUST004289,2024-10-12,paid,card,1855.9,1855.9
PAY003139,POL003239,CUST001931,2026-09-08,refunded,other,221.75,221.75
PAY003140,POL003240,CUST004886,2024-12-06,past_due,check,910.5,910.5
PAY003141,POL003241,CUST004107,2026-03-23,paid,payroll,564.72,564.72
PAY003142,POL003242,CUST003742,2024-12-17,paid,other,1740.33,1740.33
PAY003143,POL003243,CUST003344,2025-06-22,failed,wire,943.2,943.2
PAY003144,POL003244,CUST003632,2026-02-01,reversed,payroll,376.3,376.3
PAY003145,POL003245,CUST000931,2024-08-20,failed,payroll,1664.81,0.0
PAY003146,POL003246,CUST001133,2024-05-22,past_due,cash,1628.49,1628.49
PAY003147,POL003247,CUST004020,2024-05-27,reversed,other,317.89,317.89
PAY003148,POL003248,CUST001672,2026-02-12,paid,ach,745.21,745.21
PAY003149,POL003249,CUST004561,2024-01-01,past_due,check,747.19,747.19
PAY003150,POL003250,CUST000437,2024-06-18,failed,other,645.08,645.08
PAY003151,POL003251,CUST002503,2025-10-14,refunded,ach,1541.67,1541.67
PAY003152,POL003252,CUST004659,2025-05-25,paid,check,1686.01,1686.01
PAY003153,POL003253,CUST001547,2024-07-31,paid,payroll,1745.76,1745.76
PAY003154,POL003254,CUST002639,2026-04-05,refunded,cash,1704.61,0.0
PAY003155,POL003255,CUST004170,2025-09-25,paid,wire,540.93,0.0
PAY003156,POL003256,CUST002974,2025-05-26,paid,ach,434.57,0.0
PAY003157,POL003257,CUST002249,2024-11-09,paid,payroll,739.14,739.14
PAY003158,POL003258,CUST003164,2024-05-10,failed,other,419.5,419.5
PAY003159,POL003259,CUST003575,2025-08-14,paid,other,364.0,0.0
PAY003160,POL003260,CUST001428,2024-10-21,scheduled,card,614.04,614.04
PAY003161,POL003261,CUST004287,2024-05-25,paid,ach,342.92,342.92
PAY003162,POL003262,CUST001973,2024-01-16,failed,check,482.93,482.93
PAY003163,POL003263,CUST000384,2025-01-11,scheduled,other,1871.81,1871.81
PAY003164,POL003264,CUST004208,2025-06-29,paid,ach,977.87,977.87
PAY003165,POL003265,CUST001134,2024-03-14,reversed,cash,1875.75,1875.75
PAY003166,POL003266,CUST001640,2025-03-24,paid,ach,1069.34,1069.34
PAY003167,POL003267,CUST002261,2025-09-04,failed,ach,1284.8,1284.8
PAY003168,POL003268,CUST003751,2024-04-29,reversed,wire,843.96,843.96
PAY003169,POL003269,CUST001921,2025-02-25,reversed,ach,1927.57,1927.57
PAY003170,POL003270,CUST000147,2026-06-15,reversed,other,950.98,950.98
PAY003171,POL003271,CUST001059,2025-05-21,past_due,cash,1972.31,1972.31
PAY003172,POL003272,CUST001412,2024-03-03,past_due,other,235.46,235.46
PAY003173,POL003273,CUST004525,2026-03-01,failed,cash,240.27,240.27
PAY003174,POL003274,CUST004994,2024-03-06,failed,ach,604.97,604.97
PAY003175,POL003275,CUST004486,2026-05-31,paid,payroll,1671.64,1671.64
PAY003176,POL003276,CUST001779,2025-02-11,past_due,cash,286.52,286.52
PAY003177,POL003277,CUST002499,2024-09-14,reversed,wire,1242.46,1242.46
PAY003178,POL003278,CUST004226,2024-01-19,paid,check,1393.38,1393.38
PAY003179,POL003279,CUST004451,2026-09-13,past_due,check,235.58,235.58
PAY003180,POL003280,CUST001345,2024-06-18,paid,cash,970.97,0.0
PAY003181,POL003281,CUST002467,2024-07-07,failed,payroll,1778.02,1778.02
PAY003182,POL003282,CUST004165,2024-01-17,refunded,cash,635.42,635.42
PAY003183,POL003283,CUST000909,2026-07-23,refunded,wire,1848.97,1848.97
PAY003184,POL003284,CUST001463,2025-07-18,refunded,card,1951.3,1951.3
PAY003185,POL003285,CUST002109,2024-12-16,scheduled,cash,949.53,0.0
PAY003186,POL003286,CUST004227,2024-05-06,reversed,other,301.45,0.0
PAY003187,POL003287,CUST002083,2025-09-26,reversed,ach,526.77,0.0
PAY003188,POL003288,CUST001789,2024-07-28,scheduled,payroll,1097.76,1097.76
PAY003189,POL003289,CUST004299,2025-01-29,paid,wire,636.8,636.8
PAY003190,POL003290,CUST000428,2025-12-07,refunded,card,561.46,561.46
PAY003191,POL003291,CUST003725,2024-06-01,paid,other,1703.04,1703.04
PAY003192,POL003292,CUST002978,2026-03-19,paid,other,853.93,853.93
PAY003193,POL003293,CUST000767,2026-02-22,paid,cash,1472.73,1472.73
PAY003194,POL003294,CUST002723,2025-04-10,refunded,wire,1299.05,0.0
PAY003195,POL003295,CUST004376,2026-07-23,reversed,ach,607.85,607.85
PAY003196,POL003296,CUST000459,2025-04-20,scheduled,wire,560.28,560.28
PAY003197,POL003297,CUST000859,2024-07-22,paid,ach,1141.69,0.0
PAY003198,POL003298,CUST000360,2026-05-26,paid,card,414.05,414.05
PAY003199,POL003299,CUST004706,2024-04-18,paid,other,1870.32,1870.32
PAY003200,POL003300,CUST003724,2024-11-12,paid,payroll,868.34,0.0
PAY003201,POL003301,CUST003659,2025-11-25,past_due,card,1027.64,0.0
PAY003202,POL003302,CUST003656,2024-02-13,reversed,payroll,1219.22,1219.22
PAY003203,POL003303,CUST002411,2026-05-14,paid,card,556.59,556.59
PAY003204,POL003304,CUST002488,2024-04-19,reversed,cash,251.97,251.97
PAY003205,POL003305,CUST000348,2024-11-27,paid,cash,99.03,0.0
PAY003206,POL003306,CUST004028,2025-05-18,refunded,card,1987.35,1987.35
PAY003207,POL003307,CUST002346,2026-01-08,refunded,cash,282.25,0.0
PAY003208,POL003308,CUST000080,2024-03-19,past_due,other,1633.28,1633.28
PAY003209,POL003309,CUST000987,2026-03-11,refunded,payroll,1718.11,1718.11
PAY003210,POL003310,CUST001606,2025-03-28,paid,check,1578.17,1578.17
PAY003211,POL003311,CUST000081,2026-04-30,reversed,cash,1760.54,1760.54
PAY003212,POL003312,CUST002043,2024-08-25,failed,cash,904.77,904.77
PAY003213,POL003313,CUST000237,2024-02-28,paid,wire,1063.05,1063.05
PAY003214,POL003314,CUST004469,2025-12-18,refunded,cash,1808.97,0.0
PAY003215,POL003315,CUST004638,2025-10-06,paid,other,132.26,132.26
PAY003216,POL003316,CUST003941,2025-01-30,paid,check,113.04,0.0
PAY003217,POL003317,CUST004711,2026-08-17,past_due,other,215.65,0.0
PAY003218,POL003318,CUST003437,2024-08-01,scheduled,check,549.54,549.54
PAY003219,POL003319,CUST001610,2025-10-19,paid,wire,1874.8,1874.8
PAY003220,POL003320,CUST004682,2024-01-25,paid,card,1794.97,1794.97
PAY003221,POL003321,CUST003112,2024-01-23,paid,other,1064.1,1064.1
PAY003222,POL003322,CUST002246,2024-03-01,scheduled,ach,924.43,924.43
PAY003223,POL003323,CUST002811,2024-01-31,failed,cash,340.82,340.82
PAY003224,POL003324,CUST003764,2026-08-26,failed,other,1544.95,1544.95
PAY003225,POL003325,CUST001111,2024-11-18,paid,ach,554.5,554.5
PAY003226,POL003326,CUST001322,2024-07-06,refunded,payroll,820.96,820.96
PAY003227,POL003327,CUST003051,2025-04-30,reversed,ach,392.94,392.94
PAY003228,POL003328,CUST001206,2026-01-06,refunded,card,1673.51,1673.51
PAY003229,POL003329,CUST003163,2024-10-31,paid,other,1632.49,0.0
PAY003230,POL003330,CUST002994,2024-04-03,past_due,card,227.93,227.93
PAY003231,POL003331,CUST004685,2025-03-21,paid,check,236.69,236.69
PAY003232,POL003332,CUST002468,2026-06-03,paid,cash,559.44,559.44
PAY003233,POL003333,CUST000500,2025-04-05,paid,payroll,676.05,676.05
PAY003234,POL003334,CUST004879,2024-05-06,past_due,check,1779.65,1779.65
PAY003235,POL003335,CUST003282,2024-05-12,past_due,check,467.34,467.34
PAY003236,POL003336,CUST003935,2026-08-03,paid,other,1572.76,1572.76
PAY003237,POL003337,CUST004891,2024-03-04,failed,card,1474.93,0.0
PAY003238,POL003338,CUST003950,2024-03-09,paid,check,239.84,239.84
PAY003239,POL003339,CUST004247,2026-03-03,scheduled,card,553.54,553.54
PAY003240,POL003340,CUST004424,2024-07-11,paid,check,453.66,453.66
PAY003241,POL003341,CUST000464,2024-02-17,past_due,check,223.61,223.61
PAY003242,POL003342,CUST001230,2026-08-16,paid,wire,428.51,428.51
PAY003243,POL003343,CUST002868,2025-07-10,refunded,check,1380.25,1380.25
PAY003244,POL003344,CUST004050,2025-08-22,reversed,ach,1683.16,0.0
PAY003245,POL003345,CUST003766,2024-01-27,refunded,wire,1723.32,1723.32
PAY003246,POL003346,CUST004572,2024-09-22,paid,ach,676.83,676.83
PAY003247,POL003347,CUST000048,2026-03-27,reversed,other,623.73,623.73
PAY003248,POL003348,CUST004358,2026-01-11,scheduled,payroll,731.11,731.11
PAY003249,POL003349,CUST001073,2025-04-23,paid,cash,1481.42,0.0
PAY003250,POL003350,CUST004462,2024-10-11,refunded,ach,234.93,234.93
PAY003251,POL003351,CUST000629,2025-01-19,refunded,wire,618.64,618.64
PAY003252,POL003352,CUST004550,2025-08-10,paid,check,1508.84,1508.84
PAY003253,POL003353,CUST003185,2026-01-28,paid,wire,1203.86,0.0
PAY003254,POL003354,CUST001573,2024-12-09,scheduled,card,1382.73,0.0
PAY003255,POL003355,CUST002381,2024-12-18,paid,check,741.35,741.35
PAY003256,POL003356,CUST004097,2025-07-08,paid,other,380.36,380.36
PAY003257,POL003357,CUST001087,2025-10-06,refunded,check,1257.61,1257.61
PAY003258,POL003358,CUST000570,2025-07-16,paid,ach,965.7,965.7
PAY003259,POL003359,CUST003945,2026-05-07,scheduled,check,1194.27,1194.27
PAY003260,POL003360,CUST003822,2026-04-08,paid,other,1805.85,1805.85
PAY003261,POL003361,CUST004889,2025-07-19,failed,cash,1044.77,0.0
PAY003262,POL003362,CUST003896,2026-04-29,reversed,wire,649.66,649.66
PAY003263,POL003363,CUST002113,2025-02-06,refunded,other,59.9,59.9
PAY003264,POL003364,CUST003120,2026-06-20,refunded,wire,1220.91,1220.91
PAY003265,POL003365,CUST002674,2025-11-14,refunded,cash,1483.44,1483.44
PAY003266,POL003366,CUST003495,2025-01-31,reversed,wire,129.94,129.94
PAY003267,POL003367,CUST003303,2026-08-09,scheduled,cash,1214.41,1214.41
PAY003268,POL003368,CUST000447,2024-12-09,paid,wire,987.18,987.18
PAY003269,POL003369,CUST004496,2024-11-19,reversed,wire,1557.78,1557.78
PAY003270,POL003370,CUST002783,2026-02-11,refunded,payroll,1410.45,1410.45
PAY003271,POL003371,CUST001432,2026-01-07,scheduled,card,1435.96,1435.96
PAY003272,POL003372,CUST001513,2024-12-09,scheduled,cash,184.28,0.0
PAY003273,POL003373,CUST004671,2025-05-29,past_due,check,998.04,0.0
PAY003274,POL003374,CUST003711,2025-11-16,paid,payroll,1916.45,1916.45
PAY003275,POL003375,CUST003846,2024-07-17,refunded,check,547.6,547.6
PAY003276,POL003376,CUST003973,2026-02-02,failed,ach,1916.96,1916.96
PAY003277,POL003377,CUST000660,2024-04-17,scheduled,wire,1931.17,1931.17
PAY003278,POL003378,CUST003956,2026-03-03,refunded,payroll,644.24,644.24
PAY003279,POL003379,CUST003824,2025-11-20,failed,ach,1514.7,1514.7
PAY003280,POL003380,CUST002247,2025-11-02,paid,ach,842.11,842.11
PAY003281,POL003381,CUST002916,2024-02-05,scheduled,wire,1406.19,1406.19
PAY003282,POL003382,CUST002967,2024-02-04,scheduled,check,1282.4,1282.4
PAY003283,POL003383,CUST002301,2025-12-13,refunded,wire,1270.71,1270.71
PAY003284,POL003384,CUST001039,2024-07-13,paid,ach,529.0,529.0
PAY003285,POL003385,CUST001105,2026-07-24,refunded,other,933.87,933.87
PAY003286,POL003386,CUST003995,2026-06-17,failed,other,1792.49,1792.49
PAY003287,POL003387,CUST001988,2025-09-15,reversed,check,1314.98,0.0
PAY003288,POL003388,CUST000273,2026-07-14,refunded,check,386.77,386.77
PAY003289,POL003389,CUST000860,2025-07-24,paid,card,1362.21,1362.21
PAY003290,POL003390,CUST000537,2026-06-30,paid,check,812.17,812.17
PAY003291,POL003391,CUST001647,2024-11-23,refunded,check,241.36,241.36
PAY003292,POL003392,CUST004847,2024-05-13,failed,wire,1539.69,1539.69
PAY003293,POL003393,CUST004322,2025-11-08,paid,check,1810.35,1810.35
PAY003294,POL003394,CUST004143,2026-01-09,paid,cash,1636.7,1636.7
PAY003295,POL003395,CUST004191,2026-06-11,failed,wire,603.6,603.6
PAY003296,POL003396,CUST003315,2026-07-28,paid,check,1239.8,1239.8
PAY003297,POL003397,CUST002342,2025-07-04,past_due,payroll,1618.02,1618.02
PAY003298,POL003398,CUST003708,2026-06-25,past_due,ach,551.52,0.0
PAY003299,POL003399,CUST003908,2026-08-13,scheduled,wire,1324.24,0.0
PAY003300,POL003400,CUST002801,2026-04-12,paid,cash,519.26,519.26
PAY003301,POL003401,CUST003058,2024-03-17,failed,wire,1405.45,0.0
PAY003302,POL003402,CUST003821,2024-02-05,scheduled,cash,1239.08,1239.08
PAY003303,POL003403,CUST002636,2025-02-27,paid,cash,1920.0,1920.0
PAY003304,POL003404,CUST002821,2025-01-21,past_due,wire,1661.32,0.0
PAY003305,POL003405,CUST000466,2025-12-03,failed,wire,1942.98,1942.98
PAY003306,POL003406,CUST004574,2024-02-22,failed,check,794.64,794.64
PAY003307,POL003407,CUST002274,2025-03-06,failed,check,1307.48,0.0
PAY003308,POL003408,CUST004622,2024-05-29,past_due,check,1700.21,1700.21
PAY003309,POL003409,CUST004414,2024-11-12,past_due,cash,243.5,243.5
PAY003310,POL003410,CUST000729,2024-04-25,paid,cash,532.33,0.0
PAY003311,POL003411,CUST004188,2025-06-15,failed,payroll,82.17,82.17
PAY003312,POL003412,CUST003227,2024-12-29,failed,check,1259.37,1259.37
PAY003313,POL003413,CUST000719,2025-10-28,reversed,wire,1323.83,0.0
PAY003314,POL003414,CUST000001,2024-12-14,failed,card,357.11,0.0
PAY003315,POL003415,CUST000738,2024-06-01,refunded,payroll,1110.78,1110.78
PAY003316,POL003416,CUST002104,2025-10-29,reversed,other,1907.59,1907.59
PAY003317,POL003417,CUST001177,2024-10-18,paid,ach,496.12,496.12
PAY003318,POL003418,CUST004989,2024-05-27,reversed,check,1271.78,0.0
PAY003319,POL003419,CUST004702,2026-01-19,paid,other,1536.26,1536.26
PAY003320,POL003420,CUST004797,2024-01-14,reversed,cash,54.62,54.62
PAY003321,POL003421,CUST003231,2024-07-29,failed,cash,1074.69,1074.69
PAY003322,POL003422,CUST001556,2024-10-27,failed,wire,569.64,569.64
PAY003323,POL003423,CUST003887,2025-05-31,reversed,card,1384.16,1384.16
PAY003324,POL003424,CUST002406,2025-02-25,paid,wire,1740.23,1740.23
PAY003325,POL003425,CUST003075,2025-04-22,refunded,card,959.45,959.45
PAY003326,POL003426,CUST004486,2025-12-29,failed,check,1876.61,1876.61
PAY003327,POL003427,CUST002613,2024-01-26,refunded,card,1443.1,1443.1
PAY003328,POL003428,CUST000845,2025-05-02,paid,payroll,1469.58,1469.58
PAY003329,POL003429,CUST001813,2025-04-03,paid,cash,1985.98,1985.98
PAY003330,POL003430,CUST003346,2024-02-22,reversed,wire,1204.8,1204.8
PAY003331,POL003431,CUST001554,2024-12-25,paid,check,1570.51,0.0
PAY003332,POL003432,CUST001071,2024-07-30,failed,other,906.1,906.1
PAY003333,POL003433,CUST003385,2026-05-28,scheduled,card,1435.72,1435.72
PAY003334,POL003434,CUST000544,2024-10-24,paid,cash,1015.07,0.0
PAY003335,POL003435,CUST004851,2025-07-04,paid,cash,853.77,0.0
PAY003336,POL003436,CUST002760,2025-12-18,past_due,cash,543.72,0.0
PAY003337,POL003437,CUST003176,2025-06-01,paid,payroll,891.76,891.76
PAY003338,POL003438,CUST002376,2026-02-01,past_due,ach,817.49,0.0
PAY003339,POL003439,CUST001211,2024-08-30,failed,card,428.15,428.15
PAY003340,POL003440,CUST003903,2024-10-29,failed,wire,1233.71,0.0
PAY003341,POL003441,CUST002360,2025-12-16,past_due,card,1188.57,1188.57
PAY003342,POL003442,CUST000051,2024-02-25,scheduled,card,1536.51,1536.51
PAY003343,POL003443,CUST000663,2024-11-11,paid,other,1667.58,0.0
PAY003344,POL003444,CUST001437,2024-12-07,reversed,payroll,116.3,116.3
PAY003345,POL003445,CUST001165,2026-08-31,reversed,ach,1965.33,0.0
PAY003346,POL003446,CUST002321,2025-07-29,failed,other,254.48,254.48
PAY003347,POL003447,CUST003136,2024-03-07,reversed,payroll,660.03,660.03
PAY003348,POL003448,CUST003371,2024-01-01,paid,other,1905.16,1905.16
PAY003349,POL003449,CUST002058,2024-02-18,scheduled,payroll,1855.42,0.0
PAY003350,POL003450,CUST004297,2024-09-05,scheduled,other,533.47,533.47
PAY003351,POL003451,CUST002985,2025-02-18,refunded,ach,1235.33,1235.33
PAY003352,POL003452,CUST002509,2024-05-15,scheduled,ach,1608.42,1608.42
PAY003353,POL003453,CUST003786,2024-12-13,scheduled,check,101.69,101.69
PAY003354,POL003454,CUST003769,2026-01-18,refunded,wire,1249.04,0.0
PAY003355,POL003455,CUST003234,2026-03-07,failed,other,1698.93,1698.93
PAY003356,POL003456,CUST001706,2025-12-31,paid,other,826.31,826.31
PAY003357,POL003457,CUST001900,2026-07-22,past_due,cash,327.77,327.77
PAY003358,POL003458,CUST003955,2024-08-25,reversed,card,1034.01,0.0
PAY003359,POL003459,CUST002677,2024-10-26,scheduled,check,1276.79,1276.79
PAY003360,POL003460,CUST004791,2026-01-07,paid,wire,1054.8,0.0
PAY003361,POL003461,CUST000161,2026-05-03,paid,check,1060.01,1060.01
PAY003362,POL003462,CUST000355,2024-09-11,reversed,check,770.03,770.03
PAY003363,POL003463,CUST000337,2026-05-25,past_due,cash,836.54,836.54
PAY003364,POL003464,CUST003939,2025-12-13,refunded,check,373.58,373.58
PAY003365,POL003465,CUST002682,2025-06-08,paid,other,1357.93,1357.93
PAY003366,POL003466,CUST003805,2024-02-09,scheduled,ach,1613.99,1613.99
PAY003367,POL003467,CUST003562,2026-04-22,refunded,wire,1194.52,1194.52
PAY003368,POL003468,CUST004049,2026-05-20,scheduled,payroll,1569.68,1569.68
PAY003369,POL003469,CUST002946,2026-03-13,past_due,ach,1087.67,1087.67
PAY003370,POL003470,CUST001128,2025-07-10,failed,card,389.94,0.0
PAY003371,POL003471,CUST002911,2024-01-27,paid,cash,1757.7,1757.7
PAY003372,POL003472,CUST003688,2025-10-19,refunded,card,1953.46,1953.46
PAY003373,POL003473,CUST001822,2025-01-16,past_due,cash,914.39,914.39
PAY003374,POL003474,CUST000985,2024-08-08,refunded,other,605.24,605.24
PAY003375,POL003475,CUST001747,2024-04-03,paid,wire,158.53,158.53
PAY003376,POL003476,CUST002878,2025-09-21,paid,wire,1941.47,1941.47
PAY003377,POL003477,CUST003834,2025-11-29,paid,card,187.12,187.12
PAY003378,POL003478,CUST004394,2025-06-26,refunded,wire,1385.21,1385.21
PAY003379,POL003479,CUST002458,2025-02-03,paid,check,985.03,985.03
PAY003380,POL003480,CUST004541,2024-02-19,reversed,other,704.53,704.53
PAY003381,POL003481,CUST004180,2024-10-12,refunded,card,587.46,0.0
PAY003382,POL003482,CUST002556,2024-06-13,refunded,payroll,1382.21,0.0
PAY003383,POL003483,CUST003830,2025-09-25,past_due,cash,390.77,390.77
PAY003384,POL003484,CUST003243,2025-02-19,past_due,ach,1476.33,1476.33
PAY003385,POL003485,CUST000794,2026-02-06,failed,payroll,561.55,561.55
PAY003386,POL003486,CUST004270,2025-02-10,past_due,card,968.14,968.14
PAY003387,POL003487,CUST004545,2025-06-07,scheduled,ach,1261.76,1261.76
PAY003388,POL003488,CUST003592,2025-02-26,reversed,check,431.42,431.42
PAY003389,POL003489,CUST001525,2025-11-28,reversed,wire,1206.46,0.0
PAY003390,POL003490,CUST003326,2025-08-21,reversed,cash,137.44,0.0
PAY003391,POL003491,CUST000567,2026-04-05,reversed,payroll,1779.5,1779.5
PAY003392,POL003492,CUST000087,2024-06-23,scheduled,cash,688.9,688.9
PAY003393,POL003493,CUST004520,2024-01-24,reversed,check,1880.01,1880.01
PAY003394,POL003494,CUST000685,2026-03-12,scheduled,other,1456.91,1456.91
PAY003395,POL003495,CUST000864,2024-06-08,refunded,ach,1320.83,1320.83
PAY003396,POL003496,CUST003701,2026-09-07,failed,ach,619.21,619.21
PAY003397,POL003497,CUST000293,2024-03-03,paid,wire,1004.3,1004.3
PAY003398,POL003498,CUST002059,2025-07-13,failed,wire,626.75,626.75
PAY003399,POL003499,CUST002293,2026-03-13,paid,ach,583.43,0.0
PAY003400,POL003500,CUST004301,2025-11-01,past_due,check,1460.24,0.0
PAY003401,POL003501,CUST004055,2026-04-11,paid,other,1404.17,0.0
PAY003402,POL003502,CUST002419,2026-04-30,scheduled,other,1825.99,0.0
PAY003403,POL003503,CUST000780,2024-06-25,past_due,wire,889.19,0.0
PAY003404,POL003504,CUST004730,2024-07-19,paid,wire,1216.45,1216.45
PAY003405,POL003505,CUST000176,2025-08-12,reversed,check,1919.38,0.0
PAY003406,POL003506,CUST003374,2025-10-16,paid,check,878.86,878.86
PAY003407,POL003507,CUST003151,2024-02-08,paid,card,1530.44,1530.44
PAY003408,POL003508,CUST000907,2024-11-09,reversed,cash,1747.07,0.0
PAY003409,POL003509,CUST002306,2024-05-07,paid,ach,1224.77,1224.77
PAY003410,POL003510,CUST003610,2024-08-31,failed,other,1348.89,1348.89
PAY003411,POL003511,CUST004244,2025-02-01,paid,other,1961.79,1961.79
PAY003412,POL003512,CUST003634,2025-04-09,reversed,payroll,58.83,58.83
PAY003413,POL003513,CUST000446,2025-06-25,failed,check,506.38,506.38
PAY003414,POL003514,CUST003676,2025-01-07,refunded,cash,246.78,0.0
PAY003415,POL003515,CUST001007,2026-02-23,paid,ach,644.08,0.0
PAY003416,POL003516,CUST001178,2025-10-08,past_due,cash,181.64,181.64
PAY003417,POL003517,CUST003407,2024-03-09,paid,card,1538.8,1538.8
PAY003418,POL003518,CUST004251,2025-01-06,failed,ach,1046.47,1046.47
PAY003419,POL003519,CUST001518,2024-06-28,reversed,card,609.48,609.48
PAY003420,POL003520,CUST002115,2025-06-30,past_due,cash,644.49,644.49
PAY003421,POL003521,CUST004176,2025-01-23,reversed,ach,318.51,318.51
PAY003422,POL003522,CUST002724,2024-09-05,past_due,other,1793.01,0.0
PAY003423,POL003523,CUST001491,2024-02-21,paid,payroll,1576.75,1576.75
PAY003424,POL003524,CUST004243,2024-04-30,scheduled,check,1316.7,1316.7
PAY003425,POL003525,CUST002782,2025-12-03,past_due,cash,654.13,654.13
PAY003426,POL003526,CUST000676,2024-02-26,paid,payroll,640.39,640.39
PAY003427,POL003527,CUST002502,2024-06-23,paid,ach,1059.82,1059.82
PAY003428,POL003528,CUST000387,2026-09-09,failed,check,1905.04,1905.04
PAY003429,POL003529,CUST003056,2025-04-04,failed,wire,318.48,0.0
PAY003430,POL003530,CUST001027,2024-11-12,paid,cash,296.89,296.89
PAY003431,POL003531,CUST003404,2025-03-20,paid,wire,1245.23,1245.23
PAY003432,POL003532,CUST004160,2025-05-29,paid,card,1208.03,1208.03
PAY003433,POL003533,CUST003930,2025-08-11,past_due,wire,1336.21,0.0
PAY003434,POL003534,CUST002537,2026-05-09,paid,ach,1419.51,1419.51
PAY003435,POL003535,CUST004080,2024-03-15,past_due,ach,110.47,110.47
PAY003436,POL003536,CUST001280,2026-06-28,failed,ach,1306.97,1306.97
PAY003437,POL003537,CUST003227,2024-06-18,scheduled,cash,251.83,251.83
PAY003438,POL003538,CUST001514,2024-12-25,paid,wire,1709.2,1709.2
PAY003439,POL003539,CUST000921,2025-07-16,paid,ach,1571.65,0.0
PAY003440,POL003540,CUST002919,2025-08-21,scheduled,other,1414.59,1414.59
PAY003441,POL003541,CUST003512,2024-10-17,paid,check,1419.54,1419.54
PAY003442,POL003542,CUST001487,2025-07-30,paid,cash,1419.0,1419.0
PAY003443,POL003543,CUST000144,2026-08-30,paid,check,939.41,939.41
PAY003444,POL003544,CUST002136,2024-09-08,scheduled,ach,1591.94,1591.94
PAY003445,POL003545,CUST004921,2025-03-10,refunded,card,1239.2,0.0
PAY003446,POL003546,CUST001751,2025-11-29,paid,check,829.85,829.85
PAY003447,POL003547,CUST000298,2025-06-11,scheduled,ach,1873.49,1873.49
PAY003448,POL003548,CUST003546,2025-11-20,paid,wire,1125.79,1125.79
PAY003449,POL003549,CUST001886,2026-06-21,paid,payroll,1850.8,0.0
PAY003450,POL003550,CUST004752,2026-08-22,paid,card,1248.93,0.0
PAY003451,POL003551,CUST001227,2025-11-02,failed,other,383.0,383.0
PAY003452,POL003552,CUST004878,2024-03-30,paid,card,996.58,0.0
PAY003453,POL003553,CUST004254,2026-04-04,refunded,check,1192.42,1192.42
PAY003454,POL003554,CUST004217,2024-07-26,paid,cash,1922.62,1922.62
PAY003455,POL003555,CUST003671,2025-12-02,paid,check,1416.2,0.0
PAY003456,POL003556,CUST003748,2026-05-31,paid,ach,648.19,648.19
PAY003457,POL003557,CUST002057,2025-05-23,paid,payroll,1145.74,1145.74
PAY003458,POL003558,CUST004081,2024-06-24,refunded,card,411.32,411.32
PAY003459,POL003559,CUST000934,2024-10-03,past_due,cash,533.15,533.15
PAY003460,POL003560,CUST000172,2025-05-13,failed,cash,482.48,482.48
PAY003461,POL003561,CUST004799,2026-05-15,reversed,ach,566.62,566.62
PAY003462,POL003562,CUST000995,2025-07-10,refunded,ach,1491.02,0.0
PAY003463,POL003563,CUST001074,2026-07-17,failed,cash,1971.66,1971.66
PAY003464,POL003564,CUST001375,2025-06-15,reversed,card,1513.83,0.0
PAY003465,POL003565,CUST001792,2026-04-22,refunded,other,886.02,886.02
PAY003466,POL003566,CUST002832,2024-02-24,reversed,other,374.14,374.14
PAY003467,POL003567,CUST000956,2024-12-31,past_due,cash,337.18,0.0
PAY003468,POL003568,CUST000300,2025-08-04,refunded,check,970.49,0.0
PAY003469,POL003569,CUST002940,2024-07-22,failed,wire,1724.1,1724.1
PAY003470,POL003570,CUST003280,2024-08-16,failed,card,237.65,237.65
PAY003471,POL003571,CUST000065,2025-05-22,scheduled,ach,1138.58,0.0
PAY003472,POL003572,CUST001060,2025-10-30,reversed,check,832.15,0.0
PAY003473,POL003573,CUST001745,2024-04-08,past_due,check,1248.7,1248.7
PAY003474,POL003574,CUST004328,2024-10-23,scheduled,check,790.63,790.63
PAY003475,POL003575,CUST004365,2025-06-15,past_due,ach,1812.41,1812.41
PAY003476,POL003576,CUST003430,2025-06-24,paid,payroll,735.06,735.06
PAY003477,POL003577,CUST001440,2026-03-22,paid,other,269.72,269.72
PAY003478,POL003578,CUST004934,2024-02-25,past_due,check,340.54,340.54
PAY003479,POL003579,CUST001198,2024-11-29,failed,check,214.69,0.0
PAY003480,POL003580,CUST001719,2026-03-28,past_due,other,878.39,878.39
PAY003481,POL003581,CUST004373,2026-01-04,past_due,other,335.95,0.0
PAY003482,POL003582,CUST004153,2026-04-06,past_due,other,846.63,846.63
PAY003483,POL003583,CUST000367,2026-03-15,paid,card,56.99,0.0
PAY003484,POL003584,CUST003075,2025-12-22,past_due,check,354.22,0.0
PAY003485,POL003585,CUST002888,2026-03-21,past_due,check,1065.69,1065.69
PAY003486,POL003586,CUST004538,2024-01-24,paid,other,1750.17,1750.17
PAY003487,POL003587,CUST002728,2024-07-27,paid,ach,798.41,798.41
PAY003488,POL003588,CUST001765,2025-11-09,paid,check,682.7,682.7
PAY003489,POL003589,CUST004675,2025-10-04,paid,cash,167.64,167.64
PAY003490,POL003590,CUST004439,2026-01-14,failed,card,1001.86,1001.86
PAY003491,POL003591,CUST002338,2024-08-17,scheduled,card,812.9,812.9
PAY003492,POL003592,CUST004297,2024-02-26,scheduled,cash,512.21,512.21
PAY003493,POL003593,CUST003550,2026-05-07,scheduled,other,1313.08,1313.08
PAY003494,POL003594,CUST000953,2024-10-08,paid,card,624.72,0.0
PAY003495,POL003595,CUST002676,2025-07-26,paid,wire,564.81,0.0
PAY003496,POL003596,CUST001719,2026-06-09,paid,wire,681.48,681.48
PAY003497,POL003597,CUST001172,2025-10-14,failed,other,1273.13,1273.13
PAY003498,POL003598,CUST002328,2026-09-03,failed,payroll,540.95,540.95
PAY003499,POL003599,CUST004676,2025-06-10,scheduled,check,304.4,304.4
PAY003500,POL003600,CUST001761,2026-08-10,scheduled,check,376.13,376.13
PAY003501,POL003601,CUST001646,2026-06-25,paid,ach,1289.32,1289.32
PAY003502,POL003602,CUST003860,2024-04-15,refunded,other,1834.45,1834.45
PAY003503,POL003603,CUST001064,2024-09-09,reversed,card,595.73,595.73
PAY003504,POL003604,CUST000557,2026-01-10,paid,ach,871.3,871.3
PAY003505,POL003605,CUST003886,2026-07-02,paid,other,1560.35,1560.35
PAY003506,POL003606,CUST003871,2025-04-16,failed,other,1304.99,1304.99
PAY003507,POL003607,CUST004948,2024-08-12,scheduled,wire,594.41,594.41
PAY003508,POL003608,CUST002558,2025-11-15,reversed,card,1052.96,1052.96
PAY003509,POL003609,CUST000718,2026-07-03,failed,payroll,315.62,315.62
PAY003510,POL003610,CUST004605,2025-06-07,paid,payroll,1938.62,1938.62
PAY003511,POL003611,CUST003315,2025-05-05,paid,check,265.79,265.79
PAY003512,POL003612,CUST002364,2025-02-11,failed,other,1059.34,0.0
PAY003513,POL003613,CUST004138,2026-06-16,refunded,ach,511.34,511.34
PAY003514,POL003614,CUST001239,2026-07-22,failed,card,726.55,726.55
PAY003515,POL003615,CUST004018,2026-06-13,paid,cash,1129.11,0.0
PAY003516,POL003616,CUST004282,2024-01-10,paid,ach,1864.85,0.0
PAY003517,POL003617,CUST000318,2025-10-08,paid,card,1017.09,0.0
PAY003518,POL003618,CUST003939,2024-08-01,paid,check,729.68,729.68
PAY003519,POL003619,CUST004078,2026-01-20,paid,check,407.13,407.13
PAY003520,POL003620,CUST002532,2025-07-11,paid,ach,227.42,227.42
PAY003521,POL003621,CUST002208,2026-08-14,refunded,wire,1905.59,0.0
PAY003522,POL003622,CUST004900,2025-02-26,scheduled,wire,654.64,654.64
PAY003523,POL003623,CUST002154,2024-04-05,paid,ach,356.83,356.83
PAY003524,POL003624,CUST004153,2024-03-02,paid,cash,919.98,919.98
PAY003525,POL003625,CUST000562,2025-02-25,paid,wire,529.92,529.92
PAY003526,POL003626,CUST003643,2024-12-06,paid,ach,1114.76,1114.76
PAY003527,POL003627,CUST000744,2024-01-15,past_due,other,1364.31,1364.31
PAY003528,POL003628,CUST000378,2024-05-15,scheduled,cash,1958.4,1958.4
PAY003529,POL003629,CUST001292,2026-03-03,refunded,wire,1892.97,1892.97
PAY003530,POL003630,CUST003839,2024-06-03,past_due,card,145.56,0.0
PAY003531,POL003631,CUST000717,2024-10-16,failed,check,219.81,219.81
PAY003532,POL003632,CUST004613,2025-01-12,refunded,card,92.81,0.0
PAY003533,POL003633,CUST004807,2026-04-05,refunded,other,758.2,758.2
PAY003534,POL003634,CUST002529,2025-02-16,paid,wire,1662.25,0.0
PAY003535,POL003635,CUST004853,2026-05-01,refunded,ach,115.23,0.0
PAY003536,POL003636,CUST003922,2025-01-30,scheduled,card,1804.76,1804.76
PAY003537,POL003637,CUST002622,2025-12-26,refunded,check,1155.81,0.0
PAY003538,POL003638,CUST003413,2025-06-08,past_due,check,1144.06,1144.06
PAY003539,POL003639,CUST000353,2024-10-01,paid,check,606.1,606.1
PAY003540,POL003640,CUST000714,2025-03-08,past_due,wire,1042.93,1042.93
PAY003541,POL003641,CUST002317,2024-12-26,scheduled,wire,1131.94,1131.94
PAY003542,POL003642,CUST003615,2026-03-28,reversed,card,970.05,970.05
PAY003543,POL003643,CUST004278,2026-03-14,reversed,ach,394.91,394.91
PAY003544,POL003644,CUST002635,2025-12-19,paid,card,1697.28,1697.28
PAY003545,POL003645,CUST003935,2026-06-09,paid,other,1296.25,1296.25
PAY003546,POL003646,CUST002603,2024-12-28,reversed,card,712.54,712.54
PAY003547,POL003647,CUST003838,2024-02-11,past_due,other,1365.5,0.0
PAY003548,POL003648,CUST000437,2025-04-03,paid,ach,982.86,982.86
PAY003549,POL003649,CUST000293,2025-05-28,reversed,card,822.65,822.65
PAY003550,POL003650,CUST002291,2026-06-09,paid,card,855.26,855.26
PAY003551,POL003651,CUST004121,2025-11-24,paid,payroll,588.54,588.54
PAY003552,POL003652,CUST002346,2026-07-01,failed,cash,163.36,0.0
PAY003553,POL003653,CUST001889,2025-06-22,reversed,payroll,1820.51,1820.51
PAY003554,POL003654,CUST002777,2025-08-16,paid,ach,1163.15,1163.15
PAY003555,POL003655,CUST002866,2024-01-22,reversed,card,979.8,979.8
PAY003556,POL003656,CUST001246,2024-05-06,past_due,card,1232.0,1232.0
PAY003557,POL003657,CUST004665,2025-11-12,paid,cash,856.31,856.31
PAY003558,POL003658,CUST001952,2025-11-06,paid,card,362.34,0.0
PAY003559,POL003659,CUST003122,2024-09-24,scheduled,check,331.59,331.59
PAY003560,POL003660,CUST000486,2024-04-09,paid,ach,766.66,0.0
PAY003561,POL003661,CUST001557,2026-01-03,scheduled,ach,186.11,186.11
PAY003562,POL003662,CUST003028,2024-02-02,refunded,cash,626.56,0.0
PAY003563,POL003663,CUST000623,2024-11-18,failed,ach,1135.48,1135.48
PAY003564,POL003664,CUST000929,2024-12-25,scheduled,cash,1942.51,1942.51
PAY003565,POL003665,CUST003715,2025-08-23,paid,check,129.29,129.29
PAY003566,POL003666,CUST003644,2025-01-16,paid,ach,1190.47,0.0
PAY003567,POL003667,CUST000256,2024-01-18,failed,cash,782.64,0.0
PAY003568,POL003668,CUST002532,2025-10-01,reversed,wire,1281.91,1281.91
PAY003569,POL003669,CUST002945,2024-12-03,refunded,other,90.75,0.0
PAY003570,POL003670,CUST002626,2026-08-21,paid,other,1705.15,1705.15
PAY003571,POL003671,CUST004476,2024-11-07,paid,ach,1062.48,0.0
PAY003572,POL003672,CUST000189,2024-10-12,paid,wire,154.03,154.03
PAY003573,POL003673,CUST004047,2024-09-23,paid,wire,812.25,812.25
PAY003574,POL003674,CUST002816,2024-06-15,refunded,wire,1915.4,0.0
PAY003575,POL003675,CUST002191,2025-05-28,reversed,payroll,1455.95,1455.95
PAY003576,POL003676,CUST004000,2025-07-15,past_due,card,1084.14,1084.14
PAY003577,POL003677,CUST004598,2025-05-25,paid,cash,1708.76,1708.76
PAY003578,POL003678,CUST002547,2026-01-03,reversed,wire,672.54,672.54
PAY003579,POL003679,CUST004183,2025-03-20,scheduled,ach,1260.95,1260.95
PAY003580,POL003680,CUST004024,2024-02-19,failed,payroll,1622.78,1622.78
PAY003581,POL003681,CUST003409,2025-10-20,failed,card,518.56,518.56
PAY003582,POL003682,CUST003021,2025-07-07,reversed,cash,627.68,627.68
PAY003583,POL003683,CUST002057,2026-01-12,past_due,check,1670.94,1670.94
PAY003584,POL003684,CUST001796,2024-08-17,past_due,cash,64.12,0.0
PAY003585,POL003685,CUST004607,2024-12-06,reversed,card,1750.11,1750.11
PAY003586,POL003686,CUST002385,2025-02-12,reversed,ach,782.51,782.51
PAY003587,POL003687,CUST002156,2026-06-25,refunded,payroll,414.08,414.08
PAY003588,POL003688,CUST000415,2024-10-10,paid,wire,710.78,710.78
PAY003589,POL003689,CUST002455,2024-05-04,past_due,card,155.89,155.89
PAY003590,POL003690,CUST003580,2024-06-26,paid,payroll,1436.55,1436.55
PAY003591,POL003691,CUST002359,2024-03-20,reversed,ach,1402.88,0.0
PAY003592,POL003692,CUST003923,2025-05-13,failed,other,531.68,531.68
PAY003593,POL003693,CUST001878,2025-12-02,paid,wire,1594.44,1594.44
PAY003594,POL003694,CUST003229,2026-04-01,scheduled,cash,1274.61,1274.61
PAY003595,POL003695,CUST004386,2026-04-07,paid,wire,419.02,419.02
PAY003596,POL003696,CUST001000,2024-12-06,scheduled,payroll,455.08,455.08
PAY003597,POL003697,CUST002503,2026-07-06,paid,cash,1746.71,0.0
PAY003598,POL003698,CUST000431,2026-02-22,scheduled,ach,1230.52,1230.52
PAY003599,POL003699,CUST003945,2024-11-18,paid,card,1980.41,1980.41
PAY003600,POL003700,CUST002397,2025-03-22,failed,cash,424.47,0.0
PAY003601,POL003701,CUST001480,2024-05-21,past_due,ach,736.89,736.89
PAY003602,POL003702,CUST002031,2024-08-27,scheduled,payroll,365.23,365.23
PAY003603,POL003703,CUST004394,2024-01-17,reversed,other,1142.56,1142.56
PAY003604,POL003704,CUST004229,2026-06-22,reversed,ach,409.55,409.55
PAY003605,POL003705,CUST002184,2026-07-17,paid,wire,1867.66,1867.66
PAY003606,POL003706,CUST004075,2024-11-09,paid,payroll,1130.73,0.0
PAY003607,POL003707,CUST001182,2025-06-04,paid,other,1465.2,0.0
PAY003608,POL003708,CUST003352,2026-09-15,refunded,other,368.97,368.97
PAY003609,POL003709,CUST002026,2025-02-21,failed,wire,1544.22,1544.22
PAY003610,POL003710,CUST003201,2026-03-30,paid,other,1678.83,1678.83
PAY003611,POL003711,CUST002896,2024-06-12,past_due,card,1929.86,1929.86
PAY003612,POL003712,CUST002063,2025-12-30,reversed,other,1822.44,1822.44
PAY003613,POL003713,CUST003513,2026-06-07,paid,check,1472.56,1472.56
PAY003614,POL003714,CUST002122,2025-08-30,past_due,cash,833.49,833.49
PAY003615,POL003715,CUST003669,2024-09-26,reversed,other,540.29,540.29
PAY003616,POL003716,CUST004764,2024-04-30,paid,wire,446.67,446.67
PAY003617,POL003717,CUST003518,2024-08-05,scheduled,ach,1610.41,1610.41
PAY003618,POL003718,CUST001649,2024-10-25,paid,card,1010.44,1010.44
PAY003619,POL003719,CUST003229,2026-01-15,refunded,check,1698.04,1698.04
PAY003620,POL003720,CUST002693,2025-10-05,paid,wire,759.94,759.94
PAY003621,POL003721,CUST003216,2025-10-08,paid,card,82.35,0.0
PAY003622,POL003722,CUST002620,2024-12-23,scheduled,cash,1744.62,1744.62
PAY003623,POL003723,CUST003243,2025-03-16,paid,other,573.93,573.93
PAY003624,POL003724,CUST000132,2024-05-12,paid,other,1572.11,0.0
PAY003625,POL003725,CUST002289,2024-02-14,paid,payroll,1591.24,1591.24
PAY003626,POL003726,CUST003205,2025-07-04,failed,other,473.43,473.43
PAY003627,POL003727,CUST002753,2026-04-11,failed,payroll,1039.82,1039.82
PAY003628,POL003728,CUST003415,2025-04-17,paid,payroll,1424.19,1424.19
PAY003629,POL003729,CUST001295,2026-06-13,past_due,ach,444.61,444.61
PAY003630,POL003730,CUST004778,2026-04-19,paid,check,134.83,134.83
PAY003631,POL003731,CUST000986,2024-09-19,paid,cash,1848.33,0.0
PAY003632,POL003732,CUST004831,2025-12-27,reversed,check,1449.21,1449.21
PAY003633,POL003733,CUST000198,2025-08-09,reversed,payroll,83.43,83.43
PAY003634,POL003734,CUST003625,2026-01-01,reversed,wire,1755.33,0.0
PAY003635,POL003735,CUST003566,2026-03-26,failed,wire,281.54,281.54
PAY003636,POL003736,CUST003354,2024-01-03,scheduled,payroll,60.3,60.3
PAY003637,POL003737,CUST004830,2025-07-20,reversed,cash,296.24,0.0
PAY003638,POL003738,CUST000625,2024-01-20,paid,ach,1726.24,0.0
PAY003639,POL003739,CUST001811,2025-12-05,refunded,payroll,66.15,66.15
PAY003640,POL003740,CUST000848,2025-12-15,refunded,payroll,319.41,0.0
PAY003641,POL003741,CUST001802,2024-06-03,failed,wire,1658.97,1658.97
PAY003642,POL003742,CUST003787,2026-05-13,paid,other,627.24,0.0
PAY003643,POL003743,CUST000017,2025-06-27,scheduled,cash,296.57,0.0
PAY003644,POL003744,CUST004853,2026-07-16,reversed,payroll,1566.6,1566.6
PAY003645,POL003745,CUST000813,2024-11-30,refunded,ach,107.36,0.0
PAY003646,POL003746,CUST004698,2026-08-16,reversed,wire,1082.99,1082.99
PAY003647,POL003747,CUST003497,2026-01-25,failed,card,582.44,0.0
PAY003648,POL003748,CUST003074,2024-09-17,refunded,other,990.55,990.55
PAY003649,POL003749,CUST000152,2024-07-11,scheduled,other,530.33,530.33
PAY003650,POL003750,CUST004579,2025-07-16,paid,cash,89.03,89.03
PAY003651,POL003751,CUST004700,2025-09-13,paid,ach,509.72,509.72
PAY003652,POL003752,CUST001074,2026-01-10,past_due,cash,1006.22,1006.22
PAY003653,POL003753,CUST004758,2024-08-14,refunded,payroll,839.32,839.32
PAY003654,POL003754,CUST001427,2026-04-24,paid,payroll,1062.59,1062.59
PAY003655,POL003755,CUST001402,2026-08-10,refunded,card,1194.66,1194.66
PAY003656,POL003756,CUST001400,2025-11-27,refunded,check,959.89,959.89
PAY003657,POL003757,CUST003386,2026-04-17,paid,check,829.51,829.51
PAY003658,POL003758,CUST003261,2024-01-10,paid,other,1118.96,1118.96
PAY003659,POL003759,CUST002448,2025-08-08,paid,ach,1499.12,0.0
PAY003660,POL003760,CUST004677,2024-02-20,paid,check,1822.52,1822.52
PAY003661,POL003761,CUST003239,2025-01-09,past_due,other,1351.34,1351.34
PAY003662,POL003762,CUST002993,2025-04-08,paid,wire,1530.79,1530.79
PAY003663,POL003763,CUST004653,2025-06-21,refunded,payroll,1395.44,1395.44
PAY003664,POL003764,CUST002638,2026-05-20,past_due,card,1888.6,1888.6
PAY003665,POL003765,CUST003182,2025-04-21,failed,check,1807.11,1807.11
PAY003666,POL003766,CUST004867,2024-04-06,paid,ach,495.52,495.52
PAY003667,POL003767,CUST003357,2024-04-21,reversed,other,1943.66,1943.66
PAY003668,POL003768,CUST000377,2026-07-23,paid,ach,1923.39,1923.39
PAY003669,POL003769,CUST000381,2026-06-27,failed,cash,315.22,315.22
PAY003670,POL003770,CUST003524,2025-08-15,reversed,ach,1946.19,1946.19
PAY003671,POL003771,CUST002816,2026-04-10,paid,payroll,1197.56,0.0
PAY003672,POL003772,CUST002130,2024-06-30,failed,wire,1887.49,0.0
PAY003673,POL003773,CUST000890,2026-05-09,reversed,check,891.83,891.83
PAY003674,POL003774,CUST000216,2025-05-18,paid,ach,626.35,626.35
PAY003675,POL003775,CUST003300,2025-10-01,paid,card,265.45,265.45
PAY003676,POL003776,CUST003191,2025-01-24,paid,card,978.81,0.0
PAY003677,POL003777,CUST004932,2024-01-11,paid,ach,1610.25,0.0
PAY003678,POL003778,CUST004189,2025-05-29,scheduled,cash,1829.29,0.0
PAY003679,POL003779,CUST001570,2026-07-29,refunded,cash,1033.08,1033.08
PAY003680,POL003780,CUST002453,2025-09-04,paid,other,851.82,851.82
PAY003681,POL003781,CUST004731,2024-06-24,paid,wire,1959.73,1959.73
PAY003682,POL003782,CUST004713,2026-03-22,failed,payroll,1913.76,1913.76
PAY003683,POL003783,CUST003870,2024-08-20,reversed,ach,132.16,0.0
PAY003684,POL003784,CUST000857,2026-07-25,reversed,other,540.88,540.88
PAY003685,POL003785,CUST000443,2024-09-09,reversed,ach,996.39,0.0
PAY003686,POL003786,CUST004415,2026-06-26,refunded,check,1525.26,1525.26
PAY003687,POL003787,CUST003774,2024-07-17,paid,wire,1550.87,0.0
PAY003688,POL003788,CUST004435,2024-03-14,paid,payroll,899.52,0.0
PAY003689,POL003789,CUST002793,2025-11-29,failed,ach,769.2,769.2
PAY003690,POL003790,CUST000441,2024-02-05,scheduled,cash,484.13,0.0
PAY003691,POL003791,CUST004210,2024-09-08,reversed,cash,117.76,117.76
PAY003692,POL003792,CUST001587,2025-05-21,paid,other,1274.37,1274.37
PAY003693,POL003793,CUST001010,2026-05-25,past_due,cash,1534.76,1534.76
PAY003694,POL003794,CUST000115,2024-11-23,paid,other,1446.67,0.0
PAY003695,POL003795,CUST001426,2025-02-26,paid,other,1684.01,1684.01
PAY003696,POL003796,CUST004292,2026-08-29,paid,payroll,497.57,497.57
PAY003697,POL003797,CUST000522,2025-09-18,past_due,ach,1587.65,0.0
PAY003698,POL003798,CUST003985,2025-11-16,past_due,other,272.52,272.52
PAY003699,POL003799,CUST003439,2026-05-27,paid,check,1826.93,1826.93
PAY003700,POL003800,CUST001226,2024-07-27,paid,other,1843.7,1843.7
PAY003701,POL003801,CUST003881,2024-12-20,past_due,ach,1356.52,1356.52
PAY003702,POL003802,CUST001872,2024-04-28,paid,other,1038.41,1038.41
PAY003703,POL003803,CUST003143,2025-08-25,failed,other,1561.08,1561.08
PAY003704,POL003804,CUST002221,2026-03-22,refunded,ach,915.77,0.0
PAY003705,POL003805,CUST002153,2024-06-22,past_due,payroll,1418.57,0.0
PAY003706,POL003806,CUST000843,2024-06-05,paid,ach,1899.42,1899.42
PAY003707,POL003807,CUST004741,2025-07-06,past_due,other,1504.1,0.0
PAY003708,POL003808,CUST001185,2025-11-28,scheduled,ach,1241.86,1241.86
PAY003709,POL003809,CUST002638,2026-07-29,reversed,check,999.62,999.62
PAY003710,POL003810,CUST000132,2025-07-31,reversed,other,530.49,530.49
PAY003711,POL003811,CUST004128,2024-10-27,refunded,ach,1400.63,0.0
PAY003712,POL003812,CUST000958,2026-07-28,paid,payroll,1238.56,1238.56
PAY003713,POL003813,CUST003143,2025-05-31,paid,other,839.01,0.0
PAY003714,POL003814,CUST001266,2026-03-13,scheduled,check,1470.92,0.0
PAY003715,POL003815,CUST003614,2026-09-07,paid,card,349.39,0.0
PAY003716,POL003816,CUST000454,2026-02-24,failed,cash,496.84,496.84
PAY003717,POL003817,CUST001294,2025-11-26,scheduled,cash,561.39,561.39
PAY003718,POL003818,CUST003259,2024-05-22,paid,payroll,300.66,300.66
PAY003719,POL003819,CUST004535,2024-07-01,paid,payroll,1563.41,1563.41
PAY003720,POL003820,CUST000596,2025-07-27,paid,payroll,270.54,270.54
PAY003721,POL003821,CUST004258,2024-09-23,failed,other,1990.28,1990.28
PAY003722,POL003822,CUST002659,2025-07-24,reversed,wire,1900.54,1900.54
PAY003723,POL003823,CUST002931,2024-09-22,scheduled,cash,577.24,577.24
PAY003724,POL003824,CUST004430,2024-07-25,failed,check,113.21,0.0
PAY003725,POL003825,CUST000413,2024-03-10,paid,check,1822.78,0.0
PAY003726,POL003826,CUST004423,2025-05-24,paid,check,52.34,52.34
PAY003727,POL003827,CUST002495,2025-05-24,paid,check,721.41,0.0
PAY003728,POL003828,CUST004750,2026-02-01,failed,payroll,1090.78,1090.78
PAY003729,POL003829,CUST001088,2024-11-10,paid,card,1710.01,1710.01
PAY003730,POL003830,CUST000008,2025-04-29,reversed,other,1189.81,1189.81
PAY003731,POL003831,CUST004121,2026-07-30,past_due,payroll,317.48,317.48
PAY003732,POL003832,CUST001806,2025-10-14,scheduled,ach,1686.4,1686.4
PAY003733,POL003833,CUST002832,2026-04-12,scheduled,ach,1209.2,0.0
PAY003734,POL003834,CUST002520,2026-07-26,paid,card,489.56,489.56
PAY003735,POL003835,CUST000852,2024-04-05,paid,payroll,1353.93,1353.93
PAY003736,POL003836,CUST002929,2025-01-04,reversed,ach,1734.96,0.0
PAY003737,POL003837,CUST000143,2024-12-27,reversed,card,1569.62,0.0
PAY003738,POL003838,CUST001124,2025-09-04,failed,card,1009.91,0.0
PAY003739,POL003839,CUST002225,2025-04-07,paid,card,1660.11,1660.11
PAY003740,POL003840,CUST002447,2026-02-16,paid,wire,374.39,374.39
PAY003741,POL003841,CUST004375,2024-12-31,past_due,check,1424.1,1424.1
PAY003742,POL003842,CUST004756,2024-06-07,paid,other,1836.36,1836.36
PAY003743,POL003843,CUST002487,2026-05-01,paid,wire,933.36,933.36
PAY003744,POL003844,CUST002521,2025-07-22,refunded,ach,722.53,0.0
PAY003745,POL003845,CUST002486,2025-02-01,failed,card,914.62,914.62
PAY003746,POL003846,CUST003480,2024-08-17,paid,wire,1213.31,1213.31
PAY003747,POL003847,CUST002543,2024-07-09,paid,card,1081.64,0.0
PAY003748,POL003848,CUST000695,2026-08-10,paid,ach,1577.8,1577.8
PAY003749,POL003849,CUST004333,2025-11-25,reversed,card,737.9,737.9
PAY003750,POL003850,CUST002405,2024-06-20,paid,wire,1104.54,1104.54
PAY003751,POL003851,CUST001690,2024-05-04,paid,payroll,1440.69,1440.69
PAY003752,POL003852,CUST003330,2025-08-11,scheduled,cash,989.43,989.43
PAY003753,POL003853,CUST003868,2024-08-18,refunded,other,1623.38,1623.38
PAY003754,POL003854,CUST004221,2025-11-17,past_due,cash,318.01,318.01
PAY003755,POL003855,CUST001872,2026-04-10,scheduled,cash,298.7,298.7
PAY003756,POL003856,CUST001895,2025-10-28,paid,check,1681.47,0.0
PAY003757,POL003857,CUST004163,2025-02-25,paid,ach,1427.78,1427.78
PAY003758,POL003858,CUST003367,2025-05-17,failed,wire,787.0,0.0
PAY003759,POL003859,CUST003669,2025-12-15,failed,other,1617.57,1617.57
PAY003760,POL003860,CUST002095,2026-08-07,paid,wire,1191.55,1191.55
PAY003761,POL003861,CUST001133,2024-02-24,scheduled,ach,904.21,904.21
PAY003762,POL003862,CUST002365,2025-03-24,reversed,payroll,318.4,0.0
PAY003763,POL003863,CUST002067,2025-10-24,paid,check,202.34,202.34
PAY003764,POL003864,CUST004292,2026-08-02,paid,other,1858.66,1858.66
PAY003765,POL003865,CUST000777,2026-02-01,paid,cash,518.51,518.51
PAY003766,POL003866,CUST000579,2025-07-10,paid,check,467.66,467.66
PAY003767,POL003867,CUST003211,2026-06-16,paid,ach,1299.83,1299.83
PAY003768,POL003868,CUST002456,2024-12-23,past_due,other,523.73,0.0
PAY003769,POL003869,CUST001200,2024-06-28,paid,cash,1277.45,1277.45
PAY003770,POL003870,CUST003237,2026-01-15,failed,check,488.23,488.23
PAY003771,POL003871,CUST000222,2024-01-27,failed,wire,1630.62,1630.62
PAY003772,POL003872,CUST000084,2024-03-19,reversed,check,1572.42,1572.42
PAY003773,POL003873,CUST003938,2025-05-24,refunded,payroll,1602.81,1602.81
PAY003774,POL003874,CUST004942,2026-08-05,failed,ach,1509.08,0.0
PAY003775,POL003875,CUST001520,2026-02-20,reversed,cash,321.93,321.93
PAY003776,POL003876,CUST002556,2025-03-14,paid,ach,304.93,0.0
PAY003777,POL003877,CUST003377,2026-08-13,failed,payroll,1054.28,1054.28
PAY003778,POL003878,CUST000866,2024-02-28,paid,check,1017.19,0.0
PAY003779,POL003879,CUST004992,2024-05-17,scheduled,ach,674.38,0.0
PAY003780,POL003880,CUST002553,2024-06-24,past_due,ach,968.93,0.0
PAY003781,POL003881,CUST003753,2024-06-06,paid,wire,1437.18,1437.18
PAY003782,POL003882,CUST004580,2024-09-06,paid,payroll,113.0,113.0
PAY003783,POL003883,CUST004124,2026-02-23,paid,payroll,357.25,357.25
PAY003784,POL003884,CUST002261,2025-07-05,paid,cash,881.45,881.45
PAY003785,POL003885,CUST004387,2025-11-06,paid,cash,685.63,0.0
PAY003786,POL003886,CUST002154,2025-06-28,paid,payroll,176.79,176.79
PAY003787,POL003887,CUST002453,2024-02-07,past_due,payroll,1492.0,1492.0
PAY003788,POL003888,CUST003075,2026-06-11,refunded,payroll,1374.48,1374.48
PAY003789,POL003889,CUST004028,2026-02-24,paid,payroll,60.46,60.46
PAY003790,POL003890,CUST003869,2026-08-08,scheduled,cash,1498.43,1498.43
PAY003791,POL003891,CUST002686,2026-05-22,reversed,payroll,491.61,491.61
PAY003792,POL003892,CUST000157,2026-06-07,paid,payroll,990.81,0.0
PAY003793,POL003893,CUST004517,2026-09-13,paid,cash,1690.21,1690.21
PAY003794,POL003894,CUST000321,2024-07-01,paid,ach,474.55,474.55
PAY003795,POL003895,CUST003124,2024-02-27,paid,ach,1966.76,0.0
PAY003796,POL003896,CUST002587,2024-06-21,paid,wire,1841.65,1841.65
PAY003797,POL003897,CUST004314,2025-02-24,past_due,ach,1204.75,1204.75
PAY003798,POL003898,CUST000460,2026-05-10,refunded,ach,1490.48,1490.48
PAY003799,POL003899,CUST000355,2024-03-12,paid,ach,323.48,323.48
PAY003800,POL003900,CUST000768,2025-06-22,scheduled,check,642.98,642.98
PAY003801,POL003901,CUST004829,2026-04-05,paid,check,500.59,500.59
PAY003802,POL003902,CUST004526,2026-05-15,paid,check,1974.93,1974.93
PAY003803,POL003903,CUST004569,2026-03-02,refunded,card,1221.84,1221.84
PAY003804,POL003904,CUST001612,2026-05-07,paid,payroll,1088.58,0.0
PAY003805,POL003905,CUST001161,2025-11-16,paid,ach,1394.0,1394.0
PAY003806,POL003906,CUST003242,2024-07-17,paid,wire,50.77,50.77
PAY003807,POL003907,CUST003269,2024-02-16,past_due,other,126.92,126.92
PAY003808,POL003908,CUST003137,2024-04-29,failed,card,478.01,478.01
PAY003809,POL003909,CUST003505,2024-03-19,paid,other,1678.26,1678.26
PAY003810,POL003910,CUST003121,2025-01-31,reversed,check,1334.09,1334.09
PAY003811,POL003911,CUST003707,2025-01-14,paid,wire,998.41,998.41
PAY003812,POL003912,CUST001097,2025-06-11,refunded,card,877.64,877.64
PAY003813,POL003913,CUST004790,2024-05-25,paid,check,224.61,224.61
PAY003814,POL003914,CUST002394,2025-01-18,reversed,wire,1519.8,0.0
PAY003815,POL003915,CUST004474,2025-01-02,paid,wire,515.51,515.51
PAY003816,POL003916,CUST002485,2025-01-10,past_due,check,1821.82,1821.82
PAY003817,POL003917,CUST002242,2025-12-01,past_due,ach,1489.84,1489.84
PAY003818,POL003918,CUST003724,2025-08-16,past_due,check,529.39,529.39
PAY003819,POL003919,CUST004736,2025-07-14,past_due,payroll,894.15,894.15
PAY003820,POL003920,CUST003477,2024-04-02,past_due,other,1981.71,1981.71
PAY003821,POL003921,CUST003941,2026-09-07,scheduled,other,126.85,126.85
PAY003822,POL003922,CUST002328,2026-08-30,refunded,ach,1379.2,0.0
PAY003823,POL003923,CUST003800,2025-09-10,reversed,card,706.36,0.0
PAY003824,POL003924,CUST004093,2025-03-01,paid,ach,637.53,637.53
PAY003825,POL003925,CUST001860,2025-12-23,paid,check,536.89,536.89
PAY003826,POL003926,CUST002820,2024-12-22,failed,payroll,1864.27,1864.27
PAY003827,POL003927,CUST002320,2026-02-28,failed,other,1268.74,1268.74
PAY003828,POL003928,CUST004820,2024-08-03,reversed,cash,343.93,343.93
PAY003829,POL003929,CUST003439,2024-11-10,paid,check,365.4,365.4
PAY003830,POL003930,CUST004132,2025-02-02,paid,other,1409.81,1409.81
PAY003831,POL003931,CUST001704,2024-04-02,paid,check,684.53,684.53
PAY003832,POL003932,CUST001429,2024-02-26,refunded,ach,968.04,0.0
PAY003833,POL003933,CUST000379,2026-05-30,paid,check,1468.83,1468.83
PAY003834,POL003934,CUST003758,2025-05-13,past_due,payroll,1591.51,1591.51
PAY003835,POL003935,CUST003840,2024-07-24,failed,ach,200.91,200.91
PAY003836,POL003936,CUST004809,2025-09-29,refunded,ach,198.95,198.95
PAY003837,POL003937,CUST003129,2025-02-04,paid,cash,837.33,0.0
PAY003838,POL003938,CUST000010,2024-09-09,reversed,card,1132.51,1132.51
PAY003839,POL003939,CUST001641,2025-03-11,paid,payroll,1980.44,1980.44
PAY003840,POL003940,CUST004172,2026-08-21,refunded,wire,79.53,79.53
PAY003841,POL003941,CUST001230,2024-08-08,paid,wire,944.09,944.09
PAY003842,POL003942,CUST002839,2025-12-19,paid,other,809.45,809.45
PAY003843,POL003943,CUST000945,2024-01-04,paid,cash,1673.44,1673.44
PAY003844,POL003944,CUST000021,2026-04-25,refunded,payroll,486.09,0.0
PAY003845,POL003945,CUST004502,2026-01-08,refunded,ach,735.62,735.62
PAY003846,POL003946,CUST003515,2025-11-26,paid,card,1737.96,1737.96
PAY003847,POL003947,CUST004572,2025-08-09,failed,other,1802.91,0.0
PAY003848,POL003948,CUST003554,2025-11-21,refunded,card,1697.04,1697.04
PAY003849,POL003949,CUST002810,2024-07-09,paid,wire,863.56,863.56
PAY003850,POL003950,CUST000787,2025-09-12,past_due,wire,1521.66,1521.66
PAY003851,POL003951,CUST003457,2024-01-07,scheduled,card,621.99,621.99
PAY003852,POL003952,CUST000316,2026-03-23,scheduled,ach,291.5,291.5
PAY003853,POL003953,CUST000172,2024-04-19,reversed,check,810.48,810.48
PAY003854,POL003954,CUST004934,2026-05-20,scheduled,card,1004.58,1004.58
PAY003855,POL003955,CUST000589,2025-05-23,past_due,check,339.86,339.86
PAY003856,POL003956,CUST003637,2024-12-08,paid,wire,470.24,0.0
PAY003857,POL003957,CUST002546,2026-09-02,paid,ach,71.28,71.28
PAY003858,POL003958,CUST003086,2026-03-29,reversed,wire,1855.21,1855.21
PAY003859,POL003959,CUST001823,2024-07-08,failed,other,280.07,280.07
PAY003860,POL003960,CUST004811,2025-12-20,refunded,payroll,736.54,736.54
PAY003861,POL003961,CUST000839,2026-07-18,paid,card,1607.77,1607.77
PAY003862,POL003962,CUST003101,2026-01-21,paid,payroll,510.64,510.64
PAY003863,POL003963,CUST000938,2025-06-14,refunded,ach,1896.51,1896.51
PAY003864,POL003964,CUST002217,2025-06-06,paid,other,1818.11,1818.11
PAY003865,POL003965,CUST004924,2024-04-30,past_due,payroll,1334.83,1334.83
PAY003866,POL003966,CUST000272,2024-10-19,reversed,card,72.49,72.49
PAY003867,POL003967,CUST001862,2025-12-08,paid,wire,196.01,196.01
PAY003868,POL003968,CUST003368,2026-04-01,paid,wire,1032.83,1032.83
PAY003869,POL003969,CUST002748,2026-02-16,failed,ach,100.62,100.62
PAY003870,POL003970,CUST000448,2025-07-13,reversed,card,106.72,106.72
PAY003871,POL003971,CUST002168,2024-02-24,reversed,other,120.66,120.66
PAY003872,POL003972,CUST003277,2024-02-21,scheduled,payroll,1846.07,1846.07
PAY003873,POL003973,CUST001100,2025-10-03,reversed,ach,246.85,246.85
PAY003874,POL003974,CUST003168,2026-01-03,failed,ach,624.8,624.8
PAY003875,POL003975,CUST002765,2025-01-02,paid,wire,1859.41,0.0
PAY003876,POL003976,CUST000937,2024-04-03,paid,cash,1006.91,1006.91
PAY003877,POL003977,CUST002819,2026-08-27,past_due,cash,1575.52,0.0
PAY003878,POL003978,CUST000933,2026-08-08,scheduled,check,852.58,852.58
PAY003879,POL003979,CUST001637,2025-09-12,paid,card,1068.17,1068.17
PAY003880,POL003980,CUST001226,2024-10-05,refunded,check,1074.84,0.0
PAY003881,POL003981,CUST001830,2025-09-22,refunded,card,1611.97,0.0
PAY003882,POL003982,CUST000211,2024-05-25,scheduled,cash,363.97,363.97
PAY003883,POL003983,CUST004713,2026-05-28,paid,card,1457.68,1457.68
PAY003884,POL003984,CUST004408,2025-04-14,past_due,wire,591.76,591.76
PAY003885,POL003985,CUST001868,2024-05-02,paid,wire,1515.18,0.0
PAY003886,POL003986,CUST000757,2025-07-04,paid,card,1003.54,1003.54
PAY003887,POL003987,CUST001188,2024-02-12,paid,check,1983.27,1983.27
PAY003888,POL003988,CUST000799,2025-12-02,paid,card,1181.48,0.0
PAY003889,POL003989,CUST000154,2025-05-05,past_due,other,1497.34,1497.34
PAY003890,POL003990,CUST004729,2024-03-04,scheduled,check,450.63,450.63
PAY003891,POL003991,CUST002031,2024-05-13,paid,cash,341.33,341.33
PAY003892,POL003992,CUST001883,2025-07-07,paid,card,1489.38,0.0
PAY003893,POL003993,CUST004432,2026-05-17,paid,card,1924.34,0.0
PAY003894,POL003994,CUST000335,2026-01-07,paid,ach,349.11,349.11
PAY003895,POL003995,CUST000185,2025-01-04,paid,payroll,973.62,973.62
PAY003896,POL003996,CUST003760,2026-06-05,paid,ach,321.16,0.0
PAY003897,POL003997,CUST000283,2024-11-22,paid,payroll,1951.51,1951.51
PAY003898,POL003998,CUST004809,2025-07-29,reversed,ach,219.33,219.33
PAY003899,POL003999,CUST000558,2026-02-22,paid,cash,1111.19,1111.19
PAY003900,POL004000,CUST002746,2024-02-21,reversed,ach,1546.26,0.0
PAY003901,POL004001,CUST001397,2026-04-20,paid,payroll,411.16,411.16
PAY003902,POL004002,CUST004559,2024-12-19,failed,card,577.56,577.56
PAY003903,POL004003,CUST004301,2024-06-26,paid,wire,388.27,388.27
PAY003904,POL004004,CUST000012,2024-03-31,past_due,other,67.6,67.6
PAY003905,POL004005,CUST002782,2024-04-01,refunded,card,1435.72,1435.72
PAY003906,POL004006,CUST004581,2025-03-15,failed,payroll,1073.21,0.0
PAY003907,POL004007,CUST004063,2026-02-25,past_due,ach,1248.9,1248.9
PAY003908,POL004008,CUST004482,2024-06-26,paid,card,966.49,966.49
PAY003909,POL004009,CUST001556,2025-10-17,paid,cash,1095.71,1095.71
PAY003910,POL004010,CUST000970,2026-06-17,paid,check,1109.24,1109.24
PAY003911,POL004011,CUST003935,2026-09-07,reversed,card,389.46,389.46
PAY003912,POL004012,CUST004586,2024-11-19,past_due,card,1482.28,0.0
PAY003913,POL004013,CUST000942,2025-03-25,past_due,card,1531.09,0.0
PAY003914,POL004014,CUST002796,2025-06-23,paid,cash,1441.21,1441.21
PAY003915,POL004015,CUST000205,2024-02-05,paid,ach,936.36,936.36
PAY003916,POL004016,CUST002226,2026-05-09,scheduled,other,172.1,172.1
PAY003917,POL004017,CUST003352,2025-06-24,past_due,check,700.59,0.0
PAY003918,POL004018,CUST002429,2025-01-13,scheduled,card,527.74,527.74
PAY003919,POL004019,CUST003927,2025-09-09,refunded,wire,1625.26,1625.26
PAY003920,POL004020,CUST002239,2025-09-30,past_due,ach,1772.9,1772.9
PAY003921,POL004021,CUST000930,2024-04-25,paid,wire,484.7,0.0
PAY003922,POL004022,CUST003054,2025-02-17,paid,cash,473.85,473.85
PAY003923,POL004023,CUST004645,2024-10-21,failed,card,755.36,755.36
PAY003924,POL004024,CUST001599,2026-01-14,refunded,cash,788.85,0.0
PAY003925,POL004025,CUST002524,2024-10-09,refunded,check,1466.04,1466.04
PAY003926,POL004026,CUST002237,2025-08-21,paid,other,1308.49,1308.49
PAY003927,POL004027,CUST002309,2024-01-25,paid,payroll,1557.74,1557.74
PAY003928,POL004028,CUST000152,2025-06-01,refunded,payroll,1081.16,1081.16
PAY003929,POL004029,CUST003039,2026-01-19,paid,payroll,494.93,494.93
PAY003930,POL004030,CUST004867,2025-07-30,refunded,other,1429.5,0.0
PAY003931,POL004031,CUST001547,2025-04-20,past_due,ach,870.1,870.1
PAY003932,POL004032,CUST000804,2025-01-24,paid,cash,1449.51,1449.51
PAY003933,POL004033,CUST004651,2025-07-10,reversed,wire,563.91,563.91
PAY003934,POL004034,CUST000240,2026-06-24,refunded,wire,985.84,985.84
PAY003935,POL004035,CUST001347,2025-05-30,scheduled,ach,1108.81,1108.81
PAY003936,POL004036,CUST000391,2024-04-03,paid,cash,355.44,355.44
PAY003937,POL004037,CUST001999,2025-09-22,reversed,wire,1153.62,1153.62
PAY003938,POL004038,CUST004855,2024-08-24,refunded,payroll,176.57,176.57
PAY003939,POL004039,CUST000618,2025-04-22,reversed,ach,1575.41,1575.41
PAY003940,POL004040,CUST001977,2025-03-31,scheduled,check,575.59,575.59
PAY003941,POL004041,CUST002474,2024-02-06,paid,card,1670.21,1670.21
PAY003942,POL004042,CUST004313,2025-01-07,paid,card,830.79,830.79
PAY003943,POL004043,CUST001886,2025-07-02,past_due,other,1061.75,1061.75
PAY003944,POL004044,CUST001203,2025-10-21,scheduled,wire,1183.76,0.0
PAY003945,POL004045,CUST000866,2025-05-03,refunded,ach,1409.1,0.0
PAY003946,POL004046,CUST002643,2025-02-13,paid,check,1673.86,1673.86
PAY003947,POL004047,CUST004268,2025-12-09,scheduled,cash,842.56,842.56
PAY003948,POL004048,CUST002727,2026-06-22,paid,cash,1366.46,1366.46
PAY003949,POL004049,CUST002094,2025-01-31,paid,payroll,305.56,0.0
PAY003950,POL004050,CUST002179,2024-09-18,paid,card,1818.32,0.0
PAY003951,POL004051,CUST001275,2026-04-14,paid,wire,1265.97,1265.97
PAY003952,POL004052,CUST003907,2026-08-11,paid,wire,1177.04,1177.04
PAY003953,POL004053,CUST000057,2026-08-03,failed,payroll,1871.76,0.0
PAY003954,POL004054,CUST001242,2025-05-23,paid,payroll,994.22,0.0
PAY003955,POL004055,CUST000383,2024-09-24,failed,other,1321.69,0.0
PAY003956,POL004056,CUST000098,2024-10-23,failed,wire,1682.55,1682.55
PAY003957,POL004057,CUST003999,2025-10-21,past_due,ach,82.2,0.0
PAY003958,POL004058,CUST002393,2026-06-20,scheduled,other,1594.03,1594.03
PAY003959,POL004059,CUST003692,2025-05-04,failed,payroll,680.75,680.75
PAY003960,POL004060,CUST003890,2025-10-14,refunded,ach,1165.27,1165.27
PAY003961,POL004061,CUST003062,2025-06-17,paid,card,1285.32,1285.32
PAY003962,POL004062,CUST001355,2026-08-18,scheduled,other,92.01,92.01
PAY003963,POL004063,CUST003315,2025-12-19,failed,ach,1415.6,1415.6
PAY003964,POL004064,CUST004729,2026-08-10,paid,other,1078.23,1078.23
PAY003965,POL004065,CUST001855,2026-05-11,paid,wire,184.23,184.23
PAY003966,POL004066,CUST003038,2024-01-01,paid,ach,651.01,651.01
PAY003967,POL004067,CUST003291,2025-03-03,scheduled,wire,1322.61,0.0
PAY003968,POL004068,CUST002219,2025-10-05,scheduled,check,1294.62,1294.62
PAY003969,POL004069,CUST004638,2024-05-23,scheduled,ach,1847.6,1847.6
PAY003970,POL004070,CUST000545,2024-09-21,refunded,ach,1259.12,0.0
PAY003971,POL004071,CUST002686,2024-07-15,paid,cash,459.66,459.66
PAY003972,POL004072,CUST000734,2026-01-01,paid,wire,352.27,352.27
PAY003973,POL004073,CUST000805,2024-01-08,past_due,check,1379.21,1379.21
PAY003974,POL004074,CUST002463,2025-12-17,paid,card,1779.53,1779.53
PAY003975,POL004075,CUST002434,2026-03-14,failed,other,761.65,0.0
PAY003976,POL004076,CUST004195,2025-05-24,paid,check,91.33,0.0
PAY003977,POL004077,CUST001222,2026-09-10,past_due,cash,1127.2,0.0
PAY003978,POL004078,CUST001737,2026-02-12,failed,card,1491.74,1491.74
PAY003979,POL004079,CUST004075,2026-03-21,paid,payroll,1297.69,0.0
PAY003980,POL004080,CUST001336,2024-12-08,reversed,check,416.02,416.02
PAY003981,POL004081,CUST004674,2026-07-08,past_due,check,1191.95,1191.95
PAY003982,POL004082,CUST000443,2025-05-26,paid,card,679.91,679.91
PAY003983,POL004083,CUST004429,2025-12-01,past_due,cash,150.0,150.0
PAY003984,POL004084,CUST002156,2026-03-17,paid,wire,1197.9,1197.9
PAY003985,POL004085,CUST000409,2025-02-12,failed,cash,505.7,505.7
PAY003986,POL004086,CUST002720,2025-05-06,paid,check,181.44,181.44
PAY003987,POL004087,CUST002913,2026-04-15,scheduled,check,1454.71,0.0
PAY003988,POL004088,CUST002784,2024-05-24,reversed,card,183.57,183.57
PAY003989,POL004089,CUST001482,2025-07-13,failed,other,1296.86,0.0
PAY003990,POL004090,CUST002083,2024-05-19,paid,wire,1543.74,0.0
PAY003991,POL004091,CUST003248,2024-10-03,paid,payroll,353.32,353.32
PAY003992,POL004092,CUST001943,2024-05-23,paid,cash,956.68,956.68
PAY003993,POL004093,CUST004018,2024-03-24,scheduled,ach,304.82,304.82
PAY003994,POL004094,CUST004830,2026-02-25,past_due,other,1037.53,1037.53
PAY003995,POL004095,CUST003120,2025-12-01,reversed,payroll,1725.75,1725.75
PAY003996,POL004096,CUST002203,2026-03-06,failed,other,572.87,572.87
PAY003997,POL004097,CUST003233,2024-10-05,failed,payroll,1456.47,1456.47
PAY003998,POL004098,CUST003466,2024-09-11,failed,check,866.44,866.44
PAY003999,POL004099,CUST000442,2024-08-29,paid,ach,973.37,973.37
PAY004000,POL004100,CUST004711,2024-01-24,paid,cash,1838.34,1838.34
PAY004001,POL004101,CUST001526,2024-11-04,paid,check,1122.7,0.0
PAY004002,POL004102,CUST001275,2024-05-23,refunded,payroll,815.52,815.52
PAY004003,POL004103,CUST000334,2026-08-27,paid,other,829.23,829.23
PAY004004,POL004104,CUST000276,2024-05-16,scheduled,ach,1031.5,1031.5
PAY004005,POL004105,CUST004232,2026-07-18,failed,ach,309.22,309.22
PAY004006,POL004106,CUST003411,2024-04-10,refunded,check,709.79,709.79
PAY004007,POL004107,CUST001638,2024-10-25,paid,cash,1068.55,1068.55
PAY004008,POL004108,CUST001752,2025-02-05,past_due,other,1250.93,1250.93
PAY004009,POL004109,CUST002404,2026-07-03,refunded,card,1688.57,1688.57
PAY004010,POL004110,CUST002498,2024-12-22,refunded,check,137.87,0.0
PAY004011,POL004111,CUST002173,2024-03-29,past_due,card,1228.81,1228.81
PAY004012,POL004112,CUST002594,2024-01-10,paid,payroll,587.59,587.59
PAY004013,POL004113,CUST000104,2026-06-23,refunded,other,1583.44,1583.44
PAY004014,POL004114,CUST004679,2025-01-28,paid,card,1748.99,0.0
PAY004015,POL004115,CUST000290,2024-03-16,refunded,payroll,1619.47,1619.47
PAY004016,POL004116,CUST004391,2025-05-02,paid,check,1561.28,1561.28
PAY004017,POL004117,CUST002907,2026-08-15,paid,cash,727.37,727.37
PAY004018,POL004118,CUST004456,2026-03-18,past_due,ach,1459.72,0.0
PAY004019,POL004119,CUST000752,2024-11-26,refunded,cash,1050.31,0.0
PAY004020,POL004120,CUST001857,2025-05-27,paid,cash,575.6,575.6
PAY004021,POL004121,CUST000736,2024-01-23,reversed,wire,1843.12,1843.12
PAY004022,POL004122,CUST003220,2025-12-02,scheduled,check,819.77,0.0
PAY004023,POL004123,CUST003905,2025-03-03,paid,payroll,812.91,812.91
PAY004024,POL004124,CUST003047,2024-05-30,reversed,other,909.71,909.71
PAY004025,POL004125,CUST004786,2024-11-07,paid,check,971.04,971.04
PAY004026,POL004126,CUST002934,2025-02-06,failed,other,1756.12,1756.12
PAY004027,POL004127,CUST002109,2025-03-22,paid,other,1292.68,1292.68
PAY004028,POL004128,CUST000207,2025-11-09,paid,check,350.2,350.2
PAY004029,POL004129,CUST000182,2026-06-09,failed,other,1385.78,1385.78
PAY004030,POL004130,CUST003188,2024-12-25,scheduled,payroll,211.04,211.04
PAY004031,POL004131,CUST003858,2024-04-16,scheduled,other,1034.24,1034.24
PAY004032,POL004132,CUST004121,2026-03-26,past_due,card,152.84,152.84
PAY004033,POL004133,CUST001438,2025-06-24,reversed,other,1738.81,1738.81
PAY004034,POL004134,CUST002099,2025-03-25,reversed,other,423.9,423.9
PAY004035,POL004135,CUST004615,2026-06-07,paid,card,235.28,235.28
PAY004036,POL004136,CUST000575,2024-01-21,scheduled,payroll,1071.22,1071.22
PAY004037,POL004137,CUST004643,2026-05-14,past_due,check,1224.18,1224.18
PAY004038,POL004138,CUST004351,2024-09-12,scheduled,payroll,1327.62,1327.62
PAY004039,POL004139,CUST002871,2024-05-31,reversed,ach,1838.54,0.0
PAY004040,POL004140,CUST001729,2024-09-29,paid,wire,609.49,609.49
PAY004041,POL004141,CUST004211,2026-09-07,paid,wire,1895.79,1895.79
PAY004042,POL004142,CUST001277,2026-01-02,paid,card,1950.89,1950.89
PAY004043,POL004143,CUST002506,2026-06-16,failed,ach,164.15,164.15
PAY004044,POL004144,CUST003940,2026-06-26,paid,other,908.88,908.88
PAY004045,POL004145,CUST000681,2024-06-15,paid,payroll,376.31,0.0
PAY004046,POL004146,CUST004352,2026-04-28,paid,cash,62.28,0.0
PAY004047,POL004147,CUST001344,2026-08-29,reversed,ach,1648.76,1648.76
PAY004048,POL004148,CUST004528,2025-01-04,refunded,card,1981.69,1981.69
PAY004049,POL004149,CUST002019,2025-05-24,paid,ach,1428.35,0.0
PAY004050,POL004150,CUST002167,2024-12-16,paid,wire,585.16,585.16
PAY004051,POL004151,CUST003848,2024-08-27,paid,wire,1385.52,1385.52
PAY004052,POL004152,CUST001758,2026-08-05,paid,check,1912.22,1912.22
PAY004053,POL004153,CUST004188,2025-05-27,paid,wire,1453.41,0.0
PAY004054,POL004154,CUST003590,2025-06-08,paid,card,1867.17,1867.17
PAY004055,POL004155,CUST001004,2025-07-10,reversed,payroll,1631.94,0.0
PAY004056,POL004156,CUST003330,2025-01-03,paid,cash,1184.65,0.0
PAY004057,POL004157,CUST003676,2026-02-04,failed,wire,1978.79,0.0
PAY004058,POL004158,CUST002894,2026-02-18,scheduled,ach,1350.62,1350.62
PAY004059,POL004159,CUST003170,2024-09-14,failed,check,798.6,0.0
PAY004060,POL004160,CUST000932,2025-05-19,paid,other,1461.94,1461.94
PAY004061,POL004161,CUST001422,2025-05-11,paid,payroll,68.91,68.91
PAY004062,POL004162,CUST000810,2024-04-21,paid,check,477.51,477.51
PAY004063,POL004163,CUST000807,2024-04-25,paid,cash,1005.39,1005.39
PAY004064,POL004164,CUST000229,2025-01-28,scheduled,ach,637.06,637.06
PAY004065,POL004165,CUST004960,2024-08-19,past_due,cash,236.17,236.17
PAY004066,POL004166,CUST003260,2024-04-12,paid,payroll,1925.47,1925.47
PAY004067,POL004167,CUST004847,2024-11-05,refunded,other,721.08,721.08
PAY004068,POL004168,CUST004555,2025-10-06,failed,wire,453.54,453.54
PAY004069,POL004169,CUST000627,2026-04-16,paid,card,444.02,444.02
PAY004070,POL004170,CUST003982,2024-03-06,failed,payroll,1486.04,1486.04
PAY004071,POL004171,CUST004309,2025-01-29,reversed,cash,1511.98,1511.98
PAY004072,POL004172,CUST000969,2024-05-23,scheduled,other,1439.84,1439.84
PAY004073,POL004173,CUST003012,2024-08-15,paid,card,1533.58,0.0
PAY004074,POL004174,CUST000541,2024-05-25,scheduled,cash,1564.06,1564.06
PAY004075,POL004175,CUST000149,2024-07-24,past_due,check,1037.24,0.0
PAY004076,POL004176,CUST004532,2025-06-21,refunded,ach,1386.25,1386.25
PAY004077,POL004177,CUST004384,2026-01-07,reversed,payroll,696.88,0.0
PAY004078,POL004178,CUST002625,2024-11-06,paid,wire,1247.94,0.0
PAY004079,POL004179,CUST003710,2025-11-25,paid,ach,748.56,748.56
PAY004080,POL004180,CUST002380,2026-08-21,past_due,other,101.14,101.14
PAY004081,POL004181,CUST002353,2025-07-23,paid,payroll,62.57,62.57
PAY004082,POL004182,CUST002819,2024-01-16,paid,ach,729.48,729.48
PAY004083,POL004183,CUST000373,2026-04-20,paid,ach,1905.29,1905.29
PAY004084,POL004184,CUST001195,2025-10-24,failed,cash,113.35,113.35
PAY004085,POL004185,CUST004254,2024-11-18,failed,other,587.12,587.12
PAY004086,POL004186,CUST004402,2025-11-03,paid,card,1020.61,0.0
PAY004087,POL004187,CUST004701,2024-04-17,past_due,card,163.37,0.0
PAY004088,POL004188,CUST004615,2025-09-16,scheduled,wire,1902.72,0.0
PAY004089,POL004189,CUST003489,2024-12-12,failed,card,363.43,363.43
PAY004090,POL004190,CUST001633,2026-02-05,past_due,wire,1124.8,1124.8
PAY004091,POL004191,CUST000330,2024-04-06,scheduled,cash,654.41,654.41
PAY004092,POL004192,CUST000123,2024-10-19,paid,cash,749.12,749.12
PAY004093,POL004193,CUST002652,2024-08-27,failed,payroll,148.28,148.28
PAY004094,POL004194,CUST000498,2026-08-14,paid,other,1835.16,0.0
PAY004095,POL004195,CUST001137,2024-09-02,paid,check,1630.3,1630.3
PAY004096,POL004196,CUST000423,2026-01-28,reversed,other,359.16,359.16
PAY004097,POL004197,CUST000691,2025-01-27,refunded,card,680.07,0.0
PAY004098,POL004198,CUST004285,2025-03-13,past_due,card,1145.67,1145.67
PAY004099,POL004199,CUST001365,2025-12-12,refunded,payroll,553.43,553.43
PAY004100,POL004200,CUST001750,2025-03-17,scheduled,check,1708.99,1708.99
PAY004101,POL004201,CUST004600,2024-03-02,refunded,wire,298.46,298.46
PAY004102,POL004202,CUST001378,2026-09-15,failed,cash,1945.76,1945.76
PAY004103,POL004203,CUST000715,2024-08-01,past_due,other,1720.21,1720.21
PAY004104,POL004204,CUST001760,2025-07-03,paid,cash,1656.36,1656.36
PAY004105,POL004205,CUST001511,2024-09-08,refunded,payroll,477.34,477.34
PAY004106,POL004206,CUST004219,2026-07-26,paid,other,394.72,394.72
PAY004107,POL004207,CUST002282,2024-01-14,past_due,check,306.43,306.43
PAY004108,POL004208,CUST001780,2025-07-03,refunded,ach,932.38,932.38
PAY004109,POL004209,CUST004501,2026-06-25,paid,card,173.33,173.33
PAY004110,POL004210,CUST003249,2026-03-11,refunded,cash,1175.47,1175.47
PAY004111,POL004211,CUST004519,2026-05-31,paid,check,113.81,0.0
PAY004112,POL004212,CUST001280,2025-10-08,past_due,wire,1915.17,1915.17
PAY004113,POL004213,CUST002081,2025-01-31,past_due,other,324.4,0.0
PAY004114,POL004214,CUST000767,2025-10-18,paid,card,281.56,281.56
PAY004115,POL004215,CUST004459,2024-06-08,scheduled,cash,1443.19,1443.19
PAY004116,POL004216,CUST000696,2024-11-25,refunded,ach,600.53,0.0
PAY004117,POL004217,CUST000310,2025-06-18,paid,wire,1431.94,0.0
PAY004118,POL004218,CUST000940,2025-01-09,failed,payroll,797.45,0.0
PAY004119,POL004219,CUST003255,2024-01-25,paid,ach,1375.83,1375.83
PAY004120,POL004220,CUST001336,2024-01-03,scheduled,check,1444.41,1444.41
PAY004121,POL004221,CUST001480,2025-02-14,reversed,check,1168.77,1168.77
PAY004122,POL004222,CUST002556,2026-08-30,refunded,cash,75.61,75.61
PAY004123,POL004223,CUST004794,2025-12-24,refunded,wire,1568.58,0.0
PAY004124,POL004224,CUST004351,2024-10-01,reversed,ach,1485.53,1485.53
PAY004125,POL004225,CUST004027,2024-08-25,paid,card,1002.56,0.0
PAY004126,POL004226,CUST001127,2026-08-23,failed,payroll,1621.86,1621.86
PAY004127,POL004227,CUST000304,2026-01-24,past_due,payroll,1619.86,0.0
PAY004128,POL004228,CUST003629,2026-04-15,reversed,ach,1418.05,1418.05
PAY004129,POL004229,CUST003907,2026-06-03,paid,cash,1728.96,1728.96
PAY004130,POL004230,CUST000750,2024-01-07,past_due,ach,1722.47,1722.47
PAY004131,POL004231,CUST001893,2025-01-08,past_due,other,1205.94,1205.94
PAY004132,POL004232,CUST000082,2025-08-10,scheduled,ach,688.83,688.83
PAY004133,POL004233,CUST002392,2024-06-25,paid,ach,453.11,453.11
PAY004134,POL004234,CUST001172,2026-02-19,paid,other,512.65,512.65
PAY004135,POL004235,CUST004661,2026-01-07,paid,check,576.05,576.05
PAY004136,POL004236,CUST000797,2024-04-27,paid,other,768.58,0.0
PAY004137,POL004237,CUST004105,2025-02-07,paid,payroll,1065.51,1065.51
PAY004138,POL004238,CUST002180,2026-04-15,paid,other,1763.74,1763.74
PAY004139,POL004239,CUST003345,2024-03-22,scheduled,ach,830.74,0.0
PAY004140,POL004240,CUST000345,2024-09-08,paid,other,1948.92,1948.92
PAY004141,POL004241,CUST001975,2025-10-09,failed,card,1057.73,1057.73
PAY004142,POL004242,CUST004896,2024-03-11,failed,other,657.76,0.0
PAY004143,POL004243,CUST003458,2024-12-22,paid,cash,1879.42,0.0
PAY004144,POL004244,CUST000761,2025-05-27,reversed,cash,1723.45,1723.45
PAY004145,POL004245,CUST001741,2026-05-26,scheduled,cash,1858.01,1858.01
PAY004146,POL004246,CUST002096,2026-08-06,paid,cash,1724.6,1724.6
PAY004147,POL004247,CUST002351,2024-10-01,failed,wire,63.98,63.98
PAY004148,POL004248,CUST000134,2025-01-20,scheduled,wire,1871.65,1871.65
PAY004149,POL004249,CUST002740,2026-09-06,refunded,payroll,1160.69,1160.69
PAY004150,POL004250,CUST002997,2025-11-27,paid,other,827.11,827.11
PAY004151,POL004251,CUST000702,2025-05-28,paid,payroll,855.22,855.22
PAY004152,POL004252,CUST004724,2026-01-31,reversed,ach,649.86,649.86
PAY004153,POL004253,CUST002094,2024-11-20,failed,cash,1669.21,1669.21
PAY004154,POL004254,CUST004837,2025-12-27,past_due,payroll,1454.07,1454.07
PAY004155,POL004255,CUST002232,2024-10-16,paid,payroll,1676.57,0.0
PAY004156,POL004256,CUST000307,2026-08-09,paid,payroll,972.21,0.0
PAY004157,POL004257,CUST001223,2025-01-31,paid,check,1015.73,1015.73
PAY004158,POL004258,CUST001567,2024-12-31,past_due,other,1159.33,0.0
PAY004159,POL004259,CUST004697,2024-04-05,scheduled,wire,1989.36,1989.36
PAY004160,POL004260,CUST001417,2026-06-16,paid,check,773.37,0.0
PAY004161,POL004261,CUST003207,2024-11-04,paid,payroll,1272.69,0.0
PAY004162,POL004262,CUST000707,2026-09-06,past_due,ach,1161.91,1161.91
PAY004163,POL004263,CUST000363,2025-07-23,paid,cash,783.49,783.49
PAY004164,POL004264,CUST003252,2025-09-09,past_due,wire,1189.47,0.0
PAY004165,POL004265,CUST001279,2026-05-15,paid,payroll,700.81,700.81
PAY004166,POL004266,CUST004469,2024-10-08,paid,card,235.44,235.44
PAY004167,POL004267,CUST003346,2026-02-17,failed,check,1092.93,1092.93
PAY004168,POL004268,CUST003918,2026-08-10,refunded,wire,1087.61,1087.61
PAY004169,POL004269,CUST002109,2024-04-10,paid,payroll,1468.8,1468.8
PAY004170,POL004270,CUST001833,2025-03-06,refunded,payroll,1400.2,0.0
PAY004171,POL004271,CUST000611,2026-02-11,past_due,wire,940.54,0.0
PAY004172,POL004272,CUST003123,2024-12-16,scheduled,card,944.01,944.01
PAY004173,POL004273,CUST003090,2024-05-13,reversed,wire,457.45,0.0
PAY004174,POL004274,CUST002113,2025-06-21,past_due,payroll,869.16,869.16
PAY004175,POL004275,CUST000925,2025-01-28,past_due,card,1499.34,1499.34
PAY004176,POL004276,CUST004571,2025-04-03,paid,ach,1876.76,1876.76
PAY004177,POL004277,CUST000506,2024-03-04,failed,ach,1279.58,1279.58
PAY004178,POL004278,CUST001548,2024-07-17,failed,payroll,1678.65,1678.65
PAY004179,POL004279,CUST002256,2026-03-26,past_due,other,768.99,768.99
PAY004180,POL004280,CUST003673,2025-11-09,paid,wire,489.78,489.78
PAY004181,POL004281,CUST002687,2024-06-03,reversed,other,1300.55,1300.55
PAY004182,POL004282,CUST003078,2024-09-29,refunded,check,1864.74,1864.74
PAY004183,POL004283,CUST003986,2026-08-16,paid,payroll,1348.12,1348.12
PAY004184,POL004284,CUST004886,2024-04-22,paid,card,1976.88,1976.88
PAY004185,POL004285,CUST002035,2024-09-12,reversed,other,1735.28,1735.28
PAY004186,POL004286,CUST001751,2026-08-19,reversed,check,116.05,116.05
PAY004187,POL004287,CUST001674,2024-06-14,past_due,payroll,1795.89,1795.89
PAY004188,POL004288,CUST000651,2025-08-03,refunded,check,1650.1,1650.1
PAY004189,POL004289,CUST001564,2024-10-19,past_due,check,394.12,394.12
PAY004190,POL004290,CUST001395,2024-01-21,scheduled,other,523.42,523.42
PAY004191,POL004291,CUST000987,2024-11-15,paid,ach,978.5,978.5
PAY004192,POL004292,CUST000441,2024-10-04,paid,ach,698.65,698.65
PAY004193,POL004293,CUST000153,2026-04-02,scheduled,payroll,1876.78,1876.78
PAY004194,POL004294,CUST004281,2025-06-25,past_due,payroll,488.5,488.5
PAY004195,POL004295,CUST002327,2026-05-04,refunded,ach,607.26,607.26
PAY004196,POL004296,CUST004236,2024-01-17,refunded,payroll,1625.69,1625.69
PAY004197,POL004297,CUST003190,2024-07-04,scheduled,check,1658.34,1658.34
PAY004198,POL004298,CUST001210,2026-06-10,paid,wire,123.91,123.91
PAY004199,POL004299,CUST004115,2025-09-20,scheduled,other,1890.02,1890.02
PAY004200,POL004300,CUST003438,2026-05-26,paid,wire,1113.77,1113.77
PAY004201,POL004301,CUST004445,2025-09-28,reversed,ach,787.06,0.0
PAY004202,POL004302,CUST004892,2024-01-09,scheduled,wire,1934.46,1934.46
PAY004203,POL004303,CUST003378,2026-02-04,paid,card,819.54,819.54
PAY004204,POL004304,CUST001024,2024-04-26,paid,card,1646.19,1646.19
PAY004205,POL004305,CUST004812,2025-11-23,failed,check,413.25,413.25
PAY004206,POL004306,CUST003857,2025-12-22,paid,ach,573.18,573.18
PAY004207,POL004307,CUST002544,2025-09-28,paid,other,784.62,784.62
PAY004208,POL004308,CUST000016,2026-09-09,reversed,payroll,1078.75,1078.75
PAY004209,POL004309,CUST001173,2024-02-09,paid,check,212.38,212.38
PAY004210,POL004310,CUST002150,2025-12-27,paid,card,1190.75,1190.75
PAY004211,POL004311,CUST004154,2024-01-17,past_due,wire,1965.83,0.0
PAY004212,POL004312,CUST004446,2026-07-26,paid,check,55.87,55.87
PAY004213,POL004313,CUST003911,2025-06-19,paid,payroll,810.91,810.91
PAY004214,POL004314,CUST003472,2025-10-06,paid,ach,1233.07,0.0
PAY004215,POL004315,CUST001784,2026-05-23,refunded,check,444.02,444.02
PAY004216,POL004316,CUST001344,2025-01-17,paid,card,758.62,758.62
PAY004217,POL004317,CUST003087,2026-02-09,paid,cash,660.47,660.47
PAY004218,POL004318,CUST001795,2025-07-09,refunded,payroll,759.71,759.71
PAY004219,POL004319,CUST003642,2024-11-26,paid,ach,163.19,0.0
PAY004220,POL004320,CUST002163,2025-04-12,paid,wire,813.2,813.2
PAY004221,POL004321,CUST003817,2024-10-06,past_due,ach,1895.54,1895.54
PAY004222,POL004322,CUST002576,2024-12-16,past_due,other,811.78,811.78
PAY004223,POL004323,CUST003954,2025-09-27,failed,check,1199.17,1199.17
PAY004224,POL004324,CUST004591,2024-10-16,paid,payroll,1176.7,1176.7
PAY004225,POL004325,CUST000312,2024-03-21,refunded,payroll,1300.83,1300.83
PAY004226,POL004326,CUST004734,2025-04-07,refunded,wire,172.12,172.12
PAY004227,POL004327,CUST002036,2026-04-24,scheduled,ach,1207.99,1207.99
PAY004228,POL004328,CUST001198,2024-02-04,reversed,check,1915.18,1915.18
PAY004229,POL004329,CUST002899,2025-08-05,paid,wire,1101.36,1101.36
PAY004230,POL004330,CUST003066,2024-05-17,scheduled,payroll,808.28,808.28
PAY004231,POL004331,CUST002851,2024-11-22,reversed,other,659.69,659.69
PAY004232,POL004332,CUST004568,2024-04-10,past_due,other,1003.37,0.0
PAY004233,POL004333,CUST000134,2024-12-13,paid,cash,1216.07,0.0
PAY004234,POL004334,CUST000442,2026-04-20,paid,wire,528.53,528.53
PAY004235,POL004335,CUST002733,2024-06-21,refunded,wire,1508.04,1508.04
PAY004236,POL004336,CUST000547,2024-07-12,paid,wire,1357.38,1357.38
PAY004237,POL004337,CUST001527,2024-06-05,paid,other,1882.55,0.0
PAY004238,POL004338,CUST003786,2025-06-30,paid,check,1358.97,1358.97
PAY004239,POL004339,CUST003062,2025-07-10,refunded,other,112.65,112.65
PAY004240,POL004340,CUST001931,2025-07-16,reversed,check,1887.68,0.0
PAY004241,POL004341,CUST004635,2024-06-22,scheduled,other,614.4,614.4
PAY004242,POL004342,CUST000408,2024-10-17,scheduled,wire,1965.94,0.0
PAY004243,POL004343,CUST003873,2024-09-09,paid,other,475.05,475.05
PAY004244,POL004344,CUST002359,2024-12-25,reversed,check,68.32,68.32
PAY004245,POL004345,CUST001495,2025-11-22,paid,ach,452.59,452.59
PAY004246,POL004346,CUST004589,2025-05-11,paid,payroll,1570.05,1570.05
PAY004247,POL004347,CUST000939,2024-12-21,reversed,payroll,885.94,0.0
PAY004248,POL004348,CUST001562,2025-02-08,failed,ach,303.39,303.39
PAY004249,POL004349,CUST001011,2025-01-15,scheduled,ach,1414.83,1414.83
PAY004250,POL004350,CUST000449,2024-11-11,paid,wire,486.16,486.16
PAY004251,POL004351,CUST001777,2025-01-08,past_due,ach,281.02,281.02
PAY004252,POL004352,CUST004594,2025-03-10,paid,ach,338.72,338.72
PAY004253,POL004353,CUST002814,2024-07-24,paid,cash,847.25,847.25
PAY004254,POL004354,CUST004427,2026-05-04,reversed,check,1352.9,0.0
PAY004255,POL004355,CUST000797,2025-02-10,failed,payroll,1747.84,1747.84
PAY004256,POL004356,CUST004229,2025-03-17,past_due,other,1657.69,1657.69
PAY004257,POL004357,CUST001200,2025-01-25,past_due,ach,1642.64,0.0
PAY004258,POL004358,CUST002379,2025-07-07,scheduled,card,1903.26,1903.26
PAY004259,POL004359,CUST004524,2026-04-05,past_due,other,534.16,534.16
PAY004260,POL004360,CUST003152,2025-04-05,paid,cash,1510.52,1510.52
PAY004261,POL004361,CUST004398,2025-12-20,scheduled,ach,162.11,162.11
PAY004262,POL004362,CUST004475,2026-09-06,past_due,cash,1279.72,1279.72
PAY004263,POL004363,CUST002199,2024-09-13,refunded,other,604.35,604.35
PAY004264,POL004364,CUST004974,2025-05-26,reversed,payroll,908.64,0.0
PAY004265,POL004365,CUST004832,2025-03-13,paid,other,1714.52,1714.52
PAY004266,POL004366,CUST002072,2025-02-10,refunded,card,587.97,587.97
PAY004267,POL004367,CUST000041,2024-09-27,paid,check,756.94,756.94
PAY004268,POL004368,CUST004115,2025-03-21,paid,card,1776.83,1776.83
PAY004269,POL004369,CUST001382,2026-05-17,past_due,cash,1822.38,0.0
PAY004270,POL004370,CUST002537,2025-07-04,reversed,payroll,312.03,312.03
PAY004271,POL004371,CUST001225,2026-02-05,paid,wire,385.98,0.0
PAY004272,POL004372,CUST003642,2026-07-09,paid,ach,503.65,503.65
PAY004273,POL004373,CUST004480,2025-03-02,paid,other,1946.21,1946.21
PAY004274,POL004374,CUST000451,2024-07-16,paid,cash,571.32,571.32
PAY004275,POL004375,CUST002193,2025-05-08,failed,wire,132.65,132.65
PAY004276,POL004376,CUST001099,2026-01-02,reversed,payroll,1881.31,1881.31
PAY004277,POL004377,CUST002719,2024-07-01,failed,card,682.57,0.0
PAY004278,POL004378,CUST001081,2024-07-21,paid,other,1159.23,1159.23
PAY004279,POL004379,CUST002798,2025-03-11,reversed,other,859.8,859.8
PAY004280,POL004380,CUST000090,2024-07-08,paid,wire,103.53,103.53
PAY004281,POL004381,CUST004269,2024-10-13,failed,ach,904.57,904.57
PAY004282,POL004382,CUST003751,2024-02-18,scheduled,check,1760.19,1760.19
PAY004283,POL004383,CUST003520,2026-05-28,paid,wire,649.77,649.77
PAY004284,POL004384,CUST002909,2026-05-15,failed,cash,1384.7,1384.7
PAY004285,POL004385,CUST004033,2025-03-31,scheduled,other,342.13,342.13
PAY004286,POL004386,CUST004977,2024-03-23,paid,check,954.15,954.15
PAY004287,POL004387,CUST000725,2026-08-09,refunded,card,1340.36,1340.36
PAY004288,POL004388,CUST001583,2024-11-05,reversed,other,1247.68,1247.68
PAY004289,POL004389,CUST004455,2024-07-26,failed,wire,543.67,543.67
PAY004290,POL004390,CUST000323,2025-11-01,paid,check,1910.28,1910.28
PAY004291,POL004391,CUST003875,2025-03-09,paid,check,1608.59,1608.59
PAY004292,POL004392,CUST000668,2025-03-06,paid,cash,1194.26,1194.26
PAY004293,POL004393,CUST000264,2025-09-25,past_due,wire,1520.95,1520.95
PAY004294,POL004394,CUST003795,2024-07-25,scheduled,cash,1510.44,0.0
PAY004295,POL004395,CUST003838,2025-05-04,scheduled,ach,883.68,883.68
PAY004296,POL004396,CUST003058,2024-02-04,refunded,cash,1956.74,1956.74
PAY004297,POL004397,CUST003981,2024-08-10,paid,other,1990.57,1990.57
PAY004298,POL004398,CUST004059,2026-03-24,paid,ach,1751.61,1751.61
PAY004299,POL004399,CUST001277,2024-05-14,refunded,ach,1936.55,1936.55
PAY004300,POL004400,CUST003163,2025-06-09,paid,wire,1135.14,1135.14
PAY004301,POL004401,CUST004619,2025-12-04,paid,card,247.65,0.0
PAY004302,POL004402,CUST002660,2024-10-30,scheduled,payroll,59.22,0.0
PAY004303,POL004403,CUST003304,2026-07-07,paid,other,1336.35,0.0
PAY004304,POL004404,CUST004985,2024-09-23,past_due,card,290.73,290.73
PAY004305,POL004405,CUST001880,2026-09-05,paid,payroll,1738.3,0.0
PAY004306,POL004406,CUST003919,2026-07-18,scheduled,payroll,1863.5,1863.5
PAY004307,POL004407,CUST003411,2025-05-26,paid,payroll,406.66,406.66
PAY004308,POL004408,CUST000204,2024-01-13,paid,payroll,1093.87,1093.87
PAY004309,POL004409,CUST000791,2026-05-04,paid,ach,398.52,398.52
PAY004310,POL004410,CUST002358,2025-09-12,reversed,wire,1660.23,0.0
PAY004311,POL004411,CUST003610,2025-06-18,paid,ach,903.79,0.0
PAY004312,POL004412,CUST001025,2025-11-17,paid,payroll,154.0,0.0
PAY004313,POL004413,CUST004102,2024-05-07,refunded,ach,1128.35,1128.35
PAY004314,POL004414,CUST000053,2025-10-07,refunded,cash,268.99,268.99
PAY004315,POL004415,CUST000428,2024-12-03,reversed,wire,127.99,127.99
PAY004316,POL004416,CUST000509,2024-10-08,refunded,ach,1884.91,0.0
PAY004317,POL004417,CUST003643,2024-03-23,paid,cash,265.82,0.0
PAY004318,POL004418,CUST003208,2026-08-20,failed,other,251.19,251.19
PAY004319,POL004419,CUST004277,2024-11-03,scheduled,other,1668.33,0.0
PAY004320,POL004420,CUST000368,2026-07-07,scheduled,ach,602.17,0.0
PAY004321,POL004421,CUST002386,2026-07-02,paid,card,1707.04,1707.04
PAY004322,POL004422,CUST004789,2024-09-21,failed,wire,1560.34,0.0
PAY004323,POL004423,CUST000760,2026-08-08,refunded,cash,897.93,897.93
PAY004324,POL004424,CUST003526,2026-05-31,paid,ach,591.45,591.45
PAY004325,POL004425,CUST003581,2025-10-22,paid,other,456.36,456.36
PAY004326,POL004426,CUST002019,2024-06-11,paid,cash,446.25,446.25
PAY004327,POL004427,CUST004542,2024-12-30,past_due,cash,690.5,690.5
PAY004328,POL004428,CUST001981,2025-06-18,paid,ach,522.58,0.0
PAY004329,POL004429,CUST002729,2025-03-06,reversed,payroll,260.6,0.0
PAY004330,POL004430,CUST004560,2024-07-11,reversed,card,427.18,427.18
PAY004331,POL004431,CUST002312,2024-09-22,failed,cash,870.6,870.6
PAY004332,POL004432,CUST000287,2025-06-20,past_due,other,1421.7,0.0
PAY004333,POL004433,CUST003079,2024-02-03,paid,payroll,1306.32,1306.32
PAY004334,POL004434,CUST004440,2025-03-26,paid,wire,1728.09,1728.09
PAY004335,POL004435,CUST002449,2025-06-25,paid,cash,1466.2,1466.2
PAY004336,POL004436,CUST002975,2026-05-07,reversed,cash,1563.28,0.0
PAY004337,POL004437,CUST001662,2025-04-24,failed,check,934.69,934.69
PAY004338,POL004438,CUST003172,2025-06-29,reversed,wire,344.81,0.0
PAY004339,POL004439,CUST000520,2024-10-30,past_due,card,556.85,556.85
PAY004340,POL004440,CUST001968,2026-04-19,paid,check,1386.87,1386.87
PAY004341,POL004441,CUST003165,2024-04-04,reversed,ach,365.74,365.74
PAY004342,POL004442,CUST004933,2024-01-04,paid,card,1341.92,1341.92
PAY004343,POL004443,CUST003782,2024-06-09,scheduled,cash,1084.82,1084.82
PAY004344,POL004444,CUST004836,2026-02-16,failed,ach,628.07,628.07
PAY004345,POL004445,CUST002765,2026-05-25,paid,payroll,1404.27,1404.27
PAY004346,POL004446,CUST002449,2024-12-20,paid,check,483.75,0.0
PAY004347,POL004447,CUST004199,2024-12-17,reversed,cash,78.1,78.1
PAY004348,POL004448,CUST002653,2024-07-16,past_due,wire,1703.21,0.0
PAY004349,POL004449,CUST000583,2026-03-07,failed,cash,389.26,0.0
PAY004350,POL004450,CUST002583,2024-12-15,scheduled,check,1269.17,1269.17
PAY004351,POL004451,CUST001555,2025-03-22,paid,wire,624.57,624.57
PAY004352,POL004452,CUST001862,2024-01-04,refunded,check,530.46,530.46
PAY004353,POL004453,CUST001693,2024-06-02,reversed,check,1526.64,1526.64
PAY004354,POL004454,CUST001022,2025-11-28,scheduled,cash,987.58,987.58
PAY004355,POL004455,CUST001244,2025-10-13,paid,wire,836.58,836.58
PAY004356,POL004456,CUST004500,2024-05-11,scheduled,wire,1823.45,1823.45
PAY004357,POL004457,CUST001693,2025-08-27,paid,cash,1060.2,1060.2
PAY004358,POL004458,CUST004954,2024-10-09,paid,cash,1741.3,1741.3
PAY004359,POL004459,CUST000173,2024-01-10,failed,payroll,508.02,0.0
PAY004360,POL004460,CUST004149,2024-12-20,paid,wire,395.06,0.0
PAY004361,POL004461,CUST002604,2025-06-16,scheduled,cash,717.33,717.33
PAY004362,POL004462,CUST003025,2025-04-09,refunded,other,719.91,719.91
PAY004363,POL004463,CUST003703,2026-05-31,scheduled,check,1088.24,1088.24
PAY004364,POL004464,CUST004559,2025-03-20,reversed,ach,1479.21,1479.21
PAY004365,POL004465,CUST002240,2025-08-21,paid,ach,230.79,230.79
PAY004366,POL004466,CUST003126,2024-08-23,paid,card,773.52,773.52
PAY004367,POL004467,CUST003865,2024-04-01,reversed,ach,223.24,0.0
PAY004368,POL004468,CUST002095,2025-06-30,scheduled,other,250.8,250.8
PAY004369,POL004469,CUST002468,2024-04-05,scheduled,card,183.6,183.6
PAY004370,POL004470,CUST001559,2025-08-31,scheduled,wire,886.58,886.58
PAY004371,POL004471,CUST003209,2026-01-29,scheduled,cash,1838.75,1838.75
PAY004372,POL004472,CUST000874,2024-08-10,past_due,wire,1227.75,1227.75
PAY004373,POL004473,CUST002789,2024-02-18,scheduled,other,533.47,533.47
PAY004374,POL004474,CUST001543,2025-02-03,paid,other,1367.66,0.0
PAY004375,POL004475,CUST002823,2026-04-10,paid,other,110.37,110.37
PAY004376,POL004476,CUST003883,2026-07-13,refunded,cash,799.51,799.51
PAY004377,POL004477,CUST002387,2026-08-24,refunded,ach,1653.82,1653.82
PAY004378,POL004478,CUST004795,2026-01-04,past_due,card,483.85,483.85
PAY004379,POL004479,CUST000403,2025-01-29,past_due,card,884.58,884.58
PAY004380,POL004480,CUST001441,2024-07-26,failed,other,1229.6,0.0
PAY004381,POL004481,CUST004828,2024-06-29,paid,wire,1318.25,1318.25
PAY004382,POL004482,CUST002883,2026-07-07,refunded,other,1206.58,1206.58
PAY004383,POL004483,CUST002465,2024-01-16,reversed,other,1882.31,1882.31
PAY004384,POL004484,CUST002358,2026-03-09,past_due,ach,800.07,800.07
PAY004385,POL004485,CUST004062,2024-09-06,paid,wire,1434.0,1434.0
PAY004386,POL004486,CUST001065,2025-06-25,paid,check,1051.57,1051.57
PAY004387,POL004487,CUST004156,2024-02-25,paid,card,1471.88,1471.88
PAY004388,POL004488,CUST000388,2026-07-18,reversed,ach,493.01,493.01
PAY004389,POL004489,CUST002253,2024-10-12,paid,cash,1029.85,1029.85
PAY004390,POL004490,CUST004642,2026-06-12,paid,card,1798.09,1798.09
PAY004391,POL004491,CUST000244,2024-01-13,refunded,other,1111.47,1111.47
PAY004392,POL004492,CUST001863,2026-02-20,past_due,payroll,1359.46,0.0
PAY004393,POL004493,CUST003461,2026-05-06,past_due,other,1465.74,1465.74
PAY004394,POL004494,CUST002109,2024-04-15,reversed,cash,1934.16,0.0
PAY004395,POL004495,CUST000399,2024-09-22,refunded,card,835.01,835.01
PAY004396,POL004496,CUST001387,2026-01-31,scheduled,cash,1749.98,1749.98
PAY004397,POL004497,CUST002757,2024-08-31,refunded,card,1490.03,1490.03
PAY004398,POL004498,CUST000263,2025-12-30,paid,other,1983.33,1983.33
PAY004399,POL004499,CUST003437,2025-10-29,past_due,payroll,218.76,218.76
PAY004400,POL004500,CUST002486,2026-02-19,past_due,other,619.51,619.51
PAY004401,POL004501,CUST003604,2025-10-08,scheduled,check,1298.67,1298.67
PAY004402,POL004502,CUST001035,2024-01-01,paid,ach,1271.65,1271.65
PAY004403,POL004503,CUST000902,2024-03-06,paid,other,1990.36,1990.36
PAY004404,POL004504,CUST001149,2024-12-01,scheduled,ach,1575.67,1575.67
PAY004405,POL004505,CUST003041,2025-11-03,paid,check,1035.64,1035.64
PAY004406,POL004506,CUST004403,2024-11-06,scheduled,card,701.5,701.5
PAY004407,POL004507,CUST003823,2025-07-09,reversed,payroll,1833.26,0.0
PAY004408,POL004508,CUST002164,2024-01-14,paid,other,661.06,661.06
PAY004409,POL004509,CUST004916,2025-08-16,paid,card,291.7,291.7
PAY004410,POL004510,CUST003631,2026-05-06,paid,ach,1522.29,1522.29
PAY004411,POL004511,CUST001309,2026-09-03,paid,payroll,1409.57,1409.57
PAY004412,POL004512,CUST000166,2024-07-07,failed,cash,431.69,0.0
PAY004413,POL004513,CUST004428,2026-01-27,paid,card,1005.14,1005.14
PAY004414,POL004514,CUST001996,2025-11-10,scheduled,check,139.02,139.02
PAY004415,POL004515,CUST003750,2026-05-22,past_due,card,837.62,837.62
PAY004416,POL004516,CUST000128,2024-02-18,paid,cash,1161.74,1161.74
PAY004417,POL004517,CUST004259,2026-07-28,reversed,card,519.66,519.66
PAY004418,POL004518,CUST004681,2025-04-25,reversed,card,1004.27,1004.27
PAY004419,POL004519,CUST004689,2024-11-10,failed,cash,1218.27,0.0
PAY004420,POL004520,CUST001595,2025-10-11,refunded,card,1007.16,1007.16
PAY004421,POL004521,CUST004894,2025-09-28,refunded,check,325.64,325.64
PAY004422,POL004522,CUST001499,2025-03-28,paid,check,498.77,498.77
PAY004423,POL004523,CUST001994,2025-10-26,refunded,ach,1855.42,1855.42
PAY004424,POL004524,CUST001068,2025-04-14,failed,payroll,935.1,0.0
PAY004425,POL004525,CUST001228,2024-12-31,refunded,cash,1778.99,1778.99
PAY004426,POL004526,CUST002067,2026-06-05,paid,other,847.25,0.0
PAY004427,POL004527,CUST001459,2026-04-03,reversed,check,656.13,656.13
PAY004428,POL004528,CUST003818,2024-04-08,paid,payroll,1672.29,1672.29
PAY004429,POL004529,CUST004553,2024-04-24,refunded,ach,985.33,0.0
PAY004430,POL004530,CUST001483,2026-08-01,scheduled,check,1801.6,1801.6
PAY004431,POL004531,CUST001810,2026-06-17,reversed,ach,1110.94,1110.94
PAY004432,POL004532,CUST002329,2025-02-13,past_due,payroll,1192.67,1192.67
PAY004433,POL004533,CUST002015,2024-06-03,refunded,other,443.45,443.45
PAY004434,POL004534,CUST004977,2024-03-30,paid,check,983.22,983.22
PAY004435,POL004535,CUST004684,2025-12-29,refunded,payroll,1607.43,1607.43
PAY004436,POL004536,CUST002758,2024-04-24,paid,check,1630.15,1630.15
PAY004437,POL004537,CUST001238,2024-02-09,paid,wire,556.32,556.32
PAY004438,POL004538,CUST004453,2025-08-10,past_due,wire,1527.72,1527.72
PAY004439,POL004539,CUST001230,2025-11-20,scheduled,other,711.63,0.0
PAY004440,POL004540,CUST000689,2025-06-25,paid,other,1105.85,0.0
PAY004441,POL004541,CUST004403,2025-07-27,reversed,payroll,462.91,462.91
PAY004442,POL004542,CUST001216,2025-04-25,scheduled,check,1996.96,1996.96
PAY004443,POL004543,CUST000323,2026-05-28,failed,wire,584.62,584.62
PAY004444,POL004544,CUST004344,2026-07-12,reversed,card,1413.71,1413.71
PAY004445,POL004545,CUST004854,2025-01-17,past_due,other,194.04,194.04
PAY004446,POL004546,CUST003040,2025-10-08,reversed,wire,1596.24,0.0
PAY004447,POL004547,CUST003339,2024-02-15,paid,payroll,1415.0,0.0
PAY004448,POL004548,CUST000894,2025-04-16,scheduled,ach,421.52,0.0
PAY004449,POL004549,CUST001838,2024-07-31,failed,cash,1735.72,1735.72
PAY004450,POL004550,CUST000209,2024-10-13,paid,wire,1326.27,1326.27
PAY004451,POL004551,CUST000992,2026-02-07,scheduled,cash,854.48,0.0
PAY004452,POL004552,CUST004426,2025-07-19,paid,other,1246.54,1246.54
PAY004453,POL004553,CUST002597,2024-11-26,paid,check,1110.28,1110.28
PAY004454,POL004554,CUST000695,2025-12-03,failed,card,919.11,919.11
PAY004455,POL004555,CUST004758,2025-10-22,reversed,wire,826.72,826.72
PAY004456,POL004556,CUST003928,2025-10-24,refunded,payroll,276.1,276.1
PAY004457,POL004557,CUST004426,2025-08-18,paid,ach,1358.78,1358.78
PAY004458,POL004558,CUST002496,2025-04-28,refunded,wire,1133.95,1133.95
PAY004459,POL004559,CUST004402,2026-05-01,paid,check,1063.97,1063.97
PAY004460,POL004560,CUST004871,2024-12-25,refunded,wire,726.35,726.35
PAY004461,POL004561,CUST001713,2026-05-06,failed,ach,610.84,610.84
PAY004462,POL004562,CUST002396,2025-06-28,refunded,wire,1059.23,0.0
PAY004463,POL004563,CUST000225,2024-08-19,past_due,payroll,472.72,472.72
PAY004464,POL004564,CUST000244,2024-05-08,scheduled,ach,194.7,194.7
PAY004465,POL004565,CUST001561,2025-11-20,past_due,card,1530.32,1530.32
PAY004466,POL004566,CUST001072,2025-03-27,past_due,check,1708.51,1708.51
PAY004467,POL004567,CUST003376,2025-08-21,scheduled,ach,458.67,0.0
PAY004468,POL004568,CUST003487,2026-06-22,reversed,check,1168.87,1168.87
PAY004469,POL004569,CUST000156,2024-05-16,paid,card,1850.56,1850.56
PAY004470,POL004570,CUST001656,2025-02-27,past_due,payroll,1329.73,0.0
PAY004471,POL004571,CUST003754,2025-04-30,paid,wire,1830.75,1830.75
PAY004472,POL004572,CUST004175,2025-09-30,failed,other,1968.38,1968.38
PAY004473,POL004573,CUST000498,2026-05-30,failed,cash,1141.98,1141.98
PAY004474,POL004574,CUST002824,2024-09-11,paid,card,1909.49,0.0
PAY004475,POL004575,CUST003511,2026-03-11,paid,ach,543.49,543.49
PAY004476,POL004576,CUST000822,2025-06-30,paid,payroll,1343.84,0.0
PAY004477,POL004577,CUST002146,2026-07-18,scheduled,check,551.27,551.27
PAY004478,POL004578,CUST002723,2025-12-26,paid,check,742.43,742.43
PAY004479,POL004579,CUST002320,2026-01-28,paid,other,1800.81,1800.81
PAY004480,POL004580,CUST003777,2025-04-28,paid,wire,1788.0,1788.0
PAY004481,POL004581,CUST004616,2024-12-27,paid,cash,209.27,209.27
PAY004482,POL004582,CUST002944,2026-01-18,paid,check,439.97,0.0
PAY004483,POL004583,CUST001134,2024-10-01,paid,check,1626.34,0.0
PAY004484,POL004584,CUST000413,2025-11-02,paid,cash,734.81,734.81
PAY004485,POL004585,CUST002976,2026-03-21,paid,wire,197.84,0.0
PAY004486,POL004586,CUST002116,2024-08-06,scheduled,check,660.37,0.0
PAY004487,POL004587,CUST002987,2024-06-05,refunded,check,1758.59,1758.59
PAY004488,POL004588,CUST002832,2024-05-08,paid,wire,1570.29,1570.29
PAY004489,POL004589,CUST002465,2025-09-30,scheduled,check,901.49,901.49
PAY004490,POL004590,CUST000144,2025-12-24,past_due,wire,1758.26,1758.26
PAY004491,POL004591,CUST000712,2024-05-26,reversed,cash,343.81,343.81
PAY004492,POL004592,CUST004673,2026-05-18,past_due,wire,131.02,0.0
PAY004493,POL004593,CUST001506,2025-11-17,failed,other,653.79,653.79
PAY004494,POL004594,CUST003761,2024-10-21,past_due,ach,1623.19,0.0
PAY004495,POL004595,CUST000029,2026-05-05,paid,payroll,120.4,120.4
PAY004496,POL004596,CUST002492,2025-03-28,scheduled,ach,256.0,0.0
PAY004497,POL004597,CUST000551,2026-05-19,reversed,cash,1104.77,1104.77
PAY004498,POL004598,CUST000521,2025-03-13,reversed,cash,1631.75,1631.75
PAY004499,POL004599,CUST001345,2024-06-17,paid,wire,607.7,0.0
PAY004500,POL004600,CUST002005,2025-12-29,paid,payroll,88.67,88.67
PAY004501,POL004601,CUST003022,2025-08-17,paid,wire,949.27,949.27
PAY004502,POL004602,CUST002420,2024-12-16,refunded,card,523.91,0.0
PAY004503,POL004603,CUST003248,2025-03-23,paid,card,729.83,729.83
PAY004504,POL004604,CUST002700,2025-04-17,scheduled,check,1447.29,0.0
PAY004505,POL004605,CUST003195,2025-10-31,past_due,wire,999.33,999.33
PAY004506,POL004606,CUST001193,2024-11-11,past_due,other,417.7,0.0
PAY004507,POL004607,CUST003020,2026-09-14,reversed,payroll,532.04,532.04
PAY004508,POL004608,CUST001004,2026-05-18,failed,card,1271.95,1271.95
PAY004509,POL004609,CUST003794,2025-01-27,failed,ach,1306.72,1306.72
PAY004510,POL004610,CUST002788,2025-02-04,refunded,ach,1295.34,0.0
PAY004511,POL004611,CUST004673,2025-07-25,refunded,ach,658.31,0.0
PAY004512,POL004612,CUST001505,2025-03-22,refunded,check,219.83,219.83
PAY004513,POL004613,CUST002322,2026-05-11,reversed,check,95.55,95.55
PAY004514,POL004614,CUST000685,2024-07-25,refunded,cash,474.56,474.56
PAY004515,POL004615,CUST004903,2025-05-10,paid,check,947.79,947.79
PAY004516,POL004616,CUST001768,2024-06-26,scheduled,other,1480.31,0.0
PAY004517,POL004617,CUST003849,2026-04-16,reversed,ach,445.01,445.01
PAY004518,POL004618,CUST002317,2026-07-29,failed,payroll,886.49,886.49
PAY004519,POL004619,CUST000818,2026-03-23,reversed,cash,949.07,949.07
PAY004520,POL004620,CUST000454,2025-03-07,refunded,check,584.64,584.64
PAY004521,POL004621,CUST004541,2024-07-17,paid,ach,1966.16,0.0
PAY004522,POL004622,CUST003039,2026-04-04,reversed,cash,547.16,547.16
PAY004523,POL004623,CUST003079,2024-05-16,scheduled,ach,563.42,0.0
PAY004524,POL004624,CUST003532,2025-11-25,paid,check,626.01,626.01
PAY004525,POL004625,CUST001833,2026-01-08,refunded,payroll,499.58,499.58
PAY004526,POL004626,CUST004976,2024-05-08,paid,cash,1309.16,1309.16
PAY004527,POL004627,CUST004054,2024-02-14,failed,other,1424.76,0.0
PAY004528,POL004628,CUST002121,2026-07-15,failed,payroll,1978.33,1978.33
PAY004529,POL004629,CUST003414,2025-05-21,past_due,payroll,1384.27,0.0
PAY004530,POL004630,CUST001042,2024-05-06,paid,cash,415.72,415.72
PAY004531,POL004631,CUST002780,2024-09-10,paid,cash,1186.21,1186.21
PAY004532,POL004632,CUST000716,2026-05-03,paid,payroll,878.0,0.0
PAY004533,POL004633,CUST002468,2025-07-24,refunded,card,1019.22,1019.22
PAY004534,POL004634,CUST003919,2026-03-10,paid,wire,1772.4,1772.4
PAY004535,POL004635,CUST000139,2024-06-15,paid,wire,823.04,823.04
PAY004536,POL004636,CUST003423,2024-06-05,paid,payroll,745.01,0.0
PAY004537,POL004637,CUST000330,2025-08-25,scheduled,payroll,1725.68,0.0
PAY004538,POL004638,CUST003158,2024-04-13,past_due,check,519.63,519.63
PAY004539,POL004639,CUST004486,2025-09-23,past_due,cash,1380.95,0.0
PAY004540,POL004640,CUST001592,2025-07-17,paid,card,1218.53,1218.53
PAY004541,POL004641,CUST001745,2024-04-06,paid,check,1492.84,1492.84
PAY004542,POL004642,CUST002430,2025-08-31,failed,payroll,727.32,0.0
PAY004543,POL004643,CUST000801,2024-07-23,refunded,card,1098.28,1098.28
PAY004544,POL004644,CUST001588,2024-01-22,refunded,payroll,782.18,782.18
PAY004545,POL004645,CUST004219,2024-02-04,failed,other,1578.03,0.0
PAY004546,POL004646,CUST003920,2026-04-26,paid,other,459.18,0.0
PAY004547,POL004647,CUST002074,2026-03-22,failed,card,78.72,0.0
PAY004548,POL004648,CUST000546,2025-05-29,failed,card,825.93,825.93
PAY004549,POL004649,CUST001884,2026-09-15,scheduled,card,429.93,429.93
PAY004550,POL004650,CUST002758,2024-03-03,failed,cash,1796.62,0.0
PAY004551,POL004651,CUST001657,2024-06-21,scheduled,ach,1144.3,0.0
PAY004552,POL004652,CUST000614,2025-04-07,past_due,wire,333.87,333.87
PAY004553,POL004653,CUST001397,2025-04-20,refunded,check,278.87,0.0
PAY004554,POL004654,CUST003560,2024-01-31,reversed,payroll,196.45,0.0
PAY004555,POL004655,CUST003369,2026-09-12,scheduled,wire,911.25,911.25
PAY004556,POL004656,CUST003774,2024-05-06,scheduled,wire,1178.3,1178.3
PAY004557,POL004657,CUST003244,2024-09-16,refunded,check,74.55,74.55
PAY004558,POL004658,CUST000492,2024-08-24,refunded,check,952.86,0.0
PAY004559,POL004659,CUST000979,2025-09-25,paid,cash,1989.41,1989.41
PAY004560,POL004660,CUST003319,2024-11-28,reversed,ach,1002.44,1002.44
PAY004561,POL004661,CUST003661,2025-09-24,paid,wire,1391.02,1391.02
PAY004562,POL004662,CUST001055,2026-08-29,refunded,check,663.77,663.77
PAY004563,POL004663,CUST004131,2024-07-07,past_due,payroll,1639.0,1639.0
PAY004564,POL004664,CUST004188,2026-05-14,scheduled,card,937.67,937.67
PAY004565,POL004665,CUST002682,2026-01-02,past_due,other,1816.47,0.0
PAY004566,POL004666,CUST004789,2024-11-22,failed,other,808.89,0.0
PAY004567,POL004667,CUST004703,2024-02-26,paid,wire,598.34,598.34
PAY004568,POL004668,CUST004802,2025-04-23,refunded,check,1472.42,1472.42
PAY004569,POL004669,CUST003330,2025-04-21,paid,ach,1850.43,1850.43
PAY004570,POL004670,CUST003488,2025-05-24,reversed,cash,982.43,0.0
PAY004571,POL004671,CUST000646,2024-04-20,failed,cash,412.37,0.0
PAY004572,POL004672,CUST001868,2026-06-03,scheduled,wire,591.54,0.0
PAY004573,POL004673,CUST001875,2025-03-08,paid,payroll,1463.63,0.0
PAY004574,POL004674,CUST000235,2026-06-04,paid,wire,815.73,0.0
PAY004575,POL004675,CUST004159,2025-05-28,past_due,ach,1034.25,1034.25
PAY004576,POL004676,CUST002391,2025-02-13,scheduled,ach,463.74,0.0
PAY004577,POL004677,CUST003530,2026-02-17,failed,check,1624.22,1624.22
PAY004578,POL004678,CUST000535,2024-06-06,refunded,wire,868.73,0.0
PAY004579,POL004679,CUST004327,2024-06-20,refunded,check,1439.67,1439.67
PAY004580,POL004680,CUST003953,2025-06-30,reversed,wire,1844.99,0.0
PAY004581,POL004681,CUST000216,2025-01-28,paid,check,1449.0,1449.0
PAY004582,POL004682,CUST003711,2026-07-07,failed,card,173.47,173.47
PAY004583,POL004683,CUST002799,2024-12-23,failed,check,567.95,0.0
PAY004584,POL004684,CUST000251,2026-01-15,scheduled,other,657.91,657.91
PAY004585,POL004685,CUST002014,2024-10-16,paid,other,1645.41,0.0
PAY004586,POL004686,CUST001409,2025-07-25,paid,card,366.03,0.0
PAY004587,POL004687,CUST002307,2024-11-27,scheduled,ach,1187.75,1187.75
PAY004588,POL004688,CUST004834,2025-04-19,refunded,ach,1928.72,1928.72
PAY004589,POL004689,CUST003487,2026-06-25,paid,cash,1180.69,1180.69
PAY004590,POL004690,CUST001804,2024-09-26,paid,other,119.56,119.56
PAY004591,POL004691,CUST003079,2025-11-28,paid,card,345.26,345.26
PAY004592,POL004692,CUST002066,2025-11-11,paid,card,1737.21,1737.21
PAY004593,POL004693,CUST003369,2026-09-06,paid,ach,512.61,0.0
PAY004594,POL004694,CUST004791,2025-05-29,refunded,wire,467.67,467.67
PAY004595,POL004695,CUST004210,2025-12-07,reversed,check,201.5,201.5
PAY004596,POL004696,CUST003635,2026-01-02,paid,check,1445.53,0.0
PAY004597,POL004697,CUST000334,2025-12-12,paid,payroll,1124.84,1124.84
PAY004598,POL004698,CUST002540,2024-12-06,paid,check,1999.85,1999.85
PAY004599,POL004699,CUST002147,2024-06-18,failed,cash,572.76,572.76
PAY004600,POL004700,CUST002674,2026-03-09,paid,cash,831.6,0.0
PAY004601,POL004701,CUST000326,2025-06-14,failed,card,224.21,224.21
PAY004602,POL004702,CUST004927,2024-02-12,paid,other,367.18,367.18
PAY004603,POL004703,CUST003148,2024-12-17,paid,payroll,1840.69,1840.69
PAY004604,POL004704,CUST004520,2025-02-07,reversed,ach,753.48,0.0
PAY004605,POL004705,CUST003287,2026-05-20,paid,other,712.66,712.66
PAY004606,POL004706,CUST003465,2026-05-17,paid,other,1967.4,1967.4
PAY004607,POL004707,CUST004038,2025-01-22,paid,payroll,1754.39,1754.39
PAY004608,POL004708,CUST004520,2026-02-22,paid,cash,1589.34,1589.34
PAY004609,POL004709,CUST000231,2024-06-29,refunded,wire,1741.3,1741.3
PAY004610,POL004710,CUST004602,2025-12-19,scheduled,check,505.79,0.0
PAY004611,POL004711,CUST004155,2024-08-06,scheduled,wire,119.48,119.48
PAY004612,POL004712,CUST002852,2024-07-23,paid,check,1377.67,1377.67
PAY004613,POL004713,CUST003940,2024-10-23,failed,other,1238.35,1238.35
PAY004614,POL004714,CUST000478,2024-12-06,reversed,wire,912.42,912.42
PAY004615,POL004715,CUST003431,2024-12-14,paid,payroll,96.45,96.45
PAY004616,POL004716,CUST003652,2025-07-09,failed,card,1969.3,0.0
PAY004617,POL004717,CUST001558,2025-03-16,paid,payroll,126.8,126.8
PAY004618,POL004718,CUST000802,2024-04-07,refunded,card,1550.16,1550.16
PAY004619,POL004719,CUST003656,2025-08-06,paid,cash,1767.11,1767.11
PAY004620,POL004720,CUST003619,2024-01-04,paid,check,1612.59,0.0
PAY004621,POL004721,CUST001625,2024-10-11,scheduled,other,1803.3,1803.3
PAY004622,POL004722,CUST003807,2025-09-17,failed,cash,1823.99,0.0
PAY004623,POL004723,CUST004701,2025-02-06,paid,card,1264.97,1264.97
PAY004624,POL004724,CUST002200,2026-03-18,scheduled,wire,1982.0,1982.0
PAY004625,POL004725,CUST001841,2025-03-27,reversed,payroll,201.11,201.11
PAY004626,POL004726,CUST003806,2026-08-02,paid,ach,1416.77,1416.77
PAY004627,POL004727,CUST004171,2026-08-18,failed,payroll,1302.32,1302.32
PAY004628,POL004728,CUST002969,2026-04-12,scheduled,cash,605.35,605.35
PAY004629,POL004729,CUST003831,2025-07-21,failed,card,305.61,305.61
PAY004630,POL004730,CUST003354,2024-07-21,scheduled,payroll,1687.27,0.0
PAY004631,POL004731,CUST001742,2024-07-21,scheduled,other,1784.63,1784.63
PAY004632,POL004732,CUST001638,2026-04-18,reversed,cash,246.34,246.34
PAY004633,POL004733,CUST002483,2025-06-14,refunded,card,1606.73,1606.73
PAY004634,POL004734,CUST004605,2024-08-13,refunded,cash,1513.88,1513.88
PAY004635,POL004735,CUST003831,2026-05-06,paid,card,1304.23,1304.23
PAY004636,POL004736,CUST003904,2024-04-08,past_due,payroll,172.39,172.39
PAY004637,POL004737,CUST004349,2024-10-07,refunded,wire,1258.26,1258.26
PAY004638,POL004738,CUST001375,2026-06-20,past_due,check,1593.12,1593.12
PAY004639,POL004739,CUST000292,2025-03-09,paid,other,956.9,956.9
PAY004640,POL004740,CUST003053,2024-10-15,scheduled,cash,763.4,0.0
PAY004641,POL004741,CUST002890,2024-11-15,failed,wire,183.05,183.05
PAY004642,POL004742,CUST001256,2024-07-15,paid,ach,1702.35,1702.35
PAY004643,POL004743,CUST002870,2026-02-20,paid,other,905.87,0.0
PAY004644,POL004744,CUST000442,2026-04-15,scheduled,cash,398.49,398.49
PAY004645,POL004745,CUST000419,2024-05-30,past_due,cash,1298.32,1298.32
PAY004646,POL004746,CUST004159,2026-02-17,failed,wire,1300.01,1300.01
PAY004647,POL004747,CUST001687,2025-12-07,past_due,wire,881.29,881.29
PAY004648,POL004748,CUST004558,2024-06-03,reversed,card,1775.91,1775.91
PAY004649,POL004749,CUST003871,2024-01-24,reversed,check,1815.87,1815.87
PAY004650,POL004750,CUST004137,2026-06-02,paid,check,1180.3,1180.3
PAY004651,POL004751,CUST003518,2024-12-02,past_due,cash,1800.03,1800.03
PAY004652,POL004752,CUST004125,2026-03-14,past_due,ach,1039.89,1039.89
PAY004653,POL004753,CUST003296,2025-07-06,scheduled,ach,1159.44,1159.44
PAY004654,POL004754,CUST002117,2025-08-01,scheduled,card,1244.44,1244.44
PAY004655,POL004755,CUST002692,2025-04-06,refunded,check,1620.47,1620.47
PAY004656,POL004756,CUST001587,2024-10-29,past_due,payroll,1828.23,1828.23
PAY004657,POL004757,CUST000519,2025-11-13,past_due,payroll,1446.02,1446.02
PAY004658,POL004758,CUST003768,2024-08-29,scheduled,card,132.29,132.29
PAY004659,POL004759,CUST003470,2024-04-13,past_due,wire,940.94,940.94
PAY004660,POL004760,CUST000761,2024-10-04,refunded,payroll,814.62,0.0
PAY004661,POL004761,CUST001286,2026-04-01,paid,other,1647.07,1647.07
PAY004662,POL004762,CUST003177,2026-04-25,paid,card,1521.79,1521.79
PAY004663,POL004763,CUST000834,2024-04-26,failed,card,1598.06,1598.06
PAY004664,POL004764,CUST001207,2024-08-20,past_due,wire,1304.56,1304.56
PAY004665,POL004765,CUST000898,2025-11-29,refunded,payroll,1842.67,1842.67
PAY004666,POL004766,CUST004451,2025-08-17,paid,cash,482.34,482.34
PAY004667,POL004767,CUST004134,2026-05-25,refunded,ach,988.36,988.36
PAY004668,POL004768,CUST004287,2025-04-18,paid,other,597.6,0.0
PAY004669,POL004769,CUST001021,2024-02-14,refunded,check,1412.68,1412.68
PAY004670,POL004770,CUST000987,2026-03-28,paid,other,1461.74,1461.74
PAY004671,POL004771,CUST001293,2026-06-21,past_due,card,992.75,0.0
PAY004672,POL004772,CUST000760,2024-06-17,reversed,wire,863.84,863.84
PAY004673,POL004773,CUST002340,2025-11-07,paid,card,1335.95,1335.95
PAY004674,POL004774,CUST003984,2025-01-06,paid,check,1399.26,1399.26
PAY004675,POL004775,CUST003449,2025-03-29,reversed,other,689.57,689.57
PAY004676,POL004776,CUST001296,2025-09-24,paid,cash,533.58,533.58
PAY004677,POL004777,CUST000862,2026-02-24,paid,ach,1118.31,1118.31
PAY004678,POL004778,CUST003762,2026-06-13,paid,ach,1885.28,1885.28
PAY004679,POL004779,CUST003136,2024-02-14,paid,check,174.31,0.0
PAY004680,POL004780,CUST002489,2024-07-30,scheduled,card,111.89,111.89
PAY004681,POL004781,CUST001887,2024-02-25,past_due,cash,290.49,290.49
PAY004682,POL004782,CUST004715,2026-02-04,scheduled,check,691.52,691.52
PAY004683,POL004783,CUST004665,2025-06-28,paid,wire,113.04,113.04
PAY004684,POL004784,CUST004847,2024-02-22,paid,wire,905.13,905.13
PAY004685,POL004785,CUST001329,2025-01-13,reversed,payroll,773.26,773.26
PAY004686,POL004786,CUST004186,2026-08-24,refunded,ach,231.19,231.19
PAY004687,POL004787,CUST003969,2025-12-29,failed,cash,310.53,0.0
PAY004688,POL004788,CUST004991,2025-06-27,past_due,check,839.41,0.0
PAY004689,POL004789,CUST004048,2026-06-25,failed,card,1989.07,1989.07
PAY004690,POL004790,CUST001068,2024-07-26,past_due,check,293.96,293.96
PAY004691,POL004791,CUST000568,2026-05-29,paid,ach,1552.05,1552.05
PAY004692,POL004792,CUST000189,2025-10-23,paid,ach,1682.04,1682.04
PAY004693,POL004793,CUST002684,2024-09-08,paid,wire,1289.92,1289.92
PAY004694,POL004794,CUST004957,2025-04-26,paid,ach,1010.13,0.0
PAY004695,POL004795,CUST001321,2026-05-13,paid,card,1217.48,0.0
PAY004696,POL004796,CUST004909,2024-06-15,paid,payroll,649.36,649.36
PAY004697,POL004797,CUST001223,2025-06-14,refunded,card,1487.42,1487.42
PAY004698,POL004798,CUST004570,2026-08-02,refunded,card,905.0,905.0
PAY004699,POL004799,CUST000614,2026-01-16,past_due,check,76.22,76.22
PAY004700,POL004800,CUST000525,2024-08-19,past_due,other,271.86,271.86
PAY004701,POL004801,CUST004380,2026-03-10,paid,check,953.75,953.75
PAY004702,POL004802,CUST002066,2025-07-28,paid,check,1367.03,1367.03
PAY004703,POL004803,CUST004524,2026-06-29,paid,wire,126.5,126.5
PAY004704,POL004804,CUST004814,2025-06-10,scheduled,ach,1555.75,1555.75
PAY004705,POL004805,CUST001585,2025-12-31,failed,check,294.76,0.0
PAY004706,POL004806,CUST004500,2026-04-14,paid,wire,1428.02,1428.02
PAY004707,POL004807,CUST001611,2026-07-29,failed,ach,808.96,808.96
PAY004708,POL004808,CUST001345,2025-07-24,paid,check,592.23,592.23
PAY004709,POL004809,CUST003508,2024-03-10,paid,payroll,1452.22,0.0
PAY004710,POL004810,CUST000696,2025-02-06,past_due,check,1160.47,1160.47
PAY004711,POL004811,CUST004122,2024-11-30,paid,wire,1973.94,1973.94
PAY004712,POL004812,CUST004186,2025-07-25,paid,other,1058.73,0.0
PAY004713,POL004813,CUST004581,2026-08-27,failed,cash,97.87,97.87
PAY004714,POL004814,CUST003530,2025-09-23,paid,payroll,605.45,605.45
PAY004715,POL004815,CUST004765,2024-12-31,past_due,ach,698.82,698.82
PAY004716,POL004816,CUST003476,2024-07-16,paid,card,1448.71,0.0
PAY004717,POL004817,CUST001804,2026-01-22,past_due,other,270.51,270.51
PAY004718,POL004818,CUST000727,2025-12-29,paid,card,108.55,108.55
PAY004719,POL004819,CUST003934,2025-07-31,paid,card,400.43,400.43
PAY004720,POL004820,CUST000627,2025-06-19,past_due,payroll,583.16,583.16
PAY004721,POL004821,CUST003403,2025-11-12,failed,wire,1876.13,1876.13
PAY004722,POL004822,CUST002235,2024-02-28,refunded,other,1951.69,1951.69
PAY004723,POL004823,CUST004724,2025-04-27,paid,card,1834.22,1834.22
PAY004724,POL004824,CUST004133,2024-06-04,refunded,payroll,209.21,209.21
PAY004725,POL004825,CUST000518,2024-09-25,reversed,ach,63.9,63.9
PAY004726,POL004826,CUST001324,2024-05-25,failed,check,446.57,446.57
PAY004727,POL004827,CUST004127,2024-02-13,refunded,check,1881.85,0.0
PAY004728,POL004828,CUST003830,2024-09-07,paid,card,921.69,921.69
PAY004729,POL004829,CUST000068,2024-04-17,refunded,card,1208.67,1208.67
PAY004730,POL004830,CUST000881,2024-01-25,refunded,card,1686.75,1686.75
PAY004731,POL004831,CUST002096,2026-07-07,paid,card,582.04,0.0
PAY004732,POL004832,CUST002606,2024-11-08,paid,ach,1702.48,1702.48
PAY004733,POL004833,CUST002424,2026-01-15,past_due,payroll,1554.0,1554.0
PAY004734,POL004834,CUST003831,2025-04-27,reversed,other,1611.14,1611.14
PAY004735,POL004835,CUST003875,2024-04-18,past_due,payroll,1682.6,1682.6
PAY004736,POL004836,CUST002523,2025-04-08,paid,check,461.65,0.0
PAY004737,POL004837,CUST004511,2024-01-27,refunded,check,336.32,336.32
PAY004738,POL004838,CUST002213,2025-11-18,refunded,payroll,1485.23,1485.23
PAY004739,POL004839,CUST002709,2024-03-28,reversed,other,996.34,996.34
PAY004740,POL004840,CUST003893,2024-06-02,refunded,check,693.7,693.7
PAY004741,POL004841,CUST003492,2025-01-27,paid,cash,229.69,229.69
PAY004742,POL004842,CUST003195,2024-10-08,paid,check,1704.6,0.0
PAY004743,POL004843,CUST003873,2024-03-07,paid,card,1553.44,1553.44
PAY004744,POL004844,CUST004101,2025-03-09,refunded,ach,1283.33,1283.33
PAY004745,POL004845,CUST000077,2025-08-06,paid,other,1836.69,1836.69
PAY004746,POL004846,CUST003514,2025-12-29,paid,payroll,249.79,249.79
PAY004747,POL004847,CUST003821,2026-06-16,refunded,wire,1636.35,0.0
PAY004748,POL004848,CUST000815,2026-07-09,failed,wire,348.09,348.09
PAY004749,POL004849,CUST004933,2026-04-13,paid,card,1075.61,1075.61
PAY004750,POL004850,CUST002817,2026-02-18,paid,cash,1851.16,0.0
PAY004751,POL004851,CUST001911,2026-03-30,refunded,card,75.34,75.34
PAY004752,POL004852,CUST002763,2026-03-10,paid,other,1133.55,1133.55
PAY004753,POL004853,CUST003859,2025-03-08,past_due,ach,997.07,997.07
PAY004754,POL004854,CUST003372,2024-07-17,paid,check,1289.23,1289.23
PAY004755,POL004855,CUST001987,2025-05-19,reversed,check,429.32,0.0
PAY004756,POL004856,CUST004432,2025-10-03,scheduled,card,1145.07,1145.07
PAY004757,POL004857,CUST004744,2026-08-15,paid,card,622.37,0.0
PAY004758,POL004858,CUST003693,2026-01-09,paid,ach,256.33,256.33
PAY004759,POL004859,CUST000425,2026-05-15,past_due,wire,1100.41,0.0
PAY004760,POL004860,CUST000213,2024-03-01,refunded,card,346.45,346.45
PAY004761,POL004861,CUST000031,2026-04-28,paid,cash,449.43,449.43
PAY004762,POL004862,CUST001496,2026-04-24,refunded,other,370.47,370.47
PAY004763,POL004863,CUST004892,2024-01-23,refunded,ach,248.42,248.42
PAY004764,POL004864,CUST000091,2026-06-11,scheduled,cash,1543.68,0.0
PAY004765,POL004865,CUST003362,2025-07-26,paid,wire,1043.98,1043.98
PAY004766,POL004866,CUST004083,2024-10-29,paid,payroll,1852.39,0.0
PAY004767,POL004867,CUST000122,2024-10-19,paid,check,83.94,0.0
PAY004768,POL004868,CUST001313,2024-05-02,past_due,ach,646.65,646.65
PAY004769,POL004869,CUST002117,2024-08-06,scheduled,check,1625.61,1625.61
PAY004770,POL004870,CUST003685,2026-03-25,paid,payroll,899.96,899.96
PAY004771,POL004871,CUST002823,2025-11-29,scheduled,card,622.51,0.0
PAY004772,POL004872,CUST000255,2026-02-16,paid,ach,541.59,541.59
PAY004773,POL004873,CUST001221,2025-07-19,refunded,check,1804.18,1804.18
PAY004774,POL004874,CUST001184,2024-09-23,paid,check,530.76,530.76
PAY004775,POL004875,CUST001422,2024-06-10,scheduled,check,603.27,0.0
PAY004776,POL004876,CUST004691,2024-12-22,reversed,cash,428.26,428.26
PAY004777,POL004877,CUST004142,2024-10-18,paid,payroll,922.33,922.33
PAY004778,POL004878,CUST003574,2024-03-01,scheduled,other,1547.94,1547.94
PAY004779,POL004879,CUST004217,2025-08-25,refunded,other,1799.1,0.0
PAY004780,POL004880,CUST001213,2025-10-15,failed,wire,308.06,308.06
PAY004781,POL004881,CUST000066,2024-07-17,paid,cash,1517.06,0.0
PAY004782,POL004882,CUST000642,2025-02-17,failed,other,1779.8,1779.8
PAY004783,POL004883,CUST001615,2026-06-16,paid,wire,211.18,0.0
PAY004784,POL004884,CUST003355,2025-07-10,past_due,card,1583.3,1583.3
PAY004785,POL004885,CUST001966,2025-06-20,paid,cash,1519.95,1519.95
PAY004786,POL004886,CUST003692,2026-06-15,refunded,other,1547.98,1547.98
PAY004787,POL004887,CUST002820,2026-01-19,paid,other,217.01,0.0
PAY004788,POL004888,CUST003922,2024-08-06,paid,cash,146.72,146.72
PAY004789,POL004889,CUST000478,2025-12-30,failed,cash,1324.11,1324.11
PAY004790,POL004890,CUST002250,2024-12-09,failed,card,1211.6,1211.6
PAY004791,POL004891,CUST000696,2024-01-18,past_due,card,1074.76,1074.76
PAY004792,POL004892,CUST003578,2024-07-06,refunded,card,427.47,0.0
PAY004793,POL004893,CUST004158,2024-09-22,paid,card,1898.65,1898.65
PAY004794,POL004894,CUST000079,2026-03-30,refunded,other,224.68,0.0
PAY004795,POL004895,CUST002375,2026-08-02,reversed,wire,492.08,492.08
PAY004796,POL004896,CUST004874,2024-12-31,paid,cash,1530.59,1530.59
PAY004797,POL004897,CUST004687,2024-01-09,past_due,cash,434.2,0.0
PAY004798,POL004898,CUST004383,2025-11-30,failed,wire,1825.63,1825.63
PAY004799,POL004899,CUST000835,2025-10-04,failed,cash,1971.27,0.0
PAY004800,POL004900,CUST002979,2024-09-18,failed,check,617.24,617.24
PAY004801,POL004901,CUST001142,2024-12-28,past_due,cash,559.91,559.91
PAY004802,POL004902,CUST000077,2024-11-26,paid,card,416.1,0.0
PAY004803,POL004903,CUST003420,2024-01-29,past_due,ach,1370.16,1370.16
PAY004804,POL004904,CUST004746,2025-02-19,reversed,wire,1628.86,0.0
PAY004805,POL004905,CUST003697,2025-06-08,reversed,other,1119.59,0.0
PAY004806,POL004906,CUST001308,2025-06-01,paid,check,1126.58,1126.58
PAY004807,POL004907,CUST003652,2025-03-31,paid,card,1078.62,1078.62
PAY004808,POL004908,CUST001116,2025-05-11,past_due,card,343.78,343.78
PAY004809,POL004909,CUST000681,2025-07-16,scheduled,card,1571.48,1571.48
PAY004810,POL004910,CUST000392,2026-03-27,paid,check,1358.14,1358.14
PAY004811,POL004911,CUST001446,2024-08-11,reversed,check,458.89,458.89
PAY004812,POL004912,CUST000629,2025-10-13,failed,wire,1173.23,1173.23
PAY004813,POL004913,CUST003381,2024-10-23,paid,ach,1966.59,1966.59
PAY004814,POL004914,CUST004052,2026-02-24,paid,other,1038.12,1038.12
PAY004815,POL004915,CUST001537,2024-09-24,scheduled,other,1683.87,0.0
PAY004816,POL004916,CUST002995,2025-08-08,paid,check,1106.92,1106.92
PAY004817,POL004917,CUST003741,2025-09-16,scheduled,other,1096.7,0.0
PAY004818,POL004918,CUST000760,2025-07-09,failed,wire,419.85,419.85
PAY004819,POL004919,CUST004834,2024-07-05,paid,cash,1854.01,1854.01
PAY004820,POL004920,CUST003101,2025-01-04,refunded,other,364.61,364.61
PAY004821,POL004921,CUST004792,2025-09-08,scheduled,cash,761.31,761.31
PAY004822,POL004922,CUST003846,2025-06-01,scheduled,payroll,958.4,958.4
PAY004823,POL004923,CUST000723,2024-05-10,past_due,card,109.96,109.96
PAY004824,POL004924,CUST001485,2025-08-09,refunded,check,1921.43,1921.43
PAY004825,POL004925,CUST003210,2024-02-20,reversed,card,1516.6,1516.6
PAY004826,POL004926,CUST000829,2026-04-01,scheduled,card,1815.56,1815.56
PAY004827,POL004927,CUST004338,2024-07-02,paid,check,1607.31,0.0
PAY004828,POL004928,CUST002259,2024-03-27,past_due,wire,66.59,0.0
PAY004829,POL004929,CUST001904,2026-07-03,past_due,ach,355.99,0.0
PAY004830,POL004930,CUST003462,2025-12-01,paid,other,1772.63,0.0
PAY004831,POL004931,CUST000598,2024-07-29,past_due,wire,577.82,577.82
PAY004832,POL004932,CUST003599,2024-01-15,paid,other,1148.56,0.0
PAY004833,POL004933,CUST003222,2024-07-12,paid,ach,1534.46,1534.46
PAY004834,POL004934,CUST002341,2026-01-14,scheduled,other,1305.71,1305.71
PAY004835,POL004935,CUST003900,2024-03-14,failed,payroll,1316.07,1316.07
PAY004836,POL004936,CUST003000,2024-03-01,paid,payroll,73.57,0.0
PAY004837,POL004937,CUST004491,2026-05-14,refunded,card,907.56,907.56
PAY004838,POL004938,CUST000196,2024-11-30,paid,card,746.32,746.32
PAY004839,POL004939,CUST001108,2024-10-02,paid,other,450.45,450.45
PAY004840,POL004940,CUST001263,2024-11-22,past_due,other,216.85,216.85
PAY004841,POL004941,CUST004017,2025-06-19,paid,other,752.7,752.7
PAY004842,POL004942,CUST001175,2026-07-16,past_due,payroll,52.65,0.0
PAY004843,POL004943,CUST001833,2024-05-02,paid,other,273.22,273.22
PAY004844,POL004944,CUST003883,2026-07-27,paid,check,150.84,0.0
PAY004845,POL004945,CUST003943,2026-01-25,scheduled,cash,518.65,0.0
PAY004846,POL004946,CUST001223,2025-12-16,past_due,card,1092.99,1092.99
PAY004847,POL004947,CUST001300,2025-09-22,failed,other,1223.77,1223.77
PAY004848,POL004948,CUST001229,2024-11-16,scheduled,card,475.82,0.0
PAY004849,POL004949,CUST002900,2025-12-30,reversed,card,229.8,0.0
PAY004850,POL004950,CUST001794,2024-01-29,paid,check,685.11,685.11
PAY004851,POL004951,CUST004224,2025-05-12,reversed,payroll,1706.63,1706.63
PAY004852,POL004952,CUST001166,2024-02-19,scheduled,wire,189.95,189.95
PAY004853,POL004953,CUST004936,2026-03-14,failed,cash,308.81,308.81
PAY004854,POL004954,CUST000256,2024-02-16,scheduled,payroll,71.7,0.0
PAY004855,POL004955,CUST000296,2026-04-07,paid,cash,1199.66,1199.66
PAY004856,POL004956,CUST003595,2026-06-30,scheduled,wire,670.33,670.33
PAY004857,POL004957,CUST004867,2024-06-04,paid,cash,1742.22,1742.22
PAY004858,POL004958,CUST004919,2024-06-24,past_due,cash,1685.53,0.0
PAY004859,POL004959,CUST004606,2025-10-29,past_due,cash,987.84,0.0
PAY004860,POL004960,CUST001662,2024-06-20,refunded,wire,1271.87,1271.87
PAY004861,POL004961,CUST001794,2024-09-19,past_due,card,1019.96,1019.96
PAY004862,POL004962,CUST000626,2025-07-11,failed,ach,1521.38,1521.38
PAY004863,POL004963,CUST003442,2024-11-11,scheduled,payroll,1895.73,1895.73
PAY004864,POL004964,CUST002884,2025-01-04,paid,payroll,496.79,496.79
PAY004865,POL004965,CUST003923,2025-03-28,paid,payroll,1811.88,1811.88
PAY004866,POL004966,CUST001885,2026-07-02,past_due,check,940.95,0.0
PAY004867,POL004967,CUST003047,2024-06-27,past_due,ach,943.43,943.43
PAY004868,POL004968,CUST000451,2026-07-05,past_due,other,159.82,159.82
PAY004869,POL004969,CUST001909,2026-06-24,scheduled,payroll,1640.38,1640.38
PAY004870,POL004970,CUST000681,2026-06-30,scheduled,payroll,674.29,674.29
PAY004871,POL004971,CUST001033,2025-02-11,paid,payroll,592.31,592.31
PAY004872,POL004972,CUST004558,2026-04-24,paid,other,730.21,730.21
PAY004873,POL004973,CUST003938,2026-06-14,paid,payroll,1861.99,0.0
PAY004874,POL004974,CUST004423,2025-03-25,paid,ach,703.82,703.82
PAY004875,POL004975,CUST002563,2025-07-25,refunded,wire,1633.11,1633.11
PAY004876,POL004976,CUST002720,2025-01-29,reversed,check,505.74,505.74
PAY004877,POL004977,CUST004305,2026-04-09,paid,ach,1688.7,0.0
PAY004878,POL004978,CUST004658,2024-03-23,paid,card,941.69,0.0
PAY004879,POL004979,CUST003184,2024-03-04,paid,payroll,489.65,489.65
PAY004880,POL004980,CUST001029,2025-03-13,reversed,other,980.18,980.18
PAY004881,POL004981,CUST002646,2026-02-08,refunded,card,650.94,650.94
PAY004882,POL004982,CUST004990,2024-06-09,refunded,check,719.69,0.0
PAY004883,POL004983,CUST000909,2025-09-29,reversed,card,272.63,272.63
PAY004884,POL004984,CUST002066,2026-06-21,reversed,card,607.53,607.53
PAY004885,POL004985,CUST003403,2024-06-25,refunded,card,541.8,541.8
PAY004886,POL004986,CUST000154,2026-04-19,refunded,payroll,1015.9,1015.9
PAY004887,POL004987,CUST001535,2024-07-26,paid,ach,174.29,174.29
PAY004888,POL004988,CUST004353,2024-08-12,paid,cash,1835.73,1835.73
PAY004889,POL004989,CUST002191,2025-07-10,scheduled,wire,606.21,606.21
PAY004890,POL004990,CUST001743,2025-10-12,reversed,wire,1998.44,0.0
PAY004891,POL004991,CUST001319,2024-09-18,reversed,cash,675.03,0.0
PAY004892,POL004992,CUST001187,2025-07-20,scheduled,other,1051.26,1051.26
PAY004893,POL004993,CUST000171,2024-01-07,refunded,check,1900.22,1900.22
PAY004894,POL004994,CUST001695,2026-08-01,paid,payroll,1102.31,1102.31
PAY004895,POL004995,CUST002965,2025-07-23,past_due,check,814.27,814.27
PAY004896,POL004996,CUST004912,2024-06-25,past_due,cash,1979.87,0.0
PAY004897,POL004997,CUST001266,2026-04-13,failed,other,1419.7,1419.7
PAY004898,POL004998,CUST003321,2026-01-21,refunded,other,345.61,345.61
PAY004899,POL004999,CUST002540,2025-09-23,refunded,card,1873.04,1873.04
PAY004900,POL005000,CUST001759,2024-04-09,paid,other,964.44,964.44
PAY004901,POL000001,CUST001323,2024-11-13,paid,wire,798.26,798.26
PAY004902,POL000002,CUST004024,2024-09-26,failed,cash,228.9,228.9
PAY004903,POL000003,CUST004806,2024-08-11,paid,payroll,625.73,625.73
PAY004904,POL000004,CUST002648,2025-10-14,paid,card,1240.99,1240.99
PAY004905,POL000005,CUST004669,2026-06-26,scheduled,cash,620.11,620.11
PAY004906,POL000006,CUST002590,2025-06-06,paid,cash,1057.78,1057.78
PAY004907,POL000007,CUST001805,2024-09-28,scheduled,check,612.82,0.0
PAY004908,POL000008,CUST001922,2025-03-24,paid,ach,911.78,911.78
PAY004909,POL000009,CUST002657,2024-05-08,past_due,card,267.81,267.81
PAY004910,POL000010,CUST002057,2025-04-13,refunded,card,640.57,640.57
PAY004911,POL000011,CUST003146,2026-06-24,past_due,check,880.4,880.4
PAY004912,POL000012,CUST000582,2024-10-07,scheduled,ach,804.31,0.0
PAY004913,POL000013,CUST004837,2025-05-28,paid,check,1313.15,1313.15
PAY004914,POL000014,CUST003653,2025-10-29,past_due,ach,1158.71,1158.71
PAY004915,POL000015,CUST000524,2024-08-10,paid,other,1371.86,0.0
PAY004916,POL000016,CUST000074,2026-01-04,paid,payroll,1091.57,0.0
PAY004917,POL000017,CUST000839,2024-09-30,reversed,cash,612.65,0.0
PAY004918,POL000018,CUST000362,2024-06-12,scheduled,cash,1060.93,1060.93
PAY004919,POL000019,CUST004433,2026-05-30,scheduled,cash,1386.25,1386.25
PAY004920,POL000020,CUST000493,2026-09-15,past_due,other,783.78,783.78
PAY004921,POL000021,CUST003047,2025-02-17,past_due,payroll,1325.67,1325.67
PAY004922,POL000022,CUST003709,2025-01-21,scheduled,other,1722.07,1722.07
PAY004923,POL000023,CUST002343,2026-04-21,paid,card,1395.64,1395.64
PAY004924,POL000024,CUST003897,2025-07-28,scheduled,check,1894.8,1894.8
PAY004925,POL000025,CUST000555,2026-06-27,scheduled,payroll,626.41,0.0
PAY004926,POL000026,CUST002639,2026-02-02,refunded,wire,1344.38,0.0
PAY004927,POL000027,CUST003579,2024-10-26,scheduled,other,841.15,841.15
PAY004928,POL000028,CUST001882,2025-06-14,paid,payroll,289.63,289.63
PAY004929,POL000029,CUST004922,2024-09-14,past_due,ach,438.52,0.0
PAY004930,POL000030,CUST002555,2025-07-27,paid,payroll,1835.14,1835.14
PAY004931,POL000031,CUST004387,2024-12-12,refunded,cash,793.41,0.0
PAY004932,POL000032,CUST001937,2026-07-07,scheduled,ach,1229.42,1229.42
PAY004933,POL000033,CUST004519,2024-12-05,paid,ach,1805.48,1805.48
PAY004934,POL000034,CUST000124,2024-04-14,scheduled,cash,1277.65,1277.65
PAY004935,POL000035,CUST003218,2026-03-08,reversed,card,69.91,0.0
PAY004936,POL000036,CUST000726,2025-10-04,scheduled,card,129.69,129.69
PAY004937,POL000037,CUST002341,2025-10-04,reversed,card,1101.15,0.0
PAY004938,POL000038,CUST002829,2026-03-27,paid,other,1096.71,0.0
PAY004939,POL000039,CUST003060,2024-08-27,scheduled,ach,371.91,371.91
PAY004940,POL000040,CUST003713,2025-07-12,scheduled,payroll,576.59,0.0
PAY004941,POL000041,CUST003419,2025-06-02,past_due,check,1021.57,1021.57
PAY004942,POL000042,CUST001831,2024-01-03,failed,cash,323.85,0.0
PAY004943,POL000043,CUST001268,2025-03-22,past_due,cash,791.6,791.6
PAY004944,POL000044,CUST004513,2024-12-22,failed,card,1177.1,0.0
PAY004945,POL000045,CUST004029,2026-04-13,paid,card,305.18,305.18
PAY004946,POL000046,CUST001435,2024-03-21,past_due,other,741.11,741.11
PAY004947,POL000047,CUST001328,2024-09-12,scheduled,ach,670.15,0.0
PAY004948,POL000048,CUST001836,2024-06-01,paid,other,544.69,544.69
PAY004949,POL000049,CUST004590,2025-01-29,failed,other,107.54,107.54
PAY004950,POL000050,CUST002318,2024-06-24,paid,check,1644.53,1644.53
PAY004951,POL000051,CUST001814,2024-02-25,paid,wire,1048.83,1048.83
PAY004952,POL000052,CUST004983,2026-09-02,paid,wire,1947.87,1947.87
PAY004953,POL000053,CUST002330,2024-02-24,refunded,check,563.42,563.42
PAY004954,POL000054,CUST000179,2025-05-28,scheduled,other,1945.24,0.0
PAY004955,POL000055,CUST002016,2024-02-14,paid,check,1050.13,1050.13
PAY004956,POL000056,CUST004306,2024-02-16,paid,wire,373.89,0.0
PAY004957,POL000057,CUST002862,2025-04-15,past_due,card,899.2,899.2
PAY004958,POL000058,CUST000839,2024-01-16,refunded,wire,871.19,871.19
PAY004959,POL000059,CUST002009,2025-07-05,refunded,cash,1634.64,1634.64
PAY004960,POL000060,CUST000712,2025-05-18,paid,cash,1337.05,1337.05
PAY004961,POL000061,CUST001481,2025-05-22,paid,cash,495.12,495.12
PAY004962,POL000062,CUST003861,2026-08-05,failed,cash,1639.81,1639.81
PAY004963,POL000063,CUST000548,2024-09-01,paid,payroll,129.09,129.09
PAY004964,POL000064,CUST003385,2024-01-28,refunded,payroll,615.92,615.92
PAY004965,POL000065,CUST003737,2025-01-20,past_due,card,1645.57,0.0
PAY004966,POL000066,CUST000477,2024-02-08,paid,cash,663.48,0.0
PAY004967,POL000067,CUST002049,2025-10-13,refunded,card,661.39,661.39
PAY004968,POL000068,CUST001674,2024-08-02,paid,ach,1151.05,1151.05
PAY004969,POL000069,CUST001109,2024-08-02,refunded,ach,1046.58,1046.58
PAY004970,POL000070,CUST000573,2026-07-05,paid,wire,810.73,810.73
PAY004971,POL000071,CUST001174,2024-01-24,paid,other,1971.14,1971.14
PAY004972,POL000072,CUST003605,2024-01-16,reversed,check,1184.59,1184.59
PAY004973,POL000073,CUST002433,2025-03-22,paid,other,388.79,388.79
PAY004974,POL000074,CUST003442,2024-12-01,failed,check,967.71,0.0
PAY004975,POL000075,CUST003713,2025-09-06,reversed,other,673.07,673.07
PAY004976,POL000076,CUST000440,2024-04-20,paid,wire,327.02,327.02
PAY004977,POL000077,CUST000276,2025-04-29,paid,other,510.35,510.35
PAY004978,POL000078,CUST000915,2025-11-19,reversed,cash,62.44,62.44
PAY004979,POL000079,CUST004583,2026-05-03,paid,card,1301.05,1301.05
PAY004980,POL000080,CUST002935,2024-10-22,reversed,check,767.67,767.67
PAY004981,POL000081,CUST000551,2024-02-07,scheduled,cash,417.43,417.43
PAY004982,POL000082,CUST002402,2025-06-10,paid,card,1748.38,1748.38
PAY004983,POL000083,CUST004786,2024-08-08,paid,other,1953.6,1953.6
PAY004984,POL000084,CUST001280,2025-12-30,past_due,check,1647.52,1647.52
PAY004985,POL000085,CUST002095,2024-03-31,paid,payroll,629.12,629.12
PAY004986,POL000086,CUST004908,2025-08-30,paid,cash,853.96,853.96
PAY004987,POL000087,CUST000357,2026-05-23,scheduled,payroll,664.44,664.44
PAY004988,POL000088,CUST002816,2026-01-21,paid,other,320.64,320.64
PAY004989,POL000089,CUST002537,2024-09-13,past_due,payroll,886.38,886.38
PAY004990,POL000090,CUST004058,2025-06-02,paid,cash,800.42,800.42
PAY004991,POL000091,CUST000801,2024-08-05,paid,wire,1872.4,1872.4
PAY004992,POL000092,CUST001045,2025-01-07,failed,other,1113.38,1113.38
PAY004993,POL000093,CUST002652,2024-04-30,paid,other,1411.53,1411.53
PAY004994,POL000094,CUST001649,2025-06-11,scheduled,payroll,1701.37,1701.37
PAY004995,POL000095,CUST004114,2024-02-23,paid,payroll,630.81,630.81
PAY004996,POL000096,CUST003206,2024-08-04,paid,card,803.41,803.41
PAY004997,POL000097,CUST002664,2024-08-15,failed,check,68.95,68.95
PAY004998,POL000098,CUST004770,2024-11-07,paid,check,1753.85,1753.85
PAY004999,POL000099,CUST001958,2024-12-02,reversed,check,1979.9,0.0
PAY005000,POL000100,CUST003036,2024-11-12,scheduled,cash,1955.21,1955.21
