claim_id,claim_number,policy_id,customer_id,policy_coverage_id,loss_date,report_date,claim_status,loss_cause,paid_amount,reserve_amount
CLM000101,CN-00000101,POL000201,CUST002452,COV000101,2026-05-05,2026-05-12,denied,weather,418.16,97.51
CLM000102,CN-00000102,POL000202,CUST004428,COV000102,2025-01-06,2025-01-07,open,liability,383.44,89.3
CLM000103,CN-00000103,POL000203,CUST002630,COV000103,2026-07-29,2026-08-08,closed,other,784.5,188.71
CLM000104,CN-00000104,POL000204,CUST004346,COV000104,2024-02-15,2024-02-29,subrogation,liability,230.05,40.8
CLM000105,CN-00000105,POL000205,CUST001660,COV000105,2026-08-31,2026-09-07,closed,weather,583.78,0.37
CLM000106,CN-00000106,POL000206,CUST003093,COV000106,2025-03-09,2025-03-13,closed,collision,83.29,10.21
CLM000107,CN-00000107,POL000207,CUST004189,COV000107,2026-06-14,2026-06-14,closed,water_damage,773.6,200.65
CLM000108,CN-00000108,POL000208,CUST002056,COV000108,2024-02-10,2024-02-19,closed,weather,92.49,2.97
CLM000109,CN-00000109,POL000209,CUST000202,COV000109,2025-06-19,2025-06-19,open,theft,109.72,0.15
CLM000110,CN-00000110,POL000210,CUST003637,COV000110,2026-07-09,2026-07-17,reopened,theft,416.14,90.26
CLM000111,CN-00000111,POL000211,CUST001551,COV000111,2024-03-10,2024-03-22,open,theft,50.85,3.27
CLM000112,CN-00000112,POL000212,CUST001440,COV000112,2026-04-20,2026-04-21,closed,liability,844.36,177.2
CLM000113,CN-00000113,POL000213,CUST003210,COV000113,2026-03-06,2026-03-15,denied,other,857.49,224.77
CLM000114,CN-00000114,POL000214,CUST000777,COV000114,2026-06-27,2026-07-11,reopened,weather,64.79,18.68
CLM000115,CN-00000115,POL000215,CUST004417,COV000115,2024-06-08,2024-06-22,reopened,theft,472.47,20.49
CLM000116,CN-00000116,POL000216,CUST001959,COV000116,2026-04-30,2026-05-02,reopened,fire,312.47,48.94
CLM000117,CN-00000117,POL000217,CUST001841,COV000117,2025-07-27,2025-07-28,closed,liability,726.51,199.33
CLM000118,CN-00000118,POL000218,CUST002674,COV000118,2024-03-19,2024-03-21,closed,water_damage,564.29,37.17
CLM000119,CN-00000119,POL000219,CUST004479,COV000119,2025-12-25,2026-01-07,closed,theft,882.12,187.1
CLM000120,CN-00000120,POL000220,CUST004127,COV000120,2024-06-18,2024-06-30,closed,theft,397.58,82.64
CLM000121,CN-00000121,POL000221,CUST003004,COV000121,2025-05-24,2025-05-24,reopened,weather,752.81,150.3
CLM000122,CN-00000122,POL000222,CUST004393,COV000122,2024-06-09,2024-06-11,subrogation,other,824.64,22.09
CLM000123,CN-00000123,POL000223,CUST003168,COV000123,2026-04-02,2026-04-07,subrogation,water_damage,445.43,130.64
CLM000124,CN-00000124,POL000224,CUST000167,COV000124,2024-03-24,2024-04-04,closed,liability,442.38,69.1
CLM000125,CN-00000125,POL000225,CUST002372,COV000125,2025-03-14,2025-03-19,closed,collision,6913.89,1322.77
CLM000126,CN-00000126,POL000226,CUST002000,COV000126,2026-08-16,2026-08-24,closed,water_damage,257.17,21.98
CLM000127,CN-00000127,POL000227,CUST003229,COV000127,2026-08-09,2026-08-17,subrogation,weather,725.42,43.28
CLM000128,CN-00000128,POL000228,CUST003320,COV000128,2025-09-06,2025-09-16,reopened,collision,718.68,157.78
CLM000129,CN-00000129,POL000229,CUST004093,COV000129,2024-03-02,2024-03-06,denied,collision,886.85,130.51
CLM000130,CN-00000130,POL000230,CUST001963,COV000130,2025-02-21,2025-02-23,reopened,water_damage,582.44,113.37
CLM000131,CN-00000131,POL000231,CUST000779,COV000131,2025-04-14,2025-04-18,reopened,fire,98.35,12.94
CLM000132,CN-00000132,POL000232,CUST003536,COV000132,2024-02-27,2024-03-01,closed,weather,214.58,42.45
CLM000133,CN-00000133,POL000233,CUST002507,COV000133,2026-04-24,2026-04-26,open,theft,65.2,12.1
CLM000134,CN-00000134,POL000234,CUST003100,COV000134,2025-06-26,2025-07-01,subrogation,weather,485.53,53.73
CLM000135,CN-00000135,POL000235,CUST004190,COV000135,2026-02-17,2026-02-26,closed,liability,490.45,114.86
CLM000136,CN-00000136,POL000236,CUST003397,COV000136,2024-04-07,2024-04-11,reopened,collision,784.68,87.83
CLM000137,CN-00000137,POL000237,CUST000051,COV000137,2025-05-17,2025-05-30,denied,fire,105.02,7.66
CLM000138,CN-00000138,POL000238,CUST002749,COV000138,2025-10-01,2025-10-12,reopened,water_damage,602.86,146.88
CLM000139,CN-00000139,POL000239,CUST001099,COV000139,2026-07-24,2026-07-24,closed,liability,51.06,1.45
CLM000140,CN-00000140,POL000240,CUST004028,COV000140,2024-01-13,2024-01-15,subrogation,fire,158.02,36.24
CLM000141,CN-00000141,POL000241,CUST001810,COV000141,2025-11-05,2025-11-07,reopened,weather,312.33,29.79
CLM000142,CN-00000142,POL000242,CUST002244,COV000142,2025-02-23,2025-02-28,denied,water_damage,284.66,71.86
CLM000143,CN-00000143,POL000243,CUST002083,COV000143,2025-06-12,2025-06-24,denied,water_damage,792.06,217.32
CLM000144,CN-00000144,POL000244,CUST000126,COV000144,2024-07-12,2024-07-20,closed,theft,327.75,88.87
CLM000145,CN-00000145,POL000245,CUST001998,COV000145,2024-02-18,2024-02-27,closed,collision,453.69,107.66
CLM000146,CN-00000146,POL000246,CUST003554,COV000146,2025-04-21,2025-05-01,closed,theft,88.48,0.11
CLM000147,CN-00000147,POL000247,CUST001632,COV000147,2024-04-20,2024-04-25,closed,liability,428.09,127.06
CLM000148,CN-00000148,POL000248,CUST002596,COV000148,2026-08-01,2026-08-02,closed,theft,465.68,130.23
CLM000149,CN-00000149,POL000249,CUST002398,COV000149,2026-08-24,2026-08-30,reopened,liability,825.84,85.73
CLM000150,CN-00000150,POL000250,CUST001474,COV000150,2026-06-01,2026-06-15,subrogation,weather,903.15,39.81
CLM000151,CN-00000151,POL000251,CUST004805,COV000151,2024-05-11,2024-05-25,subrogation,theft,992.93,265.83
CLM000152,CN-00000152,POL000252,CUST004486,COV000152,2026-03-12,2026-03-17,closed,theft,902.19,210.24
CLM000153,CN-00000153,POL000253,CUST000373,COV000153,2024-07-26,2024-07-29,open,collision,995.43,163.53
CLM000154,CN-00000154,POL000254,CUST001114,COV000154,2024-01-16,2024-01-27,open,theft,816.21,159.61
CLM000155,CN-00000155,POL000255,CUST002024,COV000155,2025-04-13,2025-04-16,subrogation,liability,830.62,102.52
CLM000156,CN-00000156,POL000256,CUST004919,COV000156,2025-05-09,2025-05-13,reopened,theft,924.18,139.48
CLM000157,CN-00000157,POL000257,CUST002423,COV000157,2026-04-26,2026-05-09,reopened,weather,197.25,36.71
CLM000158,CN-00000158,POL000258,CUST001725,COV000158,2024-06-23,2024-06-28,closed,collision,570.09,53.35
CLM000159,CN-00000159,POL000259,CUST004298,COV000159,2024-02-28,2024-03-10,closed,theft,852.47,131.97
CLM000160,CN-00000160,POL000260,CUST002087,COV000160,2026-03-28,2026-04-11,closed,collision,817.09,36.18
CLM000161,CN-00000161,POL000261,CUST004840,COV000161,2026-01-15,2026-01-20,subrogation,fire,307.38,8.46
CLM000162,CN-00000162,POL000262,CUST000469,COV000162,2026-05-30,2026-05-31,denied,liability,364.43,34.91
CLM000163,CN-00000163,POL000263,CUST000228,COV000163,2025-11-05,2025-11-11,closed,other,606.3,69.36
CLM000164,CN-00000164,POL000264,CUST001396,COV000164,2024-04-05,2024-04-08,subrogation,liability,7353.57,1060.47
CLM000165,CN-00000165,POL000265,CUST003855,COV000165,2024-07-07,2024-07-16,reopened,weather,353.54,60.21
CLM000166,CN-00000166,POL000266,CUST003969,COV000166,2024-04-06,2024-04-19,closed,water_damage,223.38,32.28
CLM000167,CN-00000167,POL000267,CUST004325,COV000167,2025-08-18,2025-08-27,closed,collision,995.97,187.94
CLM000168,CN-00000168,POL000268,CUST003988,COV000168,2026-03-21,2026-03-22,reopened,liability,204.91,56.85
CLM000169,CN-00000169,POL000269,CUST003317,COV000169,2026-05-25,2026-06-08,subrogation,water_damage,952.93,236.79
CLM000170,CN-00000170,POL000270,CUST000476,COV000170,2025-03-01,2025-03-05,closed,weather,133.92,23.42
CLM000171,CN-00000171,POL000271,CUST000866,COV000171,2025-03-10,2025-03-15,reopened,theft,292.61,61.47
CLM000172,CN-00000172,POL000272,CUST001261,COV000172,2025-08-17,2025-08-25,open,fire,497.65,32.57
CLM000173,CN-00000173,POL000273,CUST001770,COV000173,2026-05-25,2026-06-02,closed,other,760.79,55.28
CLM000174,CN-00000174,POL000274,CUST004979,COV000174,2024-06-30,2024-07-02,open,water_damage,89.97,0.13
CLM000175,CN-00000175,POL000275,CUST003528,COV000175,2024-11-13,2024-11-22,denied,liability,306.37,22.83
CLM000176,CN-00000176,POL000276,CUST000809,COV000176,2024-06-18,2024-06-19,closed,weather,731.9,18.05
CLM000177,CN-00000177,POL000277,CUST001225,COV000177,2024-02-25,2024-03-06,open,other,911.7,81.82
CLM000178,CN-00000178,POL000278,CUST003158,COV000178,2026-03-17,2026-03-24,reopened,weather,502.34,6.04
CLM000179,CN-00000179,POL000279,CUST001804,COV000179,2024-07-12,2024-07-19,closed,weather,117.11,21.36
CLM000180,CN-00000180,POL000280,CUST003004,COV000180,2025-06-15,2025-06-18,open,theft,812.53,50.0
CLM000181,CN-00000181,POL000281,CUST001542,COV000181,2025-03-24,2025-03-29,reopened,liability,758.2,75.53
CLM000182,CN-00000182,POL000282,CUST000248,COV000182,2026-08-26,2026-09-09,closed,theft,582.03,116.06
CLM000183,CN-00000183,POL000283,CUST002496,COV000183,2024-12-27,2025-01-07,closed,fire,539.22,104.71
CLM000184,CN-00000184,POL000284,CUST003683,COV000184,2024-04-14,2024-04-18,subrogation,fire,193.75,31.8
CLM000185,CN-00000185,POL000285,CUST003417,COV000185,2025-11-23,2025-11-24,closed,other,175.61,38.4
CLM000186,CN-00000186,POL000286,CUST003190,COV000186,2024-04-27,2024-05-03,subrogation,water_damage,754.89,9.5
CLM000187,CN-00000187,POL000287,CUST003154,COV000187,2026-08-09,2026-08-15,closed,fire,95.95,8.31
CLM000188,CN-00000188,POL000288,CUST003852,COV000188,2024-04-10,2024-04-23,closed,weather,281.94,49.62
CLM000189,CN-00000189,POL000289,CUST004251,COV000189,2024-04-14,2024-04-17,open,collision,894.75,242.33
CLM000190,CN-00000190,POL000290,CUST004071,COV000190,2024-01-11,2024-01-18,denied,liability,653.27,58.37
CLM000191,CN-00000191,POL000291,CUST000260,COV000191,2026-01-18,2026-01-24,closed,other,167.83,20.45
CLM000192,CN-00000192,POL000292,CUST004148,COV000192,2024-10-25,2024-11-01,closed,theft,622.85,17.05
CLM000193,CN-00000193,POL000293,CUST004721,COV000193,2026-08-06,2026-08-19,denied,fire,379.18,38.08
CLM000194,CN-00000194,POL000294,CUST003361,COV000194,2024-09-06,2024-09-11,closed,liability,795.11,14.84
CLM000195,CN-00000195,POL000295,CUST002719,COV000195,2026-04-06,2026-04-07,open,fire,908.99,120.52
CLM000196,CN-00000196,POL000296,CUST003155,COV000196,2024-10-11,2024-10-17,closed,liability,855.63,98.42
CLM000197,CN-00000197,POL000297,CUST001177,COV000197,2025-08-07,2025-08-20,closed,theft,77.07,10.46
CLM000198,CN-00000198,POL000298,CUST004606,COV000198,2026-02-28,2026-03-07,reopened,other,461.29,87.35
CLM000199,CN-00000199,POL000299,CUST004772,COV000199,2025-08-06,2025-08-09,closed,theft,892.06,174.89
CLM000200,CN-00000200,POL000300,CUST002849,COV000200,2025-06-21,2025-07-01,closed,weather,643.96,50.39
CLM000201,CN-00000201,POL000301,CUST001859,COV000201,2026-03-15,2026-03-26,closed,other,209.3,3.84
CLM000202,CN-00000202,POL000302,CUST004339,COV000202,2024-02-21,2024-03-01,denied,weather,908.91,35.45
CLM000203,CN-00000203,POL000303,CUST001010,COV000203,2025-07-23,2025-07-26,closed,water_damage,701.99,103.34
CLM000204,CN-00000204,POL000304,CUST000783,COV000204,2026-04-30,2026-05-02,denied,collision,688.14,199.8
CLM000205,CN-00000205,POL000305,CUST002227,COV000205,2024-08-10,2024-08-17,closed,water_damage,269.01,19.01
CLM000206,CN-00000206,POL000306,CUST001008,COV000206,2026-09-10,2026-09-10,open,collision,168.83,25.44
CLM000207,CN-00000207,POL000307,CUST004975,COV000207,2026-08-16,2026-08-26,open,theft,588.37,80.81
CLM000208,CN-00000208,POL000308,CUST004603,COV000208,2025-07-01,2025-07-08,closed,theft,631.35,147.02
CLM000209,CN-00000209,POL000309,CUST001689,COV000209,2025-09-11,2025-09-18,closed,other,268.53,61.43
CLM000210,CN-00000210,POL000310,CUST004909,COV000210,2024-12-30,2024-12-31,closed,theft,568.57,133.49
CLM000211,CN-00000211,POL000311,CUST003368,COV000211,2024-01-29,2024-02-11,closed,water_damage,86.94,4.81
CLM000212,CN-00000212,POL000312,CUST003001,COV000212,2025-01-06,2025-01-07,reopened,weather,992.76,200.47
CLM000213,CN-00000213,POL000313,CUST003968,COV000213,2024-06-26,2024-07-06,closed,fire,282.69,30.22
CLM000214,CN-00000214,POL000314,CUST004809,COV000214,2025-08-04,2025-08-09,open,weather,522.05,56.14
CLM000215,CN-00000215,POL000315,CUST004060,COV000215,2025-06-18,2025-06-28,closed,water_damage,881.74,160.61
CLM000216,CN-00000216,POL000316,CUST000876,COV000216,2024-04-09,2024-04-10,denied,fire,809.54,71.81
CLM000217,CN-00000217,POL000317,CUST001293,COV000217,2024-06-07,2024-06-16,closed,water_damage,355.93,63.28
CLM000218,CN-00000218,POL000318,CUST000816,COV000218,2026-05-27,2026-06-01,denied,fire,467.39,84.04
CLM000219,CN-00000219,POL000319,CUST003935,COV000219,2026-04-07,2026-04-15,closed,liability,998.91,140.27
CLM000220,CN-00000220,POL000320,CUST004716,COV000220,2025-11-13,2025-11-18,reopened,collision,298.08,75.34
CLM000221,CN-00000221,POL000321,CUST002669,COV000221,2024-04-24,2024-04-25,closed,other,306.94,81.2
CLM000222,CN-00000222,POL000322,CUST004977,COV000222,2025-05-23,2025-06-06,open,theft,147.23,23.26
CLM000223,CN-00000223,POL000323,CUST003991,COV000223,2026-06-02,2026-06-16,subrogation,fire,357.02,84.63
CLM000224,CN-00000224,POL000324,CUST001376,COV000224,2025-12-20,2025-12-22,open,collision,178.31,27.24
CLM000225,CN-00000225,POL000325,CUST000589,COV000225,2025-01-15,2025-01-15,closed,liability,580.0,77.08
CLM000226,CN-00000226,POL000326,CUST003449,COV000226,2024-01-05,2024-01-12,subrogation,other,260.68,16.47
CLM000227,CN-00000227,POL000327,CUST003146,COV000227,2025-03-06,2025-03-19,subrogation,other,528.97,130.87
CLM000228,CN-00000228,POL000328,CUST003571,COV000228,2026-02-16,2026-02-24,closed,water_damage,219.66,40.13
CLM000229,CN-00000229,POL000329,CUST002875,COV000229,2025-08-07,2025-08-19,closed,water_damage,906.99,258.35
CLM000230,CN-00000230,POL000330,CUST000242,COV000230,2024-12-11,2024-12-13,closed,theft,855.96,6.74
CLM000231,CN-00000231,POL000331,CUST000455,COV000231,2024-04-27,2024-05-10,reopened,fire,397.53,28.96
CLM000232,CN-00000232,POL000332,CUST002646,COV000232,2026-05-18,2026-05-18,closed,fire,600.91,166.11
CLM000233,CN-00000233,POL000333,CUST000934,COV000233,2025-12-26,2026-01-08,denied,collision,659.8,2.8
CLM000234,CN-00000234,POL000334,CUST001366,COV000234,2024-12-10,2024-12-14,closed,weather,533.93,134.14
CLM000235,CN-00000235,POL000335,CUST000099,COV000235,2025-09-28,2025-10-04,closed,collision,380.76,64.64
CLM000236,CN-00000236,POL000336,CUST002728,COV000236,2025-12-31,2026-01-06,closed,theft,420.19,27.08
CLM000237,CN-00000237,POL000337,CUST003634,COV000237,2026-01-26,2026-01-31,closed,liability,792.89,11.34
CLM000238,CN-00000238,POL000338,CUST003050,COV000238,2024-03-16,2024-03-22,subrogation,fire,123.49,15.38
CLM000239,CN-00000239,POL000339,CUST002850,COV000239,2026-06-20,2026-06-23,reopened,collision,113.44,24.43
CLM000240,CN-00000240,POL000340,CUST003060,COV000240,2025-03-12,2025-03-12,denied,liability,562.37,68.28
CLM000241,CN-00000241,POL000341,CUST001038,COV000241,2025-05-28,2025-06-08,closed,other,665.21,87.38
CLM000242,CN-00000242,POL000342,CUST001420,COV000242,2025-11-12,2025-11-14,closed,weather,731.03,138.33
CLM000243,CN-00000243,POL000343,CUST002020,COV000243,2025-10-10,2025-10-20,closed,liability,375.29,93.15
CLM000244,CN-00000244,POL000344,CUST002834,COV000244,2025-10-22,2025-10-23,closed,liability,693.89,127.41
CLM000245,CN-00000245,POL000345,CUST002976,COV000245,2024-02-03,2024-02-06,reopened,other,338.2,84.27
CLM000246,CN-00000246,POL000346,CUST002741,COV000246,2026-04-15,2026-04-29,closed,theft,795.07,137.52
CLM000247,CN-00000247,POL000347,CUST002058,COV000247,2024-06-23,2024-07-02,subrogation,theft,629.69,81.54
CLM000248,CN-00000248,POL000348,CUST004035,COV000248,2024-01-16,2024-01-18,closed,liability,808.67,156.51
CLM000249,CN-00000249,POL000349,CUST000731,COV000249,2025-05-24,2025-05-29,closed,other,759.47,142.44
CLM000250,CN-00000250,POL000350,CUST003536,COV000250,2024-01-10,2024-01-16,closed,water_damage,359.87,55.92
CLM000251,CN-00000251,POL000351,CUST002144,COV000251,2024-01-15,2024-01-19,subrogation,liability,573.66,30.12
CLM000252,CN-00000252,POL000352,CUST000020,COV000252,2025-05-22,2025-05-28,open,collision,208.03,37.96
CLM000253,CN-00000253,POL000353,CUST003627,COV000253,2025-05-07,2025-05-07,open,other,305.42,25.22
CLM000254,CN-00000254,POL000354,CUST004552,COV000254,2025-04-21,2025-04-23,subrogation,liability,286.39,22.13
CLM000255,CN-00000255,POL000355,CUST000979,COV000255,2024-06-26,2024-07-03,closed,other,744.28,221.17
CLM000256,CN-00000256,POL000356,CUST004928,COV000256,2024-02-21,2024-03-05,closed,liability,374.04,51.87
CLM000257,CN-00000257,POL000357,CUST004439,COV000257,2024-07-30,2024-08-12,open,collision,602.61,61.87
CLM000258,CN-00000258,POL000358,CUST004161,COV000258,2024-02-18,2024-02-26,subrogation,water_damage,998.79,120.82
CLM000259,CN-00000259,POL000359,CUST000207,COV000259,2025-07-25,2025-07-25,open,weather,895.45,139.74
CLM000260,CN-00000260,POL000360,CUST000396,COV000260,2024-12-21,2024-12-21,closed,fire,615.15,120.36
CLM000261,CN-00000261,POL000361,CUST003540,COV000261,2025-02-27,2025-03-03,open,liability,744.33,132.72
CLM000262,CN-00000262,POL000362,CUST001933,COV000262,2026-08-12,2026-08-18,reopened,theft,927.69,90.25
CLM000263,CN-00000263,POL000363,CUST001124,COV000263,2026-02-21,2026-02-21,closed,fire,595.66,113.33
CLM000264,CN-00000264,POL000364,CUST003671,COV000264,2025-11-04,2025-11-16,subrogation,fire,696.97,197.11
CLM000265,CN-00000265,POL000365,CUST002841,COV000265,2024-10-14,2024-10-25,reopened,fire,209.32,10.07
CLM000266,CN-00000266,POL000366,CUST002192,COV000266,2026-03-25,2026-04-02,denied,other,357.19,101.37
CLM000267,CN-00000267,POL000367,CUST002630,COV000267,2026-01-24,2026-01-26,closed,theft,757.82,183.71
CLM000268,CN-00000268,POL000368,CUST001836,COV000268,2024-02-08,2024-02-11,closed,other,478.48,77.65
CLM000269,CN-00000269,POL000369,CUST002900,COV000269,2025-10-04,2025-10-11,subrogation,theft,418.09,86.31
CLM000270,CN-00000270,POL000370,CUST004197,COV000270,2024-04-07,2024-04-18,subrogation,water_damage,246.92,29.12
CLM000271,CN-00000271,POL000371,CUST002484,COV000271,2026-04-06,2026-04-15,denied,weather,899.04,55.15
CLM000272,CN-00000272,POL000372,CUST000823,COV000272,2026-09-05,2026-09-07,closed,other,764.47,204.72
CLM000273,CN-00000273,POL000373,CUST004617,COV000273,2025-11-24,2025-12-08,denied,weather,841.92,47.4
CLM000274,CN-00000274,POL000374,CUST001853,COV000274,2026-08-14,2026-08-18,open,other,596.28,21.35
CLM000275,CN-00000275,POL000375,CUST003159,COV000275,2025-09-10,2025-09-23,closed,water_damage,515.1,35.07
CLM000276,CN-00000276,POL000376,CUST004658,COV000276,2025-09-25,2025-09-25,reopened,liability,5683.58,304.09
CLM000277,CN-00000277,POL000377,CUST000972,COV000277,2025-09-04,2025-09-14,denied,collision,771.47,3.42
CLM000278,CN-00000278,POL000378,CUST002011,COV000278,2024-03-05,2024-03-12,closed,collision,112.17,14.21
CLM000279,CN-00000279,POL000379,CUST002288,COV000279,2025-10-11,2025-10-22,closed,theft,385.69,89.24
CLM000280,CN-00000280,POL000380,CUST004471,COV000280,2024-11-23,2024-12-05,closed,theft,329.66,40.52
CLM000281,CN-00000281,POL000381,CUST003139,COV000281,2024-09-02,2024-09-13,open,liability,857.33,174.85
CLM000282,CN-00000282,POL000382,CUST004899,COV000282,2026-08-24,2026-09-05,closed,theft,530.88,73.46
CLM000283,CN-00000283,POL000383,CUST003395,COV000283,2024-07-22,2024-07-29,closed,other,315.68,7.64
CLM000284,CN-00000284,POL000384,CUST002084,COV000284,2024-05-02,2024-05-03,closed,collision,448.92,19.15
CLM000285,CN-00000285,POL000385,CUST003853,COV000285,2024-07-15,2024-07-23,open,fire,611.02,181.2
CLM000286,CN-00000286,POL000386,CUST000146,COV000286,2026-05-23,2026-05-23,closed,theft,255.81,54.28
CLM000287,CN-00000287,POL000387,CUST004621,COV000287,2025-09-10,2025-09-14,closed,collision,356.87,3.11
CLM000288,CN-00000288,POL000388,CUST004681,COV000288,2025-06-08,2025-06-08,denied,weather,178.44,50.2
CLM000289,CN-00000289,POL000389,CUST002274,COV000289,2024-01-12,2024-01-12,denied,other,461.01,37.72
CLM000290,CN-00000290,POL000390,CUST001778,COV000290,2026-05-13,2026-05-22,closed,theft,748.5,85.64
CLM000291,CN-00000291,POL000391,CUST003498,COV000291,2026-05-18,2026-05-25,closed,other,578.85,161.49
CLM000292,CN-00000292,POL000392,CUST003985,COV000292,2024-10-18,2024-10-21,denied,theft,968.86,203.09
CLM000293,CN-00000293,POL000393,CUST000800,COV000293,2024-03-11,2024-03-17,subrogation,water_damage,354.36,53.59
CLM000294,CN-00000294,POL000394,CUST002051,COV000294,2025-07-20,2025-08-03,reopened,fire,912.76,199.31
CLM000295,CN-00000295,POL000395,CUST000696,COV000295,2026-07-02,2026-07-03,open,fire,109.52,32.84
CLM000296,CN-00000296,POL000396,CUST002833,COV000296,2025-01-10,2025-01-21,open,weather,381.48,107.5
CLM000297,CN-00000297,POL000397,CUST002659,COV000297,2024-03-15,2024-03-27,denied,other,134.57,27.88
CLM000298,CN-00000298,POL000398,CUST001050,COV000298,2024-02-24,2024-03-06,closed,theft,163.48,25.63
CLM000299,CN-00000299,POL000399,CUST002067,COV000299,2025-02-26,2025-03-01,closed,theft,62.83,17.92
CLM000300,CN-00000300,POL000400,CUST004270,COV000300,2025-07-08,2025-07-16,denied,liability,413.24,71.96
CLM000301,CN-00000301,POL000401,CUST003539,COV000301,2024-04-28,2024-05-06,open,collision,291.3,9.83
CLM000302,CN-00000302,POL000402,CUST003246,COV000302,2026-09-01,2026-09-02,closed,other,136.96,39.63
CLM000303,CN-00000303,POL000403,CUST001445,COV000303,2026-04-27,2026-05-01,denied,liability,506.6,104.04
CLM000304,CN-00000304,POL000404,CUST004121,COV000304,2024-07-02,2024-07-11,denied,collision,974.68,193.61
CLM000305,CN-00000305,POL000405,CUST003141,COV000305,2024-01-19,2024-01-28,denied,fire,830.12,150.08
CLM000306,CN-00000306,POL000406,CUST001978,COV000306,2024-08-20,2024-08-26,open,weather,311.17,8.67
CLM000307,CN-00000307,POL000407,CUST000666,COV000307,2026-05-15,2026-05-15,denied,water_damage,461.97,82.5
CLM000308,CN-00000308,POL000408,CUST003647,COV000308,2026-04-11,2026-04-22,closed,other,66.26,10.77
CLM000309,CN-00000309,POL000409,CUST004666,COV000309,2025-04-14,2025-04-26,denied,theft,595.79,4.58
CLM000310,CN-00000310,POL000410,CUST004704,COV000310,2025-12-04,2025-12-13,reopened,other,877.6,144.64
CLM000311,CN-00000311,POL000411,CUST004799,COV000311,2025-08-06,2025-08-08,closed,other,283.59,18.65
CLM000312,CN-00000312,POL000412,CUST003590,COV000312,2024-07-12,2024-07-24,denied,liability,346.68,96.22
CLM000313,CN-00000313,POL000413,CUST002301,COV000313,2024-01-04,2024-01-05,closed,weather,309.41,52.68
CLM000314,CN-00000314,POL000414,CUST001612,COV000314,2025-07-14,2025-07-14,open,water_damage,340.51,96.75
CLM000315,CN-00000315,POL000415,CUST004610,COV000315,2025-05-31,2025-06-06,denied,water_damage,116.73,6.83
CLM000316,CN-00000316,POL000416,CUST004539,COV000316,2025-08-21,2025-08-26,closed,liability,918.35,106.26
CLM000317,CN-00000317,POL000417,CUST004507,COV000317,2024-05-20,2024-05-22,closed,collision,612.97,155.28
CLM000318,CN-00000318,POL000418,CUST002094,COV000318,2025-07-02,2025-07-08,open,theft,646.64,14.95
CLM000319,CN-00000319,POL000419,CUST002620,COV000319,2024-02-06,2024-02-17,closed,water_damage,277.28,82.44
CLM000320,CN-00000320,POL000420,CUST004774,COV000320,2024-04-22,2024-04-28,denied,other,95.27,21.25
CLM000321,CN-00000321,POL000421,CUST000115,COV000321,2025-07-07,2025-07-21,closed,weather,118.09,20.02
CLM000322,CN-00000322,POL000422,CUST002893,COV000322,2025-01-11,2025-01-11,closed,weather,113.4,3.65
CLM000323,CN-00000323,POL000423,CUST001430,COV000323,2026-05-05,2026-05-15,closed,weather,711.66,25.35
CLM000324,CN-00000324,POL000424,CUST001053,COV000324,2025-05-30,2025-06-08,denied,weather,53.76,10.28
CLM000325,CN-00000325,POL000425,CUST002829,COV000325,2024-12-29,2025-01-01,closed,theft,531.91,139.76
CLM000326,CN-00000326,POL000426,CUST000524,COV000326,2024-11-20,2024-11-20,closed,weather,603.41,100.78
CLM000327,CN-00000327,POL000427,CUST001926,COV000327,2026-07-04,2026-07-07,reopened,weather,748.98,32.92
CLM000328,CN-00000328,POL000428,CUST004078,COV000328,2024-09-12,2024-09-25,closed,liability,637.13,70.19
CLM000329,CN-00000329,POL000429,CUST002743,COV000329,2025-09-20,2025-09-30,open,water_damage,501.64,28.32
CLM000330,CN-00000330,POL000430,CUST004836,COV000330,2025-12-22,2025-12-28,closed,weather,79.21,1.19
CLM000331,CN-00000331,POL000431,CUST000615,COV000331,2026-04-25,2026-04-29,reopened,collision,472.11,81.91
CLM000332,CN-00000332,POL000432,CUST003383,COV000332,2025-01-09,2025-01-21,reopened,liability,670.91,35.74
CLM000333,CN-00000333,POL000433,CUST003231,COV000333,2026-06-01,2026-06-06,subrogation,fire,503.1,0.8
CLM000334,CN-00000334,POL000434,CUST002237,COV000334,2025-07-09,2025-07-20,subrogation,fire,107.54,16.39
CLM000335,CN-00000335,POL000435,CUST001887,COV000335,2024-11-17,2024-11-19,reopened,theft,697.43,15.09
CLM000336,CN-00000336,POL000436,CUST000414,COV000336,2024-02-14,2024-02-15,closed,weather,927.31,123.74
CLM000337,CN-00000337,POL000437,CUST004693,COV000337,2025-12-03,2025-12-06,subrogation,weather,220.63,2.56
CLM000338,CN-00000338,POL000438,CUST003111,COV000338,2025-08-14,2025-08-20,reopened,collision,631.24,106.82
CLM000339,CN-00000339,POL000439,CUST000767,COV000339,2024-07-02,2024-07-12,closed,liability,802.19,22.07
CLM000340,CN-00000340,POL000440,CUST002438,COV000340,2024-05-03,2024-05-11,open,collision,289.91,47.35
CLM000341,CN-00000341,POL000441,CUST000590,COV000341,2026-03-01,2026-03-06,reopened,water_damage,437.4,118.36
CLM000342,CN-00000342,POL000442,CUST001938,COV000342,2026-04-11,2026-04-14,denied,fire,352.63,43.79
CLM000343,CN-00000343,POL000443,CUST002443,COV000343,2025-03-12,2025-03-19,subrogation,water_damage,275.33,50.52
CLM000344,CN-00000344,POL000444,CUST000522,COV000344,2024-11-05,2024-11-14,closed,collision,367.83,13.22
CLM000345,CN-00000345,POL000445,CUST000136,COV000345,2025-01-06,2025-01-20,closed,other,559.72,132.76
CLM000346,CN-00000346,POL000446,CUST000968,COV000346,2024-11-06,2024-11-07,closed,liability,674.32,134.29
CLM000347,CN-00000347,POL000447,CUST003649,COV000347,2025-09-27,2025-09-28,closed,weather,319.07,23.52
CLM000348,CN-00000348,POL000448,CUST004108,COV000348,2024-01-25,2024-02-07,closed,theft,892.14,54.39
CLM000349,CN-00000349,POL000449,CUST001601,COV000349,2026-04-14,2026-04-23,reopened,other,926.45,199.38
CLM000350,CN-00000350,POL000450,CUST002990,COV000350,2026-04-22,2026-04-25,denied,liability,967.49,124.22
CLM000351,CN-00000351,POL000451,CUST004880,COV000351,2025-08-20,2025-09-02,reopened,theft,305.73,70.68
CLM000352,CN-00000352,POL000452,CUST000502,COV000352,2025-12-14,2025-12-19,closed,theft,758.94,217.1
CLM000353,CN-00000353,POL000453,CUST001493,COV000353,2024-04-15,2024-04-26,closed,collision,102.45,2.08
CLM000354,CN-00000354,POL000454,CUST004499,COV000354,2024-07-18,2024-07-20,reopened,liability,802.02,119.53
CLM000355,CN-00000355,POL000455,CUST001777,COV000355,2026-03-08,2026-03-22,open,theft,556.71,157.81
CLM000356,CN-00000356,POL000456,CUST004686,COV000356,2025-03-22,2025-04-02,closed,collision,748.61,190.43
CLM000357,CN-00000357,POL000457,CUST003560,COV000357,2024-03-24,2024-03-31,closed,water_damage,460.85,44.74
CLM000358,CN-00000358,POL000458,CUST000685,COV000358,2025-11-14,2025-11-19,reopened,fire,130.3,4.46
CLM000359,CN-00000359,POL000459,CUST003068,COV000359,2026-07-22,2026-07-23,denied,fire,483.27,31.08
CLM000360,CN-00000360,POL000460,CUST003875,COV000360,2026-03-14,2026-03-20,open,theft,165.76,15.27
CLM000361,CN-00000361,POL000461,CUST003020,COV000361,2024-05-04,2024-05-12,closed,water_damage,560.79,60.63
CLM000362,CN-00000362,POL000462,CUST003582,COV000362,2025-09-24,2025-10-05,closed,other,563.61,94.53
CLM000363,CN-00000363,POL000463,CUST001453,COV000363,2025-04-11,2025-04-16,reopened,collision,133.98,2.78
CLM000364,CN-00000364,POL000464,CUST003595,COV000364,2024-08-02,2024-08-12,closed,collision,942.96,245.64
CLM000365,CN-00000365,POL000465,CUST004904,COV000365,2026-03-01,2026-03-12,reopened,fire,77.89,8.96
CLM000366,CN-00000366,POL000466,CUST002538,COV000366,2025-09-05,2025-09-19,closed,weather,948.83,226.4
CLM000367,CN-00000367,POL000467,CUST002630,COV000367,2024-08-10,2024-08-15,denied,theft,441.72,110.27
CLM000368,CN-00000368,POL000468,CUST000081,COV000368,2025-12-15,2025-12-18,closed,water_damage,721.12,51.06
CLM000369,CN-00000369,POL000469,CUST000403,COV000369,2025-03-03,2025-03-03,reopened,fire,102.96,25.71
CLM000370,CN-00000370,POL000470,CUST002873,COV000370,2025-01-02,2025-01-11,closed,fire,434.18,110.25
CLM000371,CN-00000371,POL000471,CUST000087,COV000371,2026-03-28,2026-04-11,denied,water_damage,891.86,226.05
CLM000372,CN-00000372,POL000472,CUST003445,COV000372,2026-03-15,2026-03-22,open,weather,576.88,81.75
CLM000373,CN-00000373,POL000473,CUST003566,COV000373,2024-10-12,2024-10-17,reopened,collision,134.14,15.41
CLM000374,CN-00000374,POL000474,CUST003088,COV000374,2024-04-09,2024-04-23,closed,fire,466.53,91.65
CLM000375,CN-00000375,POL000475,CUST001797,COV000375,2024-09-07,2024-09-17,closed,fire,880.5,39.05
CLM000376,CN-00000376,POL000476,CUST001628,COV000376,2026-08-02,2026-08-10,reopened,weather,120.15,0.78
CLM000377,CN-00000377,POL000477,CUST003526,COV000377,2024-12-30,2025-01-12,denied,collision,844.2,25.24
CLM000378,CN-00000378,POL000478,CUST001486,COV000378,2026-06-11,2026-06-24,denied,liability,740.19,152.41
CLM000379,CN-00000379,POL000479,CUST002566,COV000379,2025-10-12,2025-10-26,closed,other,379.31,76.32
CLM000380,CN-00000380,POL000480,CUST000032,COV000380,2025-04-09,2025-04-23,closed,collision,337.49,49.27
CLM000381,CN-00000381,POL000481,CUST004618,COV000381,2024-06-01,2024-06-06,subrogation,other,211.44,53.96
CLM000382,CN-00000382,POL000482,CUST003988,COV000382,2025-06-07,2025-06-09,closed,water_damage,5315.8,1112.71
CLM000383,CN-00000383,POL000483,CUST002598,COV000383,2026-03-06,2026-03-15,denied,theft,718.91,49.15
CLM000384,CN-00000384,POL000484,CUST003971,COV000384,2026-04-10,2026-04-10,open,weather,437.34,93.09
CLM000385,CN-00000385,POL000485,CUST004332,COV000385,2024-06-28,2024-07-01,open,fire,449.42,22.0
CLM000386,CN-00000386,POL000486,CUST004880,COV000386,2024-05-07,2024-05-11,reopened,collision,551.59,62.37
CLM000387,CN-00000387,POL000487,CUST002005,COV000387,2025-09-07,2025-09-14,denied,water_damage,631.74,47.17
CLM000388,CN-00000388,POL000488,CUST004923,COV000388,2025-04-08,2025-04-12,denied,liability,647.13,37.67
CLM000389,CN-00000389,POL000489,CUST002623,COV000389,2024-01-13,2024-01-13,subrogation,collision,375.56,28.69
CLM000390,CN-00000390,POL000490,CUST001942,COV000390,2025-04-24,2025-04-26,subrogation,fire,776.94,162.06
CLM000391,CN-00000391,POL000491,CUST004221,COV000391,2025-06-06,2025-06-11,subrogation,liability,237.36,37.29
CLM000392,CN-00000392,POL000492,CUST000667,COV000392,2024-04-09,2024-04-20,open,liability,951.15,158.23
CLM000393,CN-00000393,POL000493,CUST004037,COV000393,2026-06-07,2026-06-08,closed,collision,889.12,55.48
CLM000394,CN-00000394,POL000494,CUST001536,COV000394,2025-10-04,2025-10-14,reopened,other,181.28,3.99
CLM000395,CN-00000395,POL000495,CUST002652,COV000395,2025-03-17,2025-03-24,closed,other,206.65,29.48
CLM000396,CN-00000396,POL000496,CUST003112,COV000396,2026-03-16,2026-03-25,reopened,other,607.27,44.88
CLM000397,CN-00000397,POL000497,CUST000551,COV000397,2026-08-05,2026-08-10,closed,collision,198.18,6.04
CLM000398,CN-00000398,POL000498,CUST001030,COV000398,2026-07-14,2026-07-28,closed,theft,937.74,108.25
CLM000399,CN-00000399,POL000499,CUST001920,COV000399,2024-08-16,2024-08-26,closed,water_damage,122.95,23.56
CLM000400,CN-00000400,POL000500,CUST001596,COV000400,2026-05-07,2026-05-17,subrogation,weather,112.87,0.21
CLM000401,CN-00000401,POL000501,CUST004795,COV000401,2024-09-10,2024-09-14,reopened,weather,620.07,64.95
CLM000402,CN-00000402,POL000502,CUST000984,COV000402,2024-11-02,2024-11-06,closed,other,588.81,134.15
CLM000403,CN-00000403,POL000503,CUST002665,COV000403,2026-07-26,2026-07-26,closed,water_damage,616.19,168.78
CLM000404,CN-00000404,POL000504,CUST003901,COV000404,2025-09-05,2025-09-07,closed,other,339.68,78.69
CLM000405,CN-00000405,POL000505,CUST004760,COV000405,2026-05-10,2026-05-23,closed,liability,823.83,149.16
CLM000406,CN-00000406,POL000506,CUST004664,COV000406,2024-01-01,2024-01-14,denied,liability,126.25,37.58
CLM000407,CN-00000407,POL000507,CUST002745,COV000407,2026-03-27,2026-04-01,subrogation,liability,731.45,8.89
CLM000408,CN-00000408,POL000508,CUST002981,COV000408,2024-12-24,2024-12-30,denied,water_damage,930.93,244.76
CLM000409,CN-00000409,POL000509,CUST004996,COV000409,2025-05-10,2025-05-20,closed,theft,256.17,29.43
CLM000410,CN-00000410,POL000510,CUST001895,COV000410,2026-07-09,2026-07-16,closed,liability,563.94,2.35
CLM000411,CN-00000411,POL000511,CUST001298,COV000411,2024-12-14,2024-12-22,closed,other,385.07,14.25
CLM000412,CN-00000412,POL000512,CUST000643,COV000412,2025-09-28,2025-10-04,denied,theft,511.47,97.87
CLM000413,CN-00000413,POL000513,CUST002618,COV000413,2026-08-14,2026-08-24,denied,liability,850.03,215.52
CLM000414,CN-00000414,POL000514,CUST002587,COV000414,2025-05-17,2025-05-23,subrogation,liability,566.15,121.42
CLM000415,CN-00000415,POL000515,CUST000281,COV000415,2026-01-13,2026-01-20,reopened,weather,472.88,122.1
CLM000416,CN-00000416,POL000516,CUST002584,COV000416,2025-07-02,2025-07-03,closed,weather,237.81,12.36
CLM000417,CN-00000417,POL000517,CUST003211,COV000417,2026-09-08,2026-09-10,reopened,other,550.46,105.42
CLM000418,CN-00000418,POL000518,CUST003039,COV000418,2024-05-31,2024-06-14,subrogation,weather,442.7,77.97
CLM000419,CN-00000419,POL000519,CUST001556,COV000419,2025-06-10,2025-06-11,subrogation,fire,8545.1,2001.56
CLM000420,CN-00000420,POL000520,CUST001053,COV000420,2024-10-11,2024-10-20,closed,other,53.49,14.01
CLM000421,CN-00000421,POL000521,CUST000231,COV000421,2024-10-03,2024-10-12,denied,collision,826.95,71.93
CLM000422,CN-00000422,POL000522,CUST001839,COV000422,2025-04-05,2025-04-08,subrogation,weather,513.94,64.35
CLM000423,CN-00000423,POL000523,CUST004699,COV000423,2026-04-04,2026-04-14,open,theft,426.0,13.58
CLM000424,CN-00000424,POL000524,CUST000021,COV000424,2025-03-03,2025-03-10,open,other,924.85,35.8
CLM000425,CN-00000425,POL000525,CUST001768,COV000425,2024-12-19,2024-12-22,closed,collision,770.68,101.9
CLM000426,CN-00000426,POL000526,CUST003483,COV000426,2025-11-29,2025-12-11,open,theft,393.49,99.29
CLM000427,CN-00000427,POL000527,CUST001630,COV000427,2024-12-14,2024-12-28,subrogation,fire,9165.06,1554.12
CLM000428,CN-00000428,POL000528,CUST003270,COV000428,2026-01-16,2026-01-17,open,liability,140.26,5.86
CLM000429,CN-00000429,POL000529,CUST003678,COV000429,2026-04-27,2026-04-27,reopened,liability,960.04,240.91
CLM000430,CN-00000430,POL000530,CUST003621,COV000430,2025-12-31,2025-12-31,reopened,water_damage,816.47,122.19
CLM000431,CN-00000431,POL000531,CUST001466,COV000431,2024-05-02,2024-05-15,reopened,other,626.39,184.51
CLM000432,CN-00000432,POL000532,CUST000212,COV000432,2025-10-07,2025-10-17,reopened,theft,145.1,25.38
CLM000433,CN-00000433,POL000533,CUST001731,COV000433,2026-09-04,2026-09-12,closed,fire,744.29,95.73
CLM000434,CN-00000434,POL000534,CUST001221,COV000434,2024-08-22,2024-08-27,closed,liability,352.21,36.05
CLM000435,CN-00000435,POL000535,CUST002346,COV000435,2024-02-08,2024-02-11,open,weather,486.19,134.02
CLM000436,CN-00000436,POL000536,CUST000958,COV000436,2024-01-01,2024-01-10,closed,liability,527.03,46.31
CLM000437,CN-00000437,POL000537,CUST000939,COV000437,2026-03-08,2026-03-19,open,theft,925.62,64.22
CLM000438,CN-00000438,POL000538,CUST000732,COV000438,2025-07-01,2025-07-06,closed,liability,191.73,41.77
CLM000439,CN-00000439,POL000539,CUST002919,COV000439,2025-01-17,2025-01-22,subrogation,theft,568.94,90.37
CLM000440,CN-00000440,POL000540,CUST002465,COV000440,2024-10-05,2024-10-08,denied,liability,96.83,2.36
CLM000441,CN-00000441,POL000541,CUST000190,COV000441,2024-11-02,2024-11-15,reopened,other,485.75,145.64
CLM000442,CN-00000442,POL000542,CUST002522,COV000442,2026-04-18,2026-04-24,closed,liability,312.9,39.45
CLM000443,CN-00000443,POL000543,CUST004147,COV000443,2024-12-05,2024-12-19,closed,other,507.21,114.79
CLM000444,CN-00000444,POL000544,CUST001783,COV000444,2026-02-02,2026-02-15,closed,liability,263.31,58.82
CLM000445,CN-00000445,POL000545,CUST002665,COV000445,2024-05-01,2024-05-05,subrogation,liability,772.72,122.18
CLM000446,CN-00000446,POL000546,CUST001931,COV000446,2026-03-01,2026-03-12,closed,other,856.79,41.24
CLM000447,CN-00000447,POL000547,CUST003334,COV000447,2025-03-15,2025-03-16,subrogation,liability,523.24,126.04
CLM000448,CN-00000448,POL000548,CUST000286,COV000448,2025-04-29,2025-04-30,subrogation,theft,362.19,92.09
CLM000449,CN-00000449,POL000549,CUST004507,COV000449,2024-05-25,2024-06-07,open,water_damage,558.17,59.03
CLM000450,CN-00000450,POL000550,CUST001358,COV000450,2026-04-12,2026-04-19,reopened,other,731.26,33.92
CLM000451,CN-00000451,POL000551,CUST003585,COV000451,2024-03-15,2024-03-23,reopened,liability,692.44,31.05
CLM000452,CN-00000452,POL000552,CUST004079,COV000452,2024-04-26,2024-04-28,closed,liability,804.6,144.94
CLM000453,CN-00000453,POL000553,CUST003329,COV000453,2025-12-10,2025-12-18,closed,fire,555.08,97.12
CLM000454,CN-00000454,POL000554,CUST004470,COV000454,2025-02-17,2025-02-18,reopened,theft,285.21,40.42
CLM000455,CN-00000455,POL000555,CUST002989,COV000455,2026-06-05,2026-06-13,open,fire,765.38,212.95
CLM000456,CN-00000456,POL000556,CUST003155,COV000456,2026-08-29,2026-09-10,closed,collision,703.64,61.42
CLM000457,CN-00000457,POL000557,CUST001795,COV000457,2026-07-05,2026-07-19,denied,weather,744.23,22.88
CLM000458,CN-00000458,POL000558,CUST001411,COV000458,2024-01-28,2024-02-03,closed,collision,191.58,4.54
CLM000459,CN-00000459,POL000559,CUST004788,COV000459,2025-01-10,2025-01-15,denied,other,3527.69,399.44
CLM000460,CN-00000460,POL000560,CUST004621,COV000460,2024-06-20,2024-06-27,denied,water_damage,398.2,93.27
CLM000461,CN-00000461,POL000561,CUST001897,COV000461,2026-01-06,2026-01-20,denied,water_damage,342.35,72.09
CLM000462,CN-00000462,POL000562,CUST003476,COV000462,2026-02-20,2026-03-01,closed,theft,236.23,28.28
CLM000463,CN-00000463,POL000563,CUST002069,COV000463,2024-01-12,2024-01-17,closed,theft,7917.0,1655.14
CLM000464,CN-00000464,POL000564,CUST000859,COV000464,2024-07-29,2024-08-08,subrogation,weather,828.97,156.12
CLM000465,CN-00000465,POL000565,CUST004098,COV000465,2025-07-26,2025-08-04,open,water_damage,449.15,18.32
CLM000466,CN-00000466,POL000566,CUST002342,COV000466,2024-08-06,2024-08-06,closed,weather,353.62,22.02
CLM000467,CN-00000467,POL000567,CUST003793,COV000467,2025-12-26,2026-01-03,closed,other,445.79,120.43
CLM000468,CN-00000468,POL000568,CUST001107,COV000468,2025-05-06,2025-05-20,reopened,collision,822.52,79.49
CLM000469,CN-00000469,POL000569,CUST004868,COV000469,2024-11-19,2024-11-19,closed,theft,924.71,199.89
CLM000470,CN-00000470,POL000570,CUST003416,COV000470,2026-05-16,2026-05-28,closed,theft,101.81,23.46
CLM000471,CN-00000471,POL000571,CUST002143,COV000471,2024-11-24,2024-12-02,open,fire,222.43,14.4
CLM000472,CN-00000472,POL000572,CUST001016,COV000472,2026-09-12,2026-09-20,closed,other,959.62,107.57
CLM000473,CN-00000473,POL000573,CUST003158,COV000473,2026-06-27,2026-06-27,denied,fire,304.95,77.51
CLM000474,CN-00000474,POL000574,CUST000724,COV000474,2025-07-12,2025-07-26,closed,theft,478.54,136.04
CLM000475,CN-00000475,POL000575,CUST000073,COV000475,2024-01-26,2024-02-08,closed,fire,573.4,158.33
CLM000476,CN-00000476,POL000576,CUST002966,COV000476,2025-07-20,2025-08-03,reopened,theft,653.22,106.08
CLM000477,CN-00000477,POL000577,CUST004434,COV000477,2025-08-20,2025-08-28,closed,fire,512.67,5.71
CLM000478,CN-00000478,POL000578,CUST004306,COV000478,2025-12-16,2025-12-27,reopened,other,441.18,90.67
CLM000479,CN-00000479,POL000579,CUST003206,COV000479,2024-03-01,2024-03-03,open,other,313.23,36.21
CLM000480,CN-00000480,POL000580,CUST001736,COV000480,2024-09-11,2024-09-23,open,theft,378.11,37.44
CLM000481,CN-00000481,POL000581,CUST003850,COV000481,2026-06-30,2026-07-13,open,theft,504.76,43.67
CLM000482,CN-00000482,POL000582,CUST003664,COV000482,2024-01-06,2024-01-08,open,fire,438.1,101.72
CLM000483,CN-00000483,POL000583,CUST002751,COV000483,2026-04-08,2026-04-20,open,liability,66.16,9.8
CLM000484,CN-00000484,POL000584,CUST004403,COV000484,2025-11-18,2025-11-29,subrogation,weather,495.42,102.39
CLM000485,CN-00000485,POL000585,CUST001238,COV000485,2025-08-02,2025-08-04,closed,collision,811.71,188.61
CLM000486,CN-00000486,POL000586,CUST001649,COV000486,2026-02-28,2026-03-04,subrogation,liability,896.39,188.08
CLM000487,CN-00000487,POL000587,CUST003304,COV000487,2025-06-18,2025-06-30,subrogation,liability,836.56,214.13
CLM000488,CN-00000488,POL000588,CUST002707,COV000488,2025-10-17,2025-10-17,subrogation,water_damage,247.17,45.43
CLM000489,CN-00000489,POL000589,CUST001715,COV000489,2026-07-19,2026-07-28,open,water_damage,602.0,113.43
CLM000490,CN-00000490,POL000590,CUST001691,COV000490,2025-11-07,2025-11-09,denied,water_damage,708.0,10.0
CLM000491,CN-00000491,POL000591,CUST002478,COV000491,2026-04-15,2026-04-24,open,collision,633.23,180.44
CLM000492,CN-00000492,POL000592,CUST000835,COV000492,2024-10-10,2024-10-19,reopened,liability,890.89,63.64
CLM000493,CN-00000493,POL000593,CUST002291,COV000493,2026-05-08,2026-05-11,closed,liability,205.63,20.15
CLM000494,CN-00000494,POL000594,CUST000977,COV000494,2024-05-02,2024-05-09,subrogation,fire,14101.31,3195.84
CLM000495,CN-00000495,POL000595,CUST000590,COV000495,2024-12-09,2024-12-16,open,collision,563.59,124.97
CLM000496,CN-00000496,POL000596,CUST004458,COV000496,2024-10-20,2024-10-22,closed,collision,880.75,238.56
CLM000497,CN-00000497,POL000597,CUST002602,COV000497,2024-07-10,2024-07-22,subrogation,water_damage,620.45,121.06
CLM000498,CN-00000498,POL000598,CUST003443,COV000498,2024-07-05,2024-07-18,closed,liability,457.77,30.14
CLM000499,CN-00000499,POL000599,CUST003254,COV000499,2026-05-19,2026-05-28,open,weather,233.08,27.16
CLM000500,CN-00000500,POL000600,CUST002548,COV000500,2025-01-27,2025-01-31,open,weather,318.35,22.71
CLM000501,CN-00000501,POL000601,CUST002760,COV000501,2026-02-23,2026-02-25,closed,liability,83.37,24.71
CLM000502,CN-00000502,POL000602,CUST003492,COV000502,2025-11-16,2025-11-25,closed,liability,139.36,26.32
CLM000503,CN-00000503,POL000603,CUST003407,COV000503,2024-04-11,2024-04-23,subrogation,weather,233.76,43.75
CLM000504,CN-00000504,POL000604,CUST003933,COV000504,2025-05-26,2025-06-02,denied,collision,782.77,210.37
CLM000505,CN-00000505,POL000605,CUST004289,COV000505,2025-09-11,2025-09-17,open,fire,451.94,27.28
CLM000506,CN-00000506,POL000606,CUST001507,COV000506,2026-04-02,2026-04-09,closed,fire,866.72,28.25
CLM000507,CN-00000507,POL000607,CUST004370,COV000507,2024-10-21,2024-10-25,reopened,collision,272.73,59.91
CLM000508,CN-00000508,POL000608,CUST001344,COV000508,2024-11-14,2024-11-18,closed,other,99.8,24.85
CLM000509,CN-00000509,POL000609,CUST001606,COV000509,2025-09-08,2025-09-19,open,collision,239.23,24.16
CLM000510,CN-00000510,POL000610,CUST004740,COV000510,2025-04-25,2025-05-02,denied,theft,127.1,22.3
CLM000511,CN-00000511,POL000611,CUST000427,COV000511,2024-03-08,2024-03-14,closed,collision,120.17,24.95
CLM000512,CN-00000512,POL000612,CUST001453,COV000512,2025-11-16,2025-11-21,subrogation,fire,391.07,6.03
CLM000513,CN-00000513,POL000613,CUST003678,COV000513,2026-02-13,2026-02-21,open,liability,105.61,1.61
CLM000514,CN-00000514,POL000614,CUST001379,COV000514,2025-07-16,2025-07-27,open,other,674.52,4.09
CLM000515,CN-00000515,POL000615,CUST001251,COV000515,2024-12-27,2025-01-01,closed,theft,5448.96,319.85
CLM000516,CN-00000516,POL000616,CUST001431,COV000516,2026-01-30,2026-01-31,closed,weather,437.65,19.24
CLM000517,CN-00000517,POL000617,CUST002039,COV000517,2024-12-25,2025-01-04,closed,fire,475.09,56.13
CLM000518,CN-00000518,POL000618,CUST000699,COV000518,2025-11-30,2025-12-04,closed,other,9030.43,1498.9
CLM000519,CN-00000519,POL000619,CUST003724,COV000519,2024-09-30,2024-10-02,closed,liability,900.49,85.58
CLM000520,CN-00000520,POL000620,CUST002209,COV000520,2025-11-27,2025-12-04,open,other,175.38,44.37
CLM000521,CN-00000521,POL000621,CUST002871,COV000521,2026-05-11,2026-05-20,denied,fire,506.97,54.36
CLM000522,CN-00000522,POL000622,CUST002755,COV000522,2024-09-28,2024-10-08,open,fire,61.22,7.11
CLM000523,CN-00000523,POL000623,CUST004095,COV000523,2024-07-20,2024-07-20,denied,liability,714.33,101.22
CLM000524,CN-00000524,POL000624,CUST000947,COV000524,2024-02-29,2024-03-10,open,collision,925.81,247.2
CLM000525,CN-00000525,POL000625,CUST002971,COV000525,2024-02-26,2024-03-06,denied,weather,8583.21,28.86
CLM000526,CN-00000526,POL000626,CUST000902,COV000526,2025-05-17,2025-05-19,open,liability,475.21,123.85
CLM000527,CN-00000527,POL000627,CUST000947,COV000527,2024-07-09,2024-07-21,reopened,fire,838.27,173.68
CLM000528,CN-00000528,POL000628,CUST001638,COV000528,2025-09-03,2025-09-07,open,water_damage,409.84,70.81
CLM000529,CN-00000529,POL000629,CUST001427,COV000529,2026-05-13,2026-05-14,closed,collision,492.54,110.02
CLM000530,CN-00000530,POL000630,CUST003177,COV000530,2026-07-07,2026-07-15,open,other,397.97,111.9
CLM000531,CN-00000531,POL000631,CUST001858,COV000531,2024-03-01,2024-03-15,denied,liability,438.12,125.7
CLM000532,CN-00000532,POL000632,CUST001280,COV000532,2024-11-15,2024-11-20,subrogation,weather,739.99,57.23
CLM000533,CN-00000533,POL000633,CUST000992,COV000533,2026-01-27,2026-01-30,closed,weather,510.12,64.18
CLM000534,CN-00000534,POL000634,CUST000903,COV000534,2025-05-11,2025-05-14,closed,fire,410.83,2.03
CLM000535,CN-00000535,POL000635,CUST004899,COV000535,2025-05-16,2025-05-19,closed,collision,399.63,20.08
CLM000536,CN-00000536,POL000636,CUST003613,COV000536,2024-06-03,2024-06-10,open,collision,506.02,59.53
CLM000537,CN-00000537,POL000637,CUST002989,COV000537,2026-07-05,2026-07-17,closed,collision,644.0,8.93
CLM000538,CN-00000538,POL000638,CUST001492,COV000538,2024-12-18,2024-12-25,subrogation,liability,570.07,137.89
CLM000539,CN-00000539,POL000639,CUST001522,COV000539,2024-03-13,2024-03-13,open,liability,434.93,93.54
CLM000540,CN-00000540,POL000640,CUST003394,COV000540,2024-05-14,2024-05-23,open,other,820.4,81.8
CLM000541,CN-00000541,POL000641,CUST001584,COV000541,2026-04-17,2026-04-22,denied,water_damage,344.13,95.04
CLM000542,CN-00000542,POL000642,CUST004752,COV000542,2025-12-19,2025-12-24,denied,other,153.94,13.98
CLM000543,CN-00000543,POL000643,CUST001053,COV000543,2025-02-08,2025-02-21,denied,liability,503.27,145.83
CLM000544,CN-00000544,POL000644,CUST002850,COV000544,2025-04-16,2025-04-20,closed,weather,314.17,16.8
CLM000545,CN-00000545,POL000645,CUST004282,COV000545,2025-04-25,2025-04-30,closed,liability,758.2,0.85
CLM000546,CN-00000546,POL000646,CUST004538,COV000546,2024-01-22,2024-01-22,subrogation,other,429.26,42.23
CLM000547,CN-00000547,POL000647,CUST000929,COV000547,2024-11-09,2024-11-17,denied,liability,975.01,141.19
CLM000548,CN-00000548,POL000648,CUST002399,COV000548,2024-05-06,2024-05-06,denied,other,390.96,96.33
CLM000549,CN-00000549,POL000649,CUST003602,COV000549,2025-04-21,2025-04-25,closed,liability,162.59,20.67
CLM000550,CN-00000550,POL000650,CUST002161,COV000550,2024-04-08,2024-04-15,subrogation,collision,14286.36,2787.94
CLM000551,CN-00000551,POL000651,CUST002542,COV000551,2024-12-05,2024-12-16,closed,other,238.62,57.15
CLM000552,CN-00000552,POL000652,CUST000041,COV000552,2025-10-07,2025-10-10,subrogation,weather,256.74,45.49
CLM000553,CN-00000553,POL000653,CUST003304,COV000553,2025-11-28,2025-11-29,open,weather,501.45,61.84
CLM000554,CN-00000554,POL000654,CUST000302,COV000554,2025-07-05,2025-07-10,reopened,collision,464.85,38.1
CLM000555,CN-00000555,POL000655,CUST000742,COV000555,2025-04-02,2025-04-13,reopened,fire,784.87,97.95
CLM000556,CN-00000556,POL000656,CUST000243,COV000556,2026-04-05,2026-04-09,denied,collision,857.24,63.31
CLM000557,CN-00000557,POL000657,CUST003457,COV000557,2025-10-11,2025-10-16,reopened,fire,620.56,72.09
CLM000558,CN-00000558,POL000658,CUST002599,COV000558,2025-02-27,2025-03-06,open,fire,403.32,107.86
CLM000559,CN-00000559,POL000659,CUST001217,COV000559,2025-02-20,2025-03-02,closed,water_damage,883.25,31.09
CLM000560,CN-00000560,POL000660,CUST001414,COV000560,2024-05-19,2024-06-02,reopened,other,521.64,131.55
CLM000561,CN-00000561,POL000661,CUST003876,COV000561,2024-06-03,2024-06-03,open,other,181.3,5.09
CLM000562,CN-00000562,POL000662,CUST004327,COV000562,2025-08-19,2025-08-31,closed,theft,59.83,10.75
CLM000563,CN-00000563,POL000663,CUST002408,COV000563,2025-07-24,2025-08-05,open,fire,865.83,204.56
CLM000564,CN-00000564,POL000664,CUST002144,COV000564,2025-01-12,2025-01-14,denied,weather,982.95,145.39
CLM000565,CN-00000565,POL000665,CUST002769,COV000565,2026-06-11,2026-06-16,closed,water_damage,602.66,30.37
CLM000566,CN-00000566,POL000666,CUST001204,COV000566,2024-03-30,2024-04-10,denied,theft,946.63,75.94
CLM000567,CN-00000567,POL000667,CUST001914,COV000567,2024-12-03,2024-12-15,closed,theft,160.66,25.79
CLM000568,CN-00000568,POL000668,CUST000277,COV000568,2024-03-06,2024-03-11,closed,weather,185.48,35.18
CLM000569,CN-00000569,POL000669,CUST001747,COV000569,2026-01-04,2026-01-10,denied,other,489.86,19.08
CLM000570,CN-00000570,POL000670,CUST001984,COV000570,2025-05-22,2025-05-30,closed,collision,662.54,22.11
CLM000571,CN-00000571,POL000671,CUST000373,COV000571,2026-03-25,2026-03-26,closed,fire,462.43,133.45
CLM000572,CN-00000572,POL000672,CUST003079,COV000572,2024-07-26,2024-08-03,denied,liability,754.35,142.09
CLM000573,CN-00000573,POL000673,CUST000113,COV000573,2024-05-23,2024-05-23,closed,liability,445.07,66.54
CLM000574,CN-00000574,POL000674,CUST004002,COV000574,2024-07-20,2024-07-31,open,collision,632.58,121.31
CLM000575,CN-00000575,POL000675,CUST004987,COV000575,2026-02-20,2026-03-03,closed,water_damage,229.5,11.84
CLM000576,CN-00000576,POL000676,CUST003495,COV000576,2026-07-13,2026-07-14,open,other,503.51,70.52
CLM000577,CN-00000577,POL000677,CUST000627,COV000577,2024-11-18,2024-11-25,reopened,liability,175.64,38.1
CLM000578,CN-00000578,POL000678,CUST000034,COV000578,2024-06-01,2024-06-02,subrogation,other,12169.51,3544.13
CLM000579,CN-00000579,POL000679,CUST000947,COV000579,2025-06-29,2025-07-08,reopened,theft,118.0,28.8
CLM000580,CN-00000580,POL000680,CUST000147,COV000580,2024-03-19,2024-03-29,open,liability,470.29,118.67
CLM000581,CN-00000581,POL000681,CUST002903,COV000581,2024-11-07,2024-11-19,reopened,water_damage,582.26,17.38
CLM000582,CN-00000582,POL000682,CUST004347,COV000582,2024-11-23,2024-12-03,open,fire,802.53,188.39
CLM000583,CN-00000583,POL000683,CUST001684,COV000583,2025-02-21,2025-03-01,denied,theft,191.81,33.39
CLM000584,CN-00000584,POL000684,CUST003490,COV000584,2025-12-23,2025-12-25,closed,fire,591.65,152.33
CLM000585,CN-00000585,POL000685,CUST000289,COV000585,2024-03-14,2024-03-19,closed,fire,248.28,32.83
CLM000586,CN-00000586,POL000686,CUST003998,COV000586,2025-10-14,2025-10-21,closed,weather,872.33,117.44
CLM000587,CN-00000587,POL000687,CUST000442,COV000587,2024-05-01,2024-05-01,denied,collision,492.08,131.43
CLM000588,CN-00000588,POL000688,CUST000965,COV000588,2026-06-20,2026-07-03,open,water_damage,979.45,68.15
CLM000589,CN-00000589,POL000689,CUST001313,COV000589,2025-04-09,2025-04-17,closed,liability,295.11,8.73
CLM000590,CN-00000590,POL000690,CUST001123,COV000590,2025-05-10,2025-05-18,closed,theft,989.9,215.94
CLM000591,CN-00000591,POL000691,CUST003514,COV000591,2025-09-27,2025-10-11,subrogation,water_damage,891.78,21.03
CLM000592,CN-00000592,POL000692,CUST002140,COV000592,2024-10-09,2024-10-14,closed,fire,319.19,61.54
CLM000593,CN-00000593,POL000693,CUST004052,COV000593,2026-05-21,2026-06-02,reopened,weather,194.19,13.96
CLM000594,CN-00000594,POL000694,CUST004015,COV000594,2025-02-13,2025-02-18,denied,fire,506.08,99.93
CLM000595,CN-00000595,POL000695,CUST002536,COV000595,2024-03-06,2024-03-10,closed,collision,414.57,75.3
CLM000596,CN-00000596,POL000696,CUST004866,COV000596,2025-10-12,2025-10-21,subrogation,other,570.02,40.53
CLM000597,CN-00000597,POL000697,CUST002356,COV000597,2025-05-17,2025-05-24,closed,other,610.58,133.97
CLM000598,CN-00000598,POL000698,CUST001114,COV000598,2024-10-23,2024-10-27,open,theft,489.68,90.42
CLM000599,CN-00000599,POL000699,CUST004708,COV000599,2024-10-10,2024-10-20,denied,liability,809.56,80.64
CLM000600,CN-00000600,POL000700,CUST001493,COV000600,2025-08-24,2025-08-25,reopened,fire,723.39,146.96
CLM000601,CN-00000601,POL000701,CUST004265,COV000601,2025-11-25,2025-12-02,reopened,theft,778.73,11.76
CLM000602,CN-00000602,POL000702,CUST001218,COV000602,2024-11-24,2024-11-29,subrogation,theft,939.54,60.76
CLM000603,CN-00000603,POL000703,CUST001700,COV000603,2026-09-04,2026-09-06,reopened,theft,517.84,74.01
CLM000604,CN-00000604,POL000704,CUST000364,COV000604,2024-10-10,2024-10-15,closed,weather,811.76,154.78
CLM000605,CN-00000605,POL000705,CUST002363,COV000605,2025-05-31,2025-06-07,closed,theft,525.56,25.37
CLM000606,CN-00000606,POL000706,CUST001034,COV000606,2025-11-29,2025-12-11,subrogation,fire,809.8,79.37
CLM000607,CN-00000607,POL000707,CUST002043,COV000607,2026-07-09,2026-07-14,closed,other,312.3,53.41
CLM000608,CN-00000608,POL000708,CUST004715,COV000608,2026-03-10,2026-03-18,reopened,liability,761.09,67.75
CLM000609,CN-00000609,POL000709,CUST000098,COV000609,2024-02-18,2024-03-03,denied,theft,493.63,98.54
CLM000610,CN-00000610,POL000710,CUST001389,COV000610,2026-01-21,2026-01-29,closed,water_damage,563.93,123.52
CLM000611,CN-00000611,POL000711,CUST003079,COV000611,2026-01-31,2026-02-09,denied,theft,495.7,136.16
CLM000612,CN-00000612,POL000712,CUST003051,COV000612,2025-01-03,2025-01-13,subrogation,liability,989.97,271.94
CLM000613,CN-00000613,POL000713,CUST002471,COV000613,2024-05-13,2024-05-26,subrogation,liability,576.78,125.04
CLM000614,CN-00000614,POL000714,CUST001617,COV000614,2024-10-15,2024-10-24,reopened,liability,79.96,7.37
CLM000615,CN-00000615,POL000715,CUST001895,COV000615,2026-05-14,2026-05-14,closed,weather,405.03,28.73
CLM000616,CN-00000616,POL000716,CUST002050,COV000616,2025-04-28,2025-04-30,closed,fire,560.24,61.95
CLM000617,CN-00000617,POL000717,CUST000256,COV000617,2024-11-29,2024-12-13,reopened,water_damage,578.56,8.54
CLM000618,CN-00000618,POL000718,CUST002638,COV000618,2025-05-09,2025-05-18,closed,weather,81.52,19.89
CLM000619,CN-00000619,POL000719,CUST004521,COV000619,2025-07-31,2025-08-05,closed,theft,188.68,1.55
CLM000620,CN-00000620,POL000720,CUST001468,COV000620,2026-01-23,2026-01-24,open,liability,462.24,5.55
CLM000621,CN-00000621,POL000721,CUST001117,COV000621,2025-11-22,2025-11-29,closed,liability,606.11,13.84
CLM000622,CN-00000622,POL000722,CUST002791,COV000622,2025-03-04,2025-03-10,denied,liability,520.76,107.75
CLM000623,CN-00000623,POL000723,CUST003492,COV000623,2024-07-07,2024-07-13,closed,weather,630.34,118.96
CLM000624,CN-00000624,POL000724,CUST000273,COV000624,2025-12-17,2025-12-28,closed,liability,311.74,79.65
CLM000625,CN-00000625,POL000725,CUST004043,COV000625,2024-02-09,2024-02-11,reopened,fire,317.94,22.41
CLM000626,CN-00000626,POL000726,CUST004695,COV000626,2025-09-05,2025-09-09,closed,theft,709.59,51.04
CLM000627,CN-00000627,POL000727,CUST004836,COV000627,2024-02-20,2024-02-26,closed,theft,505.7,117.37
CLM000628,CN-00000628,POL000728,CUST000935,COV000628,2026-09-14,2026-09-16,closed,weather,677.4,18.47
CLM000629,CN-00000629,POL000729,CUST000633,COV000629,2025-05-30,2025-06-01,closed,water_damage,276.75,16.21
CLM000630,CN-00000630,POL000730,CUST001731,COV000630,2025-10-12,2025-10-23,closed,fire,514.97,127.19
CLM000631,CN-00000631,POL000731,CUST000120,COV000631,2025-07-23,2025-07-31,denied,weather,419.71,89.86
CLM000632,CN-00000632,POL000732,CUST000791,COV000632,2025-06-19,2025-06-25,denied,collision,475.16,17.26
CLM000633,CN-00000633,POL000733,CUST003536,COV000633,2025-09-16,2025-09-23,closed,collision,501.39,149.87
CLM000634,CN-00000634,POL000734,CUST002632,COV000634,2024-04-08,2024-04-08,reopened,water_damage,895.63,104.11
CLM000635,CN-00000635,POL000735,CUST004964,COV000635,2025-07-27,2025-08-03,denied,collision,60.46,12.38
CLM000636,CN-00000636,POL000736,CUST000981,COV000636,2024-12-19,2024-12-20,closed,theft,277.81,10.22
CLM000637,CN-00000637,POL000737,CUST003906,COV000637,2025-05-08,2025-05-15,closed,other,564.69,115.96
CLM000638,CN-00000638,POL000738,CUST002629,COV000638,2024-05-09,2024-05-19,open,water_damage,750.74,186.62
CLM000639,CN-00000639,POL000739,CUST002155,COV000639,2025-01-24,2025-02-07,subrogation,weather,704.23,152.83
CLM000640,CN-00000640,POL000740,CUST004413,COV000640,2026-05-25,2026-05-27,closed,collision,305.08,52.65
CLM000641,CN-00000641,POL000741,CUST002578,COV000641,2025-04-29,2025-05-02,denied,other,522.89,103.87
CLM000642,CN-00000642,POL000742,CUST003031,COV000642,2024-06-12,2024-06-25,reopened,fire,623.88,165.11
CLM000643,CN-00000643,POL000743,CUST001428,COV000643,2026-07-08,2026-07-19,denied,water_damage,930.77,134.65
CLM000644,CN-00000644,POL000744,CUST004889,COV000644,2024-07-26,2024-07-31,reopened,fire,591.88,77.7
CLM000645,CN-00000645,POL000745,CUST002110,COV000645,2026-08-11,2026-08-21,subrogation,theft,178.45,19.3
CLM000646,CN-00000646,POL000746,CUST004415,COV000646,2026-02-19,2026-02-20,subrogation,water_damage,259.59,26.82
CLM000647,CN-00000647,POL000747,CUST002227,COV000647,2026-06-09,2026-06-12,denied,water_damage,916.41,262.39
CLM000648,CN-00000648,POL000748,CUST000402,COV000648,2024-03-04,2024-03-15,open,liability,447.17,13.02
CLM000649,CN-00000649,POL000749,CUST002088,COV000649,2026-08-01,2026-08-14,closed,water_damage,14439.45,105.02
CLM000650,CN-00000650,POL000750,CUST001729,COV000650,2026-02-06,2026-02-10,closed,collision,628.4,75.56
CLM000651,CN-00000651,POL000751,CUST003329,COV000651,2024-11-03,2024-11-03,closed,water_damage,920.79,211.72
CLM000652,CN-00000652,POL000752,CUST003247,COV000652,2025-08-18,2025-08-19,closed,theft,369.57,15.92
CLM000653,CN-00000653,POL000753,CUST001577,COV000653,2024-10-24,2024-10-31,subrogation,other,325.64,97.39
CLM000654,CN-00000654,POL000754,CUST004155,COV000654,2025-04-15,2025-04-27,reopened,liability,951.02,206.3
CLM000655,CN-00000655,POL000755,CUST003055,COV000655,2025-04-09,2025-04-09,subrogation,theft,353.73,84.53
CLM000656,CN-00000656,POL000756,CUST002526,COV000656,2025-03-10,2025-03-22,closed,liability,93.48,19.9
CLM000657,CN-00000657,POL000757,CUST000579,COV000657,2026-06-13,2026-06-17,denied,weather,764.93,150.48
CLM000658,CN-00000658,POL000758,CUST003941,COV000658,2026-01-14,2026-01-15,reopened,collision,387.2,16.39
CLM000659,CN-00000659,POL000759,CUST001874,COV000659,2024-04-12,2024-04-14,denied,water_damage,709.03,70.36
CLM000660,CN-00000660,POL000760,CUST000475,COV000660,2025-11-11,2025-11-15,reopened,theft,616.0,53.75
CLM000661,CN-00000661,POL000761,CUST002081,COV000661,2026-09-10,2026-09-15,subrogation,theft,833.77,61.97
CLM000662,CN-00000662,POL000762,CUST004138,COV000662,2024-11-18,2024-11-22,denied,theft,921.95,218.85
CLM000663,CN-00000663,POL000763,CUST004443,COV000663,2026-02-15,2026-02-28,subrogation,theft,439.45,21.35
CLM000664,CN-00000664,POL000764,CUST001984,COV000664,2025-07-05,2025-07-09,subrogation,water_damage,526.31,124.9
CLM000665,CN-00000665,POL000765,CUST004880,COV000665,2026-08-23,2026-08-30,reopened,other,676.32,8.92
CLM000666,CN-00000666,POL000766,CUST002660,COV000666,2024-08-14,2024-08-22,denied,theft,730.99,7.59
CLM000667,CN-00000667,POL000767,CUST004713,COV000667,2025-02-11,2025-02-21,closed,fire,217.35,48.75
CLM000668,CN-00000668,POL000768,CUST004460,COV000668,2025-12-31,2026-01-01,subrogation,fire,581.92,78.5
CLM000669,CN-00000669,POL000769,CUST002370,COV000669,2025-04-24,2025-04-28,closed,weather,557.74,83.23
CLM000670,CN-00000670,POL000770,CUST003905,COV000670,2024-12-19,2024-12-29,denied,liability,890.4,29.45
CLM000671,CN-00000671,POL000771,CUST002087,COV000671,2026-09-05,2026-09-10,denied,weather,508.36,122.48
CLM000672,CN-00000672,POL000772,CUST002635,COV000672,2026-04-22,2026-04-23,closed,other,635.83,29.03
CLM000673,CN-00000673,POL000773,CUST003724,COV000673,2024-02-24,2024-02-25,closed,water_damage,555.39,7.92
CLM000674,CN-00000674,POL000774,CUST003566,COV000674,2024-06-27,2024-07-01,closed,water_damage,604.29,54.47
CLM000675,CN-00000675,POL000775,CUST000669,COV000675,2024-08-25,2024-09-06,subrogation,theft,821.35,93.61
CLM000676,CN-00000676,POL000776,CUST002074,COV000676,2025-05-18,2025-05-26,denied,liability,503.97,134.94
CLM000677,CN-00000677,POL000777,CUST003566,COV000677,2024-02-01,2024-02-13,subrogation,liability,815.26,117.58
CLM000678,CN-00000678,POL000778,CUST002909,COV000678,2025-11-10,2025-11-20,open,liability,401.21,97.73
CLM000679,CN-00000679,POL000779,CUST003071,COV000679,2026-05-29,2026-06-07,reopened,liability,106.62,8.01
CLM000680,CN-00000680,POL000780,CUST004844,COV000680,2025-05-07,2025-05-09,subrogation,collision,608.95,0.69
CLM000681,CN-00000681,POL000781,CUST003649,COV000681,2024-10-01,2024-10-14,closed,collision,417.23,100.08
CLM000682,CN-00000682,POL000782,CUST003835,COV000682,2025-09-22,2025-09-29,subrogation,fire,292.09,37.49
CLM000683,CN-00000683,POL000783,CUST002949,COV000683,2026-03-28,2026-03-31,closed,liability,360.87,74.04
CLM000684,CN-00000684,POL000784,CUST004410,COV000684,2024-11-28,2024-12-11,subrogation,fire,863.22,178.7
CLM000685,CN-00000685,POL000785,CUST001774,COV000685,2024-05-23,2024-05-27,closed,other,224.75,1.66
CLM000686,CN-00000686,POL000786,CUST002758,COV000686,2025-03-20,2025-03-20,closed,other,227.13,56.56
CLM000687,CN-00000687,POL000787,CUST002772,COV000687,2025-10-09,2025-10-21,subrogation,collision,243.39,1.21
CLM000688,CN-00000688,POL000788,CUST004631,COV000688,2025-07-04,2025-07-12,closed,collision,362.03,66.86
CLM000689,CN-00000689,POL000789,CUST003852,COV000689,2024-12-09,2024-12-12,open,fire,666.65,169.39
CLM000690,CN-00000690,POL000790,CUST004685,COV000690,2025-07-15,2025-07-22,closed,water_damage,969.0,19.48
CLM000691,CN-00000691,POL000791,CUST004550,COV000691,2024-01-25,2024-02-01,subrogation,other,909.93,180.97
CLM000692,CN-00000692,POL000792,CUST000188,COV000692,2024-09-27,2024-10-03,open,weather,287.76,78.66
CLM000693,CN-00000693,POL000793,CUST001536,COV000693,2024-05-23,2024-06-03,closed,liability,513.45,24.92
CLM000694,CN-00000694,POL000794,CUST001413,COV000694,2024-01-08,2024-01-19,closed,weather,443.42,47.82
CLM000695,CN-00000695,POL000795,CUST002953,COV000695,2025-05-09,2025-05-15,reopened,liability,384.48,69.52
CLM000696,CN-00000696,POL000796,CUST003542,COV000696,2024-02-07,2024-02-08,open,liability,888.99,149.22
CLM000697,CN-00000697,POL000797,CUST002098,COV000697,2025-08-06,2025-08-11,open,liability,393.94,21.88
CLM000698,CN-00000698,POL000798,CUST000530,COV000698,2024-02-15,2024-02-16,closed,fire,295.94,7.59
CLM000699,CN-00000699,POL000799,CUST000178,COV000699,2025-11-09,2025-11-18,open,water_damage,819.7,139.81
CLM000700,CN-00000700,POL000800,CUST002821,COV000700,2024-05-01,2024-05-09,open,other,114.54,14.2
CLM000701,CN-00000701,POL000801,CUST003903,COV000701,2025-10-14,2025-10-22,closed,other,861.3,56.56
CLM000702,CN-00000702,POL000802,CUST003918,COV000702,2024-11-19,2024-11-24,denied,water_damage,53.47,3.11
CLM000703,CN-00000703,POL000803,CUST002523,COV000703,2025-10-02,2025-10-13,open,theft,446.06,30.54
CLM000704,CN-00000704,POL000804,CUST003935,COV000704,2024-07-29,2024-08-05,subrogation,other,972.82,190.81
CLM000705,CN-00000705,POL000805,CUST001439,COV000705,2024-03-15,2024-03-21,closed,fire,569.62,0.93
CLM000706,CN-00000706,POL000806,CUST000740,COV000706,2026-02-27,2026-02-27,subrogation,water_damage,843.88,184.4
CLM000707,CN-00000707,POL000807,CUST001430,COV000707,2026-08-24,2026-09-02,open,liability,358.87,52.73
CLM000708,CN-00000708,POL000808,CUST000877,COV000708,2025-10-10,2025-10-11,reopened,weather,372.11,43.29
CLM000709,CN-00000709,POL000809,CUST002927,COV000709,2024-07-20,2024-08-02,denied,fire,357.62,97.24
CLM000710,CN-00000710,POL000810,CUST001545,COV000710,2026-03-14,2026-03-22,open,water_damage,984.19,119.89
CLM000711,CN-00000711,POL000811,CUST004938,COV000711,2024-06-19,2024-06-27,denied,collision,633.3,89.4
CLM000712,CN-00000712,POL000812,CUST004702,COV000712,2026-04-29,2026-05-01,reopened,theft,234.18,17.04
CLM000713,CN-00000713,POL000813,CUST002927,COV000713,2024-04-09,2024-04-19,subrogation,water_damage,10626.99,1700.21
CLM000714,CN-00000714,POL000814,CUST003154,COV000714,2026-07-14,2026-07-26,open,weather,51.65,10.2
CLM000715,CN-00000715,POL000815,CUST002659,COV000715,2026-05-04,2026-05-07,closed,weather,753.98,105.91
CLM000716,CN-00000716,POL000816,CUST003891,COV000716,2025-02-03,2025-02-03,closed,other,344.31,39.57
CLM000717,CN-00000717,POL000817,CUST003286,COV000717,2026-02-14,2026-02-21,closed,other,250.14,54.57
CLM000718,CN-00000718,POL000818,CUST001294,COV000718,2026-08-13,2026-08-23,reopened,liability,847.33,226.52
CLM000719,CN-00000719,POL000819,CUST002501,COV000719,2026-07-22,2026-07-24,closed,fire,762.01,37.44
CLM000720,CN-00000720,POL000820,CUST004575,COV000720,2026-09-10,2026-09-23,closed,collision,564.6,70.62
CLM000721,CN-00000721,POL000821,CUST004314,COV000721,2025-05-08,2025-05-08,reopened,water_damage,128.57,22.92
CLM000722,CN-00000722,POL000822,CUST003574,COV000722,2026-05-04,2026-05-09,closed,collision,639.95,98.15
CLM000723,CN-00000723,POL000823,CUST004411,COV000723,2025-03-26,2025-03-30,closed,theft,333.23,47.73
CLM000724,CN-00000724,POL000824,CUST001355,COV000724,2026-01-14,2026-01-25,open,water_damage,155.65,46.5
CLM000725,CN-00000725,POL000825,CUST002308,COV000725,2025-01-04,2025-01-04,denied,theft,495.4,8.97
CLM000726,CN-00000726,POL000826,CUST000412,COV000726,2026-02-28,2026-03-01,closed,collision,146.53,8.54
CLM000727,CN-00000727,POL000827,CUST000066,COV000727,2025-10-29,2025-11-06,closed,weather,838.21,35.82
CLM000728,CN-00000728,POL000828,CUST002036,COV000728,2025-03-13,2025-03-27,open,water_damage,442.99,87.41
CLM000729,CN-00000729,POL000829,CUST000817,COV000729,2024-08-28,2024-09-10,reopened,fire,444.02,3.96
CLM000730,CN-00000730,POL000830,CUST000647,COV000730,2025-10-26,2025-10-30,subrogation,water_damage,86.45,22.39
CLM000731,CN-00000731,POL000831,CUST000249,COV000731,2025-11-02,2025-11-05,subrogation,fire,311.7,92.19
CLM000732,CN-00000732,POL000832,CUST001846,COV000732,2025-04-07,2025-04-13,closed,collision,191.6,56.98
CLM000733,CN-00000733,POL000833,CUST000538,COV000733,2025-06-07,2025-06-10,subrogation,other,917.69,221.93
CLM000734,CN-00000734,POL000834,CUST003695,COV000734,2024-07-10,2024-07-17,closed,other,665.96,17.39
CLM000735,CN-00000735,POL000835,CUST000850,COV000735,2024-06-05,2024-06-11,open,liability,254.88,27.33
CLM000736,CN-00000736,POL000836,CUST004879,COV000736,2025-02-20,2025-02-25,reopened,weather,61.66,1.78
CLM000737,CN-00000737,POL000837,CUST002371,COV000737,2026-02-17,2026-03-03,closed,weather,103.2,7.99
CLM000738,CN-00000738,POL000838,CUST001295,COV000738,2025-11-30,2025-12-01,subrogation,water_damage,680.28,140.15
CLM000739,CN-00000739,POL000839,CUST001710,COV000739,2024-04-26,2024-05-06,subrogation,theft,740.52,175.35
CLM000740,CN-00000740,POL000840,CUST000435,COV000740,2025-01-12,2025-01-12,closed,water_damage,128.42,2.84
CLM000741,CN-00000741,POL000841,CUST004445,COV000741,2026-03-31,2026-04-07,open,theft,264.12,51.71
CLM000742,CN-00000742,POL000842,CUST004564,COV000742,2024-06-23,2024-07-01,closed,water_damage,608.98,107.18
CLM000743,CN-00000743,POL000843,CUST002588,COV000743,2025-08-31,2025-08-31,reopened,fire,74.96,7.7
CLM000744,CN-00000744,POL000844,CUST003330,COV000744,2025-05-21,2025-06-01,closed,other,169.94,25.29
CLM000745,CN-00000745,POL000845,CUST002245,COV000745,2026-03-01,2026-03-01,closed,theft,497.01,115.13
CLM000746,CN-00000746,POL000846,CUST002682,COV000746,2024-06-02,2024-06-08,reopened,weather,307.45,50.7
CLM000747,CN-00000747,POL000847,CUST000068,COV000747,2025-03-14,2025-03-23,closed,fire,126.53,2.31
CLM000748,CN-00000748,POL000848,CUST000467,COV000748,2026-09-06,2026-09-19,denied,weather,622.29,99.85
CLM000749,CN-00000749,POL000849,CUST000899,COV000749,2025-08-08,2025-08-14,reopened,fire,500.97,0.56
CLM000750,CN-00000750,POL000850,CUST004246,COV000750,2024-01-23,2024-02-04,subrogation,other,464.31,35.46
CLM000751,CN-00000751,POL000851,CUST004572,COV000751,2024-09-07,2024-09-19,closed,collision,292.69,62.0
CLM000752,CN-00000752,POL000852,CUST000620,COV000752,2026-02-28,2026-02-28,denied,liability,281.19,41.29
CLM000753,CN-00000753,POL000853,CUST001396,COV000753,2024-03-09,2024-03-21,reopened,water_damage,74.32,18.07
CLM000754,CN-00000754,POL000854,CUST002152,COV000754,2026-04-15,2026-04-23,subrogation,theft,183.38,23.94
CLM000755,CN-00000755,POL000855,CUST002286,COV000755,2024-06-30,2024-07-14,closed,other,968.01,2.75
CLM000756,CN-00000756,POL000856,CUST003313,COV000756,2025-01-11,2025-01-13,closed,liability,557.75,40.76
CLM000757,CN-00000757,POL000857,CUST000358,COV000757,2024-03-07,2024-03-09,open,collision,254.26,66.32
CLM000758,CN-00000758,POL000858,CUST001449,COV000758,2024-11-16,2024-11-20,subrogation,collision,440.34,42.33
CLM000759,CN-00000759,POL000859,CUST001172,COV000759,2025-09-23,2025-09-23,closed,water_damage,284.67,72.35
CLM000760,CN-00000760,POL000860,CUST001228,COV000760,2025-05-20,2025-05-31,subrogation,weather,455.23,131.7
CLM000761,CN-00000761,POL000861,CUST000087,COV000761,2025-06-08,2025-06-20,subrogation,collision,619.06,63.17
CLM000762,CN-00000762,POL000862,CUST002949,COV000762,2024-07-22,2024-07-23,closed,weather,428.85,30.64
CLM000763,CN-00000763,POL000863,CUST003830,COV000763,2024-05-16,2024-05-18,closed,water_damage,92.21,25.32
CLM000764,CN-00000764,POL000864,CUST003761,COV000764,2025-07-17,2025-07-27,closed,water_damage,220.72,33.0
CLM000765,CN-00000765,POL000865,CUST000659,COV000765,2026-03-19,2026-03-22,closed,theft,314.46,42.07
CLM000766,CN-00000766,POL000866,CUST004399,COV000766,2025-10-08,2025-10-08,closed,water_damage,515.29,118.35
CLM000767,CN-00000767,POL000867,CUST001467,COV000767,2025-11-10,2025-11-12,subrogation,other,421.45,95.41
CLM000768,CN-00000768,POL000868,CUST003506,COV000768,2025-10-21,2025-10-25,closed,liability,723.95,113.19
CLM000769,CN-00000769,POL000869,CUST001076,COV000769,2024-01-13,2024-01-20,closed,fire,223.01,13.48
CLM000770,CN-00000770,POL000870,CUST001906,COV000770,2024-08-09,2024-08-20,subrogation,collision,447.71,25.52
CLM000771,CN-00000771,POL000871,CUST004849,COV000771,2024-11-27,2024-12-06,subrogation,theft,828.58,163.93
CLM000772,CN-00000772,POL000872,CUST002979,COV000772,2025-12-24,2026-01-04,open,fire,900.43,21.99
CLM000773,CN-00000773,POL000873,CUST003800,COV000773,2026-09-15,2026-09-26,closed,collision,910.74,132.58
CLM000774,CN-00000774,POL000874,CUST000369,COV000774,2026-05-23,2026-06-01,reopened,other,267.44,49.24
CLM000775,CN-00000775,POL000875,CUST003204,COV000775,2026-02-14,2026-02-22,closed,other,892.17,134.75
CLM000776,CN-00000776,POL000876,CUST001445,COV000776,2025-07-14,2025-07-25,closed,collision,990.86,182.84
CLM000777,CN-00000777,POL000877,CUST000499,COV000777,2026-07-12,2026-07-18,closed,collision,210.77,53.64
CLM000778,CN-00000778,POL000878,CUST004422,COV000778,2025-10-15,2025-10-17,open,fire,701.02,57.37
CLM000779,CN-00000779,POL000879,CUST003305,COV000779,2024-07-29,2024-07-31,closed,weather,660.9,34.55
CLM000780,CN-00000780,POL000880,CUST003750,COV000780,2024-12-31,2025-01-08,closed,other,868.52,212.63
CLM000781,CN-00000781,POL000881,CUST000866,COV000781,2025-05-09,2025-05-18,open,other,305.04,69.01
CLM000782,CN-00000782,POL000882,CUST003569,COV000782,2026-09-09,2026-09-19,closed,liability,303.01,17.23
CLM000783,CN-00000783,POL000883,CUST002845,COV000783,2024-12-01,2024-12-01,open,fire,958.92,94.8
CLM000784,CN-00000784,POL000884,CUST002948,COV000784,2024-02-28,2024-03-03,closed,weather,656.12,60.85
CLM000785,CN-00000785,POL000885,CUST001214,COV000785,2025-01-08,2025-01-20,open,fire,12190.2,3564.68
CLM000786,CN-00000786,POL000886,CUST000161,COV000786,2024-05-26,2024-06-06,closed,fire,188.64,54.87
CLM000787,CN-00000787,POL000887,CUST003794,COV000787,2024-06-20,2024-06-20,open,water_damage,304.83,86.14
CLM000788,CN-00000788,POL000888,CUST004390,COV000788,2025-09-09,2025-09-23,subrogation,water_damage,247.56,20.42
CLM000789,CN-00000789,POL000889,CUST000417,COV000789,2025-01-17,2025-01-17,closed,water_damage,586.58,171.19
CLM000790,CN-00000790,POL000890,CUST002353,COV000790,2025-09-19,2025-10-02,open,liability,771.54,226.12
CLM000791,CN-00000791,POL000891,CUST002267,COV000791,2025-08-25,2025-09-04,reopened,theft,507.1,37.28
CLM000792,CN-00000792,POL000892,CUST003393,COV000792,2026-04-17,2026-04-28,closed,collision,565.79,152.69
CLM000793,CN-00000793,POL000893,CUST003145,COV000793,2026-06-25,2026-07-09,closed,collision,490.46,60.16
CLM000794,CN-00000794,POL000894,CUST003830,COV000794,2026-03-26,2026-03-31,closed,fire,196.19,57.99
CLM000795,CN-00000795,POL000895,CUST001988,COV000795,2026-08-21,2026-08-27,closed,other,466.64,36.87
CLM000796,CN-00000796,POL000896,CUST004727,COV000796,2026-07-09,2026-07-14,subrogation,collision,194.44,5.85
CLM000797,CN-00000797,POL000897,CUST001541,COV000797,2024-05-09,2024-05-19,closed,liability,322.3,86.86
CLM000798,CN-00000798,POL000898,CUST000969,COV000798,2025-07-23,2025-08-01,closed,water_damage,410.26,114.64
CLM000799,CN-00000799,POL000899,CUST002691,COV000799,2024-12-09,2024-12-21,closed,liability,432.34,115.5
CLM000800,CN-00000800,POL000900,CUST004440,COV000800,2026-08-20,2026-09-02,reopened,liability,299.72,49.05
CLM000801,CN-00000801,POL000901,CUST001349,COV000801,2026-06-23,2026-07-01,denied,collision,626.84,97.35
CLM000802,CN-00000802,POL000902,CUST001506,COV000802,2025-09-14,2025-09-22,reopened,fire,101.9,11.5
CLM000803,CN-00000803,POL000903,CUST003030,COV000803,2025-12-13,2025-12-25,open,other,101.37,11.5
CLM000804,CN-00000804,POL000904,CUST000661,COV000804,2024-05-19,2024-05-22,closed,fire,437.24,56.65
CLM000805,CN-00000805,POL000905,CUST002961,COV000805,2025-07-27,2025-08-09,closed,other,670.6,155.44
CLM000806,CN-00000806,POL000906,CUST002190,COV000806,2024-01-09,2024-01-12,closed,theft,271.66,14.42
CLM000807,CN-00000807,POL000907,CUST000835,COV000807,2026-01-09,2026-01-23,denied,fire,873.11,201.2
CLM000808,CN-00000808,POL000908,CUST003062,COV000808,2025-09-25,2025-10-05,denied,liability,761.12,54.47
CLM000809,CN-00000809,POL000909,CUST001262,COV000809,2025-05-26,2025-06-09,closed,theft,7786.43,686.85
CLM000810,CN-00000810,POL000910,CUST004784,COV000810,2024-02-02,2024-02-06,subrogation,theft,184.3,21.76
CLM000811,CN-00000811,POL000911,CUST001236,COV000811,2025-01-02,2025-01-02,closed,water_damage,147.45,39.55
CLM000812,CN-00000812,POL000912,CUST000420,COV000812,2024-07-30,2024-07-31,open,collision,386.77,101.84
CLM000813,CN-00000813,POL000913,CUST001219,COV000813,2024-09-28,2024-09-30,closed,other,477.27,45.67
CLM000814,CN-00000814,POL000914,CUST001122,COV000814,2025-07-14,2025-07-28,closed,collision,199.07,11.09
CLM000815,CN-00000815,POL000915,CUST003525,COV000815,2025-10-04,2025-10-14,open,theft,545.9,113.66
CLM000816,CN-00000816,POL000916,CUST003503,COV000816,2024-03-30,2024-04-06,subrogation,collision,805.68,95.47
CLM000817,CN-00000817,POL000917,CUST002582,COV000817,2026-08-25,2026-08-25,closed,collision,402.49,51.49
CLM000818,CN-00000818,POL000918,CUST000962,COV000818,2026-04-07,2026-04-10,closed,other,217.39,34.28
CLM000819,CN-00000819,POL000919,CUST003126,COV000819,2024-07-02,2024-07-10,denied,liability,732.55,10.39
CLM000820,CN-00000820,POL000920,CUST004511,COV000820,2026-04-27,2026-04-28,closed,fire,829.14,192.61
CLM000821,CN-00000821,POL000921,CUST000380,COV000821,2025-05-22,2025-05-22,subrogation,liability,227.85,38.94
CLM000822,CN-00000822,POL000922,CUST001819,COV000822,2025-08-18,2025-09-01,closed,water_damage,639.4,169.53
CLM000823,CN-00000823,POL000923,CUST004670,COV000823,2025-01-14,2025-01-28,closed,other,308.2,60.63
CLM000824,CN-00000824,POL000924,CUST002118,COV000824,2025-11-17,2025-12-01,open,weather,461.65,107.78
CLM000825,CN-00000825,POL000925,CUST003110,COV000825,2026-06-08,2026-06-09,denied,water_damage,708.47,167.07
CLM000826,CN-00000826,POL000926,CUST003185,COV000826,2025-04-17,2025-04-20,closed,theft,611.83,110.94
CLM000827,CN-00000827,POL000927,CUST004965,COV000827,2024-07-04,2024-07-07,denied,water_damage,793.49,156.59
CLM000828,CN-00000828,POL000928,CUST003978,COV000828,2024-04-17,2024-04-30,closed,liability,245.1,71.0
CLM000829,CN-00000829,POL000929,CUST001207,COV000829,2024-07-14,2024-07-14,closed,collision,5839.98,1064.66
CLM000830,CN-00000830,POL000930,CUST004758,COV000830,2025-05-11,2025-05-14,open,other,486.17,34.98
CLM000831,CN-00000831,POL000931,CUST003824,COV000831,2024-02-08,2024-02-10,closed,water_damage,780.44,137.14
CLM000832,CN-00000832,POL000932,CUST000027,COV000832,2026-02-26,2026-03-03,closed,liability,132.34,4.43
CLM000833,CN-00000833,POL000933,CUST003308,COV000833,2026-03-04,2026-03-10,reopened,liability,810.86,200.05
CLM000834,CN-00000834,POL000934,CUST004461,COV000834,2025-10-05,2025-10-11,denied,liability,465.5,58.46
CLM000835,CN-00000835,POL000935,CUST003269,COV000835,2024-12-15,2024-12-24,closed,water_damage,591.16,135.56
CLM000836,CN-00000836,POL000936,CUST000385,COV000836,2024-09-18,2024-09-26,closed,collision,102.97,5.23
CLM000837,CN-00000837,POL000937,CUST003092,COV000837,2026-04-06,2026-04-09,reopened,weather,865.27,72.46
CLM000838,CN-00000838,POL000938,CUST004889,COV000838,2024-08-20,2024-08-29,reopened,theft,932.25,106.0
CLM000839,CN-00000839,POL000939,CUST003628,COV000839,2024-03-09,2024-03-23,subrogation,liability,374.0,70.11
CLM000840,CN-00000840,POL000940,CUST002166,COV000840,2025-05-16,2025-05-30,closed,water_damage,620.34,179.21
CLM000841,CN-00000841,POL000941,CUST002118,COV000841,2024-11-11,2024-11-23,closed,theft,866.98,254.24
CLM000842,CN-00000842,POL000942,CUST002226,COV000842,2024-04-16,2024-04-20,closed,liability,995.46,288.11
CLM000843,CN-00000843,POL000943,CUST002608,COV000843,2025-08-09,2025-08-10,open,water_damage,818.35,18.12
CLM000844,CN-00000844,POL000944,CUST001498,COV000844,2024-05-16,2024-05-19,open,collision,423.61,105.38
CLM000845,CN-00000845,POL000945,CUST003460,COV000845,2025-09-22,2025-10-05,subrogation,fire,650.7,170.88
CLM000846,CN-00000846,POL000946,CUST004964,COV000846,2024-02-14,2024-02-15,reopened,fire,297.6,3.51
CLM000847,CN-00000847,POL000947,CUST000200,COV000847,2026-06-30,2026-06-30,denied,liability,425.03,3.52
CLM000848,CN-00000848,POL000948,CUST001418,COV000848,2025-10-08,2025-10-15,closed,water_damage,616.92,114.84
CLM000849,CN-00000849,POL000949,CUST001039,COV000849,2024-04-24,2024-05-05,closed,weather,68.52,9.88
CLM000850,CN-00000850,POL000950,CUST000658,COV000850,2024-01-08,2024-01-09,closed,water_damage,55.3,5.83
CLM000851,CN-00000851,POL000951,CUST003602,COV000851,2024-04-09,2024-04-20,closed,theft,394.03,25.72
CLM000852,CN-00000852,POL000952,CUST000979,COV000852,2024-02-04,2024-02-15,open,other,302.07,71.72
CLM000853,CN-00000853,POL000953,CUST004868,COV000853,2024-08-19,2024-08-20,subrogation,weather,856.97,46.72
CLM000854,CN-00000854,POL000954,CUST004462,COV000854,2024-06-25,2024-07-01,reopened,liability,380.63,64.19
CLM000855,CN-00000855,POL000955,CUST003913,COV000855,2025-10-18,2025-10-31,closed,liability,124.92,29.45
CLM000856,CN-00000856,POL000956,CUST003609,COV000856,2026-03-12,2026-03-15,subrogation,theft,999.07,262.17
CLM000857,CN-00000857,POL000957,CUST002721,COV000857,2025-05-30,2025-06-01,closed,liability,452.6,121.68
CLM000858,CN-00000858,POL000958,CUST004915,COV000858,2025-01-10,2025-01-17,denied,other,660.19,92.21
CLM000859,CN-00000859,POL000959,CUST002810,COV000859,2025-11-26,2025-11-27,open,liability,601.89,143.91
CLM000860,CN-00000860,POL000960,CUST002737,COV000860,2024-03-16,2024-03-28,denied,fire,634.57,164.48
CLM000861,CN-00000861,POL000961,CUST000450,COV000861,2025-08-11,2025-08-19,subrogation,liability,4376.0,730.32
CLM000862,CN-00000862,POL000962,CUST002223,COV000862,2026-01-14,2026-01-15,closed,collision,677.2,42.01
CLM000863,CN-00000863,POL000963,CUST004234,COV000863,2025-12-05,2025-12-08,denied,liability,71.32,2.57
CLM000864,CN-00000864,POL000964,CUST001939,COV000864,2025-10-11,2025-10-14,closed,liability,285.64,17.52
CLM000865,CN-00000865,POL000965,CUST001271,COV000865,2026-09-03,2026-09-09,closed,other,345.16,99.69
CLM000866,CN-00000866,POL000966,CUST001530,COV000866,2025-09-11,2025-09-13,open,fire,893.56,165.29
CLM000867,CN-00000867,POL000967,CUST003289,COV000867,2024-04-28,2024-04-28,denied,other,498.37,122.73
CLM000868,CN-00000868,POL000968,CUST002558,COV000868,2025-08-27,2025-09-09,closed,fire,168.2,36.43
CLM000869,CN-00000869,POL000969,CUST004749,COV000869,2024-03-21,2024-03-28,subrogation,weather,554.07,101.62
CLM000870,CN-00000870,POL000970,CUST003267,COV000870,2025-11-14,2025-11-19,open,theft,105.19,28.64
CLM000871,CN-00000871,POL000971,CUST002338,COV000871,2024-03-23,2024-03-25,closed,theft,465.04,87.2
CLM000872,CN-00000872,POL000972,CUST004956,COV000872,2025-12-15,2025-12-26,closed,water_damage,425.54,14.83
CLM000873,CN-00000873,POL000973,CUST004894,COV000873,2024-02-27,2024-03-08,subrogation,theft,780.53,178.06
CLM000874,CN-00000874,POL000974,CUST002548,COV000874,2026-07-11,2026-07-13,denied,collision,9312.13,291.82
CLM000875,CN-00000875,POL000975,CUST004252,COV000875,2025-10-30,2025-11-02,open,weather,264.96,24.87
CLM000876,CN-00000876,POL000976,CUST001281,COV000876,2024-10-22,2024-10-29,closed,liability,763.69,110.98
CLM000877,CN-00000877,POL000977,CUST004505,COV000877,2025-08-17,2025-08-19,open,weather,110.69,29.52
CLM000878,CN-00000878,POL000978,CUST001625,COV000878,2025-10-18,2025-10-27,closed,liability,981.46,36.64
CLM000879,CN-00000879,POL000979,CUST003276,COV000879,2024-01-06,2024-01-12,closed,weather,764.94,182.21
CLM000880,CN-00000880,POL000980,CUST003310,COV000880,2026-05-20,2026-05-21,reopened,water_damage,376.06,5.92
CLM000881,CN-00000881,POL000981,CUST002072,COV000881,2025-09-25,2025-10-07,closed,collision,312.98,36.9
CLM000882,CN-00000882,POL000982,CUST001443,COV000882,2024-08-11,2024-08-23,subrogation,weather,296.48,25.36
CLM000883,CN-00000883,POL000983,CUST004713,COV000883,2024-12-06,2024-12-11,reopened,water_damage,482.47,62.03
CLM000884,CN-00000884,POL000984,CUST002918,COV000884,2025-01-30,2025-02-02,closed,fire,816.34,52.96
CLM000885,CN-00000885,POL000985,CUST002158,COV000885,2024-03-20,2024-03-29,denied,collision,367.53,95.81
CLM000886,CN-00000886,POL000986,CUST004695,COV000886,2026-06-05,2026-06-10,open,theft,70.22,1.66
CLM000887,CN-00000887,POL000987,CUST004084,COV000887,2026-01-22,2026-01-27,reopened,water_damage,371.24,79.07
CLM000888,CN-00000888,POL000988,CUST002593,COV000888,2025-01-19,2025-01-27,denied,collision,718.92,160.03
CLM000889,CN-00000889,POL000989,CUST002648,COV000889,2024-08-24,2024-08-27,open,theft,908.78,125.36
CLM000890,CN-00000890,POL000990,CUST000811,COV000890,2025-12-30,2025-12-30,open,water_damage,829.54,52.19
CLM000891,CN-00000891,POL000991,CUST001097,COV000891,2026-06-27,2026-06-30,reopened,weather,804.94,21.37
CLM000892,CN-00000892,POL000992,CUST002354,COV000892,2025-03-01,2025-03-04,open,weather,854.4,255.28
CLM000893,CN-00000893,POL000993,CUST003741,COV000893,2025-10-06,2025-10-06,subrogation,water_damage,483.71,26.26
CLM000894,CN-00000894,POL000994,CUST000441,COV000894,2026-09-07,2026-09-11,denied,collision,819.86,127.49
CLM000895,CN-00000895,POL000995,CUST003939,COV000895,2024-03-24,2024-03-28,closed,collision,985.27,119.88
CLM000896,CN-00000896,POL000996,CUST000084,COV000896,2025-07-15,2025-07-27,open,liability,3129.71,19.7
CLM000897,CN-00000897,POL000997,CUST004887,COV000897,2024-09-09,2024-09-10,reopened,liability,333.51,95.52
CLM000898,CN-00000898,POL000998,CUST001353,COV000898,2024-04-05,2024-04-05,closed,water_damage,917.2,41.04
CLM000899,CN-00000899,POL000999,CUST001055,COV000899,2025-09-13,2025-09-14,closed,liability,591.53,64.17
CLM000900,CN-00000900,POL001000,CUST003849,COV000900,2025-11-30,2025-12-11,open,liability,767.36,41.94
CLM000901,CN-00000901,POL001001,CUST004851,COV000901,2025-06-10,2025-06-23,closed,fire,268.18,23.72
CLM000902,CN-00000902,POL001002,CUST004653,COV000902,2024-10-31,2024-11-12,closed,fire,204.34,34.6
CLM000903,CN-00000903,POL001003,CUST002874,COV000903,2026-06-26,2026-06-26,closed,weather,504.29,121.59
CLM000904,CN-00000904,POL001004,CUST001827,COV000904,2025-10-17,2025-10-22,closed,theft,820.37,169.06
CLM000905,CN-00000905,POL001005,CUST004212,COV000905,2024-11-19,2024-11-20,closed,liability,987.61,23.18
CLM000906,CN-00000906,POL001006,CUST001961,COV000906,2025-09-05,2025-09-08,closed,liability,627.58,108.27
CLM000907,CN-00000907,POL001007,CUST003685,COV000907,2025-05-04,2025-05-04,denied,theft,942.88,60.22
CLM000908,CN-00000908,POL001008,CUST003872,COV000908,2026-01-01,2026-01-06,closed,water_damage,712.57,120.85
CLM000909,CN-00000909,POL001009,CUST000826,COV000909,2026-03-03,2026-03-09,denied,other,988.61,158.14
CLM000910,CN-00000910,POL001010,CUST004186,COV000910,2025-11-24,2025-12-03,subrogation,fire,353.28,21.55
CLM000911,CN-00000911,POL001011,CUST004139,COV000911,2026-09-13,2026-09-17,open,weather,142.67,23.64
CLM000912,CN-00000912,POL001012,CUST000478,COV000912,2026-05-02,2026-05-04,denied,liability,422.54,54.28
CLM000913,CN-00000913,POL001013,CUST000164,COV000913,2024-08-24,2024-08-28,closed,fire,723.33,111.51
CLM000914,CN-00000914,POL001014,CUST003316,COV000914,2025-01-05,2025-01-12,closed,fire,776.17,93.79
CLM000915,CN-00000915,POL001015,CUST002742,COV000915,2025-10-25,2025-11-01,closed,water_damage,902.27,71.03
CLM000916,CN-00000916,POL001016,CUST000431,COV000916,2026-03-25,2026-04-05,closed,theft,832.72,77.12
CLM000917,CN-00000917,POL001017,CUST001980,COV000917,2025-01-13,2025-01-18,subrogation,weather,944.27,88.84
CLM000918,CN-00000918,POL001018,CUST001564,COV000918,2026-03-16,2026-03-23,subrogation,collision,362.35,66.67
CLM000919,CN-00000919,POL001019,CUST000892,COV000919,2025-08-07,2025-08-08,closed,liability,949.94,246.37
CLM000920,CN-00000920,POL001020,CUST004803,COV000920,2024-10-12,2024-10-23,subrogation,collision,402.13,31.21
CLM000921,CN-00000921,POL001021,CUST004659,COV000921,2025-06-12,2025-06-15,closed,fire,771.1,129.93
CLM000922,CN-00000922,POL001022,CUST000147,COV000922,2025-12-10,2025-12-15,closed,water_damage,164.92,13.6
CLM000923,CN-00000923,POL001023,CUST002328,COV000923,2024-12-15,2024-12-25,reopened,fire,404.18,110.43
CLM000924,CN-00000924,POL001024,CUST001835,COV000924,2025-01-09,2025-01-09,closed,fire,365.56,51.5
CLM000925,CN-00000925,POL001025,CUST001866,COV000925,2024-04-15,2024-04-22,reopened,liability,587.34,122.54
CLM000926,CN-00000926,POL001026,CUST003137,COV000926,2026-01-11,2026-01-11,subrogation,water_damage,912.35,186.77
CLM000927,CN-00000927,POL001027,CUST003109,COV000927,2025-09-09,2025-09-11,subrogation,theft,642.99,109.76
CLM000928,CN-00000928,POL001028,CUST000356,COV000928,2025-05-20,2025-05-30,closed,collision,724.85,92.65
CLM000929,CN-00000929,POL001029,CUST004275,COV000929,2026-01-24,2026-02-04,denied,other,208.39,11.41
CLM000930,CN-00000930,POL001030,CUST001026,COV000930,2024-06-28,2024-07-01,closed,weather,524.24,59.31
CLM000931,CN-00000931,POL001031,CUST003456,COV000931,2026-01-23,2026-02-01,denied,collision,7616.88,1725.05
CLM000932,CN-00000932,POL001032,CUST004063,COV000932,2024-12-28,2025-01-11,closed,fire,446.85,6.54
CLM000933,CN-00000933,POL001033,CUST004715,COV000933,2025-09-04,2025-09-15,closed,water_damage,228.14,6.9
CLM000934,CN-00000934,POL001034,CUST003153,COV000934,2024-11-30,2024-12-12,reopened,fire,731.48,76.57
CLM000935,CN-00000935,POL001035,CUST003898,COV000935,2024-08-31,2024-09-01,closed,weather,542.96,103.92
CLM000936,CN-00000936,POL001036,CUST002132,COV000936,2026-06-28,2026-07-02,subrogation,water_damage,363.72,44.9
CLM000937,CN-00000937,POL001037,CUST003655,COV000937,2024-02-26,2024-03-07,closed,weather,441.33,34.85
CLM000938,CN-00000938,POL001038,CUST004987,COV000938,2025-03-02,2025-03-02,closed,theft,808.42,211.98
CLM000939,CN-00000939,POL001039,CUST002586,COV000939,2024-09-19,2024-09-27,denied,liability,323.74,83.28
CLM000940,CN-00000940,POL001040,CUST002153,COV000940,2025-04-11,2025-04-13,denied,theft,631.75,28.66
CLM000941,CN-00000941,POL001041,CUST003660,COV000941,2025-06-21,2025-06-21,denied,liability,820.67,197.79
CLM000942,CN-00000942,POL001042,CUST001873,COV000942,2026-02-19,2026-02-19,reopened,collision,485.08,140.56
CLM000943,CN-00000943,POL001043,CUST000482,COV000943,2024-10-23,2024-11-06,closed,fire,399.41,115.84
CLM000944,CN-00000944,POL001044,CUST000972,COV000944,2025-06-15,2025-06-27,open,fire,503.39,118.55
CLM000945,CN-00000945,POL001045,CUST001070,COV000945,2026-08-25,2026-09-02,reopened,weather,147.73,10.75
CLM000946,CN-00000946,POL001046,CUST003058,COV000946,2025-03-03,2025-03-10,denied,weather,189.66,25.64
CLM000947,CN-00000947,POL001047,CUST003084,COV000947,2025-01-01,2025-01-15,closed,collision,162.0,24.69
CLM000948,CN-00000948,POL001048,CUST001922,COV000948,2025-05-13,2025-05-14,closed,theft,260.56,66.46
CLM000949,CN-00000949,POL001049,CUST003048,COV000949,2024-11-12,2024-11-23,denied,water_damage,185.82,31.46
CLM000950,CN-00000950,POL001050,CUST003235,COV000950,2024-10-06,2024-10-08,reopened,fire,713.57,48.2
CLM000951,CN-00000951,POL001051,CUST003905,COV000951,2025-12-07,2025-12-10,open,collision,371.66,100.33
CLM000952,CN-00000952,POL001052,CUST004257,COV000952,2024-01-04,2024-01-13,open,collision,670.02,85.62
CLM000953,CN-00000953,POL001053,CUST000447,COV000953,2025-10-09,2025-10-09,subrogation,water_damage,125.72,5.64
CLM000954,CN-00000954,POL001054,CUST003976,COV000954,2025-04-09,2025-04-18,open,other,126.74,15.19
CLM000955,CN-00000955,POL001055,CUST002740,COV000955,2024-12-27,2025-01-06,reopened,liability,306.92,38.52
CLM000956,CN-00000956,POL001056,CUST002428,COV000956,2024-01-30,2024-02-12,denied,other,253.68,6.44
CLM000957,CN-00000957,POL001057,CUST000576,COV000957,2024-04-13,2024-04-24,reopened,theft,806.65,215.06
CLM000958,CN-00000958,POL001058,CUST003096,COV000958,2025-07-16,2025-07-30,subrogation,theft,215.48,45.75
CLM000959,CN-00000959,POL001059,CUST000998,COV000959,2024-01-29,2024-02-01,closed,liability,838.48,78.4
CLM000960,CN-00000960,POL001060,CUST004721,COV000960,2025-02-07,2025-02-19,closed,water_damage,375.67,87.9
CLM000961,CN-00000961,POL001061,CUST003529,COV000961,2024-08-31,2024-09-13,open,collision,115.0,22.88
CLM000962,CN-00000962,POL001062,CUST000265,COV000962,2024-06-09,2024-06-22,subrogation,other,292.79,40.82
CLM000963,CN-00000963,POL001063,CUST003443,COV000963,2026-07-09,2026-07-21,open,theft,12630.4,3047.35
CLM000964,CN-00000964,POL001064,CUST004204,COV000964,2025-03-04,2025-03-13,subrogation,collision,201.33,45.22
CLM000965,CN-00000965,POL001065,CUST003706,COV000965,2026-07-20,2026-07-24,reopened,liability,74.1,11.06
CLM000966,CN-00000966,POL001066,CUST001776,COV000966,2025-06-01,2025-06-03,closed,theft,447.43,23.38
CLM000967,CN-00000967,POL001067,CUST004407,COV000967,2026-02-13,2026-02-24,closed,other,987.14,136.71
CLM000968,CN-00000968,POL001068,CUST001536,COV000968,2025-09-19,2025-09-26,subrogation,water_damage,80.28,18.44
CLM000969,CN-00000969,POL001069,CUST003607,COV000969,2025-05-02,2025-05-10,reopened,liability,168.54,29.8
CLM000970,CN-00000970,POL001070,CUST002908,COV000970,2026-04-19,2026-05-01,denied,liability,991.33,274.25
CLM000971,CN-00000971,POL001071,CUST001241,COV000971,2026-03-30,2026-04-02,reopened,theft,555.7,100.61
CLM000972,CN-00000972,POL001072,CUST004276,COV000972,2025-08-30,2025-09-12,subrogation,fire,765.3,93.72
CLM000973,CN-00000973,POL001073,CUST001496,COV000973,2025-06-18,2025-06-18,reopened,weather,702.98,0.36
CLM000974,CN-00000974,POL001074,CUST003682,COV000974,2024-08-06,2024-08-16,subrogation,fire,849.53,4.35
CLM000975,CN-00000975,POL001075,CUST001374,COV000975,2024-06-22,2024-07-05,denied,liability,496.09,121.32
CLM000976,CN-00000976,POL001076,CUST003844,COV000976,2024-07-10,2024-07-24,denied,liability,679.4,75.06
CLM000977,CN-00000977,POL001077,CUST004200,COV000977,2025-09-10,2025-09-24,closed,collision,362.06,105.19
CLM000978,CN-00000978,POL001078,CUST003606,COV000978,2024-08-27,2024-09-05,closed,water_damage,295.43,38.7
CLM000979,CN-00000979,POL001079,CUST002145,COV000979,2026-04-22,2026-04-24,subrogation,water_damage,739.82,150.99
CLM000980,CN-00000980,POL001080,CUST000805,COV000980,2024-10-10,2024-10-13,reopened,theft,550.21,42.79
CLM000981,CN-00000981,POL001081,CUST004626,COV000981,2025-02-27,2025-03-04,closed,water_damage,993.8,165.43
CLM000982,CN-00000982,POL001082,CUST004382,COV000982,2024-01-07,2024-01-12,open,water_damage,952.38,231.07
CLM000983,CN-00000983,POL001083,CUST000410,COV000983,2026-07-24,2026-08-07,reopened,water_damage,726.24,127.93
CLM000984,CN-00000984,POL001084,CUST000662,COV000984,2024-02-21,2024-03-05,closed,weather,657.49,27.74
CLM000985,CN-00000985,POL001085,CUST003907,COV000985,2025-03-05,2025-03-16,denied,other,974.3,218.55
CLM000986,CN-00000986,POL001086,CUST000017,COV000986,2025-09-29,2025-10-06,open,fire,363.14,29.37
CLM000987,CN-00000987,POL001087,CUST004251,COV000987,2025-06-05,2025-06-19,subrogation,weather,7989.24,1178.66
CLM000988,CN-00000988,POL001088,CUST003930,COV000988,2024-03-02,2024-03-02,subrogation,fire,925.6,244.16
CLM000989,CN-00000989,POL001089,CUST001448,COV000989,2024-09-25,2024-10-07,closed,other,643.56,139.36
CLM000990,CN-00000990,POL001090,CUST000529,COV000990,2024-11-06,2024-11-12,closed,theft,643.36,65.58
CLM000991,CN-00000991,POL001091,CUST004988,COV000991,2024-03-12,2024-03-17,closed,theft,566.32,71.48
CLM000992,CN-00000992,POL001092,CUST003836,COV000992,2025-05-03,2025-05-12,reopened,liability,7847.55,1580.07
CLM000993,CN-00000993,POL001093,CUST002837,COV000993,2025-03-30,2025-04-09,closed,collision,836.95,47.86
CLM000994,CN-00000994,POL001094,CUST004691,COV000994,2025-02-27,2025-03-10,reopened,water_damage,355.83,15.55
CLM000995,CN-00000995,POL001095,CUST002150,COV000995,2024-04-09,2024-04-13,reopened,liability,462.23,50.35
CLM000996,CN-00000996,POL001096,CUST003984,COV000996,2026-08-30,2026-09-11,closed,other,256.2,34.99
CLM000997,CN-00000997,POL001097,CUST001356,COV000997,2024-08-04,2024-08-05,denied,other,121.1,29.06
CLM000998,CN-00000998,POL001098,CUST002163,COV000998,2024-03-10,2024-03-10,closed,water_damage,98.78,2.47
CLM000999,CN-00000999,POL001099,CUST004282,COV000999,2026-08-31,2026-09-04,subrogation,liability,696.68,52.36
CLM001000,CN-00001000,POL001100,CUST004932,COV001000,2025-03-23,2025-04-04,closed,water_damage,714.33,171.81
CLM001001,CN-00001001,POL001101,CUST000841,COV001001,2024-06-16,2024-06-27,reopened,other,817.84,105.93
CLM001002,CN-00001002,POL001102,CUST002036,COV001002,2026-07-26,2026-08-09,closed,theft,909.21,101.76
CLM001003,CN-00001003,POL001103,CUST004996,COV001003,2025-10-08,2025-10-17,reopened,weather,527.25,94.55
CLM001004,CN-00001004,POL001104,CUST001226,COV001004,2024-01-05,2024-01-10,closed,other,552.8,15.51
CLM001005,CN-00001005,POL001105,CUST001186,COV001005,2026-04-01,2026-04-09,closed,liability,681.46,66.35
CLM001006,CN-00001006,POL001106,CUST003543,COV001006,2024-01-05,2024-01-06,reopened,fire,778.83,172.54
CLM001007,CN-00001007,POL001107,CUST001825,COV001007,2024-07-12,2024-07-19,closed,theft,938.94,233.32
CLM001008,CN-00001008,POL001108,CUST002669,COV001008,2026-06-22,2026-06-27,closed,theft,227.25,2.66
CLM001009,CN-00001009,POL001109,CUST001399,COV001009,2024-09-19,2024-09-24,closed,theft,680.57,138.87
CLM001010,CN-00001010,POL001110,CUST003106,COV001010,2024-04-06,2024-04-19,open,weather,427.5,3.34
CLM001011,CN-00001011,POL001111,CUST003702,COV001011,2026-05-25,2026-05-31,closed,liability,409.83,4.69
CLM001012,CN-00001012,POL001112,CUST002959,COV001012,2026-06-26,2026-07-04,subrogation,collision,611.23,46.96
CLM001013,CN-00001013,POL001113,CUST000496,COV001013,2025-02-26,2025-03-09,open,fire,279.37,11.2
CLM001014,CN-00001014,POL001114,CUST001662,COV001014,2024-09-18,2024-09-28,reopened,theft,807.8,124.49
CLM001015,CN-00001015,POL001115,CUST000165,COV001015,2026-02-15,2026-02-27,subrogation,fire,584.18,112.3
CLM001016,CN-00001016,POL001116,CUST003681,COV001016,2025-05-24,2025-05-28,closed,fire,242.94,26.29
CLM001017,CN-00001017,POL001117,CUST002340,COV001017,2026-04-06,2026-04-15,open,water_damage,539.24,120.3
CLM001018,CN-00001018,POL001118,CUST004464,COV001018,2024-01-30,2024-02-13,closed,water_damage,629.04,88.37
CLM001019,CN-00001019,POL001119,CUST003602,COV001019,2025-06-19,2025-06-30,open,water_damage,672.5,147.45
CLM001020,CN-00001020,POL001120,CUST002727,COV001020,2024-03-25,2024-04-07,closed,theft,222.45,15.0
CLM001021,CN-00001021,POL001121,CUST000617,COV001021,2025-09-23,2025-09-27,subrogation,fire,343.7,35.96
CLM001022,CN-00001022,POL001122,CUST003198,COV001022,2025-06-20,2025-06-24,closed,liability,577.46,118.8
CLM001023,CN-00001023,POL001123,CUST003988,COV001023,2026-01-07,2026-01-14,closed,other,949.44,81.61
CLM001024,CN-00001024,POL001124,CUST001299,COV001024,2024-03-04,2024-03-15,reopened,weather,814.96,148.68
CLM001025,CN-00001025,POL001125,CUST004438,COV001025,2026-01-07,2026-01-09,closed,fire,147.95,29.33
CLM001026,CN-00001026,POL001126,CUST002203,COV001026,2024-04-17,2024-04-18,closed,water_damage,362.38,8.15
CLM001027,CN-00001027,POL001127,CUST004242,COV001027,2025-07-30,2025-07-31,denied,collision,573.23,133.2
CLM001028,CN-00001028,POL001128,CUST003544,COV001028,2025-11-17,2025-11-24,subrogation,other,7191.93,1083.06
CLM001029,CN-00001029,POL001129,CUST000303,COV001029,2025-07-08,2025-07-14,open,other,775.56,71.56
CLM001030,CN-00001030,POL001130,CUST001245,COV001030,2025-04-10,2025-04-15,reopened,other,532.39,92.25
CLM001031,CN-00001031,POL001131,CUST003095,COV001031,2025-03-09,2025-03-20,subrogation,other,114.56,30.07
CLM001032,CN-00001032,POL001132,CUST000867,COV001032,2026-03-20,2026-04-02,closed,weather,9403.36,983.76
CLM001033,CN-00001033,POL001133,CUST002952,COV001033,2024-09-01,2024-09-11,reopened,fire,821.24,110.36
CLM001034,CN-00001034,POL001134,CUST002589,COV001034,2025-10-24,2025-10-30,subrogation,fire,749.73,46.91
CLM001035,CN-00001035,POL001135,CUST001756,COV001035,2024-10-13,2024-10-15,denied,other,912.79,73.33
CLM001036,CN-00001036,POL001136,CUST004493,COV001036,2025-12-05,2025-12-10,reopened,water_damage,163.42,15.29
CLM001037,CN-00001037,POL001137,CUST000752,COV001037,2024-07-09,2024-07-18,closed,other,339.9,92.37
CLM001038,CN-00001038,POL001138,CUST001674,COV001038,2026-07-13,2026-07-26,closed,other,113.48,2.57
CLM001039,CN-00001039,POL001139,CUST004159,COV001039,2024-02-28,2024-03-09,subrogation,fire,157.74,19.49
CLM001040,CN-00001040,POL001140,CUST002229,COV001040,2026-08-12,2026-08-22,open,other,733.15,99.37
CLM001041,CN-00001041,POL001141,CUST004050,COV001041,2025-03-17,2025-03-19,closed,other,365.96,50.04
CLM001042,CN-00001042,POL001142,CUST000596,COV001042,2024-10-07,2024-10-10,subrogation,fire,778.1,99.56
CLM001043,CN-00001043,POL001143,CUST002494,COV001043,2026-02-09,2026-02-12,subrogation,weather,183.48,9.4
CLM001044,CN-00001044,POL001144,CUST003842,COV001044,2025-05-09,2025-05-14,denied,theft,725.85,81.83
CLM001045,CN-00001045,POL001145,CUST002142,COV001045,2026-05-25,2026-05-28,open,other,851.92,208.75
CLM001046,CN-00001046,POL001146,CUST004306,COV001046,2025-03-16,2025-03-25,closed,liability,595.63,72.9
CLM001047,CN-00001047,POL001147,CUST001872,COV001047,2026-04-15,2026-04-27,subrogation,liability,666.07,173.84
CLM001048,CN-00001048,POL001148,CUST003611,COV001048,2025-11-09,2025-11-23,closed,theft,7535.03,2115.95
CLM001049,CN-00001049,POL001149,CUST000876,COV001049,2026-08-25,2026-09-03,closed,theft,372.52,87.09
CLM001050,CN-00001050,POL001150,CUST000139,COV001050,2024-03-23,2024-03-23,closed,theft,697.18,102.02
CLM001051,CN-00001051,POL001151,CUST004309,COV001051,2024-05-08,2024-05-21,denied,collision,354.19,99.74
CLM001052,CN-00001052,POL001152,CUST001367,COV001052,2025-01-21,2025-02-02,open,fire,971.84,186.68
CLM001053,CN-00001053,POL001153,CUST002819,COV001053,2025-04-20,2025-04-26,denied,collision,195.8,42.29
CLM001054,CN-00001054,POL001154,CUST004641,COV001054,2024-02-16,2024-02-26,subrogation,weather,482.84,65.28
CLM001055,CN-00001055,POL001155,CUST000153,COV001055,2026-08-01,2026-08-11,closed,collision,59.99,4.07
CLM001056,CN-00001056,POL001156,CUST000528,COV001056,2025-06-01,2025-06-14,closed,other,680.81,88.9
CLM001057,CN-00001057,POL001157,CUST000148,COV001057,2025-10-23,2025-10-28,reopened,liability,644.09,110.73
CLM001058,CN-00001058,POL001158,CUST004635,COV001058,2024-07-12,2024-07-22,denied,theft,921.86,66.75
CLM001059,CN-00001059,POL001159,CUST002272,COV001059,2026-06-09,2026-06-10,subrogation,other,326.18,53.08
CLM001060,CN-00001060,POL001160,CUST000294,COV001060,2026-05-26,2026-05-31,reopened,liability,227.66,25.65
CLM001061,CN-00001061,POL001161,CUST002313,COV001061,2026-09-06,2026-09-12,reopened,weather,529.18,47.06
CLM001062,CN-00001062,POL001162,CUST001677,COV001062,2026-03-02,2026-03-07,closed,liability,484.38,133.23
CLM001063,CN-00001063,POL001163,CUST000918,COV001063,2024-12-02,2024-12-03,closed,collision,598.66,38.23
CLM001064,CN-00001064,POL001164,CUST000293,COV001064,2026-08-21,2026-09-03,closed,theft,574.44,164.9
CLM001065,CN-00001065,POL001165,CUST000291,COV001065,2024-10-19,2024-10-23,subrogation,liability,425.16,93.6
CLM001066,CN-00001066,POL001166,CUST001814,COV001066,2024-05-03,2024-05-10,open,water_damage,951.88,196.63
CLM001067,CN-00001067,POL001167,CUST004805,COV001067,2026-08-21,2026-08-24,open,fire,220.22,23.46
CLM001068,CN-00001068,POL001168,CUST001651,COV001068,2025-10-12,2025-10-18,open,liability,291.06,87.1
CLM001069,CN-00001069,POL001169,CUST001938,COV001069,2026-02-16,2026-02-23,closed,water_damage,192.43,40.69
CLM001070,CN-00001070,POL001170,CUST004240,COV001070,2024-04-07,2024-04-18,denied,fire,171.7,14.07
CLM001071,CN-00001071,POL001171,CUST004818,COV001071,2025-09-27,2025-09-30,reopened,water_damage,358.13,56.33
CLM001072,CN-00001072,POL001172,CUST002445,COV001072,2024-08-22,2024-08-29,reopened,collision,470.14,72.97
CLM001073,CN-00001073,POL001173,CUST000758,COV001073,2024-02-05,2024-02-19,denied,theft,14274.54,3075.19
CLM001074,CN-00001074,POL001174,CUST002972,COV001074,2025-12-18,2025-12-26,closed,other,911.16,160.15
CLM001075,CN-00001075,POL001175,CUST002956,COV001075,2026-06-02,2026-06-14,closed,water_damage,597.42,157.94
CLM001076,CN-00001076,POL001176,CUST000481,COV001076,2025-10-21,2025-10-29,subrogation,water_damage,810.37,164.0
CLM001077,CN-00001077,POL001177,CUST001386,COV001077,2026-02-18,2026-02-22,closed,other,267.56,48.37
CLM001078,CN-00001078,POL001178,CUST004486,COV001078,2025-06-15,2025-06-28,reopened,theft,822.4,116.97
CLM001079,CN-00001079,POL001179,CUST000919,COV001079,2025-05-15,2025-05-24,denied,other,641.43,138.09
CLM001080,CN-00001080,POL001180,CUST004739,COV001080,2026-08-19,2026-09-02,closed,water_damage,779.3,109.92
CLM001081,CN-00001081,POL001181,CUST002903,COV001081,2025-06-02,2025-06-05,closed,other,277.36,44.77
CLM001082,CN-00001082,POL001182,CUST001191,COV001082,2024-01-10,2024-01-11,denied,other,3689.56,200.62
CLM001083,CN-00001083,POL001183,CUST004949,COV001083,2024-03-16,2024-03-20,open,weather,585.68,95.61
CLM001084,CN-00001084,POL001184,CUST004089,COV001084,2025-07-23,2025-08-05,closed,collision,919.7,188.78
CLM001085,CN-00001085,POL001185,CUST004553,COV001085,2026-06-18,2026-06-23,closed,collision,165.92,49.68
CLM001086,CN-00001086,POL001186,CUST002781,COV001086,2024-07-30,2024-08-10,reopened,theft,803.03,136.03
CLM001087,CN-00001087,POL001187,CUST002388,COV001087,2024-06-07,2024-06-08,open,weather,6588.96,1051.39
CLM001088,CN-00001088,POL001188,CUST002762,COV001088,2024-06-21,2024-06-21,subrogation,liability,482.21,4.57
CLM001089,CN-00001089,POL001189,CUST004587,COV001089,2025-01-08,2025-01-10,closed,collision,595.55,116.81
CLM001090,CN-00001090,POL001190,CUST004774,COV001090,2025-07-26,2025-08-07,closed,theft,804.74,93.62
CLM001091,CN-00001091,POL001191,CUST002084,COV001091,2025-12-08,2025-12-08,subrogation,liability,474.99,71.91
CLM001092,CN-00001092,POL001192,CUST000761,COV001092,2025-11-10,2025-11-16,reopened,fire,993.3,3.33
CLM001093,CN-00001093,POL001193,CUST000465,COV001093,2024-09-10,2024-09-10,closed,weather,497.53,43.79
CLM001094,CN-00001094,POL001194,CUST003621,COV001094,2025-10-17,2025-10-30,denied,weather,350.18,97.73
CLM001095,CN-00001095,POL001195,CUST004031,COV001095,2024-07-07,2024-07-14,closed,theft,298.8,39.03
CLM001096,CN-00001096,POL001196,CUST002647,COV001096,2024-02-10,2024-02-24,reopened,theft,202.45,18.71
CLM001097,CN-00001097,POL001197,CUST000765,COV001097,2024-02-27,2024-02-27,closed,fire,539.45,133.1
CLM001098,CN-00001098,POL001198,CUST004719,COV001098,2026-02-28,2026-03-09,closed,other,323.61,31.22
CLM001099,CN-00001099,POL001199,CUST000789,COV001099,2025-03-18,2025-03-18,reopened,other,405.18,117.32
CLM001100,CN-00001100,POL001200,CUST002197,COV001100,2026-09-06,2026-09-06,denied,collision,883.4,69.09
CLM001101,CN-00001101,POL001201,CUST001731,COV001101,2026-03-30,2026-03-30,open,fire,852.04,94.52
CLM001102,CN-00001102,POL001202,CUST004450,COV001102,2025-02-09,2025-02-19,open,fire,123.37,14.28
CLM001103,CN-00001103,POL001203,CUST000894,COV001103,2026-06-06,2026-06-19,closed,fire,674.36,96.09
CLM001104,CN-00001104,POL001204,CUST003929,COV001104,2025-02-13,2025-02-19,closed,water_damage,770.71,152.25
CLM001105,CN-00001105,POL001205,CUST002711,COV001105,2026-01-27,2026-02-06,closed,fire,401.97,94.37
CLM001106,CN-00001106,POL001206,CUST000637,COV001106,2026-07-03,2026-07-16,reopened,theft,957.52,15.1
CLM001107,CN-00001107,POL001207,CUST000128,COV001107,2025-05-01,2025-05-04,denied,weather,488.57,3.25
CLM001108,CN-00001108,POL001208,CUST000068,COV001108,2025-06-18,2025-06-30,denied,collision,153.34,11.03
CLM001109,CN-00001109,POL001209,CUST004332,COV001109,2024-06-05,2024-06-08,closed,fire,712.56,77.3
CLM001110,CN-00001110,POL001210,CUST001521,COV001110,2024-07-17,2024-07-22,closed,theft,526.94,52.84
CLM001111,CN-00001111,POL001211,CUST000966,COV001111,2024-08-15,2024-08-24,subrogation,fire,978.58,63.94
CLM001112,CN-00001112,POL001212,CUST002859,COV001112,2026-02-10,2026-02-11,denied,weather,295.65,29.4
CLM001113,CN-00001113,POL001213,CUST002776,COV001113,2026-04-29,2026-05-06,open,other,125.24,33.87
CLM001114,CN-00001114,POL001214,CUST004435,COV001114,2024-09-12,2024-09-23,subrogation,theft,692.66,161.97
CLM001115,CN-00001115,POL001215,CUST000857,COV001115,2024-11-02,2024-11-13,reopened,collision,211.32,34.26
CLM001116,CN-00001116,POL001216,CUST000534,COV001116,2026-09-07,2026-09-19,reopened,fire,293.4,65.58
CLM001117,CN-00001117,POL001217,CUST004011,COV001117,2026-03-31,2026-03-31,subrogation,liability,756.71,117.02
CLM001118,CN-00001118,POL001218,CUST002403,COV001118,2026-08-30,2026-09-12,reopened,fire,89.91,24.0
CLM001119,CN-00001119,POL001219,CUST003576,COV001119,2024-07-20,2024-07-31,open,collision,260.06,76.45
CLM001120,CN-00001120,POL001220,CUST003857,COV001120,2026-04-09,2026-04-16,closed,liability,889.21,194.06
CLM001121,CN-00001121,POL001221,CUST002601,COV001121,2025-08-21,2025-09-04,denied,fire,217.67,25.13
CLM001122,CN-00001122,POL001222,CUST003784,COV001122,2024-05-22,2024-05-24,reopened,water_damage,832.43,55.69
CLM001123,CN-00001123,POL001223,CUST003899,COV001123,2025-07-16,2025-07-29,reopened,other,739.36,84.69
CLM001124,CN-00001124,POL001224,CUST001562,COV001124,2025-10-04,2025-10-06,reopened,liability,658.21,58.39
CLM001125,CN-00001125,POL001225,CUST003322,COV001125,2025-02-01,2025-02-10,reopened,fire,544.43,20.1
CLM001126,CN-00001126,POL001226,CUST001914,COV001126,2024-04-14,2024-04-24,denied,weather,384.61,0.07
CLM001127,CN-00001127,POL001227,CUST001890,COV001127,2024-02-11,2024-02-14,open,water_damage,967.91,25.29
CLM001128,CN-00001128,POL001228,CUST003535,COV001128,2024-03-28,2024-03-30,open,other,880.33,137.77
CLM001129,CN-00001129,POL001229,CUST000061,COV001129,2026-07-05,2026-07-05,closed,liability,830.99,104.84
CLM001130,CN-00001130,POL001230,CUST001969,COV001130,2024-01-12,2024-01-23,reopened,fire,736.19,103.4
CLM001131,CN-00001131,POL001231,CUST001785,COV001131,2025-11-24,2025-11-25,open,fire,203.12,55.57
CLM001132,CN-00001132,POL001232,CUST001544,COV001132,2024-02-24,2024-03-02,open,fire,172.77,0.45
CLM001133,CN-00001133,POL001233,CUST001171,COV001133,2025-12-30,2026-01-06,closed,weather,173.35,10.36
CLM001134,CN-00001134,POL001234,CUST001398,COV001134,2024-09-08,2024-09-09,closed,collision,467.29,24.05
CLM001135,CN-00001135,POL001235,CUST001876,COV001135,2026-04-24,2026-05-01,denied,liability,433.32,124.5
CLM001136,CN-00001136,POL001236,CUST003421,COV001136,2025-04-21,2025-05-05,subrogation,fire,217.97,17.38
CLM001137,CN-00001137,POL001237,CUST000801,COV001137,2025-09-01,2025-09-12,denied,theft,997.33,273.07
CLM001138,CN-00001138,POL001238,CUST001896,COV001138,2026-05-20,2026-05-29,reopened,liability,92.05,23.39
CLM001139,CN-00001139,POL001239,CUST002200,COV001139,2024-07-28,2024-08-05,reopened,theft,515.0,9.22
CLM001140,CN-00001140,POL001240,CUST002998,COV001140,2025-05-31,2025-05-31,open,water_damage,544.44,67.46
CLM001141,CN-00001141,POL001241,CUST004338,COV001141,2025-08-03,2025-08-10,denied,liability,123.07,14.96
CLM001142,CN-00001142,POL001242,CUST000310,COV001142,2026-07-28,2026-08-05,closed,water_damage,789.44,202.29
CLM001143,CN-00001143,POL001243,CUST001513,COV001143,2025-08-28,2025-09-05,denied,fire,421.51,41.25
CLM001144,CN-00001144,POL001244,CUST003093,COV001144,2024-10-04,2024-10-12,reopened,other,159.15,40.34
CLM001145,CN-00001145,POL001245,CUST000641,COV001145,2026-04-23,2026-04-30,open,liability,316.9,80.08
CLM001146,CN-00001146,POL001246,CUST003699,COV001146,2024-05-14,2024-05-20,closed,liability,555.74,125.83
CLM001147,CN-00001147,POL001247,CUST000057,COV001147,2024-02-15,2024-02-17,denied,weather,973.42,20.93
CLM001148,CN-00001148,POL001248,CUST004298,COV001148,2024-08-04,2024-08-05,subrogation,theft,325.8,46.52
CLM001149,CN-00001149,POL001249,CUST003292,COV001149,2024-01-03,2024-01-12,closed,water_damage,351.43,18.85
CLM001150,CN-00001150,POL001250,CUST001619,COV001150,2026-03-09,2026-03-10,open,weather,578.83,70.02
CLM001151,CN-00001151,POL001251,CUST001916,COV001151,2026-05-13,2026-05-19,closed,fire,544.52,96.9
CLM001152,CN-00001152,POL001252,CUST004575,COV001152,2024-04-03,2024-04-13,closed,theft,731.32,22.34
CLM001153,CN-00001153,POL001253,CUST001519,COV001153,2024-10-16,2024-10-23,closed,fire,631.18,150.37
CLM001154,CN-00001154,POL001254,CUST000724,COV001154,2025-03-27,2025-04-01,closed,fire,743.69,190.88
CLM001155,CN-00001155,POL001255,CUST002002,COV001155,2024-12-20,2024-12-22,denied,water_damage,667.32,126.91
CLM001156,CN-00001156,POL001256,CUST003728,COV001156,2026-05-26,2026-05-27,denied,fire,230.81,23.03
CLM001157,CN-00001157,POL001257,CUST000118,COV001157,2025-09-19,2025-09-22,closed,liability,771.75,45.25
CLM001158,CN-00001158,POL001258,CUST000582,COV001158,2025-08-22,2025-09-03,subrogation,water_damage,260.38,53.36
CLM001159,CN-00001159,POL001259,CUST004400,COV001159,2026-02-24,2026-02-28,closed,water_damage,312.97,65.2
CLM001160,CN-00001160,POL001260,CUST001814,COV001160,2024-02-24,2024-02-28,reopened,collision,116.17,23.25
CLM001161,CN-00001161,POL001261,CUST000475,COV001161,2025-07-16,2025-07-20,closed,liability,633.03,144.9
CLM001162,CN-00001162,POL001262,CUST004235,COV001162,2024-03-03,2024-03-15,closed,fire,434.9,58.24
CLM001163,CN-00001163,POL001263,CUST002008,COV001163,2024-07-25,2024-07-30,closed,theft,697.34,150.14
CLM001164,CN-00001164,POL001264,CUST001429,COV001164,2026-04-15,2026-04-25,denied,fire,919.45,20.45
CLM001165,CN-00001165,POL001265,CUST000701,COV001165,2024-01-05,2024-01-14,reopened,other,344.85,47.71
CLM001166,CN-00001166,POL001266,CUST003186,COV001166,2024-10-12,2024-10-21,closed,water_damage,871.35,54.86
CLM001167,CN-00001167,POL001267,CUST000307,COV001167,2025-01-29,2025-02-12,subrogation,collision,655.6,148.51
CLM001168,CN-00001168,POL001268,CUST000008,COV001168,2026-08-08,2026-08-15,closed,theft,941.51,123.82
CLM001169,CN-00001169,POL001269,CUST004603,COV001169,2026-06-13,2026-06-13,subrogation,collision,165.38,39.71
CLM001170,CN-00001170,POL001270,CUST004128,COV001170,2025-04-22,2025-04-29,closed,theft,896.8,128.35
CLM001171,CN-00001171,POL001271,CUST004557,COV001171,2026-04-24,2026-04-26,denied,water_damage,655.02,100.39
CLM001172,CN-00001172,POL001272,CUST001065,COV001172,2024-09-26,2024-09-29,open,collision,3403.02,685.19
CLM001173,CN-00001173,POL001273,CUST001543,COV001173,2025-04-18,2025-04-21,denied,theft,957.05,117.52
CLM001174,CN-00001174,POL001274,CUST004662,COV001174,2024-11-13,2024-11-26,open,water_damage,220.54,11.64
CLM001175,CN-00001175,POL001275,CUST003383,COV001175,2025-12-29,2026-01-09,reopened,liability,878.45,119.98
CLM001176,CN-00001176,POL001276,CUST001997,COV001176,2026-08-18,2026-08-30,subrogation,liability,937.92,51.23
CLM001177,CN-00001177,POL001277,CUST000702,COV001177,2025-04-18,2025-04-28,closed,liability,375.94,96.74
CLM001178,CN-00001178,POL001278,CUST003946,COV001178,2024-04-20,2024-04-22,open,weather,399.33,38.3
CLM001179,CN-00001179,POL001279,CUST002266,COV001179,2024-02-27,2024-03-02,denied,water_damage,577.34,88.36
CLM001180,CN-00001180,POL001280,CUST004203,COV001180,2024-06-24,2024-07-02,reopened,collision,605.09,140.84
CLM001181,CN-00001181,POL001281,CUST004634,COV001181,2024-05-10,2024-05-14,reopened,water_damage,779.15,66.01
CLM001182,CN-00001182,POL001282,CUST001070,COV001182,2026-08-06,2026-08-06,denied,liability,980.33,10.27
CLM001183,CN-00001183,POL001283,CUST003195,COV001183,2025-09-14,2025-09-23,denied,water_damage,387.49,36.95
CLM001184,CN-00001184,POL001284,CUST001418,COV001184,2024-10-15,2024-10-25,closed,theft,360.14,59.9
CLM001185,CN-00001185,POL001285,CUST000889,COV001185,2024-03-15,2024-03-22,closed,theft,780.35,112.28
CLM001186,CN-00001186,POL001286,CUST001326,COV001186,2026-01-29,2026-02-10,closed,weather,445.36,132.14
CLM001187,CN-00001187,POL001287,CUST000254,COV001187,2025-10-13,2025-10-27,closed,water_damage,133.91,7.86
CLM001188,CN-00001188,POL001288,CUST004497,COV001188,2024-06-10,2024-06-15,subrogation,other,381.23,64.97
CLM001189,CN-00001189,POL001289,CUST000985,COV001189,2024-11-02,2024-11-07,denied,other,938.29,222.46
CLM001190,CN-00001190,POL001290,CUST004863,COV001190,2025-11-26,2025-12-01,denied,theft,762.27,62.43
CLM001191,CN-00001191,POL001291,CUST001693,COV001191,2025-10-24,2025-10-24,closed,theft,367.05,73.42
CLM001192,CN-00001192,POL001292,CUST003859,COV001192,2025-05-16,2025-05-29,closed,water_damage,544.69,141.58
CLM001193,CN-00001193,POL001293,CUST000541,COV001193,2025-04-10,2025-04-12,reopened,weather,10313.66,2597.36
CLM001194,CN-00001194,POL001294,CUST002469,COV001194,2024-06-03,2024-06-13,reopened,fire,361.92,19.41
CLM001195,CN-00001195,POL001295,CUST000089,COV001195,2026-04-21,2026-05-01,reopened,other,799.36,201.5
CLM001196,CN-00001196,POL001296,CUST003231,COV001196,2024-02-02,2024-02-04,subrogation,other,949.19,2.24
CLM001197,CN-00001197,POL001297,CUST002326,COV001197,2025-12-18,2025-12-30,closed,liability,425.91,98.42
CLM001198,CN-00001198,POL001298,CUST003110,COV001198,2025-09-12,2025-09-16,denied,water_damage,519.56,77.29
CLM001199,CN-00001199,POL001299,CUST001587,COV001199,2024-08-06,2024-08-06,denied,weather,499.79,50.63
CLM001200,CN-00001200,POL001300,CUST003069,COV001200,2026-06-09,2026-06-21,denied,collision,428.06,91.94
CLM001201,CN-00001201,POL001301,CUST002404,COV001201,2024-02-29,2024-03-14,closed,weather,513.64,152.53
CLM001202,CN-00001202,POL001302,CUST002724,COV001202,2024-06-16,2024-06-22,closed,weather,794.11,82.23
CLM001203,CN-00001203,POL001303,CUST001561,COV001203,2025-12-12,2025-12-26,closed,weather,748.06,94.79
CLM001204,CN-00001204,POL001304,CUST004300,COV001204,2025-01-10,2025-01-16,closed,weather,395.36,16.46
CLM001205,CN-00001205,POL001305,CUST003090,COV001205,2024-09-03,2024-09-14,open,theft,356.24,2.83
CLM001206,CN-00001206,POL001306,CUST002624,COV001206,2026-05-28,2026-06-07,closed,liability,743.58,162.4
CLM001207,CN-00001207,POL001307,CUST001581,COV001207,2026-04-28,2026-04-29,closed,theft,371.76,87.53
CLM001208,CN-00001208,POL001308,CUST001132,COV001208,2025-01-07,2025-01-21,reopened,liability,8509.97,253.61
CLM001209,CN-00001209,POL001309,CUST000464,COV001209,2024-09-01,2024-09-15,closed,fire,345.36,36.02
CLM001210,CN-00001210,POL001310,CUST004921,COV001210,2025-06-10,2025-06-23,closed,fire,591.47,137.9
CLM001211,CN-00001211,POL001311,CUST000695,COV001211,2024-02-24,2024-03-08,closed,theft,490.84,26.81
CLM001212,CN-00001212,POL001312,CUST003601,COV001212,2024-05-23,2024-05-25,denied,other,709.62,123.95
CLM001213,CN-00001213,POL001313,CUST002807,COV001213,2026-04-07,2026-04-19,closed,fire,636.43,150.74
CLM001214,CN-00001214,POL001314,CUST001719,COV001214,2025-05-12,2025-05-20,open,collision,370.43,7.61
CLM001215,CN-00001215,POL001315,CUST003622,COV001215,2025-12-09,2025-12-15,closed,weather,494.67,26.6
CLM001216,CN-00001216,POL001316,CUST000431,COV001216,2026-06-27,2026-07-04,open,liability,172.0,51.48
CLM001217,CN-00001217,POL001317,CUST003111,COV001217,2024-11-09,2024-11-21,closed,liability,940.18,193.83
CLM001218,CN-00001218,POL001318,CUST001087,COV001218,2026-08-02,2026-08-11,closed,fire,124.25,15.45
CLM001219,CN-00001219,POL001319,CUST003455,COV001219,2025-02-02,2025-02-14,closed,other,11472.77,1547.38
CLM001220,CN-00001220,POL001320,CUST000247,COV001220,2024-05-15,2024-05-23,closed,water_damage,370.94,6.99
CLM001221,CN-00001221,POL001321,CUST004409,COV001221,2026-01-25,2026-02-08,reopened,collision,622.89,135.49
CLM001222,CN-00001222,POL001322,CUST004329,COV001222,2026-01-10,2026-01-16,reopened,water_damage,760.49,190.54
CLM001223,CN-00001223,POL001323,CUST001930,COV001223,2024-06-07,2024-06-21,open,fire,256.12,22.46
CLM001224,CN-00001224,POL001324,CUST004147,COV001224,2025-05-26,2025-06-08,reopened,water_damage,70.58,11.62
CLM001225,CN-00001225,POL001325,CUST003924,COV001225,2026-01-20,2026-02-01,denied,theft,195.72,23.22
CLM001226,CN-00001226,POL001326,CUST002434,COV001226,2026-08-18,2026-08-23,open,weather,147.38,9.76
CLM001227,CN-00001227,POL001327,CUST002338,COV001227,2025-03-02,2025-03-08,closed,liability,377.64,95.78
CLM001228,CN-00001228,POL001328,CUST001526,COV001228,2025-04-27,2025-04-28,closed,fire,975.57,236.46
CLM001229,CN-00001229,POL001329,CUST001234,COV001229,2025-12-26,2026-01-08,closed,other,77.56,11.16
CLM001230,CN-00001230,POL001330,CUST001337,COV001230,2024-01-10,2024-01-23,closed,fire,744.12,131.59
CLM001231,CN-00001231,POL001331,CUST000741,COV001231,2024-05-12,2024-05-19,closed,theft,330.41,71.35
CLM001232,CN-00001232,POL001332,CUST000060,COV001232,2025-02-24,2025-02-28,open,weather,327.01,90.66
CLM001233,CN-00001233,POL001333,CUST000254,COV001233,2025-06-14,2025-06-19,denied,other,730.71,26.44
CLM001234,CN-00001234,POL001334,CUST000153,COV001234,2024-09-04,2024-09-16,open,fire,4768.72,767.84
CLM001235,CN-00001235,POL001335,CUST000004,COV001235,2024-08-04,2024-08-16,closed,liability,771.43,113.22
CLM001236,CN-00001236,POL001336,CUST001766,COV001236,2025-01-06,2025-01-07,open,weather,825.11,138.15
CLM001237,CN-00001237,POL001337,CUST003702,COV001237,2024-11-30,2024-12-05,reopened,collision,941.23,38.28
CLM001238,CN-00001238,POL001338,CUST003232,COV001238,2025-12-13,2025-12-17,subrogation,collision,929.55,183.78
CLM001239,CN-00001239,POL001339,CUST000550,COV001239,2026-08-12,2026-08-16,subrogation,liability,640.65,136.92
CLM001240,CN-00001240,POL001340,CUST004322,COV001240,2024-08-22,2024-08-24,reopened,liability,900.14,104.3
CLM001241,CN-00001241,POL001341,CUST003214,COV001241,2024-12-10,2024-12-23,closed,collision,997.33,5.55
CLM001242,CN-00001242,POL001342,CUST003360,COV001242,2026-05-21,2026-05-24,reopened,fire,65.65,9.97
CLM001243,CN-00001243,POL001343,CUST002072,COV001243,2025-06-18,2025-06-20,denied,collision,334.67,46.56
CLM001244,CN-00001244,POL001344,CUST003707,COV001244,2026-05-03,2026-05-07,reopened,theft,771.82,57.45
CLM001245,CN-00001245,POL001345,CUST002036,COV001245,2024-06-07,2024-06-18,denied,other,8643.77,530.77
CLM001246,CN-00001246,POL001346,CUST000893,COV001246,2025-09-26,2025-10-02,subrogation,water_damage,572.64,9.18
CLM001247,CN-00001247,POL001347,CUST000625,COV001247,2025-08-08,2025-08-21,subrogation,weather,270.92,1.02
CLM001248,CN-00001248,POL001348,CUST001340,COV001248,2026-02-28,2026-03-02,denied,fire,270.57,77.11
CLM001249,CN-00001249,POL001349,CUST002912,COV001249,2024-07-31,2024-07-31,denied,other,140.45,3.29
CLM001250,CN-00001250,POL001350,CUST003493,COV001250,2024-09-10,2024-09-14,open,liability,489.78,129.25
CLM001251,CN-00001251,POL001351,CUST001790,COV001251,2025-08-16,2025-08-19,open,collision,762.39,221.25
CLM001252,CN-00001252,POL001352,CUST002232,COV001252,2026-04-23,2026-04-23,closed,fire,810.21,96.22
CLM001253,CN-00001253,POL001353,CUST002187,COV001253,2026-07-01,2026-07-05,open,liability,552.93,14.22
CLM001254,CN-00001254,POL001354,CUST000764,COV001254,2025-09-13,2025-09-24,reopened,weather,506.17,142.53
CLM001255,CN-00001255,POL001355,CUST001854,COV001255,2026-06-19,2026-06-27,reopened,collision,431.87,127.18
CLM001256,CN-00001256,POL001356,CUST000164,COV001256,2026-03-18,2026-03-22,closed,other,61.94,16.93
CLM001257,CN-00001257,POL001357,CUST003099,COV001257,2025-09-30,2025-10-08,reopened,liability,139.44,6.79
CLM001258,CN-00001258,POL001358,CUST003395,COV001258,2024-03-11,2024-03-11,open,collision,598.96,118.15
CLM001259,CN-00001259,POL001359,CUST003989,COV001259,2026-03-27,2026-04-01,closed,fire,952.72,68.47
CLM001260,CN-00001260,POL001360,CUST001737,COV001260,2024-04-04,2024-04-12,subrogation,fire,7474.55,143.58
CLM001261,CN-00001261,POL001361,CUST000521,COV001261,2025-12-31,2026-01-04,subrogation,liability,220.12,1.72
CLM001262,CN-00001262,POL001362,CUST003370,COV001262,2026-07-11,2026-07-11,denied,liability,811.88,69.18
CLM001263,CN-00001263,POL001363,CUST000624,COV001263,2025-07-25,2025-07-26,closed,fire,483.37,5.6
CLM001264,CN-00001264,POL001364,CUST000939,COV001264,2026-07-11,2026-07-20,closed,liability,138.19,25.93
CLM001265,CN-00001265,POL001365,CUST002148,COV001265,2025-04-24,2025-05-01,closed,fire,115.56,18.48
CLM001266,CN-00001266,POL001366,CUST004366,COV001266,2025-06-24,2025-06-30,reopened,fire,260.13,14.12
CLM001267,CN-00001267,POL001367,CUST002033,COV001267,2024-04-27,2024-04-30,subrogation,other,735.25,65.24
CLM001268,CN-00001268,POL001368,CUST000598,COV001268,2024-09-13,2024-09-26,closed,theft,717.63,83.8
CLM001269,CN-00001269,POL001369,CUST000723,COV001269,2025-01-24,2025-01-24,closed,fire,670.56,81.31
CLM001270,CN-00001270,POL001370,CUST001136,COV001270,2024-07-10,2024-07-20,closed,other,459.0,36.67
CLM001271,CN-00001271,POL001371,CUST003422,COV001271,2025-08-14,2025-08-14,open,fire,697.77,191.9
CLM001272,CN-00001272,POL001372,CUST003529,COV001272,2025-11-15,2025-11-22,closed,fire,774.36,204.34
CLM001273,CN-00001273,POL001373,CUST003722,COV001273,2024-08-10,2024-08-18,closed,liability,370.38,3.42
CLM001274,CN-00001274,POL001374,CUST001901,COV001274,2025-12-21,2025-12-25,closed,water_damage,744.28,86.7
CLM001275,CN-00001275,POL001375,CUST004882,COV001275,2024-08-07,2024-08-08,subrogation,collision,946.59,220.81
CLM001276,CN-00001276,POL001376,CUST002625,COV001276,2025-05-23,2025-05-23,closed,other,483.06,62.87
CLM001277,CN-00001277,POL001377,CUST001727,COV001277,2025-01-21,2025-02-01,open,liability,957.42,236.78
CLM001278,CN-00001278,POL001378,CUST004590,COV001278,2025-11-15,2025-11-20,open,fire,889.4,257.06
CLM001279,CN-00001279,POL001379,CUST004767,COV001279,2024-09-17,2024-09-25,denied,theft,256.91,30.6
CLM001280,CN-00001280,POL001380,CUST001304,COV001280,2026-05-29,2026-05-29,closed,fire,371.7,59.51
CLM001281,CN-00001281,POL001381,CUST003013,COV001281,2025-01-14,2025-01-24,closed,weather,813.06,110.97
CLM001282,CN-00001282,POL001382,CUST004079,COV001282,2024-09-15,2024-09-18,closed,water_damage,960.76,163.26
CLM001283,CN-00001283,POL001383,CUST001800,COV001283,2026-08-01,2026-08-11,closed,liability,491.34,76.85
CLM001284,CN-00001284,POL001384,CUST000242,COV001284,2024-07-15,2024-07-21,closed,weather,144.46,14.33
CLM001285,CN-00001285,POL001385,CUST002896,COV001285,2024-12-31,2025-01-11,closed,other,266.49,37.39
CLM001286,CN-00001286,POL001386,CUST004337,COV001286,2025-08-12,2025-08-15,open,liability,992.77,77.24
CLM001287,CN-00001287,POL001387,CUST004176,COV001287,2026-07-10,2026-07-15,closed,water_damage,476.72,44.11
CLM001288,CN-00001288,POL001388,CUST000584,COV001288,2025-12-14,2025-12-25,open,fire,771.47,230.61
CLM001289,CN-00001289,POL001389,CUST004822,COV001289,2026-03-03,2026-03-11,closed,other,951.44,49.81
CLM001290,CN-00001290,POL001390,CUST002395,COV001290,2025-01-18,2025-01-26,closed,weather,694.72,147.05
CLM001291,CN-00001291,POL001391,CUST000030,COV001291,2025-06-20,2025-06-27,open,fire,781.96,36.34
CLM001292,CN-00001292,POL001392,CUST004159,COV001292,2024-11-02,2024-11-04,denied,liability,272.5,76.48
CLM001293,CN-00001293,POL001393,CUST004750,COV001293,2024-11-19,2024-11-20,denied,fire,661.97,150.71
CLM001294,CN-00001294,POL001394,CUST001040,COV001294,2025-05-08,2025-05-21,open,water_damage,81.55,1.75
CLM001295,CN-00001295,POL001395,CUST002356,COV001295,2024-05-05,2024-05-13,closed,fire,876.23,75.14
CLM001296,CN-00001296,POL001396,CUST002060,COV001296,2024-04-03,2024-04-15,subrogation,collision,193.73,37.05
CLM001297,CN-00001297,POL001397,CUST002093,COV001297,2024-06-10,2024-06-21,reopened,water_damage,501.46,122.18
CLM001298,CN-00001298,POL001398,CUST000830,COV001298,2024-05-23,2024-06-03,closed,theft,821.18,131.6
CLM001299,CN-00001299,POL001399,CUST001482,COV001299,2026-06-15,2026-06-27,closed,other,829.94,166.74
CLM001300,CN-00001300,POL001400,CUST000590,COV001300,2025-09-13,2025-09-22,denied,fire,784.54,231.87
CLM001301,CN-00001301,POL001401,CUST003552,COV001301,2025-12-22,2025-12-24,denied,theft,637.33,147.76
CLM001302,CN-00001302,POL001402,CUST000543,COV001302,2026-03-20,2026-04-01,open,fire,397.19,46.15
CLM001303,CN-00001303,POL001403,CUST003444,COV001303,2025-04-04,2025-04-13,closed,other,887.03,191.38
CLM001304,CN-00001304,POL001404,CUST001580,COV001304,2024-11-22,2024-11-24,reopened,theft,543.53,26.38
CLM001305,CN-00001305,POL001405,CUST004300,COV001305,2026-03-03,2026-03-06,reopened,collision,702.05,27.7
CLM001306,CN-00001306,POL001406,CUST004033,COV001306,2026-03-05,2026-03-14,closed,other,449.56,90.02
CLM001307,CN-00001307,POL001407,CUST000309,COV001307,2025-12-22,2025-12-29,denied,fire,847.78,164.22
CLM001308,CN-00001308,POL001408,CUST001927,COV001308,2024-06-20,2024-06-27,reopened,theft,356.24,16.04
CLM001309,CN-00001309,POL001409,CUST002464,COV001309,2026-04-03,2026-04-04,open,collision,408.57,99.8
CLM001310,CN-00001310,POL001410,CUST003120,COV001310,2024-12-04,2024-12-05,closed,weather,650.42,126.5
CLM001311,CN-00001311,POL001411,CUST003713,COV001311,2024-10-22,2024-11-01,subrogation,liability,704.77,119.1
CLM001312,CN-00001312,POL001412,CUST000966,COV001312,2024-10-09,2024-10-10,open,fire,756.01,116.0
CLM001313,CN-00001313,POL001413,CUST002108,COV001313,2024-03-07,2024-03-19,closed,other,537.18,121.57
CLM001314,CN-00001314,POL001414,CUST003737,COV001314,2025-05-28,2025-06-11,closed,other,554.98,98.07
CLM001315,CN-00001315,POL001415,CUST003511,COV001315,2025-07-24,2025-08-05,reopened,liability,909.95,195.95
CLM001316,CN-00001316,POL001416,CUST003686,COV001316,2025-10-31,2025-11-09,denied,other,752.18,175.11
CLM001317,CN-00001317,POL001417,CUST003778,COV001317,2025-08-19,2025-08-26,closed,fire,586.08,18.2
CLM001318,CN-00001318,POL001418,CUST004942,COV001318,2026-07-31,2026-08-13,subrogation,fire,7690.35,1811.29
CLM001319,CN-00001319,POL001419,CUST003958,COV001319,2024-06-25,2024-07-03,closed,other,870.17,77.03
CLM001320,CN-00001320,POL001420,CUST001780,COV001320,2026-06-09,2026-06-10,closed,theft,945.43,130.15
CLM001321,CN-00001321,POL001421,CUST001586,COV001321,2026-03-30,2026-04-13,closed,weather,217.16,8.8
CLM001322,CN-00001322,POL001422,CUST003793,COV001322,2024-02-27,2024-03-03,open,water_damage,783.85,188.23
CLM001323,CN-00001323,POL001423,CUST003839,COV001323,2026-09-01,2026-09-14,denied,water_damage,699.12,154.08
CLM001324,CN-00001324,POL001424,CUST003557,COV001324,2024-12-04,2024-12-18,subrogation,theft,874.22,174.6
CLM001325,CN-00001325,POL001425,CUST002798,COV001325,2025-02-05,2025-02-19,closed,weather,782.9,11.41
CLM001326,CN-00001326,POL001426,CUST001658,COV001326,2026-04-30,2026-05-11,closed,collision,967.53,105.32
CLM001327,CN-00001327,POL001427,CUST001436,COV001327,2024-06-15,2024-06-23,denied,weather,861.01,124.8
CLM001328,CN-00001328,POL001428,CUST000434,COV001328,2025-07-28,2025-07-30,closed,collision,588.91,72.25
CLM001329,CN-00001329,POL001429,CUST004224,COV001329,2024-11-18,2024-11-22,denied,theft,103.43,22.79
CLM001330,CN-00001330,POL001430,CUST002479,COV001330,2024-03-05,2024-03-16,denied,water_damage,63.44,10.8
CLM001331,CN-00001331,POL001431,CUST003805,COV001331,2024-04-08,2024-04-16,closed,theft,249.47,11.75
CLM001332,CN-00001332,POL001432,CUST003316,COV001332,2026-05-11,2026-05-13,open,water_damage,488.98,47.13
CLM001333,CN-00001333,POL001433,CUST003719,COV001333,2026-08-15,2026-08-26,reopened,theft,362.86,9.42
CLM001334,CN-00001334,POL001434,CUST001248,COV001334,2024-04-08,2024-04-21,open,water_damage,387.73,0.14
CLM001335,CN-00001335,POL001435,CUST000103,COV001335,2024-03-28,2024-04-02,closed,weather,380.98,44.0
CLM001336,CN-00001336,POL001436,CUST003549,COV001336,2026-01-05,2026-01-14,closed,water_damage,601.93,61.1
CLM001337,CN-00001337,POL001437,CUST002867,COV001337,2024-09-08,2024-09-18,open,liability,697.94,43.3
CLM001338,CN-00001338,POL001438,CUST003823,COV001338,2024-11-06,2024-11-09,closed,water_damage,289.34,30.62
CLM001339,CN-00001339,POL001439,CUST003112,COV001339,2025-11-19,2025-11-28,closed,weather,332.83,29.79
CLM001340,CN-00001340,POL001440,CUST001812,COV001340,2025-02-27,2025-03-02,closed,water_damage,248.88,24.99
CLM001341,CN-00001341,POL001441,CUST001320,COV001341,2026-07-28,2026-08-11,closed,collision,741.46,208.65
CLM001342,CN-00001342,POL001442,CUST000247,COV001342,2025-08-10,2025-08-13,closed,weather,11040.2,998.86
CLM001343,CN-00001343,POL001443,CUST000507,COV001343,2026-01-09,2026-01-15,subrogation,theft,616.23,119.78
CLM001344,CN-00001344,POL001444,CUST000800,COV001344,2024-08-19,2024-08-23,open,other,388.37,109.44
CLM001345,CN-00001345,POL001445,CUST000475,COV001345,2025-02-10,2025-02-24,denied,collision,991.91,270.42
CLM001346,CN-00001346,POL001446,CUST004842,COV001346,2025-06-30,2025-07-04,denied,liability,669.05,7.21
CLM001347,CN-00001347,POL001447,CUST001884,COV001347,2026-08-12,2026-08-20,subrogation,theft,823.35,239.67
CLM001348,CN-00001348,POL001448,CUST004749,COV001348,2026-09-06,2026-09-06,closed,fire,551.36,134.22
CLM001349,CN-00001349,POL001449,CUST004169,COV001349,2024-04-22,2024-05-04,denied,collision,5338.81,784.39
CLM001350,CN-00001350,POL001450,CUST004717,COV001350,2025-05-22,2025-06-02,denied,fire,120.02,13.55
CLM001351,CN-00001351,POL001451,CUST001639,COV001351,2024-05-22,2024-06-05,open,liability,918.6,191.33
CLM001352,CN-00001352,POL001452,CUST000502,COV001352,2025-06-26,2025-06-26,closed,other,563.03,78.9
CLM001353,CN-00001353,POL001453,CUST001188,COV001353,2024-09-28,2024-09-28,subrogation,collision,525.65,19.42
CLM001354,CN-00001354,POL001454,CUST001182,COV001354,2025-02-28,2025-03-03,closed,theft,878.54,67.72
CLM001355,CN-00001355,POL001455,CUST003335,COV001355,2026-08-20,2026-09-01,closed,theft,89.49,4.23
CLM001356,CN-00001356,POL001456,CUST004328,COV001356,2025-01-12,2025-01-20,closed,collision,369.64,59.71
CLM001357,CN-00001357,POL001457,CUST001412,COV001357,2024-08-21,2024-09-03,closed,water_damage,788.54,216.15
CLM001358,CN-00001358,POL001458,CUST004827,COV001358,2024-09-16,2024-09-19,closed,weather,13591.72,3694.63
CLM001359,CN-00001359,POL001459,CUST003094,COV001359,2024-09-18,2024-09-28,denied,collision,259.96,55.78
CLM001360,CN-00001360,POL001460,CUST001534,COV001360,2025-09-22,2025-09-29,denied,weather,410.01,35.61
CLM001361,CN-00001361,POL001461,CUST003223,COV001361,2025-09-02,2025-09-05,subrogation,collision,497.7,86.4
CLM001362,CN-00001362,POL001462,CUST002067,COV001362,2025-03-10,2025-03-23,closed,weather,205.56,29.16
CLM001363,CN-00001363,POL001463,CUST001058,COV001363,2026-08-23,2026-08-29,reopened,other,638.63,107.86
CLM001364,CN-00001364,POL001464,CUST000941,COV001364,2026-02-26,2026-03-05,reopened,fire,401.8,78.39
CLM001365,CN-00001365,POL001465,CUST000855,COV001365,2024-02-27,2024-03-11,reopened,other,5499.71,1016.17
CLM001366,CN-00001366,POL001466,CUST002135,COV001366,2025-10-21,2025-10-30,reopened,other,193.12,27.25
CLM001367,CN-00001367,POL001467,CUST000189,COV001367,2026-02-07,2026-02-19,closed,other,13095.05,3092.33
CLM001368,CN-00001368,POL001468,CUST003971,COV001368,2024-03-14,2024-03-19,denied,fire,172.0,49.66
CLM001369,CN-00001369,POL001469,CUST001851,COV001369,2026-04-14,2026-04-22,reopened,fire,743.02,148.07
CLM001370,CN-00001370,POL001470,CUST004059,COV001370,2024-11-30,2024-12-04,closed,weather,3227.82,477.97
CLM001371,CN-00001371,POL001471,CUST001045,COV001371,2025-01-30,2025-02-06,open,theft,165.78,49.45
CLM001372,CN-00001372,POL001472,CUST003170,COV001372,2025-12-11,2025-12-16,denied,liability,377.81,23.83
CLM001373,CN-00001373,POL001473,CUST003992,COV001373,2026-08-03,2026-08-14,reopened,water_damage,199.45,30.06
CLM001374,CN-00001374,POL001474,CUST000809,COV001374,2025-10-27,2025-11-08,closed,other,250.43,1.41
CLM001375,CN-00001375,POL001475,CUST002400,COV001375,2026-06-24,2026-07-05,closed,other,704.42,10.99
CLM001376,CN-00001376,POL001476,CUST004727,COV001376,2025-03-04,2025-03-15,reopened,collision,111.3,13.08
CLM001377,CN-00001377,POL001477,CUST002308,COV001377,2024-03-11,2024-03-12,subrogation,collision,419.0,81.37
CLM001378,CN-00001378,POL001478,CUST000602,COV001378,2025-02-06,2025-02-20,denied,weather,297.1,83.15
CLM001379,CN-00001379,POL001479,CUST004112,COV001379,2025-10-04,2025-10-11,subrogation,weather,489.47,93.03
CLM001380,CN-00001380,POL001480,CUST002309,COV001380,2026-01-29,2026-01-30,closed,fire,803.15,231.7
CLM001381,CN-00001381,POL001481,CUST004311,COV001381,2024-01-19,2024-02-01,open,water_damage,14245.05,268.01
CLM001382,CN-00001382,POL001482,CUST001311,COV001382,2025-04-26,2025-05-04,subrogation,water_damage,174.73,28.5
CLM001383,CN-00001383,POL001483,CUST000794,COV001383,2026-03-15,2026-03-16,subrogation,other,968.69,184.1
CLM001384,CN-00001384,POL001484,CUST004629,COV001384,2025-01-18,2025-01-19,closed,collision,548.97,147.63
CLM001385,CN-00001385,POL001485,CUST002614,COV001385,2025-02-26,2025-03-10,closed,weather,323.41,16.4
CLM001386,CN-00001386,POL001486,CUST003153,COV001386,2024-06-30,2024-07-10,open,theft,282.05,21.95
CLM001387,CN-00001387,POL001487,CUST004542,COV001387,2026-08-04,2026-08-07,closed,liability,635.39,67.07
CLM001388,CN-00001388,POL001488,CUST004520,COV001388,2024-09-30,2024-10-01,closed,theft,490.09,12.81
CLM001389,CN-00001389,POL001489,CUST001599,COV001389,2025-06-12,2025-06-15,closed,liability,983.7,256.13
CLM001390,CN-00001390,POL001490,CUST003925,COV001390,2024-08-20,2024-08-28,closed,theft,139.78,8.37
CLM001391,CN-00001391,POL001491,CUST001562,COV001391,2024-03-30,2024-04-12,subrogation,collision,338.51,55.0
CLM001392,CN-00001392,POL001492,CUST003475,COV001392,2025-11-12,2025-11-22,open,liability,178.57,13.77
CLM001393,CN-00001393,POL001493,CUST004836,COV001393,2024-08-25,2024-08-25,subrogation,weather,585.88,163.3
CLM001394,CN-00001394,POL001494,CUST000567,COV001394,2026-02-25,2026-03-04,open,other,997.6,283.64
CLM001395,CN-00001395,POL001495,CUST000022,COV001395,2024-02-25,2024-02-25,reopened,fire,94.51,9.34
CLM001396,CN-00001396,POL001496,CUST001366,COV001396,2025-08-13,2025-08-22,closed,collision,96.07,0.87
CLM001397,CN-00001397,POL001497,CUST003350,COV001397,2025-04-17,2025-04-29,closed,other,644.35,56.97
CLM001398,CN-00001398,POL001498,CUST001373,COV001398,2025-05-23,2025-05-30,closed,water_damage,771.8,58.45
CLM001399,CN-00001399,POL001499,CUST002207,COV001399,2025-06-10,2025-06-11,closed,liability,906.84,54.29
CLM001400,CN-00001400,POL001500,CUST001882,COV001400,2025-07-20,2025-08-03,reopened,collision,236.34,69.69
CLM001401,CN-00001401,POL001501,CUST003732,COV001401,2025-06-09,2025-06-18,subrogation,fire,475.45,125.77
CLM001402,CN-00001402,POL001502,CUST001766,COV001402,2024-08-30,2024-09-05,closed,fire,206.01,35.65
CLM001403,CN-00001403,POL001503,CUST004915,COV001403,2026-02-02,2026-02-12,open,collision,98.65,20.78
CLM001404,CN-00001404,POL001504,CUST001704,COV001404,2024-09-08,2024-09-17,reopened,theft,857.57,72.41
CLM001405,CN-00001405,POL001505,CUST004794,COV001405,2024-07-01,2024-07-01,reopened,water_damage,897.37,41.83
CLM001406,CN-00001406,POL001506,CUST003834,COV001406,2025-01-02,2025-01-13,open,water_damage,237.45,6.04
CLM001407,CN-00001407,POL001507,CUST004881,COV001407,2025-05-16,2025-05-21,closed,liability,334.62,34.41
CLM001408,CN-00001408,POL001508,CUST002157,COV001408,2026-08-14,2026-08-18,reopened,weather,379.64,34.84
CLM001409,CN-00001409,POL001509,CUST000992,COV001409,2025-01-05,2025-01-14,open,collision,933.57,39.98
CLM001410,CN-00001410,POL001510,CUST002465,COV001410,2025-02-16,2025-02-25,closed,water_damage,568.67,6.58
CLM001411,CN-00001411,POL001511,CUST000362,COV001411,2025-11-12,2025-11-12,open,water_damage,965.92,60.04
CLM001412,CN-00001412,POL001512,CUST002840,COV001412,2024-01-15,2024-01-16,closed,collision,450.62,62.39
CLM001413,CN-00001413,POL001513,CUST000176,COV001413,2025-09-26,2025-10-07,open,weather,81.15,22.28
CLM001414,CN-00001414,POL001514,CUST000170,COV001414,2026-01-07,2026-01-08,denied,liability,170.71,20.76
CLM001415,CN-00001415,POL001515,CUST002637,COV001415,2025-06-15,2025-06-29,closed,fire,415.3,98.48
CLM001416,CN-00001416,POL001516,CUST003061,COV001416,2024-04-12,2024-04-20,open,fire,814.67,240.7
CLM001417,CN-00001417,POL001517,CUST004914,COV001417,2025-10-31,2025-11-09,closed,fire,494.87,116.92
CLM001418,CN-00001418,POL001518,CUST001730,COV001418,2025-01-17,2025-01-30,closed,other,937.31,152.39
CLM001419,CN-00001419,POL001519,CUST002339,COV001419,2026-04-16,2026-04-22,closed,other,851.28,245.78
CLM001420,CN-00001420,POL001520,CUST000326,COV001420,2024-03-27,2024-04-10,denied,weather,348.8,12.81
CLM001421,CN-00001421,POL001521,CUST003482,COV001421,2025-06-09,2025-06-23,closed,water_damage,796.61,188.6
CLM001422,CN-00001422,POL001522,CUST001306,COV001422,2024-09-19,2024-09-28,closed,theft,382.16,35.86
CLM001423,CN-00001423,POL001523,CUST001990,COV001423,2025-09-04,2025-09-16,subrogation,other,975.39,74.62
CLM001424,CN-00001424,POL001524,CUST004396,COV001424,2025-05-17,2025-05-29,closed,water_damage,9702.76,1455.91
CLM001425,CN-00001425,POL001525,CUST003421,COV001425,2026-07-01,2026-07-12,closed,fire,369.41,108.44
CLM001426,CN-00001426,POL001526,CUST002164,COV001426,2025-07-15,2025-07-25,reopened,weather,91.84,21.77
CLM001427,CN-00001427,POL001527,CUST000127,COV001427,2025-04-26,2025-05-09,denied,collision,273.4,60.89
CLM001428,CN-00001428,POL001528,CUST001760,COV001428,2026-01-21,2026-01-22,closed,liability,832.55,71.45
CLM001429,CN-00001429,POL001529,CUST003934,COV001429,2024-09-14,2024-09-17,reopened,liability,52.54,6.01
CLM001430,CN-00001430,POL001530,CUST002719,COV001430,2025-09-28,2025-10-10,reopened,liability,339.28,60.68
CLM001431,CN-00001431,POL001531,CUST002950,COV001431,2025-07-28,2025-08-09,open,weather,280.9,24.99
CLM001432,CN-00001432,POL001532,CUST004104,COV001432,2024-07-11,2024-07-17,denied,weather,279.46,7.87
CLM001433,CN-00001433,POL001533,CUST004180,COV001433,2026-02-05,2026-02-09,open,collision,490.33,101.52
CLM001434,CN-00001434,POL001534,CUST002887,COV001434,2024-08-12,2024-08-14,closed,water_damage,218.17,2.23
CLM001435,CN-00001435,POL001535,CUST003644,COV001435,2025-07-19,2025-07-22,closed,liability,467.07,78.54
CLM001436,CN-00001436,POL001536,CUST004168,COV001436,2024-02-25,2024-03-04,reopened,theft,170.27,16.08
CLM001437,CN-00001437,POL001537,CUST002551,COV001437,2026-08-06,2026-08-09,closed,theft,206.79,18.57
CLM001438,CN-00001438,POL001538,CUST001605,COV001438,2025-04-27,2025-05-03,closed,theft,734.14,26.25
CLM001439,CN-00001439,POL001539,CUST000538,COV001439,2026-04-13,2026-04-18,denied,fire,183.0,29.55
CLM001440,CN-00001440,POL001540,CUST003612,COV001440,2024-10-26,2024-10-31,closed,weather,354.92,5.1
CLM001441,CN-00001441,POL001541,CUST001340,COV001441,2026-03-25,2026-03-28,reopened,theft,574.83,72.96
CLM001442,CN-00001442,POL001542,CUST001244,COV001442,2026-01-19,2026-02-01,closed,water_damage,197.94,29.28
CLM001443,CN-00001443,POL001543,CUST003785,COV001443,2026-07-05,2026-07-17,closed,water_damage,264.36,37.71
CLM001444,CN-00001444,POL001544,CUST003092,COV001444,2026-05-13,2026-05-13,closed,weather,124.87,9.62
CLM001445,CN-00001445,POL001545,CUST002163,COV001445,2024-12-27,2024-12-27,reopened,collision,342.49,42.55
CLM001446,CN-00001446,POL001546,CUST001272,COV001446,2026-05-30,2026-06-01,open,other,872.93,162.91
CLM001447,CN-00001447,POL001547,CUST002223,COV001447,2024-04-07,2024-04-19,closed,weather,3782.3,79.49
CLM001448,CN-00001448,POL001548,CUST003199,COV001448,2024-12-05,2024-12-05,subrogation,collision,673.01,55.11
CLM001449,CN-00001449,POL001549,CUST003203,COV001449,2024-09-05,2024-09-19,closed,collision,561.7,89.67
CLM001450,CN-00001450,POL001550,CUST003764,COV001450,2025-04-29,2025-05-07,open,theft,522.72,7.15
CLM001451,CN-00001451,POL001551,CUST001549,COV001451,2025-11-03,2025-11-04,closed,fire,77.32,9.66
CLM001452,CN-00001452,POL001552,CUST003663,COV001452,2025-12-10,2025-12-20,closed,other,51.43,3.95
CLM001453,CN-00001453,POL001553,CUST001587,COV001453,2024-04-03,2024-04-10,reopened,fire,911.24,249.78
CLM001454,CN-00001454,POL001554,CUST004015,COV001454,2025-12-01,2025-12-09,closed,other,821.95,204.28
CLM001455,CN-00001455,POL001555,CUST002474,COV001455,2024-03-12,2024-03-16,closed,water_damage,516.91,118.05
CLM001456,CN-00001456,POL001556,CUST002630,COV001456,2024-04-30,2024-05-14,subrogation,collision,884.92,63.39
CLM001457,CN-00001457,POL001557,CUST001861,COV001457,2025-01-13,2025-01-27,reopened,water_damage,781.73,173.02
CLM001458,CN-00001458,POL001558,CUST004262,COV001458,2024-09-03,2024-09-15,closed,fire,488.98,54.79
CLM001459,CN-00001459,POL001559,CUST001933,COV001459,2025-01-27,2025-02-04,open,other,801.67,23.84
CLM001460,CN-00001460,POL001560,CUST003030,COV001460,2025-02-21,2025-03-07,closed,weather,652.92,42.93
CLM001461,CN-00001461,POL001561,CUST002616,COV001461,2025-02-19,2025-03-03,subrogation,collision,853.91,239.39
CLM001462,CN-00001462,POL001562,CUST003812,COV001462,2025-01-03,2025-01-17,subrogation,theft,143.09,11.95
CLM001463,CN-00001463,POL001563,CUST004214,COV001463,2026-06-01,2026-06-05,closed,weather,440.32,5.97
CLM001464,CN-00001464,POL001564,CUST000817,COV001464,2025-03-04,2025-03-04,closed,water_damage,835.57,33.93
CLM001465,CN-00001465,POL001565,CUST000609,COV001465,2024-05-07,2024-05-15,subrogation,other,283.23,81.28
CLM001466,CN-00001466,POL001566,CUST002431,COV001466,2025-02-19,2025-03-02,subrogation,weather,128.16,15.23
CLM001467,CN-00001467,POL001567,CUST003075,COV001467,2024-01-27,2024-02-04,reopened,water_damage,262.01,32.99
CLM001468,CN-00001468,POL001568,CUST003306,COV001468,2024-06-12,2024-06-13,subrogation,collision,484.62,137.13
CLM001469,CN-00001469,POL001569,CUST001402,COV001469,2025-04-01,2025-04-03,closed,water_damage,662.39,21.53
CLM001470,CN-00001470,POL001570,CUST001866,COV001470,2024-09-27,2024-10-02,open,liability,241.84,69.05
CLM001471,CN-00001471,POL001571,CUST004157,COV001471,2026-07-23,2026-08-02,closed,theft,597.6,32.14
CLM001472,CN-00001472,POL001572,CUST001389,COV001472,2025-05-28,2025-05-29,closed,theft,8640.14,1490.59
CLM001473,CN-00001473,POL001573,CUST002014,COV001473,2026-02-24,2026-03-09,reopened,fire,934.3,213.06
CLM001474,CN-00001474,POL001574,CUST002618,COV001474,2024-01-29,2024-02-03,reopened,collision,341.29,0.45
CLM001475,CN-00001475,POL001575,CUST003323,COV001475,2024-08-26,2024-09-01,closed,theft,361.21,76.5
CLM001476,CN-00001476,POL001576,CUST002995,COV001476,2025-07-11,2025-07-21,closed,theft,366.91,46.6
CLM001477,CN-00001477,POL001577,CUST001353,COV001477,2026-02-07,2026-02-16,closed,weather,336.76,54.4
CLM001478,CN-00001478,POL001578,CUST003432,COV001478,2024-10-01,2024-10-04,subrogation,water_damage,455.01,30.71
CLM001479,CN-00001479,POL001579,CUST003292,COV001479,2026-03-16,2026-03-18,reopened,theft,247.63,12.71
CLM001480,CN-00001480,POL001580,CUST001261,COV001480,2025-01-02,2025-01-12,closed,liability,434.3,22.64
CLM001481,CN-00001481,POL001581,CUST003192,COV001481,2026-04-15,2026-04-29,closed,theft,68.21,9.85
CLM001482,CN-00001482,POL001582,CUST004001,COV001482,2025-08-18,2025-08-19,closed,theft,225.58,2.94
CLM001483,CN-00001483,POL001583,CUST001031,COV001483,2026-07-22,2026-08-05,reopened,fire,714.86,154.54
CLM001484,CN-00001484,POL001584,CUST002064,COV001484,2024-05-13,2024-05-18,denied,weather,238.92,54.28
CLM001485,CN-00001485,POL001585,CUST003379,COV001485,2026-09-06,2026-09-11,reopened,weather,254.65,55.23
CLM001486,CN-00001486,POL001586,CUST000319,COV001486,2026-04-13,2026-04-26,closed,water_damage,51.17,12.34
CLM001487,CN-00001487,POL001587,CUST004071,COV001487,2026-02-06,2026-02-11,closed,other,854.91,6.48
CLM001488,CN-00001488,POL001588,CUST000346,COV001488,2026-04-20,2026-04-28,open,liability,256.69,5.24
CLM001489,CN-00001489,POL001589,CUST004704,COV001489,2025-09-01,2025-09-11,denied,fire,270.08,78.94
CLM001490,CN-00001490,POL001590,CUST000826,COV001490,2025-11-25,2025-11-27,denied,weather,840.98,65.14
CLM001491,CN-00001491,POL001591,CUST000745,COV001491,2026-03-14,2026-03-28,open,weather,197.86,37.33
CLM001492,CN-00001492,POL001592,CUST000892,COV001492,2025-03-25,2025-03-26,closed,water_damage,396.06,52.82
CLM001493,CN-00001493,POL001593,CUST000989,COV001493,2026-08-15,2026-08-15,reopened,collision,181.67,0.37
CLM001494,CN-00001494,POL001594,CUST001194,COV001494,2025-09-21,2025-09-26,subrogation,weather,863.98,72.01
CLM001495,CN-00001495,POL001595,CUST001218,COV001495,2026-08-10,2026-08-13,closed,other,942.37,138.48
CLM001496,CN-00001496,POL001596,CUST000791,COV001496,2026-05-05,2026-05-11,denied,weather,898.54,195.71
CLM001497,CN-00001497,POL001597,CUST001320,COV001497,2024-04-28,2024-05-07,subrogation,other,6962.74,1597.44
CLM001498,CN-00001498,POL001598,CUST001912,COV001498,2024-11-06,2024-11-19,denied,weather,545.24,133.22
CLM001499,CN-00001499,POL001599,CUST003971,COV001499,2024-05-14,2024-05-14,denied,collision,286.28,41.53
CLM001500,CN-00001500,POL001600,CUST004000,COV001500,2024-06-30,2024-07-06,subrogation,liability,707.19,173.79
CLM001501,CN-00001501,POL001601,CUST004884,COV001501,2024-12-06,2024-12-19,reopened,other,4750.35,141.47
CLM001502,CN-00001502,POL001602,CUST000567,COV001502,2026-02-19,2026-02-25,open,theft,579.35,127.95
CLM001503,CN-00001503,POL001603,CUST000326,COV001503,2026-01-30,2026-01-30,closed,liability,376.66,12.83
CLM001504,CN-00001504,POL001604,CUST001056,COV001504,2025-09-25,2025-09-30,subrogation,fire,441.45,16.91
CLM001505,CN-00001505,POL001605,CUST001343,COV001505,2025-11-14,2025-11-21,reopened,other,821.91,43.45
CLM001506,CN-00001506,POL001606,CUST004815,COV001506,2025-04-14,2025-04-17,open,other,9249.43,1712.63
CLM001507,CN-00001507,POL001607,CUST003691,COV001507,2024-03-08,2024-03-20,denied,collision,686.11,82.77
CLM001508,CN-00001508,POL001608,CUST001592,COV001508,2025-06-29,2025-07-13,denied,water_damage,610.47,123.64
CLM001509,CN-00001509,POL001609,CUST001311,COV001509,2026-03-03,2026-03-06,subrogation,weather,473.79,35.46
CLM001510,CN-00001510,POL001610,CUST000678,COV001510,2025-08-12,2025-08-12,subrogation,liability,392.34,46.87
CLM001511,CN-00001511,POL001611,CUST004927,COV001511,2025-07-27,2025-07-27,subrogation,collision,3839.69,971.27
CLM001512,CN-00001512,POL001612,CUST002387,COV001512,2026-07-27,2026-08-03,reopened,collision,941.29,49.68
CLM001513,CN-00001513,POL001613,CUST002552,COV001513,2024-02-05,2024-02-08,open,water_damage,7821.84,2106.12
CLM001514,CN-00001514,POL001614,CUST003029,COV001514,2025-12-10,2025-12-14,subrogation,fire,762.31,4.2
CLM001515,CN-00001515,POL001615,CUST001858,COV001515,2025-12-28,2026-01-02,open,liability,5239.12,600.55
CLM001516,CN-00001516,POL001616,CUST001281,COV001516,2024-07-20,2024-07-20,subrogation,water_damage,853.65,173.22
CLM001517,CN-00001517,POL001617,CUST002887,COV001517,2025-03-09,2025-03-23,open,fire,369.55,6.74
CLM001518,CN-00001518,POL001618,CUST004279,COV001518,2025-08-07,2025-08-15,denied,other,512.4,152.31
CLM001519,CN-00001519,POL001619,CUST000653,COV001519,2024-04-22,2024-04-30,denied,other,836.26,214.46
CLM001520,CN-00001520,POL001620,CUST002196,COV001520,2025-07-12,2025-07-15,denied,water_damage,973.05,258.48
CLM001521,CN-00001521,POL001621,CUST001517,COV001521,2026-07-02,2026-07-05,reopened,fire,877.81,179.55
CLM001522,CN-00001522,POL001622,CUST003949,COV001522,2025-08-03,2025-08-16,reopened,fire,317.4,65.45
CLM001523,CN-00001523,POL001623,CUST004940,COV001523,2024-11-18,2024-11-21,closed,other,520.11,118.25
CLM001524,CN-00001524,POL001624,CUST002336,COV001524,2026-08-17,2026-08-17,reopened,fire,929.66,172.02
CLM001525,CN-00001525,POL001625,CUST000803,COV001525,2026-01-31,2026-02-06,open,liability,141.98,29.17
CLM001526,CN-00001526,POL001626,CUST000339,COV001526,2025-12-11,2025-12-18,closed,water_damage,554.39,148.26
CLM001527,CN-00001527,POL001627,CUST000006,COV001527,2024-04-23,2024-04-30,closed,collision,651.88,87.76
CLM001528,CN-00001528,POL001628,CUST002165,COV001528,2026-06-15,2026-06-28,open,theft,896.82,219.54
CLM001529,CN-00001529,POL001629,CUST003015,COV001529,2026-07-16,2026-07-16,closed,water_damage,223.73,36.86
CLM001530,CN-00001530,POL001630,CUST001171,COV001530,2025-08-15,2025-08-26,closed,water_damage,754.48,11.45
CLM001531,CN-00001531,POL001631,CUST004667,COV001531,2025-06-23,2025-07-05,closed,theft,104.27,4.94
CLM001532,CN-00001532,POL001632,CUST000291,COV001532,2025-09-19,2025-10-03,reopened,theft,981.8,61.04
CLM001533,CN-00001533,POL001633,CUST002662,COV001533,2025-12-18,2025-12-26,closed,other,660.58,86.74
CLM001534,CN-00001534,POL001634,CUST001843,COV001534,2024-12-08,2024-12-15,denied,collision,790.9,94.32
CLM001535,CN-00001535,POL001635,CUST000481,COV001535,2025-06-26,2025-07-01,subrogation,weather,179.27,0.37
CLM001536,CN-00001536,POL001636,CUST002184,COV001536,2026-03-25,2026-04-05,open,theft,930.38,48.31
CLM001537,CN-00001537,POL001637,CUST003370,COV001537,2025-05-14,2025-05-20,closed,water_damage,274.74,61.24
CLM001538,CN-00001538,POL001638,CUST000640,COV001538,2026-07-11,2026-07-18,reopened,water_damage,326.18,3.95
CLM001539,CN-00001539,POL001639,CUST003292,COV001539,2024-09-18,2024-09-29,denied,fire,854.92,75.19
CLM001540,CN-00001540,POL001640,CUST003563,COV001540,2025-05-22,2025-05-26,reopened,weather,273.71,56.49
CLM001541,CN-00001541,POL001641,CUST004148,COV001541,2024-03-11,2024-03-16,subrogation,liability,547.51,16.13
CLM001542,CN-00001542,POL001642,CUST000650,COV001542,2025-01-02,2025-01-07,closed,fire,261.46,47.14
CLM001543,CN-00001543,POL001643,CUST002376,COV001543,2024-10-29,2024-11-08,closed,other,610.93,98.68
CLM001544,CN-00001544,POL001644,CUST000859,COV001544,2024-03-27,2024-04-03,closed,fire,984.76,176.42
CLM001545,CN-00001545,POL001645,CUST002099,COV001545,2026-01-16,2026-01-30,closed,water_damage,939.52,48.74
CLM001546,CN-00001546,POL001646,CUST001576,COV001546,2026-01-24,2026-01-26,subrogation,water_damage,879.19,160.8
CLM001547,CN-00001547,POL001647,CUST002321,COV001547,2025-12-27,2026-01-07,subrogation,weather,336.09,69.44
CLM001548,CN-00001548,POL001648,CUST002171,COV001548,2026-02-06,2026-02-19,subrogation,other,259.26,53.12
CLM001549,CN-00001549,POL001649,CUST002249,COV001549,2026-05-31,2026-06-05,closed,water_damage,233.79,40.68
CLM001550,CN-00001550,POL001650,CUST000077,COV001550,2026-02-08,2026-02-20,open,liability,492.11,29.24
CLM001551,CN-00001551,POL001651,CUST002593,COV001551,2024-11-14,2024-11-22,closed,other,853.54,220.46
CLM001552,CN-00001552,POL001652,CUST002931,COV001552,2026-08-14,2026-08-22,closed,water_damage,710.16,96.61
CLM001553,CN-00001553,POL001653,CUST000590,COV001553,2024-02-08,2024-02-11,subrogation,weather,245.36,72.98
CLM001554,CN-00001554,POL001654,CUST001078,COV001554,2025-03-31,2025-04-12,closed,theft,109.93,19.59
CLM001555,CN-00001555,POL001655,CUST001887,COV001555,2024-03-06,2024-03-09,open,weather,944.37,278.7
CLM001556,CN-00001556,POL001656,CUST000650,COV001556,2025-02-08,2025-02-09,denied,fire,529.56,69.35
CLM001557,CN-00001557,POL001657,CUST002098,COV001557,2025-05-29,2025-06-07,subrogation,water_damage,96.12,3.28
CLM001558,CN-00001558,POL001658,CUST003219,COV001558,2025-05-25,2025-05-25,closed,theft,266.39,20.72
CLM001559,CN-00001559,POL001659,CUST004088,COV001559,2026-04-16,2026-04-19,reopened,theft,791.4,151.75
CLM001560,CN-00001560,POL001660,CUST004090,COV001560,2025-04-08,2025-04-10,closed,other,874.56,124.36
CLM001561,CN-00001561,POL001661,CUST000261,COV001561,2025-03-26,2025-04-06,subrogation,other,428.44,68.4
CLM001562,CN-00001562,POL001662,CUST000164,COV001562,2024-04-12,2024-04-24,closed,water_damage,581.68,159.14
CLM001563,CN-00001563,POL001663,CUST003511,COV001563,2025-01-23,2025-02-02,closed,weather,133.37,30.89
CLM001564,CN-00001564,POL001664,CUST003339,COV001564,2024-05-11,2024-05-21,closed,theft,241.76,11.15
CLM001565,CN-00001565,POL001665,CUST004840,COV001565,2026-04-09,2026-04-11,closed,theft,416.53,113.8
CLM001566,CN-00001566,POL001666,CUST004138,COV001566,2024-07-31,2024-08-09,reopened,water_damage,782.03,85.94
CLM001567,CN-00001567,POL001667,CUST004811,COV001567,2024-12-02,2024-12-03,closed,water_damage,115.89,19.23
CLM001568,CN-00001568,POL001668,CUST002506,COV001568,2026-04-06,2026-04-14,closed,collision,583.46,106.25
CLM001569,CN-00001569,POL001669,CUST002916,COV001569,2025-12-12,2025-12-15,closed,other,952.98,143.57
CLM001570,CN-00001570,POL001670,CUST001218,COV001570,2026-05-05,2026-05-16,open,other,572.68,79.55
CLM001571,CN-00001571,POL001671,CUST003552,COV001571,2024-10-07,2024-10-12,closed,collision,495.13,108.3
CLM001572,CN-00001572,POL001672,CUST000681,COV001572,2025-01-05,2025-01-11,closed,theft,594.63,67.63
CLM001573,CN-00001573,POL001673,CUST001112,COV001573,2026-07-09,2026-07-23,reopened,liability,682.33,164.84
CLM001574,CN-00001574,POL001674,CUST003491,COV001574,2024-01-24,2024-02-03,reopened,liability,752.01,46.02
CLM001575,CN-00001575,POL001675,CUST003732,COV001575,2026-01-11,2026-01-18,subrogation,fire,568.29,25.73
CLM001576,CN-00001576,POL001676,CUST001104,COV001576,2024-09-21,2024-10-04,reopened,collision,104.65,8.98
CLM001577,CN-00001577,POL001677,CUST000682,COV001577,2024-06-03,2024-06-03,closed,weather,158.32,22.84
CLM001578,CN-00001578,POL001678,CUST003723,COV001578,2025-03-26,2025-03-31,denied,other,219.09,65.12
CLM001579,CN-00001579,POL001679,CUST003157,COV001579,2025-08-07,2025-08-12,subrogation,theft,310.41,25.92
CLM001580,CN-00001580,POL001680,CUST001238,COV001580,2025-03-14,2025-03-27,open,weather,825.58,33.08
CLM001581,CN-00001581,POL001681,CUST003287,COV001581,2025-06-03,2025-06-11,closed,liability,928.88,124.02
CLM001582,CN-00001582,POL001682,CUST003468,COV001582,2024-07-26,2024-08-06,closed,other,282.18,13.87
CLM001583,CN-00001583,POL001683,CUST000014,COV001583,2024-07-27,2024-08-05,denied,water_damage,723.57,161.81
CLM001584,CN-00001584,POL001684,CUST003912,COV001584,2024-02-06,2024-02-18,denied,weather,516.16,71.71
CLM001585,CN-00001585,POL001685,CUST003420,COV001585,2025-04-02,2025-04-15,closed,other,331.15,99.01
CLM001586,CN-00001586,POL001686,CUST003204,COV001586,2025-02-15,2025-02-20,closed,fire,314.74,4.28
CLM001587,CN-00001587,POL001687,CUST002789,COV001587,2025-09-05,2025-09-11,open,weather,262.86,51.33
CLM001588,CN-00001588,POL001688,CUST000399,COV001588,2025-02-14,2025-02-14,open,fire,154.72,5.04
CLM001589,CN-00001589,POL001689,CUST001531,COV001589,2026-05-14,2026-05-21,denied,water_damage,770.11,127.77
CLM001590,CN-00001590,POL001690,CUST003038,COV001590,2025-02-25,2025-03-04,reopened,other,625.82,23.2
CLM001591,CN-00001591,POL001691,CUST002359,COV001591,2025-10-25,2025-11-02,reopened,other,143.41,16.39
CLM001592,CN-00001592,POL001692,CUST000395,COV001592,2026-04-01,2026-04-02,closed,collision,829.72,134.69
CLM001593,CN-00001593,POL001693,CUST000756,COV001593,2025-08-21,2025-09-02,subrogation,other,247.14,73.45
CLM001594,CN-00001594,POL001694,CUST004396,COV001594,2025-10-25,2025-11-04,denied,weather,233.96,15.43
CLM001595,CN-00001595,POL001695,CUST000768,COV001595,2025-06-09,2025-06-16,denied,other,323.21,23.04
CLM001596,CN-00001596,POL001696,CUST003918,COV001596,2026-06-01,2026-06-09,open,weather,679.33,79.95
CLM001597,CN-00001597,POL001697,CUST004045,COV001597,2025-02-17,2025-02-26,open,other,100.2,9.58
CLM001598,CN-00001598,POL001698,CUST003652,COV001598,2024-05-09,2024-05-20,reopened,other,704.29,131.59
CLM001599,CN-00001599,POL001699,CUST004411,COV001599,2026-04-07,2026-04-11,subrogation,weather,431.98,54.2
CLM001600,CN-00001600,POL001700,CUST000483,COV001600,2026-03-27,2026-04-02,closed,collision,278.35,13.2
CLM001601,CN-00001601,POL001701,CUST002950,COV001601,2026-01-10,2026-01-14,denied,other,538.6,102.53
CLM001602,CN-00001602,POL001702,CUST002663,COV001602,2026-06-08,2026-06-20,open,fire,851.71,107.67
CLM001603,CN-00001603,POL001703,CUST004903,COV001603,2024-10-20,2024-11-02,denied,liability,684.93,15.09
CLM001604,CN-00001604,POL001704,CUST003754,COV001604,2024-03-05,2024-03-11,reopened,water_damage,249.22,47.81
CLM001605,CN-00001605,POL001705,CUST000018,COV001605,2026-05-31,2026-06-07,subrogation,water_damage,139.46,21.7
CLM001606,CN-00001606,POL001706,CUST001961,COV001606,2025-06-02,2025-06-05,closed,water_damage,530.07,55.21
CLM001607,CN-00001607,POL001707,CUST002847,COV001607,2024-08-10,2024-08-21,open,other,871.49,78.79
CLM001608,CN-00001608,POL001708,CUST003282,COV001608,2026-07-25,2026-07-29,closed,other,647.62,83.55
CLM001609,CN-00001609,POL001709,CUST002178,COV001609,2024-05-30,2024-06-04,closed,fire,224.28,47.61
CLM001610,CN-00001610,POL001710,CUST003266,COV001610,2025-07-16,2025-07-22,denied,water_damage,694.66,91.41
CLM001611,CN-00001611,POL001711,CUST001384,COV001611,2025-07-16,2025-07-21,closed,theft,655.55,108.05
CLM001612,CN-00001612,POL001712,CUST002201,COV001612,2025-10-09,2025-10-16,subrogation,theft,964.81,197.75
CLM001613,CN-00001613,POL001713,CUST001476,COV001613,2026-01-05,2026-01-19,subrogation,theft,838.45,146.3
CLM001614,CN-00001614,POL001714,CUST002713,COV001614,2024-01-26,2024-02-06,closed,water_damage,59.29,17.27
CLM001615,CN-00001615,POL001715,CUST004155,COV001615,2025-02-09,2025-02-23,reopened,liability,230.74,13.38
CLM001616,CN-00001616,POL001716,CUST004793,COV001616,2026-05-02,2026-05-16,reopened,weather,872.17,180.01
CLM001617,CN-00001617,POL001717,CUST001444,COV001617,2026-06-19,2026-06-30,subrogation,weather,340.48,37.63
CLM001618,CN-00001618,POL001718,CUST002489,COV001618,2024-05-15,2024-05-19,closed,water_damage,904.97,124.68
CLM001619,CN-00001619,POL001719,CUST003615,COV001619,2026-05-28,2026-06-11,open,fire,54.57,7.93
CLM001620,CN-00001620,POL001720,CUST000508,COV001620,2026-05-27,2026-05-28,closed,weather,300.21,13.86
CLM001621,CN-00001621,POL001721,CUST003628,COV001621,2026-04-11,2026-04-17,closed,weather,142.22,15.89
CLM001622,CN-00001622,POL001722,CUST001473,COV001622,2025-07-11,2025-07-15,closed,water_damage,936.47,23.36
CLM001623,CN-00001623,POL001723,CUST001360,COV001623,2024-09-14,2024-09-21,closed,weather,276.93,40.87
CLM001624,CN-00001624,POL001724,CUST001661,COV001624,2026-07-16,2026-07-29,subrogation,liability,471.22,141.18
CLM001625,CN-00001625,POL001725,CUST001308,COV001625,2024-10-14,2024-10-17,denied,other,740.98,167.41
CLM001626,CN-00001626,POL001726,CUST004986,COV001626,2025-09-13,2025-09-20,reopened,fire,188.39,42.9
CLM001627,CN-00001627,POL001727,CUST004143,COV001627,2026-05-28,2026-06-09,subrogation,weather,370.87,12.03
CLM001628,CN-00001628,POL001728,CUST001061,COV001628,2025-06-19,2025-07-01,closed,theft,757.78,129.06
CLM001629,CN-00001629,POL001729,CUST001791,COV001629,2024-07-16,2024-07-21,open,other,196.78,52.27
CLM001630,CN-00001630,POL001730,CUST002463,COV001630,2024-12-11,2024-12-15,open,liability,11093.83,2552.11
CLM001631,CN-00001631,POL001731,CUST004510,COV001631,2025-08-10,2025-08-11,subrogation,liability,483.86,38.29
CLM001632,CN-00001632,POL001732,CUST003089,COV001632,2026-06-03,2026-06-07,denied,theft,561.75,119.03
CLM001633,CN-00001633,POL001733,CUST002110,COV001633,2025-10-20,2025-10-28,reopened,other,3731.7,607.06
CLM001634,CN-00001634,POL001734,CUST003314,COV001634,2026-08-27,2026-09-06,closed,other,287.75,43.0
CLM001635,CN-00001635,POL001735,CUST001827,COV001635,2024-07-08,2024-07-13,reopened,water_damage,768.29,222.56
CLM001636,CN-00001636,POL001736,CUST000137,COV001636,2026-02-19,2026-02-25,denied,fire,635.97,98.56
CLM001637,CN-00001637,POL001737,CUST004065,COV001637,2025-08-20,2025-09-02,closed,theft,910.34,217.05
CLM001638,CN-00001638,POL001738,CUST001851,COV001638,2025-02-26,2025-03-06,closed,collision,558.29,17.14
CLM001639,CN-00001639,POL001739,CUST004324,COV001639,2025-12-20,2026-01-02,closed,liability,700.33,111.17
CLM001640,CN-00001640,POL001740,CUST000713,COV001640,2025-05-22,2025-06-02,open,weather,221.32,53.42
CLM001641,CN-00001641,POL001741,CUST002493,COV001641,2025-05-13,2025-05-16,subrogation,other,212.53,7.61
CLM001642,CN-00001642,POL001742,CUST002528,COV001642,2025-09-08,2025-09-12,denied,water_damage,935.74,161.7
CLM001643,CN-00001643,POL001743,CUST000488,COV001643,2025-06-30,2025-07-14,closed,liability,676.26,66.74
CLM001644,CN-00001644,POL001744,CUST002728,COV001644,2026-06-11,2026-06-16,subrogation,other,892.39,123.08
CLM001645,CN-00001645,POL001745,CUST002611,COV001645,2025-11-18,2025-11-27,reopened,collision,182.78,47.74
CLM001646,CN-00001646,POL001746,CUST001802,COV001646,2026-04-16,2026-04-29,subrogation,liability,498.54,65.08
CLM001647,CN-00001647,POL001747,CUST001481,COV001647,2025-05-18,2025-05-25,open,liability,848.29,126.28
CLM001648,CN-00001648,POL001748,CUST000764,COV001648,2026-08-25,2026-09-02,open,fire,534.97,74.92
CLM001649,CN-00001649,POL001749,CUST000528,COV001649,2025-02-09,2025-02-21,open,water_damage,794.04,55.56
CLM001650,CN-00001650,POL001750,CUST002167,COV001650,2024-02-05,2024-02-15,closed,fire,823.03,221.84
CLM001651,CN-00001651,POL001751,CUST004322,COV001651,2024-05-02,2024-05-13,open,fire,128.54,6.53
CLM001652,CN-00001652,POL001752,CUST000493,COV001652,2025-10-04,2025-10-18,closed,fire,253.92,17.65
CLM001653,CN-00001653,POL001753,CUST004036,COV001653,2026-03-15,2026-03-23,denied,water_damage,719.12,128.8
CLM001654,CN-00001654,POL001754,CUST000494,COV001654,2024-07-28,2024-08-01,closed,liability,291.64,4.14
CLM001655,CN-00001655,POL001755,CUST001657,COV001655,2026-03-05,2026-03-16,closed,other,512.06,76.29
CLM001656,CN-00001656,POL001756,CUST003655,COV001656,2024-09-21,2024-10-01,closed,water_damage,80.24,11.24
CLM001657,CN-00001657,POL001757,CUST003921,COV001657,2025-09-10,2025-09-23,closed,collision,282.63,44.98
CLM001658,CN-00001658,POL001758,CUST003860,COV001658,2026-08-01,2026-08-14,closed,theft,11399.97,1807.35
CLM001659,CN-00001659,POL001759,CUST000054,COV001659,2024-06-03,2024-06-12,reopened,water_damage,888.07,18.99
CLM001660,CN-00001660,POL001760,CUST002917,COV001660,2026-09-12,2026-09-21,closed,liability,770.55,228.84
CLM001661,CN-00001661,POL001761,CUST003084,COV001661,2025-08-03,2025-08-14,subrogation,other,278.93,42.34
CLM001662,CN-00001662,POL001762,CUST002794,COV001662,2026-09-12,2026-09-13,closed,collision,773.41,101.9
CLM001663,CN-00001663,POL001763,CUST004180,COV001663,2026-05-26,2026-05-26,closed,fire,808.8,149.76
CLM001664,CN-00001664,POL001764,CUST002698,COV001664,2026-07-05,2026-07-17,open,other,905.86,102.39
CLM001665,CN-00001665,POL001765,CUST000403,COV001665,2026-08-19,2026-08-31,subrogation,theft,716.51,52.56
CLM001666,CN-00001666,POL001766,CUST002130,COV001666,2024-07-10,2024-07-23,reopened,weather,6845.9,1676.0
CLM001667,CN-00001667,POL001767,CUST000092,COV001667,2026-02-02,2026-02-06,open,water_damage,701.66,13.28
CLM001668,CN-00001668,POL001768,CUST000512,COV001668,2025-04-09,2025-04-14,closed,water_damage,594.15,0.82
CLM001669,CN-00001669,POL001769,CUST004256,COV001669,2024-01-25,2024-02-06,closed,theft,997.95,24.08
CLM001670,CN-00001670,POL001770,CUST002184,COV001670,2026-04-07,2026-04-21,reopened,weather,324.78,22.13
CLM001671,CN-00001671,POL001771,CUST001967,COV001671,2026-06-20,2026-06-22,closed,fire,266.02,10.53
CLM001672,CN-00001672,POL001772,CUST000498,COV001672,2025-12-11,2025-12-14,open,fire,819.57,87.5
CLM001673,CN-00001673,POL001773,CUST002471,COV001673,2026-08-18,2026-08-21,closed,other,916.5,69.76
CLM001674,CN-00001674,POL001774,CUST000384,COV001674,2026-08-14,2026-08-14,reopened,theft,279.69,56.91
CLM001675,CN-00001675,POL001775,CUST001427,COV001675,2026-01-19,2026-01-23,closed,other,956.17,255.04
CLM001676,CN-00001676,POL001776,CUST002876,COV001676,2024-06-28,2024-06-30,subrogation,weather,756.4,224.72
CLM001677,CN-00001677,POL001777,CUST003332,COV001677,2026-06-14,2026-06-27,subrogation,theft,563.0,58.15
CLM001678,CN-00001678,POL001778,CUST003881,COV001678,2026-04-24,2026-04-24,denied,liability,203.55,42.28
CLM001679,CN-00001679,POL001779,CUST002391,COV001679,2026-04-06,2026-04-07,open,other,523.7,111.14
CLM001680,CN-00001680,POL001780,CUST000962,COV001680,2025-01-29,2025-02-08,closed,other,61.05,16.24
CLM001681,CN-00001681,POL001781,CUST002546,COV001681,2025-09-03,2025-09-13,subrogation,other,978.37,82.64
CLM001682,CN-00001682,POL001782,CUST004729,COV001682,2025-08-20,2025-09-03,closed,other,479.0,11.23
CLM001683,CN-00001683,POL001783,CUST000623,COV001683,2024-06-25,2024-06-25,denied,fire,359.54,22.19
CLM001684,CN-00001684,POL001784,CUST004048,COV001684,2025-02-04,2025-02-05,closed,liability,868.08,28.02
CLM001685,CN-00001685,POL001785,CUST003735,COV001685,2024-06-20,2024-06-29,subrogation,other,3341.93,525.25
CLM001686,CN-00001686,POL001786,CUST004676,COV001686,2025-10-01,2025-10-11,subrogation,liability,792.2,90.0
CLM001687,CN-00001687,POL001787,CUST001414,COV001687,2024-06-25,2024-07-01,denied,water_damage,842.37,168.89
CLM001688,CN-00001688,POL001788,CUST000213,COV001688,2026-04-06,2026-04-16,subrogation,weather,88.28,14.05
CLM001689,CN-00001689,POL001789,CUST003617,COV001689,2025-01-14,2025-01-14,denied,theft,876.93,69.74
CLM001690,CN-00001690,POL001790,CUST000786,COV001690,2025-08-21,2025-08-26,closed,other,948.83,58.01
CLM001691,CN-00001691,POL001791,CUST001481,COV001691,2024-11-01,2024-11-07,subrogation,fire,581.07,5.13
CLM001692,CN-00001692,POL001792,CUST000755,COV001692,2025-04-16,2025-04-26,closed,theft,536.59,53.69
CLM001693,CN-00001693,POL001793,CUST003868,COV001693,2026-09-03,2026-09-08,denied,other,794.57,233.75
CLM001694,CN-00001694,POL001794,CUST003205,COV001694,2024-03-12,2024-03-22,open,liability,291.4,2.16
CLM001695,CN-00001695,POL001795,CUST002425,COV001695,2024-09-11,2024-09-24,denied,collision,146.7,3.13
CLM001696,CN-00001696,POL001796,CUST002006,COV001696,2024-12-15,2024-12-15,closed,liability,713.41,97.7
CLM001697,CN-00001697,POL001797,CUST001315,COV001697,2026-06-19,2026-07-03,open,liability,271.96,10.07
CLM001698,CN-00001698,POL001798,CUST004824,COV001698,2025-07-12,2025-07-15,subrogation,water_damage,539.12,1.45
CLM001699,CN-00001699,POL001799,CUST001905,COV001699,2024-03-08,2024-03-19,closed,weather,577.96,23.46
CLM001700,CN-00001700,POL001800,CUST001032,COV001700,2026-08-05,2026-08-16,closed,other,628.66,120.0
CLM001701,CN-00001701,POL001801,CUST001773,COV001701,2026-03-05,2026-03-19,denied,other,654.48,154.92
CLM001702,CN-00001702,POL001802,CUST003858,COV001702,2025-11-12,2025-11-13,denied,collision,189.81,32.62
CLM001703,CN-00001703,POL001803,CUST003552,COV001703,2024-07-15,2024-07-27,closed,liability,175.86,3.13
CLM001704,CN-00001704,POL001804,CUST002556,COV001704,2025-03-15,2025-03-16,closed,weather,177.96,35.55
CLM001705,CN-00001705,POL001805,CUST003308,COV001705,2025-09-05,2025-09-13,denied,other,3271.44,180.16
CLM001706,CN-00001706,POL001806,CUST004625,COV001706,2024-12-26,2025-01-06,closed,liability,614.74,75.28
CLM001707,CN-00001707,POL001807,CUST004756,COV001707,2025-09-23,2025-10-02,closed,water_damage,361.35,70.25
CLM001708,CN-00001708,POL001808,CUST000734,COV001708,2026-08-06,2026-08-13,closed,liability,665.31,144.97
CLM001709,CN-00001709,POL001809,CUST002796,COV001709,2025-06-02,2025-06-03,closed,fire,632.99,161.74
CLM001710,CN-00001710,POL001810,CUST000490,COV001710,2024-07-10,2024-07-21,closed,other,738.02,106.45
CLM001711,CN-00001711,POL001811,CUST000774,COV001711,2024-07-05,2024-07-13,closed,other,430.96,18.05
CLM001712,CN-00001712,POL001812,CUST004881,COV001712,2025-01-13,2025-01-26,closed,water_damage,90.16,2.66
CLM001713,CN-00001713,POL001813,CUST003011,COV001713,2026-06-20,2026-06-25,closed,theft,711.19,90.14
CLM001714,CN-00001714,POL001814,CUST004578,COV001714,2026-01-15,2026-01-25,subrogation,liability,383.52,101.03
CLM001715,CN-00001715,POL001815,CUST001946,COV001715,2024-09-25,2024-10-08,closed,theft,879.31,13.53
CLM001716,CN-00001716,POL001816,CUST002213,COV001716,2025-03-04,2025-03-14,closed,weather,566.84,64.12
CLM001717,CN-00001717,POL001817,CUST002247,COV001717,2026-08-02,2026-08-14,closed,collision,639.67,150.7
CLM001718,CN-00001718,POL001818,CUST001606,COV001718,2026-07-21,2026-08-01,closed,other,392.88,94.78
CLM001719,CN-00001719,POL001819,CUST002723,COV001719,2025-05-17,2025-05-28,open,other,341.01,5.31
CLM001720,CN-00001720,POL001820,CUST003883,COV001720,2025-12-05,2025-12-19,denied,fire,212.21,7.55
CLM001721,CN-00001721,POL001821,CUST000545,COV001721,2026-04-22,2026-04-27,closed,liability,6431.67,911.11
CLM001722,CN-00001722,POL001822,CUST004662,COV001722,2025-01-01,2025-01-12,reopened,other,284.27,62.59
CLM001723,CN-00001723,POL001823,CUST001672,COV001723,2026-07-05,2026-07-07,closed,collision,971.91,45.03
CLM001724,CN-00001724,POL001824,CUST000611,COV001724,2024-11-01,2024-11-14,closed,collision,455.97,126.65
CLM001725,CN-00001725,POL001825,CUST001776,COV001725,2026-06-26,2026-06-26,subrogation,weather,472.41,42.35
CLM001726,CN-00001726,POL001826,CUST002453,COV001726,2026-03-10,2026-03-13,open,weather,8202.53,843.3
CLM001727,CN-00001727,POL001827,CUST000482,COV001727,2026-04-21,2026-05-04,closed,other,793.03,228.49
CLM001728,CN-00001728,POL001828,CUST002743,COV001728,2026-07-23,2026-08-01,subrogation,liability,963.58,70.86
CLM001729,CN-00001729,POL001829,CUST002818,COV001729,2025-08-17,2025-08-25,denied,weather,384.83,29.11
CLM001730,CN-00001730,POL001830,CUST004601,COV001730,2026-03-25,2026-04-01,subrogation,water_damage,249.45,33.38
CLM001731,CN-00001731,POL001831,CUST004059,COV001731,2026-08-02,2026-08-04,denied,liability,590.5,121.01
CLM001732,CN-00001732,POL001832,CUST000797,COV001732,2025-07-03,2025-07-07,closed,collision,386.68,60.05
CLM001733,CN-00001733,POL001833,CUST000259,COV001733,2024-10-22,2024-10-24,open,water_damage,956.94,0.74
CLM001734,CN-00001734,POL001834,CUST004635,COV001734,2026-05-14,2026-05-19,closed,other,4705.96,197.94
CLM001735,CN-00001735,POL001835,CUST004745,COV001735,2026-01-17,2026-01-26,closed,fire,606.28,169.93
CLM001736,CN-00001736,POL001836,CUST000218,COV001736,2026-05-13,2026-05-16,closed,weather,883.78,215.13
CLM001737,CN-00001737,POL001837,CUST002722,COV001737,2026-05-02,2026-05-14,closed,fire,316.33,36.18
CLM001738,CN-00001738,POL001838,CUST001550,COV001738,2025-07-29,2025-08-03,closed,theft,801.35,94.52
CLM001739,CN-00001739,POL001839,CUST004218,COV001739,2026-06-06,2026-06-13,closed,collision,454.84,76.36
CLM001740,CN-00001740,POL001840,CUST004423,COV001740,2024-07-04,2024-07-08,closed,collision,277.4,3.85
CLM001741,CN-00001741,POL001841,CUST004460,COV001741,2024-06-01,2024-06-06,closed,theft,424.38,70.16
CLM001742,CN-00001742,POL001842,CUST000677,COV001742,2024-04-10,2024-04-19,closed,theft,732.05,46.99
CLM001743,CN-00001743,POL001843,CUST002506,COV001743,2025-05-07,2025-05-13,closed,weather,303.08,43.61
CLM001744,CN-00001744,POL001844,CUST003759,COV001744,2024-04-24,2024-04-29,reopened,collision,362.3,12.13
CLM001745,CN-00001745,POL001845,CUST004854,COV001745,2026-02-28,2026-03-07,open,liability,621.69,30.21
CLM001746,CN-00001746,POL001846,CUST000470,COV001746,2025-08-25,2025-09-01,closed,water_damage,800.45,115.5
CLM001747,CN-00001747,POL001847,CUST000275,COV001747,2025-01-10,2025-01-14,closed,liability,692.05,131.13
CLM001748,CN-00001748,POL001848,CUST000895,COV001748,2025-05-28,2025-06-06,closed,collision,192.35,1.28
CLM001749,CN-00001749,POL001849,CUST000849,COV001749,2024-11-29,2024-12-10,reopened,weather,836.34,124.88
CLM001750,CN-00001750,POL001850,CUST002678,COV001750,2025-09-21,2025-09-23,denied,fire,126.9,18.13
CLM001751,CN-00001751,POL001851,CUST003534,COV001751,2026-08-10,2026-08-22,closed,weather,686.64,62.3
CLM001752,CN-00001752,POL001852,CUST004621,COV001752,2025-12-05,2025-12-12,denied,other,238.11,36.98
CLM001753,CN-00001753,POL001853,CUST001059,COV001753,2025-05-14,2025-05-15,open,theft,897.99,26.56
CLM001754,CN-00001754,POL001854,CUST003534,COV001754,2026-08-09,2026-08-10,closed,fire,478.81,109.1
CLM001755,CN-00001755,POL001855,CUST001919,COV001755,2025-12-15,2025-12-26,closed,weather,671.19,47.37
CLM001756,CN-00001756,POL001856,CUST001111,COV001756,2024-05-16,2024-05-20,reopened,collision,843.55,99.1
CLM001757,CN-00001757,POL001857,CUST003383,COV001757,2025-11-17,2025-11-25,subrogation,other,289.89,6.67
CLM001758,CN-00001758,POL001858,CUST000527,COV001758,2026-02-05,2026-02-16,reopened,fire,378.19,90.41
CLM001759,CN-00001759,POL001859,CUST003726,COV001759,2024-07-16,2024-07-30,closed,theft,500.81,18.82
CLM001760,CN-00001760,POL001860,CUST002014,COV001760,2025-10-18,2025-10-21,subrogation,weather,341.53,49.32
CLM001761,CN-00001761,POL001861,CUST002519,COV001761,2024-08-04,2024-08-13,subrogation,collision,6268.79,303.58
CLM001762,CN-00001762,POL001862,CUST001436,COV001762,2026-05-20,2026-05-23,subrogation,fire,765.59,162.49
CLM001763,CN-00001763,POL001863,CUST000457,COV001763,2025-04-03,2025-04-16,closed,fire,515.55,16.86
CLM001764,CN-00001764,POL001864,CUST003009,COV001764,2024-01-04,2024-01-07,closed,other,328.2,10.26
CLM001765,CN-00001765,POL001865,CUST001896,COV001765,2025-10-07,2025-10-08,closed,water_damage,768.57,219.04
CLM001766,CN-00001766,POL001866,CUST000216,COV001766,2024-12-10,2024-12-19,subrogation,weather,592.25,158.66
CLM001767,CN-00001767,POL001867,CUST001002,COV001767,2024-07-26,2024-07-28,subrogation,theft,457.02,85.97
CLM001768,CN-00001768,POL001868,CUST004691,COV001768,2026-03-19,2026-03-29,open,theft,286.07,28.46
CLM001769,CN-00001769,POL001869,CUST002556,COV001769,2026-08-22,2026-08-27,closed,fire,58.24,13.12
CLM001770,CN-00001770,POL001870,CUST002601,COV001770,2024-04-05,2024-04-16,closed,theft,7954.66,1325.76
CLM001771,CN-00001771,POL001871,CUST001160,COV001771,2026-04-04,2026-04-16,closed,weather,459.8,21.7
CLM001772,CN-00001772,POL001872,CUST000490,COV001772,2026-04-18,2026-04-19,denied,fire,699.84,70.12
CLM001773,CN-00001773,POL001873,CUST003760,COV001773,2025-10-18,2025-10-27,subrogation,collision,439.08,2.99
CLM001774,CN-00001774,POL001874,CUST001193,COV001774,2024-12-05,2024-12-15,denied,water_damage,63.87,0.11
CLM001775,CN-00001775,POL001875,CUST000912,COV001775,2025-08-26,2025-08-31,closed,water_damage,950.69,3.34
CLM001776,CN-00001776,POL001876,CUST003055,COV001776,2025-05-30,2025-06-03,closed,collision,629.83,178.96
CLM001777,CN-00001777,POL001877,CUST000536,COV001777,2025-04-20,2025-04-30,closed,fire,627.33,90.12
CLM001778,CN-00001778,POL001878,CUST003476,COV001778,2024-07-13,2024-07-13,closed,collision,758.44,21.51
CLM001779,CN-00001779,POL001879,CUST003917,COV001779,2026-06-27,2026-06-27,closed,theft,817.17,120.43
CLM001780,CN-00001780,POL001880,CUST001132,COV001780,2026-06-27,2026-06-28,open,liability,636.99,74.3
CLM001781,CN-00001781,POL001881,CUST001040,COV001781,2026-02-24,2026-03-10,reopened,water_damage,975.12,134.53
CLM001782,CN-00001782,POL001882,CUST003876,COV001782,2026-02-17,2026-02-28,denied,collision,59.97,5.84
CLM001783,CN-00001783,POL001883,CUST004847,COV001783,2025-03-02,2025-03-08,open,theft,83.9,8.72
CLM001784,CN-00001784,POL001884,CUST003669,COV001784,2026-04-16,2026-04-24,closed,fire,9984.91,2542.89
CLM001785,CN-00001785,POL001885,CUST003664,COV001785,2026-05-12,2026-05-25,open,water_damage,949.02,85.98
CLM001786,CN-00001786,POL001886,CUST000329,COV001786,2025-01-23,2025-01-26,denied,theft,807.89,175.01
CLM001787,CN-00001787,POL001887,CUST000391,COV001787,2026-04-25,2026-05-04,open,water_damage,951.94,226.71
CLM001788,CN-00001788,POL001888,CUST000542,COV001788,2025-12-04,2025-12-05,closed,collision,422.59,82.72
CLM001789,CN-00001789,POL001889,CUST003026,COV001789,2025-12-21,2025-12-21,closed,water_damage,683.24,48.03
CLM001790,CN-00001790,POL001890,CUST004522,COV001790,2024-08-27,2024-09-05,reopened,theft,895.91,31.23
CLM001791,CN-00001791,POL001891,CUST000610,COV001791,2025-05-29,2025-06-09,denied,other,944.21,252.11
CLM001792,CN-00001792,POL001892,CUST002519,COV001792,2025-09-16,2025-09-17,closed,theft,305.96,21.15
CLM001793,CN-00001793,POL001893,CUST004945,COV001793,2024-03-30,2024-04-06,denied,other,557.31,40.84
CLM001794,CN-00001794,POL001894,CUST000965,COV001794,2025-06-02,2025-06-09,closed,collision,737.18,80.56
CLM001795,CN-00001795,POL001895,CUST000492,COV001795,2025-04-21,2025-04-28,subrogation,liability,970.27,80.92
CLM001796,CN-00001796,POL001896,CUST004226,COV001796,2026-08-13,2026-08-26,closed,liability,14722.02,3073.77
CLM001797,CN-00001797,POL001897,CUST001457,COV001797,2024-09-03,2024-09-05,reopened,liability,98.12,24.8
CLM001798,CN-00001798,POL001898,CUST002340,COV001798,2025-01-07,2025-01-13,reopened,liability,947.1,38.51
CLM001799,CN-00001799,POL001899,CUST002304,COV001799,2025-04-04,2025-04-05,closed,collision,426.05,85.56
CLM001800,CN-00001800,POL001900,CUST000189,COV001800,2024-04-29,2024-05-11,subrogation,weather,573.1,95.83
CLM001801,CN-00001801,POL001901,CUST004078,COV001801,2024-07-26,2024-08-07,closed,liability,457.18,130.74
CLM001802,CN-00001802,POL001902,CUST003993,COV001802,2025-01-29,2025-02-04,denied,water_damage,946.54,42.81
CLM001803,CN-00001803,POL001903,CUST001893,COV001803,2025-02-08,2025-02-13,subrogation,collision,737.28,25.1
CLM001804,CN-00001804,POL001904,CUST002348,COV001804,2026-02-07,2026-02-16,closed,water_damage,917.38,42.13
CLM001805,CN-00001805,POL001905,CUST004412,COV001805,2025-12-17,2025-12-20,subrogation,water_damage,793.91,26.12
CLM001806,CN-00001806,POL001906,CUST003609,COV001806,2025-07-28,2025-07-29,reopened,theft,63.85,7.65
CLM001807,CN-00001807,POL001907,CUST003422,COV001807,2025-03-01,2025-03-06,reopened,fire,547.1,72.83
CLM001808,CN-00001808,POL001908,CUST001926,COV001808,2026-02-24,2026-03-06,denied,collision,86.91,3.04
CLM001809,CN-00001809,POL001909,CUST004260,COV001809,2024-01-31,2024-02-10,closed,collision,225.7,35.33
CLM001810,CN-00001810,POL001910,CUST001750,COV001810,2025-06-06,2025-06-20,subrogation,other,412.77,56.54
CLM001811,CN-00001811,POL001911,CUST003590,COV001811,2025-03-09,2025-03-13,closed,theft,243.48,41.27
CLM001812,CN-00001812,POL001912,CUST000500,COV001812,2026-04-11,2026-04-22,closed,collision,999.29,176.89
CLM001813,CN-00001813,POL001913,CUST003058,COV001813,2025-08-01,2025-08-07,closed,water_damage,393.29,76.92
CLM001814,CN-00001814,POL001914,CUST000851,COV001814,2025-05-11,2025-05-20,closed,other,481.32,19.3
CLM001815,CN-00001815,POL001915,CUST004815,COV001815,2025-11-12,2025-11-21,closed,weather,849.43,111.84
CLM001816,CN-00001816,POL001916,CUST003669,COV001816,2024-06-22,2024-06-22,closed,water_damage,870.16,207.39
CLM001817,CN-00001817,POL001917,CUST001332,COV001817,2025-09-25,2025-09-25,open,weather,415.57,98.32
CLM001818,CN-00001818,POL001918,CUST002628,COV001818,2024-04-13,2024-04-24,denied,fire,358.3,94.91
CLM001819,CN-00001819,POL001919,CUST002210,COV001819,2026-09-15,2026-09-21,closed,collision,194.19,43.16
CLM001820,CN-00001820,POL001920,CUST000194,COV001820,2026-04-24,2026-04-30,open,other,972.24,156.83
CLM001821,CN-00001821,POL001921,CUST004677,COV001821,2026-07-08,2026-07-22,closed,theft,361.75,12.35
CLM001822,CN-00001822,POL001922,CUST000506,COV001822,2025-05-25,2025-05-28,subrogation,fire,584.85,30.24
CLM001823,CN-00001823,POL001923,CUST000386,COV001823,2024-05-13,2024-05-22,closed,weather,421.84,36.19
CLM001824,CN-00001824,POL001924,CUST000275,COV001824,2025-10-20,2025-10-24,open,other,192.53,19.52
CLM001825,CN-00001825,POL001925,CUST002806,COV001825,2024-09-09,2024-09-14,closed,liability,454.74,136.06
CLM001826,CN-00001826,POL001926,CUST000009,COV001826,2026-02-15,2026-02-19,closed,collision,616.36,76.37
CLM001827,CN-00001827,POL001927,CUST000930,COV001827,2026-06-20,2026-06-24,reopened,liability,308.41,60.33
CLM001828,CN-00001828,POL001928,CUST002878,COV001828,2025-12-28,2026-01-07,closed,collision,768.35,186.21
CLM001829,CN-00001829,POL001929,CUST000224,COV001829,2026-02-12,2026-02-20,closed,collision,492.73,7.9
CLM001830,CN-00001830,POL001930,CUST000280,COV001830,2026-04-27,2026-04-29,closed,other,723.47,20.96
CLM001831,CN-00001831,POL001931,CUST002971,COV001831,2026-06-23,2026-06-27,open,liability,770.82,121.48
CLM001832,CN-00001832,POL001932,CUST001465,COV001832,2024-12-02,2024-12-08,closed,fire,116.3,0.33
CLM001833,CN-00001833,POL001933,CUST001920,COV001833,2024-01-15,2024-01-26,open,collision,179.68,12.37
CLM001834,CN-00001834,POL001934,CUST004058,COV001834,2025-11-01,2025-11-14,closed,fire,268.89,11.12
CLM001835,CN-00001835,POL001935,CUST003748,COV001835,2026-05-13,2026-05-14,denied,liability,337.67,56.9
CLM001836,CN-00001836,POL001936,CUST004895,COV001836,2025-08-20,2025-08-31,subrogation,weather,747.18,181.46
CLM001837,CN-00001837,POL001937,CUST002401,COV001837,2026-03-20,2026-03-24,closed,fire,219.01,22.96
CLM001838,CN-00001838,POL001938,CUST003860,COV001838,2025-09-24,2025-09-25,subrogation,water_damage,620.06,23.07
CLM001839,CN-00001839,POL001939,CUST004227,COV001839,2025-05-15,2025-05-28,closed,liability,905.91,66.45
CLM001840,CN-00001840,POL001940,CUST002868,COV001840,2026-09-12,2026-09-24,open,fire,350.9,54.27
CLM001841,CN-00001841,POL001941,CUST002983,COV001841,2024-06-16,2024-06-27,reopened,water_damage,460.22,116.22
CLM001842,CN-00001842,POL001942,CUST002210,COV001842,2025-01-21,2025-01-26,closed,fire,230.86,68.25
CLM001843,CN-00001843,POL001943,CUST002163,COV001843,2025-06-04,2025-06-04,closed,weather,376.18,6.62
CLM001844,CN-00001844,POL001944,CUST002284,COV001844,2024-07-03,2024-07-17,open,water_damage,8153.69,1250.66
CLM001845,CN-00001845,POL001945,CUST003002,COV001845,2024-02-23,2024-02-28,subrogation,theft,156.97,25.48
CLM001846,CN-00001846,POL001946,CUST004817,COV001846,2025-10-11,2025-10-24,reopened,fire,111.23,14.04
CLM001847,CN-00001847,POL001947,CUST000635,COV001847,2025-11-25,2025-11-25,closed,weather,808.54,168.91
CLM001848,CN-00001848,POL001948,CUST003114,COV001848,2024-08-31,2024-09-11,closed,fire,771.78,193.7
CLM001849,CN-00001849,POL001949,CUST003005,COV001849,2026-04-13,2026-04-15,reopened,water_damage,354.85,14.61
CLM001850,CN-00001850,POL001950,CUST002173,COV001850,2024-10-12,2024-10-24,closed,fire,363.54,34.38
CLM001851,CN-00001851,POL001951,CUST003396,COV001851,2026-09-10,2026-09-16,closed,weather,817.0,188.9
CLM001852,CN-00001852,POL001952,CUST001380,COV001852,2025-11-27,2025-12-08,reopened,theft,135.92,35.98
CLM001853,CN-00001853,POL001953,CUST002200,COV001853,2024-06-18,2024-06-28,open,liability,287.58,45.37
CLM001854,CN-00001854,POL001954,CUST002927,COV001854,2025-08-29,2025-09-05,closed,fire,631.22,105.97
CLM001855,CN-00001855,POL001955,CUST002624,COV001855,2024-08-21,2024-08-29,reopened,fire,584.22,82.5
CLM001856,CN-00001856,POL001956,CUST003975,COV001856,2024-03-05,2024-03-07,denied,collision,238.88,43.33
CLM001857,CN-00001857,POL001957,CUST000935,COV001857,2025-05-27,2025-06-04,subrogation,collision,811.93,0.64
CLM001858,CN-00001858,POL001958,CUST004766,COV001858,2025-10-10,2025-10-10,subrogation,water_damage,463.53,5.14
CLM001859,CN-00001859,POL001959,CUST001072,COV001859,2026-04-19,2026-04-21,open,weather,914.45,173.33
CLM001860,CN-00001860,POL001960,CUST000580,COV001860,2025-12-23,2026-01-04,denied,weather,948.83,82.92
CLM001861,CN-00001861,POL001961,CUST003198,COV001861,2026-05-22,2026-06-04,denied,theft,786.59,92.12
CLM001862,CN-00001862,POL001962,CUST002117,COV001862,2024-11-09,2024-11-17,open,other,561.83,106.19
CLM001863,CN-00001863,POL001963,CUST001930,COV001863,2025-10-10,2025-10-20,reopened,other,393.85,89.91
CLM001864,CN-00001864,POL001964,CUST002316,COV001864,2026-09-03,2026-09-04,closed,collision,640.57,189.94
CLM001865,CN-00001865,POL001965,CUST001788,COV001865,2025-10-23,2025-11-05,closed,other,114.1,5.85
CLM001866,CN-00001866,POL001966,CUST003397,COV001866,2025-04-29,2025-04-29,open,weather,67.43,10.44
CLM001867,CN-00001867,POL001967,CUST000182,COV001867,2024-12-19,2024-12-30,subrogation,theft,252.63,32.89
CLM001868,CN-00001868,POL001968,CUST000406,COV001868,2025-12-02,2025-12-06,denied,fire,261.59,36.97
CLM001869,CN-00001869,POL001969,CUST003352,COV001869,2025-11-27,2025-11-27,closed,water_damage,97.2,12.08
CLM001870,CN-00001870,POL001970,CUST004591,COV001870,2026-04-19,2026-04-29,reopened,theft,624.48,29.64
CLM001871,CN-00001871,POL001971,CUST000914,COV001871,2024-12-07,2024-12-14,closed,theft,176.33,43.52
CLM001872,CN-00001872,POL001972,CUST004660,COV001872,2024-08-14,2024-08-18,reopened,other,999.99,144.36
CLM001873,CN-00001873,POL001973,CUST004124,COV001873,2024-10-01,2024-10-08,open,water_damage,859.47,212.38
CLM001874,CN-00001874,POL001974,CUST003413,COV001874,2024-12-06,2024-12-18,closed,other,492.24,16.42
CLM001875,CN-00001875,POL001975,CUST004704,COV001875,2026-05-23,2026-06-04,denied,fire,141.07,21.87
CLM001876,CN-00001876,POL001976,CUST003862,COV001876,2026-04-03,2026-04-06,denied,weather,327.31,24.24
CLM001877,CN-00001877,POL001977,CUST000859,COV001877,2025-03-08,2025-03-19,reopened,weather,960.55,108.28
CLM001878,CN-00001878,POL001978,CUST004147,COV001878,2024-09-06,2024-09-19,reopened,other,968.13,207.56
CLM001879,CN-00001879,POL001979,CUST002153,COV001879,2024-03-09,2024-03-18,subrogation,liability,398.46,105.73
CLM001880,CN-00001880,POL001980,CUST002202,COV001880,2024-07-03,2024-07-03,subrogation,weather,128.38,27.69
CLM001881,CN-00001881,POL001981,CUST004934,COV001881,2025-10-19,2025-10-30,subrogation,water_damage,3629.7,534.92
CLM001882,CN-00001882,POL001982,CUST003968,COV001882,2024-01-09,2024-01-09,closed,weather,996.25,107.72
CLM001883,CN-00001883,POL001983,CUST001951,COV001883,2024-11-01,2024-11-14,closed,theft,552.78,0.53
CLM001884,CN-00001884,POL001984,CUST004739,COV001884,2026-01-08,2026-01-13,closed,water_damage,493.97,3.78
CLM001885,CN-00001885,POL001985,CUST000792,COV001885,2024-03-26,2024-04-05,reopened,water_damage,217.82,56.15
CLM001886,CN-00001886,POL001986,CUST004479,COV001886,2025-08-09,2025-08-21,subrogation,other,12852.43,1804.17
CLM001887,CN-00001887,POL001987,CUST001842,COV001887,2024-10-24,2024-10-29,closed,other,210.76,21.82
CLM001888,CN-00001888,POL001988,CUST002794,COV001888,2026-03-14,2026-03-28,subrogation,collision,243.02,45.7
CLM001889,CN-00001889,POL001989,CUST002498,COV001889,2024-01-18,2024-01-25,denied,collision,440.17,43.9
CLM001890,CN-00001890,POL001990,CUST001739,COV001890,2025-11-17,2025-11-28,open,other,979.28,100.97
CLM001891,CN-00001891,POL001991,CUST004697,COV001891,2025-12-16,2025-12-22,closed,other,621.16,29.85
CLM001892,CN-00001892,POL001992,CUST002990,COV001892,2026-07-20,2026-07-25,reopened,liability,988.19,6.83
CLM001893,CN-00001893,POL001993,CUST004167,COV001893,2025-04-29,2025-05-13,closed,fire,558.7,154.34
CLM001894,CN-00001894,POL001994,CUST002955,COV001894,2024-07-29,2024-08-11,closed,weather,963.46,31.52
CLM001895,CN-00001895,POL001995,CUST004891,COV001895,2026-04-04,2026-04-16,closed,liability,832.16,54.26
CLM001896,CN-00001896,POL001996,CUST001130,COV001896,2024-08-28,2024-09-08,denied,other,983.73,222.09
CLM001897,CN-00001897,POL001997,CUST002371,COV001897,2025-10-28,2025-11-04,closed,weather,899.34,9.06
CLM001898,CN-00001898,POL001998,CUST002064,COV001898,2026-03-20,2026-04-02,closed,fire,259.16,22.18
CLM001899,CN-00001899,POL001999,CUST001619,COV001899,2024-05-05,2024-05-16,closed,theft,759.14,226.7
CLM001900,CN-00001900,POL002000,CUST002240,COV001900,2024-04-28,2024-05-05,open,fire,346.54,11.55
CLM001901,CN-00001901,POL002001,CUST001075,COV001901,2026-07-23,2026-07-31,subrogation,collision,959.73,188.24
CLM001902,CN-00001902,POL002002,CUST004205,COV001902,2025-07-12,2025-07-23,denied,water_damage,541.28,143.01
CLM001903,CN-00001903,POL002003,CUST001672,COV001903,2024-08-24,2024-09-06,reopened,other,214.21,50.21
CLM001904,CN-00001904,POL002004,CUST002993,COV001904,2025-09-17,2025-09-22,subrogation,collision,398.72,10.73
CLM001905,CN-00001905,POL002005,CUST001927,COV001905,2026-01-29,2026-01-29,closed,collision,85.7,12.39
CLM001906,CN-00001906,POL002006,CUST002643,COV001906,2025-08-13,2025-08-20,reopened,weather,547.47,15.81
CLM001907,CN-00001907,POL002007,CUST002415,COV001907,2024-09-28,2024-10-09,closed,weather,544.03,20.83
CLM001908,CN-00001908,POL002008,CUST003119,COV001908,2024-04-08,2024-04-21,open,fire,862.44,242.76
CLM001909,CN-00001909,POL002009,CUST002134,COV001909,2024-05-30,2024-06-01,denied,theft,876.81,97.84
CLM001910,CN-00001910,POL002010,CUST001363,COV001910,2025-03-13,2025-03-17,closed,weather,481.96,73.06
CLM001911,CN-00001911,POL002011,CUST001153,COV001911,2024-10-05,2024-10-18,closed,fire,505.34,115.4
CLM001912,CN-00001912,POL002012,CUST004849,COV001912,2026-08-08,2026-08-16,subrogation,collision,410.06,9.17
CLM001913,CN-00001913,POL002013,CUST001424,COV001913,2025-08-26,2025-08-30,reopened,collision,790.83,87.81
CLM001914,CN-00001914,POL002014,CUST003422,COV001914,2026-01-23,2026-01-31,reopened,other,239.65,19.19
CLM001915,CN-00001915,POL002015,CUST003500,COV001915,2024-05-24,2024-06-02,denied,collision,3227.25,269.51
CLM001916,CN-00001916,POL002016,CUST002478,COV001916,2025-03-03,2025-03-05,closed,other,271.42,68.23
CLM001917,CN-00001917,POL002017,CUST004238,COV001917,2024-06-06,2024-06-14,subrogation,liability,596.01,134.36
CLM001918,CN-00001918,POL002018,CUST002383,COV001918,2026-09-05,2026-09-08,closed,liability,643.53,106.06
CLM001919,CN-00001919,POL002019,CUST002611,COV001919,2024-08-09,2024-08-09,subrogation,other,148.66,27.71
CLM001920,CN-00001920,POL002020,CUST001941,COV001920,2024-03-03,2024-03-05,closed,fire,268.06,39.8
CLM001921,CN-00001921,POL002021,CUST003422,COV001921,2024-02-10,2024-02-23,open,theft,7377.03,944.9
CLM001922,CN-00001922,POL002022,CUST003715,COV001922,2024-11-08,2024-11-12,open,other,581.94,150.59
CLM001923,CN-00001923,POL002023,CUST003178,COV001923,2025-03-10,2025-03-17,subrogation,other,928.07,211.41
CLM001924,CN-00001924,POL002024,CUST001154,COV001924,2025-04-26,2025-05-04,denied,fire,261.11,65.74
CLM001925,CN-00001925,POL002025,CUST001601,COV001925,2025-07-15,2025-07-16,closed,other,14539.41,1985.63
CLM001926,CN-00001926,POL002026,CUST003705,COV001926,2025-11-20,2025-12-03,closed,weather,106.93,13.9
CLM001927,CN-00001927,POL002027,CUST002118,COV001927,2024-06-21,2024-06-30,closed,weather,785.95,125.94
CLM001928,CN-00001928,POL002028,CUST002823,COV001928,2025-12-21,2025-12-29,denied,weather,691.16,38.32
CLM001929,CN-00001929,POL002029,CUST002134,COV001929,2026-07-20,2026-07-21,open,liability,666.6,196.81
CLM001930,CN-00001930,POL002030,CUST002228,COV001930,2025-11-19,2025-11-29,closed,fire,50.67,2.01
CLM001931,CN-00001931,POL002031,CUST003906,COV001931,2025-04-03,2025-04-06,reopened,weather,631.89,108.9
CLM001932,CN-00001932,POL002032,CUST000730,COV001932,2025-09-27,2025-10-11,closed,other,474.05,90.76
CLM001933,CN-00001933,POL002033,CUST003214,COV001933,2025-07-07,2025-07-13,subrogation,liability,737.27,136.93
CLM001934,CN-00001934,POL002034,CUST001315,COV001934,2026-03-19,2026-03-30,reopened,weather,270.8,11.12
CLM001935,CN-00001935,POL002035,CUST001218,COV001935,2025-09-14,2025-09-24,closed,collision,900.68,56.24
CLM001936,CN-00001936,POL002036,CUST002529,COV001936,2026-03-20,2026-04-03,closed,collision,495.03,22.64
CLM001937,CN-00001937,POL002037,CUST000886,COV001937,2025-08-17,2025-08-19,subrogation,fire,988.69,57.71
CLM001938,CN-00001938,POL002038,CUST004197,COV001938,2024-11-24,2024-12-05,closed,water_damage,386.58,87.75
CLM001939,CN-00001939,POL002039,CUST002210,COV001939,2025-12-13,2025-12-21,subrogation,water_damage,574.96,16.64
CLM001940,CN-00001940,POL002040,CUST004075,COV001940,2024-08-02,2024-08-08,closed,collision,650.65,20.66
CLM001941,CN-00001941,POL002041,CUST001739,COV001941,2026-01-17,2026-01-23,subrogation,liability,779.25,5.72
CLM001942,CN-00001942,POL002042,CUST001600,COV001942,2024-06-04,2024-06-08,subrogation,theft,963.92,46.95
CLM001943,CN-00001943,POL002043,CUST004272,COV001943,2025-12-12,2025-12-18,denied,collision,828.82,127.2
CLM001944,CN-00001944,POL002044,CUST004409,COV001944,2025-09-05,2025-09-12,subrogation,liability,432.46,55.53
CLM001945,CN-00001945,POL002045,CUST004265,COV001945,2025-09-20,2025-10-02,closed,liability,245.56,25.93
CLM001946,CN-00001946,POL002046,CUST002452,COV001946,2024-09-10,2024-09-24,closed,weather,411.01,60.42
CLM001947,CN-00001947,POL002047,CUST000584,COV001947,2024-04-04,2024-04-04,open,water_damage,153.8,11.93
CLM001948,CN-00001948,POL002048,CUST003790,COV001948,2025-06-04,2025-06-05,closed,other,804.02,208.69
CLM001949,CN-00001949,POL002049,CUST002956,COV001949,2026-06-26,2026-06-30,open,collision,886.13,39.46
CLM001950,CN-00001950,POL002050,CUST003973,COV001950,2025-07-11,2025-07-13,closed,weather,6838.87,1399.66
CLM001951,CN-00001951,POL002051,CUST002061,COV001951,2024-06-26,2024-07-08,closed,weather,753.07,123.15
CLM001952,CN-00001952,POL002052,CUST003710,COV001952,2024-04-10,2024-04-15,reopened,fire,805.62,116.83
CLM001953,CN-00001953,POL002053,CUST000004,COV001953,2026-09-08,2026-09-12,closed,theft,178.37,19.95
CLM001954,CN-00001954,POL002054,CUST000807,COV001954,2024-01-31,2024-02-10,denied,liability,431.41,69.03
CLM001955,CN-00001955,POL002055,CUST003344,COV001955,2026-02-18,2026-02-26,open,other,526.46,70.34
CLM001956,CN-00001956,POL002056,CUST004206,COV001956,2025-08-15,2025-08-20,denied,weather,455.26,17.18
CLM001957,CN-00001957,POL002057,CUST000722,COV001957,2025-04-17,2025-04-25,closed,collision,831.59,29.28
CLM001958,CN-00001958,POL002058,CUST002916,COV001958,2024-11-30,2024-11-30,closed,other,562.12,8.09
CLM001959,CN-00001959,POL002059,CUST003652,COV001959,2026-02-28,2026-03-02,denied,water_damage,220.68,38.87
CLM001960,CN-00001960,POL002060,CUST002638,COV001960,2025-12-14,2025-12-18,subrogation,water_damage,658.81,174.73
CLM001961,CN-00001961,POL002061,CUST004052,COV001961,2025-09-19,2025-09-19,closed,theft,645.96,176.47
CLM001962,CN-00001962,POL002062,CUST001118,COV001962,2025-06-26,2025-07-02,denied,other,879.61,50.27
CLM001963,CN-00001963,POL002063,CUST004572,COV001963,2025-01-02,2025-01-16,denied,liability,292.64,38.0
CLM001964,CN-00001964,POL002064,CUST002384,COV001964,2024-06-03,2024-06-08,open,weather,249.57,68.37
CLM001965,CN-00001965,POL002065,CUST000338,COV001965,2025-12-02,2025-12-05,denied,collision,231.47,40.19
CLM001966,CN-00001966,POL002066,CUST002155,COV001966,2025-07-09,2025-07-17,closed,water_damage,199.63,58.14
CLM001967,CN-00001967,POL002067,CUST002382,COV001967,2024-07-03,2024-07-09,closed,weather,780.32,226.24
CLM001968,CN-00001968,POL002068,CUST001915,COV001968,2026-02-04,2026-02-17,closed,weather,176.26,49.73
CLM001969,CN-00001969,POL002069,CUST001245,COV001969,2025-12-25,2026-01-05,denied,theft,589.67,26.34
CLM001970,CN-00001970,POL002070,CUST003137,COV001970,2025-10-02,2025-10-12,closed,liability,787.09,24.77
CLM001971,CN-00001971,POL002071,CUST000550,COV001971,2024-02-06,2024-02-11,reopened,liability,462.68,121.82
CLM001972,CN-00001972,POL002072,CUST000696,COV001972,2026-09-10,2026-09-15,closed,fire,583.99,123.03
CLM001973,CN-00001973,POL002073,CUST001930,COV001973,2026-01-15,2026-01-19,closed,water_damage,822.27,84.6
CLM001974,CN-00001974,POL002074,CUST003930,COV001974,2026-06-04,2026-06-12,closed,theft,453.97,101.98
CLM001975,CN-00001975,POL002075,CUST002593,COV001975,2025-12-09,2025-12-21,closed,liability,184.79,1.87
CLM001976,CN-00001976,POL002076,CUST004963,COV001976,2025-11-08,2025-11-20,open,water_damage,235.8,18.28
CLM001977,CN-00001977,POL002077,CUST004288,COV001977,2024-11-02,2024-11-03,reopened,other,430.97,34.67
CLM001978,CN-00001978,POL002078,CUST000137,COV001978,2025-04-03,2025-04-13,open,collision,532.4,136.31
CLM001979,CN-00001979,POL002079,CUST001179,COV001979,2024-03-01,2024-03-15,closed,other,303.76,4.16
CLM001980,CN-00001980,POL002080,CUST002141,COV001980,2024-09-05,2024-09-15,open,other,149.36,34.7
CLM001981,CN-00001981,POL002081,CUST002992,COV001981,2026-02-28,2026-03-10,closed,water_damage,800.78,38.47
CLM001982,CN-00001982,POL002082,CUST002786,COV001982,2025-11-26,2025-12-05,closed,collision,897.13,1.56
CLM001983,CN-00001983,POL002083,CUST003939,COV001983,2025-08-14,2025-08-15,open,liability,463.94,17.51
CLM001984,CN-00001984,POL002084,CUST002622,COV001984,2026-06-14,2026-06-16,closed,other,652.05,22.27
CLM001985,CN-00001985,POL002085,CUST002458,COV001985,2026-04-23,2026-05-02,open,collision,5909.61,1759.63
CLM001986,CN-00001986,POL002086,CUST004566,COV001986,2024-08-08,2024-08-16,closed,theft,999.44,67.49
CLM001987,CN-00001987,POL002087,CUST000014,COV001987,2025-10-11,2025-10-19,closed,weather,304.89,90.5
CLM001988,CN-00001988,POL002088,CUST002481,COV001988,2024-12-01,2024-12-09,closed,water_damage,11510.49,103.88
CLM001989,CN-00001989,POL002089,CUST000033,COV001989,2025-03-30,2025-03-30,denied,other,710.98,91.49
CLM001990,CN-00001990,POL002090,CUST003820,COV001990,2024-09-08,2024-09-21,subrogation,collision,10186.59,1770.78
CLM001991,CN-00001991,POL002091,CUST000448,COV001991,2024-03-01,2024-03-03,denied,other,474.93,24.57
CLM001992,CN-00001992,POL002092,CUST000610,COV001992,2025-01-10,2025-01-10,open,weather,147.18,15.5
CLM001993,CN-00001993,POL002093,CUST000428,COV001993,2025-04-08,2025-04-20,closed,fire,523.31,21.64
CLM001994,CN-00001994,POL002094,CUST001231,COV001994,2024-09-01,2024-09-14,closed,water_damage,636.61,160.69
CLM001995,CN-00001995,POL002095,CUST003671,COV001995,2024-01-26,2024-01-29,closed,collision,232.46,60.17
CLM001996,CN-00001996,POL002096,CUST000457,COV001996,2024-12-25,2024-12-29,subrogation,collision,861.99,202.73
CLM001997,CN-00001997,POL002097,CUST000190,COV001997,2025-07-28,2025-07-30,denied,weather,626.03,48.13
CLM001998,CN-00001998,POL002098,CUST003580,COV001998,2025-03-28,2025-04-05,reopened,water_damage,412.49,0.04
CLM001999,CN-00001999,POL002099,CUST004007,COV001999,2024-03-24,2024-03-24,reopened,other,169.03,12.64
CLM002000,CN-00002000,POL002100,CUST002986,COV002000,2025-12-03,2025-12-07,closed,fire,181.29,27.09
CLM002001,CN-00002001,POL002101,CUST002871,COV002001,2025-03-21,2025-03-25,subrogation,liability,680.25,24.37
CLM002002,CN-00002002,POL002102,CUST002672,COV002002,2024-09-30,2024-10-08,closed,liability,484.38,118.94
CLM002003,CN-00002003,POL002103,CUST000616,COV002003,2024-07-04,2024-07-16,closed,weather,256.23,14.4
CLM002004,CN-00002004,POL002104,CUST003503,COV002004,2026-01-17,2026-01-26,closed,theft,572.48,163.4
CLM002005,CN-00002005,POL002105,CUST003420,COV002005,2025-05-09,2025-05-19,closed,weather,651.94,2.8
CLM002006,CN-00002006,POL002106,CUST004078,COV002006,2026-04-03,2026-04-03,closed,theft,6463.88,1662.17
CLM002007,CN-00002007,POL002107,CUST003983,COV002007,2024-09-12,2024-09-26,closed,weather,121.13,6.38
CLM002008,CN-00002008,POL002108,CUST000429,COV002008,2025-01-20,2025-01-22,closed,other,69.53,19.16
CLM002009,CN-00002009,POL002109,CUST002762,COV002009,2026-09-10,2026-09-11,denied,weather,613.48,151.37
CLM002010,CN-00002010,POL002110,CUST001126,COV002010,2026-01-03,2026-01-11,closed,liability,732.0,175.08
CLM002011,CN-00002011,POL002111,CUST001358,COV002011,2025-02-20,2025-02-23,subrogation,weather,276.78,2.96
CLM002012,CN-00002012,POL002112,CUST000380,COV002012,2026-03-09,2026-03-17,open,theft,365.32,55.11
CLM002013,CN-00002013,POL002113,CUST003337,COV002013,2024-08-17,2024-08-22,subrogation,weather,7121.09,735.13
CLM002014,CN-00002014,POL002114,CUST001504,COV002014,2026-05-01,2026-05-08,open,water_damage,9898.49,724.04
CLM002015,CN-00002015,POL002115,CUST003807,COV002015,2024-07-02,2024-07-03,denied,weather,322.95,45.9
CLM002016,CN-00002016,POL002116,CUST001294,COV002016,2025-04-09,2025-04-17,closed,collision,235.46,11.04
CLM002017,CN-00002017,POL002117,CUST001430,COV002017,2025-04-19,2025-04-23,closed,other,411.09,42.12
CLM002018,CN-00002018,POL002118,CUST001102,COV002018,2024-09-21,2024-09-21,closed,other,638.0,10.1
CLM002019,CN-00002019,POL002119,CUST002406,COV002019,2024-04-28,2024-04-28,denied,fire,674.11,1.81
CLM002020,CN-00002020,POL002120,CUST002582,COV002020,2025-12-08,2025-12-12,closed,collision,404.16,64.97
CLM002021,CN-00002021,POL002121,CUST004591,COV002021,2026-06-15,2026-06-18,subrogation,weather,935.41,272.24
CLM002022,CN-00002022,POL002122,CUST002403,COV002022,2025-11-14,2025-11-24,reopened,theft,662.93,38.05
CLM002023,CN-00002023,POL002123,CUST002847,COV002023,2026-02-25,2026-02-28,closed,collision,913.19,150.07
CLM002024,CN-00002024,POL002124,CUST004507,COV002024,2024-01-21,2024-01-21,closed,collision,467.43,111.07
CLM002025,CN-00002025,POL002125,CUST000058,COV002025,2025-12-08,2025-12-22,denied,water_damage,432.89,34.4
CLM002026,CN-00002026,POL002126,CUST002474,COV002026,2026-07-23,2026-07-25,reopened,other,959.45,104.1
CLM002027,CN-00002027,POL002127,CUST002353,COV002027,2024-10-02,2024-10-06,reopened,fire,6948.92,122.63
CLM002028,CN-00002028,POL002128,CUST004625,COV002028,2025-12-28,2026-01-07,closed,water_damage,417.44,31.52
CLM002029,CN-00002029,POL002129,CUST000024,COV002029,2025-11-28,2025-11-28,closed,weather,161.26,28.15
CLM002030,CN-00002030,POL002130,CUST000836,COV002030,2025-07-20,2025-07-22,closed,liability,286.81,19.49
CLM002031,CN-00002031,POL002131,CUST002967,COV002031,2025-05-17,2025-05-26,open,liability,273.19,41.7
CLM002032,CN-00002032,POL002132,CUST002383,COV002032,2025-10-14,2025-10-27,denied,other,916.28,193.07
CLM002033,CN-00002033,POL002133,CUST001335,COV002033,2026-09-12,2026-09-13,open,fire,262.49,38.3
CLM002034,CN-00002034,POL002134,CUST001532,COV002034,2025-07-05,2025-07-09,closed,liability,174.01,40.37
CLM002035,CN-00002035,POL002135,CUST004483,COV002035,2024-11-13,2024-11-22,closed,collision,173.34,19.4
CLM002036,CN-00002036,POL002136,CUST002741,COV002036,2024-10-30,2024-11-08,closed,other,740.73,120.38
CLM002037,CN-00002037,POL002137,CUST003668,COV002037,2024-10-11,2024-10-22,closed,theft,548.29,83.71
CLM002038,CN-00002038,POL002138,CUST004746,COV002038,2025-03-24,2025-04-02,subrogation,fire,716.97,31.72
CLM002039,CN-00002039,POL002139,CUST003472,COV002039,2024-03-18,2024-03-27,closed,fire,828.67,135.43
CLM002040,CN-00002040,POL002140,CUST001408,COV002040,2024-11-12,2024-11-20,denied,liability,674.93,49.84
CLM002041,CN-00002041,POL002141,CUST004923,COV002041,2024-12-17,2024-12-29,closed,fire,99.87,3.93
CLM002042,CN-00002042,POL002142,CUST001312,COV002042,2024-04-30,2024-05-10,reopened,water_damage,161.91,8.28
CLM002043,CN-00002043,POL002143,CUST003407,COV002043,2024-12-06,2024-12-17,reopened,fire,390.21,81.76
CLM002044,CN-00002044,POL002144,CUST002063,COV002044,2024-09-29,2024-09-30,subrogation,liability,171.33,14.47
CLM002045,CN-00002045,POL002145,CUST004075,COV002045,2024-03-16,2024-03-19,denied,water_damage,694.26,135.95
CLM002046,CN-00002046,POL002146,CUST000631,COV002046,2025-06-10,2025-06-24,subrogation,water_damage,398.29,110.16
CLM002047,CN-00002047,POL002147,CUST004804,COV002047,2025-11-25,2025-12-01,closed,other,880.06,197.42
CLM002048,CN-00002048,POL002148,CUST003845,COV002048,2025-10-06,2025-10-06,closed,water_damage,372.62,93.02
CLM002049,CN-00002049,POL002149,CUST003467,COV002049,2025-03-13,2025-03-14,closed,collision,815.38,58.24
CLM002050,CN-00002050,POL002150,CUST002201,COV002050,2024-12-06,2024-12-06,denied,water_damage,277.12,78.65
CLM002051,CN-00002051,POL002151,CUST004332,COV002051,2025-10-06,2025-10-16,open,collision,201.91,2.55
CLM002052,CN-00002052,POL002152,CUST000717,COV002052,2026-08-18,2026-08-25,closed,water_damage,419.46,43.6
CLM002053,CN-00002053,POL002153,CUST001310,COV002053,2024-02-06,2024-02-20,open,water_damage,755.96,150.97
CLM002054,CN-00002054,POL002154,CUST003623,COV002054,2026-06-14,2026-06-17,closed,other,745.37,24.12
CLM002055,CN-00002055,POL002155,CUST004123,COV002055,2026-05-25,2026-06-06,reopened,other,610.96,20.22
CLM002056,CN-00002056,POL002156,CUST003976,COV002056,2024-08-23,2024-08-27,closed,weather,453.27,26.81
CLM002057,CN-00002057,POL002157,CUST001573,COV002057,2024-02-20,2024-02-22,open,theft,588.54,102.23
CLM002058,CN-00002058,POL002158,CUST001484,COV002058,2026-05-17,2026-05-17,open,fire,419.27,52.82
CLM002059,CN-00002059,POL002159,CUST001960,COV002059,2024-04-20,2024-04-30,open,other,636.69,26.34
CLM002060,CN-00002060,POL002160,CUST004603,COV002060,2026-05-07,2026-05-15,subrogation,other,986.14,162.22
CLM002061,CN-00002061,POL002161,CUST000282,COV002061,2026-05-05,2026-05-15,closed,water_damage,592.12,55.59
CLM002062,CN-00002062,POL002162,CUST004844,COV002062,2024-10-25,2024-10-29,closed,water_damage,748.64,100.47
CLM002063,CN-00002063,POL002163,CUST002253,COV002063,2026-01-14,2026-01-26,subrogation,liability,9611.76,2249.12
CLM002064,CN-00002064,POL002164,CUST001829,COV002064,2025-01-23,2025-02-04,denied,other,503.81,56.55
CLM002065,CN-00002065,POL002165,CUST001718,COV002065,2025-01-14,2025-01-25,reopened,water_damage,798.45,99.0
CLM002066,CN-00002066,POL002166,CUST003875,COV002066,2026-03-19,2026-03-30,denied,theft,248.88,29.87
CLM002067,CN-00002067,POL002167,CUST001827,COV002067,2025-09-28,2025-10-10,open,theft,561.52,47.29
CLM002068,CN-00002068,POL002168,CUST001330,COV002068,2024-04-21,2024-05-03,open,water_damage,970.85,207.0
CLM002069,CN-00002069,POL002169,CUST003986,COV002069,2026-03-19,2026-04-01,closed,other,961.39,45.33
CLM002070,CN-00002070,POL002170,CUST000667,COV002070,2025-07-27,2025-07-28,closed,fire,405.19,96.06
CLM002071,CN-00002071,POL002171,CUST000357,COV002071,2026-08-05,2026-08-18,denied,fire,630.77,134.51
CLM002072,CN-00002072,POL002172,CUST003093,COV002072,2026-02-09,2026-02-13,closed,water_damage,875.19,196.75
CLM002073,CN-00002073,POL002173,CUST004711,COV002073,2024-07-09,2024-07-21,denied,collision,230.89,40.63
CLM002074,CN-00002074,POL002174,CUST000823,COV002074,2025-02-26,2025-02-28,closed,other,804.46,130.15
CLM002075,CN-00002075,POL002175,CUST004752,COV002075,2024-10-10,2024-10-21,denied,water_damage,509.91,148.76
CLM002076,CN-00002076,POL002176,CUST004315,COV002076,2025-02-13,2025-02-16,closed,theft,896.4,171.79
CLM002077,CN-00002077,POL002177,CUST004784,COV002077,2025-03-04,2025-03-04,subrogation,theft,110.49,6.58
CLM002078,CN-00002078,POL002178,CUST001202,COV002078,2026-08-16,2026-08-26,closed,collision,773.32,36.99
CLM002079,CN-00002079,POL002179,CUST002512,COV002079,2024-11-10,2024-11-19,open,liability,685.99,193.81
CLM002080,CN-00002080,POL002180,CUST004662,COV002080,2025-03-29,2025-04-03,reopened,theft,545.08,7.75
CLM002081,CN-00002081,POL002181,CUST002323,COV002081,2026-03-23,2026-03-23,open,theft,685.25,59.66
CLM002082,CN-00002082,POL002182,CUST004234,COV002082,2024-08-01,2024-08-12,denied,weather,917.96,190.28
CLM002083,CN-00002083,POL002183,CUST004192,COV002083,2026-08-10,2026-08-10,closed,theft,633.75,121.61
CLM002084,CN-00002084,POL002184,CUST002606,COV002084,2024-01-13,2024-01-14,denied,fire,662.71,182.81
CLM002085,CN-00002085,POL002185,CUST000674,COV002085,2026-01-24,2026-02-04,denied,weather,833.55,145.23
CLM002086,CN-00002086,POL002186,CUST000803,COV002086,2025-06-15,2025-06-28,open,other,9689.2,1403.77
CLM002087,CN-00002087,POL002187,CUST004317,COV002087,2024-05-12,2024-05-25,reopened,water_damage,514.34,125.76
CLM002088,CN-00002088,POL002188,CUST001086,COV002088,2025-02-06,2025-02-19,closed,other,698.39,4.0
CLM002089,CN-00002089,POL002189,CUST001242,COV002089,2025-02-27,2025-03-11,subrogation,fire,409.26,44.18
CLM002090,CN-00002090,POL002190,CUST000013,COV002090,2025-02-17,2025-02-27,closed,liability,714.42,119.98
CLM002091,CN-00002091,POL002191,CUST001525,COV002091,2024-02-18,2024-02-25,closed,collision,180.88,21.83
CLM002092,CN-00002092,POL002192,CUST000357,COV002092,2024-06-28,2024-06-28,closed,theft,400.25,111.66
CLM002093,CN-00002093,POL002193,CUST003912,COV002093,2025-09-15,2025-09-28,closed,weather,435.09,58.32
CLM002094,CN-00002094,POL002194,CUST004881,COV002094,2025-02-08,2025-02-19,denied,other,9444.48,423.47
CLM002095,CN-00002095,POL002195,CUST003736,COV002095,2025-05-17,2025-05-21,open,weather,545.77,98.31
CLM002096,CN-00002096,POL002196,CUST004338,COV002096,2026-02-13,2026-02-17,subrogation,other,139.3,27.41
CLM002097,CN-00002097,POL002197,CUST001469,COV002097,2025-04-06,2025-04-07,closed,liability,366.67,33.88
CLM002098,CN-00002098,POL002198,CUST002304,COV002098,2026-04-16,2026-04-24,subrogation,theft,741.28,82.03
CLM002099,CN-00002099,POL002199,CUST002840,COV002099,2026-01-20,2026-01-30,subrogation,fire,118.02,26.4
CLM002100,CN-00002100,POL002200,CUST000765,COV002100,2025-07-22,2025-07-30,closed,weather,186.78,7.14
CLM002101,CN-00002101,POL002201,CUST000984,COV002101,2025-02-06,2025-02-17,closed,water_damage,965.0,218.02
CLM002102,CN-00002102,POL002202,CUST000017,COV002102,2024-10-23,2024-11-05,open,water_damage,635.08,87.98
CLM002103,CN-00002103,POL002203,CUST002529,COV002103,2025-07-04,2025-07-05,closed,other,164.94,41.88
CLM002104,CN-00002104,POL002204,CUST004881,COV002104,2026-07-26,2026-07-26,open,fire,173.21,29.28
CLM002105,CN-00002105,POL002205,CUST004630,COV002105,2025-08-01,2025-08-04,closed,other,493.29,136.69
CLM002106,CN-00002106,POL002206,CUST000262,COV002106,2024-12-28,2025-01-03,closed,theft,3764.71,960.53
CLM002107,CN-00002107,POL002207,CUST003082,COV002107,2024-11-29,2024-12-03,denied,water_damage,445.16,122.04
CLM002108,CN-00002108,POL002208,CUST004226,COV002108,2025-04-25,2025-04-27,closed,weather,985.88,295.74
CLM002109,CN-00002109,POL002209,CUST003934,COV002109,2025-10-10,2025-10-20,denied,liability,707.62,91.25
CLM002110,CN-00002110,POL002210,CUST001109,COV002110,2024-08-24,2024-08-24,closed,other,634.12,45.17
CLM002111,CN-00002111,POL002211,CUST003537,COV002111,2025-01-22,2025-01-28,denied,liability,613.71,42.54
CLM002112,CN-00002112,POL002212,CUST004661,COV002112,2025-11-23,2025-12-02,closed,fire,259.86,10.34
CLM002113,CN-00002113,POL002213,CUST002383,COV002113,2024-09-26,2024-09-30,reopened,collision,732.76,215.65
CLM002114,CN-00002114,POL002214,CUST004674,COV002114,2026-01-10,2026-01-14,closed,theft,146.34,39.69
CLM002115,CN-00002115,POL002215,CUST000738,COV002115,2024-07-24,2024-08-07,closed,water_damage,327.82,76.38
CLM002116,CN-00002116,POL002216,CUST000875,COV002116,2025-10-01,2025-10-12,denied,other,508.17,119.87
CLM002117,CN-00002117,POL002217,CUST004382,COV002117,2026-08-31,2026-09-06,closed,water_damage,555.64,68.44
CLM002118,CN-00002118,POL002218,CUST003824,COV002118,2024-07-20,2024-07-31,closed,liability,905.67,269.4
CLM002119,CN-00002119,POL002219,CUST003187,COV002119,2024-06-12,2024-06-17,closed,weather,842.26,144.4
CLM002120,CN-00002120,POL002220,CUST000159,COV002120,2024-12-20,2024-12-24,denied,water_damage,433.76,47.51
CLM002121,CN-00002121,POL002221,CUST002558,COV002121,2025-10-10,2025-10-15,closed,weather,550.83,153.32
CLM002122,CN-00002122,POL002222,CUST003695,COV002122,2024-10-31,2024-11-04,open,fire,358.47,90.03
CLM002123,CN-00002123,POL002223,CUST003000,COV002123,2026-06-29,2026-07-03,open,water_damage,263.38,46.73
CLM002124,CN-00002124,POL002224,CUST000878,COV002124,2026-06-10,2026-06-11,open,other,508.45,56.44
CLM002125,CN-00002125,POL002225,CUST003888,COV002125,2025-07-02,2025-07-08,closed,collision,69.42,14.41
CLM002126,CN-00002126,POL002226,CUST004271,COV002126,2025-05-30,2025-06-12,open,collision,208.54,40.21
CLM002127,CN-00002127,POL002227,CUST003119,COV002127,2024-09-18,2024-09-22,open,weather,680.31,191.62
CLM002128,CN-00002128,POL002228,CUST003723,COV002128,2026-05-06,2026-05-10,denied,weather,734.06,139.67
CLM002129,CN-00002129,POL002229,CUST001312,COV002129,2024-02-20,2024-02-29,denied,weather,634.23,31.64
CLM002130,CN-00002130,POL002230,CUST003223,COV002130,2025-10-06,2025-10-17,denied,collision,718.99,50.43
CLM002131,CN-00002131,POL002231,CUST003544,COV002131,2025-02-23,2025-02-23,denied,liability,405.6,80.26
CLM002132,CN-00002132,POL002232,CUST002772,COV002132,2024-04-03,2024-04-03,subrogation,other,222.89,29.57
CLM002133,CN-00002133,POL002233,CUST002095,COV002133,2024-07-05,2024-07-16,closed,weather,426.54,97.44
CLM002134,CN-00002134,POL002234,CUST003948,COV002134,2025-08-09,2025-08-19,closed,theft,622.94,159.47
CLM002135,CN-00002135,POL002235,CUST002274,COV002135,2025-11-11,2025-11-25,subrogation,collision,583.61,130.16
CLM002136,CN-00002136,POL002236,CUST001399,COV002136,2026-03-19,2026-03-25,open,other,770.62,118.11
CLM002137,CN-00002137,POL002237,CUST001207,COV002137,2025-01-16,2025-01-23,closed,theft,247.58,44.82
CLM002138,CN-00002138,POL002238,CUST001880,COV002138,2024-06-16,2024-06-22,denied,liability,721.3,109.83
CLM002139,CN-00002139,POL002239,CUST001549,COV002139,2026-03-09,2026-03-18,closed,water_damage,154.84,12.79
CLM002140,CN-00002140,POL002240,CUST003508,COV002140,2025-04-27,2025-04-29,closed,water_damage,937.02,116.71
CLM002141,CN-00002141,POL002241,CUST004638,COV002141,2025-04-24,2025-04-24,open,theft,944.15,23.55
CLM002142,CN-00002142,POL002242,CUST002605,COV002142,2025-01-27,2025-02-04,reopened,weather,872.02,242.52
CLM002143,CN-00002143,POL002243,CUST002140,COV002143,2025-10-11,2025-10-25,subrogation,collision,168.7,2.15
CLM002144,CN-00002144,POL002244,CUST003407,COV002144,2024-09-10,2024-09-13,open,other,414.91,121.74
CLM002145,CN-00002145,POL002245,CUST004320,COV002145,2024-11-10,2024-11-16,closed,other,319.66,8.47
CLM002146,CN-00002146,POL002246,CUST001839,COV002146,2024-04-10,2024-04-19,open,liability,545.24,1.32
CLM002147,CN-00002147,POL002247,CUST003678,COV002147,2025-11-09,2025-11-19,subrogation,weather,534.58,73.03
CLM002148,CN-00002148,POL002248,CUST001328,COV002148,2024-01-16,2024-01-16,closed,fire,953.04,149.64
CLM002149,CN-00002149,POL002249,CUST004344,COV002149,2025-09-17,2025-09-27,subrogation,fire,58.68,8.29
CLM002150,CN-00002150,POL002250,CUST004053,COV002150,2026-02-15,2026-02-21,open,liability,13149.47,704.34
CLM002151,CN-00002151,POL002251,CUST003532,COV002151,2024-08-25,2024-09-02,reopened,theft,584.77,131.01
CLM002152,CN-00002152,POL002252,CUST004191,COV002152,2025-09-30,2025-10-09,reopened,fire,160.38,13.04
CLM002153,CN-00002153,POL002253,CUST004280,COV002153,2026-09-07,2026-09-09,reopened,other,210.19,48.33
CLM002154,CN-00002154,POL002254,CUST004936,COV002154,2025-03-10,2025-03-11,open,liability,922.12,203.43
CLM002155,CN-00002155,POL002255,CUST004610,COV002155,2024-04-26,2024-05-01,closed,liability,762.6,65.69
CLM002156,CN-00002156,POL002256,CUST000865,COV002156,2025-07-04,2025-07-16,closed,liability,348.31,46.03
CLM002157,CN-00002157,POL002257,CUST003160,COV002157,2024-09-12,2024-09-12,closed,water_damage,625.72,45.69
CLM002158,CN-00002158,POL002258,CUST002875,COV002158,2024-11-28,2024-12-02,subrogation,water_damage,722.0,65.47
CLM002159,CN-00002159,POL002259,CUST002013,COV002159,2026-06-16,2026-06-20,subrogation,weather,77.92,12.8
CLM002160,CN-00002160,POL002260,CUST002554,COV002160,2026-07-03,2026-07-15,subrogation,theft,771.93,176.06
CLM002161,CN-00002161,POL002261,CUST003952,COV002161,2026-05-21,2026-05-23,subrogation,weather,816.93,162.6
CLM002162,CN-00002162,POL002262,CUST000470,COV002162,2024-06-13,2024-06-20,subrogation,weather,252.7,10.87
CLM002163,CN-00002163,POL002263,CUST001820,COV002163,2024-05-13,2024-05-13,denied,other,58.52,15.96
CLM002164,CN-00002164,POL002264,CUST000749,COV002164,2025-10-27,2025-11-02,subrogation,weather,384.37,59.09
CLM002165,CN-00002165,POL002265,CUST003970,COV002165,2024-07-02,2024-07-13,denied,weather,185.53,23.9
CLM002166,CN-00002166,POL002266,CUST003760,COV002166,2025-02-10,2025-02-15,subrogation,other,10040.43,2106.44
CLM002167,CN-00002167,POL002267,CUST000865,COV002167,2024-11-20,2024-11-20,denied,collision,900.61,130.42
CLM002168,CN-00002168,POL002268,CUST001388,COV002168,2024-05-04,2024-05-14,denied,other,161.02,38.72
CLM002169,CN-00002169,POL002269,CUST003275,COV002169,2025-07-21,2025-07-31,subrogation,water_damage,780.75,233.92
CLM002170,CN-00002170,POL002270,CUST000014,COV002170,2024-05-29,2024-06-01,closed,theft,167.91,38.7
CLM002171,CN-00002171,POL002271,CUST003035,COV002171,2026-07-04,2026-07-09,open,weather,387.18,44.44
CLM002172,CN-00002172,POL002272,CUST003096,COV002172,2026-04-08,2026-04-16,closed,water_damage,804.66,170.03
CLM002173,CN-00002173,POL002273,CUST000336,COV002173,2025-09-18,2025-09-20,closed,water_damage,739.33,136.23
CLM002174,CN-00002174,POL002274,CUST001227,COV002174,2026-05-08,2026-05-19,subrogation,collision,389.35,28.57
CLM002175,CN-00002175,POL002275,CUST004585,COV002175,2026-05-28,2026-06-07,closed,theft,429.19,117.03
CLM002176,CN-00002176,POL002276,CUST000293,COV002176,2024-03-17,2024-03-25,closed,water_damage,134.35,21.06
CLM002177,CN-00002177,POL002277,CUST002201,COV002177,2026-04-14,2026-04-14,open,theft,992.11,221.99
CLM002178,CN-00002178,POL002278,CUST003575,COV002178,2025-03-21,2025-04-03,denied,theft,500.36,100.32
CLM002179,CN-00002179,POL002279,CUST000901,COV002179,2025-02-19,2025-03-04,closed,water_damage,347.28,12.13
CLM002180,CN-00002180,POL002280,CUST001471,COV002180,2026-09-04,2026-09-07,closed,fire,971.39,36.37
CLM002181,CN-00002181,POL002281,CUST001107,COV002181,2024-06-06,2024-06-18,denied,theft,363.84,37.46
CLM002182,CN-00002182,POL002282,CUST003655,COV002182,2024-10-01,2024-10-09,open,fire,418.74,38.67
CLM002183,CN-00002183,POL002283,CUST001278,COV002183,2025-06-21,2025-06-25,closed,fire,644.07,154.85
CLM002184,CN-00002184,POL002284,CUST000296,COV002184,2026-06-22,2026-06-29,closed,liability,589.99,33.95
CLM002185,CN-00002185,POL002285,CUST000686,COV002185,2025-08-31,2025-09-05,denied,collision,820.31,121.39
CLM002186,CN-00002186,POL002286,CUST000413,COV002186,2024-01-28,2024-01-29,closed,water_damage,192.59,29.42
CLM002187,CN-00002187,POL002287,CUST001398,COV002187,2026-02-16,2026-02-28,closed,collision,116.81,5.73
CLM002188,CN-00002188,POL002288,CUST002008,COV002188,2024-11-07,2024-11-13,denied,weather,288.16,43.18
CLM002189,CN-00002189,POL002289,CUST002356,COV002189,2024-02-19,2024-02-25,closed,theft,977.18,237.07
CLM002190,CN-00002190,POL002290,CUST001267,COV002190,2024-12-21,2024-12-25,closed,other,816.97,37.46
CLM002191,CN-00002191,POL002291,CUST000868,COV002191,2024-01-31,2024-02-13,denied,collision,474.11,102.45
CLM002192,CN-00002192,POL002292,CUST004244,COV002192,2024-06-04,2024-06-06,open,fire,316.68,39.46
CLM002193,CN-00002193,POL002293,CUST004088,COV002193,2025-12-02,2025-12-06,reopened,fire,397.9,54.79
CLM002194,CN-00002194,POL002294,CUST001888,COV002194,2024-02-22,2024-03-06,closed,theft,12393.47,5.91
CLM002195,CN-00002195,POL002295,CUST003680,COV002195,2025-04-29,2025-05-05,closed,fire,72.53,21.12
CLM002196,CN-00002196,POL002296,CUST004987,COV002196,2025-03-24,2025-04-02,closed,weather,639.65,44.71
CLM002197,CN-00002197,POL002297,CUST000341,COV002197,2024-07-27,2024-08-06,closed,theft,325.67,77.86
CLM002198,CN-00002198,POL002298,CUST004878,COV002198,2026-04-01,2026-04-12,reopened,collision,267.93,32.98
CLM002199,CN-00002199,POL002299,CUST003335,COV002199,2025-10-19,2025-10-28,closed,other,993.11,211.28
CLM002200,CN-00002200,POL002300,CUST003689,COV002200,2025-03-25,2025-04-01,open,fire,948.27,34.28
CLM002201,CN-00002201,POL002301,CUST004768,COV002201,2026-04-25,2026-04-27,closed,liability,784.25,97.1
CLM002202,CN-00002202,POL002302,CUST001197,COV002202,2025-07-23,2025-08-01,open,other,564.67,57.52
CLM002203,CN-00002203,POL002303,CUST002625,COV002203,2024-08-05,2024-08-09,closed,theft,790.79,136.1
CLM002204,CN-00002204,POL002304,CUST002500,COV002204,2024-11-11,2024-11-19,denied,liability,318.71,43.39
CLM002205,CN-00002205,POL002305,CUST002254,COV002205,2024-01-28,2024-02-06,subrogation,other,927.87,67.31
CLM002206,CN-00002206,POL002306,CUST001273,COV002206,2024-03-04,2024-03-15,closed,liability,424.68,105.31
CLM002207,CN-00002207,POL002307,CUST004616,COV002207,2024-11-09,2024-11-22,denied,weather,376.98,21.81
CLM002208,CN-00002208,POL002308,CUST001762,COV002208,2025-07-26,2025-08-02,closed,other,969.05,273.19
CLM002209,CN-00002209,POL002309,CUST001789,COV002209,2024-10-17,2024-10-30,denied,theft,373.9,41.01
CLM002210,CN-00002210,POL002310,CUST004292,COV002210,2025-01-21,2025-01-31,closed,theft,964.58,113.79
CLM002211,CN-00002211,POL002311,CUST002485,COV002211,2024-04-02,2024-04-09,denied,weather,268.36,38.81
CLM002212,CN-00002212,POL002312,CUST004483,COV002212,2025-04-28,2025-05-12,subrogation,other,224.89,17.74
CLM002213,CN-00002213,POL002313,CUST000600,COV002213,2025-04-14,2025-04-21,closed,water_damage,853.94,180.17
CLM002214,CN-00002214,POL002314,CUST000066,COV002214,2024-11-09,2024-11-23,denied,fire,778.2,18.26
CLM002215,CN-00002215,POL002315,CUST004329,COV002215,2024-09-22,2024-09-23,reopened,fire,895.96,107.34
CLM002216,CN-00002216,POL002316,CUST001994,COV002216,2025-09-13,2025-09-25,denied,water_damage,84.42,17.71
CLM002217,CN-00002217,POL002317,CUST003791,COV002217,2024-11-29,2024-12-05,closed,weather,629.79,115.41
CLM002218,CN-00002218,POL002318,CUST004917,COV002218,2026-05-22,2026-06-03,reopened,other,121.13,31.36
CLM002219,CN-00002219,POL002319,CUST004961,COV002219,2026-06-13,2026-06-27,closed,water_damage,841.58,23.45
CLM002220,CN-00002220,POL002320,CUST004945,COV002220,2026-01-17,2026-01-30,subrogation,water_damage,473.28,20.9
CLM002221,CN-00002221,POL002321,CUST000124,COV002221,2025-04-01,2025-04-06,subrogation,water_damage,740.98,189.82
CLM002222,CN-00002222,POL002322,CUST003073,COV002222,2025-11-01,2025-11-09,reopened,water_damage,486.39,120.74
CLM002223,CN-00002223,POL002323,CUST001546,COV002223,2026-06-25,2026-07-03,subrogation,liability,198.03,45.24
CLM002224,CN-00002224,POL002324,CUST001352,COV002224,2025-05-02,2025-05-06,closed,water_damage,168.39,49.31
CLM002225,CN-00002225,POL002325,CUST000823,COV002225,2024-11-21,2024-11-25,closed,weather,741.96,141.96
CLM002226,CN-00002226,POL002326,CUST001874,COV002226,2025-05-23,2025-05-24,reopened,liability,717.82,46.41
CLM002227,CN-00002227,POL002327,CUST002264,COV002227,2025-01-08,2025-01-10,reopened,theft,14719.82,858.98
CLM002228,CN-00002228,POL002328,CUST001809,COV002228,2025-01-29,2025-02-07,closed,weather,61.02,14.31
CLM002229,CN-00002229,POL002329,CUST001629,COV002229,2024-12-10,2024-12-24,closed,liability,171.82,29.98
CLM002230,CN-00002230,POL002330,CUST000519,COV002230,2024-04-16,2024-04-24,denied,other,126.72,31.01
CLM002231,CN-00002231,POL002331,CUST004875,COV002231,2026-06-30,2026-07-12,subrogation,weather,967.34,13.89
CLM002232,CN-00002232,POL002332,CUST003888,COV002232,2024-01-09,2024-01-15,denied,collision,954.57,254.41
CLM002233,CN-00002233,POL002333,CUST002753,COV002233,2026-01-21,2026-02-04,open,theft,215.0,29.91
CLM002234,CN-00002234,POL002334,CUST002734,COV002234,2025-10-08,2025-10-15,open,water_damage,69.0,5.68
CLM002235,CN-00002235,POL002335,CUST004450,COV002235,2025-07-20,2025-07-23,open,other,175.77,1.64
CLM002236,CN-00002236,POL002336,CUST002291,COV002236,2024-01-26,2024-02-06,denied,fire,438.91,113.7
CLM002237,CN-00002237,POL002337,CUST003273,COV002237,2024-10-24,2024-10-28,reopened,collision,626.07,99.32
CLM002238,CN-00002238,POL002338,CUST003046,COV002238,2024-07-19,2024-08-01,closed,liability,806.95,33.8
CLM002239,CN-00002239,POL002339,CUST004477,COV002239,2026-02-18,2026-02-21,closed,weather,543.89,64.97
CLM002240,CN-00002240,POL002340,CUST001761,COV002240,2025-10-21,2025-10-25,subrogation,collision,312.31,74.9
CLM002241,CN-00002241,POL002341,CUST001048,COV002241,2025-10-17,2025-10-26,subrogation,weather,199.13,16.45
CLM002242,CN-00002242,POL002342,CUST001502,COV002242,2024-12-08,2024-12-17,reopened,weather,438.54,95.59
CLM002243,CN-00002243,POL002343,CUST003994,COV002243,2024-06-28,2024-07-05,closed,fire,700.03,95.59
CLM002244,CN-00002244,POL002344,CUST002967,COV002244,2024-03-07,2024-03-19,closed,water_damage,847.9,238.82
CLM002245,CN-00002245,POL002345,CUST000779,COV002245,2024-06-05,2024-06-08,subrogation,liability,228.1,39.24
CLM002246,CN-00002246,POL002346,CUST001690,COV002246,2025-08-12,2025-08-18,subrogation,other,183.23,43.12
CLM002247,CN-00002247,POL002347,CUST001445,COV002247,2024-07-21,2024-07-21,closed,other,224.84,14.43
CLM002248,CN-00002248,POL002348,CUST004532,COV002248,2025-01-27,2025-01-28,open,fire,7163.07,1010.68
CLM002249,CN-00002249,POL002349,CUST004986,COV002249,2024-03-28,2024-04-01,closed,fire,927.03,193.59
CLM002250,CN-00002250,POL002350,CUST002866,COV002250,2024-05-12,2024-05-22,reopened,collision,590.04,89.51
CLM002251,CN-00002251,POL002351,CUST001303,COV002251,2025-07-27,2025-08-10,closed,collision,3510.3,391.37
CLM002252,CN-00002252,POL002352,CUST001656,COV002252,2024-10-09,2024-10-11,subrogation,theft,851.75,56.84
CLM002253,CN-00002253,POL002353,CUST004911,COV002253,2024-03-03,2024-03-03,reopened,theft,750.0,90.69
CLM002254,CN-00002254,POL002354,CUST003897,COV002254,2026-07-21,2026-07-27,subrogation,weather,220.47,32.7
CLM002255,CN-00002255,POL002355,CUST000843,COV002255,2024-11-17,2024-11-22,subrogation,water_damage,762.76,203.88
CLM002256,CN-00002256,POL002356,CUST004833,COV002256,2024-09-07,2024-09-13,open,fire,145.77,23.67
CLM002257,CN-00002257,POL002357,CUST004857,COV002257,2024-04-16,2024-04-29,denied,fire,589.76,153.83
CLM002258,CN-00002258,POL002358,CUST003243,COV002258,2026-01-12,2026-01-21,closed,fire,65.37,13.57
CLM002259,CN-00002259,POL002359,CUST002340,COV002259,2026-05-04,2026-05-12,closed,liability,615.76,74.75
CLM002260,CN-00002260,POL002360,CUST003126,COV002260,2026-06-25,2026-06-25,denied,theft,881.44,13.13
CLM002261,CN-00002261,POL002361,CUST001026,COV002261,2025-06-10,2025-06-20,reopened,theft,741.62,186.54
CLM002262,CN-00002262,POL002362,CUST003350,COV002262,2024-01-01,2024-01-01,closed,weather,730.79,208.79
CLM002263,CN-00002263,POL002363,CUST001407,COV002263,2025-10-29,2025-11-09,reopened,fire,871.84,200.75
CLM002264,CN-00002264,POL002364,CUST001633,COV002264,2024-10-01,2024-10-15,closed,liability,638.06,119.4
CLM002265,CN-00002265,POL002365,CUST004224,COV002265,2025-03-14,2025-03-16,closed,weather,724.6,65.22
CLM002266,CN-00002266,POL002366,CUST002633,COV002266,2024-02-16,2024-02-22,denied,water_damage,291.4,22.67
CLM002267,CN-00002267,POL002367,CUST003803,COV002267,2026-06-07,2026-06-15,open,fire,459.31,59.65
CLM002268,CN-00002268,POL002368,CUST003842,COV002268,2026-06-12,2026-06-22,closed,water_damage,126.07,5.42
CLM002269,CN-00002269,POL002369,CUST002838,COV002269,2025-07-12,2025-07-20,reopened,liability,276.59,4.38
CLM002270,CN-00002270,POL002370,CUST001434,COV002270,2025-10-31,2025-11-01,open,other,377.7,97.62
CLM002271,CN-00002271,POL002371,CUST001613,COV002271,2025-02-19,2025-02-24,closed,weather,869.4,89.58
CLM002272,CN-00002272,POL002372,CUST003111,COV002272,2024-02-29,2024-03-08,reopened,collision,523.03,26.26
CLM002273,CN-00002273,POL002373,CUST002758,COV002273,2025-01-30,2025-02-06,open,collision,619.87,137.01
CLM002274,CN-00002274,POL002374,CUST004716,COV002274,2025-04-01,2025-04-10,closed,other,123.77,22.04
CLM002275,CN-00002275,POL002375,CUST003495,COV002275,2024-03-18,2024-03-28,closed,other,481.27,110.84
CLM002276,CN-00002276,POL002376,CUST001714,COV002276,2025-07-03,2025-07-05,closed,weather,675.27,48.99
CLM002277,CN-00002277,POL002377,CUST002128,COV002277,2026-08-09,2026-08-18,closed,other,309.47,69.64
CLM002278,CN-00002278,POL002378,CUST003572,COV002278,2025-06-05,2025-06-14,denied,liability,573.99,159.34
CLM002279,CN-00002279,POL002379,CUST003177,COV002279,2024-05-24,2024-05-29,closed,water_damage,552.15,163.44
CLM002280,CN-00002280,POL002380,CUST001273,COV002280,2024-02-27,2024-03-09,closed,theft,424.78,122.39
CLM002281,CN-00002281,POL002381,CUST004518,COV002281,2024-08-04,2024-08-07,reopened,liability,63.06,1.55
CLM002282,CN-00002282,POL002382,CUST004640,COV002282,2026-06-21,2026-06-23,closed,fire,550.4,121.09
CLM002283,CN-00002283,POL002383,CUST000867,COV002283,2025-11-02,2025-11-03,subrogation,liability,556.85,107.14
CLM002284,CN-00002284,POL002384,CUST002724,COV002284,2025-05-13,2025-05-14,subrogation,fire,14938.58,1600.51
CLM002285,CN-00002285,POL002385,CUST003741,COV002285,2025-01-31,2025-02-03,closed,weather,762.21,127.36
CLM002286,CN-00002286,POL002386,CUST003532,COV002286,2024-08-21,2024-08-23,open,other,672.99,95.1
CLM002287,CN-00002287,POL002387,CUST002509,COV002287,2026-08-01,2026-08-04,subrogation,collision,354.25,23.0
CLM002288,CN-00002288,POL002388,CUST001377,COV002288,2025-06-22,2025-07-02,closed,water_damage,537.69,45.17
CLM002289,CN-00002289,POL002389,CUST000659,COV002289,2024-06-14,2024-06-16,closed,fire,399.19,111.32
CLM002290,CN-00002290,POL002390,CUST003776,COV002290,2025-03-22,2025-04-05,open,water_damage,766.63,150.71
CLM002291,CN-00002291,POL002391,CUST004006,COV002291,2026-05-09,2026-05-21,denied,collision,505.46,91.41
CLM002292,CN-00002292,POL002392,CUST002024,COV002292,2026-05-21,2026-05-25,open,fire,359.38,27.07
CLM002293,CN-00002293,POL002393,CUST004249,COV002293,2024-02-04,2024-02-11,denied,other,807.57,107.13
CLM002294,CN-00002294,POL002394,CUST002766,COV002294,2026-09-15,2026-09-25,closed,collision,599.88,109.61
CLM002295,CN-00002295,POL002395,CUST000784,COV002295,2026-07-11,2026-07-19,closed,other,137.43,37.35
CLM002296,CN-00002296,POL002396,CUST004383,COV002296,2025-06-27,2025-07-06,closed,theft,922.75,44.78
CLM002297,CN-00002297,POL002397,CUST000193,COV002297,2026-02-06,2026-02-11,subrogation,liability,537.59,105.7
CLM002298,CN-00002298,POL002398,CUST004856,COV002298,2024-01-15,2024-01-17,reopened,other,648.47,169.27
CLM002299,CN-00002299,POL002399,CUST002423,COV002299,2024-06-24,2024-07-01,denied,collision,780.95,120.66
CLM002300,CN-00002300,POL002400,CUST000942,COV002300,2024-01-21,2024-02-01,closed,water_damage,12295.46,2509.24
CLM002301,CN-00002301,POL002401,CUST000867,COV002301,2025-01-21,2025-02-02,open,collision,677.62,139.67
CLM002302,CN-00002302,POL002402,CUST004011,COV002302,2024-05-05,2024-05-12,subrogation,fire,726.15,127.44
CLM002303,CN-00002303,POL002403,CUST000534,COV002303,2026-02-17,2026-02-22,open,fire,612.77,137.76
CLM002304,CN-00002304,POL002404,CUST004469,COV002304,2026-08-26,2026-08-28,reopened,collision,9325.55,2145.34
CLM002305,CN-00002305,POL002405,CUST003513,COV002305,2025-03-26,2025-03-31,open,weather,296.75,29.97
CLM002306,CN-00002306,POL002406,CUST004031,COV002306,2026-08-01,2026-08-07,reopened,weather,228.89,33.48
CLM002307,CN-00002307,POL002407,CUST004249,COV002307,2024-06-10,2024-06-10,reopened,water_damage,258.78,2.29
CLM002308,CN-00002308,POL002408,CUST003020,COV002308,2026-01-07,2026-01-21,closed,liability,749.1,170.56
CLM002309,CN-00002309,POL002409,CUST003133,COV002309,2024-02-15,2024-02-27,closed,collision,276.01,25.29
CLM002310,CN-00002310,POL002410,CUST004087,COV002310,2025-02-19,2025-03-01,closed,collision,963.91,55.98
CLM002311,CN-00002311,POL002411,CUST003080,COV002311,2025-09-13,2025-09-27,closed,liability,975.88,129.04
CLM002312,CN-00002312,POL002412,CUST000275,COV002312,2025-08-04,2025-08-10,closed,fire,875.66,21.85
CLM002313,CN-00002313,POL002413,CUST000918,COV002313,2024-06-06,2024-06-14,closed,other,82.74,10.69
CLM002314,CN-00002314,POL002414,CUST002256,COV002314,2026-04-21,2026-04-30,denied,theft,4005.17,537.65
CLM002315,CN-00002315,POL002415,CUST000929,COV002315,2025-01-24,2025-01-26,closed,liability,810.62,235.95
CLM002316,CN-00002316,POL002416,CUST000435,COV002316,2026-07-11,2026-07-13,reopened,other,13436.83,2138.45
CLM002317,CN-00002317,POL002417,CUST003569,COV002317,2025-06-18,2025-06-29,closed,liability,698.3,7.91
CLM002318,CN-00002318,POL002418,CUST003891,COV002318,2025-07-01,2025-07-03,reopened,liability,180.66,3.91
CLM002319,CN-00002319,POL002419,CUST004195,COV002319,2024-03-19,2024-03-24,reopened,liability,380.95,113.4
CLM002320,CN-00002320,POL002420,CUST002913,COV002320,2025-04-02,2025-04-04,open,collision,671.08,99.6
CLM002321,CN-00002321,POL002421,CUST004906,COV002321,2026-01-27,2026-02-02,closed,other,92.17,22.25
CLM002322,CN-00002322,POL002422,CUST000444,COV002322,2026-08-27,2026-08-31,subrogation,other,458.29,103.26
CLM002323,CN-00002323,POL002423,CUST004679,COV002323,2026-01-19,2026-01-20,closed,weather,726.1,27.4
CLM002324,CN-00002324,POL002424,CUST004041,COV002324,2024-12-15,2024-12-21,closed,liability,718.11,79.08
CLM002325,CN-00002325,POL002425,CUST004968,COV002325,2024-10-10,2024-10-16,closed,weather,630.2,167.53
CLM002326,CN-00002326,POL002426,CUST003157,COV002326,2026-06-29,2026-07-09,open,water_damage,746.77,125.82
CLM002327,CN-00002327,POL002427,CUST001146,COV002327,2024-01-06,2024-01-06,open,other,230.16,10.58
CLM002328,CN-00002328,POL002428,CUST003629,COV002328,2026-04-15,2026-04-24,open,water_damage,533.95,69.1
CLM002329,CN-00002329,POL002429,CUST001457,COV002329,2024-02-22,2024-02-27,closed,fire,138.51,21.5
CLM002330,CN-00002330,POL002430,CUST002038,COV002330,2025-07-10,2025-07-10,closed,collision,846.97,253.15
CLM002331,CN-00002331,POL002431,CUST004424,COV002331,2024-07-09,2024-07-09,denied,liability,766.56,28.09
CLM002332,CN-00002332,POL002432,CUST002600,COV002332,2025-03-25,2025-03-26,closed,water_damage,441.53,35.22
CLM002333,CN-00002333,POL002433,CUST004652,COV002333,2024-07-08,2024-07-11,open,weather,104.26,24.35
CLM002334,CN-00002334,POL002434,CUST001607,COV002334,2024-10-10,2024-10-18,open,fire,342.7,83.33
CLM002335,CN-00002335,POL002435,CUST001857,COV002335,2025-11-05,2025-11-06,open,other,676.37,79.36
CLM002336,CN-00002336,POL002436,CUST002492,COV002336,2025-02-18,2025-02-27,reopened,collision,553.13,64.54
CLM002337,CN-00002337,POL002437,CUST000544,COV002337,2024-11-15,2024-11-19,subrogation,liability,207.4,21.7
CLM002338,CN-00002338,POL002438,CUST000349,COV002338,2024-07-16,2024-07-19,open,fire,947.84,68.83
CLM002339,CN-00002339,POL002439,CUST003696,COV002339,2025-01-17,2025-01-25,closed,weather,544.73,27.31
CLM002340,CN-00002340,POL002440,CUST004022,COV002340,2025-07-01,2025-07-10,closed,collision,3664.3,986.03
CLM002341,CN-00002341,POL002441,CUST001222,COV002341,2025-06-29,2025-07-08,denied,weather,745.72,209.51
CLM002342,CN-00002342,POL002442,CUST004200,COV002342,2024-03-06,2024-03-18,open,weather,959.61,167.39
CLM002343,CN-00002343,POL002443,CUST003843,COV002343,2025-03-23,2025-03-31,closed,collision,889.3,17.96
CLM002344,CN-00002344,POL002444,CUST000849,COV002344,2024-01-17,2024-01-28,open,water_damage,669.75,170.1
CLM002345,CN-00002345,POL002445,CUST000663,COV002345,2025-11-29,2025-12-02,closed,theft,737.19,52.66
CLM002346,CN-00002346,POL002446,CUST004017,COV002346,2025-03-04,2025-03-06,reopened,weather,749.09,102.25
CLM002347,CN-00002347,POL002447,CUST000495,COV002347,2025-06-16,2025-06-27,closed,other,661.69,24.4
CLM002348,CN-00002348,POL002448,CUST003439,COV002348,2025-01-21,2025-01-24,closed,fire,230.74,47.79
CLM002349,CN-00002349,POL002449,CUST003944,COV002349,2026-01-26,2026-02-05,open,fire,708.99,194.89
CLM002350,CN-00002350,POL002450,CUST004353,COV002350,2024-01-03,2024-01-15,closed,liability,326.3,45.7
CLM002351,CN-00002351,POL002451,CUST001755,COV002351,2026-03-22,2026-03-23,closed,fire,434.35,46.99
CLM002352,CN-00002352,POL002452,CUST003794,COV002352,2026-05-16,2026-05-21,closed,water_damage,795.46,184.26
CLM002353,CN-00002353,POL002453,CUST004957,COV002353,2024-08-07,2024-08-17,open,other,11657.84,1500.68
CLM002354,CN-00002354,POL002454,CUST004010,COV002354,2025-05-29,2025-06-08,closed,theft,913.89,198.92
CLM002355,CN-00002355,POL002455,CUST003473,COV002355,2024-01-30,2024-02-05,denied,other,568.07,92.56
CLM002356,CN-00002356,POL002456,CUST002378,COV002356,2024-04-21,2024-05-05,subrogation,collision,830.46,40.32
CLM002357,CN-00002357,POL002457,CUST004466,COV002357,2024-04-22,2024-04-28,closed,water_damage,585.11,137.19
CLM002358,CN-00002358,POL002458,CUST002350,COV002358,2024-07-31,2024-08-12,open,theft,238.57,4.77
CLM002359,CN-00002359,POL002459,CUST004428,COV002359,2025-03-14,2025-03-24,reopened,weather,925.81,167.72
CLM002360,CN-00002360,POL002460,CUST004188,COV002360,2024-09-17,2024-09-21,subrogation,water_damage,303.49,26.61
CLM002361,CN-00002361,POL002461,CUST000064,COV002361,2026-03-11,2026-03-24,closed,collision,643.25,114.9
CLM002362,CN-00002362,POL002462,CUST003299,COV002362,2025-05-20,2025-06-01,subrogation,theft,515.93,90.22
CLM002363,CN-00002363,POL002463,CUST003049,COV002363,2025-09-03,2025-09-16,closed,collision,916.61,177.1
CLM002364,CN-00002364,POL002464,CUST003167,COV002364,2026-05-02,2026-05-05,subrogation,weather,709.37,28.11
CLM002365,CN-00002365,POL002465,CUST003429,COV002365,2026-04-20,2026-04-21,reopened,other,918.23,231.54
CLM002366,CN-00002366,POL002466,CUST001230,COV002366,2024-09-24,2024-09-29,open,collision,51.6,1.03
CLM002367,CN-00002367,POL002467,CUST001341,COV002367,2025-09-24,2025-10-03,reopened,other,98.39,16.5
CLM002368,CN-00002368,POL002468,CUST000025,COV002368,2025-08-06,2025-08-20,open,other,691.37,123.96
CLM002369,CN-00002369,POL002469,CUST002347,COV002369,2026-02-26,2026-02-26,closed,theft,254.16,54.83
CLM002370,CN-00002370,POL002470,CUST001192,COV002370,2026-09-12,2026-09-16,open,liability,288.36,55.34
CLM002371,CN-00002371,POL002471,CUST004551,COV002371,2024-08-03,2024-08-14,reopened,liability,648.32,153.61
CLM002372,CN-00002372,POL002472,CUST001184,COV002372,2024-07-10,2024-07-11,open,fire,187.1,9.05
CLM002373,CN-00002373,POL002473,CUST003511,COV002373,2024-08-21,2024-09-03,closed,liability,622.17,121.44
CLM002374,CN-00002374,POL002474,CUST003188,COV002374,2025-02-20,2025-02-22,subrogation,water_damage,306.71,60.99
CLM002375,CN-00002375,POL002475,CUST001664,COV002375,2024-12-05,2024-12-06,denied,liability,147.39,1.67
CLM002376,CN-00002376,POL002476,CUST003520,COV002376,2024-07-16,2024-07-20,reopened,liability,242.03,34.02
CLM002377,CN-00002377,POL002477,CUST004337,COV002377,2025-01-09,2025-01-20,closed,collision,112.85,18.21
CLM002378,CN-00002378,POL002478,CUST003553,COV002378,2026-01-06,2026-01-18,open,collision,155.37,8.69
CLM002379,CN-00002379,POL002479,CUST001164,COV002379,2024-06-04,2024-06-07,closed,liability,751.34,189.84
CLM002380,CN-00002380,POL002480,CUST004019,COV002380,2026-03-26,2026-04-05,subrogation,fire,490.56,123.15
CLM002381,CN-00002381,POL002481,CUST004283,COV002381,2024-04-28,2024-04-30,closed,other,719.83,154.57
CLM002382,CN-00002382,POL002482,CUST001614,COV002382,2026-07-25,2026-08-02,subrogation,liability,825.9,112.24
CLM002383,CN-00002383,POL002483,CUST003233,COV002383,2025-08-10,2025-08-21,reopened,theft,378.25,85.72
CLM002384,CN-00002384,POL002484,CUST000723,COV002384,2024-09-16,2024-09-23,closed,water_damage,602.27,162.47
CLM002385,CN-00002385,POL002485,CUST003640,COV002385,2025-09-09,2025-09-13,closed,weather,479.26,104.73
CLM002386,CN-00002386,POL002486,CUST001876,COV002386,2025-07-11,2025-07-24,closed,weather,11962.73,774.6
CLM002387,CN-00002387,POL002487,CUST000372,COV002387,2025-12-05,2025-12-17,reopened,fire,571.3,134.09
CLM002388,CN-00002388,POL002488,CUST004704,COV002388,2024-03-28,2024-03-30,closed,collision,995.13,177.16
CLM002389,CN-00002389,POL002489,CUST003981,COV002389,2026-07-10,2026-07-19,closed,other,319.29,45.21
CLM002390,CN-00002390,POL002490,CUST000962,COV002390,2025-09-18,2025-09-24,reopened,water_damage,582.24,33.3
CLM002391,CN-00002391,POL002491,CUST003869,COV002391,2025-10-02,2025-10-05,denied,other,356.0,0.2
CLM002392,CN-00002392,POL002492,CUST004962,COV002392,2026-03-07,2026-03-12,denied,theft,963.7,17.74
CLM002393,CN-00002393,POL002493,CUST001157,COV002393,2024-01-29,2024-01-31,open,water_damage,798.24,166.55
CLM002394,CN-00002394,POL002494,CUST001495,COV002394,2025-06-24,2025-06-28,subrogation,liability,460.45,46.16
CLM002395,CN-00002395,POL002495,CUST001208,COV002395,2024-01-01,2024-01-13,reopened,collision,750.86,184.75
CLM002396,CN-00002396,POL002496,CUST003810,COV002396,2026-06-11,2026-06-18,closed,weather,6422.11,1093.75
CLM002397,CN-00002397,POL002497,CUST002908,COV002397,2026-01-16,2026-01-25,closed,weather,485.19,74.59
CLM002398,CN-00002398,POL002498,CUST004657,COV002398,2024-07-02,2024-07-04,reopened,water_damage,318.91,27.45
CLM002399,CN-00002399,POL002499,CUST002677,COV002399,2026-03-24,2026-03-31,denied,liability,980.59,216.98
CLM002400,CN-00002400,POL002500,CUST001831,COV002400,2024-08-06,2024-08-16,subrogation,collision,230.32,28.38
CLM002401,CN-00002401,POL002501,CUST002352,COV002401,2024-10-22,2024-10-24,subrogation,liability,997.84,196.66
CLM002402,CN-00002402,POL002502,CUST003210,COV002402,2025-10-02,2025-10-07,denied,other,959.56,84.83
CLM002403,CN-00002403,POL002503,CUST001225,COV002403,2024-05-02,2024-05-14,closed,theft,832.65,60.14
CLM002404,CN-00002404,POL002504,CUST000693,COV002404,2026-07-13,2026-07-18,closed,theft,636.7,42.4
CLM002405,CN-00002405,POL002505,CUST004070,COV002405,2025-12-03,2025-12-14,closed,fire,375.68,82.2
CLM002406,CN-00002406,POL002506,CUST003902,COV002406,2024-07-18,2024-07-29,closed,liability,677.58,111.84
CLM002407,CN-00002407,POL002507,CUST001993,COV002407,2024-01-07,2024-01-10,denied,theft,202.41,44.09
CLM002408,CN-00002408,POL002508,CUST001969,COV002408,2026-04-06,2026-04-14,subrogation,water_damage,10236.16,86.74
CLM002409,CN-00002409,POL002509,CUST003563,COV002409,2026-03-17,2026-03-18,closed,other,621.63,120.38
CLM002410,CN-00002410,POL002510,CUST000053,COV002410,2025-07-21,2025-07-30,denied,collision,834.24,9.28
CLM002411,CN-00002411,POL002511,CUST002998,COV002411,2025-11-27,2025-12-06,reopened,fire,14181.73,3219.52
CLM002412,CN-00002412,POL002512,CUST002117,COV002412,2024-09-05,2024-09-13,closed,liability,279.45,48.15
CLM002413,CN-00002413,POL002513,CUST001487,COV002413,2026-06-27,2026-07-09,open,other,140.45,11.5
CLM002414,CN-00002414,POL002514,CUST002533,COV002414,2025-01-30,2025-02-08,open,collision,3090.94,723.29
CLM002415,CN-00002415,POL002515,CUST003664,COV002415,2026-03-02,2026-03-05,reopened,weather,860.97,104.01
CLM002416,CN-00002416,POL002516,CUST000649,COV002416,2025-07-04,2025-07-15,closed,liability,754.31,29.73
CLM002417,CN-00002417,POL002517,CUST002861,COV002417,2025-07-06,2025-07-18,subrogation,collision,497.47,86.84
CLM002418,CN-00002418,POL002518,CUST003534,COV002418,2024-04-28,2024-04-29,closed,weather,802.29,134.38
CLM002419,CN-00002419,POL002519,CUST004251,COV002419,2024-05-12,2024-05-21,open,fire,819.79,59.88
CLM002420,CN-00002420,POL002520,CUST000524,COV002420,2025-05-17,2025-05-28,closed,weather,784.81,206.45
CLM002421,CN-00002421,POL002521,CUST001191,COV002421,2026-05-13,2026-05-16,reopened,weather,744.78,134.55
CLM002422,CN-00002422,POL002522,CUST004256,COV002422,2026-07-24,2026-07-27,open,water_damage,930.43,210.75
CLM002423,CN-00002423,POL002523,CUST004721,COV002423,2025-05-24,2025-05-31,closed,liability,772.86,70.47
CLM002424,CN-00002424,POL002524,CUST000463,COV002424,2026-08-06,2026-08-20,subrogation,other,841.06,183.74
CLM002425,CN-00002425,POL002525,CUST000428,COV002425,2024-02-28,2024-03-08,reopened,theft,838.97,41.3
CLM002426,CN-00002426,POL002526,CUST000438,COV002426,2024-02-07,2024-02-11,closed,liability,391.57,34.82
CLM002427,CN-00002427,POL002527,CUST002671,COV002427,2025-09-29,2025-10-07,closed,other,10114.8,50.41
CLM002428,CN-00002428,POL002528,CUST000127,COV002428,2025-03-06,2025-03-08,denied,other,873.55,130.26
CLM002429,CN-00002429,POL002529,CUST002522,COV002429,2026-07-10,2026-07-20,reopened,collision,805.78,205.5
CLM002430,CN-00002430,POL002530,CUST000422,COV002430,2024-09-25,2024-09-30,denied,water_damage,738.35,111.46
CLM002431,CN-00002431,POL002531,CUST000303,COV002431,2024-09-10,2024-09-22,denied,theft,679.16,157.62
CLM002432,CN-00002432,POL002532,CUST000388,COV002432,2025-07-19,2025-07-27,open,fire,490.01,134.05
CLM002433,CN-00002433,POL002533,CUST003206,COV002433,2025-08-06,2025-08-15,denied,liability,816.95,75.13
CLM002434,CN-00002434,POL002534,CUST001812,COV002434,2024-10-25,2024-11-07,closed,collision,302.58,17.35
CLM002435,CN-00002435,POL002535,CUST003546,COV002435,2024-04-09,2024-04-23,closed,theft,164.44,7.98
CLM002436,CN-00002436,POL002536,CUST004189,COV002436,2024-01-13,2024-01-24,open,collision,747.89,170.15
CLM002437,CN-00002437,POL002537,CUST003971,COV002437,2025-12-07,2025-12-17,closed,collision,301.99,57.52
CLM002438,CN-00002438,POL002538,CUST002037,COV002438,2024-02-11,2024-02-17,closed,collision,158.86,43.92
CLM002439,CN-00002439,POL002539,CUST001245,COV002439,2024-03-24,2024-04-04,closed,collision,604.76,97.71
CLM002440,CN-00002440,POL002540,CUST001249,COV002440,2025-11-14,2025-11-23,closed,fire,692.05,176.18
CLM002441,CN-00002441,POL002541,CUST000150,COV002441,2026-06-11,2026-06-18,open,other,546.9,127.94
CLM002442,CN-00002442,POL002542,CUST002229,COV002442,2025-12-06,2025-12-14,closed,fire,878.22,222.55
CLM002443,CN-00002443,POL002543,CUST000826,COV002443,2026-08-13,2026-08-16,closed,theft,296.74,42.91
CLM002444,CN-00002444,POL002544,CUST001095,COV002444,2025-06-22,2025-06-29,denied,water_damage,567.07,115.58
CLM002445,CN-00002445,POL002545,CUST001796,COV002445,2024-06-01,2024-06-07,closed,weather,471.9,60.95
CLM002446,CN-00002446,POL002546,CUST002156,COV002446,2025-09-03,2025-09-17,reopened,theft,94.0,26.04
CLM002447,CN-00002447,POL002547,CUST003162,COV002447,2025-06-05,2025-06-08,closed,theft,698.22,131.96
CLM002448,CN-00002448,POL002548,CUST002986,COV002448,2025-02-22,2025-02-22,open,liability,825.1,96.45
CLM002449,CN-00002449,POL002549,CUST004354,COV002449,2024-01-24,2024-02-06,reopened,fire,51.87,0.32
CLM002450,CN-00002450,POL002550,CUST000407,COV002450,2024-02-07,2024-02-14,closed,other,735.12,11.21
CLM002451,CN-00002451,POL002551,CUST001764,COV002451,2024-09-11,2024-09-13,closed,weather,827.65,201.17
CLM002452,CN-00002452,POL002552,CUST000436,COV002452,2025-11-06,2025-11-06,closed,liability,678.11,138.01
CLM002453,CN-00002453,POL002553,CUST002729,COV002453,2026-02-26,2026-03-09,open,fire,435.98,47.96
CLM002454,CN-00002454,POL002554,CUST003720,COV002454,2026-05-21,2026-05-22,subrogation,collision,791.74,120.44
CLM002455,CN-00002455,POL002555,CUST004346,COV002455,2025-08-27,2025-09-08,closed,collision,189.03,19.71
CLM002456,CN-00002456,POL002556,CUST002221,COV002456,2025-03-30,2025-04-02,closed,water_damage,751.29,118.76
CLM002457,CN-00002457,POL002557,CUST003721,COV002457,2024-02-22,2024-03-06,subrogation,collision,853.57,33.05
CLM002458,CN-00002458,POL002558,CUST003400,COV002458,2024-02-12,2024-02-12,closed,liability,921.28,270.36
CLM002459,CN-00002459,POL002559,CUST002380,COV002459,2025-08-17,2025-08-31,subrogation,other,282.13,77.31
CLM002460,CN-00002460,POL002560,CUST004066,COV002460,2024-11-06,2024-11-20,closed,theft,259.46,6.84
CLM002461,CN-00002461,POL002561,CUST000374,COV002461,2024-09-02,2024-09-16,subrogation,collision,203.67,58.08
CLM002462,CN-00002462,POL002562,CUST004597,COV002462,2025-11-30,2025-12-03,subrogation,collision,674.7,56.67
CLM002463,CN-00002463,POL002563,CUST004181,COV002463,2024-09-27,2024-10-04,open,fire,486.96,26.66
CLM002464,CN-00002464,POL002564,CUST000793,COV002464,2024-07-12,2024-07-25,open,other,365.73,18.94
CLM002465,CN-00002465,POL002565,CUST002746,COV002465,2025-04-24,2025-05-04,reopened,water_damage,402.65,48.09
CLM002466,CN-00002466,POL002566,CUST002956,COV002466,2026-08-12,2026-08-18,closed,other,959.98,142.48
CLM002467,CN-00002467,POL002567,CUST000932,COV002467,2024-10-08,2024-10-13,open,other,805.6,83.21
CLM002468,CN-00002468,POL002568,CUST002372,COV002468,2025-02-21,2025-02-22,closed,liability,904.8,64.52
CLM002469,CN-00002469,POL002569,CUST001440,COV002469,2026-07-04,2026-07-14,denied,other,451.43,121.75
CLM002470,CN-00002470,POL002570,CUST003116,COV002470,2024-08-22,2024-08-23,open,theft,75.65,0.17
CLM002471,CN-00002471,POL002571,CUST004476,COV002471,2024-10-04,2024-10-09,denied,other,855.14,47.99
CLM002472,CN-00002472,POL002572,CUST000985,COV002472,2026-04-09,2026-04-19,reopened,water_damage,657.35,93.74
CLM002473,CN-00002473,POL002573,CUST004324,COV002473,2026-07-07,2026-07-21,subrogation,other,204.03,14.1
CLM002474,CN-00002474,POL002574,CUST003905,COV002474,2024-06-11,2024-06-15,closed,collision,741.91,156.6
CLM002475,CN-00002475,POL002575,CUST002798,COV002475,2026-08-31,2026-09-10,reopened,collision,681.54,147.26
CLM002476,CN-00002476,POL002576,CUST004152,COV002476,2024-04-09,2024-04-17,closed,theft,341.31,58.31
CLM002477,CN-00002477,POL002577,CUST004146,COV002477,2025-10-08,2025-10-08,closed,other,689.56,145.81
CLM002478,CN-00002478,POL002578,CUST001033,COV002478,2025-09-14,2025-09-26,denied,water_damage,697.72,197.26
CLM002479,CN-00002479,POL002579,CUST001941,COV002479,2024-03-27,2024-04-08,subrogation,collision,970.3,290.64
CLM002480,CN-00002480,POL002580,CUST000714,COV002480,2024-07-31,2024-08-14,closed,liability,336.93,43.03
CLM002481,CN-00002481,POL002581,CUST000961,COV002481,2026-02-17,2026-02-23,closed,fire,111.93,14.71
CLM002482,CN-00002482,POL002582,CUST002864,COV002482,2025-09-19,2025-10-02,subrogation,theft,130.17,13.88
CLM002483,CN-00002483,POL002583,CUST000784,COV002483,2025-03-17,2025-03-28,closed,fire,195.46,4.13
CLM002484,CN-00002484,POL002584,CUST002873,COV002484,2024-09-25,2024-09-29,subrogation,theft,771.38,3.95
CLM002485,CN-00002485,POL002585,CUST004242,COV002485,2024-11-21,2024-11-22,closed,collision,666.19,19.7
CLM002486,CN-00002486,POL002586,CUST004026,COV002486,2025-07-24,2025-07-28,closed,theft,7813.26,705.17
CLM002487,CN-00002487,POL002587,CUST003067,COV002487,2024-04-02,2024-04-10,subrogation,theft,908.67,167.04
CLM002488,CN-00002488,POL002588,CUST000833,COV002488,2024-05-19,2024-05-26,denied,theft,308.78,78.19
CLM002489,CN-00002489,POL002589,CUST001552,COV002489,2024-01-24,2024-02-04,open,weather,250.31,38.73
CLM002490,CN-00002490,POL002590,CUST003826,COV002490,2025-11-13,2025-11-17,subrogation,collision,773.71,229.93
CLM002491,CN-00002491,POL002591,CUST004240,COV002491,2026-02-05,2026-02-19,closed,liability,586.49,7.21
CLM002492,CN-00002492,POL002592,CUST000562,COV002492,2025-11-03,2025-11-04,open,weather,164.31,27.66
CLM002493,CN-00002493,POL002593,CUST001601,COV002493,2024-09-18,2024-09-30,closed,fire,89.78,10.42
CLM002494,CN-00002494,POL002594,CUST002554,COV002494,2024-04-06,2024-04-18,subrogation,collision,387.71,42.58
CLM002495,CN-00002495,POL002595,CUST000057,COV002495,2026-07-18,2026-07-20,closed,fire,838.87,31.76
CLM002496,CN-00002496,POL002596,CUST000390,COV002496,2025-07-31,2025-08-09,denied,collision,908.52,160.86
CLM002497,CN-00002497,POL002597,CUST001453,COV002497,2025-08-14,2025-08-26,open,theft,957.42,189.83
CLM002498,CN-00002498,POL002598,CUST003744,COV002498,2025-02-21,2025-02-24,open,water_damage,157.03,30.72
CLM002499,CN-00002499,POL002599,CUST002655,COV002499,2026-08-18,2026-08-27,open,liability,883.77,247.15
CLM002500,CN-00002500,POL002600,CUST002720,COV002500,2026-03-13,2026-03-25,closed,other,145.78,14.76
CLM002501,CN-00002501,POL002601,CUST001154,COV002501,2024-04-29,2024-05-08,open,collision,761.12,190.17
CLM002502,CN-00002502,POL002602,CUST000430,COV002502,2024-04-02,2024-04-08,open,weather,440.13,129.62
CLM002503,CN-00002503,POL002603,CUST002501,COV002503,2025-08-04,2025-08-11,closed,other,706.91,16.18
CLM002504,CN-00002504,POL002604,CUST004813,COV002504,2024-03-22,2024-03-24,closed,water_damage,843.01,105.05
CLM002505,CN-00002505,POL002605,CUST000209,COV002505,2024-04-22,2024-05-02,closed,theft,313.79,50.83
CLM002506,CN-00002506,POL002606,CUST000091,COV002506,2025-12-04,2025-12-04,denied,collision,771.03,151.21
CLM002507,CN-00002507,POL002607,CUST003169,COV002507,2024-10-16,2024-10-27,denied,collision,347.09,60.8
CLM002508,CN-00002508,POL002608,CUST003558,COV002508,2026-02-18,2026-02-22,closed,liability,505.35,35.88
CLM002509,CN-00002509,POL002609,CUST002364,COV002509,2025-07-25,2025-07-30,open,other,340.84,29.07
CLM002510,CN-00002510,POL002610,CUST004712,COV002510,2026-07-21,2026-08-03,closed,collision,767.71,128.96
CLM002511,CN-00002511,POL002611,CUST003789,COV002511,2026-06-27,2026-07-05,closed,theft,606.27,177.0
CLM002512,CN-00002512,POL002612,CUST002463,COV002512,2024-03-11,2024-03-21,closed,liability,911.86,103.85
CLM002513,CN-00002513,POL002613,CUST003954,COV002513,2026-07-27,2026-08-08,reopened,liability,721.55,91.47
CLM002514,CN-00002514,POL002614,CUST003756,COV002514,2026-08-24,2026-08-27,denied,liability,433.17,89.91
CLM002515,CN-00002515,POL002615,CUST004204,COV002515,2024-06-19,2024-06-27,subrogation,weather,934.5,92.25
CLM002516,CN-00002516,POL002616,CUST003508,COV002516,2025-04-26,2025-05-03,reopened,collision,909.27,243.06
CLM002517,CN-00002517,POL002617,CUST000658,COV002517,2026-04-27,2026-05-06,closed,other,94.27,0.95
CLM002518,CN-00002518,POL002618,CUST004226,COV002518,2026-07-30,2026-07-30,subrogation,water_damage,196.43,47.2
CLM002519,CN-00002519,POL002619,CUST002469,COV002519,2026-01-01,2026-01-06,denied,collision,98.69,5.82
CLM002520,CN-00002520,POL002620,CUST002717,COV002520,2026-01-11,2026-01-11,closed,weather,966.54,203.3
CLM002521,CN-00002521,POL002621,CUST001893,COV002521,2024-12-22,2024-12-29,denied,water_damage,168.12,34.29
CLM002522,CN-00002522,POL002622,CUST002966,COV002522,2024-08-20,2024-08-21,open,theft,113.36,12.46
CLM002523,CN-00002523,POL002623,CUST002039,COV002523,2025-12-23,2026-01-06,reopened,other,347.41,20.41
CLM002524,CN-00002524,POL002624,CUST004016,COV002524,2024-06-01,2024-06-01,reopened,weather,5381.02,1384.89
CLM002525,CN-00002525,POL002625,CUST000175,COV002525,2026-03-04,2026-03-17,reopened,water_damage,872.02,11.46
CLM002526,CN-00002526,POL002626,CUST002096,COV002526,2024-12-11,2024-12-21,subrogation,water_damage,274.98,79.99
CLM002527,CN-00002527,POL002627,CUST000864,COV002527,2026-03-01,2026-03-14,open,other,362.43,44.58
CLM002528,CN-00002528,POL002628,CUST001748,COV002528,2025-08-15,2025-08-24,closed,fire,972.59,258.36
CLM002529,CN-00002529,POL002629,CUST001718,COV002529,2025-12-19,2025-12-23,closed,water_damage,609.79,177.04
CLM002530,CN-00002530,POL002630,CUST003421,COV002530,2025-05-11,2025-05-14,reopened,other,519.13,39.25
CLM002531,CN-00002531,POL002631,CUST002125,COV002531,2026-05-08,2026-05-09,closed,collision,271.84,7.27
CLM002532,CN-00002532,POL002632,CUST001091,COV002532,2025-11-13,2025-11-23,closed,liability,931.88,122.54
CLM002533,CN-00002533,POL002633,CUST003890,COV002533,2025-04-16,2025-04-27,closed,weather,704.07,168.59
CLM002534,CN-00002534,POL002634,CUST003218,COV002534,2025-11-04,2025-11-05,reopened,water_damage,372.27,108.01
CLM002535,CN-00002535,POL002635,CUST000643,COV002535,2026-08-07,2026-08-13,denied,liability,413.97,15.73
CLM002536,CN-00002536,POL002636,CUST003463,COV002536,2025-01-15,2025-01-16,subrogation,other,344.16,87.93
CLM002537,CN-00002537,POL002637,CUST003222,COV002537,2026-07-07,2026-07-21,closed,water_damage,295.65,44.38
CLM002538,CN-00002538,POL002638,CUST000333,COV002538,2026-06-14,2026-06-19,open,liability,169.72,31.1
CLM002539,CN-00002539,POL002639,CUST002796,COV002539,2024-08-14,2024-08-24,denied,other,12160.68,2024.1
CLM002540,CN-00002540,POL002640,CUST004491,COV002540,2026-04-19,2026-04-23,closed,collision,571.0,32.0
CLM002541,CN-00002541,POL002641,CUST004581,COV002541,2024-03-02,2024-03-16,denied,water_damage,524.06,12.29
CLM002542,CN-00002542,POL002642,CUST000055,COV002542,2025-11-17,2025-11-18,closed,other,324.81,61.2
CLM002543,CN-00002543,POL002643,CUST004779,COV002543,2025-07-11,2025-07-25,closed,other,564.12,55.1
CLM002544,CN-00002544,POL002644,CUST004973,COV002544,2024-04-05,2024-04-17,reopened,fire,184.35,4.61
CLM002545,CN-00002545,POL002645,CUST004662,COV002545,2024-12-07,2024-12-19,closed,other,345.02,80.41
CLM002546,CN-00002546,POL002646,CUST000887,COV002546,2026-05-27,2026-05-29,denied,weather,239.48,12.34
CLM002547,CN-00002547,POL002647,CUST003770,COV002547,2025-08-08,2025-08-21,denied,water_damage,376.37,36.74
CLM002548,CN-00002548,POL002648,CUST000072,COV002548,2025-11-27,2025-12-05,reopened,weather,288.24,85.7
CLM002549,CN-00002549,POL002649,CUST002678,COV002549,2026-05-17,2026-05-25,closed,liability,299.89,76.99
CLM002550,CN-00002550,POL002650,CUST001675,COV002550,2026-05-23,2026-06-03,closed,liability,312.18,39.9
CLM002551,CN-00002551,POL002651,CUST004859,COV002551,2024-01-01,2024-01-12,reopened,water_damage,832.89,194.0
CLM002552,CN-00002552,POL002652,CUST004367,COV002552,2026-09-10,2026-09-16,open,water_damage,284.72,71.12
CLM002553,CN-00002553,POL002653,CUST000550,COV002553,2026-02-16,2026-02-19,closed,fire,258.03,74.08
CLM002554,CN-00002554,POL002654,CUST002074,COV002554,2026-04-26,2026-05-05,denied,theft,148.57,20.05
CLM002555,CN-00002555,POL002655,CUST002378,COV002555,2026-01-17,2026-01-27,denied,weather,955.63,59.55
CLM002556,CN-00002556,POL002656,CUST000544,COV002556,2024-07-03,2024-07-03,denied,water_damage,421.24,3.25
CLM002557,CN-00002557,POL002657,CUST004697,COV002557,2025-01-25,2025-01-26,subrogation,liability,115.57,25.0
CLM002558,CN-00002558,POL002658,CUST002709,COV002558,2026-07-25,2026-08-05,denied,water_damage,188.16,20.75
CLM002559,CN-00002559,POL002659,CUST004272,COV002559,2025-04-23,2025-05-03,closed,fire,706.74,191.65
CLM002560,CN-00002560,POL002660,CUST004648,COV002560,2025-09-16,2025-09-18,subrogation,liability,353.99,31.29
CLM002561,CN-00002561,POL002661,CUST004491,COV002561,2026-08-05,2026-08-05,closed,weather,334.79,56.44
CLM002562,CN-00002562,POL002662,CUST004196,COV002562,2025-05-12,2025-05-14,denied,liability,645.62,5.96
CLM002563,CN-00002563,POL002663,CUST004791,COV002563,2025-08-22,2025-09-05,subrogation,theft,153.76,25.85
CLM002564,CN-00002564,POL002664,CUST002391,COV002564,2024-07-26,2024-08-02,reopened,fire,383.54,87.26
CLM002565,CN-00002565,POL002665,CUST001984,COV002565,2026-08-28,2026-09-10,closed,fire,125.68,15.77
CLM002566,CN-00002566,POL002666,CUST003290,COV002566,2024-04-04,2024-04-15,closed,weather,861.28,45.88
CLM002567,CN-00002567,POL002667,CUST003375,COV002567,2025-10-03,2025-10-06,closed,fire,712.09,115.77
CLM002568,CN-00002568,POL002668,CUST004710,COV002568,2026-04-20,2026-04-26,closed,fire,554.49,155.04
CLM002569,CN-00002569,POL002669,CUST002370,COV002569,2025-02-25,2025-03-05,subrogation,theft,790.39,141.65
CLM002570,CN-00002570,POL002670,CUST002265,COV002570,2025-08-22,2025-08-26,open,liability,171.31,50.34
CLM002571,CN-00002571,POL002671,CUST002765,COV002571,2024-10-05,2024-10-07,subrogation,theft,342.24,59.83
CLM002572,CN-00002572,POL002672,CUST001450,COV002572,2026-06-08,2026-06-15,closed,other,622.48,49.54
CLM002573,CN-00002573,POL002673,CUST001249,COV002573,2024-02-06,2024-02-20,reopened,liability,259.39,75.39
CLM002574,CN-00002574,POL002674,CUST004399,COV002574,2026-01-18,2026-01-24,closed,water_damage,603.63,132.6
CLM002575,CN-00002575,POL002675,CUST003835,COV002575,2024-12-17,2024-12-29,reopened,theft,74.99,7.18
CLM002576,CN-00002576,POL002676,CUST000832,COV002576,2024-03-22,2024-03-25,subrogation,liability,978.4,74.45
CLM002577,CN-00002577,POL002677,CUST001747,COV002577,2026-07-17,2026-07-22,closed,water_damage,6091.73,489.75
CLM002578,CN-00002578,POL002678,CUST001960,COV002578,2026-09-10,2026-09-22,closed,collision,856.82,156.63
CLM002579,CN-00002579,POL002679,CUST001931,COV002579,2024-08-17,2024-08-28,open,liability,302.66,65.53
CLM002580,CN-00002580,POL002680,CUST003013,COV002580,2026-07-07,2026-07-12,reopened,theft,758.17,153.38
CLM002581,CN-00002581,POL002681,CUST002649,COV002581,2024-06-01,2024-06-06,subrogation,weather,746.54,22.72
CLM002582,CN-00002582,POL002682,CUST001527,COV002582,2024-12-22,2025-01-02,closed,other,971.98,163.32
CLM002583,CN-00002583,POL002683,CUST002060,COV002583,2025-04-27,2025-05-02,closed,water_damage,854.56,83.47
CLM002584,CN-00002584,POL002684,CUST000823,COV002584,2024-05-13,2024-05-27,reopened,weather,698.72,97.48
CLM002585,CN-00002585,POL002685,CUST004419,COV002585,2024-11-15,2024-11-15,reopened,weather,623.95,26.0
CLM002586,CN-00002586,POL002686,CUST001618,COV002586,2024-01-26,2024-02-01,closed,collision,970.0,241.52
CLM002587,CN-00002587,POL002687,CUST000241,COV002587,2025-01-08,2025-01-13,closed,fire,135.57,18.23
CLM002588,CN-00002588,POL002688,CUST002915,COV002588,2025-08-15,2025-08-19,closed,fire,551.7,60.02
CLM002589,CN-00002589,POL002689,CUST000721,COV002589,2024-10-20,2024-11-03,closed,theft,109.17,19.05
CLM002590,CN-00002590,POL002690,CUST002470,COV002590,2024-01-16,2024-01-29,closed,collision,521.26,145.63
CLM002591,CN-00002591,POL002691,CUST002664,COV002591,2025-07-01,2025-07-15,closed,liability,606.56,78.38
CLM002592,CN-00002592,POL002692,CUST004880,COV002592,2025-02-17,2025-02-17,denied,collision,185.77,10.4
CLM002593,CN-00002593,POL002693,CUST003329,COV002593,2025-06-05,2025-06-18,closed,other,797.18,12.75
CLM002594,CN-00002594,POL002694,CUST001813,COV002594,2025-06-21,2025-07-03,reopened,fire,245.72,17.24
CLM002595,CN-00002595,POL002695,CUST003175,COV002595,2025-09-13,2025-09-25,subrogation,theft,705.28,104.13
CLM002596,CN-00002596,POL002696,CUST000626,COV002596,2024-07-15,2024-07-26,reopened,weather,628.14,74.73
CLM002597,CN-00002597,POL002697,CUST004121,COV002597,2024-05-25,2024-06-01,closed,liability,3188.62,202.83
CLM002598,CN-00002598,POL002698,CUST001613,COV002598,2025-11-21,2025-11-27,closed,theft,650.13,59.63
CLM002599,CN-00002599,POL002699,CUST004679,COV002599,2025-10-25,2025-10-30,denied,collision,278.66,32.41
CLM002600,CN-00002600,POL002700,CUST004958,COV002600,2024-05-08,2024-05-10,open,fire,852.48,29.16
CLM002601,CN-00002601,POL002701,CUST001370,COV002601,2026-01-24,2026-01-24,open,other,7203.62,1389.56
CLM002602,CN-00002602,POL002702,CUST002143,COV002602,2025-02-26,2025-03-09,closed,liability,211.88,48.53
CLM002603,CN-00002603,POL002703,CUST003941,COV002603,2024-06-22,2024-07-04,open,weather,594.62,105.34
CLM002604,CN-00002604,POL002704,CUST001524,COV002604,2025-06-18,2025-06-24,subrogation,fire,751.55,65.68
CLM002605,CN-00002605,POL002705,CUST000730,COV002605,2026-02-25,2026-03-05,open,weather,185.86,53.15
CLM002606,CN-00002606,POL002706,CUST004596,COV002606,2026-02-18,2026-03-03,denied,liability,133.39,20.16
CLM002607,CN-00002607,POL002707,CUST000010,COV002607,2024-07-03,2024-07-08,open,weather,146.53,1.43
CLM002608,CN-00002608,POL002708,CUST004643,COV002608,2024-07-12,2024-07-22,reopened,fire,120.57,16.39
CLM002609,CN-00002609,POL002709,CUST004425,COV002609,2026-09-06,2026-09-10,closed,weather,506.41,72.54
CLM002610,CN-00002610,POL002710,CUST001010,COV002610,2026-02-03,2026-02-14,closed,water_damage,991.42,160.54
CLM002611,CN-00002611,POL002711,CUST002673,COV002611,2024-04-08,2024-04-08,subrogation,weather,774.33,118.73
CLM002612,CN-00002612,POL002712,CUST001507,COV002612,2026-07-16,2026-07-20,reopened,liability,547.45,134.72
CLM002613,CN-00002613,POL002713,CUST000587,COV002613,2024-10-10,2024-10-13,subrogation,theft,740.8,127.68
CLM002614,CN-00002614,POL002714,CUST003020,COV002614,2025-02-17,2025-03-01,closed,water_damage,625.44,142.8
CLM002615,CN-00002615,POL002715,CUST003702,COV002615,2026-07-05,2026-07-19,open,water_damage,355.31,70.6
CLM002616,CN-00002616,POL002716,CUST000355,COV002616,2025-05-21,2025-05-27,closed,theft,439.05,42.54
CLM002617,CN-00002617,POL002717,CUST003954,COV002617,2025-11-17,2025-11-30,subrogation,collision,90.72,14.66
CLM002618,CN-00002618,POL002718,CUST001742,COV002618,2026-06-28,2026-06-28,subrogation,liability,711.89,71.64
CLM002619,CN-00002619,POL002719,CUST002971,COV002619,2026-09-04,2026-09-17,closed,weather,555.92,127.0
CLM002620,CN-00002620,POL002720,CUST001142,COV002620,2024-03-18,2024-03-21,closed,other,515.8,75.38
CLM002621,CN-00002621,POL002721,CUST001206,COV002621,2026-02-26,2026-03-01,reopened,other,616.69,104.94
CLM002622,CN-00002622,POL002722,CUST001838,COV002622,2026-01-24,2026-01-29,closed,liability,640.49,50.49
CLM002623,CN-00002623,POL002723,CUST000983,COV002623,2024-07-15,2024-07-26,closed,fire,883.02,14.64
CLM002624,CN-00002624,POL002724,CUST003847,COV002624,2024-02-29,2024-03-05,denied,weather,866.82,151.13
CLM002625,CN-00002625,POL002725,CUST003597,COV002625,2026-07-24,2026-08-05,closed,theft,66.11,18.54
CLM002626,CN-00002626,POL002726,CUST002015,COV002626,2024-03-19,2024-03-31,open,collision,210.3,1.13
CLM002627,CN-00002627,POL002727,CUST004860,COV002627,2026-02-19,2026-02-24,open,theft,460.54,7.95
CLM002628,CN-00002628,POL002728,CUST002132,COV002628,2025-05-15,2025-05-19,closed,liability,11826.72,2905.72
CLM002629,CN-00002629,POL002729,CUST003301,COV002629,2024-08-08,2024-08-12,reopened,theft,602.35,2.15
CLM002630,CN-00002630,POL002730,CUST004564,COV002630,2026-05-03,2026-05-03,closed,other,116.03,23.89
CLM002631,CN-00002631,POL002731,CUST003597,COV002631,2026-01-16,2026-01-24,open,water_damage,149.73,11.77
CLM002632,CN-00002632,POL002732,CUST001708,COV002632,2025-11-22,2025-11-28,reopened,water_damage,199.11,5.97
CLM002633,CN-00002633,POL002733,CUST001790,COV002633,2026-07-11,2026-07-21,closed,weather,753.51,0.75
CLM002634,CN-00002634,POL002734,CUST000619,COV002634,2024-12-22,2024-12-23,closed,weather,660.42,187.33
CLM002635,CN-00002635,POL002735,CUST000174,COV002635,2024-03-01,2024-03-09,reopened,weather,760.63,8.74
CLM002636,CN-00002636,POL002736,CUST002784,COV002636,2026-04-28,2026-05-02,open,liability,431.68,115.6
CLM002637,CN-00002637,POL002737,CUST004839,COV002637,2024-11-14,2024-11-21,subrogation,weather,226.66,19.58
CLM002638,CN-00002638,POL002738,CUST004261,COV002638,2024-10-18,2024-10-18,closed,fire,262.21,0.86
CLM002639,CN-00002639,POL002739,CUST003354,COV002639,2026-04-16,2026-04-23,denied,weather,165.44,26.51
CLM002640,CN-00002640,POL002740,CUST002237,COV002640,2025-08-12,2025-08-25,subrogation,collision,434.06,24.03
CLM002641,CN-00002641,POL002741,CUST000940,COV002641,2026-07-02,2026-07-14,open,fire,768.83,219.36
CLM002642,CN-00002642,POL002742,CUST000851,COV002642,2025-12-16,2025-12-24,subrogation,water_damage,111.59,11.5
CLM002643,CN-00002643,POL002743,CUST002411,COV002643,2024-08-19,2024-09-01,closed,fire,513.88,112.89
CLM002644,CN-00002644,POL002744,CUST002742,COV002644,2024-04-03,2024-04-14,reopened,collision,4099.94,607.15
CLM002645,CN-00002645,POL002745,CUST004376,COV002645,2024-09-07,2024-09-16,denied,collision,403.1,58.6
CLM002646,CN-00002646,POL002746,CUST004040,COV002646,2024-03-19,2024-03-31,closed,water_damage,916.27,228.22
CLM002647,CN-00002647,POL002747,CUST003364,COV002647,2025-03-13,2025-03-14,reopened,collision,272.84,57.25
CLM002648,CN-00002648,POL002748,CUST001398,COV002648,2025-08-21,2025-08-26,open,other,478.07,21.5
CLM002649,CN-00002649,POL002749,CUST001457,COV002649,2026-04-18,2026-04-21,denied,weather,607.9,87.74
CLM002650,CN-00002650,POL002750,CUST002793,COV002650,2026-03-03,2026-03-16,open,fire,530.15,99.68
CLM002651,CN-00002651,POL002751,CUST000990,COV002651,2026-03-02,2026-03-02,subrogation,theft,249.7,47.12
CLM002652,CN-00002652,POL002752,CUST003037,COV002652,2024-12-29,2024-12-31,closed,water_damage,396.02,17.57
CLM002653,CN-00002653,POL002753,CUST004180,COV002653,2024-12-27,2024-12-28,open,water_damage,316.44,0.99
CLM002654,CN-00002654,POL002754,CUST001152,COV002654,2024-08-06,2024-08-18,closed,weather,990.1,275.89
CLM002655,CN-00002655,POL002755,CUST003134,COV002655,2025-11-16,2025-11-21,subrogation,theft,138.11,18.95
CLM002656,CN-00002656,POL002756,CUST001476,COV002656,2025-02-23,2025-02-28,closed,collision,685.86,148.87
CLM002657,CN-00002657,POL002757,CUST004200,COV002657,2026-06-15,2026-06-20,closed,weather,558.02,57.68
CLM002658,CN-00002658,POL002758,CUST001629,COV002658,2025-03-02,2025-03-04,reopened,water_damage,686.39,191.54
CLM002659,CN-00002659,POL002759,CUST002852,COV002659,2024-11-01,2024-11-08,closed,collision,794.66,230.35
CLM002660,CN-00002660,POL002760,CUST000014,COV002660,2025-06-12,2025-06-25,open,water_damage,187.25,21.31
CLM002661,CN-00002661,POL002761,CUST000774,COV002661,2025-04-18,2025-04-28,reopened,weather,339.19,40.28
CLM002662,CN-00002662,POL002762,CUST000757,COV002662,2026-07-30,2026-08-07,denied,collision,535.33,140.5
CLM002663,CN-00002663,POL002763,CUST002422,COV002663,2025-11-19,2025-11-27,denied,collision,603.79,135.95
CLM002664,CN-00002664,POL002764,CUST002685,COV002664,2024-10-03,2024-10-03,reopened,theft,923.56,217.87
CLM002665,CN-00002665,POL002765,CUST000750,COV002665,2024-07-02,2024-07-15,reopened,water_damage,127.98,29.83
CLM002666,CN-00002666,POL002766,CUST002947,COV002666,2025-09-01,2025-09-09,open,collision,577.85,150.03
CLM002667,CN-00002667,POL002767,CUST000710,COV002667,2025-06-29,2025-07-13,denied,liability,384.69,17.75
CLM002668,CN-00002668,POL002768,CUST003197,COV002668,2024-05-29,2024-05-30,open,theft,605.83,117.48
CLM002669,CN-00002669,POL002769,CUST003293,COV002669,2025-07-23,2025-08-02,reopened,fire,893.77,200.17
CLM002670,CN-00002670,POL002770,CUST004412,COV002670,2024-01-15,2024-01-22,subrogation,fire,657.42,193.78
CLM002671,CN-00002671,POL002771,CUST004350,COV002671,2025-10-05,2025-10-05,closed,liability,968.53,24.77
CLM002672,CN-00002672,POL002772,CUST004380,COV002672,2026-06-04,2026-06-16,closed,weather,409.34,111.84
CLM002673,CN-00002673,POL002773,CUST002085,COV002673,2026-08-06,2026-08-06,closed,fire,959.86,258.0
CLM002674,CN-00002674,POL002774,CUST002533,COV002674,2025-12-11,2025-12-18,closed,weather,795.4,59.65
CLM002675,CN-00002675,POL002775,CUST003359,COV002675,2025-11-20,2025-12-02,denied,other,177.05,24.57
CLM002676,CN-00002676,POL002776,CUST004776,COV002676,2025-10-26,2025-11-07,open,liability,488.87,91.57
CLM002677,CN-00002677,POL002777,CUST002413,COV002677,2025-12-17,2025-12-17,open,other,400.44,68.61
CLM002678,CN-00002678,POL002778,CUST000560,COV002678,2025-12-04,2025-12-09,subrogation,other,536.19,135.61
CLM002679,CN-00002679,POL002779,CUST003198,COV002679,2025-12-07,2025-12-08,closed,water_damage,853.27,163.86
CLM002680,CN-00002680,POL002780,CUST004470,COV002680,2024-10-05,2024-10-11,closed,liability,678.56,163.33
CLM002681,CN-00002681,POL002781,CUST002050,COV002681,2026-01-13,2026-01-13,denied,theft,925.73,0.99
CLM002682,CN-00002682,POL002782,CUST003000,COV002682,2025-01-23,2025-01-26,closed,liability,478.86,121.64
CLM002683,CN-00002683,POL002783,CUST002603,COV002683,2024-02-10,2024-02-17,open,liability,881.58,114.54
CLM002684,CN-00002684,POL002784,CUST003510,COV002684,2026-07-23,2026-07-30,closed,weather,132.26,25.25
CLM002685,CN-00002685,POL002785,CUST000919,COV002685,2024-02-02,2024-02-16,open,liability,632.62,157.14
CLM002686,CN-00002686,POL002786,CUST004279,COV002686,2024-11-07,2024-11-10,reopened,other,12438.99,572.47
CLM002687,CN-00002687,POL002787,CUST001571,COV002687,2026-02-01,2026-02-04,closed,weather,253.38,70.91
CLM002688,CN-00002688,POL002788,CUST003353,COV002688,2024-02-29,2024-03-06,closed,water_damage,986.54,198.68
CLM002689,CN-00002689,POL002789,CUST002863,COV002689,2026-06-29,2026-07-03,reopened,other,104.35,26.23
CLM002690,CN-00002690,POL002790,CUST004387,COV002690,2026-02-20,2026-02-24,open,water_damage,952.73,38.72
CLM002691,CN-00002691,POL002791,CUST004232,COV002691,2025-06-03,2025-06-16,open,fire,395.43,64.48
CLM002692,CN-00002692,POL002792,CUST001189,COV002692,2025-07-19,2025-07-27,closed,collision,553.41,162.0
CLM002693,CN-00002693,POL002793,CUST001777,COV002693,2024-11-29,2024-12-13,closed,other,974.1,30.27
CLM002694,CN-00002694,POL002794,CUST004776,COV002694,2026-01-08,2026-01-14,subrogation,water_damage,542.44,155.57
CLM002695,CN-00002695,POL002795,CUST000389,COV002695,2025-04-17,2025-04-30,denied,other,539.67,67.31
CLM002696,CN-00002696,POL002796,CUST004647,COV002696,2025-11-19,2025-11-29,closed,water_damage,131.13,23.41
CLM002697,CN-00002697,POL002797,CUST003545,COV002697,2025-04-29,2025-04-30,reopened,weather,10460.08,2926.1
CLM002698,CN-00002698,POL002798,CUST004002,COV002698,2024-12-07,2024-12-14,open,fire,274.54,50.45
CLM002699,CN-00002699,POL002799,CUST001172,COV002699,2025-02-04,2025-02-15,denied,fire,289.81,69.28
CLM002700,CN-00002700,POL002800,CUST003236,COV002700,2026-08-22,2026-08-28,subrogation,water_damage,776.65,85.38
CLM002701,CN-00002701,POL002801,CUST001581,COV002701,2026-03-28,2026-04-03,reopened,theft,521.28,22.6
CLM002702,CN-00002702,POL002802,CUST001538,COV002702,2025-09-21,2025-09-24,reopened,weather,489.26,135.85
CLM002703,CN-00002703,POL002803,CUST001589,COV002703,2025-11-30,2025-12-07,subrogation,theft,729.27,166.36
CLM002704,CN-00002704,POL002804,CUST003750,COV002704,2025-07-17,2025-07-21,closed,liability,183.62,45.48
CLM002705,CN-00002705,POL002805,CUST001474,COV002705,2024-08-28,2024-08-31,closed,collision,940.62,223.5
CLM002706,CN-00002706,POL002806,CUST003786,COV002706,2025-09-02,2025-09-11,closed,liability,491.64,105.6
CLM002707,CN-00002707,POL002807,CUST001133,COV002707,2024-03-20,2024-03-28,closed,liability,850.39,99.48
CLM002708,CN-00002708,POL002808,CUST000313,COV002708,2025-08-30,2025-09-03,open,water_damage,786.85,143.44
CLM002709,CN-00002709,POL002809,CUST003523,COV002709,2024-05-11,2024-05-18,closed,weather,986.21,196.93
CLM002710,CN-00002710,POL002810,CUST004397,COV002710,2025-04-02,2025-04-03,closed,theft,385.11,89.85
CLM002711,CN-00002711,POL002811,CUST000831,COV002711,2024-01-03,2024-01-12,closed,liability,67.43,11.89
CLM002712,CN-00002712,POL002812,CUST000510,COV002712,2026-04-10,2026-04-24,denied,fire,735.7,86.01
CLM002713,CN-00002713,POL002813,CUST001973,COV002713,2026-05-22,2026-06-01,denied,collision,427.28,5.07
CLM002714,CN-00002714,POL002814,CUST001430,COV002714,2025-06-11,2025-06-13,denied,liability,792.53,132.09
CLM002715,CN-00002715,POL002815,CUST003199,COV002715,2026-07-05,2026-07-10,closed,liability,443.9,127.16
CLM002716,CN-00002716,POL002816,CUST003605,COV002716,2024-01-13,2024-01-22,open,fire,479.87,62.21
CLM002717,CN-00002717,POL002817,CUST001862,COV002717,2026-04-13,2026-04-17,closed,other,595.19,89.84
CLM002718,CN-00002718,POL002818,CUST002610,COV002718,2025-01-06,2025-01-18,closed,fire,297.21,47.31
CLM002719,CN-00002719,POL002819,CUST002040,COV002719,2025-06-29,2025-06-29,denied,theft,594.37,38.45
CLM002720,CN-00002720,POL002820,CUST004865,COV002720,2025-07-27,2025-07-27,open,liability,89.69,11.61
CLM002721,CN-00002721,POL002821,CUST003773,COV002721,2025-06-26,2025-07-05,open,fire,784.88,194.67
CLM002722,CN-00002722,POL002822,CUST000025,COV002722,2024-01-01,2024-01-04,closed,theft,564.95,32.38
CLM002723,CN-00002723,POL002823,CUST002285,COV002723,2024-11-16,2024-11-26,subrogation,fire,830.41,190.98
CLM002724,CN-00002724,POL002824,CUST003050,COV002724,2024-03-31,2024-04-01,reopened,water_damage,859.26,217.88
CLM002725,CN-00002725,POL002825,CUST001336,COV002725,2026-07-17,2026-07-20,closed,theft,820.09,51.42
CLM002726,CN-00002726,POL002826,CUST004875,COV002726,2025-06-15,2025-06-18,denied,theft,987.14,178.8
CLM002727,CN-00002727,POL002827,CUST004837,COV002727,2024-12-04,2024-12-11,open,water_damage,356.88,80.15
CLM002728,CN-00002728,POL002828,CUST002104,COV002728,2024-08-19,2024-08-26,subrogation,water_damage,9686.52,1592.7
CLM002729,CN-00002729,POL002829,CUST000339,COV002729,2024-02-07,2024-02-09,subrogation,liability,376.68,36.58
CLM002730,CN-00002730,POL002830,CUST001268,COV002730,2024-03-03,2024-03-17,subrogation,weather,171.73,41.9
CLM002731,CN-00002731,POL002831,CUST004656,COV002731,2026-04-18,2026-05-01,reopened,weather,711.81,70.64
CLM002732,CN-00002732,POL002832,CUST003765,COV002732,2025-12-06,2025-12-14,closed,other,682.02,87.9
CLM002733,CN-00002733,POL002833,CUST000237,COV002733,2026-03-29,2026-04-03,reopened,collision,500.59,143.92
CLM002734,CN-00002734,POL002834,CUST002288,COV002734,2024-04-19,2024-04-25,denied,collision,790.66,91.16
CLM002735,CN-00002735,POL002835,CUST003814,COV002735,2024-03-31,2024-03-31,reopened,other,361.02,27.19
CLM002736,CN-00002736,POL002836,CUST002220,COV002736,2026-04-13,2026-04-25,closed,fire,568.34,119.06
CLM002737,CN-00002737,POL002837,CUST001526,COV002737,2024-05-21,2024-06-04,reopened,other,5943.84,856.08
CLM002738,CN-00002738,POL002838,CUST004601,COV002738,2025-06-28,2025-07-10,closed,other,978.54,239.73
CLM002739,CN-00002739,POL002839,CUST003902,COV002739,2026-06-04,2026-06-07,denied,other,778.63,98.21
CLM002740,CN-00002740,POL002840,CUST003597,COV002740,2024-04-28,2024-05-02,reopened,weather,901.24,121.97
CLM002741,CN-00002741,POL002841,CUST004766,COV002741,2024-04-13,2024-04-21,subrogation,liability,565.53,60.51
CLM002742,CN-00002742,POL002842,CUST004409,COV002742,2024-03-01,2024-03-07,closed,liability,766.0,102.23
CLM002743,CN-00002743,POL002843,CUST000748,COV002743,2025-03-21,2025-03-22,open,water_damage,444.59,85.86
CLM002744,CN-00002744,POL002844,CUST001703,COV002744,2024-12-22,2024-12-29,closed,theft,130.71,28.76
CLM002745,CN-00002745,POL002845,CUST001971,COV002745,2024-10-01,2024-10-02,subrogation,other,567.26,50.73
CLM002746,CN-00002746,POL002846,CUST003975,COV002746,2024-01-20,2024-01-21,closed,weather,628.85,143.19
CLM002747,CN-00002747,POL002847,CUST000634,COV002747,2025-10-18,2025-10-20,closed,theft,406.07,93.04
CLM002748,CN-00002748,POL002848,CUST001467,COV002748,2026-09-06,2026-09-14,closed,weather,926.95,80.79
CLM002749,CN-00002749,POL002849,CUST004419,COV002749,2024-09-10,2024-09-15,subrogation,other,315.6,34.68
CLM002750,CN-00002750,POL002850,CUST001432,COV002750,2026-02-11,2026-02-12,closed,fire,260.1,68.27
CLM002751,CN-00002751,POL002851,CUST002658,COV002751,2025-08-18,2025-08-22,denied,collision,521.15,70.79
CLM002752,CN-00002752,POL002852,CUST003320,COV002752,2025-02-01,2025-02-12,closed,weather,429.72,45.0
CLM002753,CN-00002753,POL002853,CUST002605,COV002753,2026-04-07,2026-04-09,closed,weather,112.4,10.53
CLM002754,CN-00002754,POL002854,CUST000588,COV002754,2024-05-26,2024-06-03,closed,theft,615.61,100.48
CLM002755,CN-00002755,POL002855,CUST003968,COV002755,2024-05-03,2024-05-11,closed,theft,584.82,97.81
CLM002756,CN-00002756,POL002856,CUST003500,COV002756,2026-01-25,2026-02-07,open,water_damage,476.8,65.94
CLM002757,CN-00002757,POL002857,CUST000840,COV002757,2025-02-20,2025-03-03,closed,fire,287.63,4.78
CLM002758,CN-00002758,POL002858,CUST000877,COV002758,2026-04-24,2026-04-25,denied,weather,904.45,123.41
CLM002759,CN-00002759,POL002859,CUST002526,COV002759,2025-10-02,2025-10-12,open,collision,9546.39,907.62
CLM002760,CN-00002760,POL002860,CUST003065,COV002760,2024-06-14,2024-06-19,subrogation,liability,83.9,18.84
CLM002761,CN-00002761,POL002861,CUST004598,COV002761,2024-04-18,2024-04-29,closed,other,51.67,15.0
CLM002762,CN-00002762,POL002862,CUST000047,COV002762,2026-08-10,2026-08-20,closed,liability,82.19,7.19
CLM002763,CN-00002763,POL002863,CUST000677,COV002763,2025-04-19,2025-04-26,subrogation,theft,411.46,68.66
CLM002764,CN-00002764,POL002864,CUST002278,COV002764,2024-01-01,2024-01-05,closed,weather,875.87,79.47
CLM002765,CN-00002765,POL002865,CUST002581,COV002765,2024-10-31,2024-11-02,denied,theft,728.91,14.7
CLM002766,CN-00002766,POL002866,CUST001775,COV002766,2024-01-21,2024-01-25,closed,weather,490.18,1.26
CLM002767,CN-00002767,POL002867,CUST000544,COV002767,2025-02-28,2025-03-05,closed,other,346.36,86.78
CLM002768,CN-00002768,POL002868,CUST002040,COV002768,2026-03-18,2026-03-20,open,other,688.99,159.01
CLM002769,CN-00002769,POL002869,CUST004919,COV002769,2025-04-16,2025-04-17,denied,theft,456.56,133.05
CLM002770,CN-00002770,POL002870,CUST004182,COV002770,2026-01-19,2026-01-20,open,liability,5650.52,972.56
CLM002771,CN-00002771,POL002871,CUST001553,COV002771,2026-05-15,2026-05-17,denied,water_damage,800.51,0.23
CLM002772,CN-00002772,POL002872,CUST004999,COV002772,2025-02-17,2025-02-27,closed,weather,359.65,10.21
CLM002773,CN-00002773,POL002873,CUST003110,COV002773,2026-03-28,2026-04-05,subrogation,other,85.0,5.86
CLM002774,CN-00002774,POL002874,CUST000448,COV002774,2025-03-14,2025-03-16,closed,weather,637.21,87.67
CLM002775,CN-00002775,POL002875,CUST002717,COV002775,2024-01-19,2024-01-24,denied,collision,261.72,53.99
CLM002776,CN-00002776,POL002876,CUST002193,COV002776,2024-11-14,2024-11-23,subrogation,weather,309.76,64.63
CLM002777,CN-00002777,POL002877,CUST004342,COV002777,2025-07-27,2025-08-09,closed,water_damage,137.08,17.72
CLM002778,CN-00002778,POL002878,CUST001416,COV002778,2026-07-31,2026-08-11,closed,collision,868.02,172.85
CLM002779,CN-00002779,POL002879,CUST000755,COV002779,2024-01-03,2024-01-12,denied,liability,328.44,97.95
CLM002780,CN-00002780,POL002880,CUST000607,COV002780,2026-05-20,2026-05-22,closed,theft,663.9,101.51
CLM002781,CN-00002781,POL002881,CUST001723,COV002781,2026-06-20,2026-06-25,closed,collision,712.37,79.15
CLM002782,CN-00002782,POL002882,CUST003177,COV002782,2025-03-09,2025-03-22,reopened,theft,4494.37,720.17
CLM002783,CN-00002783,POL002883,CUST004403,COV002783,2024-01-30,2024-02-10,closed,collision,473.46,116.11
CLM002784,CN-00002784,POL002884,CUST000379,COV002784,2025-01-16,2025-01-16,closed,liability,833.66,160.51
CLM002785,CN-00002785,POL002885,CUST001982,COV002785,2024-10-18,2024-10-23,reopened,weather,221.89,22.23
CLM002786,CN-00002786,POL002886,CUST003492,COV002786,2026-03-27,2026-03-29,closed,weather,12942.0,3795.49
CLM002787,CN-00002787,POL002887,CUST001796,COV002787,2024-11-13,2024-11-23,closed,weather,356.47,52.04
CLM002788,CN-00002788,POL002888,CUST001901,COV002788,2025-12-21,2025-12-27,reopened,liability,426.39,81.56
CLM002789,CN-00002789,POL002889,CUST003561,COV002789,2025-07-21,2025-07-27,denied,fire,396.09,104.06
CLM002790,CN-00002790,POL002890,CUST004408,COV002790,2024-09-24,2024-10-07,open,liability,267.41,12.53
CLM002791,CN-00002791,POL002891,CUST004936,COV002791,2025-10-25,2025-10-27,closed,water_damage,586.05,28.57
CLM002792,CN-00002792,POL002892,CUST000764,COV002792,2026-03-03,2026-03-12,closed,theft,138.37,7.52
CLM002793,CN-00002793,POL002893,CUST004111,COV002793,2026-07-10,2026-07-13,open,water_damage,445.18,22.39
CLM002794,CN-00002794,POL002894,CUST000172,COV002794,2024-12-12,2024-12-16,denied,fire,599.7,28.62
CLM002795,CN-00002795,POL002895,CUST002703,COV002795,2025-05-26,2025-05-28,reopened,fire,256.68,61.08
CLM002796,CN-00002796,POL002896,CUST001528,COV002796,2026-04-07,2026-04-21,closed,liability,408.03,97.95
CLM002797,CN-00002797,POL002897,CUST003842,COV002797,2025-10-10,2025-10-19,denied,theft,590.94,124.78
CLM002798,CN-00002798,POL002898,CUST000903,COV002798,2024-04-14,2024-04-18,closed,liability,253.79,50.8
CLM002799,CN-00002799,POL002899,CUST000340,COV002799,2026-05-27,2026-06-10,closed,weather,642.48,184.25
CLM002800,CN-00002800,POL002900,CUST003517,COV002800,2025-02-28,2025-03-03,reopened,weather,504.18,79.79
CLM002801,CN-00002801,POL002901,CUST003041,COV002801,2024-07-23,2024-08-01,denied,collision,182.48,38.88
CLM002802,CN-00002802,POL002902,CUST002837,COV002802,2025-11-12,2025-11-16,closed,weather,738.84,5.16
CLM002803,CN-00002803,POL002903,CUST001560,COV002803,2026-03-05,2026-03-16,subrogation,collision,334.62,85.32
CLM002804,CN-00002804,POL002904,CUST000582,COV002804,2026-04-19,2026-04-25,subrogation,fire,786.79,137.86
CLM002805,CN-00002805,POL002905,CUST001418,COV002805,2024-09-11,2024-09-17,closed,weather,891.25,191.77
CLM002806,CN-00002806,POL002906,CUST004484,COV002806,2026-03-25,2026-03-31,closed,fire,300.99,65.43
CLM002807,CN-00002807,POL002907,CUST002520,COV002807,2024-11-23,2024-11-23,denied,other,439.52,110.73
CLM002808,CN-00002808,POL002908,CUST000022,COV002808,2025-02-08,2025-02-18,closed,other,187.38,49.99
CLM002809,CN-00002809,POL002909,CUST002189,COV002809,2026-01-15,2026-01-27,closed,water_damage,136.37,37.95
CLM002810,CN-00002810,POL002910,CUST002731,COV002810,2024-07-24,2024-08-06,denied,weather,948.19,250.96
CLM002811,CN-00002811,POL002911,CUST004168,COV002811,2026-02-12,2026-02-14,denied,liability,766.24,105.44
CLM002812,CN-00002812,POL002912,CUST001147,COV002812,2025-07-30,2025-08-09,denied,other,717.02,103.86
CLM002813,CN-00002813,POL002913,CUST000349,COV002813,2024-04-14,2024-04-15,denied,liability,563.24,81.12
CLM002814,CN-00002814,POL002914,CUST000404,COV002814,2026-04-02,2026-04-02,closed,fire,252.39,41.43
CLM002815,CN-00002815,POL002915,CUST003662,COV002815,2025-02-20,2025-02-22,closed,liability,976.35,262.55
CLM002816,CN-00002816,POL002916,CUST003816,COV002816,2026-04-24,2026-04-25,open,weather,972.92,151.63
CLM002817,CN-00002817,POL002917,CUST003991,COV002817,2025-07-15,2025-07-15,closed,weather,754.97,219.04
CLM002818,CN-00002818,POL002918,CUST003301,COV002818,2025-03-08,2025-03-15,subrogation,weather,95.82,1.36
CLM002819,CN-00002819,POL002919,CUST003520,COV002819,2024-11-12,2024-11-15,reopened,theft,724.58,127.17
CLM002820,CN-00002820,POL002920,CUST000163,COV002820,2026-06-30,2026-07-02,open,other,756.12,130.08
CLM002821,CN-00002821,POL002921,CUST002788,COV002821,2026-04-07,2026-04-21,closed,theft,421.31,39.5
CLM002822,CN-00002822,POL002922,CUST000499,COV002822,2026-04-17,2026-04-18,denied,weather,159.54,40.67
CLM002823,CN-00002823,POL002923,CUST003502,COV002823,2025-05-31,2025-06-09,closed,weather,717.72,69.23
CLM002824,CN-00002824,POL002924,CUST003126,COV002824,2025-07-04,2025-07-11,closed,other,780.05,62.05
CLM002825,CN-00002825,POL002925,CUST000984,COV002825,2025-07-17,2025-07-30,closed,collision,136.83,30.83
CLM002826,CN-00002826,POL002926,CUST000111,COV002826,2026-01-05,2026-01-05,reopened,fire,494.68,59.74
CLM002827,CN-00002827,POL002927,CUST003665,COV002827,2024-11-11,2024-11-19,open,theft,88.33,13.55
CLM002828,CN-00002828,POL002928,CUST001969,COV002828,2024-01-25,2024-01-30,closed,weather,919.02,72.19
CLM002829,CN-00002829,POL002929,CUST004442,COV002829,2026-07-09,2026-07-23,reopened,other,4543.24,168.4
CLM002830,CN-00002830,POL002930,CUST001158,COV002830,2025-07-04,2025-07-17,closed,other,831.11,10.61
CLM002831,CN-00002831,POL002931,CUST002261,COV002831,2024-02-13,2024-02-23,closed,fire,772.07,132.3
CLM002832,CN-00002832,POL002932,CUST003454,COV002832,2026-04-03,2026-04-09,denied,weather,595.46,6.36
CLM002833,CN-00002833,POL002933,CUST002880,COV002833,2024-02-29,2024-03-03,closed,collision,807.14,146.55
CLM002834,CN-00002834,POL002934,CUST002197,COV002834,2026-05-21,2026-05-31,denied,water_damage,148.89,11.51
CLM002835,CN-00002835,POL002935,CUST004164,COV002835,2024-04-01,2024-04-07,subrogation,fire,610.98,68.33
CLM002836,CN-00002836,POL002936,CUST004824,COV002836,2024-11-11,2024-11-11,subrogation,collision,956.1,281.69
CLM002837,CN-00002837,POL002937,CUST002622,COV002837,2026-04-27,2026-05-05,closed,theft,236.06,41.59
CLM002838,CN-00002838,POL002938,CUST000155,COV002838,2024-12-05,2024-12-18,closed,theft,6209.92,1610.97
CLM002839,CN-00002839,POL002939,CUST000808,COV002839,2026-03-19,2026-03-24,closed,theft,278.02,62.06
CLM002840,CN-00002840,POL002940,CUST004519,COV002840,2024-04-05,2024-04-17,denied,theft,244.08,54.03
CLM002841,CN-00002841,POL002941,CUST002099,COV002841,2024-06-05,2024-06-05,open,theft,618.66,12.54
CLM002842,CN-00002842,POL002942,CUST004438,COV002842,2024-02-11,2024-02-13,closed,theft,591.84,139.44
CLM002843,CN-00002843,POL002943,CUST004499,COV002843,2024-04-09,2024-04-16,closed,fire,324.16,14.57
CLM002844,CN-00002844,POL002944,CUST002293,COV002844,2026-07-03,2026-07-13,open,other,909.25,111.17
CLM002845,CN-00002845,POL002945,CUST003991,COV002845,2024-12-12,2024-12-25,reopened,collision,977.8,268.64
CLM002846,CN-00002846,POL002946,CUST000363,COV002846,2024-12-25,2025-01-03,closed,theft,440.29,36.28
CLM002847,CN-00002847,POL002947,CUST001909,COV002847,2025-03-24,2025-04-01,subrogation,fire,271.47,42.04
CLM002848,CN-00002848,POL002948,CUST003937,COV002848,2026-08-04,2026-08-09,closed,fire,459.75,56.87
CLM002849,CN-00002849,POL002949,CUST000181,COV002849,2025-08-21,2025-08-27,subrogation,theft,574.69,167.96
CLM002850,CN-00002850,POL002950,CUST002945,COV002850,2025-07-21,2025-07-28,subrogation,other,765.97,10.31
CLM002851,CN-00002851,POL002951,CUST004729,COV002851,2024-04-21,2024-04-24,closed,weather,942.05,213.28
CLM002852,CN-00002852,POL002952,CUST002493,COV002852,2025-04-22,2025-05-02,denied,other,443.45,90.11
CLM002853,CN-00002853,POL002953,CUST002636,COV002853,2026-01-18,2026-01-31,open,water_damage,489.99,55.17
CLM002854,CN-00002854,POL002954,CUST001103,COV002854,2024-07-03,2024-07-07,closed,liability,399.71,50.38
CLM002855,CN-00002855,POL002955,CUST003312,COV002855,2024-01-16,2024-01-22,open,liability,308.41,31.35
CLM002856,CN-00002856,POL002956,CUST001786,COV002856,2024-06-09,2024-06-17,denied,liability,734.32,119.79
CLM002857,CN-00002857,POL002957,CUST001390,COV002857,2026-01-21,2026-01-24,subrogation,fire,194.6,49.01
CLM002858,CN-00002858,POL002958,CUST002811,COV002858,2026-04-10,2026-04-20,closed,water_damage,811.35,238.61
CLM002859,CN-00002859,POL002959,CUST002865,COV002859,2024-10-15,2024-10-24,open,fire,509.83,100.49
CLM002860,CN-00002860,POL002960,CUST002013,COV002860,2026-01-26,2026-02-08,reopened,liability,512.24,45.81
CLM002861,CN-00002861,POL002961,CUST002851,COV002861,2024-03-26,2024-03-26,denied,weather,168.9,23.45
CLM002862,CN-00002862,POL002962,CUST000700,COV002862,2025-04-14,2025-04-15,reopened,other,554.41,143.28
CLM002863,CN-00002863,POL002963,CUST003625,COV002863,2024-12-12,2024-12-23,open,water_damage,187.29,29.86
CLM002864,CN-00002864,POL002964,CUST004112,COV002864,2024-07-28,2024-07-30,subrogation,theft,512.64,81.96
CLM002865,CN-00002865,POL002965,CUST004023,COV002865,2024-11-22,2024-11-25,closed,water_damage,307.55,8.87
CLM002866,CN-00002866,POL002966,CUST001430,COV002866,2026-02-27,2026-03-08,reopened,other,151.19,36.76
CLM002867,CN-00002867,POL002967,CUST003728,COV002867,2025-03-13,2025-03-24,closed,fire,549.86,12.98
CLM002868,CN-00002868,POL002968,CUST004330,COV002868,2024-01-16,2024-01-17,reopened,weather,357.46,50.73
CLM002869,CN-00002869,POL002969,CUST000740,COV002869,2024-02-01,2024-02-13,reopened,collision,151.93,30.94
CLM002870,CN-00002870,POL002970,CUST002264,COV002870,2024-11-22,2024-11-22,closed,weather,843.77,164.91
CLM002871,CN-00002871,POL002971,CUST002026,COV002871,2026-03-02,2026-03-12,reopened,other,871.76,228.93
CLM002872,CN-00002872,POL002972,CUST004576,COV002872,2025-09-01,2025-09-07,denied,water_damage,958.51,236.09
CLM002873,CN-00002873,POL002973,CUST001207,COV002873,2025-09-30,2025-10-09,closed,other,201.28,28.86
CLM002874,CN-00002874,POL002974,CUST002641,COV002874,2025-11-14,2025-11-23,open,liability,550.25,60.44
CLM002875,CN-00002875,POL002975,CUST004698,COV002875,2026-07-05,2026-07-15,closed,water_damage,394.61,15.0
CLM002876,CN-00002876,POL002976,CUST001607,COV002876,2025-11-15,2025-11-29,closed,liability,643.49,151.51
CLM002877,CN-00002877,POL002977,CUST000365,COV002877,2025-09-18,2025-09-20,closed,liability,838.69,167.65
CLM002878,CN-00002878,POL002978,CUST000973,COV002878,2026-01-26,2026-02-08,denied,other,297.44,30.23
CLM002879,CN-00002879,POL002979,CUST001826,COV002879,2025-02-21,2025-03-02,closed,theft,869.84,48.91
CLM002880,CN-00002880,POL002980,CUST000994,COV002880,2025-06-10,2025-06-18,closed,theft,931.38,38.85
CLM002881,CN-00002881,POL002981,CUST000578,COV002881,2025-03-17,2025-03-31,closed,theft,53.93,0.86
CLM002882,CN-00002882,POL002982,CUST004703,COV002882,2025-04-24,2025-04-27,closed,liability,228.7,14.95
CLM002883,CN-00002883,POL002983,CUST000220,COV002883,2024-12-03,2024-12-10,open,theft,66.89,1.19
CLM002884,CN-00002884,POL002984,CUST002429,COV002884,2025-04-30,2025-05-10,subrogation,other,409.98,1.61
CLM002885,CN-00002885,POL002985,CUST002620,COV002885,2026-01-23,2026-01-31,denied,weather,494.3,57.87
CLM002886,CN-00002886,POL002986,CUST004154,COV002886,2024-09-30,2024-10-10,denied,fire,13806.08,3177.25
CLM002887,CN-00002887,POL002987,CUST001575,COV002887,2024-03-10,2024-03-22,reopened,theft,138.27,6.15
CLM002888,CN-00002888,POL002988,CUST001835,COV002888,2024-05-19,2024-05-31,subrogation,liability,73.27,14.43
CLM002889,CN-00002889,POL002989,CUST001440,COV002889,2024-09-04,2024-09-04,reopened,weather,687.76,41.12
CLM002890,CN-00002890,POL002990,CUST003660,COV002890,2025-04-19,2025-05-03,denied,liability,822.81,3.3
CLM002891,CN-00002891,POL002991,CUST003299,COV002891,2026-08-07,2026-08-08,subrogation,weather,453.69,35.77
CLM002892,CN-00002892,POL002992,CUST001722,COV002892,2024-11-15,2024-11-25,closed,theft,547.21,71.53
CLM002893,CN-00002893,POL002993,CUST003595,COV002893,2024-03-14,2024-03-14,closed,weather,738.83,48.1
CLM002894,CN-00002894,POL002994,CUST000124,COV002894,2024-09-17,2024-09-24,closed,theft,137.95,3.5
CLM002895,CN-00002895,POL002995,CUST004096,COV002895,2025-11-09,2025-11-18,closed,weather,213.95,51.68
CLM002896,CN-00002896,POL002996,CUST004081,COV002896,2025-08-12,2025-08-12,closed,collision,347.99,60.52
CLM002897,CN-00002897,POL002997,CUST004926,COV002897,2024-06-15,2024-06-29,closed,liability,5267.54,480.71
CLM002898,CN-00002898,POL002998,CUST000681,COV002898,2026-09-13,2026-09-17,denied,theft,367.76,11.61
CLM002899,CN-00002899,POL002999,CUST000646,COV002899,2025-08-08,2025-08-10,closed,weather,238.12,9.63
CLM002900,CN-00002900,POL003000,CUST004473,COV002900,2024-01-08,2024-01-15,subrogation,water_damage,340.71,25.92
CLM002901,CN-00002901,POL003001,CUST003604,COV002901,2025-08-12,2025-08-16,open,weather,833.28,168.33
CLM002902,CN-00002902,POL003002,CUST004799,COV002902,2025-11-22,2025-11-22,closed,theft,811.16,58.16
CLM002903,CN-00002903,POL003003,CUST000386,COV002903,2024-10-29,2024-10-31,denied,weather,537.96,55.6
CLM002904,CN-00002904,POL003004,CUST003210,COV002904,2026-04-14,2026-04-22,closed,water_damage,575.72,59.74
CLM002905,CN-00002905,POL003005,CUST001344,COV002905,2025-02-05,2025-02-06,reopened,fire,995.43,184.82
CLM002906,CN-00002906,POL003006,CUST000828,COV002906,2025-11-28,2025-12-03,open,collision,506.82,100.1
CLM002907,CN-00002907,POL003007,CUST000628,COV002907,2025-02-27,2025-03-02,closed,liability,100.37,15.29
CLM002908,CN-00002908,POL003008,CUST002733,COV002908,2024-12-27,2025-01-04,reopened,theft,823.45,123.06
CLM002909,CN-00002909,POL003009,CUST000370,COV002909,2025-04-16,2025-04-20,subrogation,weather,355.8,6.54
CLM002910,CN-00002910,POL003010,CUST000184,COV002910,2024-10-10,2024-10-20,denied,fire,437.85,91.1
CLM002911,CN-00002911,POL003011,CUST003258,COV002911,2024-08-09,2024-08-13,denied,other,889.37,131.68
CLM002912,CN-00002912,POL003012,CUST000737,COV002912,2026-04-09,2026-04-10,closed,collision,385.22,102.51
CLM002913,CN-00002913,POL003013,CUST002104,COV002913,2026-04-26,2026-04-26,denied,weather,363.54,84.01
CLM002914,CN-00002914,POL003014,CUST002685,COV002914,2025-10-30,2025-11-06,subrogation,theft,139.04,24.85
CLM002915,CN-00002915,POL003015,CUST000615,COV002915,2024-11-23,2024-11-29,closed,other,497.15,144.29
CLM002916,CN-00002916,POL003016,CUST003365,COV002916,2024-07-28,2024-07-29,closed,fire,901.81,43.76
CLM002917,CN-00002917,POL003017,CUST004199,COV002917,2024-07-18,2024-07-27,open,weather,293.23,19.02
CLM002918,CN-00002918,POL003018,CUST003658,COV002918,2025-06-04,2025-06-18,reopened,other,268.03,66.27
CLM002919,CN-00002919,POL003019,CUST002598,COV002919,2026-01-04,2026-01-17,closed,theft,451.74,43.15
CLM002920,CN-00002920,POL003020,CUST001893,COV002920,2025-07-17,2025-07-30,closed,liability,454.31,47.54
CLM002921,CN-00002921,POL003021,CUST003499,COV002921,2024-10-22,2024-11-02,denied,fire,168.84,45.74
CLM002922,CN-00002922,POL003022,CUST001704,COV002922,2025-06-16,2025-06-29,closed,weather,237.97,6.71
CLM002923,CN-00002923,POL003023,CUST002257,COV002923,2024-02-07,2024-02-16,closed,fire,906.3,190.77
CLM002924,CN-00002924,POL003024,CUST002592,COV002924,2024-04-25,2024-04-28,closed,other,880.48,97.57
CLM002925,CN-00002925,POL003025,CUST002877,COV002925,2024-12-11,2024-12-19,subrogation,other,817.25,183.78
CLM002926,CN-00002926,POL003026,CUST003102,COV002926,2025-03-17,2025-03-31,closed,water_damage,934.65,59.05
CLM002927,CN-00002927,POL003027,CUST003310,COV002927,2025-01-24,2025-01-26,closed,collision,830.58,108.67
CLM002928,CN-00002928,POL003028,CUST000283,COV002928,2025-07-14,2025-07-18,closed,fire,200.35,36.81
CLM002929,CN-00002929,POL003029,CUST002296,COV002929,2024-07-28,2024-08-04,reopened,weather,404.51,96.16
CLM002930,CN-00002930,POL003030,CUST004998,COV002930,2024-08-05,2024-08-09,closed,liability,229.2,11.95
CLM002931,CN-00002931,POL003031,CUST004962,COV002931,2025-01-27,2025-02-02,denied,liability,643.27,0.85
CLM002932,CN-00002932,POL003032,CUST003204,COV002932,2025-02-11,2025-02-11,subrogation,fire,10910.1,2657.59
CLM002933,CN-00002933,POL003033,CUST003511,COV002933,2025-03-01,2025-03-01,closed,other,52.58,6.96
CLM002934,CN-00002934,POL003034,CUST004702,COV002934,2026-04-08,2026-04-09,closed,other,455.42,85.63
CLM002935,CN-00002935,POL003035,CUST000218,COV002935,2026-06-22,2026-07-03,closed,collision,111.9,31.68
CLM002936,CN-00002936,POL003036,CUST001393,COV002936,2024-04-14,2024-04-24,closed,liability,831.03,208.05
CLM002937,CN-00002937,POL003037,CUST003277,COV002937,2026-05-01,2026-05-13,subrogation,liability,100.66,1.37
CLM002938,CN-00002938,POL003038,CUST000700,COV002938,2025-06-23,2025-06-28,closed,theft,907.59,141.92
CLM002939,CN-00002939,POL003039,CUST002673,COV002939,2024-03-29,2024-04-03,denied,weather,635.08,38.49
CLM002940,CN-00002940,POL003040,CUST003059,COV002940,2024-06-23,2024-07-01,closed,collision,194.42,46.49
CLM002941,CN-00002941,POL003041,CUST001125,COV002941,2026-07-15,2026-07-26,subrogation,weather,197.81,11.98
CLM002942,CN-00002942,POL003042,CUST000230,COV002942,2024-07-19,2024-07-31,closed,theft,733.19,125.88
CLM002943,CN-00002943,POL003043,CUST000738,COV002943,2025-01-29,2025-02-10,closed,other,357.43,11.23
CLM002944,CN-00002944,POL003044,CUST004393,COV002944,2024-05-11,2024-05-17,denied,theft,828.82,131.84
CLM002945,CN-00002945,POL003045,CUST000793,COV002945,2026-01-17,2026-01-29,reopened,theft,518.32,33.81
CLM002946,CN-00002946,POL003046,CUST004286,COV002946,2025-05-20,2025-06-01,denied,other,440.2,62.29
CLM002947,CN-00002947,POL003047,CUST001160,COV002947,2024-11-30,2024-12-06,reopened,weather,480.07,127.92
CLM002948,CN-00002948,POL003048,CUST002067,COV002948,2025-10-25,2025-10-26,closed,fire,60.7,12.77
CLM002949,CN-00002949,POL003049,CUST003218,COV002949,2025-04-13,2025-04-18,reopened,theft,493.64,111.47
CLM002950,CN-00002950,POL003050,CUST002805,COV002950,2026-08-25,2026-08-30,denied,weather,119.86,35.32
CLM002951,CN-00002951,POL003051,CUST002845,COV002951,2025-10-29,2025-10-29,subrogation,liability,464.0,47.43
CLM002952,CN-00002952,POL003052,CUST003628,COV002952,2026-07-09,2026-07-18,closed,weather,80.1,11.08
CLM002953,CN-00002953,POL003053,CUST003754,COV002953,2026-07-30,2026-08-10,reopened,collision,907.04,263.24
CLM002954,CN-00002954,POL003054,CUST002866,COV002954,2026-02-15,2026-02-16,open,other,923.51,126.34
CLM002955,CN-00002955,POL003055,CUST002201,COV002955,2025-09-11,2025-09-16,closed,water_damage,485.35,10.45
CLM002956,CN-00002956,POL003056,CUST004811,COV002956,2025-01-16,2025-01-23,reopened,liability,615.16,156.02
CLM002957,CN-00002957,POL003057,CUST002162,COV002957,2026-05-07,2026-05-20,denied,water_damage,229.83,3.68
CLM002958,CN-00002958,POL003058,CUST000227,COV002958,2025-09-10,2025-09-20,open,liability,229.7,32.44
CLM002959,CN-00002959,POL003059,CUST003513,COV002959,2024-12-22,2024-12-24,closed,liability,225.44,47.93
CLM002960,CN-00002960,POL003060,CUST003675,COV002960,2024-07-09,2024-07-12,closed,fire,866.96,223.35
CLM002961,CN-00002961,POL003061,CUST003899,COV002961,2024-08-20,2024-09-02,denied,weather,184.23,32.8
CLM002962,CN-00002962,POL003062,CUST002855,COV002962,2026-01-13,2026-01-18,subrogation,collision,372.42,53.86
CLM002963,CN-00002963,POL003063,CUST000421,COV002963,2026-04-13,2026-04-19,closed,theft,406.04,27.18
CLM002964,CN-00002964,POL003064,CUST004115,COV002964,2024-11-18,2024-11-26,reopened,theft,69.89,15.08
CLM002965,CN-00002965,POL003065,CUST000295,COV002965,2024-04-04,2024-04-11,closed,liability,549.04,44.32
CLM002966,CN-00002966,POL003066,CUST004861,COV002966,2025-12-19,2025-12-27,subrogation,water_damage,180.41,6.5
CLM002967,CN-00002967,POL003067,CUST004024,COV002967,2025-07-09,2025-07-09,reopened,weather,275.45,62.83
CLM002968,CN-00002968,POL003068,CUST004760,COV002968,2026-05-05,2026-05-08,closed,theft,647.16,3.67
CLM002969,CN-00002969,POL003069,CUST000127,COV002969,2026-05-27,2026-06-04,subrogation,collision,872.79,195.55
CLM002970,CN-00002970,POL003070,CUST001116,COV002970,2025-05-24,2025-05-26,closed,weather,481.31,28.93
CLM002971,CN-00002971,POL003071,CUST002029,COV002971,2024-09-10,2024-09-23,denied,weather,597.6,156.45
CLM002972,CN-00002972,POL003072,CUST000279,COV002972,2026-04-25,2026-05-02,open,theft,389.18,114.94
CLM002973,CN-00002973,POL003073,CUST003833,COV002973,2024-08-05,2024-08-06,open,water_damage,13810.08,0.22
CLM002974,CN-00002974,POL003074,CUST000853,COV002974,2025-12-08,2025-12-14,denied,liability,908.77,57.7
CLM002975,CN-00002975,POL003075,CUST001216,COV002975,2024-12-27,2025-01-06,subrogation,collision,71.66,14.95
CLM002976,CN-00002976,POL003076,CUST003025,COV002976,2025-11-25,2025-12-03,reopened,theft,852.76,247.96
CLM002977,CN-00002977,POL003077,CUST000960,COV002977,2024-08-19,2024-08-31,subrogation,other,10016.97,956.95
CLM002978,CN-00002978,POL003078,CUST004180,COV002978,2026-02-28,2026-02-28,closed,liability,907.25,36.8
CLM002979,CN-00002979,POL003079,CUST002374,COV002979,2024-07-11,2024-07-17,closed,other,712.48,149.33
CLM002980,CN-00002980,POL003080,CUST004774,COV002980,2025-06-12,2025-06-18,reopened,fire,956.66,76.99
CLM002981,CN-00002981,POL003081,CUST002033,COV002981,2026-05-27,2026-06-05,closed,fire,570.75,24.99
CLM002982,CN-00002982,POL003082,CUST001196,COV002982,2025-12-22,2025-12-29,closed,water_damage,186.65,41.16
CLM002983,CN-00002983,POL003083,CUST001670,COV002983,2025-10-22,2025-10-25,subrogation,weather,592.05,164.49
CLM002984,CN-00002984,POL003084,CUST003493,COV002984,2025-12-05,2025-12-19,denied,liability,464.82,133.73
CLM002985,CN-00002985,POL003085,CUST004645,COV002985,2025-08-11,2025-08-25,reopened,collision,713.02,140.39
CLM002986,CN-00002986,POL003086,CUST000670,COV002986,2024-01-04,2024-01-16,open,other,12057.8,126.65
CLM002987,CN-00002987,POL003087,CUST003832,COV002987,2024-12-28,2025-01-10,open,other,350.65,18.88
CLM002988,CN-00002988,POL003088,CUST001546,COV002988,2026-01-20,2026-02-02,reopened,theft,462.85,16.97
CLM002989,CN-00002989,POL003089,CUST003852,COV002989,2024-01-16,2024-01-21,open,other,7855.35,1816.34
CLM002990,CN-00002990,POL003090,CUST000710,COV002990,2024-10-13,2024-10-14,subrogation,weather,293.55,49.54
CLM002991,CN-00002991,POL003091,CUST003555,COV002991,2025-10-24,2025-10-25,subrogation,collision,891.39,21.48
CLM002992,CN-00002992,POL003092,CUST004440,COV002992,2024-05-09,2024-05-20,closed,fire,587.56,25.41
CLM002993,CN-00002993,POL003093,CUST000950,COV002993,2026-06-08,2026-06-08,denied,water_damage,857.59,165.23
CLM002994,CN-00002994,POL003094,CUST004894,COV002994,2024-10-04,2024-10-16,denied,theft,471.37,47.53
CLM002995,CN-00002995,POL003095,CUST004757,COV002995,2026-03-02,2026-03-12,closed,collision,758.51,21.45
CLM002996,CN-00002996,POL003096,CUST003466,COV002996,2024-10-03,2024-10-04,open,water_damage,734.83,166.34
CLM002997,CN-00002997,POL003097,CUST003691,COV002997,2024-07-03,2024-07-07,open,other,630.03,128.63
CLM002998,CN-00002998,POL003098,CUST004644,COV002998,2024-04-29,2024-05-12,denied,fire,436.75,29.42
CLM002999,CN-00002999,POL003099,CUST002032,COV002999,2024-11-26,2024-11-27,subrogation,liability,167.44,33.26
CLM003000,CN-00003000,POL003100,CUST003150,COV003000,2024-02-28,2024-03-02,subrogation,other,683.15,110.85
CLM003001,CN-00003001,POL003101,CUST004210,COV003001,2024-05-29,2024-05-30,subrogation,liability,966.01,231.14
CLM003002,CN-00003002,POL003102,CUST002707,COV003002,2026-01-20,2026-02-02,reopened,fire,847.56,31.0
CLM003003,CN-00003003,POL003103,CUST001954,COV003003,2026-03-16,2026-03-20,subrogation,fire,901.1,203.5
CLM003004,CN-00003004,POL003104,CUST001750,COV003004,2024-12-08,2024-12-19,open,collision,687.21,132.44
CLM003005,CN-00003005,POL003105,CUST001679,COV003005,2026-05-19,2026-06-02,denied,weather,847.29,83.62
CLM003006,CN-00003006,POL003106,CUST000570,COV003006,2024-07-19,2024-07-23,closed,water_damage,181.73,50.83
CLM003007,CN-00003007,POL003107,CUST000766,COV003007,2024-04-23,2024-05-03,closed,liability,219.34,11.43
CLM003008,CN-00003008,POL003108,CUST003856,COV003008,2025-02-24,2025-02-24,reopened,weather,973.14,47.08
CLM003009,CN-00003009,POL003109,CUST001947,COV003009,2026-05-06,2026-05-08,denied,liability,836.55,230.85
CLM003010,CN-00003010,POL003110,CUST004708,COV003010,2026-05-26,2026-06-07,reopened,collision,330.27,34.21
CLM003011,CN-00003011,POL003111,CUST000945,COV003011,2024-05-18,2024-05-29,closed,collision,9956.48,1735.24
CLM003012,CN-00003012,POL003112,CUST003079,COV003012,2025-10-26,2025-10-31,open,collision,942.58,99.24
CLM003013,CN-00003013,POL003113,CUST000209,COV003013,2025-06-19,2025-06-25,closed,weather,564.34,38.81
CLM003014,CN-00003014,POL003114,CUST002225,COV003014,2026-01-05,2026-01-05,closed,fire,235.13,35.58
CLM003015,CN-00003015,POL003115,CUST000698,COV003015,2024-10-24,2024-10-26,subrogation,other,233.1,62.94
CLM003016,CN-00003016,POL003116,CUST004627,COV003016,2026-08-14,2026-08-22,reopened,weather,450.09,34.02
CLM003017,CN-00003017,POL003117,CUST001211,COV003017,2024-09-30,2024-10-06,subrogation,weather,405.05,84.75
CLM003018,CN-00003018,POL003118,CUST004571,COV003018,2025-02-26,2025-03-12,subrogation,collision,163.01,38.05
CLM003019,CN-00003019,POL003119,CUST004901,COV003019,2025-11-27,2025-12-05,subrogation,fire,545.11,161.88
CLM003020,CN-00003020,POL003120,CUST004303,COV003020,2024-10-31,2024-11-11,reopened,collision,285.21,6.43
CLM003021,CN-00003021,POL003121,CUST004351,COV003021,2025-07-26,2025-08-07,denied,weather,233.34,44.9
CLM003022,CN-00003022,POL003122,CUST003604,COV003022,2025-09-24,2025-09-25,denied,fire,261.98,70.2
CLM003023,CN-00003023,POL003123,CUST003686,COV003023,2024-03-02,2024-03-12,subrogation,collision,14805.78,3831.92
CLM003024,CN-00003024,POL003124,CUST000160,COV003024,2025-04-07,2025-04-18,closed,liability,679.7,184.93
CLM003025,CN-00003025,POL003125,CUST003370,COV003025,2025-01-25,2025-01-25,closed,fire,315.11,60.45
CLM003026,CN-00003026,POL003126,CUST002868,COV003026,2025-08-23,2025-08-26,denied,fire,284.14,33.51
CLM003027,CN-00003027,POL003127,CUST003203,COV003027,2025-03-15,2025-03-18,closed,liability,856.27,186.18
CLM003028,CN-00003028,POL003128,CUST000547,COV003028,2024-12-16,2024-12-18,closed,other,447.15,52.47
CLM003029,CN-00003029,POL003129,CUST002464,COV003029,2026-09-02,2026-09-05,closed,other,59.14,8.43
CLM003030,CN-00003030,POL003130,CUST000898,COV003030,2025-12-07,2025-12-18,closed,liability,294.65,81.85
CLM003031,CN-00003031,POL003131,CUST001779,COV003031,2026-01-23,2026-01-24,closed,fire,940.9,105.5
CLM003032,CN-00003032,POL003132,CUST003296,COV003032,2025-10-04,2025-10-04,open,collision,879.2,126.74
CLM003033,CN-00003033,POL003133,CUST001972,COV003033,2026-05-23,2026-06-04,open,theft,750.22,94.48
CLM003034,CN-00003034,POL003134,CUST002844,COV003034,2025-10-28,2025-11-11,denied,theft,187.65,55.8
CLM003035,CN-00003035,POL003135,CUST000479,COV003035,2025-06-25,2025-06-30,denied,liability,944.99,257.04
CLM003036,CN-00003036,POL003136,CUST000350,COV003036,2024-08-29,2024-09-06,closed,other,277.97,61.23
CLM003037,CN-00003037,POL003137,CUST004660,COV003037,2026-07-06,2026-07-20,denied,weather,367.91,104.77
CLM003038,CN-00003038,POL003138,CUST001691,COV003038,2026-05-17,2026-05-21,closed,theft,527.3,133.36
CLM003039,CN-00003039,POL003139,CUST000011,COV003039,2026-05-13,2026-05-13,reopened,other,404.2,119.91
CLM003040,CN-00003040,POL003140,CUST002813,COV003040,2024-10-20,2024-10-30,denied,theft,771.7,212.29
CLM003041,CN-00003041,POL003141,CUST003561,COV003041,2026-04-24,2026-05-06,denied,collision,77.1,5.67
CLM003042,CN-00003042,POL003142,CUST003707,COV003042,2024-10-09,2024-10-22,reopened,fire,558.46,18.43
CLM003043,CN-00003043,POL003143,CUST001657,COV003043,2026-04-29,2026-05-13,subrogation,liability,686.43,180.93
CLM003044,CN-00003044,POL003144,CUST002657,COV003044,2025-12-19,2025-12-28,reopened,fire,803.16,133.52
CLM003045,CN-00003045,POL003145,CUST002531,COV003045,2026-05-08,2026-05-19,closed,liability,426.82,98.14
CLM003046,CN-00003046,POL003146,CUST000928,COV003046,2024-11-27,2024-12-01,denied,collision,12498.68,352.99
CLM003047,CN-00003047,POL003147,CUST003398,COV003047,2024-03-02,2024-03-13,open,other,148.88,15.03
CLM003048,CN-00003048,POL003148,CUST000873,COV003048,2025-12-30,2026-01-06,closed,other,229.29,25.23
CLM003049,CN-00003049,POL003149,CUST002357,COV003049,2024-10-28,2024-11-11,closed,collision,499.0,78.39
CLM003050,CN-00003050,POL003150,CUST004268,COV003050,2025-12-24,2026-01-05,reopened,theft,989.7,230.52
CLM003051,CN-00003051,POL003151,CUST001715,COV003051,2024-08-24,2024-08-28,open,other,671.05,41.27
CLM003052,CN-00003052,POL003152,CUST004523,COV003052,2025-03-02,2025-03-04,denied,theft,570.68,6.7
CLM003053,CN-00003053,POL003153,CUST000686,COV003053,2024-12-02,2024-12-09,open,fire,302.27,69.47
CLM003054,CN-00003054,POL003154,CUST000718,COV003054,2024-12-19,2025-01-02,subrogation,collision,745.59,159.11
CLM003055,CN-00003055,POL003155,CUST001561,COV003055,2025-06-12,2025-06-15,closed,weather,756.67,222.45
CLM003056,CN-00003056,POL003156,CUST000593,COV003056,2025-06-04,2025-06-08,open,weather,127.41,30.62
CLM003057,CN-00003057,POL003157,CUST003879,COV003057,2024-02-08,2024-02-19,closed,theft,600.65,116.4
CLM003058,CN-00003058,POL003158,CUST001652,COV003058,2024-10-09,2024-10-17,open,theft,668.2,174.14
CLM003059,CN-00003059,POL003159,CUST000354,COV003059,2026-04-01,2026-04-10,open,theft,958.26,81.82
CLM003060,CN-00003060,POL003160,CUST001001,COV003060,2025-10-28,2025-10-28,closed,fire,111.91,29.46
CLM003061,CN-00003061,POL003161,CUST000048,COV003061,2026-05-13,2026-05-13,closed,liability,692.59,59.51
CLM003062,CN-00003062,POL003162,CUST003688,COV003062,2026-06-04,2026-06-10,open,other,14627.82,2593.72
CLM003063,CN-00003063,POL003163,CUST001578,COV003063,2024-11-27,2024-12-10,subrogation,other,663.26,186.09
CLM003064,CN-00003064,POL003164,CUST001310,COV003064,2024-06-05,2024-06-16,closed,other,148.41,12.61
CLM003065,CN-00003065,POL003165,CUST001325,COV003065,2026-06-26,2026-06-27,closed,liability,264.86,59.94
CLM003066,CN-00003066,POL003166,CUST003455,COV003066,2025-01-07,2025-01-11,reopened,fire,636.11,168.06
CLM003067,CN-00003067,POL003167,CUST000956,COV003067,2025-06-26,2025-06-30,open,water_damage,196.7,49.06
CLM003068,CN-00003068,POL003168,CUST000638,COV003068,2024-09-22,2024-09-26,closed,water_damage,440.41,48.54
CLM003069,CN-00003069,POL003169,CUST000394,COV003069,2024-01-14,2024-01-28,subrogation,liability,849.3,36.24
CLM003070,CN-00003070,POL003170,CUST002789,COV003070,2024-06-10,2024-06-15,open,collision,768.29,73.22
CLM003071,CN-00003071,POL003171,CUST000729,COV003071,2026-01-21,2026-01-23,closed,theft,753.18,214.59
CLM003072,CN-00003072,POL003172,CUST001488,COV003072,2026-01-13,2026-01-23,open,theft,306.39,48.1
CLM003073,CN-00003073,POL003173,CUST000067,COV003073,2025-12-30,2026-01-09,open,collision,235.87,13.78
CLM003074,CN-00003074,POL003174,CUST004460,COV003074,2025-09-08,2025-09-20,denied,other,627.37,54.25
CLM003075,CN-00003075,POL003175,CUST003570,COV003075,2025-02-15,2025-02-27,reopened,other,975.59,241.84
CLM003076,CN-00003076,POL003176,CUST004685,COV003076,2024-05-13,2024-05-15,closed,water_damage,264.8,64.96
CLM003077,CN-00003077,POL003177,CUST001934,COV003077,2024-06-24,2024-06-27,subrogation,other,12819.1,3252.21
CLM003078,CN-00003078,POL003178,CUST001938,COV003078,2024-04-07,2024-04-11,reopened,weather,9186.18,2606.78
CLM003079,CN-00003079,POL003179,CUST003328,COV003079,2026-01-16,2026-01-20,reopened,water_damage,943.86,146.77
CLM003080,CN-00003080,POL003180,CUST000988,COV003080,2024-05-17,2024-05-20,closed,liability,72.54,4.02
CLM003081,CN-00003081,POL003181,CUST004694,COV003081,2024-05-23,2024-06-05,denied,weather,527.73,72.25
CLM003082,CN-00003082,POL003182,CUST004303,COV003082,2024-05-04,2024-05-07,closed,other,397.41,98.5
CLM003083,CN-00003083,POL003183,CUST002692,COV003083,2025-03-14,2025-03-15,denied,water_damage,12848.4,2020.84
CLM003084,CN-00003084,POL003184,CUST004804,COV003084,2025-03-06,2025-03-10,closed,other,316.58,53.9
CLM003085,CN-00003085,POL003185,CUST001798,COV003085,2025-07-21,2025-07-29,reopened,liability,469.16,101.46
CLM003086,CN-00003086,POL003186,CUST003304,COV003086,2026-04-16,2026-04-17,open,liability,791.76,182.88
CLM003087,CN-00003087,POL003187,CUST004925,COV003087,2026-05-16,2026-05-23,closed,theft,313.05,6.02
CLM003088,CN-00003088,POL003188,CUST004679,COV003088,2026-06-23,2026-06-27,open,collision,324.89,74.52
CLM003089,CN-00003089,POL003189,CUST003839,COV003089,2024-03-22,2024-03-29,open,collision,233.82,12.44
CLM003090,CN-00003090,POL003190,CUST001976,COV003090,2025-10-31,2025-11-06,reopened,water_damage,960.29,10.72
CLM003091,CN-00003091,POL003191,CUST003237,COV003091,2024-10-25,2024-11-03,subrogation,weather,169.15,49.14
CLM003092,CN-00003092,POL003192,CUST004911,COV003092,2025-05-03,2025-05-15,closed,liability,985.81,44.25
CLM003093,CN-00003093,POL003193,CUST001296,COV003093,2024-06-25,2024-07-04,closed,water_damage,735.25,144.2
CLM003094,CN-00003094,POL003194,CUST001727,COV003094,2026-09-15,2026-09-28,closed,weather,215.13,31.26
CLM003095,CN-00003095,POL003195,CUST002486,COV003095,2026-04-15,2026-04-17,closed,fire,918.9,103.62
CLM003096,CN-00003096,POL003196,CUST004174,COV003096,2024-10-12,2024-10-26,denied,fire,617.05,141.5
CLM003097,CN-00003097,POL003197,CUST003774,COV003097,2024-11-20,2024-11-28,closed,weather,637.95,72.77
CLM003098,CN-00003098,POL003198,CUST003846,COV003098,2024-09-28,2024-10-06,open,liability,592.6,98.53
CLM003099,CN-00003099,POL003199,CUST001452,COV003099,2024-05-22,2024-06-04,subrogation,fire,89.55,10.56
CLM003100,CN-00003100,POL003200,CUST002971,COV003100,2025-12-03,2025-12-10,open,liability,960.63,190.36
CLM003101,CN-00003101,POL003201,CUST003706,COV003101,2025-08-01,2025-08-14,open,collision,359.11,103.63
CLM003102,CN-00003102,POL003202,CUST001741,COV003102,2024-05-01,2024-05-14,denied,theft,600.57,100.56
CLM003103,CN-00003103,POL003203,CUST000028,COV003103,2024-11-30,2024-12-09,closed,water_damage,352.67,77.02
CLM003104,CN-00003104,POL003204,CUST004270,COV003104,2026-02-09,2026-02-23,closed,fire,438.69,50.94
CLM003105,CN-00003105,POL003205,CUST000440,COV003105,2025-02-25,2025-03-02,open,theft,72.61,6.14
CLM003106,CN-00003106,POL003206,CUST001919,COV003106,2026-04-04,2026-04-11,closed,weather,107.73,6.21
CLM003107,CN-00003107,POL003207,CUST000325,COV003107,2024-03-09,2024-03-12,closed,theft,674.17,82.68
CLM003108,CN-00003108,POL003208,CUST004851,COV003108,2025-10-02,2025-10-03,denied,fire,194.94,30.62
CLM003109,CN-00003109,POL003209,CUST001302,COV003109,2025-06-30,2025-06-30,open,collision,749.13,160.09
CLM003110,CN-00003110,POL003210,CUST000151,COV003110,2024-10-30,2024-11-11,closed,fire,934.43,138.02
CLM003111,CN-00003111,POL003211,CUST002685,COV003111,2025-09-10,2025-09-13,open,weather,880.79,16.9
CLM003112,CN-00003112,POL003212,CUST004897,COV003112,2025-10-12,2025-10-20,open,collision,686.08,112.05
CLM003113,CN-00003113,POL003213,CUST002984,COV003113,2026-08-01,2026-08-06,reopened,liability,472.3,125.36
CLM003114,CN-00003114,POL003214,CUST001627,COV003114,2025-07-10,2025-07-19,denied,collision,590.61,51.15
CLM003115,CN-00003115,POL003215,CUST003492,COV003115,2025-03-03,2025-03-11,closed,water_damage,795.31,148.99
CLM003116,CN-00003116,POL003216,CUST001725,COV003116,2026-03-16,2026-03-24,closed,water_damage,539.96,26.07
CLM003117,CN-00003117,POL003217,CUST002133,COV003117,2024-03-25,2024-03-29,closed,water_damage,269.86,4.67
CLM003118,CN-00003118,POL003218,CUST001861,COV003118,2026-07-07,2026-07-14,closed,other,675.5,64.14
CLM003119,CN-00003119,POL003219,CUST002882,COV003119,2026-07-10,2026-07-17,closed,water_damage,353.72,55.9
CLM003120,CN-00003120,POL003220,CUST000113,COV003120,2025-03-16,2025-03-21,open,collision,966.26,256.27
CLM003121,CN-00003121,POL003221,CUST001219,COV003121,2025-01-01,2025-01-08,reopened,fire,708.7,100.15
CLM003122,CN-00003122,POL003222,CUST004752,COV003122,2024-05-02,2024-05-16,open,liability,79.2,7.88
CLM003123,CN-00003123,POL003223,CUST003329,COV003123,2024-12-31,2025-01-02,closed,liability,9175.43,315.28
CLM003124,CN-00003124,POL003224,CUST003277,COV003124,2024-05-18,2024-05-24,reopened,fire,116.53,5.4
CLM003125,CN-00003125,POL003225,CUST002336,COV003125,2024-04-21,2024-04-21,open,collision,192.7,53.7
CLM003126,CN-00003126,POL003226,CUST003484,COV003126,2025-12-05,2025-12-06,open,weather,145.49,36.38
CLM003127,CN-00003127,POL003227,CUST000147,COV003127,2025-07-07,2025-07-15,closed,water_damage,840.79,127.44
CLM003128,CN-00003128,POL003228,CUST000240,COV003128,2024-09-15,2024-09-17,reopened,other,697.65,188.81
CLM003129,CN-00003129,POL003229,CUST002407,COV003129,2024-01-07,2024-01-12,reopened,theft,753.24,47.59
CLM003130,CN-00003130,POL003230,CUST003628,COV003130,2024-12-21,2024-12-24,closed,theft,799.14,186.54
CLM003131,CN-00003131,POL003231,CUST002152,COV003131,2024-03-01,2024-03-14,closed,fire,825.05,69.51
CLM003132,CN-00003132,POL003232,CUST000203,COV003132,2026-03-29,2026-04-03,denied,weather,861.87,27.8
CLM003133,CN-00003133,POL003233,CUST003663,COV003133,2024-11-08,2024-11-22,denied,collision,705.53,30.53
CLM003134,CN-00003134,POL003234,CUST004092,COV003134,2025-06-08,2025-06-15,subrogation,fire,790.1,232.67
CLM003135,CN-00003135,POL003235,CUST004246,COV003135,2024-08-01,2024-08-06,open,water_damage,705.46,108.74
CLM003136,CN-00003136,POL003236,CUST003282,COV003136,2026-01-18,2026-01-28,closed,liability,455.47,59.6
CLM003137,CN-00003137,POL003237,CUST001635,COV003137,2026-08-06,2026-08-11,closed,collision,852.74,59.93
CLM003138,CN-00003138,POL003238,CUST004289,COV003138,2026-06-10,2026-06-15,closed,theft,562.82,87.2
CLM003139,CN-00003139,POL003239,CUST001931,COV003139,2024-10-08,2024-10-11,open,liability,652.15,171.65
CLM003140,CN-00003140,POL003240,CUST004886,COV003140,2025-07-13,2025-07-17,closed,weather,824.08,59.12
CLM003141,CN-00003141,POL003241,CUST004107,COV003141,2024-07-19,2024-07-31,reopened,collision,704.89,19.42
CLM003142,CN-00003142,POL003242,CUST003742,COV003142,2024-03-29,2024-04-09,reopened,water_damage,674.87,57.79
CLM003143,CN-00003143,POL003243,CUST003344,COV003143,2025-09-01,2025-09-04,closed,weather,762.85,12.88
CLM003144,CN-00003144,POL003244,CUST003632,COV003144,2026-08-18,2026-08-18,open,water_damage,771.87,138.07
CLM003145,CN-00003145,POL003245,CUST000931,COV003145,2025-04-04,2025-04-15,closed,collision,230.18,60.77
CLM003146,CN-00003146,POL003246,CUST001133,COV003146,2024-11-02,2024-11-03,closed,theft,283.81,26.15
CLM003147,CN-00003147,POL003247,CUST004020,COV003147,2024-10-09,2024-10-14,open,theft,12092.56,337.87
CLM003148,CN-00003148,POL003248,CUST001672,COV003148,2026-05-12,2026-05-14,reopened,weather,374.99,21.01
CLM003149,CN-00003149,POL003249,CUST004561,COV003149,2026-07-28,2026-08-02,open,other,297.01,56.83
CLM003150,CN-00003150,POL003250,CUST000437,COV003150,2024-09-17,2024-09-26,closed,collision,604.07,7.31
CLM003151,CN-00003151,POL003251,CUST002503,COV003151,2025-05-08,2025-05-22,open,liability,937.18,98.82
CLM003152,CN-00003152,POL003252,CUST004659,COV003152,2024-12-16,2024-12-24,closed,theft,527.68,92.11
CLM003153,CN-00003153,POL003253,CUST001547,COV003153,2024-11-04,2024-11-15,closed,theft,842.09,187.54
CLM003154,CN-00003154,POL003254,CUST002639,COV003154,2024-05-23,2024-05-28,open,collision,887.24,174.38
CLM003155,CN-00003155,POL003255,CUST004170,COV003155,2024-12-28,2025-01-10,closed,collision,6780.86,451.85
CLM003156,CN-00003156,POL003256,CUST002974,COV003156,2026-02-13,2026-02-21,closed,water_damage,862.15,257.07
CLM003157,CN-00003157,POL003257,CUST002249,COV003157,2024-02-02,2024-02-14,closed,theft,3210.12,884.5
CLM003158,CN-00003158,POL003258,CUST003164,COV003158,2026-04-23,2026-05-01,reopened,theft,464.57,96.77
CLM003159,CN-00003159,POL003259,CUST003575,COV003159,2024-11-16,2024-11-24,reopened,weather,11931.18,201.4
CLM003160,CN-00003160,POL003260,CUST001428,COV003160,2025-09-16,2025-09-16,closed,water_damage,575.19,91.86
CLM003161,CN-00003161,POL003261,CUST004287,COV003161,2025-01-03,2025-01-03,open,theft,141.41,40.96
CLM003162,CN-00003162,POL003262,CUST001973,COV003162,2025-09-27,2025-09-28,closed,fire,589.79,147.86
CLM003163,CN-00003163,POL003263,CUST000384,COV003163,2024-08-02,2024-08-06,closed,other,885.67,183.64
CLM003164,CN-00003164,POL003264,CUST004208,COV003164,2024-08-27,2024-09-01,reopened,weather,619.46,29.03
CLM003165,CN-00003165,POL003265,CUST001134,COV003165,2026-01-16,2026-01-16,closed,other,54.62,7.8
CLM003166,CN-00003166,POL003266,CUST001640,COV003166,2025-03-28,2025-04-08,closed,other,329.85,64.47
CLM003167,CN-00003167,POL003267,CUST002261,COV003167,2026-07-17,2026-07-19,closed,collision,726.17,87.97
CLM003168,CN-00003168,POL003268,CUST003751,COV003168,2025-06-15,2025-06-26,closed,water_damage,606.03,111.68
CLM003169,CN-00003169,POL003269,CUST001921,COV003169,2026-06-04,2026-06-07,denied,theft,130.76,28.07
CLM003170,CN-00003170,POL003270,CUST000147,COV003170,2024-01-09,2024-01-23,closed,theft,117.17,33.95
CLM003171,CN-00003171,POL003271,CUST001059,COV003171,2026-05-18,2026-05-28,reopened,liability,605.44,121.28
CLM003172,CN-00003172,POL003272,CUST001412,COV003172,2024-01-16,2024-01-16,closed,other,593.79,120.95
CLM003173,CN-00003173,POL003273,CUST004525,COV003173,2025-08-02,2025-08-07,closed,liability,682.44,150.62
CLM003174,CN-00003174,POL003274,CUST004994,COV003174,2025-01-17,2025-01-17,closed,collision,690.08,81.18
CLM003175,CN-00003175,POL003275,CUST004486,COV003175,2026-04-27,2026-05-07,closed,water_damage,110.02,22.8
CLM003176,CN-00003176,POL003276,CUST001779,COV003176,2026-01-07,2026-01-19,closed,water_damage,796.39,10.89
CLM003177,CN-00003177,POL003277,CUST002499,COV003177,2025-10-26,2025-10-27,open,water_damage,437.36,124.0
CLM003178,CN-00003178,POL003278,CUST004226,COV003178,2025-07-06,2025-07-12,closed,theft,856.51,223.31
CLM003179,CN-00003179,POL003279,CUST004451,COV003179,2026-05-04,2026-05-15,denied,fire,898.55,219.1
CLM003180,CN-00003180,POL003280,CUST001345,COV003180,2026-01-27,2026-02-08,subrogation,water_damage,401.66,95.56
CLM003181,CN-00003181,POL003281,CUST002467,COV003181,2025-03-30,2025-03-30,closed,liability,309.05,82.24
CLM003182,CN-00003182,POL003282,CUST004165,COV003182,2024-03-21,2024-03-30,reopened,other,62.58,10.77
CLM003183,CN-00003183,POL003283,CUST000909,COV003183,2024-02-17,2024-03-02,reopened,other,174.15,3.32
CLM003184,CN-00003184,POL003284,CUST001463,COV003184,2026-05-06,2026-05-18,closed,weather,373.16,57.95
CLM003185,CN-00003185,POL003285,CUST002109,COV003185,2025-10-04,2025-10-17,denied,weather,667.04,130.1
CLM003186,CN-00003186,POL003286,CUST004227,COV003186,2024-05-02,2024-05-07,closed,liability,10837.73,1678.94
CLM003187,CN-00003187,POL003287,CUST002083,COV003187,2026-04-26,2026-04-28,closed,collision,461.67,131.63
CLM003188,CN-00003188,POL003288,CUST001789,COV003188,2025-08-08,2025-08-15,denied,fire,224.11,60.82
CLM003189,CN-00003189,POL003289,CUST004299,COV003189,2025-10-23,2025-10-26,subrogation,theft,259.47,43.89
CLM003190,CN-00003190,POL003290,CUST000428,COV003190,2026-04-09,2026-04-17,closed,fire,599.29,30.87
CLM003191,CN-00003191,POL003291,CUST003725,COV003191,2026-07-19,2026-08-01,open,weather,889.66,49.65
CLM003192,CN-00003192,POL003292,CUST002978,COV003192,2025-09-04,2025-09-09,denied,collision,373.15,42.68
CLM003193,CN-00003193,POL003293,CUST000767,COV003193,2026-08-13,2026-08-13,reopened,fire,495.39,111.57
CLM003194,CN-00003194,POL003294,CUST002723,COV003194,2026-02-13,2026-02-20,subrogation,water_damage,637.17,51.33
CLM003195,CN-00003195,POL003295,CUST004376,COV003195,2026-03-20,2026-04-03,open,liability,6216.06,495.99
CLM003196,CN-00003196,POL003296,CUST000459,COV003196,2024-09-23,2024-10-06,reopened,weather,153.57,44.42
CLM003197,CN-00003197,POL003297,CUST000859,COV003197,2026-05-26,2026-06-03,reopened,fire,412.09,72.52
CLM003198,CN-00003198,POL003298,CUST000360,COV003198,2024-11-14,2024-11-17,open,theft,744.47,71.86
CLM003199,CN-00003199,POL003299,CUST004706,COV003199,2026-02-23,2026-02-27,reopened,liability,628.52,111.3
CLM003200,CN-00003200,POL003300,CUST003724,COV003200,2024-05-24,2024-06-01,closed,collision,4537.9,1129.06
CLM003201,CN-00003201,POL003301,CUST003659,COV003201,2024-05-07,2024-05-10,closed,weather,892.14,106.38
CLM003202,CN-00003202,POL003302,CUST003656,COV003202,2025-10-17,2025-10-26,reopened,water_damage,839.16,130.73
CLM003203,CN-00003203,POL003303,CUST002411,COV003203,2024-01-07,2024-01-13,open,fire,861.64,255.78
CLM003204,CN-00003204,POL003304,CUST002488,COV003204,2024-10-16,2024-10-30,open,other,369.79,3.26
CLM003205,CN-00003205,POL003305,CUST000348,COV003205,2024-12-10,2024-12-17,denied,weather,861.73,119.82
CLM003206,CN-00003206,POL003306,CUST004028,COV003206,2025-02-19,2025-02-20,open,liability,290.06,72.83
CLM003207,CN-00003207,POL003307,CUST002346,COV003207,2025-06-22,2025-07-05,closed,theft,694.1,118.34
CLM003208,CN-00003208,POL003308,CUST000080,COV003208,2025-11-20,2025-11-30,closed,other,407.46,49.28
CLM003209,CN-00003209,POL003309,CUST000987,COV003209,2024-05-07,2024-05-19,closed,water_damage,741.9,206.92
CLM003210,CN-00003210,POL003310,CUST001606,COV003210,2025-08-08,2025-08-19,closed,other,57.04,9.03
CLM003211,CN-00003211,POL003311,CUST000081,COV003211,2024-01-20,2024-01-21,denied,other,576.59,108.26
CLM003212,CN-00003212,POL003312,CUST002043,COV003212,2024-04-15,2024-04-18,subrogation,other,142.72,28.65
CLM003213,CN-00003213,POL003313,CUST000237,COV003213,2025-12-14,2025-12-28,denied,weather,496.32,7.58
CLM003214,CN-00003214,POL003314,CUST004469,COV003214,2025-07-15,2025-07-29,closed,weather,625.1,31.78
CLM003215,CN-00003215,POL003315,CUST004638,COV003215,2025-01-26,2025-02-02,closed,other,299.59,74.34
CLM003216,CN-00003216,POL003316,CUST003941,COV003216,2025-01-20,2025-01-28,closed,fire,738.99,123.33
CLM003217,CN-00003217,POL003317,CUST004711,COV003217,2024-12-14,2024-12-16,reopened,liability,350.88,11.68
CLM003218,CN-00003218,POL003318,CUST003437,COV003218,2025-04-21,2025-04-30,closed,other,615.64,56.76
CLM003219,CN-00003219,POL003319,CUST001610,COV003219,2026-09-06,2026-09-08,open,other,546.15,45.04
CLM003220,CN-00003220,POL003320,CUST004682,COV003220,2024-07-07,2024-07-17,reopened,water_damage,879.26,47.25
CLM003221,CN-00003221,POL003321,CUST003112,COV003221,2025-03-10,2025-03-17,closed,liability,850.37,38.56
CLM003222,CN-00003222,POL003322,CUST002246,COV003222,2025-05-31,2025-06-13,closed,weather,238.15,28.53
CLM003223,CN-00003223,POL003323,CUST002811,COV003223,2024-11-17,2024-11-23,closed,weather,209.68,40.97
CLM003224,CN-00003224,POL003324,CUST003764,COV003224,2025-03-26,2025-04-09,open,liability,51.79,9.18
CLM003225,CN-00003225,POL003325,CUST001111,COV003225,2026-04-16,2026-04-30,reopened,fire,953.22,146.73
CLM003226,CN-00003226,POL003326,CUST001322,COV003226,2025-01-25,2025-01-29,closed,water_damage,6024.95,687.63
CLM003227,CN-00003227,POL003327,CUST003051,COV003227,2024-07-10,2024-07-23,denied,theft,271.57,39.44
CLM003228,CN-00003228,POL003328,CUST001206,COV003228,2025-12-29,2026-01-09,reopened,weather,938.84,141.29
CLM003229,CN-00003229,POL003329,CUST003163,COV003229,2025-07-06,2025-07-19,open,collision,293.59,66.99
CLM003230,CN-00003230,POL003330,CUST002994,COV003230,2024-11-25,2024-12-04,closed,weather,395.66,56.11
CLM003231,CN-00003231,POL003331,CUST004685,COV003231,2025-06-07,2025-06-12,subrogation,theft,67.21,19.55
CLM003232,CN-00003232,POL003332,CUST002468,COV003232,2026-07-25,2026-08-06,reopened,weather,260.22,74.98
CLM003233,CN-00003233,POL003333,CUST000500,COV003233,2025-11-10,2025-11-18,closed,water_damage,306.21,10.99
CLM003234,CN-00003234,POL003334,CUST004879,COV003234,2024-01-19,2024-01-31,denied,liability,279.97,20.01
CLM003235,CN-00003235,POL003335,CUST003282,COV003235,2024-08-16,2024-08-16,closed,weather,705.03,188.2
CLM003236,CN-00003236,POL003336,CUST003935,COV003236,2025-09-20,2025-09-22,closed,water_damage,257.74,13.52
CLM003237,CN-00003237,POL003337,CUST004891,COV003237,2026-03-22,2026-03-28,closed,collision,924.17,222.29
CLM003238,CN-00003238,POL003338,CUST003950,COV003238,2024-06-16,2024-06-28,denied,collision,663.17,122.75
CLM003239,CN-00003239,POL003339,CUST004247,COV003239,2025-12-20,2025-12-22,closed,other,852.59,30.4
CLM003240,CN-00003240,POL003340,CUST004424,COV003240,2026-05-31,2026-06-03,denied,weather,607.75,13.77
CLM003241,CN-00003241,POL003341,CUST000464,COV003241,2026-07-05,2026-07-10,reopened,theft,78.61,22.07
CLM003242,CN-00003242,POL003342,CUST001230,COV003242,2025-04-04,2025-04-17,reopened,fire,601.55,83.69
CLM003243,CN-00003243,POL003343,CUST002868,COV003243,2024-11-14,2024-11-17,reopened,theft,956.7,266.01
CLM003244,CN-00003244,POL003344,CUST004050,COV003244,2024-08-01,2024-08-01,closed,theft,932.68,64.76
CLM003245,CN-00003245,POL003345,CUST003766,COV003245,2024-05-09,2024-05-12,open,other,981.39,255.7
CLM003246,CN-00003246,POL003346,CUST004572,COV003246,2026-05-08,2026-05-22,open,other,784.49,79.41
CLM003247,CN-00003247,POL003347,CUST000048,COV003247,2024-02-20,2024-02-29,reopened,weather,637.62,158.21
CLM003248,CN-00003248,POL003348,CUST004358,COV003248,2024-12-22,2025-01-05,closed,other,117.72,21.99
CLM003249,CN-00003249,POL003349,CUST001073,COV003249,2025-07-06,2025-07-18,open,other,588.62,22.71
CLM003250,CN-00003250,POL003350,CUST004462,COV003250,2024-02-05,2024-02-19,reopened,weather,198.65,0.58
CLM003251,CN-00003251,POL003351,CUST000629,COV003251,2024-09-15,2024-09-15,reopened,theft,72.1,5.76
CLM003252,CN-00003252,POL003352,CUST004550,COV003252,2026-08-01,2026-08-07,subrogation,other,191.42,11.59
CLM003253,CN-00003253,POL003353,CUST003185,COV003253,2025-09-13,2025-09-26,closed,collision,111.74,4.33
CLM003254,CN-00003254,POL003354,CUST001573,COV003254,2026-05-23,2026-05-23,subrogation,other,704.47,190.81
CLM003255,CN-00003255,POL003355,CUST002381,COV003255,2025-07-16,2025-07-21,closed,liability,98.57,11.25
CLM003256,CN-00003256,POL003356,CUST004097,COV003256,2024-07-15,2024-07-27,open,weather,280.54,70.37
CLM003257,CN-00003257,POL003357,CUST001087,COV003257,2024-11-11,2024-11-19,reopened,weather,185.3,16.02
CLM003258,CN-00003258,POL003358,CUST000570,COV003258,2026-05-15,2026-05-25,closed,water_damage,910.62,7.01
CLM003259,CN-00003259,POL003359,CUST003945,COV003259,2025-04-14,2025-04-23,closed,weather,451.25,57.31
CLM003260,CN-00003260,POL003360,CUST003822,COV003260,2025-11-26,2025-12-06,subrogation,theft,336.92,42.81
CLM003261,CN-00003261,POL003361,CUST004889,COV003261,2026-04-14,2026-04-18,closed,collision,324.77,72.58
CLM003262,CN-00003262,POL003362,CUST003896,COV003262,2024-05-28,2024-06-06,closed,other,298.45,27.87
CLM003263,CN-00003263,POL003363,CUST002113,COV003263,2024-02-20,2024-03-03,reopened,collision,874.79,42.37
CLM003264,CN-00003264,POL003364,CUST003120,COV003264,2026-03-09,2026-03-10,reopened,water_damage,772.57,75.27
CLM003265,CN-00003265,POL003365,CUST002674,COV003265,2024-10-22,2024-10-28,open,liability,919.85,191.27
CLM003266,CN-00003266,POL003366,CUST003495,COV003266,2024-04-20,2024-04-28,closed,weather,411.97,59.25
CLM003267,CN-00003267,POL003367,CUST003303,COV003267,2024-10-25,2024-11-06,reopened,other,776.03,51.92
CLM003268,CN-00003268,POL003368,CUST000447,COV003268,2025-11-12,2025-11-16,subrogation,collision,627.19,150.38
CLM003269,CN-00003269,POL003369,CUST004496,COV003269,2026-06-24,2026-06-25,reopened,water_damage,269.07,65.68
CLM003270,CN-00003270,POL003370,CUST002783,COV003270,2024-09-30,2024-10-12,denied,other,476.58,73.97
CLM003271,CN-00003271,POL003371,CUST001432,COV003271,2024-01-20,2024-01-21,denied,liability,627.13,107.88
CLM003272,CN-00003272,POL003372,CUST001513,COV003272,2026-02-23,2026-03-01,subrogation,weather,463.53,14.92
CLM003273,CN-00003273,POL003373,CUST004671,COV003273,2024-11-14,2024-11-16,denied,other,347.57,58.88
CLM003274,CN-00003274,POL003374,CUST003711,COV003274,2025-06-18,2025-06-26,closed,theft,53.03,11.31
CLM003275,CN-00003275,POL003375,CUST003846,COV003275,2025-05-22,2025-05-24,subrogation,weather,499.69,93.93
CLM003276,CN-00003276,POL003376,CUST003973,COV003276,2024-02-28,2024-03-04,closed,other,5842.55,1080.48
CLM003277,CN-00003277,POL003377,CUST000660,COV003277,2026-09-11,2026-09-16,closed,collision,426.68,24.88
CLM003278,CN-00003278,POL003378,CUST003956,COV003278,2024-04-12,2024-04-13,denied,liability,493.71,128.72
CLM003279,CN-00003279,POL003379,CUST003824,COV003279,2025-12-21,2025-12-22,denied,other,856.8,162.1
CLM003280,CN-00003280,POL003380,CUST002247,COV003280,2025-08-17,2025-08-21,closed,water_damage,410.31,42.85
CLM003281,CN-00003281,POL003381,CUST002916,COV003281,2026-03-25,2026-04-04,open,liability,964.97,154.71
CLM003282,CN-00003282,POL003382,CUST002967,COV003282,2024-10-03,2024-10-06,open,water_damage,513.77,112.11
CLM003283,CN-00003283,POL003383,CUST002301,COV003283,2024-04-11,2024-04-20,subrogation,collision,441.21,74.4
CLM003284,CN-00003284,POL003384,CUST001039,COV003284,2024-10-21,2024-10-28,closed,collision,440.1,127.49
CLM003285,CN-00003285,POL003385,CUST001105,COV003285,2025-07-26,2025-08-05,reopened,water_damage,148.6,40.43
CLM003286,CN-00003286,POL003386,CUST003995,COV003286,2025-10-26,2025-11-04,closed,weather,417.66,13.7
CLM003287,CN-00003287,POL003387,CUST001988,COV003287,2024-07-31,2024-08-12,open,fire,537.07,23.28
CLM003288,CN-00003288,POL003388,CUST000273,COV003288,2026-01-15,2026-01-15,closed,collision,224.08,54.01
CLM003289,CN-00003289,POL003389,CUST000860,COV003289,2025-11-20,2025-11-28,closed,weather,944.22,139.48
CLM003290,CN-00003290,POL003390,CUST000537,COV003290,2026-06-07,2026-06-07,denied,fire,821.78,203.24
CLM003291,CN-00003291,POL003391,CUST001647,COV003291,2024-06-03,2024-06-10,closed,liability,429.23,93.0
CLM003292,CN-00003292,POL003392,CUST004847,COV003292,2025-08-27,2025-09-10,denied,liability,959.66,94.39
CLM003293,CN-00003293,POL003393,CUST004322,COV003293,2026-01-12,2026-01-25,closed,collision,725.81,57.26
CLM003294,CN-00003294,POL003394,CUST004143,COV003294,2024-11-10,2024-11-17,reopened,water_damage,804.01,110.75
CLM003295,CN-00003295,POL003395,CUST004191,COV003295,2024-07-26,2024-08-08,closed,water_damage,992.0,238.01
CLM003296,CN-00003296,POL003396,CUST003315,COV003296,2025-04-30,2025-04-30,open,water_damage,13560.07,3297.71
CLM003297,CN-00003297,POL003397,CUST002342,COV003297,2024-03-07,2024-03-12,denied,other,278.02,44.94
CLM003298,CN-00003298,POL003398,CUST003708,COV003298,2024-05-03,2024-05-04,reopened,water_damage,94.55,12.11
CLM003299,CN-00003299,POL003399,CUST003908,COV003299,2024-10-12,2024-10-22,open,water_damage,573.69,48.85
CLM003300,CN-00003300,POL003400,CUST002801,COV003300,2024-05-22,2024-05-25,subrogation,collision,730.88,77.78
CLM003301,CN-00003301,POL003401,CUST003058,COV003301,2025-01-31,2025-02-01,open,water_damage,663.63,137.3
CLM003302,CN-00003302,POL003402,CUST003821,COV003302,2026-03-04,2026-03-11,closed,water_damage,283.79,81.45
CLM003303,CN-00003303,POL003403,CUST002636,COV003303,2025-11-07,2025-11-13,closed,liability,525.22,74.77
CLM003304,CN-00003304,POL003404,CUST002821,COV003304,2026-01-08,2026-01-12,subrogation,weather,311.87,45.44
CLM003305,CN-00003305,POL003405,CUST000466,COV003305,2025-07-15,2025-07-29,closed,theft,345.05,66.27
CLM003306,CN-00003306,POL003406,CUST004574,COV003306,2026-06-02,2026-06-09,open,collision,539.99,105.81
CLM003307,CN-00003307,POL003407,CUST002274,COV003307,2026-08-14,2026-08-27,reopened,liability,902.9,117.81
CLM003308,CN-00003308,POL003408,CUST004622,COV003308,2025-08-23,2025-08-23,denied,theft,95.3,10.43
CLM003309,CN-00003309,POL003409,CUST004414,COV003309,2025-10-17,2025-10-31,subrogation,collision,395.98,51.57
CLM003310,CN-00003310,POL003410,CUST000729,COV003310,2024-05-18,2024-05-24,closed,weather,597.96,152.26
CLM003311,CN-00003311,POL003411,CUST004188,COV003311,2025-03-12,2025-03-22,closed,collision,122.18,1.22
CLM003312,CN-00003312,POL003412,CUST003227,COV003312,2024-12-19,2024-12-23,closed,water_damage,529.68,112.75
CLM003313,CN-00003313,POL003413,CUST000719,COV003313,2025-10-13,2025-10-26,closed,water_damage,416.23,7.35
CLM003314,CN-00003314,POL003414,CUST000001,COV003314,2024-04-05,2024-04-19,closed,water_damage,657.77,62.57
CLM003315,CN-00003315,POL003415,CUST000738,COV003315,2026-02-02,2026-02-06,closed,collision,549.1,0.59
CLM003316,CN-00003316,POL003416,CUST002104,COV003316,2024-04-21,2024-04-27,denied,other,986.72,184.93
CLM003317,CN-00003317,POL003417,CUST001177,COV003317,2025-09-13,2025-09-17,closed,liability,7055.45,975.77
CLM003318,CN-00003318,POL003418,CUST004989,COV003318,2025-09-30,2025-10-08,denied,fire,79.31,5.66
CLM003319,CN-00003319,POL003419,CUST004702,COV003319,2026-07-24,2026-08-03,closed,liability,982.28,226.46
CLM003320,CN-00003320,POL003420,CUST004797,COV003320,2024-01-10,2024-01-16,open,liability,247.75,61.35
CLM003321,CN-00003321,POL003421,CUST003231,COV003321,2025-08-14,2025-08-20,reopened,weather,579.44,74.88
CLM003322,CN-00003322,POL003422,CUST001556,COV003322,2024-10-27,2024-10-30,denied,weather,626.68,71.26
CLM003323,CN-00003323,POL003423,CUST003887,COV003323,2025-02-21,2025-02-27,denied,water_damage,610.12,180.63
CLM003324,CN-00003324,POL003424,CUST002406,COV003324,2025-04-28,2025-04-29,closed,other,921.97,10.19
CLM003325,CN-00003325,POL003425,CUST003075,COV003325,2024-12-10,2024-12-15,closed,other,890.03,57.17
CLM003326,CN-00003326,POL003426,CUST004486,COV003326,2026-01-23,2026-01-27,subrogation,fire,491.85,34.4
CLM003327,CN-00003327,POL003427,CUST002613,COV003327,2024-06-06,2024-06-17,reopened,liability,606.32,139.8
CLM003328,CN-00003328,POL003428,CUST000845,COV003328,2024-06-03,2024-06-15,closed,fire,538.68,109.64
CLM003329,CN-00003329,POL003429,CUST001813,COV003329,2026-06-05,2026-06-12,open,other,786.48,17.74
CLM003330,CN-00003330,POL003430,CUST003346,COV003330,2026-06-29,2026-07-08,closed,fire,947.99,85.28
CLM003331,CN-00003331,POL003431,CUST001554,COV003331,2024-08-04,2024-08-04,closed,theft,151.22,19.12
CLM003332,CN-00003332,POL003432,CUST001071,COV003332,2026-05-31,2026-06-01,subrogation,other,216.15,4.03
CLM003333,CN-00003333,POL003433,CUST003385,COV003333,2025-07-10,2025-07-16,closed,fire,595.44,127.27
CLM003334,CN-00003334,POL003434,CUST000544,COV003334,2025-02-28,2025-03-05,reopened,collision,223.71,34.92
CLM003335,CN-00003335,POL003435,CUST004851,COV003335,2025-10-20,2025-10-28,closed,other,465.39,55.26
CLM003336,CN-00003336,POL003436,CUST002760,COV003336,2025-08-12,2025-08-18,denied,water_damage,120.63,20.53
CLM003337,CN-00003337,POL003437,CUST003176,COV003337,2024-05-05,2024-05-11,reopened,liability,426.22,106.38
CLM003338,CN-00003338,POL003438,CUST002376,COV003338,2025-05-06,2025-05-17,closed,water_damage,708.24,8.21
CLM003339,CN-00003339,POL003439,CUST001211,COV003339,2025-06-09,2025-06-22,reopened,other,988.36,69.53
CLM003340,CN-00003340,POL003440,CUST003903,COV003340,2024-07-06,2024-07-18,denied,water_damage,418.65,105.89
CLM003341,CN-00003341,POL003441,CUST002360,COV003341,2025-03-17,2025-03-27,denied,fire,800.43,120.77
CLM003342,CN-00003342,POL003442,CUST000051,COV003342,2026-08-04,2026-08-13,closed,weather,322.15,65.71
CLM003343,CN-00003343,POL003443,CUST000663,COV003343,2024-04-14,2024-04-25,closed,water_damage,314.62,29.15
CLM003344,CN-00003344,POL003444,CUST001437,COV003344,2025-02-07,2025-02-15,denied,liability,10691.96,2071.97
CLM003345,CN-00003345,POL003445,CUST001165,COV003345,2026-09-11,2026-09-19,reopened,collision,811.1,60.22
CLM003346,CN-00003346,POL003446,CUST002321,COV003346,2025-04-06,2025-04-16,subrogation,fire,875.09,261.92
CLM003347,CN-00003347,POL003447,CUST003136,COV003347,2025-01-17,2025-01-20,reopened,water_damage,766.67,221.93
CLM003348,CN-00003348,POL003448,CUST003371,COV003348,2024-09-16,2024-09-22,open,other,504.33,97.88
CLM003349,CN-00003349,POL003449,CUST002058,COV003349,2026-08-08,2026-08-10,reopened,water_damage,453.4,68.29
CLM003350,CN-00003350,POL003450,CUST004297,COV003350,2024-03-09,2024-03-17,open,theft,128.38,24.79
CLM003351,CN-00003351,POL003451,CUST002985,COV003351,2025-10-16,2025-10-30,closed,water_damage,685.72,115.05
CLM003352,CN-00003352,POL003452,CUST002509,COV003352,2024-07-11,2024-07-25,subrogation,theft,574.54,58.95
CLM003353,CN-00003353,POL003453,CUST003786,COV003353,2024-12-04,2024-12-04,reopened,liability,366.21,105.58
CLM003354,CN-00003354,POL003454,CUST003769,COV003354,2025-08-14,2025-08-14,subrogation,liability,384.48,90.41
CLM003355,CN-00003355,POL003455,CUST003234,COV003355,2026-06-30,2026-07-08,denied,liability,125.05,19.22
CLM003356,CN-00003356,POL003456,CUST001706,COV003356,2026-07-03,2026-07-09,reopened,other,330.74,62.84
CLM003357,CN-00003357,POL003457,CUST001900,COV003357,2025-06-25,2025-07-01,reopened,weather,145.39,9.72
CLM003358,CN-00003358,POL003458,CUST003955,COV003358,2024-03-19,2024-03-25,reopened,other,911.51,207.74
CLM003359,CN-00003359,POL003459,CUST002677,COV003359,2026-09-04,2026-09-16,open,liability,85.05,2.56
CLM003360,CN-00003360,POL003460,CUST004791,COV003360,2024-11-03,2024-11-12,subrogation,fire,365.1,78.67
CLM003361,CN-00003361,POL003461,CUST000161,COV003361,2024-06-30,2024-06-30,open,collision,330.99,84.85
CLM003362,CN-00003362,POL003462,CUST000355,COV003362,2025-10-27,2025-10-28,open,liability,354.19,99.93
CLM003363,CN-00003363,POL003463,CUST000337,COV003363,2025-01-25,2025-01-28,closed,water_damage,233.07,12.2
CLM003364,CN-00003364,POL003464,CUST003939,COV003364,2025-07-13,2025-07-26,subrogation,other,857.46,150.24
CLM003365,CN-00003365,POL003465,CUST002682,COV003365,2024-08-15,2024-08-15,closed,water_damage,627.92,147.99
CLM003366,CN-00003366,POL003466,CUST003805,COV003366,2026-01-15,2026-01-16,closed,weather,747.54,219.3
CLM003367,CN-00003367,POL003467,CUST003562,COV003367,2024-01-19,2024-01-20,reopened,theft,694.76,51.69
CLM003368,CN-00003368,POL003468,CUST004049,COV003368,2025-01-12,2025-01-22,open,weather,12294.98,3276.35
CLM003369,CN-00003369,POL003469,CUST002946,COV003369,2025-03-20,2025-04-01,open,theft,514.05,142.85
CLM003370,CN-00003370,POL003470,CUST001128,COV003370,2024-01-06,2024-01-06,closed,other,244.44,49.97
CLM003371,CN-00003371,POL003471,CUST002911,COV003371,2024-11-23,2024-12-01,closed,water_damage,539.83,24.72
CLM003372,CN-00003372,POL003472,CUST003688,COV003372,2025-05-30,2025-06-12,closed,weather,175.72,52.66
CLM003373,CN-00003373,POL003473,CUST001822,COV003373,2024-03-22,2024-03-22,reopened,other,143.65,2.65
CLM003374,CN-00003374,POL003474,CUST000985,COV003374,2024-12-15,2024-12-20,open,water_damage,328.73,26.79
CLM003375,CN-00003375,POL003475,CUST001747,COV003375,2025-01-31,2025-02-14,closed,theft,542.48,99.5
CLM003376,CN-00003376,POL003476,CUST002878,COV003376,2025-05-17,2025-05-17,reopened,collision,819.13,186.47
CLM003377,CN-00003377,POL003477,CUST003834,COV003377,2024-02-20,2024-02-25,open,collision,651.26,21.91
CLM003378,CN-00003378,POL003478,CUST004394,COV003378,2026-08-23,2026-08-24,closed,other,6302.74,1071.03
CLM003379,CN-00003379,POL003479,CUST002458,COV003379,2024-08-16,2024-08-27,reopened,theft,80.37,11.48
CLM003380,CN-00003380,POL003480,CUST004541,COV003380,2026-08-19,2026-09-02,closed,weather,8650.0,1193.53
CLM003381,CN-00003381,POL003481,CUST004180,COV003381,2025-11-21,2025-12-05,closed,weather,14739.32,1781.47
CLM003382,CN-00003382,POL003482,CUST002556,COV003382,2025-09-09,2025-09-15,closed,theft,4780.06,513.21
CLM003383,CN-00003383,POL003483,CUST003830,COV003383,2024-03-04,2024-03-15,closed,liability,376.76,71.22
CLM003384,CN-00003384,POL003484,CUST003243,COV003384,2026-05-03,2026-05-04,closed,theft,267.38,14.13
CLM003385,CN-00003385,POL003485,CUST000794,COV003385,2024-01-01,2024-01-02,open,liability,158.77,3.46
CLM003386,CN-00003386,POL003486,CUST004270,COV003386,2025-12-26,2026-01-01,open,water_damage,860.73,20.66
CLM003387,CN-00003387,POL003487,CUST004545,COV003387,2025-02-17,2025-02-23,denied,theft,577.09,123.11
CLM003388,CN-00003388,POL003488,CUST003592,COV003388,2024-09-04,2024-09-06,denied,fire,882.71,106.47
CLM003389,CN-00003389,POL003489,CUST001525,COV003389,2024-06-21,2024-07-04,subrogation,liability,384.79,51.86
CLM003390,CN-00003390,POL003490,CUST003326,COV003390,2025-03-22,2025-04-05,closed,theft,256.63,73.44
CLM003391,CN-00003391,POL003491,CUST000567,COV003391,2025-08-16,2025-08-23,closed,collision,898.12,22.92
CLM003392,CN-00003392,POL003492,CUST000087,COV003392,2025-12-12,2025-12-13,reopened,other,179.86,44.72
CLM003393,CN-00003393,POL003493,CUST004520,COV003393,2026-09-01,2026-09-12,closed,other,631.73,84.23
CLM003394,CN-00003394,POL003494,CUST000685,COV003394,2024-06-13,2024-06-20,denied,water_damage,732.66,198.97
CLM003395,CN-00003395,POL003495,CUST000864,COV003395,2024-06-04,2024-06-06,closed,collision,230.14,26.51
CLM003396,CN-00003396,POL003496,CUST003701,COV003396,2024-04-06,2024-04-20,reopened,collision,785.1,177.08
CLM003397,CN-00003397,POL003497,CUST000293,COV003397,2025-07-19,2025-07-21,denied,theft,136.35,21.02
CLM003398,CN-00003398,POL003498,CUST002059,COV003398,2024-03-14,2024-03-21,denied,theft,107.24,29.79
CLM003399,CN-00003399,POL003499,CUST002293,COV003399,2024-07-22,2024-08-03,denied,theft,185.18,6.34
CLM003400,CN-00003400,POL003500,CUST004301,COV003400,2024-01-30,2024-02-12,closed,theft,217.72,45.94
CLM003401,CN-00003401,POL003501,CUST004055,COV003401,2024-01-01,2024-01-14,closed,other,486.64,18.98
CLM003402,CN-00003402,POL003502,CUST002419,COV003402,2024-12-28,2025-01-10,closed,theft,844.71,248.77
CLM003403,CN-00003403,POL003503,CUST000780,COV003403,2026-08-23,2026-08-27,subrogation,theft,819.69,181.41
CLM003404,CN-00003404,POL003504,CUST004730,COV003404,2025-04-29,2025-05-13,open,collision,824.34,19.64
CLM003405,CN-00003405,POL003505,CUST000176,COV003405,2024-12-17,2024-12-22,closed,collision,922.24,98.61
CLM003406,CN-00003406,POL003506,CUST003374,COV003406,2025-06-01,2025-06-03,denied,other,301.3,47.91
CLM003407,CN-00003407,POL003507,CUST003151,COV003407,2026-05-24,2026-05-30,closed,fire,284.55,40.33
CLM003408,CN-00003408,POL003508,CUST000907,COV003408,2025-06-22,2025-07-05,subrogation,other,312.06,63.13
CLM003409,CN-00003409,POL003509,CUST002306,COV003409,2026-03-28,2026-04-07,closed,liability,817.65,16.83
CLM003410,CN-00003410,POL003510,CUST003610,COV003410,2024-10-17,2024-10-19,closed,collision,703.77,194.7
CLM003411,CN-00003411,POL003511,CUST004244,COV003411,2024-05-05,2024-05-12,closed,weather,666.75,85.03
CLM003412,CN-00003412,POL003512,CUST003634,COV003412,2026-03-02,2026-03-02,reopened,liability,984.65,67.92
CLM003413,CN-00003413,POL003513,CUST000446,COV003413,2026-07-21,2026-07-25,closed,water_damage,401.16,80.59
CLM003414,CN-00003414,POL003514,CUST003676,COV003414,2025-08-15,2025-08-21,open,other,860.56,115.45
CLM003415,CN-00003415,POL003515,CUST001007,COV003415,2025-01-07,2025-01-12,subrogation,fire,392.19,103.26
CLM003416,CN-00003416,POL003516,CUST001178,COV003416,2024-10-04,2024-10-05,denied,liability,662.16,120.23
CLM003417,CN-00003417,POL003517,CUST003407,COV003417,2024-01-01,2024-01-05,closed,collision,247.79,54.42
CLM003418,CN-00003418,POL003518,CUST004251,COV003418,2025-08-11,2025-08-13,closed,fire,342.37,3.09
CLM003419,CN-00003419,POL003519,CUST001518,COV003419,2024-04-29,2024-05-06,closed,liability,681.56,170.97
CLM003420,CN-00003420,POL003520,CUST002115,COV003420,2025-02-22,2025-02-26,closed,liability,783.6,234.38
CLM003421,CN-00003421,POL003521,CUST004176,COV003421,2024-04-08,2024-04-19,closed,weather,506.21,114.21
CLM003422,CN-00003422,POL003522,CUST002724,COV003422,2025-08-12,2025-08-19,closed,other,316.79,73.38
CLM003423,CN-00003423,POL003523,CUST001491,COV003423,2026-01-13,2026-01-19,denied,weather,140.67,18.36
CLM003424,CN-00003424,POL003524,CUST004243,COV003424,2024-03-06,2024-03-15,open,theft,134.19,21.5
CLM003425,CN-00003425,POL003525,CUST002782,COV003425,2024-10-16,2024-10-29,closed,theft,11475.76,2430.35
CLM003426,CN-00003426,POL003526,CUST000676,COV003426,2025-06-28,2025-07-08,subrogation,liability,906.94,105.7
CLM003427,CN-00003427,POL003527,CUST002502,COV003427,2026-02-24,2026-03-04,closed,liability,468.57,5.13
CLM003428,CN-00003428,POL003528,CUST000387,COV003428,2024-09-06,2024-09-16,closed,fire,672.56,7.52
CLM003429,CN-00003429,POL003529,CUST003056,COV003429,2026-09-12,2026-09-26,subrogation,other,874.76,252.03
CLM003430,CN-00003430,POL003530,CUST001027,COV003430,2024-07-22,2024-07-22,closed,liability,880.79,21.68
CLM003431,CN-00003431,POL003531,CUST003404,COV003431,2024-12-11,2024-12-12,reopened,weather,690.74,46.77
CLM003432,CN-00003432,POL003532,CUST004160,COV003432,2026-01-28,2026-01-29,reopened,fire,404.85,14.81
CLM003433,CN-00003433,POL003533,CUST003930,COV003433,2026-05-06,2026-05-08,denied,liability,102.54,16.12
CLM003434,CN-00003434,POL003534,CUST002537,COV003434,2025-11-18,2025-11-29,reopened,theft,4266.23,850.96
CLM003435,CN-00003435,POL003535,CUST004080,COV003435,2025-01-23,2025-01-25,closed,weather,943.63,27.2
CLM003436,CN-00003436,POL003536,CUST001280,COV003436,2024-10-05,2024-10-09,closed,liability,156.91,36.05
CLM003437,CN-00003437,POL003537,CUST003227,COV003437,2024-06-21,2024-07-05,open,other,498.13,134.39
CLM003438,CN-00003438,POL003538,CUST001514,COV003438,2025-04-04,2025-04-12,closed,other,700.01,118.19
CLM003439,CN-00003439,POL003539,CUST000921,COV003439,2024-11-21,2024-11-29,reopened,collision,268.68,63.41
CLM003440,CN-00003440,POL003540,CUST002919,COV003440,2024-05-10,2024-05-23,closed,fire,996.88,140.65
CLM003441,CN-00003441,POL003541,CUST003512,COV003441,2024-01-14,2024-01-14,closed,liability,391.52,25.44
CLM003442,CN-00003442,POL003542,CUST001487,COV003442,2026-07-21,2026-07-23,denied,theft,963.79,82.43
CLM003443,CN-00003443,POL003543,CUST000144,COV003443,2026-06-24,2026-07-08,closed,weather,818.28,62.54
CLM003444,CN-00003444,POL003544,CUST002136,COV003444,2025-03-10,2025-03-17,denied,liability,717.22,112.05
CLM003445,CN-00003445,POL003545,CUST004921,COV003445,2026-07-01,2026-07-13,closed,theft,13170.69,1368.71
CLM003446,CN-00003446,POL003546,CUST001751,COV003446,2026-04-20,2026-04-21,open,liability,802.35,230.01
CLM003447,CN-00003447,POL003547,CUST000298,COV003447,2026-01-03,2026-01-06,open,fire,670.93,102.16
CLM003448,CN-00003448,POL003548,CUST003546,COV003448,2025-08-16,2025-08-26,denied,water_damage,980.24,0.51
CLM003449,CN-00003449,POL003549,CUST001886,COV003449,2024-11-08,2024-11-10,reopened,water_damage,53.46,4.32
CLM003450,CN-00003450,POL003550,CUST004752,COV003450,2025-01-13,2025-01-22,reopened,water_damage,411.35,99.21
CLM003451,CN-00003451,POL003551,CUST001227,COV003451,2025-03-28,2025-03-28,subrogation,weather,610.66,44.71
CLM003452,CN-00003452,POL003552,CUST004878,COV003452,2025-07-22,2025-07-25,subrogation,liability,7506.53,806.0
CLM003453,CN-00003453,POL003553,CUST004254,COV003453,2026-06-23,2026-06-29,reopened,other,343.5,14.74
CLM003454,CN-00003454,POL003554,CUST004217,COV003454,2026-07-07,2026-07-12,closed,water_damage,939.36,175.28
CLM003455,CN-00003455,POL003555,CUST003671,COV003455,2025-01-29,2025-01-30,reopened,theft,526.52,8.45
CLM003456,CN-00003456,POL003556,CUST003748,COV003456,2024-10-02,2024-10-16,closed,fire,100.91,4.48
CLM003457,CN-00003457,POL003557,CUST002057,COV003457,2024-07-02,2024-07-09,closed,water_damage,650.06,191.55
CLM003458,CN-00003458,POL003558,CUST004081,COV003458,2025-02-20,2025-03-02,closed,collision,385.12,18.42
CLM003459,CN-00003459,POL003559,CUST000934,COV003459,2026-02-15,2026-02-19,denied,collision,531.23,90.66
CLM003460,CN-00003460,POL003560,CUST000172,COV003460,2025-04-03,2025-04-10,closed,liability,450.71,43.72
CLM003461,CN-00003461,POL003561,CUST004799,COV003461,2026-01-07,2026-01-17,open,weather,502.82,57.13
CLM003462,CN-00003462,POL003562,CUST000995,COV003462,2026-01-22,2026-02-04,closed,theft,588.87,171.56
CLM003463,CN-00003463,POL003563,CUST001074,COV003463,2025-04-29,2025-05-04,closed,collision,851.95,238.87
CLM003464,CN-00003464,POL003564,CUST001375,COV003464,2024-02-24,2024-02-29,denied,liability,739.64,92.28
CLM003465,CN-00003465,POL003565,CUST001792,COV003465,2024-08-25,2024-09-04,open,liability,145.78,8.94
CLM003466,CN-00003466,POL003566,CUST002832,COV003466,2026-04-07,2026-04-09,closed,water_damage,173.41,47.16
CLM003467,CN-00003467,POL003567,CUST000956,COV003467,2024-04-07,2024-04-13,open,other,3275.27,931.88
CLM003468,CN-00003468,POL003568,CUST000300,COV003468,2025-10-30,2025-11-03,open,other,877.95,49.14
CLM003469,CN-00003469,POL003569,CUST002940,COV003469,2025-11-18,2025-11-19,open,collision,84.34,0.35
CLM003470,CN-00003470,POL003570,CUST003280,COV003470,2025-05-10,2025-05-16,closed,weather,413.62,4.58
CLM003471,CN-00003471,POL003571,CUST000065,COV003471,2026-01-26,2026-02-05,closed,collision,212.53,20.65
CLM003472,CN-00003472,POL003572,CUST001060,COV003472,2025-09-19,2025-09-20,open,collision,226.13,67.0
CLM003473,CN-00003473,POL003573,CUST001745,COV003473,2026-05-03,2026-05-04,subrogation,collision,403.95,70.76
CLM003474,CN-00003474,POL003574,CUST004328,COV003474,2024-10-10,2024-10-19,subrogation,other,862.33,220.28
CLM003475,CN-00003475,POL003575,CUST004365,COV003475,2025-07-25,2025-08-06,denied,theft,123.03,36.51
CLM003476,CN-00003476,POL003576,CUST003430,COV003476,2024-04-03,2024-04-08,reopened,collision,446.13,110.03
CLM003477,CN-00003477,POL003577,CUST001440,COV003477,2024-05-09,2024-05-23,closed,water_damage,751.38,57.34
CLM003478,CN-00003478,POL003578,CUST004934,COV003478,2025-05-08,2025-05-13,subrogation,liability,607.75,179.25
CLM003479,CN-00003479,POL003579,CUST001198,COV003479,2025-01-18,2025-01-29,reopened,water_damage,60.48,14.46
CLM003480,CN-00003480,POL003580,CUST001719,COV003480,2025-12-01,2025-12-13,closed,liability,242.9,60.6
CLM003481,CN-00003481,POL003581,CUST004373,COV003481,2024-09-18,2024-09-26,open,other,444.73,71.82
CLM003482,CN-00003482,POL003582,CUST004153,COV003482,2024-06-21,2024-07-04,subrogation,water_damage,278.16,76.75
CLM003483,CN-00003483,POL003583,CUST000367,COV003483,2026-09-14,2026-09-26,closed,other,344.56,48.59
CLM003484,CN-00003484,POL003584,CUST003075,COV003484,2026-03-19,2026-03-25,closed,collision,444.44,85.92
CLM003485,CN-00003485,POL003585,CUST002888,COV003485,2024-02-19,2024-02-19,closed,other,634.62,98.59
CLM003486,CN-00003486,POL003586,CUST004538,COV003486,2025-03-31,2025-04-01,denied,collision,66.19,8.19
CLM003487,CN-00003487,POL003587,CUST002728,COV003487,2024-12-23,2025-01-01,reopened,other,159.05,38.82
CLM003488,CN-00003488,POL003588,CUST001765,COV003488,2026-05-26,2026-06-05,reopened,water_damage,992.03,15.36
CLM003489,CN-00003489,POL003589,CUST004675,COV003489,2024-02-08,2024-02-10,closed,theft,926.65,241.04
CLM003490,CN-00003490,POL003590,CUST004439,COV003490,2026-07-27,2026-08-10,closed,collision,69.08,20.54
CLM003491,CN-00003491,POL003591,CUST002338,COV003491,2025-09-01,2025-09-09,closed,theft,115.01,29.18
CLM003492,CN-00003492,POL003592,CUST004297,COV003492,2026-04-15,2026-04-22,closed,liability,884.47,264.48
CLM003493,CN-00003493,POL003593,CUST003550,COV003493,2024-12-05,2024-12-09,closed,theft,656.17,22.6
CLM003494,CN-00003494,POL003594,CUST000953,COV003494,2024-08-01,2024-08-09,closed,other,386.33,106.39
CLM003495,CN-00003495,POL003595,CUST002676,COV003495,2025-02-19,2025-02-19,subrogation,other,815.82,83.75
CLM003496,CN-00003496,POL003596,CUST001719,COV003496,2024-08-02,2024-08-03,subrogation,collision,704.18,194.99
CLM003497,CN-00003497,POL003597,CUST001172,COV003497,2024-07-10,2024-07-18,closed,other,776.47,91.92
CLM003498,CN-00003498,POL003598,CUST002328,COV003498,2024-06-08,2024-06-18,subrogation,liability,240.17,50.2
CLM003499,CN-00003499,POL003599,CUST004676,COV003499,2024-01-07,2024-01-10,closed,fire,310.33,54.65
CLM003500,CN-00003500,POL003600,CUST001761,COV003500,2025-11-19,2025-11-29,closed,water_damage,301.91,10.5
CLM003501,CN-00003501,POL003601,CUST001646,COV003501,2025-08-12,2025-08-26,closed,weather,716.54,182.89
CLM003502,CN-00003502,POL003602,CUST003860,COV003502,2026-05-16,2026-05-30,closed,theft,260.47,11.08
CLM003503,CN-00003503,POL003603,CUST001064,COV003503,2025-07-11,2025-07-15,closed,collision,774.49,123.55
CLM003504,CN-00003504,POL003604,CUST000557,COV003504,2024-09-04,2024-09-07,denied,other,410.87,102.66
CLM003505,CN-00003505,POL003605,CUST003886,COV003505,2025-12-21,2025-12-31,open,liability,142.4,31.01
CLM003506,CN-00003506,POL003606,CUST003871,COV003506,2025-05-23,2025-05-31,subrogation,theft,945.7,67.79
CLM003507,CN-00003507,POL003607,CUST004948,COV003507,2025-05-11,2025-05-11,denied,collision,718.87,40.38
CLM003508,CN-00003508,POL003608,CUST002558,COV003508,2026-08-20,2026-08-27,reopened,weather,610.46,115.95
CLM003509,CN-00003509,POL003609,CUST000718,COV003509,2026-05-17,2026-05-24,open,liability,8565.25,2356.88
CLM003510,CN-00003510,POL003610,CUST004605,COV003510,2024-07-15,2024-07-16,open,other,100.98,17.71
CLM003511,CN-00003511,POL003611,CUST003315,COV003511,2026-08-09,2026-08-17,subrogation,liability,994.84,243.78
CLM003512,CN-00003512,POL003612,CUST002364,COV003512,2024-08-26,2024-09-09,closed,theft,452.71,85.17
CLM003513,CN-00003513,POL003613,CUST004138,COV003513,2024-06-28,2024-07-10,open,collision,528.14,146.87
CLM003514,CN-00003514,POL003614,CUST001239,COV003514,2024-06-24,2024-07-04,closed,liability,778.31,200.96
CLM003515,CN-00003515,POL003615,CUST004018,COV003515,2024-06-22,2024-06-27,subrogation,other,465.89,35.35
CLM003516,CN-00003516,POL003616,CUST004282,COV003516,2025-06-11,2025-06-21,closed,liability,754.23,19.91
CLM003517,CN-00003517,POL003617,CUST000318,COV003517,2025-05-21,2025-05-26,closed,collision,131.12,11.22
CLM003518,CN-00003518,POL003618,CUST003939,COV003518,2025-07-08,2025-07-22,reopened,theft,788.1,180.41
CLM003519,CN-00003519,POL003619,CUST004078,COV003519,2025-12-14,2025-12-15,subrogation,water_damage,495.22,136.7
CLM003520,CN-00003520,POL003620,CUST002532,COV003520,2026-03-23,2026-03-23,reopened,water_damage,731.84,45.04
CLM003521,CN-00003521,POL003621,CUST002208,COV003521,2025-03-10,2025-03-12,denied,liability,62.97,2.61
CLM003522,CN-00003522,POL003622,CUST004900,COV003522,2024-03-01,2024-03-01,open,fire,126.65,21.05
CLM003523,CN-00003523,POL003623,CUST002154,COV003523,2026-03-10,2026-03-21,reopened,collision,834.84,70.0
CLM003524,CN-00003524,POL003624,CUST004153,COV003524,2025-11-22,2025-11-26,closed,weather,533.37,40.66
CLM003525,CN-00003525,POL003625,CUST000562,COV003525,2024-04-23,2024-04-23,closed,fire,858.53,237.32
CLM003526,CN-00003526,POL003626,CUST003643,COV003526,2026-03-30,2026-04-13,closed,fire,567.24,124.05
CLM003527,CN-00003527,POL003627,CUST000744,COV003527,2026-03-27,2026-04-05,closed,fire,605.33,131.17
CLM003528,CN-00003528,POL003628,CUST000378,COV003528,2025-01-24,2025-01-30,closed,collision,606.85,104.08
CLM003529,CN-00003529,POL003629,CUST001292,COV003529,2024-10-15,2024-10-27,reopened,weather,915.89,148.95
CLM003530,CN-00003530,POL003630,CUST003839,COV003530,2024-09-27,2024-09-29,closed,collision,924.82,7.61
CLM003531,CN-00003531,POL003631,CUST000717,COV003531,2024-09-16,2024-09-20,subrogation,fire,275.0,1.72
CLM003532,CN-00003532,POL003632,CUST004613,COV003532,2025-05-05,2025-05-12,closed,other,87.8,20.24
CLM003533,CN-00003533,POL003633,CUST004807,COV003533,2025-05-19,2025-05-30,reopened,water_damage,107.64,27.77
CLM003534,CN-00003534,POL003634,CUST002529,COV003534,2026-06-12,2026-06-23,denied,fire,667.13,29.09
CLM003535,CN-00003535,POL003635,CUST004853,COV003535,2024-01-21,2024-01-27,denied,collision,8203.45,2454.4
CLM003536,CN-00003536,POL003636,CUST003922,COV003536,2025-05-10,2025-05-19,denied,collision,554.13,53.66
CLM003537,CN-00003537,POL003637,CUST002622,COV003537,2024-06-06,2024-06-15,closed,weather,322.81,93.31
CLM003538,CN-00003538,POL003638,CUST003413,COV003538,2025-03-01,2025-03-12,closed,liability,244.02,12.16
CLM003539,CN-00003539,POL003639,CUST000353,COV003539,2024-07-20,2024-07-31,reopened,other,856.55,120.47
CLM003540,CN-00003540,POL003640,CUST000714,COV003540,2024-05-02,2024-05-09,reopened,fire,934.87,10.96
CLM003541,CN-00003541,POL003641,CUST002317,COV003541,2025-07-01,2025-07-04,reopened,theft,721.15,62.58
CLM003542,CN-00003542,POL003642,CUST003615,COV003542,2024-10-24,2024-11-05,reopened,collision,902.16,152.83
CLM003543,CN-00003543,POL003643,CUST004278,COV003543,2025-01-02,2025-01-14,denied,collision,666.44,78.91
CLM003544,CN-00003544,POL003644,CUST002635,COV003544,2025-09-08,2025-09-22,reopened,collision,256.81,39.34
CLM003545,CN-00003545,POL003645,CUST003935,COV003545,2024-11-29,2024-12-10,open,fire,508.26,28.44
CLM003546,CN-00003546,POL003646,CUST002603,COV003546,2026-04-05,2026-04-18,closed,other,616.47,161.56
CLM003547,CN-00003547,POL003647,CUST003838,COV003547,2024-09-25,2024-09-28,open,weather,304.61,62.13
CLM003548,CN-00003548,POL003648,CUST000437,COV003548,2025-01-16,2025-01-20,reopened,collision,348.5,72.73
CLM003549,CN-00003549,POL003649,CUST000293,COV003549,2025-10-27,2025-10-28,closed,weather,620.44,73.88
CLM003550,CN-00003550,POL003650,CUST002291,COV003550,2024-02-23,2024-03-06,subrogation,theft,818.26,9.59
CLM003551,CN-00003551,POL003651,CUST004121,COV003551,2024-10-29,2024-11-12,reopened,collision,327.95,93.24
CLM003552,CN-00003552,POL003652,CUST002346,COV003552,2026-08-06,2026-08-18,open,theft,132.25,4.56
CLM003553,CN-00003553,POL003653,CUST001889,COV003553,2024-11-20,2024-11-21,closed,other,143.26,34.35
CLM003554,CN-00003554,POL003654,CUST002777,COV003554,2024-01-05,2024-01-13,closed,collision,510.93,43.26
CLM003555,CN-00003555,POL003655,CUST002866,COV003555,2024-08-06,2024-08-08,denied,liability,349.58,104.5
CLM003556,CN-00003556,POL003656,CUST001246,COV003556,2024-11-04,2024-11-07,closed,fire,379.56,8.97
CLM003557,CN-00003557,POL003657,CUST004665,COV003557,2024-10-06,2024-10-16,subrogation,fire,994.03,234.85
CLM003558,CN-00003558,POL003658,CUST001952,COV003558,2026-01-22,2026-01-22,open,water_damage,864.18,171.54
CLM003559,CN-00003559,POL003659,CUST003122,COV003559,2025-09-05,2025-09-12,closed,theft,973.19,281.2
CLM003560,CN-00003560,POL003660,CUST000486,COV003560,2025-01-06,2025-01-18,open,collision,791.44,109.51
CLM003561,CN-00003561,POL003661,CUST001557,COV003561,2026-07-30,2026-08-09,closed,theft,327.3,86.67
CLM003562,CN-00003562,POL003662,CUST003028,COV003562,2026-08-17,2026-08-28,open,liability,363.36,1.6
CLM003563,CN-00003563,POL003663,CUST000623,COV003563,2025-05-03,2025-05-03,denied,water_damage,67.19,14.06
CLM003564,CN-00003564,POL003664,CUST000929,COV003564,2025-12-01,2025-12-15,closed,collision,435.98,10.58
CLM003565,CN-00003565,POL003665,CUST003715,COV003565,2025-01-16,2025-01-16,subrogation,liability,496.93,124.54
CLM003566,CN-00003566,POL003666,CUST003644,COV003566,2025-08-01,2025-08-01,denied,other,350.72,25.16
CLM003567,CN-00003567,POL003667,CUST000256,COV003567,2025-02-03,2025-02-07,denied,collision,209.08,35.78
CLM003568,CN-00003568,POL003668,CUST002532,COV003568,2024-02-24,2024-03-03,closed,water_damage,758.43,41.62
CLM003569,CN-00003569,POL003669,CUST002945,COV003569,2025-03-10,2025-03-18,closed,collision,819.6,236.22
CLM003570,CN-00003570,POL003670,CUST002626,COV003570,2026-01-05,2026-01-19,closed,liability,324.96,5.99
CLM003571,CN-00003571,POL003671,CUST004476,COV003571,2026-07-09,2026-07-10,closed,other,854.81,85.7
CLM003572,CN-00003572,POL003672,CUST000189,COV003572,2025-03-25,2025-04-01,reopened,fire,678.42,10.71
CLM003573,CN-00003573,POL003673,CUST004047,COV003573,2026-08-27,2026-09-01,closed,liability,647.55,49.47
CLM003574,CN-00003574,POL003674,CUST002816,COV003574,2026-06-09,2026-06-12,denied,collision,193.88,41.88
CLM003575,CN-00003575,POL003675,CUST002191,COV003575,2024-12-19,2024-12-31,closed,weather,944.5,87.22
CLM003576,CN-00003576,POL003676,CUST004000,COV003576,2026-05-16,2026-05-23,subrogation,collision,407.32,37.77
CLM003577,CN-00003577,POL003677,CUST004598,COV003577,2026-01-07,2026-01-07,denied,fire,941.4,177.81
CLM003578,CN-00003578,POL003678,CUST002547,COV003578,2024-10-21,2024-10-27,open,water_damage,193.57,42.83
CLM003579,CN-00003579,POL003679,CUST004183,COV003579,2024-02-13,2024-02-20,closed,water_damage,621.86,6.38
CLM003580,CN-00003580,POL003680,CUST004024,COV003580,2024-02-01,2024-02-10,reopened,other,793.25,41.12
CLM003581,CN-00003581,POL003681,CUST003409,COV003581,2024-08-09,2024-08-09,reopened,water_damage,275.35,67.07
CLM003582,CN-00003582,POL003682,CUST003021,COV003582,2026-08-23,2026-08-29,closed,collision,819.22,239.17
CLM003583,CN-00003583,POL003683,CUST002057,COV003583,2025-06-24,2025-06-25,open,weather,580.72,135.85
CLM003584,CN-00003584,POL003684,CUST001796,COV003584,2024-05-13,2024-05-23,closed,fire,740.51,73.37
CLM003585,CN-00003585,POL003685,CUST004607,COV003585,2025-05-29,2025-06-08,denied,water_damage,507.62,66.31
CLM003586,CN-00003586,POL003686,CUST002385,COV003586,2024-01-01,2024-01-11,denied,liability,707.8,159.84
CLM003587,CN-00003587,POL003687,CUST002156,COV003587,2025-12-13,2025-12-14,subrogation,fire,800.86,37.89
CLM003588,CN-00003588,POL003688,CUST000415,COV003588,2024-10-12,2024-10-23,denied,liability,467.42,3.3
CLM003589,CN-00003589,POL003689,CUST002455,COV003589,2024-10-28,2024-11-11,open,fire,10212.94,1491.56
CLM003590,CN-00003590,POL003690,CUST003580,COV003590,2026-06-04,2026-06-04,closed,theft,854.41,136.99
CLM003591,CN-00003591,POL003691,CUST002359,COV003591,2026-02-17,2026-02-21,reopened,collision,555.05,85.13
CLM003592,CN-00003592,POL003692,CUST003923,COV003592,2025-05-21,2025-05-21,denied,liability,874.52,148.16
CLM003593,CN-00003593,POL003693,CUST001878,COV003593,2026-02-10,2026-02-16,open,collision,350.95,19.45
CLM003594,CN-00003594,POL003694,CUST003229,COV003594,2024-11-09,2024-11-13,open,liability,275.54,58.17
CLM003595,CN-00003595,POL003695,CUST004386,COV003595,2025-11-08,2025-11-12,closed,liability,167.34,31.63
CLM003596,CN-00003596,POL003696,CUST001000,COV003596,2026-08-02,2026-08-06,subrogation,liability,135.97,22.96
CLM003597,CN-00003597,POL003697,CUST002503,COV003597,2025-05-23,2025-05-31,open,theft,393.86,20.6
CLM003598,CN-00003598,POL003698,CUST000431,COV003598,2026-01-21,2026-01-31,closed,fire,545.52,53.19
CLM003599,CN-00003599,POL003699,CUST003945,COV003599,2025-03-21,2025-03-23,open,other,427.06,66.4
CLM003600,CN-00003600,POL003700,CUST002397,COV003600,2025-02-23,2025-02-24,denied,other,83.02,18.38
CLM003601,CN-00003601,POL003701,CUST001480,COV003601,2024-03-21,2024-03-25,closed,weather,797.1,6.22
CLM003602,CN-00003602,POL003702,CUST002031,COV003602,2024-01-30,2024-02-06,denied,water_damage,618.47,10.26
CLM003603,CN-00003603,POL003703,CUST004394,COV003603,2025-11-25,2025-12-02,closed,collision,272.46,64.02
CLM003604,CN-00003604,POL003704,CUST004229,COV003604,2026-08-07,2026-08-12,subrogation,water_damage,188.63,21.11
CLM003605,CN-00003605,POL003705,CUST002184,COV003605,2026-02-16,2026-02-23,reopened,liability,652.24,87.19
CLM003606,CN-00003606,POL003706,CUST004075,COV003606,2025-07-29,2025-08-02,closed,other,881.76,14.59
CLM003607,CN-00003607,POL003707,CUST001182,COV003607,2026-06-04,2026-06-05,open,liability,922.53,263.53
CLM003608,CN-00003608,POL003708,CUST003352,COV003608,2024-06-25,2024-06-27,closed,other,305.16,24.42
CLM003609,CN-00003609,POL003709,CUST002026,COV003609,2025-06-25,2025-06-27,closed,fire,64.07,16.36
CLM003610,CN-00003610,POL003710,CUST003201,COV003610,2024-06-19,2024-06-23,closed,collision,900.23,68.41
CLM003611,CN-00003611,POL003711,CUST002896,COV003611,2024-09-13,2024-09-21,denied,fire,658.59,128.21
CLM003612,CN-00003612,POL003712,CUST002063,COV003612,2026-03-16,2026-03-28,closed,other,961.26,22.29
CLM003613,CN-00003613,POL003713,CUST003513,COV003613,2024-10-05,2024-10-08,denied,liability,9819.89,1361.47
CLM003614,CN-00003614,POL003714,CUST002122,COV003614,2026-07-13,2026-07-15,closed,other,102.18,11.24
CLM003615,CN-00003615,POL003715,CUST003669,COV003615,2025-09-08,2025-09-19,closed,other,187.85,43.86
CLM003616,CN-00003616,POL003716,CUST004764,COV003616,2024-11-03,2024-11-07,denied,water_damage,406.63,44.1
CLM003617,CN-00003617,POL003717,CUST003518,COV003617,2026-02-03,2026-02-16,subrogation,other,594.55,104.84
CLM003618,CN-00003618,POL003718,CUST001649,COV003618,2025-04-27,2025-05-01,closed,fire,266.12,18.85
CLM003619,CN-00003619,POL003719,CUST003229,COV003619,2024-01-27,2024-02-05,closed,water_damage,805.81,111.82
CLM003620,CN-00003620,POL003720,CUST002693,COV003620,2026-01-01,2026-01-02,closed,other,776.67,99.83
CLM003621,CN-00003621,POL003721,CUST003216,COV003621,2026-04-02,2026-04-14,closed,theft,593.8,98.31
CLM003622,CN-00003622,POL003722,CUST002620,COV003622,2026-07-02,2026-07-10,closed,collision,485.86,61.66
CLM003623,CN-00003623,POL003723,CUST003243,COV003623,2025-02-13,2025-02-19,open,collision,930.64,100.64
CLM003624,CN-00003624,POL003724,CUST000132,COV003624,2025-02-25,2025-03-05,reopened,water_damage,779.25,219.36
CLM003625,CN-00003625,POL003725,CUST002289,COV003625,2026-04-28,2026-04-29,reopened,water_damage,57.0,3.92
CLM003626,CN-00003626,POL003726,CUST003205,COV003626,2024-08-04,2024-08-11,subrogation,weather,524.06,115.86
CLM003627,CN-00003627,POL003727,CUST002753,COV003627,2025-08-24,2025-08-28,reopened,fire,662.64,164.21
CLM003628,CN-00003628,POL003728,CUST003415,COV003628,2024-06-02,2024-06-06,denied,collision,482.75,136.81
CLM003629,CN-00003629,POL003729,CUST001295,COV003629,2026-04-22,2026-05-02,open,fire,521.11,121.67
CLM003630,CN-00003630,POL003730,CUST004778,COV003630,2025-09-20,2025-10-04,open,collision,885.93,259.08
CLM003631,CN-00003631,POL003731,CUST000986,COV003631,2026-04-15,2026-04-29,closed,collision,148.19,33.78
CLM003632,CN-00003632,POL003732,CUST004831,COV003632,2025-04-17,2025-04-24,denied,other,10202.9,3034.14
CLM003633,CN-00003633,POL003733,CUST000198,COV003633,2025-07-31,2025-08-11,closed,theft,616.66,126.98
CLM003634,CN-00003634,POL003734,CUST003625,COV003634,2024-05-15,2024-05-23,reopened,fire,920.1,138.85
CLM003635,CN-00003635,POL003735,CUST003566,COV003635,2026-01-13,2026-01-27,closed,other,654.03,194.37
CLM003636,CN-00003636,POL003736,CUST003354,COV003636,2026-04-07,2026-04-12,closed,water_damage,488.31,135.51
CLM003637,CN-00003637,POL003737,CUST004830,COV003637,2024-06-06,2024-06-07,open,theft,11452.99,2258.77
CLM003638,CN-00003638,POL003738,CUST000625,COV003638,2026-02-21,2026-03-04,subrogation,theft,492.67,132.66
CLM003639,CN-00003639,POL003739,CUST001811,COV003639,2025-01-09,2025-01-10,closed,liability,85.12,8.59
CLM003640,CN-00003640,POL003740,CUST000848,COV003640,2025-04-23,2025-04-24,open,liability,379.22,5.8
CLM003641,CN-00003641,POL003741,CUST001802,COV003641,2026-05-14,2026-05-23,closed,weather,870.68,124.76
CLM003642,CN-00003642,POL003742,CUST003787,COV003642,2026-07-20,2026-07-30,closed,water_damage,922.76,46.97
CLM003643,CN-00003643,POL003743,CUST000017,COV003643,2025-02-17,2025-03-02,closed,other,799.87,197.19
CLM003644,CN-00003644,POL003744,CUST004853,COV003644,2026-04-22,2026-05-03,reopened,fire,676.28,68.82
CLM003645,CN-00003645,POL003745,CUST000813,COV003645,2026-08-05,2026-08-05,closed,theft,381.82,96.24
CLM003646,CN-00003646,POL003746,CUST004698,COV003646,2024-07-14,2024-07-18,closed,other,967.98,232.63
CLM003647,CN-00003647,POL003747,CUST003497,COV003647,2024-01-20,2024-01-30,closed,fire,13206.27,2198.49
CLM003648,CN-00003648,POL003748,CUST003074,COV003648,2025-05-17,2025-05-26,closed,water_damage,7280.53,526.12
CLM003649,CN-00003649,POL003749,CUST000152,COV003649,2024-11-12,2024-11-16,open,theft,643.97,71.49
CLM003650,CN-00003650,POL003750,CUST004579,COV003650,2024-02-09,2024-02-12,closed,liability,647.14,43.16
CLM003651,CN-00003651,POL003751,CUST004700,COV003651,2024-11-09,2024-11-10,subrogation,water_damage,603.21,143.11
CLM003652,CN-00003652,POL003752,CUST001074,COV003652,2026-05-15,2026-05-16,closed,weather,238.52,18.49
CLM003653,CN-00003653,POL003753,CUST004758,COV003653,2024-07-13,2024-07-15,reopened,weather,911.12,132.4
CLM003654,CN-00003654,POL003754,CUST001427,COV003654,2024-05-11,2024-05-18,closed,other,911.74,250.3
CLM003655,CN-00003655,POL003755,CUST001402,COV003655,2025-11-03,2025-11-06,closed,water_damage,341.59,67.22
CLM003656,CN-00003656,POL003756,CUST001400,COV003656,2025-12-22,2025-12-23,open,collision,316.55,78.16
CLM003657,CN-00003657,POL003757,CUST003386,COV003657,2025-07-08,2025-07-10,open,water_damage,129.31,27.51
CLM003658,CN-00003658,POL003758,CUST003261,COV003658,2026-03-31,2026-04-03,closed,other,564.37,17.96
CLM003659,CN-00003659,POL003759,CUST002448,COV003659,2025-07-08,2025-07-09,open,theft,495.73,143.35
CLM003660,CN-00003660,POL003760,CUST004677,COV003660,2026-06-14,2026-06-18,closed,collision,8458.24,2402.24
CLM003661,CN-00003661,POL003761,CUST003239,COV003661,2024-10-15,2024-10-27,closed,water_damage,508.8,142.41
CLM003662,CN-00003662,POL003762,CUST002993,COV003662,2025-09-23,2025-10-04,open,liability,486.3,106.04
CLM003663,CN-00003663,POL003763,CUST004653,COV003663,2024-08-27,2024-09-05,denied,water_damage,905.88,5.5
CLM003664,CN-00003664,POL003764,CUST002638,COV003664,2025-11-23,2025-11-24,closed,fire,750.28,65.08
CLM003665,CN-00003665,POL003765,CUST003182,COV003665,2026-02-12,2026-02-15,reopened,weather,550.36,58.42
CLM003666,CN-00003666,POL003766,CUST004867,COV003666,2026-06-11,2026-06-20,closed,water_damage,444.22,31.91
CLM003667,CN-00003667,POL003767,CUST003357,COV003667,2025-08-12,2025-08-19,closed,collision,525.3,147.74
CLM003668,CN-00003668,POL003768,CUST000377,COV003668,2025-09-02,2025-09-03,reopened,water_damage,246.39,2.85
CLM003669,CN-00003669,POL003769,CUST000381,COV003669,2024-11-13,2024-11-27,denied,fire,194.12,52.79
CLM003670,CN-00003670,POL003770,CUST003524,COV003670,2024-09-14,2024-09-25,denied,fire,179.28,10.01
CLM003671,CN-00003671,POL003771,CUST002816,COV003671,2025-09-22,2025-10-04,reopened,fire,349.96,58.58
CLM003672,CN-00003672,POL003772,CUST002130,COV003672,2025-09-26,2025-09-26,closed,weather,333.75,15.4
CLM003673,CN-00003673,POL003773,CUST000890,COV003673,2024-05-10,2024-05-23,subrogation,theft,79.3,1.0
CLM003674,CN-00003674,POL003774,CUST000216,COV003674,2026-01-27,2026-02-03,closed,collision,707.04,202.91
CLM003675,CN-00003675,POL003775,CUST003300,COV003675,2025-05-02,2025-05-06,reopened,water_damage,361.19,43.99
CLM003676,CN-00003676,POL003776,CUST003191,COV003676,2024-02-01,2024-02-01,open,liability,781.66,109.66
CLM003677,CN-00003677,POL003777,CUST004932,COV003677,2025-07-05,2025-07-15,closed,water_damage,756.13,40.59
CLM003678,CN-00003678,POL003778,CUST004189,COV003678,2025-12-19,2025-12-23,closed,water_damage,267.09,12.05
CLM003679,CN-00003679,POL003779,CUST001570,COV003679,2025-05-04,2025-05-10,reopened,fire,862.31,108.83
CLM003680,CN-00003680,POL003780,CUST002453,COV003680,2025-12-04,2025-12-13,closed,water_damage,918.12,234.55
CLM003681,CN-00003681,POL003781,CUST004731,COV003681,2024-06-20,2024-06-26,denied,fire,67.01,19.24
CLM003682,CN-00003682,POL003782,CUST004713,COV003682,2025-09-12,2025-09-13,closed,liability,51.01,3.82
CLM003683,CN-00003683,POL003783,CUST003870,COV003683,2025-05-20,2025-05-28,denied,theft,565.2,158.89
CLM003684,CN-00003684,POL003784,CUST000857,COV003684,2024-10-19,2024-10-19,subrogation,water_damage,832.03,160.73
CLM003685,CN-00003685,POL003785,CUST000443,COV003685,2025-06-04,2025-06-10,open,fire,949.1,181.11
CLM003686,CN-00003686,POL003786,CUST004415,COV003686,2025-04-23,2025-04-28,closed,collision,608.26,74.99
CLM003687,CN-00003687,POL003787,CUST003774,COV003687,2026-04-23,2026-04-24,closed,collision,242.91,44.76
CLM003688,CN-00003688,POL003788,CUST004435,COV003688,2026-05-22,2026-06-01,closed,theft,576.0,31.82
CLM003689,CN-00003689,POL003789,CUST002793,COV003689,2025-03-10,2025-03-17,closed,collision,633.81,164.06
CLM003690,CN-00003690,POL003790,CUST000441,COV003690,2024-12-20,2024-12-20,reopened,liability,455.35,92.35
CLM003691,CN-00003691,POL003791,CUST004210,COV003691,2025-01-25,2025-01-27,subrogation,other,14718.92,1554.18
CLM003692,CN-00003692,POL003792,CUST001587,COV003692,2025-10-19,2025-10-19,closed,weather,175.56,4.31
CLM003693,CN-00003693,POL003793,CUST001010,COV003693,2025-11-22,2025-11-28,open,fire,326.55,6.32
CLM003694,CN-00003694,POL003794,CUST000115,COV003694,2024-02-15,2024-02-24,closed,fire,771.41,201.9
CLM003695,CN-00003695,POL003795,CUST001426,COV003695,2025-05-01,2025-05-06,closed,liability,625.57,69.38
CLM003696,CN-00003696,POL003796,CUST004292,COV003696,2024-07-17,2024-07-29,reopened,fire,154.1,31.14
CLM003697,CN-00003697,POL003797,CUST000522,COV003697,2026-04-25,2026-04-27,denied,fire,720.47,124.42
CLM003698,CN-00003698,POL003798,CUST003985,COV003698,2026-01-31,2026-02-08,closed,liability,443.37,69.98
CLM003699,CN-00003699,POL003799,CUST003439,COV003699,2024-09-26,2024-10-08,subrogation,theft,602.96,157.54
CLM003700,CN-00003700,POL003800,CUST001226,COV003700,2024-07-28,2024-07-28,closed,weather,103.85,2.98
CLM003701,CN-00003701,POL003801,CUST003881,COV003701,2026-01-11,2026-01-19,closed,weather,940.53,71.73
CLM003702,CN-00003702,POL003802,CUST001872,COV003702,2024-04-06,2024-04-14,closed,fire,550.55,71.12
CLM003703,CN-00003703,POL003803,CUST003143,COV003703,2025-02-10,2025-02-12,open,collision,500.48,85.15
CLM003704,CN-00003704,POL003804,CUST002221,COV003704,2024-06-28,2024-07-05,closed,theft,293.24,44.39
CLM003705,CN-00003705,POL003805,CUST002153,COV003705,2024-09-26,2024-10-08,closed,theft,686.62,4.99
CLM003706,CN-00003706,POL003806,CUST000843,COV003706,2025-11-26,2025-12-08,closed,weather,480.87,34.51
CLM003707,CN-00003707,POL003807,CUST004741,COV003707,2025-04-22,2025-05-04,closed,weather,565.77,168.34
CLM003708,CN-00003708,POL003808,CUST001185,COV003708,2024-08-27,2024-08-29,subrogation,other,7851.22,1893.13
CLM003709,CN-00003709,POL003809,CUST002638,COV003709,2025-05-07,2025-05-15,closed,other,891.3,20.94
CLM003710,CN-00003710,POL003810,CUST000132,COV003710,2024-07-29,2024-08-07,reopened,collision,607.06,162.06
CLM003711,CN-00003711,POL003811,CUST004128,COV003711,2025-02-22,2025-03-08,reopened,collision,369.94,22.6
CLM003712,CN-00003712,POL003812,CUST000958,COV003712,2025-03-29,2025-04-03,closed,weather,530.87,46.08
CLM003713,CN-00003713,POL003813,CUST003143,COV003713,2026-09-07,2026-09-20,reopened,liability,165.62,12.2
CLM003714,CN-00003714,POL003814,CUST001266,COV003714,2024-01-07,2024-01-13,closed,water_damage,895.47,102.47
CLM003715,CN-00003715,POL003815,CUST003614,COV003715,2025-03-18,2025-03-25,subrogation,theft,73.54,2.82
CLM003716,CN-00003716,POL003816,CUST000454,COV003716,2026-01-12,2026-01-14,subrogation,liability,308.0,6.09
CLM003717,CN-00003717,POL003817,CUST001294,COV003717,2025-08-26,2025-08-27,closed,other,187.34,27.19
CLM003718,CN-00003718,POL003818,CUST003259,COV003718,2026-05-19,2026-06-01,reopened,fire,8622.23,2333.17
CLM003719,CN-00003719,POL003819,CUST004535,COV003719,2024-09-25,2024-10-07,closed,liability,930.89,221.46
CLM003720,CN-00003720,POL003820,CUST000596,COV003720,2025-10-03,2025-10-17,open,liability,443.37,120.99
CLM003721,CN-00003721,POL003821,CUST004258,COV003721,2025-11-20,2025-12-02,denied,weather,269.93,52.36
CLM003722,CN-00003722,POL003822,CUST002659,COV003722,2025-10-06,2025-10-07,subrogation,collision,867.94,70.84
CLM003723,CN-00003723,POL003823,CUST002931,COV003723,2024-03-06,2024-03-10,open,liability,127.92,27.4
CLM003724,CN-00003724,POL003824,CUST004430,COV003724,2025-10-23,2025-11-02,denied,water_damage,499.29,89.96
CLM003725,CN-00003725,POL003825,CUST000413,COV003725,2026-03-26,2026-03-31,denied,theft,202.45,30.0
CLM003726,CN-00003726,POL003826,CUST004423,COV003726,2024-12-20,2024-12-28,open,weather,658.38,191.8
CLM003727,CN-00003727,POL003827,CUST002495,COV003727,2026-03-11,2026-03-15,closed,liability,610.68,25.73
CLM003728,CN-00003728,POL003828,CUST004750,COV003728,2024-09-25,2024-10-04,closed,fire,669.4,36.9
CLM003729,CN-00003729,POL003829,CUST001088,COV003729,2024-03-19,2024-04-02,denied,liability,114.18,20.88
CLM003730,CN-00003730,POL003830,CUST000008,COV003730,2025-11-30,2025-12-13,closed,collision,956.03,133.01
CLM003731,CN-00003731,POL003831,CUST004121,COV003731,2026-08-14,2026-08-21,open,weather,247.73,59.86
CLM003732,CN-00003732,POL003832,CUST001806,COV003732,2026-08-29,2026-09-12,closed,collision,748.19,155.69
CLM003733,CN-00003733,POL003833,CUST002832,COV003733,2026-05-08,2026-05-22,open,collision,279.4,63.81
CLM003734,CN-00003734,POL003834,CUST002520,COV003734,2025-02-28,2025-03-07,denied,theft,576.56,29.22
CLM003735,CN-00003735,POL003835,CUST000852,COV003735,2026-07-30,2026-08-10,closed,liability,619.84,66.76
CLM003736,CN-00003736,POL003836,CUST002929,COV003736,2026-02-13,2026-02-18,closed,other,610.99,86.54
CLM003737,CN-00003737,POL003837,CUST000143,COV003737,2026-06-13,2026-06-20,open,fire,373.57,43.63
CLM003738,CN-00003738,POL003838,CUST001124,COV003738,2025-10-09,2025-10-09,closed,liability,267.55,35.26
CLM003739,CN-00003739,POL003839,CUST002225,COV003739,2025-12-22,2025-12-26,closed,other,935.9,131.12
CLM003740,CN-00003740,POL003840,CUST002447,COV003740,2026-02-05,2026-02-10,closed,collision,489.59,2.83
CLM003741,CN-00003741,POL003841,CUST004375,COV003741,2026-03-31,2026-04-08,open,liability,150.69,33.69
CLM003742,CN-00003742,POL003842,CUST004756,COV003742,2025-08-17,2025-08-29,denied,other,290.08,64.61
CLM003743,CN-00003743,POL003843,CUST002487,COV003743,2025-06-13,2025-06-18,open,collision,533.95,27.45
CLM003744,CN-00003744,POL003844,CUST002521,COV003744,2024-04-06,2024-04-13,reopened,water_damage,177.81,9.34
CLM003745,CN-00003745,POL003845,CUST002486,COV003745,2025-11-01,2025-11-07,closed,fire,594.18,96.41
CLM003746,CN-00003746,POL003846,CUST003480,COV003746,2026-08-09,2026-08-16,reopened,liability,67.89,12.59
CLM003747,CN-00003747,POL003847,CUST002543,COV003747,2025-07-25,2025-08-07,closed,water_damage,149.95,6.21
CLM003748,CN-00003748,POL003848,CUST000695,COV003748,2024-05-15,2024-05-16,closed,liability,973.02,117.04
CLM003749,CN-00003749,POL003849,CUST004333,COV003749,2025-04-08,2025-04-17,denied,collision,151.23,18.51
CLM003750,CN-00003750,POL003850,CUST002405,COV003750,2026-01-27,2026-02-07,closed,fire,154.18,9.57
CLM003751,CN-00003751,POL003851,CUST001690,COV003751,2025-06-16,2025-06-23,closed,fire,168.92,18.09
CLM003752,CN-00003752,POL003852,CUST003330,COV003752,2026-03-17,2026-03-24,closed,collision,80.22,15.96
CLM003753,CN-00003753,POL003853,CUST003868,COV003753,2024-07-23,2024-08-01,closed,liability,569.35,43.36
CLM003754,CN-00003754,POL003854,CUST004221,COV003754,2024-01-15,2024-01-20,closed,liability,657.12,17.47
CLM003755,CN-00003755,POL003855,CUST001872,COV003755,2025-08-27,2025-08-29,closed,water_damage,444.14,115.29
CLM003756,CN-00003756,POL003856,CUST001895,COV003756,2024-02-28,2024-03-10,reopened,weather,865.28,238.77
CLM003757,CN-00003757,POL003857,CUST004163,COV003757,2024-02-15,2024-02-29,closed,weather,844.03,78.93
CLM003758,CN-00003758,POL003858,CUST003367,COV003758,2024-03-23,2024-03-31,subrogation,fire,148.51,1.35
CLM003759,CN-00003759,POL003859,CUST003669,COV003759,2025-09-13,2025-09-23,denied,weather,346.08,5.49
CLM003760,CN-00003760,POL003860,CUST002095,COV003760,2026-02-16,2026-02-27,open,water_damage,9625.56,1712.41
CLM003761,CN-00003761,POL003861,CUST001133,COV003761,2024-02-14,2024-02-21,closed,weather,810.64,178.87
CLM003762,CN-00003762,POL003862,CUST002365,COV003762,2026-08-12,2026-08-22,denied,fire,839.5,165.04
CLM003763,CN-00003763,POL003863,CUST002067,COV003763,2025-09-22,2025-09-29,open,fire,756.75,137.35
CLM003764,CN-00003764,POL003864,CUST004292,COV003764,2026-02-17,2026-02-23,closed,fire,977.48,138.5
CLM003765,CN-00003765,POL003865,CUST000777,COV003765,2026-01-21,2026-01-23,closed,liability,8007.59,2305.31
CLM003766,CN-00003766,POL003866,CUST000579,COV003766,2024-09-29,2024-09-29,closed,water_damage,911.08,210.3
CLM003767,CN-00003767,POL003867,CUST003211,COV003767,2024-10-16,2024-10-29,open,fire,925.73,77.9
CLM003768,CN-00003768,POL003868,CUST002456,COV003768,2026-02-11,2026-02-23,subrogation,fire,4820.07,890.87
CLM003769,CN-00003769,POL003869,CUST001200,COV003769,2025-09-30,2025-10-03,reopened,other,969.36,69.71
CLM003770,CN-00003770,POL003870,CUST003237,COV003770,2024-04-08,2024-04-13,closed,theft,799.7,43.03
CLM003771,CN-00003771,POL003871,CUST000222,COV003771,2025-03-14,2025-03-17,open,water_damage,12200.56,1463.37
CLM003772,CN-00003772,POL003872,CUST000084,COV003772,2025-11-11,2025-11-19,denied,water_damage,731.93,105.39
CLM003773,CN-00003773,POL003873,CUST003938,COV003773,2026-01-10,2026-01-24,closed,water_damage,14822.71,737.53
CLM003774,CN-00003774,POL003874,CUST004942,COV003774,2026-03-02,2026-03-06,closed,weather,301.47,65.19
CLM003775,CN-00003775,POL003875,CUST001520,COV003775,2026-06-23,2026-06-25,closed,water_damage,188.21,35.47
CLM003776,CN-00003776,POL003876,CUST002556,COV003776,2026-05-06,2026-05-15,open,other,900.88,221.89
CLM003777,CN-00003777,POL003877,CUST003377,COV003777,2025-10-15,2025-10-18,closed,weather,523.94,24.48
CLM003778,CN-00003778,POL003878,CUST000866,COV003778,2024-03-22,2024-03-22,subrogation,other,290.82,23.62
CLM003779,CN-00003779,POL003879,CUST004992,COV003779,2024-10-09,2024-10-20,subrogation,theft,879.91,64.33
CLM003780,CN-00003780,POL003880,CUST002553,COV003780,2026-02-08,2026-02-18,reopened,collision,592.11,5.95
CLM003781,CN-00003781,POL003881,CUST003753,COV003781,2026-08-27,2026-09-06,closed,collision,739.4,18.77
CLM003782,CN-00003782,POL003882,CUST004580,COV003782,2026-07-25,2026-07-31,closed,other,114.97,31.79
CLM003783,CN-00003783,POL003883,CUST004124,COV003783,2025-10-08,2025-10-17,closed,liability,427.49,33.93
CLM003784,CN-00003784,POL003884,CUST002261,COV003784,2026-05-19,2026-05-28,subrogation,weather,586.22,62.77
CLM003785,CN-00003785,POL003885,CUST004387,COV003785,2024-02-15,2024-02-29,subrogation,liability,5305.17,1399.9
CLM003786,CN-00003786,POL003886,CUST002154,COV003786,2026-04-03,2026-04-12,closed,water_damage,223.93,47.77
CLM003787,CN-00003787,POL003887,CUST002453,COV003787,2024-05-15,2024-05-16,closed,collision,638.28,143.56
CLM003788,CN-00003788,POL003888,CUST003075,COV003788,2024-04-24,2024-04-27,subrogation,collision,854.03,113.22
CLM003789,CN-00003789,POL003889,CUST004028,COV003789,2026-05-18,2026-05-25,closed,theft,3951.86,1169.44
CLM003790,CN-00003790,POL003890,CUST003869,COV003790,2026-01-01,2026-01-06,closed,water_damage,664.26,131.37
CLM003791,CN-00003791,POL003891,CUST002686,COV003791,2024-05-20,2024-05-25,subrogation,other,758.98,209.51
CLM003792,CN-00003792,POL003892,CUST000157,COV003792,2025-05-15,2025-05-23,subrogation,weather,930.63,4.25
CLM003793,CN-00003793,POL003893,CUST004517,COV003793,2025-12-30,2026-01-13,denied,water_damage,312.38,54.83
CLM003794,CN-00003794,POL003894,CUST000321,COV003794,2024-08-09,2024-08-16,open,weather,308.25,39.77
CLM003795,CN-00003795,POL003895,CUST003124,COV003795,2024-03-03,2024-03-03,denied,liability,793.51,62.65
CLM003796,CN-00003796,POL003896,CUST002587,COV003796,2025-03-01,2025-03-13,reopened,collision,882.98,158.69
CLM003797,CN-00003797,POL003897,CUST004314,COV003797,2026-01-28,2026-02-07,closed,other,617.88,151.9
CLM003798,CN-00003798,POL003898,CUST000460,COV003798,2024-12-02,2024-12-04,closed,weather,614.25,12.18
CLM003799,CN-00003799,POL003899,CUST000355,COV003799,2025-05-11,2025-05-24,closed,fire,137.6,0.26
CLM003800,CN-00003800,POL003900,CUST000768,COV003800,2026-08-24,2026-09-01,denied,collision,609.26,158.57
CLM003801,CN-00003801,POL003901,CUST004829,COV003801,2025-08-12,2025-08-23,closed,theft,830.5,211.17
CLM003802,CN-00003802,POL003902,CUST004526,COV003802,2026-05-28,2026-05-31,closed,fire,813.29,102.21
CLM003803,CN-00003803,POL003903,CUST004569,COV003803,2025-01-23,2025-01-23,closed,theft,977.06,85.17
CLM003804,CN-00003804,POL003904,CUST001612,COV003804,2025-10-04,2025-10-11,reopened,collision,599.45,10.78
CLM003805,CN-00003805,POL003905,CUST001161,COV003805,2024-06-01,2024-06-10,closed,liability,339.79,23.02
CLM003806,CN-00003806,POL003906,CUST003242,COV003806,2024-07-22,2024-07-22,subrogation,liability,558.09,144.42
CLM003807,CN-00003807,POL003907,CUST003269,COV003807,2025-10-21,2025-10-27,denied,weather,296.68,63.93
CLM003808,CN-00003808,POL003908,CUST003137,COV003808,2024-04-08,2024-04-09,closed,collision,947.55,274.85
CLM003809,CN-00003809,POL003909,CUST003505,COV003809,2025-07-13,2025-07-20,closed,other,177.11,46.04
CLM003810,CN-00003810,POL003910,CUST003121,COV003810,2024-06-20,2024-06-27,denied,other,14924.07,1461.4
CLM003811,CN-00003811,POL003911,CUST003707,COV003811,2025-02-04,2025-02-17,closed,theft,787.14,40.18
CLM003812,CN-00003812,POL003912,CUST001097,COV003812,2024-12-14,2024-12-17,subrogation,theft,304.15,16.71
CLM003813,CN-00003813,POL003913,CUST004790,COV003813,2026-07-27,2026-08-08,closed,other,733.47,187.1
CLM003814,CN-00003814,POL003914,CUST002394,COV003814,2024-02-05,2024-02-06,subrogation,theft,355.31,2.3
CLM003815,CN-00003815,POL003915,CUST004474,COV003815,2026-03-04,2026-03-08,open,weather,189.38,32.08
CLM003816,CN-00003816,POL003916,CUST002485,COV003816,2025-11-29,2025-11-30,closed,theft,672.64,55.3
CLM003817,CN-00003817,POL003917,CUST002242,COV003817,2026-06-10,2026-06-11,closed,liability,985.86,157.88
CLM003818,CN-00003818,POL003918,CUST003724,COV003818,2025-08-30,2025-09-10,reopened,theft,354.93,83.23
CLM003819,CN-00003819,POL003919,CUST004736,COV003819,2026-07-02,2026-07-13,closed,collision,763.19,186.94
CLM003820,CN-00003820,POL003920,CUST003477,COV003820,2025-10-22,2025-11-04,open,other,317.35,94.05
CLM003821,CN-00003821,POL003921,CUST003941,COV003821,2024-07-08,2024-07-18,open,water_damage,365.67,100.01
CLM003822,CN-00003822,POL003922,CUST002328,COV003822,2024-04-15,2024-04-20,open,other,504.27,141.1
CLM003823,CN-00003823,POL003923,CUST003800,COV003823,2024-04-05,2024-04-08,closed,fire,941.76,148.3
CLM003824,CN-00003824,POL003924,CUST004093,COV003824,2025-02-24,2025-03-10,denied,fire,681.01,159.03
CLM003825,CN-00003825,POL003925,CUST001860,COV003825,2026-06-23,2026-07-02,denied,fire,274.97,36.75
CLM003826,CN-00003826,POL003926,CUST002820,COV003826,2026-03-24,2026-03-30,closed,liability,511.19,70.66
CLM003827,CN-00003827,POL003927,CUST002320,COV003827,2024-03-04,2024-03-10,denied,collision,834.15,78.58
CLM003828,CN-00003828,POL003928,CUST004820,COV003828,2024-06-08,2024-06-09,closed,water_damage,731.01,81.81
CLM003829,CN-00003829,POL003929,CUST003439,COV003829,2024-04-04,2024-04-06,closed,water_damage,988.98,132.39
CLM003830,CN-00003830,POL003930,CUST004132,COV003830,2025-03-24,2025-04-02,subrogation,theft,189.0,27.09
CLM003831,CN-00003831,POL003931,CUST001704,COV003831,2025-09-01,2025-09-15,closed,fire,798.47,56.65
CLM003832,CN-00003832,POL003932,CUST001429,COV003832,2025-02-17,2025-03-02,closed,weather,150.33,41.41
CLM003833,CN-00003833,POL003933,CUST000379,COV003833,2024-01-05,2024-01-06,reopened,fire,285.62,38.44
CLM003834,CN-00003834,POL003934,CUST003758,COV003834,2026-02-24,2026-03-08,closed,collision,143.18,29.39
CLM003835,CN-00003835,POL003935,CUST003840,COV003835,2024-06-14,2024-06-26,subrogation,fire,861.6,243.9
CLM003836,CN-00003836,POL003936,CUST004809,COV003836,2025-06-03,2025-06-08,closed,water_damage,433.67,48.53
CLM003837,CN-00003837,POL003937,CUST003129,COV003837,2026-08-01,2026-08-11,closed,collision,860.03,30.8
CLM003838,CN-00003838,POL003938,CUST000010,COV003838,2024-12-30,2024-12-31,closed,weather,547.35,84.52
CLM003839,CN-00003839,POL003939,CUST001641,COV003839,2024-01-25,2024-02-07,closed,liability,512.72,134.17
CLM003840,CN-00003840,POL003940,CUST004172,COV003840,2024-08-21,2024-09-01,closed,liability,116.75,26.25
CLM003841,CN-00003841,POL003941,CUST001230,COV003841,2025-02-27,2025-03-13,closed,water_damage,142.04,13.69
CLM003842,CN-00003842,POL003942,CUST002839,COV003842,2026-03-08,2026-03-14,open,collision,905.11,221.51
CLM003843,CN-00003843,POL003943,CUST000945,COV003843,2024-01-04,2024-01-05,closed,liability,809.44,104.39
CLM003844,CN-00003844,POL003944,CUST000021,COV003844,2024-07-26,2024-08-02,denied,liability,731.48,194.97
CLM003845,CN-00003845,POL003945,CUST004502,COV003845,2024-05-13,2024-05-17,open,collision,871.51,40.7
CLM003846,CN-00003846,POL003946,CUST003515,COV003846,2025-06-22,2025-07-05,closed,fire,943.26,198.56
CLM003847,CN-00003847,POL003947,CUST004572,COV003847,2025-04-27,2025-05-03,denied,water_damage,923.7,270.54
CLM003848,CN-00003848,POL003948,CUST003554,COV003848,2025-04-15,2025-04-23,closed,other,879.25,22.92
CLM003849,CN-00003849,POL003949,CUST002810,COV003849,2026-07-29,2026-08-01,denied,other,346.59,58.12
CLM003850,CN-00003850,POL003950,CUST000787,COV003850,2025-08-11,2025-08-21,subrogation,weather,88.94,4.87
CLM003851,CN-00003851,POL003951,CUST003457,COV003851,2024-02-16,2024-02-27,closed,weather,11446.59,789.44
CLM003852,CN-00003852,POL003952,CUST000316,COV003852,2025-11-08,2025-11-09,closed,other,935.38,113.06
CLM003853,CN-00003853,POL003953,CUST000172,COV003853,2024-07-07,2024-07-15,subrogation,liability,880.09,137.98
CLM003854,CN-00003854,POL003954,CUST004934,COV003854,2026-09-09,2026-09-23,open,fire,531.59,39.23
CLM003855,CN-00003855,POL003955,CUST000589,COV003855,2024-12-04,2024-12-16,subrogation,weather,703.84,99.82
CLM003856,CN-00003856,POL003956,CUST003637,COV003856,2024-08-11,2024-08-21,closed,collision,61.32,17.29
CLM003857,CN-00003857,POL003957,CUST002546,COV003857,2024-11-30,2024-12-02,reopened,liability,369.12,91.35
CLM003858,CN-00003858,POL003958,CUST003086,COV003858,2026-07-13,2026-07-24,reopened,collision,379.09,19.06
CLM003859,CN-00003859,POL003959,CUST001823,COV003859,2024-09-10,2024-09-13,closed,liability,869.54,27.24
CLM003860,CN-00003860,POL003960,CUST004811,COV003860,2026-07-03,2026-07-14,reopened,other,148.4,39.98
CLM003861,CN-00003861,POL003961,CUST000839,COV003861,2026-07-11,2026-07-21,subrogation,theft,13886.1,826.47
CLM003862,CN-00003862,POL003962,CUST003101,COV003862,2024-03-09,2024-03-13,denied,other,296.43,49.55
CLM003863,CN-00003863,POL003963,CUST000938,COV003863,2025-09-08,2025-09-20,reopened,theft,800.73,119.07
CLM003864,CN-00003864,POL003964,CUST002217,COV003864,2026-07-11,2026-07-11,denied,theft,10881.1,2004.46
CLM003865,CN-00003865,POL003965,CUST004924,COV003865,2025-08-10,2025-08-12,closed,other,923.97,43.33
CLM003866,CN-00003866,POL003966,CUST000272,COV003866,2024-09-23,2024-09-29,closed,weather,861.28,244.12
CLM003867,CN-00003867,POL003967,CUST001862,COV003867,2026-02-10,2026-02-10,closed,collision,807.04,178.97
CLM003868,CN-00003868,POL003968,CUST003368,COV003868,2024-07-26,2024-08-05,denied,fire,472.34,71.2
CLM003869,CN-00003869,POL003969,CUST002748,COV003869,2024-06-26,2024-07-07,reopened,water_damage,853.05,100.98
CLM003870,CN-00003870,POL003970,CUST000448,COV003870,2024-02-26,2024-03-09,open,other,788.69,88.58
CLM003871,CN-00003871,POL003971,CUST002168,COV003871,2025-11-07,2025-11-20,closed,other,284.98,60.32
CLM003872,CN-00003872,POL003972,CUST003277,COV003872,2026-03-19,2026-04-02,denied,collision,925.22,139.51
CLM003873,CN-00003873,POL003973,CUST001100,COV003873,2026-09-07,2026-09-11,subrogation,collision,188.73,51.44
CLM003874,CN-00003874,POL003974,CUST003168,COV003874,2025-12-02,2025-12-03,reopened,fire,288.1,45.63
CLM003875,CN-00003875,POL003975,CUST002765,COV003875,2024-09-09,2024-09-09,denied,weather,350.82,86.71
CLM003876,CN-00003876,POL003976,CUST000937,COV003876,2025-03-19,2025-03-24,reopened,theft,9051.43,2609.18
CLM003877,CN-00003877,POL003977,CUST002819,COV003877,2024-01-25,2024-01-27,reopened,other,895.57,209.6
CLM003878,CN-00003878,POL003978,CUST000933,COV003878,2024-02-26,2024-02-29,reopened,other,882.12,93.05
CLM003879,CN-00003879,POL003979,CUST001637,COV003879,2024-05-21,2024-05-28,denied,collision,263.95,40.33
CLM003880,CN-00003880,POL003980,CUST001226,COV003880,2026-04-17,2026-04-26,reopened,liability,491.71,74.45
CLM003881,CN-00003881,POL003981,CUST001830,COV003881,2024-07-19,2024-07-28,reopened,water_damage,623.51,131.51
CLM003882,CN-00003882,POL003982,CUST000211,COV003882,2024-02-21,2024-02-29,subrogation,fire,618.19,34.16
CLM003883,CN-00003883,POL003983,CUST004713,COV003883,2025-04-29,2025-05-11,reopened,fire,732.36,150.53
CLM003884,CN-00003884,POL003984,CUST004408,COV003884,2026-02-28,2026-03-06,closed,liability,801.85,206.91
CLM003885,CN-00003885,POL003985,CUST001868,COV003885,2026-05-11,2026-05-18,closed,theft,930.69,11.76
CLM003886,CN-00003886,POL003986,CUST000757,COV003886,2024-02-04,2024-02-09,subrogation,theft,299.35,84.36
CLM003887,CN-00003887,POL003987,CUST001188,COV003887,2025-08-22,2025-08-24,denied,collision,7328.59,2042.53
CLM003888,CN-00003888,POL003988,CUST000799,COV003888,2024-05-29,2024-06-11,closed,theft,145.85,19.46
CLM003889,CN-00003889,POL003989,CUST000154,COV003889,2026-05-13,2026-05-26,closed,other,949.3,23.17
CLM003890,CN-00003890,POL003990,CUST004729,COV003890,2024-02-01,2024-02-02,closed,other,138.82,30.79
CLM003891,CN-00003891,POL003991,CUST002031,COV003891,2025-01-21,2025-02-03,closed,weather,659.32,166.67
CLM003892,CN-00003892,POL003992,CUST001883,COV003892,2024-10-03,2024-10-09,reopened,weather,123.41,2.54
CLM003893,CN-00003893,POL003993,CUST004432,COV003893,2025-01-08,2025-01-18,reopened,other,53.76,14.61
CLM003894,CN-00003894,POL003994,CUST000335,COV003894,2025-01-24,2025-01-24,closed,water_damage,690.74,38.21
CLM003895,CN-00003895,POL003995,CUST000185,COV003895,2026-03-11,2026-03-15,reopened,water_damage,8033.52,639.38
CLM003896,CN-00003896,POL003996,CUST003760,COV003896,2026-02-23,2026-03-03,reopened,water_damage,437.64,95.95
CLM003897,CN-00003897,POL003997,CUST000283,COV003897,2026-01-03,2026-01-09,denied,water_damage,254.65,44.99
CLM003898,CN-00003898,POL003998,CUST004809,COV003898,2024-03-08,2024-03-13,closed,theft,949.06,159.19
CLM003899,CN-00003899,POL003999,CUST000558,COV003899,2025-04-16,2025-04-25,open,collision,762.28,86.08
CLM003900,CN-00003900,POL004000,CUST002746,COV003900,2026-07-10,2026-07-15,subrogation,weather,261.78,19.52
CLM003901,CN-00003901,POL004001,CUST001397,COV003901,2025-07-24,2025-07-31,closed,water_damage,150.74,22.34
CLM003902,CN-00003902,POL004002,CUST004559,COV003902,2024-08-10,2024-08-11,open,water_damage,807.35,137.48
CLM003903,CN-00003903,POL004003,CUST004301,COV003903,2025-09-23,2025-09-25,closed,water_damage,920.9,66.73
CLM003904,CN-00003904,POL004004,CUST000012,COV003904,2024-05-07,2024-05-20,reopened,collision,289.44,77.74
CLM003905,CN-00003905,POL004005,CUST002782,COV003905,2026-09-12,2026-09-20,subrogation,collision,213.46,44.01
CLM003906,CN-00003906,POL004006,CUST004581,COV003906,2024-08-24,2024-08-26,open,collision,926.62,169.35
CLM003907,CN-00003907,POL004007,CUST004063,COV003907,2026-05-27,2026-05-31,subrogation,water_damage,442.2,128.53
CLM003908,CN-00003908,POL004008,CUST004482,COV003908,2025-06-25,2025-07-06,closed,fire,368.67,59.68
CLM003909,CN-00003909,POL004009,CUST001556,COV003909,2026-01-11,2026-01-18,closed,other,56.4,7.3
CLM003910,CN-00003910,POL004010,CUST000970,COV003910,2024-06-28,2024-07-05,reopened,liability,746.08,8.54
CLM003911,CN-00003911,POL004011,CUST003935,COV003911,2024-05-23,2024-05-31,denied,collision,681.95,160.98
CLM003912,CN-00003912,POL004012,CUST004586,COV003912,2025-09-08,2025-09-10,closed,water_damage,587.75,162.13
CLM003913,CN-00003913,POL004013,CUST000942,COV003913,2024-12-20,2024-12-21,reopened,water_damage,464.0,102.19
CLM003914,CN-00003914,POL004014,CUST002796,COV003914,2024-04-10,2024-04-17,subrogation,weather,465.87,74.28
CLM003915,CN-00003915,POL004015,CUST000205,COV003915,2025-11-27,2025-12-07,closed,theft,212.03,29.45
CLM003916,CN-00003916,POL004016,CUST002226,COV003916,2025-04-02,2025-04-12,subrogation,fire,964.67,194.59
CLM003917,CN-00003917,POL004017,CUST003352,COV003917,2025-03-18,2025-03-27,open,collision,94.61,5.33
CLM003918,CN-00003918,POL004018,CUST002429,COV003918,2025-03-21,2025-03-21,reopened,weather,566.91,69.45
CLM003919,CN-00003919,POL004019,CUST003927,COV003919,2025-08-10,2025-08-22,closed,collision,66.35,19.58
CLM003920,CN-00003920,POL004020,CUST002239,COV003920,2025-10-09,2025-10-10,denied,theft,787.6,66.6
CLM003921,CN-00003921,POL004021,CUST000930,COV003921,2025-01-03,2025-01-16,closed,theft,73.48,10.14
CLM003922,CN-00003922,POL004022,CUST003054,COV003922,2025-06-20,2025-06-26,denied,other,339.2,99.95
CLM003923,CN-00003923,POL004023,CUST004645,COV003923,2024-04-13,2024-04-24,closed,fire,487.57,129.82
CLM003924,CN-00003924,POL004024,CUST001599,COV003924,2024-04-22,2024-04-25,subrogation,water_damage,385.54,46.91
CLM003925,CN-00003925,POL004025,CUST002524,COV003925,2025-05-05,2025-05-05,subrogation,other,350.73,59.53
CLM003926,CN-00003926,POL004026,CUST002237,COV003926,2026-02-18,2026-02-27,subrogation,theft,841.41,113.07
CLM003927,CN-00003927,POL004027,CUST002309,COV003927,2026-02-27,2026-03-02,reopened,fire,774.61,220.1
CLM003928,CN-00003928,POL004028,CUST000152,COV003928,2024-05-20,2024-05-26,subrogation,fire,928.32,39.43
CLM003929,CN-00003929,POL004029,CUST003039,COV003929,2024-07-24,2024-08-04,closed,fire,7161.79,1547.68
CLM003930,CN-00003930,POL004030,CUST004867,COV003930,2026-04-21,2026-04-26,closed,theft,743.98,68.7
CLM003931,CN-00003931,POL004031,CUST001547,COV003931,2025-01-06,2025-01-10,closed,collision,164.87,7.49
CLM003932,CN-00003932,POL004032,CUST000804,COV003932,2025-01-10,2025-01-16,subrogation,theft,796.5,183.98
CLM003933,CN-00003933,POL004033,CUST004651,COV003933,2024-05-30,2024-06-06,closed,liability,73.93,7.31
CLM003934,CN-00003934,POL004034,CUST000240,COV003934,2025-09-02,2025-09-02,closed,theft,731.3,184.95
CLM003935,CN-00003935,POL004035,CUST001347,COV003935,2025-07-31,2025-08-06,subrogation,other,864.34,200.6
CLM003936,CN-00003936,POL004036,CUST000391,COV003936,2025-04-15,2025-04-29,open,theft,419.38,68.68
CLM003937,CN-00003937,POL004037,CUST001999,COV003937,2025-05-30,2025-06-10,open,theft,759.85,12.76
CLM003938,CN-00003938,POL004038,CUST004855,COV003938,2024-10-16,2024-10-27,subrogation,weather,11577.69,3028.11
CLM003939,CN-00003939,POL004039,CUST000618,COV003939,2026-07-01,2026-07-05,closed,fire,827.59,42.11
CLM003940,CN-00003940,POL004040,CUST001977,COV003940,2026-05-24,2026-05-25,closed,theft,124.44,11.23
CLM003941,CN-00003941,POL004041,CUST002474,COV003941,2024-10-21,2024-11-04,reopened,weather,759.16,220.71
CLM003942,CN-00003942,POL004042,CUST004313,COV003942,2025-03-20,2025-03-22,closed,liability,879.81,179.88
CLM003943,CN-00003943,POL004043,CUST001886,COV003943,2025-01-04,2025-01-08,open,water_damage,877.59,126.04
CLM003944,CN-00003944,POL004044,CUST001203,COV003944,2024-09-26,2024-10-06,closed,liability,827.05,167.71
CLM003945,CN-00003945,POL004045,CUST000866,COV003945,2025-10-16,2025-10-29,closed,theft,8760.23,1191.63
CLM003946,CN-00003946,POL004046,CUST002643,COV003946,2024-10-25,2024-10-28,denied,theft,134.9,11.86
CLM003947,CN-00003947,POL004047,CUST004268,COV003947,2026-04-17,2026-04-18,open,weather,79.04,6.05
CLM003948,CN-00003948,POL004048,CUST002727,COV003948,2026-09-15,2026-09-26,subrogation,collision,973.36,20.93
CLM003949,CN-00003949,POL004049,CUST002094,COV003949,2025-10-05,2025-10-12,closed,weather,302.82,10.53
CLM003950,CN-00003950,POL004050,CUST002179,COV003950,2026-08-16,2026-08-17,denied,liability,414.68,3.37
CLM003951,CN-00003951,POL004051,CUST001275,COV003951,2026-08-30,2026-09-04,closed,weather,130.86,21.36
CLM003952,CN-00003952,POL004052,CUST003907,COV003952,2024-11-10,2024-11-24,closed,collision,442.92,40.97
CLM003953,CN-00003953,POL004053,CUST000057,COV003953,2024-10-22,2024-10-24,denied,liability,333.15,89.57
CLM003954,CN-00003954,POL004054,CUST001242,COV003954,2024-09-08,2024-09-22,closed,weather,910.14,43.97
CLM003955,CN-00003955,POL004055,CUST000383,COV003955,2026-09-07,2026-09-21,denied,liability,692.45,21.96
CLM003956,CN-00003956,POL004056,CUST000098,COV003956,2024-12-01,2024-12-05,reopened,other,603.87,87.96
CLM003957,CN-00003957,POL004057,CUST003999,COV003957,2026-06-19,2026-06-25,denied,fire,320.87,28.78
CLM003958,CN-00003958,POL004058,CUST002393,COV003958,2026-02-01,2026-02-04,reopened,liability,743.85,155.08
CLM003959,CN-00003959,POL004059,CUST003692,COV003959,2024-12-09,2024-12-14,denied,theft,147.41,32.21
CLM003960,CN-00003960,POL004060,CUST003890,COV003960,2025-06-10,2025-06-24,closed,weather,601.22,35.83
CLM003961,CN-00003961,POL004061,CUST003062,COV003961,2025-08-28,2025-09-03,closed,fire,293.66,6.16
CLM003962,CN-00003962,POL004062,CUST001355,COV003962,2025-07-17,2025-07-26,closed,liability,839.36,201.55
CLM003963,CN-00003963,POL004063,CUST003315,COV003963,2025-07-24,2025-07-24,closed,liability,139.01,28.2
CLM003964,CN-00003964,POL004064,CUST004729,COV003964,2025-06-13,2025-06-17,reopened,collision,979.99,277.36
CLM003965,CN-00003965,POL004065,CUST001855,COV003965,2025-08-09,2025-08-18,reopened,weather,822.22,186.99
CLM003966,CN-00003966,POL004066,CUST003038,COV003966,2026-02-13,2026-02-17,closed,liability,802.37,104.77
CLM003967,CN-00003967,POL004067,CUST003291,COV003967,2024-02-23,2024-03-04,closed,weather,545.07,16.28
CLM003968,CN-00003968,POL004068,CUST002219,COV003968,2025-10-15,2025-10-19,closed,theft,931.61,116.34
CLM003969,CN-00003969,POL004069,CUST004638,COV003969,2025-08-10,2025-08-19,subrogation,water_damage,592.18,46.92
CLM003970,CN-00003970,POL004070,CUST000545,COV003970,2024-10-06,2024-10-15,denied,fire,415.44,45.68
CLM003971,CN-00003971,POL004071,CUST002686,COV003971,2024-08-18,2024-08-25,subrogation,other,308.45,62.08
CLM003972,CN-00003972,POL004072,CUST000734,COV003972,2024-03-12,2024-03-17,subrogation,collision,454.5,73.4
CLM003973,CN-00003973,POL004073,CUST000805,COV003973,2024-05-17,2024-05-31,closed,water_damage,871.09,207.63
CLM003974,CN-00003974,POL004074,CUST002463,COV003974,2026-01-07,2026-01-08,closed,weather,859.21,14.76
CLM003975,CN-00003975,POL004075,CUST002434,COV003975,2026-04-07,2026-04-12,closed,water_damage,663.49,85.5
CLM003976,CN-00003976,POL004076,CUST004195,COV003976,2025-04-30,2025-05-11,closed,theft,776.64,42.34
CLM003977,CN-00003977,POL004077,CUST001222,COV003977,2024-10-15,2024-10-27,reopened,theft,13273.21,2334.56
CLM003978,CN-00003978,POL004078,CUST001737,COV003978,2026-02-03,2026-02-03,closed,weather,200.47,57.42
CLM003979,CN-00003979,POL004079,CUST004075,COV003979,2025-09-02,2025-09-10,reopened,weather,489.85,89.63
CLM003980,CN-00003980,POL004080,CUST001336,COV003980,2026-05-25,2026-06-05,open,collision,9863.26,150.01
CLM003981,CN-00003981,POL004081,CUST004674,COV003981,2024-02-13,2024-02-18,denied,fire,562.47,78.99
CLM003982,CN-00003982,POL004082,CUST000443,COV003982,2024-01-11,2024-01-17,closed,fire,869.93,169.26
CLM003983,CN-00003983,POL004083,CUST004429,COV003983,2025-11-26,2025-11-27,subrogation,weather,296.35,41.01
CLM003984,CN-00003984,POL004084,CUST002156,COV003984,2024-08-25,2024-08-26,closed,weather,982.17,144.48
CLM003985,CN-00003985,POL004085,CUST000409,COV003985,2025-03-27,2025-03-30,closed,weather,556.69,64.19
CLM003986,CN-00003986,POL004086,CUST002720,COV003986,2025-07-16,2025-07-16,subrogation,fire,396.61,77.94
CLM003987,CN-00003987,POL004087,CUST002913,COV003987,2025-09-09,2025-09-18,open,water_damage,972.66,177.5
CLM003988,CN-00003988,POL004088,CUST002784,COV003988,2024-07-15,2024-07-15,reopened,other,694.4,204.55
CLM003989,CN-00003989,POL004089,CUST001482,COV003989,2024-08-11,2024-08-11,reopened,other,971.04,53.13
CLM003990,CN-00003990,POL004090,CUST002083,COV003990,2024-03-23,2024-03-31,closed,collision,329.77,29.1
CLM003991,CN-00003991,POL004091,CUST003248,COV003991,2025-02-07,2025-02-10,closed,water_damage,198.26,15.19
CLM003992,CN-00003992,POL004092,CUST001943,COV003992,2025-09-19,2025-09-21,denied,collision,810.9,232.59
CLM003993,CN-00003993,POL004093,CUST004018,COV003993,2025-12-14,2025-12-21,closed,weather,678.16,41.58
CLM003994,CN-00003994,POL004094,CUST004830,COV003994,2025-04-06,2025-04-17,subrogation,fire,758.42,42.39
CLM003995,CN-00003995,POL004095,CUST003120,COV003995,2025-09-12,2025-09-21,subrogation,fire,319.92,70.89
CLM003996,CN-00003996,POL004096,CUST002203,COV003996,2024-10-15,2024-10-27,denied,collision,302.6,42.54
CLM003997,CN-00003997,POL004097,CUST003233,COV003997,2024-06-19,2024-06-20,closed,collision,236.52,62.75
CLM003998,CN-00003998,POL004098,CUST003466,COV003998,2025-06-19,2025-07-01,subrogation,water_damage,489.14,59.85
CLM003999,CN-00003999,POL004099,CUST000442,COV003999,2025-10-14,2025-10-23,closed,water_damage,388.89,9.58
CLM004000,CN-00004000,POL004100,CUST004711,COV004000,2025-12-28,2026-01-02,reopened,other,665.9,115.18
CLM004001,CN-00004001,POL004101,CUST001526,COV004001,2024-06-02,2024-06-16,reopened,collision,11219.03,1594.91
CLM004002,CN-00004002,POL004102,CUST001275,COV004002,2025-05-05,2025-05-17,closed,collision,838.11,107.74
CLM004003,CN-00004003,POL004103,CUST000334,COV004003,2024-06-08,2024-06-14,subrogation,collision,332.08,84.52
CLM004004,CN-00004004,POL004104,CUST000276,COV004004,2025-06-14,2025-06-24,open,other,169.91,10.73
CLM004005,CN-00004005,POL004105,CUST004232,COV004005,2025-03-30,2025-04-08,reopened,weather,959.86,104.29
CLM004006,CN-00004006,POL004106,CUST003411,COV004006,2026-05-22,2026-06-05,closed,fire,306.78,68.9
CLM004007,CN-00004007,POL004107,CUST001638,COV004007,2025-06-27,2025-07-10,open,water_damage,485.38,14.71
CLM004008,CN-00004008,POL004108,CUST001752,COV004008,2026-04-16,2026-04-28,subrogation,fire,337.73,92.35
CLM004009,CN-00004009,POL004109,CUST002404,COV004009,2024-12-25,2025-01-07,closed,collision,525.86,32.49
CLM004010,CN-00004010,POL004110,CUST002498,COV004010,2025-10-29,2025-11-04,open,other,180.49,15.32
CLM004011,CN-00004011,POL004111,CUST002173,COV004011,2024-01-14,2024-01-25,subrogation,fire,434.89,82.5
CLM004012,CN-00004012,POL004112,CUST002594,COV004012,2026-07-03,2026-07-07,subrogation,fire,235.91,15.57
CLM004013,CN-00004013,POL004113,CUST000104,COV004013,2025-01-21,2025-01-31,subrogation,liability,599.29,113.0
CLM004014,CN-00004014,POL004114,CUST004679,COV004014,2026-03-22,2026-03-30,closed,collision,230.0,48.05
CLM004015,CN-00004015,POL004115,CUST000290,COV004015,2025-04-10,2025-04-22,reopened,water_damage,956.03,30.66
CLM004016,CN-00004016,POL004116,CUST004391,COV004016,2026-05-02,2026-05-03,subrogation,liability,11427.3,1192.75
CLM004017,CN-00004017,POL004117,CUST002907,COV004017,2024-01-21,2024-01-25,closed,fire,400.54,3.42
CLM004018,CN-00004018,POL004118,CUST004456,COV004018,2025-02-22,2025-03-05,open,liability,225.99,63.46
CLM004019,CN-00004019,POL004119,CUST000752,COV004019,2024-03-11,2024-03-21,closed,fire,597.63,69.83
CLM004020,CN-00004020,POL004120,CUST001857,COV004020,2025-04-23,2025-04-23,denied,fire,499.2,33.34
CLM004021,CN-00004021,POL004121,CUST000736,COV004021,2025-01-17,2025-01-22,denied,theft,167.25,10.3
CLM004022,CN-00004022,POL004122,CUST003220,COV004022,2026-04-14,2026-04-28,open,liability,502.6,38.25
CLM004023,CN-00004023,POL004123,CUST003905,COV004023,2024-09-25,2024-10-02,denied,weather,522.72,97.66
CLM004024,CN-00004024,POL004124,CUST003047,COV004024,2024-01-26,2024-02-09,subrogation,weather,512.95,24.81
CLM004025,CN-00004025,POL004125,CUST004786,COV004025,2025-07-20,2025-07-23,closed,liability,770.77,184.3
CLM004026,CN-00004026,POL004126,CUST002934,COV004026,2024-09-22,2024-09-30,closed,liability,12792.56,2403.62
CLM004027,CN-00004027,POL004127,CUST002109,COV004027,2025-01-24,2025-02-06,closed,water_damage,526.11,117.2
CLM004028,CN-00004028,POL004128,CUST000207,COV004028,2025-09-27,2025-09-28,closed,weather,642.91,180.99
CLM004029,CN-00004029,POL004129,CUST000182,COV004029,2024-05-31,2024-06-08,subrogation,liability,413.88,40.77
CLM004030,CN-00004030,POL004130,CUST003188,COV004030,2024-07-28,2024-07-30,closed,fire,574.94,147.5
CLM004031,CN-00004031,POL004131,CUST003858,COV004031,2026-01-08,2026-01-13,closed,liability,111.11,11.78
CLM004032,CN-00004032,POL004132,CUST004121,COV004032,2025-10-14,2025-10-21,closed,other,796.69,2.03
CLM004033,CN-00004033,POL004133,CUST001438,COV004033,2024-03-14,2024-03-27,reopened,liability,497.42,17.76
CLM004034,CN-00004034,POL004134,CUST002099,COV004034,2025-11-21,2025-11-30,closed,fire,283.84,35.18
CLM004035,CN-00004035,POL004135,CUST004615,COV004035,2024-05-18,2024-05-29,denied,theft,978.66,144.5
CLM004036,CN-00004036,POL004136,CUST000575,COV004036,2025-06-21,2025-06-27,subrogation,other,182.6,45.79
CLM004037,CN-00004037,POL004137,CUST004643,COV004037,2026-08-09,2026-08-20,denied,other,524.29,30.76
CLM004038,CN-00004038,POL004138,CUST004351,COV004038,2026-09-07,2026-09-11,subrogation,fire,741.54,118.99
CLM004039,CN-00004039,POL004139,CUST002871,COV004039,2026-06-13,2026-06-21,subrogation,fire,485.09,33.47
CLM004040,CN-00004040,POL004140,CUST001729,COV004040,2024-04-18,2024-04-23,closed,other,897.28,132.34
CLM004041,CN-00004041,POL004141,CUST004211,COV004041,2024-05-31,2024-06-12,denied,fire,915.9,2.05
CLM004042,CN-00004042,POL004142,CUST001277,COV004042,2025-05-07,2025-05-11,closed,liability,128.82,7.89
CLM004043,CN-00004043,POL004143,CUST002506,COV004043,2026-06-06,2026-06-20,open,weather,486.75,42.42
CLM004044,CN-00004044,POL004144,CUST003940,COV004044,2024-04-12,2024-04-15,denied,weather,355.83,68.96
CLM004045,CN-00004045,POL004145,CUST000681,COV004045,2025-06-18,2025-07-02,closed,water_damage,230.36,62.91
CLM004046,CN-00004046,POL004146,CUST004352,COV004046,2024-09-29,2024-10-09,reopened,other,342.42,94.17
CLM004047,CN-00004047,POL004147,CUST001344,COV004047,2025-06-11,2025-06-12,open,water_damage,599.65,24.97
CLM004048,CN-00004048,POL004148,CUST004528,COV004048,2024-06-17,2024-06-18,denied,fire,317.54,90.03
CLM004049,CN-00004049,POL004149,CUST002019,COV004049,2025-06-13,2025-06-27,closed,weather,776.65,194.23
CLM004050,CN-00004050,POL004150,CUST002167,COV004050,2026-06-15,2026-06-24,closed,weather,635.34,72.05
CLM004051,CN-00004051,POL004151,CUST003848,COV004051,2025-10-14,2025-10-26,open,water_damage,599.32,74.52
CLM004052,CN-00004052,POL004152,CUST001758,COV004052,2026-05-02,2026-05-09,open,other,461.56,97.39
CLM004053,CN-00004053,POL004153,CUST004188,COV004053,2026-08-31,2026-09-02,open,collision,485.74,110.11
CLM004054,CN-00004054,POL004154,CUST003590,COV004054,2026-08-30,2026-09-11,open,water_damage,555.2,143.36
CLM004055,CN-00004055,POL004155,CUST001004,COV004055,2025-01-20,2025-02-01,closed,fire,802.8,79.97
CLM004056,CN-00004056,POL004156,CUST003330,COV004056,2025-03-10,2025-03-12,subrogation,collision,943.37,9.18
CLM004057,CN-00004057,POL004157,CUST003676,COV004057,2025-06-28,2025-07-02,closed,weather,56.85,13.51
CLM004058,CN-00004058,POL004158,CUST002894,COV004058,2025-12-04,2025-12-16,denied,other,873.82,63.73
CLM004059,CN-00004059,POL004159,CUST003170,COV004059,2024-02-09,2024-02-11,reopened,theft,752.76,120.37
CLM004060,CN-00004060,POL004160,CUST000932,COV004060,2025-03-26,2025-04-03,closed,liability,199.98,40.22
CLM004061,CN-00004061,POL004161,CUST001422,COV004061,2026-01-10,2026-01-13,reopened,weather,56.48,3.87
CLM004062,CN-00004062,POL004162,CUST000810,COV004062,2026-03-30,2026-04-07,open,liability,349.86,47.44
CLM004063,CN-00004063,POL004163,CUST000807,COV004063,2025-09-23,2025-10-01,closed,fire,238.34,70.76
CLM004064,CN-00004064,POL004164,CUST000229,COV004064,2024-11-24,2024-12-05,subrogation,other,549.98,82.49
CLM004065,CN-00004065,POL004165,CUST004960,COV004065,2026-02-08,2026-02-15,subrogation,fire,770.65,131.97
CLM004066,CN-00004066,POL004166,CUST003260,COV004066,2024-03-10,2024-03-10,closed,water_damage,116.44,23.6
CLM004067,CN-00004067,POL004167,CUST004847,COV004067,2025-10-04,2025-10-18,reopened,liability,861.91,33.3
CLM004068,CN-00004068,POL004168,CUST004555,COV004068,2025-05-29,2025-06-01,closed,collision,626.49,107.18
CLM004069,CN-00004069,POL004169,CUST000627,COV004069,2026-07-18,2026-07-27,closed,fire,106.24,22.1
CLM004070,CN-00004070,POL004170,CUST003982,COV004070,2025-08-01,2025-08-08,closed,other,475.8,140.48
CLM004071,CN-00004071,POL004171,CUST004309,COV004071,2025-07-24,2025-07-29,subrogation,weather,3279.39,137.4
CLM004072,CN-00004072,POL004172,CUST000969,COV004072,2025-04-19,2025-04-19,subrogation,theft,754.13,117.27
CLM004073,CN-00004073,POL004173,CUST003012,COV004073,2025-12-16,2025-12-18,closed,weather,823.08,125.27
CLM004074,CN-00004074,POL004174,CUST000541,COV004074,2024-01-04,2024-01-07,open,liability,927.82,220.4
CLM004075,CN-00004075,POL004175,CUST000149,COV004075,2026-02-17,2026-02-21,open,fire,913.37,199.93
CLM004076,CN-00004076,POL004176,CUST004532,COV004076,2026-02-08,2026-02-16,denied,theft,929.16,238.74
CLM004077,CN-00004077,POL004177,CUST004384,COV004077,2025-05-17,2025-05-24,closed,water_damage,729.84,173.24
CLM004078,CN-00004078,POL004178,CUST002625,COV004078,2025-09-02,2025-09-06,denied,weather,707.47,208.04
CLM004079,CN-00004079,POL004179,CUST003710,COV004079,2025-04-10,2025-04-17,denied,water_damage,6851.28,1557.88
CLM004080,CN-00004080,POL004180,CUST002380,COV004080,2024-06-01,2024-06-04,closed,weather,299.22,45.55
CLM004081,CN-00004081,POL004181,CUST002353,COV004081,2026-09-02,2026-09-16,open,theft,238.73,41.29
CLM004082,CN-00004082,POL004182,CUST002819,COV004082,2025-01-12,2025-01-14,reopened,theft,491.3,18.22
CLM004083,CN-00004083,POL004183,CUST000373,COV004083,2025-10-28,2025-11-09,subrogation,fire,699.43,197.17
CLM004084,CN-00004084,POL004184,CUST001195,COV004084,2024-08-17,2024-08-31,denied,water_damage,362.04,103.88
CLM004085,CN-00004085,POL004185,CUST004254,COV004085,2026-02-14,2026-02-23,closed,liability,503.02,105.25
CLM004086,CN-00004086,POL004186,CUST004402,COV004086,2025-09-04,2025-09-18,open,weather,75.18,17.45
CLM004087,CN-00004087,POL004187,CUST004701,COV004087,2026-06-25,2026-06-25,closed,weather,521.75,22.52
CLM004088,CN-00004088,POL004188,CUST004615,COV004088,2024-07-26,2024-07-26,open,weather,932.93,52.53
CLM004089,CN-00004089,POL004189,CUST003489,COV004089,2024-05-25,2024-06-06,subrogation,fire,6245.79,1260.0
CLM004090,CN-00004090,POL004190,CUST001633,COV004090,2025-03-07,2025-03-11,subrogation,weather,96.05,2.25
CLM004091,CN-00004091,POL004191,CUST000330,COV004091,2025-03-11,2025-03-14,denied,other,205.91,9.01
CLM004092,CN-00004092,POL004192,CUST000123,COV004092,2025-08-04,2025-08-12,closed,weather,236.58,11.41
CLM004093,CN-00004093,POL004193,CUST002652,COV004093,2026-03-01,2026-03-06,reopened,collision,818.77,155.7
CLM004094,CN-00004094,POL004194,CUST000498,COV004094,2025-10-16,2025-10-20,subrogation,theft,313.54,25.62
CLM004095,CN-00004095,POL004195,CUST001137,COV004095,2024-12-06,2024-12-06,closed,weather,849.25,88.9
CLM004096,CN-00004096,POL004196,CUST000423,COV004096,2024-07-19,2024-07-27,closed,theft,798.63,109.43
CLM004097,CN-00004097,POL004197,CUST000691,COV004097,2025-10-01,2025-10-04,closed,water_damage,130.26,5.74
CLM004098,CN-00004098,POL004198,CUST004285,COV004098,2024-12-05,2024-12-19,reopened,other,393.63,42.91
CLM004099,CN-00004099,POL004199,CUST001365,COV004099,2024-06-19,2024-07-02,subrogation,water_damage,882.18,162.72
CLM004100,CN-00004100,POL004200,CUST001750,COV004100,2025-07-04,2025-07-06,closed,liability,333.41,39.53
CLM004101,CN-00004101,POL004201,CUST004600,COV004101,2026-02-02,2026-02-02,reopened,weather,208.29,26.31
CLM004102,CN-00004102,POL004202,CUST001378,COV004102,2024-03-06,2024-03-19,closed,theft,319.88,77.35
CLM004103,CN-00004103,POL004203,CUST000715,COV004103,2025-04-15,2025-04-16,closed,water_damage,717.61,202.26
CLM004104,CN-00004104,POL004204,CUST001760,COV004104,2026-03-11,2026-03-25,closed,water_damage,518.12,77.48
CLM004105,CN-00004105,POL004205,CUST001511,COV004105,2026-01-11,2026-01-12,reopened,liability,422.17,90.6
CLM004106,CN-00004106,POL004206,CUST004219,COV004106,2025-07-23,2025-08-02,closed,collision,271.33,46.13
CLM004107,CN-00004107,POL004207,CUST002282,COV004107,2025-07-31,2025-08-10,open,theft,201.58,33.67
CLM004108,CN-00004108,POL004208,CUST001780,COV004108,2025-10-27,2025-11-02,reopened,water_damage,268.88,7.84
CLM004109,CN-00004109,POL004209,CUST004501,COV004109,2025-04-26,2025-05-09,closed,fire,468.04,110.96
CLM004110,CN-00004110,POL004210,CUST003249,COV004110,2026-02-24,2026-02-28,subrogation,collision,521.1,44.0
CLM004111,CN-00004111,POL004211,CUST004519,COV004111,2024-02-28,2024-03-01,closed,other,50.95,9.79
CLM004112,CN-00004112,POL004212,CUST001280,COV004112,2024-08-06,2024-08-06,closed,theft,507.32,98.11
CLM004113,CN-00004113,POL004213,CUST002081,COV004113,2024-09-27,2024-10-09,closed,liability,787.17,67.43
CLM004114,CN-00004114,POL004214,CUST000767,COV004114,2024-09-21,2024-10-05,reopened,theft,815.54,219.11
CLM004115,CN-00004115,POL004215,CUST004459,COV004115,2024-09-20,2024-10-02,reopened,fire,576.33,2.9
CLM004116,CN-00004116,POL004216,CUST000696,COV004116,2025-09-17,2025-09-21,closed,theft,555.17,119.72
CLM004117,CN-00004117,POL004217,CUST000310,COV004117,2024-10-02,2024-10-11,subrogation,other,989.16,262.85
CLM004118,CN-00004118,POL004218,CUST000940,COV004118,2025-07-19,2025-08-01,denied,liability,655.01,14.39
CLM004119,CN-00004119,POL004219,CUST003255,COV004119,2025-07-06,2025-07-11,closed,other,493.08,124.19
CLM004120,CN-00004120,POL004220,CUST001336,COV004120,2025-11-08,2025-11-08,closed,liability,260.13,55.96
CLM004121,CN-00004121,POL004221,CUST001480,COV004121,2026-04-03,2026-04-16,denied,collision,306.32,56.91
CLM004122,CN-00004122,POL004222,CUST002556,COV004122,2025-06-17,2025-06-25,denied,other,851.5,178.73
CLM004123,CN-00004123,POL004223,CUST004794,COV004123,2025-12-26,2025-12-28,reopened,theft,453.12,119.12
CLM004124,CN-00004124,POL004224,CUST004351,COV004124,2026-07-22,2026-07-28,reopened,other,744.97,61.19
CLM004125,CN-00004125,POL004225,CUST004027,COV004125,2026-08-13,2026-08-16,open,liability,362.21,42.15
CLM004126,CN-00004126,POL004226,CUST001127,COV004126,2024-12-16,2024-12-22,closed,fire,743.05,131.88
CLM004127,CN-00004127,POL004227,CUST000304,COV004127,2024-09-24,2024-10-08,denied,other,416.79,34.03
CLM004128,CN-00004128,POL004228,CUST003629,COV004128,2026-05-25,2026-05-31,subrogation,theft,3572.98,41.64
CLM004129,CN-00004129,POL004229,CUST003907,COV004129,2025-09-29,2025-09-30,open,other,269.6,47.14
CLM004130,CN-00004130,POL004230,CUST000750,COV004130,2025-08-22,2025-08-23,subrogation,weather,617.53,23.07
CLM004131,CN-00004131,POL004231,CUST001893,COV004131,2024-08-01,2024-08-02,open,water_damage,867.45,134.92
CLM004132,CN-00004132,POL004232,CUST000082,COV004132,2026-03-02,2026-03-15,closed,fire,803.05,85.06
CLM004133,CN-00004133,POL004233,CUST002392,COV004133,2024-04-14,2024-04-14,closed,theft,868.23,46.71
CLM004134,CN-00004134,POL004234,CUST001172,COV004134,2024-08-25,2024-09-07,closed,weather,451.11,121.84
CLM004135,CN-00004135,POL004235,CUST004661,COV004135,2025-01-29,2025-02-10,closed,weather,769.06,114.65
CLM004136,CN-00004136,POL004236,CUST000797,COV004136,2025-08-19,2025-08-26,subrogation,theft,162.64,15.33
CLM004137,CN-00004137,POL004237,CUST004105,COV004137,2026-04-29,2026-04-30,closed,fire,892.69,118.48
CLM004138,CN-00004138,POL004238,CUST002180,COV004138,2025-11-08,2025-11-17,denied,liability,134.68,19.07
CLM004139,CN-00004139,POL004239,CUST003345,COV004139,2024-09-08,2024-09-18,closed,water_damage,790.6,119.41
CLM004140,CN-00004140,POL004240,CUST000345,COV004140,2024-03-05,2024-03-17,open,fire,130.62,31.29
CLM004141,CN-00004141,POL004241,CUST001975,COV004141,2026-07-10,2026-07-22,closed,liability,366.13,29.67
CLM004142,CN-00004142,POL004242,CUST004896,COV004142,2025-09-01,2025-09-03,closed,liability,53.79,5.26
CLM004143,CN-00004143,POL004243,CUST003458,COV004143,2024-08-11,2024-08-22,closed,fire,67.91,0.73
CLM004144,CN-00004144,POL004244,CUST000761,COV004144,2024-08-17,2024-08-23,reopened,liability,431.85,71.07
CLM004145,CN-00004145,POL004245,CUST001741,COV004145,2025-08-01,2025-08-04,reopened,collision,720.53,18.1
CLM004146,CN-00004146,POL004246,CUST002096,COV004146,2024-03-22,2024-03-24,denied,theft,895.63,14.91
CLM004147,CN-00004147,POL004247,CUST002351,COV004147,2026-07-17,2026-07-25,closed,liability,4128.12,811.34
CLM004148,CN-00004148,POL004248,CUST000134,COV004148,2026-02-13,2026-02-26,closed,other,501.4,34.76
CLM004149,CN-00004149,POL004249,CUST002740,COV004149,2026-01-07,2026-01-14,closed,water_damage,119.64,12.38
CLM004150,CN-00004150,POL004250,CUST002997,COV004150,2026-01-18,2026-01-31,closed,fire,688.53,149.69
CLM004151,CN-00004151,POL004251,CUST000702,COV004151,2025-09-15,2025-09-17,closed,collision,862.24,166.19
CLM004152,CN-00004152,POL004252,CUST004724,COV004152,2025-11-18,2025-12-01,open,weather,394.33,57.28
CLM004153,CN-00004153,POL004253,CUST002094,COV004153,2024-09-27,2024-10-04,open,other,12778.78,2265.06
CLM004154,CN-00004154,POL004254,CUST004837,COV004154,2025-08-04,2025-08-18,closed,weather,771.72,201.48
CLM004155,CN-00004155,POL004255,CUST002232,COV004155,2024-07-14,2024-07-24,closed,weather,110.36,32.76
CLM004156,CN-00004156,POL004256,CUST000307,COV004156,2026-01-11,2026-01-20,reopened,weather,779.15,120.94
CLM004157,CN-00004157,POL004257,CUST001223,COV004157,2024-08-16,2024-08-30,subrogation,liability,764.54,102.59
CLM004158,CN-00004158,POL004258,CUST001567,COV004158,2024-11-04,2024-11-08,closed,water_damage,639.46,83.26
CLM004159,CN-00004159,POL004259,CUST004697,COV004159,2026-05-20,2026-05-21,closed,theft,800.35,133.09
CLM004160,CN-00004160,POL004260,CUST001417,COV004160,2025-12-28,2025-12-30,closed,weather,87.59,16.4
CLM004161,CN-00004161,POL004261,CUST003207,COV004161,2024-01-07,2024-01-14,subrogation,weather,680.43,10.5
CLM004162,CN-00004162,POL004262,CUST000707,COV004162,2024-04-09,2024-04-12,open,liability,665.86,16.06
CLM004163,CN-00004163,POL004263,CUST000363,COV004163,2025-03-04,2025-03-05,open,weather,807.64,88.75
CLM004164,CN-00004164,POL004264,CUST003252,COV004164,2024-10-26,2024-11-04,subrogation,liability,363.96,99.01
CLM004165,CN-00004165,POL004265,CUST001279,COV004165,2025-03-04,2025-03-12,reopened,weather,794.8,44.83
CLM004166,CN-00004166,POL004266,CUST004469,COV004166,2025-10-31,2025-11-07,closed,collision,448.36,13.0
CLM004167,CN-00004167,POL004267,CUST003346,COV004167,2025-06-22,2025-06-28,denied,weather,550.94,73.6
CLM004168,CN-00004168,POL004268,CUST003918,COV004168,2025-06-23,2025-06-28,closed,other,128.15,30.04
CLM004169,CN-00004169,POL004269,CUST002109,COV004169,2025-03-19,2025-03-28,closed,water_damage,805.87,206.0
CLM004170,CN-00004170,POL004270,CUST001833,COV004170,2025-12-09,2025-12-10,subrogation,fire,229.77,15.36
CLM004171,CN-00004171,POL004271,CUST000611,COV004171,2024-09-21,2024-10-03,open,fire,541.35,55.84
CLM004172,CN-00004172,POL004272,CUST003123,COV004172,2025-11-10,2025-11-15,reopened,water_damage,209.56,25.41
CLM004173,CN-00004173,POL004273,CUST003090,COV004173,2026-06-04,2026-06-06,reopened,theft,745.93,136.92
CLM004174,CN-00004174,POL004274,CUST002113,COV004174,2024-03-21,2024-03-21,reopened,theft,152.59,30.09
CLM004175,CN-00004175,POL004275,CUST000925,COV004175,2024-11-29,2024-12-13,closed,liability,765.31,112.33
CLM004176,CN-00004176,POL004276,CUST004571,COV004176,2024-04-30,2024-05-03,closed,weather,628.48,77.34
CLM004177,CN-00004177,POL004277,CUST000506,COV004177,2025-02-07,2025-02-07,closed,liability,125.37,10.01
CLM004178,CN-00004178,POL004278,CUST001548,COV004178,2026-03-30,2026-04-11,closed,water_damage,657.78,37.06
CLM004179,CN-00004179,POL004279,CUST002256,COV004179,2026-05-22,2026-05-24,subrogation,weather,707.68,130.14
CLM004180,CN-00004180,POL004280,CUST003673,COV004180,2025-09-14,2025-09-17,closed,weather,769.13,16.52
CLM004181,CN-00004181,POL004281,CUST002687,COV004181,2025-07-07,2025-07-18,closed,other,168.49,30.58
CLM004182,CN-00004182,POL004282,CUST003078,COV004182,2025-01-14,2025-01-14,closed,other,695.2,100.09
CLM004183,CN-00004183,POL004283,CUST003986,COV004183,2024-12-01,2024-12-14,denied,other,763.7,217.2
CLM004184,CN-00004184,POL004284,CUST004886,COV004184,2024-06-13,2024-06-13,closed,other,452.45,54.48
CLM004185,CN-00004185,POL004285,CUST002035,COV004185,2025-06-17,2025-06-28,closed,other,752.16,129.92
CLM004186,CN-00004186,POL004286,CUST001751,COV004186,2025-01-24,2025-01-24,closed,water_damage,423.75,59.68
CLM004187,CN-00004187,POL004287,CUST001674,COV004187,2026-05-14,2026-05-22,closed,liability,711.31,52.48
CLM004188,CN-00004188,POL004288,CUST000651,COV004188,2026-06-24,2026-07-03,closed,weather,216.96,45.98
CLM004189,CN-00004189,POL004289,CUST001564,COV004189,2024-03-11,2024-03-24,closed,water_damage,376.38,69.31
CLM004190,CN-00004190,POL004290,CUST001395,COV004190,2025-08-29,2025-09-04,closed,other,325.47,33.34
CLM004191,CN-00004191,POL004291,CUST000987,COV004191,2024-11-11,2024-11-15,subrogation,fire,246.92,0.96
CLM004192,CN-00004192,POL004292,CUST000441,COV004192,2025-08-17,2025-08-22,denied,fire,924.72,193.27
CLM004193,CN-00004193,POL004293,CUST000153,COV004193,2024-03-07,2024-03-21,closed,fire,746.24,31.02
CLM004194,CN-00004194,POL004294,CUST004281,COV004194,2024-02-15,2024-02-19,closed,fire,774.13,229.35
CLM004195,CN-00004195,POL004295,CUST002327,COV004195,2025-09-18,2025-09-30,closed,fire,944.68,21.7
CLM004196,CN-00004196,POL004296,CUST004236,COV004196,2024-10-20,2024-10-27,denied,other,453.78,3.57
CLM004197,CN-00004197,POL004297,CUST003190,COV004197,2026-05-28,2026-06-01,open,other,997.3,69.72
CLM004198,CN-00004198,POL004298,CUST001210,COV004198,2024-01-13,2024-01-26,denied,theft,924.47,49.83
CLM004199,CN-00004199,POL004299,CUST004115,COV004199,2024-02-13,2024-02-18,closed,theft,530.18,64.05
CLM004200,CN-00004200,POL004300,CUST003438,COV004200,2025-01-27,2025-02-02,closed,water_damage,855.75,214.0
CLM004201,CN-00004201,POL004301,CUST004445,COV004201,2025-07-12,2025-07-24,subrogation,water_damage,799.26,35.44
CLM004202,CN-00004202,POL004302,CUST004892,COV004202,2024-01-03,2024-01-15,open,theft,450.45,69.61
CLM004203,CN-00004203,POL004303,CUST003378,COV004203,2024-09-29,2024-10-12,subrogation,fire,662.69,128.38
CLM004204,CN-00004204,POL004304,CUST001024,COV004204,2026-09-13,2026-09-15,denied,other,819.78,155.4
CLM004205,CN-00004205,POL004305,CUST004812,COV004205,2024-01-22,2024-01-27,closed,other,940.0,210.43
CLM004206,CN-00004206,POL004306,CUST003857,COV004206,2025-06-06,2025-06-14,closed,collision,120.23,23.16
CLM004207,CN-00004207,POL004307,CUST002544,COV004207,2025-10-05,2025-10-09,closed,water_damage,78.6,14.56
CLM004208,CN-00004208,POL004308,CUST000016,COV004208,2025-05-03,2025-05-17,closed,collision,397.73,40.53
CLM004209,CN-00004209,POL004309,CUST001173,COV004209,2024-12-24,2025-01-06,closed,theft,420.3,68.87
CLM004210,CN-00004210,POL004310,CUST002150,COV004210,2026-09-02,2026-09-09,denied,collision,9440.11,391.93
CLM004211,CN-00004211,POL004311,CUST004154,COV004211,2024-11-16,2024-11-24,subrogation,water_damage,346.71,99.72
CLM004212,CN-00004212,POL004312,CUST004446,COV004212,2025-01-28,2025-02-06,open,liability,130.8,22.71
CLM004213,CN-00004213,POL004313,CUST003911,COV004213,2024-11-03,2024-11-13,subrogation,fire,241.54,18.51
CLM004214,CN-00004214,POL004314,CUST003472,COV004214,2026-06-07,2026-06-10,closed,weather,918.86,248.7
CLM004215,CN-00004215,POL004315,CUST001784,COV004215,2026-01-08,2026-01-22,closed,water_damage,585.47,101.6
CLM004216,CN-00004216,POL004316,CUST001344,COV004216,2026-01-18,2026-01-20,denied,weather,477.43,5.39
CLM004217,CN-00004217,POL004317,CUST003087,COV004217,2025-11-09,2025-11-19,closed,weather,657.81,20.65
CLM004218,CN-00004218,POL004318,CUST001795,COV004218,2024-02-02,2024-02-14,closed,liability,808.47,229.8
CLM004219,CN-00004219,POL004319,CUST003642,COV004219,2025-05-16,2025-05-23,closed,water_damage,578.09,84.13
CLM004220,CN-00004220,POL004320,CUST002163,COV004220,2025-06-29,2025-06-29,closed,collision,270.82,55.74
CLM004221,CN-00004221,POL004321,CUST003817,COV004221,2024-11-14,2024-11-18,reopened,fire,582.71,62.02
CLM004222,CN-00004222,POL004322,CUST002576,COV004222,2024-06-07,2024-06-12,closed,theft,102.02,20.15
CLM004223,CN-00004223,POL004323,CUST003954,COV004223,2026-08-23,2026-08-29,closed,other,5848.77,1742.12
CLM004224,CN-00004224,POL004324,CUST004591,COV004224,2025-10-03,2025-10-03,closed,water_damage,860.16,102.52
CLM004225,CN-00004225,POL004325,CUST000312,COV004225,2024-09-11,2024-09-11,closed,liability,240.36,71.45
CLM004226,CN-00004226,POL004326,CUST004734,COV004226,2024-08-31,2024-09-05,closed,water_damage,458.0,65.05
CLM004227,CN-00004227,POL004327,CUST002036,COV004227,2026-02-20,2026-02-22,closed,collision,822.08,210.79
CLM004228,CN-00004228,POL004328,CUST001198,COV004228,2024-11-01,2024-11-04,denied,liability,124.73,12.97
CLM004229,CN-00004229,POL004329,CUST002899,COV004229,2025-09-08,2025-09-15,closed,theft,994.78,62.09
CLM004230,CN-00004230,POL004330,CUST003066,COV004230,2026-01-30,2026-02-12,subrogation,liability,509.06,123.22
CLM004231,CN-00004231,POL004331,CUST002851,COV004231,2024-12-09,2024-12-12,closed,weather,212.41,2.8
CLM004232,CN-00004232,POL004332,CUST004568,COV004232,2024-10-20,2024-10-24,closed,liability,839.32,125.46
CLM004233,CN-00004233,POL004333,CUST000134,COV004233,2024-12-02,2024-12-07,closed,weather,531.28,85.45
CLM004234,CN-00004234,POL004334,CUST000442,COV004234,2024-07-30,2024-08-04,reopened,collision,11020.47,1023.32
CLM004235,CN-00004235,POL004335,CUST002733,COV004235,2025-06-13,2025-06-23,open,water_damage,726.95,210.69
CLM004236,CN-00004236,POL004336,CUST000547,COV004236,2026-06-14,2026-06-18,reopened,theft,12521.91,3268.84
CLM004237,CN-00004237,POL004337,CUST001527,COV004237,2024-06-05,2024-06-15,open,fire,149.81,39.54
CLM004238,CN-00004238,POL004338,CUST003786,COV004238,2025-11-05,2025-11-12,denied,liability,442.74,90.82
CLM004239,CN-00004239,POL004339,CUST003062,COV004239,2025-12-19,2025-12-24,reopened,fire,912.4,134.62
CLM004240,CN-00004240,POL004340,CUST001931,COV004240,2026-03-31,2026-04-12,subrogation,weather,168.57,16.47
CLM004241,CN-00004241,POL004341,CUST004635,COV004241,2026-09-12,2026-09-15,open,other,79.13,11.0
CLM004242,CN-00004242,POL004342,CUST000408,COV004242,2024-04-07,2024-04-14,closed,other,783.44,80.98
CLM004243,CN-00004243,POL004343,CUST003873,COV004243,2025-07-02,2025-07-06,closed,weather,702.01,42.3
CLM004244,CN-00004244,POL004344,CUST002359,COV004244,2026-06-09,2026-06-16,reopened,water_damage,783.21,13.22
CLM004245,CN-00004245,POL004345,CUST001495,COV004245,2026-07-02,2026-07-12,closed,weather,841.58,82.65
CLM004246,CN-00004246,POL004346,CUST004589,COV004246,2024-12-27,2025-01-04,closed,fire,442.47,122.6
CLM004247,CN-00004247,POL004347,CUST000939,COV004247,2024-12-29,2024-12-29,open,fire,958.24,5.55
CLM004248,CN-00004248,POL004348,CUST001562,COV004248,2026-03-21,2026-03-31,subrogation,collision,442.46,55.26
CLM004249,CN-00004249,POL004349,CUST001011,COV004249,2024-11-07,2024-11-11,denied,other,205.92,43.14
CLM004250,CN-00004250,POL004350,CUST000449,COV004250,2025-02-04,2025-02-17,closed,water_damage,132.81,17.26
CLM004251,CN-00004251,POL004351,CUST001777,COV004251,2025-02-17,2025-03-02,denied,weather,118.43,12.64
CLM004252,CN-00004252,POL004352,CUST004594,COV004252,2025-02-23,2025-02-24,subrogation,theft,282.91,34.62
CLM004253,CN-00004253,POL004353,CUST002814,COV004253,2026-03-31,2026-04-10,reopened,theft,953.66,220.49
CLM004254,CN-00004254,POL004354,CUST004427,COV004254,2025-03-06,2025-03-07,closed,weather,273.61,23.56
CLM004255,CN-00004255,POL004355,CUST000797,COV004255,2024-08-07,2024-08-17,closed,theft,317.79,10.93
CLM004256,CN-00004256,POL004356,CUST004229,COV004256,2026-09-03,2026-09-10,denied,water_damage,7061.92,1097.7
CLM004257,CN-00004257,POL004357,CUST001200,COV004257,2025-09-23,2025-10-01,closed,other,680.1,54.96
CLM004258,CN-00004258,POL004358,CUST002379,COV004258,2024-12-28,2025-01-11,reopened,fire,612.81,88.68
CLM004259,CN-00004259,POL004359,CUST004524,COV004259,2025-04-19,2025-05-01,closed,liability,312.76,28.26
CLM004260,CN-00004260,POL004360,CUST003152,COV004260,2026-03-22,2026-03-22,denied,fire,608.12,82.05
CLM004261,CN-00004261,POL004361,CUST004398,COV004261,2024-10-07,2024-10-13,closed,weather,670.71,146.14
CLM004262,CN-00004262,POL004362,CUST004475,COV004262,2025-10-05,2025-10-18,closed,water_damage,834.26,216.38
CLM004263,CN-00004263,POL004363,CUST002199,COV004263,2024-10-15,2024-10-27,open,theft,226.21,20.8
CLM004264,CN-00004264,POL004364,CUST004974,COV004264,2024-10-22,2024-10-30,closed,other,701.01,139.33
CLM004265,CN-00004265,POL004365,CUST004832,COV004265,2024-02-06,2024-02-10,subrogation,fire,525.95,149.34
CLM004266,CN-00004266,POL004366,CUST002072,COV004266,2024-11-26,2024-12-06,open,collision,125.43,15.26
CLM004267,CN-00004267,POL004367,CUST000041,COV004267,2025-08-11,2025-08-19,closed,liability,811.31,63.98
CLM004268,CN-00004268,POL004368,CUST004115,COV004268,2025-06-27,2025-07-07,denied,fire,4192.01,3.12
CLM004269,CN-00004269,POL004369,CUST001382,COV004269,2024-02-20,2024-02-22,subrogation,other,647.25,34.45
CLM004270,CN-00004270,POL004370,CUST002537,COV004270,2025-02-02,2025-02-14,reopened,fire,971.47,36.09
CLM004271,CN-00004271,POL004371,CUST001225,COV004271,2024-11-08,2024-11-12,subrogation,other,585.52,142.23
CLM004272,CN-00004272,POL004372,CUST003642,COV004272,2025-08-16,2025-08-21,closed,theft,504.37,49.04
CLM004273,CN-00004273,POL004373,CUST004480,COV004273,2024-02-17,2024-02-21,reopened,collision,308.9,91.82
CLM004274,CN-00004274,POL004374,CUST000451,COV004274,2024-10-17,2024-10-18,open,theft,689.85,54.54
CLM004275,CN-00004275,POL004375,CUST002193,COV004275,2025-05-27,2025-05-29,open,theft,612.79,56.2
CLM004276,CN-00004276,POL004376,CUST001099,COV004276,2025-05-16,2025-05-22,closed,other,317.61,41.94
CLM004277,CN-00004277,POL004377,CUST002719,COV004277,2024-11-28,2024-12-03,reopened,liability,10318.62,1645.86
CLM004278,CN-00004278,POL004378,CUST001081,COV004278,2025-10-29,2025-10-30,reopened,weather,854.05,134.61
CLM004279,CN-00004279,POL004379,CUST002798,COV004279,2026-04-08,2026-04-13,denied,water_damage,633.81,36.48
CLM004280,CN-00004280,POL004380,CUST000090,COV004280,2024-01-14,2024-01-22,closed,water_damage,609.25,53.62
CLM004281,CN-00004281,POL004381,CUST004269,COV004281,2026-03-13,2026-03-23,subrogation,theft,468.05,18.79
CLM004282,CN-00004282,POL004382,CUST003751,COV004282,2024-03-24,2024-04-04,open,other,772.83,214.64
CLM004283,CN-00004283,POL004383,CUST003520,COV004283,2025-09-17,2025-09-20,denied,fire,112.51,25.9
CLM004284,CN-00004284,POL004384,CUST002909,COV004284,2024-11-17,2024-11-28,denied,collision,601.65,85.49
CLM004285,CN-00004285,POL004385,CUST004033,COV004285,2024-06-02,2024-06-07,closed,liability,440.52,66.3
CLM004286,CN-00004286,POL004386,CUST004977,COV004286,2024-09-08,2024-09-22,closed,weather,604.49,10.47
CLM004287,CN-00004287,POL004387,CUST000725,COV004287,2025-01-01,2025-01-11,denied,collision,82.51,16.88
CLM004288,CN-00004288,POL004388,CUST001583,COV004288,2026-02-03,2026-02-03,closed,water_damage,421.21,101.72
CLM004289,CN-00004289,POL004389,CUST004455,COV004289,2025-08-21,2025-08-22,denied,weather,3914.14,431.06
CLM004290,CN-00004290,POL004390,CUST000323,COV004290,2026-05-19,2026-05-25,closed,water_damage,965.64,104.43
CLM004291,CN-00004291,POL004391,CUST003875,COV004291,2025-10-09,2025-10-18,closed,other,352.0,87.57
CLM004292,CN-00004292,POL004392,CUST000668,COV004292,2026-05-09,2026-05-20,denied,fire,815.63,154.15
CLM004293,CN-00004293,POL004393,CUST000264,COV004293,2026-07-16,2026-07-25,closed,theft,328.01,48.6
CLM004294,CN-00004294,POL004394,CUST003795,COV004294,2025-01-21,2025-02-04,closed,fire,550.89,93.22
CLM004295,CN-00004295,POL004395,CUST003838,COV004295,2024-12-31,2025-01-07,reopened,water_damage,932.82,41.46
CLM004296,CN-00004296,POL004396,CUST003058,COV004296,2024-10-31,2024-11-04,closed,collision,830.44,56.1
CLM004297,CN-00004297,POL004397,CUST003981,COV004297,2024-03-19,2024-03-28,reopened,liability,430.73,73.38
CLM004298,CN-00004298,POL004398,CUST004059,COV004298,2024-11-07,2024-11-08,closed,other,485.29,22.57
CLM004299,CN-00004299,POL004399,CUST001277,COV004299,2024-05-16,2024-05-29,closed,theft,387.34,22.43
CLM004300,CN-00004300,POL004400,CUST003163,COV004300,2024-09-11,2024-09-16,closed,other,692.83,7.08
CLM004301,CN-00004301,POL004401,CUST004619,COV004301,2026-02-05,2026-02-09,subrogation,weather,325.01,71.54
CLM004302,CN-00004302,POL004402,CUST002660,COV004302,2024-08-19,2024-08-27,closed,fire,670.04,189.94
CLM004303,CN-00004303,POL004403,CUST003304,COV004303,2024-02-23,2024-02-27,closed,other,58.19,9.93
CLM004304,CN-00004304,POL004404,CUST004985,COV004304,2025-03-07,2025-03-21,denied,theft,838.07,193.03
CLM004305,CN-00004305,POL004405,CUST001880,COV004305,2025-09-02,2025-09-15,reopened,collision,51.14,10.97
CLM004306,CN-00004306,POL004406,CUST003919,COV004306,2025-05-03,2025-05-14,reopened,collision,808.6,28.1
CLM004307,CN-00004307,POL004407,CUST003411,COV004307,2025-01-12,2025-01-20,closed,weather,341.33,26.09
CLM004308,CN-00004308,POL004408,CUST000204,COV004308,2025-04-04,2025-04-10,subrogation,liability,219.94,24.51
CLM004309,CN-00004309,POL004409,CUST000791,COV004309,2025-02-04,2025-02-18,reopened,theft,988.57,154.88
CLM004310,CN-00004310,POL004410,CUST002358,COV004310,2024-03-23,2024-03-31,open,weather,102.75,9.86
CLM004311,CN-00004311,POL004411,CUST003610,COV004311,2025-09-01,2025-09-13,subrogation,liability,401.4,38.76
CLM004312,CN-00004312,POL004412,CUST001025,COV004312,2025-08-31,2025-08-31,subrogation,collision,723.64,106.23
CLM004313,CN-00004313,POL004413,CUST004102,COV004313,2024-01-30,2024-01-30,subrogation,collision,304.04,63.59
CLM004314,CN-00004314,POL004414,CUST000053,COV004314,2024-12-02,2024-12-06,reopened,theft,851.95,109.96
CLM004315,CN-00004315,POL004415,CUST000428,COV004315,2025-11-26,2025-12-05,closed,fire,686.62,105.28
CLM004316,CN-00004316,POL004416,CUST000509,COV004316,2025-09-03,2025-09-17,subrogation,liability,113.62,31.99
CLM004317,CN-00004317,POL004417,CUST003643,COV004317,2025-05-17,2025-05-29,closed,liability,689.08,143.97
CLM004318,CN-00004318,POL004418,CUST003208,COV004318,2025-02-19,2025-03-04,closed,collision,426.97,2.87
CLM004319,CN-00004319,POL004419,CUST004277,COV004319,2025-10-02,2025-10-11,open,theft,808.47,226.93
CLM004320,CN-00004320,POL004420,CUST000368,COV004320,2024-07-03,2024-07-07,closed,water_damage,755.96,157.41
CLM004321,CN-00004321,POL004421,CUST002386,COV004321,2024-08-17,2024-08-19,closed,water_damage,373.38,56.64
CLM004322,CN-00004322,POL004422,CUST004789,COV004322,2024-06-12,2024-06-21,closed,water_damage,108.76,21.79
CLM004323,CN-00004323,POL004423,CUST000760,COV004323,2025-03-27,2025-03-30,closed,water_damage,192.84,52.67
CLM004324,CN-00004324,POL004424,CUST003526,COV004324,2025-11-10,2025-11-22,reopened,weather,661.73,186.53
CLM004325,CN-00004325,POL004425,CUST003581,COV004325,2026-04-11,2026-04-18,open,collision,400.5,110.3
CLM004326,CN-00004326,POL004426,CUST002019,COV004326,2026-09-11,2026-09-25,reopened,collision,91.3,14.54
CLM004327,CN-00004327,POL004427,CUST004542,COV004327,2024-03-09,2024-03-11,open,collision,819.11,56.47
CLM004328,CN-00004328,POL004428,CUST001981,COV004328,2024-09-30,2024-09-30,reopened,theft,487.68,142.49
CLM004329,CN-00004329,POL004429,CUST002729,COV004329,2024-08-12,2024-08-17,denied,weather,200.48,35.12
CLM004330,CN-00004330,POL004430,CUST004560,COV004330,2026-08-22,2026-09-03,denied,theft,784.55,184.19
CLM004331,CN-00004331,POL004431,CUST002312,COV004331,2024-03-08,2024-03-18,open,water_damage,78.19,17.41
CLM004332,CN-00004332,POL004432,CUST000287,COV004332,2024-01-04,2024-01-10,denied,collision,793.36,10.87
CLM004333,CN-00004333,POL004433,CUST003079,COV004333,2025-11-20,2025-11-27,open,liability,946.22,154.83
CLM004334,CN-00004334,POL004434,CUST004440,COV004334,2025-04-06,2025-04-11,closed,water_damage,579.87,34.2
CLM004335,CN-00004335,POL004435,CUST002449,COV004335,2024-05-09,2024-05-11,reopened,theft,155.43,13.91
CLM004336,CN-00004336,POL004436,CUST002975,COV004336,2025-10-29,2025-11-07,reopened,weather,458.63,115.33
CLM004337,CN-00004337,POL004437,CUST001662,COV004337,2024-06-10,2024-06-11,closed,other,122.62,22.19
CLM004338,CN-00004338,POL004438,CUST003172,COV004338,2024-05-26,2024-05-30,reopened,other,5079.64,184.61
CLM004339,CN-00004339,POL004439,CUST000520,COV004339,2025-11-28,2025-12-09,open,collision,663.64,27.02
CLM004340,CN-00004340,POL004440,CUST001968,COV004340,2024-07-08,2024-07-13,reopened,weather,502.43,21.66
CLM004341,CN-00004341,POL004441,CUST003165,COV004341,2024-07-08,2024-07-18,reopened,liability,217.2,37.71
CLM004342,CN-00004342,POL004442,CUST004933,COV004342,2025-09-05,2025-09-07,open,fire,127.33,35.43
CLM004343,CN-00004343,POL004443,CUST003782,COV004343,2024-10-17,2024-10-25,open,other,722.81,98.08
CLM004344,CN-00004344,POL004444,CUST004836,COV004344,2024-05-01,2024-05-10,open,collision,304.97,49.21
CLM004345,CN-00004345,POL004445,CUST002765,COV004345,2025-06-19,2025-06-28,denied,liability,14046.49,410.94
CLM004346,CN-00004346,POL004446,CUST002449,COV004346,2024-06-29,2024-07-06,open,other,416.56,60.87
CLM004347,CN-00004347,POL004447,CUST004199,COV004347,2025-03-12,2025-03-21,closed,weather,429.73,38.02
CLM004348,CN-00004348,POL004448,CUST002653,COV004348,2025-07-04,2025-07-09,closed,water_damage,146.67,8.14
CLM004349,CN-00004349,POL004449,CUST000583,COV004349,2026-09-13,2026-09-13,closed,liability,806.12,52.23
CLM004350,CN-00004350,POL004450,CUST002583,COV004350,2024-09-01,2024-09-15,closed,weather,8739.4,1933.45
CLM004351,CN-00004351,POL004451,CUST001555,COV004351,2025-07-13,2025-07-18,closed,fire,650.96,75.15
CLM004352,CN-00004352,POL004452,CUST001862,COV004352,2026-06-28,2026-07-02,reopened,theft,274.35,54.18
CLM004353,CN-00004353,POL004453,CUST001693,COV004353,2024-06-27,2024-07-06,reopened,weather,449.56,101.92
CLM004354,CN-00004354,POL004454,CUST001022,COV004354,2025-09-24,2025-09-28,closed,weather,75.2,2.2
CLM004355,CN-00004355,POL004455,CUST001244,COV004355,2025-11-12,2025-11-19,closed,water_damage,947.36,181.11
CLM004356,CN-00004356,POL004456,CUST004500,COV004356,2024-02-25,2024-03-05,closed,weather,55.72,11.78
CLM004357,CN-00004357,POL004457,CUST001693,COV004357,2025-05-09,2025-05-14,closed,water_damage,990.21,65.89
CLM004358,CN-00004358,POL004458,CUST004954,COV004358,2026-06-28,2026-06-28,closed,collision,994.26,70.46
CLM004359,CN-00004359,POL004459,CUST000173,COV004359,2024-05-22,2024-06-02,reopened,liability,635.58,131.25
CLM004360,CN-00004360,POL004460,CUST004149,COV004360,2024-08-02,2024-08-05,subrogation,water_damage,59.95,6.04
CLM004361,CN-00004361,POL004461,CUST002604,COV004361,2025-09-10,2025-09-24,open,fire,320.23,25.61
CLM004362,CN-00004362,POL004462,CUST003025,COV004362,2024-05-09,2024-05-19,denied,water_damage,939.55,71.2
CLM004363,CN-00004363,POL004463,CUST003703,COV004363,2025-02-04,2025-02-06,open,collision,944.87,148.18
CLM004364,CN-00004364,POL004464,CUST004559,COV004364,2024-07-13,2024-07-27,closed,theft,509.97,151.57
CLM004365,CN-00004365,POL004465,CUST002240,COV004365,2024-07-31,2024-08-07,closed,collision,797.03,11.02
CLM004366,CN-00004366,POL004466,CUST003126,COV004366,2026-08-14,2026-08-25,subrogation,water_damage,904.34,36.07
CLM004367,CN-00004367,POL004467,CUST003865,COV004367,2026-05-13,2026-05-24,subrogation,other,440.73,12.32
CLM004368,CN-00004368,POL004468,CUST002095,COV004368,2024-02-25,2024-03-10,denied,other,323.59,53.79
CLM004369,CN-00004369,POL004469,CUST002468,COV004369,2025-07-13,2025-07-27,closed,other,171.94,25.17
CLM004370,CN-00004370,POL004470,CUST001559,COV004370,2025-09-16,2025-09-16,closed,theft,346.07,44.43
CLM004371,CN-00004371,POL004471,CUST003209,COV004371,2025-08-16,2025-08-25,closed,theft,521.16,121.78
CLM004372,CN-00004372,POL004472,CUST000874,COV004372,2024-01-21,2024-01-26,closed,other,826.4,231.79
CLM004373,CN-00004373,POL004473,CUST002789,COV004373,2026-07-10,2026-07-10,closed,theft,889.05,243.49
CLM004374,CN-00004374,POL004474,CUST001543,COV004374,2026-01-23,2026-01-26,closed,water_damage,54.74,6.16
CLM004375,CN-00004375,POL004475,CUST002823,COV004375,2025-08-23,2025-09-03,open,theft,626.71,103.86
CLM004376,CN-00004376,POL004476,CUST003883,COV004376,2024-09-15,2024-09-25,closed,collision,854.78,106.46
CLM004377,CN-00004377,POL004477,CUST002387,COV004377,2026-07-17,2026-07-23,denied,fire,836.43,30.06
CLM004378,CN-00004378,POL004478,CUST004795,COV004378,2025-03-09,2025-03-14,subrogation,liability,719.4,137.16
CLM004379,CN-00004379,POL004479,CUST000403,COV004379,2024-04-05,2024-04-17,open,fire,908.82,269.83
CLM004380,CN-00004380,POL004480,CUST001441,COV004380,2024-05-08,2024-05-16,closed,liability,951.58,238.78
CLM004381,CN-00004381,POL004481,CUST004828,COV004381,2025-05-19,2025-05-27,open,liability,4619.11,521.17
CLM004382,CN-00004382,POL004482,CUST002883,COV004382,2025-03-12,2025-03-13,subrogation,other,553.46,106.02
CLM004383,CN-00004383,POL004483,CUST002465,COV004383,2026-06-04,2026-06-04,subrogation,weather,266.67,30.94
CLM004384,CN-00004384,POL004484,CUST002358,COV004384,2024-02-20,2024-03-03,subrogation,liability,138.17,37.35
CLM004385,CN-00004385,POL004485,CUST004062,COV004385,2024-03-14,2024-03-27,open,other,231.05,44.47
CLM004386,CN-00004386,POL004486,CUST001065,COV004386,2025-06-26,2025-07-05,closed,collision,868.31,230.57
CLM004387,CN-00004387,POL004487,CUST004156,COV004387,2024-09-05,2024-09-08,denied,collision,813.41,128.89
CLM004388,CN-00004388,POL004488,CUST000388,COV004388,2025-08-13,2025-08-13,denied,collision,472.82,5.14
CLM004389,CN-00004389,POL004489,CUST002253,COV004389,2025-03-27,2025-04-02,denied,liability,175.91,33.53
CLM004390,CN-00004390,POL004490,CUST004642,COV004390,2025-03-19,2025-03-21,closed,liability,895.68,243.45
CLM004391,CN-00004391,POL004491,CUST000244,COV004391,2024-05-14,2024-05-24,closed,weather,939.9,165.35
CLM004392,CN-00004392,POL004492,CUST001863,COV004392,2025-11-12,2025-11-22,subrogation,theft,297.35,32.65
CLM004393,CN-00004393,POL004493,CUST003461,COV004393,2025-09-22,2025-09-25,closed,weather,101.63,4.69
CLM004394,CN-00004394,POL004494,CUST002109,COV004394,2026-06-11,2026-06-25,closed,liability,285.15,20.66
CLM004395,CN-00004395,POL004495,CUST000399,COV004395,2024-03-03,2024-03-03,closed,fire,486.87,142.57
CLM004396,CN-00004396,POL004496,CUST001387,COV004396,2024-02-08,2024-02-20,subrogation,water_damage,806.93,182.04
CLM004397,CN-00004397,POL004497,CUST002757,COV004397,2025-03-25,2025-04-02,closed,fire,117.84,8.2
CLM004398,CN-00004398,POL004498,CUST000263,COV004398,2025-09-24,2025-09-25,reopened,fire,283.79,78.36
CLM004399,CN-00004399,POL004499,CUST003437,COV004399,2025-04-17,2025-04-28,closed,theft,988.39,40.83
CLM004400,CN-00004400,POL004500,CUST002486,COV004400,2025-01-14,2025-01-21,reopened,liability,686.46,124.88
CLM004401,CN-00004401,POL004501,CUST003604,COV004401,2024-09-19,2024-09-23,open,weather,4506.49,1108.12
CLM004402,CN-00004402,POL004502,CUST001035,COV004402,2025-07-13,2025-07-21,open,theft,112.17,32.19
CLM004403,CN-00004403,POL004503,CUST000902,COV004403,2026-08-03,2026-08-13,denied,theft,915.33,193.07
CLM004404,CN-00004404,POL004504,CUST001149,COV004404,2025-01-20,2025-01-20,denied,theft,155.65,14.16
CLM004405,CN-00004405,POL004505,CUST003041,COV004405,2026-05-09,2026-05-21,reopened,collision,935.03,166.39
CLM004406,CN-00004406,POL004506,CUST004403,COV004406,2026-01-20,2026-01-22,subrogation,theft,867.19,111.94
CLM004407,CN-00004407,POL004507,CUST003823,COV004407,2024-10-03,2024-10-14,open,other,508.52,26.04
CLM004408,CN-00004408,POL004508,CUST002164,COV004408,2026-08-24,2026-08-26,closed,water_damage,838.42,22.89
CLM004409,CN-00004409,POL004509,CUST004916,COV004409,2026-07-21,2026-07-30,closed,fire,982.84,185.27
CLM004410,CN-00004410,POL004510,CUST003631,COV004410,2024-02-02,2024-02-13,closed,theft,591.47,143.82
CLM004411,CN-00004411,POL004511,CUST001309,COV004411,2024-10-05,2024-10-15,open,collision,964.44,247.36
CLM004412,CN-00004412,POL004512,CUST000166,COV004412,2024-03-24,2024-04-06,closed,theft,936.96,252.62
CLM004413,CN-00004413,POL004513,CUST004428,COV004413,2025-03-25,2025-03-28,open,theft,524.86,48.01
CLM004414,CN-00004414,POL004514,CUST001996,COV004414,2026-08-02,2026-08-12,open,collision,341.57,51.63
CLM004415,CN-00004415,POL004515,CUST003750,COV004415,2024-06-02,2024-06-14,open,weather,835.92,111.1
CLM004416,CN-00004416,POL004516,CUST000128,COV004416,2025-06-22,2025-06-29,open,liability,83.38,13.48
CLM004417,CN-00004417,POL004517,CUST004259,COV004417,2024-06-03,2024-06-09,open,collision,533.22,68.49
CLM004418,CN-00004418,POL004518,CUST004681,COV004418,2024-12-25,2025-01-07,open,other,127.43,27.99
CLM004419,CN-00004419,POL004519,CUST004689,COV004419,2024-12-16,2024-12-29,subrogation,weather,201.57,5.62
CLM004420,CN-00004420,POL004520,CUST001595,COV004420,2025-11-17,2025-11-23,reopened,other,246.53,45.86
CLM004421,CN-00004421,POL004521,CUST004894,COV004421,2025-03-11,2025-03-12,closed,liability,584.41,71.89
CLM004422,CN-00004422,POL004522,CUST001499,COV004422,2024-07-12,2024-07-24,reopened,other,4422.22,117.13
CLM004423,CN-00004423,POL004523,CUST001994,COV004423,2024-06-26,2024-06-29,open,liability,669.63,119.16
CLM004424,CN-00004424,POL004524,CUST001068,COV004424,2026-08-17,2026-08-27,denied,other,830.88,245.69
CLM004425,CN-00004425,POL004525,CUST001228,COV004425,2025-11-19,2025-12-01,open,weather,188.92,43.9
CLM004426,CN-00004426,POL004526,CUST002067,COV004426,2025-11-21,2025-12-05,subrogation,weather,279.63,33.03
CLM004427,CN-00004427,POL004527,CUST001459,COV004427,2025-01-11,2025-01-13,subrogation,fire,565.3,32.76
CLM004428,CN-00004428,POL004528,CUST003818,COV004428,2024-04-16,2024-04-22,closed,theft,830.11,137.72
CLM004429,CN-00004429,POL004529,CUST004553,COV004429,2025-08-18,2025-08-27,closed,theft,213.15,12.17
CLM004430,CN-00004430,POL004530,CUST001483,COV004430,2024-08-19,2024-08-25,reopened,water_damage,196.81,3.41
CLM004431,CN-00004431,POL004531,CUST001810,COV004431,2024-10-09,2024-10-13,open,theft,645.38,92.16
CLM004432,CN-00004432,POL004532,CUST002329,COV004432,2026-05-30,2026-06-03,closed,other,6249.76,1352.29
CLM004433,CN-00004433,POL004533,CUST002015,COV004433,2024-12-05,2024-12-11,closed,collision,421.48,57.13
CLM004434,CN-00004434,POL004534,CUST004977,COV004434,2025-07-21,2025-07-29,closed,fire,13704.28,271.82
CLM004435,CN-00004435,POL004535,CUST004684,COV004435,2025-02-12,2025-02-20,closed,water_damage,706.72,14.12
CLM004436,CN-00004436,POL004536,CUST002758,COV004436,2025-07-20,2025-07-21,reopened,liability,225.68,0.42
CLM004437,CN-00004437,POL004537,CUST001238,COV004437,2024-05-11,2024-05-16,closed,water_damage,448.75,45.41
CLM004438,CN-00004438,POL004538,CUST004453,COV004438,2025-04-18,2025-04-29,reopened,collision,407.68,45.33
CLM004439,CN-00004439,POL004539,CUST001230,COV004439,2026-03-13,2026-03-21,closed,fire,189.28,47.89
CLM004440,CN-00004440,POL004540,CUST000689,COV004440,2025-01-12,2025-01-18,reopened,theft,780.57,105.84
CLM004441,CN-00004441,POL004541,CUST004403,COV004441,2024-06-24,2024-06-26,reopened,liability,172.99,8.04
CLM004442,CN-00004442,POL004542,CUST001216,COV004442,2025-05-31,2025-06-09,subrogation,other,764.32,53.85
CLM004443,CN-00004443,POL004543,CUST000323,COV004443,2025-10-16,2025-10-20,closed,fire,837.38,41.06
CLM004444,CN-00004444,POL004544,CUST004344,COV004444,2025-10-09,2025-10-21,subrogation,fire,311.04,69.39
CLM004445,CN-00004445,POL004545,CUST004854,COV004445,2024-08-11,2024-08-19,open,other,274.01,29.85
CLM004446,CN-00004446,POL004546,CUST003040,COV004446,2024-09-27,2024-10-07,open,collision,274.19,45.43
CLM004447,CN-00004447,POL004547,CUST003339,COV004447,2025-05-18,2025-06-01,closed,collision,106.94,10.81
CLM004448,CN-00004448,POL004548,CUST000894,COV004448,2026-07-14,2026-07-17,closed,fire,93.93,5.34
CLM004449,CN-00004449,POL004549,CUST001838,COV004449,2026-02-26,2026-03-12,reopened,collision,63.38,5.4
CLM004450,CN-00004450,POL004550,CUST000209,COV004450,2024-11-24,2024-11-28,reopened,collision,11691.3,979.02
CLM004451,CN-00004451,POL004551,CUST000992,COV004451,2025-11-13,2025-11-16,closed,collision,152.35,4.51
CLM004452,CN-00004452,POL004552,CUST004426,COV004452,2025-03-26,2025-04-03,closed,collision,695.64,200.64
CLM004453,CN-00004453,POL004553,CUST002597,COV004453,2025-07-01,2025-07-10,closed,theft,916.83,106.28
CLM004454,CN-00004454,POL004554,CUST000695,COV004454,2025-05-10,2025-05-11,reopened,liability,765.03,51.22
CLM004455,CN-00004455,POL004555,CUST004758,COV004455,2025-11-02,2025-11-12,closed,water_damage,805.69,219.49
CLM004456,CN-00004456,POL004556,CUST003928,COV004456,2025-06-24,2025-07-07,closed,collision,486.48,117.79
CLM004457,CN-00004457,POL004557,CUST004426,COV004457,2024-06-26,2024-07-03,closed,theft,794.92,58.1
CLM004458,CN-00004458,POL004558,CUST002496,COV004458,2025-03-17,2025-03-30,closed,other,273.27,17.87
CLM004459,CN-00004459,POL004559,CUST004402,COV004459,2025-01-15,2025-01-20,open,fire,560.23,161.3
CLM004460,CN-00004460,POL004560,CUST004871,COV004460,2026-02-03,2026-02-07,denied,fire,457.82,34.72
CLM004461,CN-00004461,POL004561,CUST001713,COV004461,2024-10-16,2024-10-29,reopened,other,3316.18,399.06
CLM004462,CN-00004462,POL004562,CUST002396,COV004462,2025-06-21,2025-06-25,denied,theft,419.83,73.15
CLM004463,CN-00004463,POL004563,CUST000225,COV004463,2025-06-17,2025-06-29,closed,other,690.5,179.05
CLM004464,CN-00004464,POL004564,CUST000244,COV004464,2025-09-19,2025-09-20,subrogation,water_damage,843.97,129.02
CLM004465,CN-00004465,POL004565,CUST001561,COV004465,2026-06-02,2026-06-09,reopened,other,623.2,132.32
CLM004466,CN-00004466,POL004566,CUST001072,COV004466,2024-10-13,2024-10-19,closed,weather,243.68,54.47
CLM004467,CN-00004467,POL004567,CUST003376,COV004467,2025-10-25,2025-10-28,subrogation,weather,116.48,14.95
CLM004468,CN-00004468,POL004568,CUST003487,COV004468,2024-03-22,2024-03-23,denied,collision,538.86,72.07
CLM004469,CN-00004469,POL004569,CUST000156,COV004469,2024-10-17,2024-10-31,closed,collision,813.76,103.85
CLM004470,CN-00004470,POL004570,CUST001656,COV004470,2025-03-09,2025-03-14,open,theft,672.84,138.13
CLM004471,CN-00004471,POL004571,CUST003754,COV004471,2025-04-24,2025-04-28,subrogation,theft,824.04,86.73
CLM004472,CN-00004472,POL004572,CUST004175,COV004472,2025-04-29,2025-05-01,closed,water_damage,896.33,216.19
CLM004473,CN-00004473,POL004573,CUST000498,COV004473,2025-02-26,2025-03-10,subrogation,liability,743.65,11.75
CLM004474,CN-00004474,POL004574,CUST002824,COV004474,2026-03-31,2026-04-04,closed,collision,521.23,50.34
CLM004475,CN-00004475,POL004575,CUST003511,COV004475,2026-03-04,2026-03-17,closed,other,97.51,27.98
CLM004476,CN-00004476,POL004576,CUST000822,COV004476,2025-07-01,2025-07-08,open,other,501.27,71.41
CLM004477,CN-00004477,POL004577,CUST002146,COV004477,2025-07-05,2025-07-19,subrogation,weather,833.38,131.57
CLM004478,CN-00004478,POL004578,CUST002723,COV004478,2026-03-08,2026-03-10,open,theft,968.27,144.35
CLM004479,CN-00004479,POL004579,CUST002320,COV004479,2025-11-05,2025-11-14,closed,liability,816.35,150.65
CLM004480,CN-00004480,POL004580,CUST003777,COV004480,2026-02-22,2026-03-03,closed,other,216.95,35.91
CLM004481,CN-00004481,POL004581,CUST004616,COV004481,2026-04-25,2026-05-06,denied,weather,366.92,24.01
CLM004482,CN-00004482,POL004582,CUST002944,COV004482,2024-09-13,2024-09-23,denied,collision,5526.2,1639.06
CLM004483,CN-00004483,POL004583,CUST001134,COV004483,2026-07-08,2026-07-12,closed,water_damage,883.86,155.6
CLM004484,CN-00004484,POL004584,CUST000413,COV004484,2024-10-01,2024-10-01,closed,theft,518.52,22.36
CLM004485,CN-00004485,POL004585,CUST002976,COV004485,2025-02-17,2025-02-24,open,theft,377.45,4.58
CLM004486,CN-00004486,POL004586,CUST002116,COV004486,2025-05-06,2025-05-16,closed,collision,297.96,83.07
CLM004487,CN-00004487,POL004587,CUST002987,COV004487,2024-05-12,2024-05-23,denied,fire,354.6,62.28
CLM004488,CN-00004488,POL004588,CUST002832,COV004488,2026-06-27,2026-06-30,reopened,collision,620.32,43.39
CLM004489,CN-00004489,POL004589,CUST002465,COV004489,2024-01-25,2024-02-02,reopened,fire,426.23,45.86
CLM004490,CN-00004490,POL004590,CUST000144,COV004490,2025-09-11,2025-09-14,denied,other,90.97,9.98
CLM004491,CN-00004491,POL004591,CUST000712,COV004491,2025-02-06,2025-02-17,closed,collision,735.36,126.47
CLM004492,CN-00004492,POL004592,CUST004673,COV004492,2025-07-29,2025-08-10,closed,weather,745.7,165.27
CLM004493,CN-00004493,POL004593,CUST001506,COV004493,2025-06-29,2025-07-07,open,weather,616.83,172.3
CLM004494,CN-00004494,POL004594,CUST003761,COV004494,2025-03-22,2025-03-31,denied,theft,925.13,257.27
CLM004495,CN-00004495,POL004595,CUST000029,COV004495,2025-08-19,2025-08-20,denied,fire,754.56,118.14
CLM004496,CN-00004496,POL004596,CUST002492,COV004496,2025-03-09,2025-03-17,closed,weather,314.93,19.17
CLM004497,CN-00004497,POL004597,CUST000551,COV004497,2024-09-09,2024-09-21,closed,water_damage,723.31,70.62
CLM004498,CN-00004498,POL004598,CUST000521,COV004498,2024-08-11,2024-08-12,closed,water_damage,344.68,21.8
CLM004499,CN-00004499,POL004599,CUST001345,COV004499,2024-10-18,2024-10-22,denied,other,254.96,31.84
CLM004500,CN-00004500,POL004600,CUST002005,COV004500,2025-04-30,2025-05-06,closed,fire,316.3,55.69
CLM004501,CN-00004501,POL004601,CUST003022,COV004501,2025-09-25,2025-10-04,denied,water_damage,136.64,14.88
CLM004502,CN-00004502,POL004602,CUST002420,COV004502,2025-08-31,2025-09-09,closed,fire,199.46,44.71
CLM004503,CN-00004503,POL004603,CUST003248,COV004503,2026-05-28,2026-06-06,denied,liability,957.52,262.41
CLM004504,CN-00004504,POL004604,CUST002700,COV004504,2026-01-15,2026-01-24,closed,liability,654.75,153.98
CLM004505,CN-00004505,POL004605,CUST003195,COV004505,2026-09-12,2026-09-23,closed,liability,688.85,107.7
CLM004506,CN-00004506,POL004606,CUST001193,COV004506,2024-10-09,2024-10-21,closed,collision,977.01,131.75
CLM004507,CN-00004507,POL004607,CUST003020,COV004507,2024-01-06,2024-01-18,open,water_damage,937.07,156.67
CLM004508,CN-00004508,POL004608,CUST001004,COV004508,2026-01-05,2026-01-13,closed,other,510.5,97.47
CLM004509,CN-00004509,POL004609,CUST003794,COV004509,2024-12-13,2024-12-15,reopened,other,50.04,12.41
CLM004510,CN-00004510,POL004610,CUST002788,COV004510,2025-08-30,2025-09-01,open,collision,503.47,9.35
CLM004511,CN-00004511,POL004611,CUST004673,COV004511,2026-04-11,2026-04-16,open,other,679.91,172.99
CLM004512,CN-00004512,POL004612,CUST001505,COV004512,2024-08-12,2024-08-25,subrogation,water_damage,351.62,54.28
CLM004513,CN-00004513,POL004613,CUST002322,COV004513,2026-07-06,2026-07-19,open,theft,417.3,23.02
CLM004514,CN-00004514,POL004614,CUST000685,COV004514,2026-03-05,2026-03-07,closed,water_damage,221.14,7.87
CLM004515,CN-00004515,POL004615,CUST004903,COV004515,2025-07-19,2025-07-23,closed,water_damage,4107.3,15.43
CLM004516,CN-00004516,POL004616,CUST001768,COV004516,2025-02-14,2025-02-25,closed,weather,436.77,55.8
CLM004517,CN-00004517,POL004617,CUST003849,COV004517,2024-06-08,2024-06-14,open,theft,660.61,64.91
CLM004518,CN-00004518,POL004618,CUST002317,COV004518,2024-09-13,2024-09-22,reopened,theft,225.95,15.21
CLM004519,CN-00004519,POL004619,CUST000818,COV004519,2026-07-22,2026-07-23,closed,theft,165.03,15.39
CLM004520,CN-00004520,POL004620,CUST000454,COV004520,2026-01-26,2026-01-28,closed,liability,159.24,7.87
CLM004521,CN-00004521,POL004621,CUST004541,COV004521,2025-04-01,2025-04-08,closed,fire,356.39,80.01
CLM004522,CN-00004522,POL004622,CUST003039,COV004522,2026-07-13,2026-07-18,closed,fire,338.64,88.39
CLM004523,CN-00004523,POL004623,CUST003079,COV004523,2025-06-11,2025-06-24,subrogation,other,491.59,6.81
CLM004524,CN-00004524,POL004624,CUST003532,COV004524,2024-01-24,2024-02-06,closed,fire,964.03,269.81
CLM004525,CN-00004525,POL004625,CUST001833,COV004525,2026-04-28,2026-05-11,closed,other,89.49,25.35
CLM004526,CN-00004526,POL004626,CUST004976,COV004526,2024-07-14,2024-07-26,closed,collision,499.17,99.33
CLM004527,CN-00004527,POL004627,CUST004054,COV004527,2025-05-15,2025-05-15,subrogation,weather,968.31,202.47
CLM004528,CN-00004528,POL004628,CUST002121,COV004528,2024-12-14,2024-12-23,denied,theft,280.4,44.24
CLM004529,CN-00004529,POL004629,CUST003414,COV004529,2026-08-07,2026-08-10,closed,weather,10676.38,873.16
CLM004530,CN-00004530,POL004630,CUST001042,COV004530,2025-01-09,2025-01-19,denied,water_damage,855.56,94.18
CLM004531,CN-00004531,POL004631,CUST002780,COV004531,2024-07-04,2024-07-15,closed,collision,607.66,2.79
CLM004532,CN-00004532,POL004632,CUST000716,COV004532,2024-12-08,2024-12-12,closed,fire,51.15,10.86
CLM004533,CN-00004533,POL004633,CUST002468,COV004533,2025-07-20,2025-08-02,open,other,974.76,171.3
CLM004534,CN-00004534,POL004634,CUST003919,COV004534,2026-01-20,2026-01-31,closed,other,366.44,84.98
CLM004535,CN-00004535,POL004635,CUST000139,COV004535,2024-06-30,2024-07-04,subrogation,theft,766.59,217.96
CLM004536,CN-00004536,POL004636,CUST003423,COV004536,2024-12-26,2024-12-31,open,theft,861.77,53.88
CLM004537,CN-00004537,POL004637,CUST000330,COV004537,2026-03-29,2026-04-12,reopened,liability,982.61,207.95
CLM004538,CN-00004538,POL004638,CUST003158,COV004538,2025-03-21,2025-03-24,subrogation,weather,78.03,6.86
CLM004539,CN-00004539,POL004639,CUST004486,COV004539,2026-07-17,2026-07-17,subrogation,collision,967.5,182.5
CLM004540,CN-00004540,POL004640,CUST001592,COV004540,2025-04-20,2025-04-25,denied,water_damage,911.03,78.24
CLM004541,CN-00004541,POL004641,CUST001745,COV004541,2025-02-11,2025-02-19,subrogation,water_damage,770.35,141.75
CLM004542,CN-00004542,POL004642,CUST002430,COV004542,2024-08-09,2024-08-17,open,collision,291.23,74.86
CLM004543,CN-00004543,POL004643,CUST000801,COV004543,2025-01-06,2025-01-12,denied,theft,443.89,95.04
CLM004544,CN-00004544,POL004644,CUST001588,COV004544,2024-08-06,2024-08-06,open,collision,719.81,192.84
CLM004545,CN-00004545,POL004645,CUST004219,COV004545,2025-10-12,2025-10-17,reopened,weather,624.04,160.79
CLM004546,CN-00004546,POL004646,CUST003920,COV004546,2025-08-14,2025-08-25,reopened,collision,79.04,15.21
CLM004547,CN-00004547,POL004647,CUST002074,COV004547,2026-07-14,2026-07-27,open,fire,793.24,63.7
CLM004548,CN-00004548,POL004648,CUST000546,COV004548,2025-05-15,2025-05-18,open,other,430.91,52.02
CLM004549,CN-00004549,POL004649,CUST001884,COV004549,2025-04-11,2025-04-20,closed,collision,720.37,212.77
CLM004550,CN-00004550,POL004650,CUST002758,COV004550,2024-01-25,2024-02-07,closed,other,64.2,10.42
CLM004551,CN-00004551,POL004651,CUST001657,COV004551,2024-09-21,2024-09-24,closed,weather,637.4,38.41
CLM004552,CN-00004552,POL004652,CUST000614,COV004552,2024-05-16,2024-05-16,subrogation,fire,813.3,95.72
CLM004553,CN-00004553,POL004653,CUST001397,COV004553,2024-01-05,2024-01-06,denied,theft,316.55,87.8
CLM004554,CN-00004554,POL004654,CUST003560,COV004554,2025-07-28,2025-08-08,denied,other,420.66,61.41
CLM004555,CN-00004555,POL004655,CUST003369,COV004555,2025-03-26,2025-04-01,open,fire,368.83,5.94
CLM004556,CN-00004556,POL004656,CUST003774,COV004556,2024-11-16,2024-11-21,reopened,liability,123.41,15.05
CLM004557,CN-00004557,POL004657,CUST003244,COV004557,2025-10-21,2025-10-21,reopened,weather,7106.53,70.74
CLM004558,CN-00004558,POL004658,CUST000492,COV004558,2025-02-20,2025-02-26,subrogation,weather,229.92,30.45
CLM004559,CN-00004559,POL004659,CUST000979,COV004559,2026-04-09,2026-04-09,reopened,water_damage,423.5,78.73
CLM004560,CN-00004560,POL004660,CUST003319,COV004560,2025-03-18,2025-03-25,closed,theft,254.05,75.43
CLM004561,CN-00004561,POL004661,CUST003661,COV004561,2026-04-16,2026-04-21,closed,water_damage,428.9,81.91
CLM004562,CN-00004562,POL004662,CUST001055,COV004562,2025-12-17,2025-12-25,closed,weather,70.1,13.12
CLM004563,CN-00004563,POL004663,CUST004131,COV004563,2025-04-15,2025-04-18,closed,fire,235.74,5.2
CLM004564,CN-00004564,POL004664,CUST004188,COV004564,2026-07-19,2026-07-30,subrogation,fire,306.79,21.98
CLM004565,CN-00004565,POL004665,CUST002682,COV004565,2024-11-04,2024-11-10,subrogation,water_damage,252.07,69.32
CLM004566,CN-00004566,POL004666,CUST004789,COV004566,2024-09-22,2024-09-22,closed,water_damage,305.31,16.93
CLM004567,CN-00004567,POL004667,CUST004703,COV004567,2024-11-28,2024-12-11,reopened,theft,684.68,114.41
CLM004568,CN-00004568,POL004668,CUST004802,COV004568,2025-03-23,2025-03-24,reopened,fire,469.3,120.84
CLM004569,CN-00004569,POL004669,CUST003330,COV004569,2025-01-06,2025-01-09,open,liability,106.01,13.17
CLM004570,CN-00004570,POL004670,CUST003488,COV004570,2026-06-27,2026-07-02,closed,liability,57.1,9.38
CLM004571,CN-00004571,POL004671,CUST000646,COV004571,2024-02-24,2024-02-28,closed,other,891.16,36.79
CLM004572,CN-00004572,POL004672,CUST001868,COV004572,2026-05-26,2026-06-05,closed,water_damage,801.1,94.4
CLM004573,CN-00004573,POL004673,CUST001875,COV004573,2026-08-05,2026-08-11,closed,other,799.89,148.46
CLM004574,CN-00004574,POL004674,CUST000235,COV004574,2026-02-05,2026-02-10,open,fire,944.33,263.49
CLM004575,CN-00004575,POL004675,CUST004159,COV004575,2025-01-06,2025-01-13,open,water_damage,255.51,46.5
CLM004576,CN-00004576,POL004676,CUST002391,COV004576,2025-03-13,2025-03-15,open,collision,671.91,32.84
CLM004577,CN-00004577,POL004677,CUST003530,COV004577,2024-04-01,2024-04-11,subrogation,fire,917.97,109.79
CLM004578,CN-00004578,POL004678,CUST000535,COV004578,2024-02-10,2024-02-17,closed,weather,203.67,16.66
CLM004579,CN-00004579,POL004679,CUST004327,COV004579,2024-06-02,2024-06-14,denied,theft,677.81,100.61
CLM004580,CN-00004580,POL004680,CUST003953,COV004580,2026-06-04,2026-06-09,closed,collision,597.4,54.01
CLM004581,CN-00004581,POL004681,CUST000216,COV004581,2024-11-25,2024-12-05,reopened,liability,126.39,32.02
CLM004582,CN-00004582,POL004682,CUST003711,COV004582,2026-03-13,2026-03-15,reopened,other,393.97,27.93
CLM004583,CN-00004583,POL004683,CUST002799,COV004583,2025-06-12,2025-06-23,subrogation,fire,228.45,49.86
CLM004584,CN-00004584,POL004684,CUST000251,COV004584,2024-09-22,2024-09-26,closed,other,150.62,1.47
CLM004585,CN-00004585,POL004685,CUST002014,COV004585,2026-03-31,2026-04-10,denied,collision,772.9,156.46
CLM004586,CN-00004586,POL004686,CUST001409,COV004586,2025-02-11,2025-02-22,subrogation,collision,389.71,115.67
CLM004587,CN-00004587,POL004687,CUST002307,COV004587,2026-06-24,2026-06-25,closed,liability,886.53,131.65
CLM004588,CN-00004588,POL004688,CUST004834,COV004588,2024-05-30,2024-06-09,subrogation,liability,543.69,9.08
CLM004589,CN-00004589,POL004689,CUST003487,COV004589,2024-02-12,2024-02-12,subrogation,liability,222.46,35.86
CLM004590,CN-00004590,POL004690,CUST001804,COV004590,2025-04-28,2025-05-08,closed,water_damage,101.1,25.89
CLM004591,CN-00004591,POL004691,CUST003079,COV004591,2025-09-27,2025-09-28,denied,water_damage,629.86,56.65
CLM004592,CN-00004592,POL004692,CUST002066,COV004592,2026-05-10,2026-05-11,subrogation,theft,637.23,147.53
CLM004593,CN-00004593,POL004693,CUST003369,COV004593,2026-05-08,2026-05-14,subrogation,other,11966.52,395.14
CLM004594,CN-00004594,POL004694,CUST004791,COV004594,2026-06-10,2026-06-21,denied,liability,382.26,85.55
CLM004595,CN-00004595,POL004695,CUST004210,COV004595,2025-09-06,2025-09-09,closed,fire,97.14,8.66
CLM004596,CN-00004596,POL004696,CUST003635,COV004596,2024-12-19,2025-01-01,closed,collision,997.25,277.65
CLM004597,CN-00004597,POL004697,CUST000334,COV004597,2025-01-12,2025-01-20,closed,water_damage,157.55,45.92
CLM004598,CN-00004598,POL004698,CUST002540,COV004598,2025-06-20,2025-06-25,denied,collision,717.47,77.6
CLM004599,CN-00004599,POL004699,CUST002147,COV004599,2025-11-15,2025-11-15,subrogation,theft,821.29,232.08
CLM004600,CN-00004600,POL004700,CUST002674,COV004600,2026-02-02,2026-02-13,closed,other,269.48,78.76
CLM004601,CN-00004601,POL004701,CUST000326,COV004601,2025-02-19,2025-03-03,reopened,other,834.43,73.76
CLM004602,CN-00004602,POL004702,CUST004927,COV004602,2024-09-06,2024-09-12,denied,liability,834.0,176.04
CLM004603,CN-00004603,POL004703,CUST003148,COV004603,2025-02-13,2025-02-14,reopened,weather,342.71,54.14
CLM004604,CN-00004604,POL004704,CUST004520,COV004604,2025-01-02,2025-01-02,closed,other,422.88,70.29
CLM004605,CN-00004605,POL004705,CUST003287,COV004605,2024-09-04,2024-09-10,subrogation,weather,375.9,104.82
CLM004606,CN-00004606,POL004706,CUST003465,COV004606,2024-11-17,2024-11-19,open,water_damage,530.03,112.9
CLM004607,CN-00004607,POL004707,CUST004038,COV004607,2025-06-02,2025-06-03,closed,other,845.58,170.45
CLM004608,CN-00004608,POL004708,CUST004520,COV004608,2024-11-08,2024-11-19,closed,liability,467.41,84.98
CLM004609,CN-00004609,POL004709,CUST000231,COV004609,2025-03-24,2025-04-04,closed,collision,870.64,249.08
CLM004610,CN-00004610,POL004710,CUST004602,COV004610,2024-03-19,2024-03-22,subrogation,collision,879.83,95.19
CLM004611,CN-00004611,POL004711,CUST004155,COV004611,2025-06-18,2025-06-18,open,collision,8375.45,1966.13
CLM004612,CN-00004612,POL004712,CUST002852,COV004612,2025-04-02,2025-04-04,reopened,collision,938.96,104.48
CLM004613,CN-00004613,POL004713,CUST003940,COV004613,2026-05-05,2026-05-17,reopened,fire,913.88,46.3
CLM004614,CN-00004614,POL004714,CUST000478,COV004614,2026-03-04,2026-03-17,closed,fire,228.15,52.88
CLM004615,CN-00004615,POL004715,CUST003431,COV004615,2024-12-11,2024-12-17,closed,liability,920.1,239.97
CLM004616,CN-00004616,POL004716,CUST003652,COV004616,2024-04-16,2024-04-25,closed,fire,915.25,226.09
CLM004617,CN-00004617,POL004717,CUST001558,COV004617,2025-11-08,2025-11-10,closed,fire,147.39,18.09
CLM004618,CN-00004618,POL004718,CUST000802,COV004618,2025-06-29,2025-07-07,closed,theft,422.86,89.04
CLM004619,CN-00004619,POL004719,CUST003656,COV004619,2026-08-07,2026-08-08,open,theft,703.15,123.94
CLM004620,CN-00004620,POL004720,CUST003619,COV004620,2026-07-08,2026-07-17,subrogation,weather,468.44,120.36
CLM004621,CN-00004621,POL004721,CUST001625,COV004621,2024-08-03,2024-08-08,closed,collision,383.32,54.67
CLM004622,CN-00004622,POL004722,CUST003807,COV004622,2024-08-14,2024-08-26,subrogation,fire,955.99,83.75
CLM004623,CN-00004623,POL004723,CUST004701,COV004623,2025-07-24,2025-08-06,closed,theft,551.45,86.66
CLM004624,CN-00004624,POL004724,CUST002200,COV004624,2024-08-01,2024-08-06,closed,fire,8643.6,1746.2
CLM004625,CN-00004625,POL004725,CUST001841,COV004625,2024-02-08,2024-02-08,denied,other,890.33,3.4
CLM004626,CN-00004626,POL004726,CUST003806,COV004626,2024-08-26,2024-08-30,open,fire,731.82,66.98
CLM004627,CN-00004627,POL004727,CUST004171,COV004627,2025-05-02,2025-05-06,open,fire,855.61,192.0
CLM004628,CN-00004628,POL004728,CUST002969,COV004628,2026-06-18,2026-07-02,closed,collision,377.62,5.75
CLM004629,CN-00004629,POL004729,CUST003831,COV004629,2026-01-10,2026-01-21,subrogation,fire,292.55,74.15
CLM004630,CN-00004630,POL004730,CUST003354,COV004630,2026-01-26,2026-01-27,closed,liability,393.34,88.32
CLM004631,CN-00004631,POL004731,CUST001742,COV004631,2025-07-28,2025-08-11,closed,collision,704.73,65.81
CLM004632,CN-00004632,POL004732,CUST001638,COV004632,2025-07-15,2025-07-24,reopened,weather,456.96,35.99
CLM004633,CN-00004633,POL004733,CUST002483,COV004633,2024-04-30,2024-05-06,open,liability,341.52,85.53
CLM004634,CN-00004634,POL004734,CUST004605,COV004634,2025-09-16,2025-09-26,subrogation,theft,581.09,75.94
CLM004635,CN-00004635,POL004735,CUST003831,COV004635,2025-12-22,2026-01-05,subrogation,other,648.41,160.79
CLM004636,CN-00004636,POL004736,CUST003904,COV004636,2025-03-19,2025-03-24,closed,fire,713.77,2.5
CLM004637,CN-00004637,POL004737,CUST004349,COV004637,2025-02-27,2025-03-09,closed,collision,462.44,87.61
CLM004638,CN-00004638,POL004738,CUST001375,COV004638,2024-08-08,2024-08-15,closed,collision,265.76,29.27
CLM004639,CN-00004639,POL004739,CUST000292,COV004639,2024-08-02,2024-08-07,subrogation,fire,446.05,32.76
CLM004640,CN-00004640,POL004740,CUST003053,COV004640,2025-02-21,2025-02-21,closed,fire,659.78,143.43
CLM004641,CN-00004641,POL004741,CUST002890,COV004641,2026-01-23,2026-01-26,denied,fire,593.85,15.56
CLM004642,CN-00004642,POL004742,CUST001256,COV004642,2026-01-06,2026-01-20,subrogation,fire,880.08,11.56
CLM004643,CN-00004643,POL004743,CUST002870,COV004643,2025-11-22,2025-12-02,denied,other,391.36,49.59
CLM004644,CN-00004644,POL004744,CUST000442,COV004644,2025-12-24,2025-12-25,open,liability,414.76,105.1
CLM004645,CN-00004645,POL004745,CUST000419,COV004645,2025-10-27,2025-11-10,subrogation,weather,890.49,137.61
CLM004646,CN-00004646,POL004746,CUST004159,COV004646,2025-07-23,2025-07-30,subrogation,theft,4260.75,447.84
CLM004647,CN-00004647,POL004747,CUST001687,COV004647,2026-06-02,2026-06-13,closed,weather,10134.91,1446.17
CLM004648,CN-00004648,POL004748,CUST004558,COV004648,2025-12-26,2026-01-01,closed,fire,224.48,24.46
CLM004649,CN-00004649,POL004749,CUST003871,COV004649,2026-03-25,2026-03-25,closed,collision,835.89,67.61
CLM004650,CN-00004650,POL004750,CUST004137,COV004650,2025-04-08,2025-04-16,reopened,fire,134.73,11.12
CLM004651,CN-00004651,POL004751,CUST003518,COV004651,2026-01-13,2026-01-21,reopened,fire,83.48,6.5
CLM004652,CN-00004652,POL004752,CUST004125,COV004652,2026-04-04,2026-04-16,closed,weather,459.19,43.58
CLM004653,CN-00004653,POL004753,CUST003296,COV004653,2026-02-13,2026-02-22,closed,weather,374.85,111.33
CLM004654,CN-00004654,POL004754,CUST002117,COV004654,2026-07-02,2026-07-11,open,other,455.13,53.95
CLM004655,CN-00004655,POL004755,CUST002692,COV004655,2026-09-03,2026-09-17,closed,fire,307.1,58.59
CLM004656,CN-00004656,POL004756,CUST001587,COV004656,2024-03-26,2024-03-26,closed,liability,575.54,59.43
CLM004657,CN-00004657,POL004757,CUST000519,COV004657,2024-06-13,2024-06-15,open,theft,858.54,124.03
CLM004658,CN-00004658,POL004758,CUST003768,COV004658,2025-11-29,2025-12-11,open,collision,781.9,154.99
CLM004659,CN-00004659,POL004759,CUST003470,COV004659,2026-03-23,2026-03-28,closed,theft,247.86,37.1
CLM004660,CN-00004660,POL004760,CUST000761,COV004660,2026-03-03,2026-03-11,open,weather,977.03,213.46
CLM004661,CN-00004661,POL004761,CUST001286,COV004661,2025-06-24,2025-06-29,open,theft,129.04,37.18
CLM004662,CN-00004662,POL004762,CUST003177,COV004662,2026-02-08,2026-02-20,closed,other,128.33,20.71
CLM004663,CN-00004663,POL004763,CUST000834,COV004663,2024-04-12,2024-04-13,closed,theft,785.24,53.36
CLM004664,CN-00004664,POL004764,CUST001207,COV004664,2024-11-05,2024-11-11,reopened,collision,554.72,24.37
CLM004665,CN-00004665,POL004765,CUST000898,COV004665,2025-11-20,2025-11-20,closed,fire,886.82,4.19
CLM004666,CN-00004666,POL004766,CUST004451,COV004666,2026-05-19,2026-05-26,subrogation,fire,256.06,45.99
CLM004667,CN-00004667,POL004767,CUST004134,COV004667,2026-01-14,2026-01-24,closed,other,322.85,35.72
CLM004668,CN-00004668,POL004768,CUST004287,COV004668,2024-06-30,2024-07-01,closed,weather,504.69,135.05
CLM004669,CN-00004669,POL004769,CUST001021,COV004669,2025-09-08,2025-09-22,closed,liability,764.17,36.44
CLM004670,CN-00004670,POL004770,CUST000987,COV004670,2026-05-12,2026-05-20,open,collision,283.79,35.54
CLM004671,CN-00004671,POL004771,CUST001293,COV004671,2025-03-14,2025-03-14,closed,theft,401.97,54.66
CLM004672,CN-00004672,POL004772,CUST000760,COV004672,2024-02-13,2024-02-13,reopened,collision,914.53,64.34
CLM004673,CN-00004673,POL004773,CUST002340,COV004673,2025-02-27,2025-03-06,closed,theft,9554.17,258.22
CLM004674,CN-00004674,POL004774,CUST003984,COV004674,2025-06-20,2025-06-26,closed,fire,188.05,36.86
CLM004675,CN-00004675,POL004775,CUST003449,COV004675,2024-03-08,2024-03-08,closed,collision,10336.78,1871.99
CLM004676,CN-00004676,POL004776,CUST001296,COV004676,2024-04-24,2024-04-24,reopened,fire,936.81,231.69
CLM004677,CN-00004677,POL004777,CUST000862,COV004677,2025-06-04,2025-06-09,reopened,theft,529.48,18.24
CLM004678,CN-00004678,POL004778,CUST003762,COV004678,2026-01-05,2026-01-14,reopened,fire,448.43,79.26
CLM004679,CN-00004679,POL004779,CUST003136,COV004679,2026-03-23,2026-04-06,closed,collision,226.81,23.74
CLM004680,CN-00004680,POL004780,CUST002489,COV004680,2026-03-30,2026-04-12,closed,theft,293.87,70.77
CLM004681,CN-00004681,POL004781,CUST001887,COV004681,2024-05-15,2024-05-27,denied,other,746.58,175.98
CLM004682,CN-00004682,POL004782,CUST004715,COV004682,2026-04-14,2026-04-18,open,weather,683.18,15.06
CLM004683,CN-00004683,POL004783,CUST004665,COV004683,2025-03-22,2025-03-27,subrogation,water_damage,781.53,226.37
CLM004684,CN-00004684,POL004784,CUST004847,COV004684,2024-01-08,2024-01-18,open,collision,337.83,70.22
CLM004685,CN-00004685,POL004785,CUST001329,COV004685,2024-07-30,2024-08-09,closed,water_damage,851.36,116.07
CLM004686,CN-00004686,POL004786,CUST004186,COV004686,2025-10-28,2025-11-03,reopened,weather,724.28,20.47
CLM004687,CN-00004687,POL004787,CUST003969,COV004687,2025-01-13,2025-01-26,subrogation,weather,11657.62,1024.23
CLM004688,CN-00004688,POL004788,CUST004991,COV004688,2024-01-13,2024-01-21,denied,weather,168.89,39.02
CLM004689,CN-00004689,POL004789,CUST004048,COV004689,2025-03-08,2025-03-10,closed,fire,8533.6,768.09
CLM004690,CN-00004690,POL004790,CUST001068,COV004690,2025-05-20,2025-05-26,closed,theft,359.86,107.43
CLM004691,CN-00004691,POL004791,CUST000568,COV004691,2025-08-04,2025-08-10,reopened,water_damage,917.07,138.15
CLM004692,CN-00004692,POL004792,CUST000189,COV004692,2025-06-25,2025-07-06,open,weather,267.38,16.93
CLM004693,CN-00004693,POL004793,CUST002684,COV004693,2026-06-16,2026-06-20,open,other,794.94,47.09
CLM004694,CN-00004694,POL004794,CUST004957,COV004694,2024-06-26,2024-06-27,open,collision,318.7,1.59
CLM004695,CN-00004695,POL004795,CUST001321,COV004695,2026-04-23,2026-04-25,closed,fire,790.11,163.55
CLM004696,CN-00004696,POL004796,CUST004909,COV004696,2026-05-09,2026-05-17,open,weather,495.6,15.78
CLM004697,CN-00004697,POL004797,CUST001223,COV004697,2026-08-12,2026-08-19,reopened,fire,11506.48,2444.79
CLM004698,CN-00004698,POL004798,CUST004570,COV004698,2025-10-19,2025-11-02,subrogation,other,122.3,4.85
CLM004699,CN-00004699,POL004799,CUST000614,COV004699,2026-02-19,2026-03-03,closed,weather,4757.36,1386.57
CLM004700,CN-00004700,POL004800,CUST000525,COV004700,2024-08-13,2024-08-24,closed,collision,988.45,220.74
CLM004701,CN-00004701,POL004801,CUST004380,COV004701,2024-02-01,2024-02-04,reopened,collision,562.52,94.2
CLM004702,CN-00004702,POL004802,CUST002066,COV004702,2025-09-19,2025-09-24,closed,fire,159.38,10.08
CLM004703,CN-00004703,POL004803,CUST004524,COV004703,2026-04-06,2026-04-10,closed,fire,10904.25,571.84
CLM004704,CN-00004704,POL004804,CUST004814,COV004704,2024-07-18,2024-07-29,open,water_damage,917.46,109.81
CLM004705,CN-00004705,POL004805,CUST001585,COV004705,2025-05-16,2025-05-22,closed,liability,891.3,79.2
CLM004706,CN-00004706,POL004806,CUST004500,COV004706,2026-04-26,2026-05-07,closed,collision,575.19,132.58
CLM004707,CN-00004707,POL004807,CUST001611,COV004707,2026-06-06,2026-06-20,closed,theft,875.79,226.36
CLM004708,CN-00004708,POL004808,CUST001345,COV004708,2025-04-24,2025-05-06,closed,weather,532.03,46.05
CLM004709,CN-00004709,POL004809,CUST003508,COV004709,2024-01-16,2024-01-25,denied,water_damage,146.33,37.53
CLM004710,CN-00004710,POL004810,CUST000696,COV004710,2026-09-06,2026-09-16,reopened,water_damage,104.45,8.84
CLM004711,CN-00004711,POL004811,CUST004122,COV004711,2024-10-20,2024-11-03,closed,theft,802.65,239.19
CLM004712,CN-00004712,POL004812,CUST004186,COV004712,2026-01-15,2026-01-17,closed,fire,994.8,44.04
CLM004713,CN-00004713,POL004813,CUST004581,COV004713,2025-04-24,2025-05-05,closed,weather,309.43,84.93
CLM004714,CN-00004714,POL004814,CUST003530,COV004714,2026-08-19,2026-08-24,closed,water_damage,214.63,26.27
CLM004715,CN-00004715,POL004815,CUST004765,COV004715,2024-03-25,2024-03-31,closed,water_damage,556.48,41.73
CLM004716,CN-00004716,POL004816,CUST003476,COV004716,2026-01-17,2026-01-17,subrogation,water_damage,687.91,188.04
CLM004717,CN-00004717,POL004817,CUST001804,COV004717,2024-03-17,2024-03-28,subrogation,other,682.15,72.45
CLM004718,CN-00004718,POL004818,CUST000727,COV004718,2026-03-06,2026-03-12,reopened,theft,491.7,64.69
CLM004719,CN-00004719,POL004819,CUST003934,COV004719,2025-10-17,2025-10-17,subrogation,other,904.56,19.35
CLM004720,CN-00004720,POL004820,CUST000627,COV004720,2024-03-05,2024-03-19,open,fire,61.12,6.12
CLM004721,CN-00004721,POL004821,CUST003403,COV004721,2025-03-23,2025-03-31,subrogation,liability,730.37,125.35
CLM004722,CN-00004722,POL004822,CUST002235,COV004722,2025-08-26,2025-09-04,subrogation,collision,908.53,197.27
CLM004723,CN-00004723,POL004823,CUST004724,COV004723,2025-11-10,2025-11-15,open,weather,589.19,117.31
CLM004724,CN-00004724,POL004824,CUST004133,COV004724,2025-08-12,2025-08-15,closed,collision,975.32,33.68
CLM004725,CN-00004725,POL004825,CUST000518,COV004725,2024-12-25,2025-01-06,closed,collision,700.38,103.81
CLM004726,CN-00004726,POL004826,CUST001324,COV004726,2025-09-03,2025-09-13,subrogation,fire,337.26,27.04
CLM004727,CN-00004727,POL004827,CUST004127,COV004727,2025-08-08,2025-08-12,subrogation,water_damage,412.89,89.85
CLM004728,CN-00004728,POL004828,CUST003830,COV004728,2025-06-13,2025-06-24,closed,other,627.5,85.09
CLM004729,CN-00004729,POL004829,CUST000068,COV004729,2024-03-12,2024-03-13,subrogation,other,755.06,143.8
CLM004730,CN-00004730,POL004830,CUST000881,COV004730,2026-01-28,2026-02-10,closed,collision,386.46,101.54
CLM004731,CN-00004731,POL004831,CUST002096,COV004731,2024-07-17,2024-07-26,denied,theft,548.28,133.31
CLM004732,CN-00004732,POL004832,CUST002606,COV004732,2024-11-17,2024-12-01,reopened,fire,793.74,156.6
CLM004733,CN-00004733,POL004833,CUST002424,COV004733,2024-03-30,2024-04-01,closed,theft,55.04,15.59
CLM004734,CN-00004734,POL004834,CUST003831,COV004734,2024-02-26,2024-02-27,open,theft,727.35,153.16
CLM004735,CN-00004735,POL004835,CUST003875,COV004735,2026-03-15,2026-03-18,closed,theft,7991.51,1352.08
CLM004736,CN-00004736,POL004836,CUST002523,COV004736,2024-01-10,2024-01-17,closed,other,701.13,156.8
CLM004737,CN-00004737,POL004837,CUST004511,COV004737,2024-07-27,2024-08-08,denied,water_damage,303.24,12.15
CLM004738,CN-00004738,POL004838,CUST002213,COV004738,2026-08-28,2026-09-08,reopened,fire,483.95,54.96
CLM004739,CN-00004739,POL004839,CUST002709,COV004739,2026-03-29,2026-03-29,denied,water_damage,458.14,73.01
CLM004740,CN-00004740,POL004840,CUST003893,COV004740,2024-09-26,2024-10-07,closed,other,809.49,25.8
CLM004741,CN-00004741,POL004841,CUST003492,COV004741,2024-05-13,2024-05-21,denied,other,781.0,28.6
CLM004742,CN-00004742,POL004842,CUST003195,COV004742,2024-10-26,2024-11-03,closed,other,9256.26,1589.36
CLM004743,CN-00004743,POL004843,CUST003873,COV004743,2025-10-29,2025-11-06,closed,liability,427.32,123.9
CLM004744,CN-00004744,POL004844,CUST004101,COV004744,2025-12-20,2025-12-21,open,other,358.46,81.78
CLM004745,CN-00004745,POL004845,CUST000077,COV004745,2025-04-22,2025-04-28,open,weather,329.94,76.69
CLM004746,CN-00004746,POL004846,CUST003514,COV004746,2025-06-08,2025-06-09,closed,liability,975.12,157.4
CLM004747,CN-00004747,POL004847,CUST003821,COV004747,2024-02-18,2024-02-26,closed,water_damage,753.76,127.38
CLM004748,CN-00004748,POL004848,CUST000815,COV004748,2026-04-15,2026-04-23,denied,other,509.69,77.74
CLM004749,CN-00004749,POL004849,CUST004933,COV004749,2026-08-07,2026-08-15,denied,water_damage,531.25,109.28
CLM004750,CN-00004750,POL004850,CUST002817,COV004750,2024-10-24,2024-10-25,closed,weather,132.87,6.84
CLM004751,CN-00004751,POL004851,CUST001911,COV004751,2024-02-13,2024-02-14,reopened,water_damage,497.18,6.81
CLM004752,CN-00004752,POL004852,CUST002763,COV004752,2026-05-15,2026-05-26,open,other,831.98,118.33
CLM004753,CN-00004753,POL004853,CUST003859,COV004753,2024-12-18,2024-12-30,denied,liability,950.1,5.89
CLM004754,CN-00004754,POL004854,CUST003372,COV004754,2025-07-28,2025-08-04,reopened,other,880.99,84.67
CLM004755,CN-00004755,POL004855,CUST001987,COV004755,2025-07-21,2025-08-02,closed,fire,376.97,105.51
CLM004756,CN-00004756,POL004856,CUST004432,COV004756,2024-10-07,2024-10-09,denied,theft,706.84,151.24
CLM004757,CN-00004757,POL004857,CUST004744,COV004757,2024-04-18,2024-04-21,open,water_damage,299.82,69.77
CLM004758,CN-00004758,POL004858,CUST003693,COV004758,2026-01-12,2026-01-21,reopened,water_damage,162.3,36.67
CLM004759,CN-00004759,POL004859,CUST000425,COV004759,2024-08-20,2024-08-27,closed,theft,388.64,91.95
CLM004760,CN-00004760,POL004860,CUST000213,COV004760,2025-04-16,2025-04-29,reopened,collision,885.63,111.87
CLM004761,CN-00004761,POL004861,CUST000031,COV004761,2026-04-28,2026-05-01,closed,weather,65.98,2.17
CLM004762,CN-00004762,POL004862,CUST001496,COV004762,2024-03-20,2024-03-20,subrogation,other,329.16,73.72
CLM004763,CN-00004763,POL004863,CUST004892,COV004763,2025-05-24,2025-06-03,subrogation,weather,537.05,67.03
CLM004764,CN-00004764,POL004864,CUST000091,COV004764,2024-07-14,2024-07-16,closed,theft,8549.17,980.97
CLM004765,CN-00004765,POL004865,CUST003362,COV004765,2024-09-20,2024-10-03,closed,liability,80.61,18.47
CLM004766,CN-00004766,POL004866,CUST004083,COV004766,2024-07-15,2024-07-16,open,weather,397.51,2.72
CLM004767,CN-00004767,POL004867,CUST000122,COV004767,2025-03-07,2025-03-17,denied,liability,293.93,36.4
CLM004768,CN-00004768,POL004868,CUST001313,COV004768,2024-09-24,2024-10-07,subrogation,water_damage,276.54,61.78
CLM004769,CN-00004769,POL004869,CUST002117,COV004769,2024-07-12,2024-07-26,closed,collision,477.4,66.53
CLM004770,CN-00004770,POL004870,CUST003685,COV004770,2024-10-24,2024-11-04,closed,other,849.19,98.92
CLM004771,CN-00004771,POL004871,CUST002823,COV004771,2024-10-30,2024-11-05,closed,collision,314.29,21.8
CLM004772,CN-00004772,POL004872,CUST000255,COV004772,2024-07-20,2024-07-30,closed,fire,522.53,37.39
CLM004773,CN-00004773,POL004873,CUST001221,COV004773,2025-10-09,2025-10-09,reopened,other,907.69,112.88
CLM004774,CN-00004774,POL004874,CUST001184,COV004774,2025-06-26,2025-06-27,closed,theft,438.75,117.3
CLM004775,CN-00004775,POL004875,CUST001422,COV004775,2024-11-18,2024-11-25,reopened,fire,950.38,283.75
CLM004776,CN-00004776,POL004876,CUST004691,COV004776,2026-07-14,2026-07-22,reopened,liability,993.14,40.26
CLM004777,CN-00004777,POL004877,CUST004142,COV004777,2026-01-28,2026-02-07,reopened,liability,121.77,5.2
CLM004778,CN-00004778,POL004878,CUST003574,COV004778,2025-04-29,2025-05-08,denied,weather,12225.77,2540.29
CLM004779,CN-00004779,POL004879,CUST004217,COV004779,2026-04-09,2026-04-17,closed,other,329.45,23.04
CLM004780,CN-00004780,POL004880,CUST001213,COV004780,2024-05-14,2024-05-17,open,other,375.78,105.79
CLM004781,CN-00004781,POL004881,CUST000066,COV004781,2024-08-09,2024-08-11,closed,weather,424.53,37.18
CLM004782,CN-00004782,POL004882,CUST000642,COV004782,2025-01-09,2025-01-17,reopened,weather,532.87,30.05
CLM004783,CN-00004783,POL004883,CUST001615,COV004783,2024-06-29,2024-07-01,closed,collision,459.28,110.21
CLM004784,CN-00004784,POL004884,CUST003355,COV004784,2025-02-16,2025-02-16,closed,other,387.02,48.84
CLM004785,CN-00004785,POL004885,CUST001966,COV004785,2026-07-02,2026-07-03,denied,water_damage,96.37,23.71
CLM004786,CN-00004786,POL004886,CUST003692,COV004786,2026-01-19,2026-01-22,open,fire,5633.93,1572.46
CLM004787,CN-00004787,POL004887,CUST002820,COV004787,2025-11-04,2025-11-17,subrogation,weather,971.55,185.63
CLM004788,CN-00004788,POL004888,CUST003922,COV004788,2026-03-03,2026-03-07,closed,theft,961.16,93.93
CLM004789,CN-00004789,POL004889,CUST000478,COV004789,2025-11-25,2025-12-01,reopened,collision,606.0,173.77
CLM004790,CN-00004790,POL004890,CUST002250,COV004790,2024-05-04,2024-05-17,closed,fire,208.2,2.2
CLM004791,CN-00004791,POL004891,CUST000696,COV004791,2024-07-21,2024-07-27,open,collision,760.48,138.56
CLM004792,CN-00004792,POL004892,CUST003578,COV004792,2024-01-11,2024-01-25,open,liability,904.18,139.14
CLM004793,CN-00004793,POL004893,CUST004158,COV004793,2025-08-01,2025-08-06,subrogation,liability,829.38,98.19
CLM004794,CN-00004794,POL004894,CUST000079,COV004794,2024-07-31,2024-08-08,denied,collision,404.65,83.35
CLM004795,CN-00004795,POL004895,CUST002375,COV004795,2026-04-24,2026-04-28,denied,theft,79.74,9.17
CLM004796,CN-00004796,POL004896,CUST004874,COV004796,2026-02-10,2026-02-13,closed,theft,743.18,151.61
CLM004797,CN-00004797,POL004897,CUST004687,COV004797,2024-10-03,2024-10-06,open,collision,310.81,51.92
CLM004798,CN-00004798,POL004898,CUST004383,COV004798,2024-03-20,2024-03-26,closed,weather,352.48,102.85
CLM004799,CN-00004799,POL004899,CUST000835,COV004799,2024-09-03,2024-09-13,closed,collision,66.08,11.41
CLM004800,CN-00004800,POL004900,CUST002979,COV004800,2024-05-28,2024-05-30,open,other,303.85,67.52
CLM004801,CN-00004801,POL004901,CUST001142,COV004801,2026-05-13,2026-05-13,reopened,weather,398.48,29.45
CLM004802,CN-00004802,POL004902,CUST000077,COV004802,2024-12-26,2024-12-30,subrogation,collision,708.29,201.81
CLM004803,CN-00004803,POL004903,CUST003420,COV004803,2026-04-27,2026-05-04,closed,water_damage,492.93,103.74
CLM004804,CN-00004804,POL004904,CUST004746,COV004804,2026-04-20,2026-04-27,reopened,other,596.76,109.92
CLM004805,CN-00004805,POL004905,CUST003697,COV004805,2025-10-04,2025-10-06,denied,other,509.4,10.46
CLM004806,CN-00004806,POL004906,CUST001308,COV004806,2025-05-25,2025-05-30,subrogation,theft,59.48,15.63
CLM004807,CN-00004807,POL004907,CUST003652,COV004807,2025-11-15,2025-11-24,subrogation,water_damage,446.07,58.31
CLM004808,CN-00004808,POL004908,CUST001116,COV004808,2026-03-27,2026-04-04,closed,other,463.02,130.3
CLM004809,CN-00004809,POL004909,CUST000681,COV004809,2025-05-10,2025-05-18,closed,other,146.82,1.94
CLM004810,CN-00004810,POL004910,CUST000392,COV004810,2026-05-28,2026-06-10,closed,liability,868.91,189.15
CLM004811,CN-00004811,POL004911,CUST001446,COV004811,2025-05-11,2025-05-17,closed,weather,954.09,123.05
CLM004812,CN-00004812,POL004912,CUST000629,COV004812,2025-08-18,2025-08-19,closed,collision,65.13,15.33
CLM004813,CN-00004813,POL004913,CUST003381,COV004813,2025-12-11,2025-12-12,closed,other,326.82,62.29
CLM004814,CN-00004814,POL004914,CUST004052,COV004814,2025-04-10,2025-04-19,subrogation,water_damage,295.62,5.57
CLM004815,CN-00004815,POL004915,CUST001537,COV004815,2024-10-04,2024-10-07,open,weather,883.58,178.0
CLM004816,CN-00004816,POL004916,CUST002995,COV004816,2024-06-14,2024-06-23,subrogation,theft,625.61,34.16
CLM004817,CN-00004817,POL004917,CUST003741,COV004817,2025-10-31,2025-11-02,reopened,weather,666.05,7.17
CLM004818,CN-00004818,POL004918,CUST000760,COV004818,2024-09-19,2024-09-20,subrogation,water_damage,469.57,114.97
CLM004819,CN-00004819,POL004919,CUST004834,COV004819,2024-01-07,2024-01-10,closed,fire,350.14,70.76
CLM004820,CN-00004820,POL004920,CUST003101,COV004820,2025-11-01,2025-11-10,denied,other,12271.37,3614.92
CLM004821,CN-00004821,POL004921,CUST004792,COV004821,2025-11-22,2025-12-06,reopened,fire,278.26,55.19
CLM004822,CN-00004822,POL004922,CUST003846,COV004822,2026-06-18,2026-06-20,subrogation,fire,679.87,106.78
CLM004823,CN-00004823,POL004923,CUST000723,COV004823,2024-11-18,2024-11-24,reopened,fire,80.61,8.31
CLM004824,CN-00004824,POL004924,CUST001485,COV004824,2024-07-28,2024-08-02,open,other,147.72,3.02
CLM004825,CN-00004825,POL004925,CUST003210,COV004825,2025-01-28,2025-01-30,closed,liability,281.69,73.97
CLM004826,CN-00004826,POL004926,CUST000829,COV004826,2025-10-10,2025-10-13,reopened,fire,692.73,15.11
CLM004827,CN-00004827,POL004927,CUST004338,COV004827,2025-08-26,2025-09-03,closed,fire,318.16,84.58
CLM004828,CN-00004828,POL004928,CUST002259,COV004828,2024-10-10,2024-10-10,closed,water_damage,560.83,42.44
CLM004829,CN-00004829,POL004929,CUST001904,COV004829,2024-06-06,2024-06-17,open,theft,408.79,9.39
CLM004830,CN-00004830,POL004930,CUST003462,COV004830,2026-07-08,2026-07-17,reopened,weather,281.65,27.4
CLM004831,CN-00004831,POL004931,CUST000598,COV004831,2024-10-23,2024-10-29,open,collision,499.08,21.26
CLM004832,CN-00004832,POL004932,CUST003599,COV004832,2024-05-13,2024-05-27,denied,fire,620.22,155.28
CLM004833,CN-00004833,POL004933,CUST003222,COV004833,2025-09-01,2025-09-03,closed,theft,494.62,45.11
CLM004834,CN-00004834,POL004934,CUST002341,COV004834,2024-11-06,2024-11-18,open,weather,319.87,44.25
CLM004835,CN-00004835,POL004935,CUST003900,COV004835,2026-02-07,2026-02-16,open,collision,999.66,121.98
CLM004836,CN-00004836,POL004936,CUST003000,COV004836,2026-08-09,2026-08-18,denied,water_damage,795.39,181.64
CLM004837,CN-00004837,POL004937,CUST004491,COV004837,2025-04-06,2025-04-09,closed,other,375.34,10.61
CLM004838,CN-00004838,POL004938,CUST000196,COV004838,2025-02-09,2025-02-15,closed,collision,300.46,46.36
CLM004839,CN-00004839,POL004939,CUST001108,COV004839,2024-06-06,2024-06-08,reopened,theft,572.0,154.77
CLM004840,CN-00004840,POL004940,CUST001263,COV004840,2025-11-16,2025-11-19,denied,theft,223.39,60.43
CLM004841,CN-00004841,POL004941,CUST004017,COV004841,2025-02-02,2025-02-02,subrogation,weather,66.01,1.68
CLM004842,CN-00004842,POL004942,CUST001175,COV004842,2024-03-07,2024-03-16,open,liability,4620.44,125.67
CLM004843,CN-00004843,POL004943,CUST001833,COV004843,2024-09-04,2024-09-05,reopened,fire,668.47,6.94
CLM004844,CN-00004844,POL004944,CUST003883,COV004844,2025-12-05,2025-12-16,reopened,liability,139.26,32.55
CLM004845,CN-00004845,POL004945,CUST003943,COV004845,2024-10-15,2024-10-17,closed,other,12776.26,41.75
CLM004846,CN-00004846,POL004946,CUST001223,COV004846,2026-06-27,2026-07-05,closed,water_damage,93.21,4.48
CLM004847,CN-00004847,POL004947,CUST001300,COV004847,2026-02-26,2026-03-11,subrogation,other,596.81,92.2
CLM004848,CN-00004848,POL004948,CUST001229,COV004848,2026-07-13,2026-07-26,closed,collision,811.68,88.09
CLM004849,CN-00004849,POL004949,CUST002900,COV004849,2026-05-22,2026-06-04,denied,liability,963.81,203.22
CLM004850,CN-00004850,POL004950,CUST001794,COV004850,2026-04-02,2026-04-07,closed,other,980.1,118.78
CLM004851,CN-00004851,POL004951,CUST004224,COV004851,2025-03-07,2025-03-15,subrogation,theft,145.5,28.58
CLM004852,CN-00004852,POL004952,CUST001166,COV004852,2025-06-07,2025-06-08,denied,water_damage,708.52,42.64
CLM004853,CN-00004853,POL004953,CUST004936,COV004853,2024-01-02,2024-01-02,denied,weather,638.87,184.1
CLM004854,CN-00004854,POL004954,CUST000256,COV004854,2024-04-14,2024-04-14,open,weather,389.26,108.19
CLM004855,CN-00004855,POL004955,CUST000296,COV004855,2024-10-21,2024-10-26,reopened,liability,873.15,82.09
CLM004856,CN-00004856,POL004956,CUST003595,COV004856,2025-03-08,2025-03-16,closed,liability,365.88,25.99
CLM004857,CN-00004857,POL004957,CUST004867,COV004857,2025-04-03,2025-04-16,reopened,fire,340.67,14.68
CLM004858,CN-00004858,POL004958,CUST004919,COV004858,2024-04-17,2024-04-23,closed,weather,964.83,220.49
CLM004859,CN-00004859,POL004959,CUST004606,COV004859,2024-10-29,2024-11-10,reopened,liability,671.83,196.71
CLM004860,CN-00004860,POL004960,CUST001662,COV004860,2025-12-07,2025-12-20,closed,collision,731.09,108.66
CLM004861,CN-00004861,POL004961,CUST001794,COV004861,2025-02-08,2025-02-15,closed,liability,175.78,13.99
CLM004862,CN-00004862,POL004962,CUST000626,COV004862,2026-08-08,2026-08-13,subrogation,weather,656.05,108.97
CLM004863,CN-00004863,POL004963,CUST003442,COV004863,2026-05-31,2026-06-13,open,theft,977.08,74.61
CLM004864,CN-00004864,POL004964,CUST002884,COV004864,2026-08-09,2026-08-11,closed,liability,680.31,59.66
CLM004865,CN-00004865,POL004965,CUST003923,COV004865,2026-04-15,2026-04-18,closed,other,920.65,223.24
CLM004866,CN-00004866,POL004966,CUST001885,COV004866,2025-02-07,2025-02-17,subrogation,weather,780.3,191.17
CLM004867,CN-00004867,POL004967,CUST003047,COV004867,2025-09-27,2025-10-04,reopened,liability,567.5,124.3
CLM004868,CN-00004868,POL004968,CUST000451,COV004868,2024-06-13,2024-06-26,denied,water_damage,230.1,19.74
CLM004869,CN-00004869,POL004969,CUST001909,COV004869,2026-08-05,2026-08-06,closed,other,813.92,50.96
CLM004870,CN-00004870,POL004970,CUST000681,COV004870,2025-02-14,2025-02-19,closed,other,328.26,83.14
CLM004871,CN-00004871,POL004971,CUST001033,COV004871,2025-07-26,2025-08-02,open,other,314.34,65.62
CLM004872,CN-00004872,POL004972,CUST004558,COV004872,2024-10-03,2024-10-17,reopened,collision,157.1,11.55
CLM004873,CN-00004873,POL004973,CUST003938,COV004873,2024-12-17,2024-12-25,open,theft,826.52,91.15
CLM004874,CN-00004874,POL004974,CUST004423,COV004874,2025-04-10,2025-04-18,open,weather,717.22,3.1
CLM004875,CN-00004875,POL004975,CUST002563,COV004875,2025-05-28,2025-06-09,closed,water_damage,347.63,14.01
CLM004876,CN-00004876,POL004976,CUST002720,COV004876,2025-06-01,2025-06-10,subrogation,liability,902.51,164.42
CLM004877,CN-00004877,POL004977,CUST004305,COV004877,2026-08-12,2026-08-16,closed,collision,557.89,144.01
CLM004878,CN-00004878,POL004978,CUST004658,COV004878,2024-08-19,2024-08-23,closed,fire,619.82,18.95
CLM004879,CN-00004879,POL004979,CUST003184,COV004879,2026-08-18,2026-08-28,reopened,other,482.42,55.19
CLM004880,CN-00004880,POL004980,CUST001029,COV004880,2025-03-12,2025-03-19,denied,water_damage,324.77,32.95
CLM004881,CN-00004881,POL004981,CUST002646,COV004881,2024-08-02,2024-08-04,denied,other,134.41,34.77
CLM004882,CN-00004882,POL004982,CUST004990,COV004882,2024-07-09,2024-07-10,subrogation,collision,673.22,48.22
CLM004883,CN-00004883,POL004983,CUST000909,COV004883,2025-01-03,2025-01-04,closed,other,236.53,6.56
CLM004884,CN-00004884,POL004984,CUST002066,COV004884,2024-12-29,2025-01-03,closed,other,603.52,162.61
CLM004885,CN-00004885,POL004985,CUST003403,COV004885,2025-03-23,2025-03-30,closed,water_damage,723.19,20.24
CLM004886,CN-00004886,POL004986,CUST000154,COV004886,2025-03-21,2025-03-30,open,weather,91.22,3.37
CLM004887,CN-00004887,POL004987,CUST001535,COV004887,2025-01-15,2025-01-20,closed,collision,292.04,51.99
CLM004888,CN-00004888,POL004988,CUST004353,COV004888,2024-11-09,2024-11-18,open,fire,825.44,125.48
CLM004889,CN-00004889,POL004989,CUST002191,COV004889,2026-06-13,2026-06-24,closed,water_damage,363.8,76.08
CLM004890,CN-00004890,POL004990,CUST001743,COV004890,2026-07-06,2026-07-17,reopened,weather,520.96,44.33
CLM004891,CN-00004891,POL004991,CUST001319,COV004891,2025-03-03,2025-03-11,open,liability,403.07,2.23
CLM004892,CN-00004892,POL004992,CUST001187,COV004892,2024-05-03,2024-05-15,closed,water_damage,353.5,65.1
CLM004893,CN-00004893,POL004993,CUST000171,COV004893,2025-07-31,2025-08-10,subrogation,liability,7176.11,662.01
CLM004894,CN-00004894,POL004994,CUST001695,COV004894,2026-08-12,2026-08-18,closed,other,583.62,7.35
CLM004895,CN-00004895,POL004995,CUST002965,COV004895,2024-06-30,2024-07-09,open,collision,367.78,53.79
CLM004896,CN-00004896,POL004996,CUST004912,COV004896,2025-07-22,2025-07-25,closed,other,788.98,27.88
CLM004897,CN-00004897,POL004997,CUST001266,COV004897,2024-02-03,2024-02-17,open,weather,818.17,59.93
CLM004898,CN-00004898,POL004998,CUST003321,COV004898,2026-09-15,2026-09-24,open,liability,910.0,125.13
CLM004899,CN-00004899,POL004999,CUST002540,COV004899,2026-07-22,2026-08-01,closed,other,830.96,77.87
CLM004900,CN-00004900,POL005000,CUST001759,COV004900,2024-07-05,2024-07-08,closed,fire,585.4,66.62
CLM004901,CN-00004901,POL000001,CUST001323,COV004901,2024-07-09,2024-07-14,closed,water_damage,832.5,56.09
CLM004902,CN-00004902,POL000002,CUST004024,COV004902,2026-02-25,2026-03-03,denied,weather,804.68,50.75
CLM004903,CN-00004903,POL000003,CUST004806,COV004903,2024-05-18,2024-05-21,reopened,liability,386.42,7.71
CLM004904,CN-00004904,POL000004,CUST002648,COV004904,2026-05-06,2026-05-12,reopened,fire,739.22,8.2
CLM004905,CN-00004905,POL000005,CUST004669,COV004905,2026-07-04,2026-07-16,closed,fire,728.62,215.56
CLM004906,CN-00004906,POL000006,CUST002590,COV004906,2025-04-25,2025-05-06,closed,fire,321.22,24.83
CLM004907,CN-00004907,POL000007,CUST001805,COV004907,2025-10-20,2025-10-23,subrogation,fire,323.82,91.6
CLM004908,CN-00004908,POL000008,CUST001922,COV004908,2024-09-25,2024-09-30,subrogation,weather,906.86,86.04
CLM004909,CN-00004909,POL000009,CUST002657,COV004909,2024-10-06,2024-10-18,closed,fire,329.66,96.55
CLM004910,CN-00004910,POL000010,CUST002057,COV004910,2024-04-06,2024-04-07,denied,theft,273.07,12.32
CLM004911,CN-00004911,POL000011,CUST003146,COV004911,2024-07-10,2024-07-21,denied,liability,9100.65,2450.05
CLM004912,CN-00004912,POL000012,CUST000582,COV004912,2024-05-20,2024-05-24,closed,theft,184.06,16.26
CLM004913,CN-00004913,POL000013,CUST004837,COV004913,2026-08-30,2026-09-06,open,fire,571.47,84.08
CLM004914,CN-00004914,POL000014,CUST003653,COV004914,2026-02-19,2026-02-22,closed,other,956.15,231.58
CLM004915,CN-00004915,POL000015,CUST000524,COV004915,2024-04-15,2024-04-22,subrogation,water_damage,663.62,149.23
CLM004916,CN-00004916,POL000016,CUST000074,COV004916,2026-06-01,2026-06-15,closed,other,748.81,171.21
CLM004917,CN-00004917,POL000017,CUST000839,COV004917,2025-09-14,2025-09-23,closed,theft,162.6,1.18
CLM004918,CN-00004918,POL000018,CUST000362,COV004918,2026-07-17,2026-07-23,denied,water_damage,683.69,28.35
CLM004919,CN-00004919,POL000019,CUST004433,COV004919,2026-06-13,2026-06-25,closed,weather,597.99,42.13
CLM004920,CN-00004920,POL000020,CUST000493,COV004920,2025-11-08,2025-11-21,denied,other,171.23,37.8
CLM004921,CN-00004921,POL000021,CUST003047,COV004921,2025-11-22,2025-11-23,closed,weather,278.94,2.71
CLM004922,CN-00004922,POL000022,CUST003709,COV004922,2024-11-08,2024-11-19,closed,water_damage,525.63,149.71
CLM004923,CN-00004923,POL000023,CUST002343,COV004923,2024-07-31,2024-08-05,closed,liability,946.1,15.36
CLM004924,CN-00004924,POL000024,CUST003897,COV004924,2026-03-04,2026-03-16,reopened,other,741.63,124.05
CLM004925,CN-00004925,POL000025,CUST000555,COV004925,2025-04-14,2025-04-17,open,fire,471.6,70.89
CLM004926,CN-00004926,POL000026,CUST002639,COV004926,2025-10-16,2025-10-21,closed,theft,788.66,85.77
CLM004927,CN-00004927,POL000027,CUST003579,COV004927,2025-02-20,2025-02-24,closed,fire,442.76,108.26
CLM004928,CN-00004928,POL000028,CUST001882,COV004928,2026-07-19,2026-07-20,closed,fire,205.86,52.71
CLM004929,CN-00004929,POL000029,CUST004922,COV004929,2025-08-28,2025-09-05,closed,liability,580.16,139.73
CLM004930,CN-00004930,POL000030,CUST002555,COV004930,2025-02-03,2025-02-11,closed,other,112.52,0.93
CLM004931,CN-00004931,POL000031,CUST004387,COV004931,2024-08-08,2024-08-19,closed,collision,591.1,33.91
CLM004932,CN-00004932,POL000032,CUST001937,COV004932,2024-01-24,2024-01-30,reopened,fire,354.93,34.53
CLM004933,CN-00004933,POL000033,CUST004519,COV004933,2025-04-22,2025-04-22,closed,fire,614.71,99.94
CLM004934,CN-00004934,POL000034,CUST000124,COV004934,2026-08-20,2026-08-24,open,liability,428.18,126.53
CLM004935,CN-00004935,POL000035,CUST003218,COV004935,2024-05-29,2024-05-29,denied,collision,952.76,188.78
CLM004936,CN-00004936,POL000036,CUST000726,COV004936,2024-02-27,2024-03-07,denied,collision,276.16,12.64
CLM004937,CN-00004937,POL000037,CUST002341,COV004937,2024-05-03,2024-05-16,closed,collision,595.85,49.95
CLM004938,CN-00004938,POL000038,CUST002829,COV004938,2024-06-30,2024-07-09,denied,other,683.37,54.4
CLM004939,CN-00004939,POL000039,CUST003060,COV004939,2026-01-04,2026-01-12,denied,other,669.77,55.75
CLM004940,CN-00004940,POL000040,CUST003713,COV004940,2025-02-26,2025-03-10,closed,theft,377.82,94.95
CLM004941,CN-00004941,POL000041,CUST003419,COV004941,2026-02-16,2026-02-22,subrogation,fire,270.63,53.88
CLM004942,CN-00004942,POL000042,CUST001831,COV004942,2026-04-06,2026-04-12,closed,water_damage,490.76,95.93
CLM004943,CN-00004943,POL000043,CUST001268,COV004943,2024-05-29,2024-06-06,subrogation,other,681.17,119.68
CLM004944,CN-00004944,POL000044,CUST004513,COV004944,2024-07-13,2024-07-19,closed,fire,570.07,92.59
CLM004945,CN-00004945,POL000045,CUST004029,COV004945,2025-04-16,2025-04-30,closed,fire,193.46,8.47
CLM004946,CN-00004946,POL000046,CUST001435,COV004946,2025-11-27,2025-12-08,closed,water_damage,318.0,34.27
CLM004947,CN-00004947,POL000047,CUST001328,COV004947,2024-05-05,2024-05-07,subrogation,other,369.56,14.83
CLM004948,CN-00004948,POL000048,CUST001836,COV004948,2024-08-01,2024-08-05,closed,water_damage,7517.82,2048.8
CLM004949,CN-00004949,POL000049,CUST004590,COV004949,2024-11-28,2024-12-05,reopened,water_damage,225.45,37.87
CLM004950,CN-00004950,POL000050,CUST002318,COV004950,2024-10-27,2024-10-27,reopened,theft,732.69,107.87
CLM004951,CN-00004951,POL000051,CUST001814,COV004951,2026-07-12,2026-07-16,subrogation,water_damage,599.76,6.76
CLM004952,CN-00004952,POL000052,CUST004983,COV004952,2025-09-16,2025-09-25,reopened,other,253.25,54.99
CLM004953,CN-00004953,POL000053,CUST002330,COV004953,2025-04-12,2025-04-20,closed,liability,639.22,91.69
CLM004954,CN-00004954,POL000054,CUST000179,COV004954,2024-12-28,2025-01-05,closed,liability,382.58,74.3
CLM004955,CN-00004955,POL000055,CUST002016,COV004955,2024-02-13,2024-02-17,subrogation,weather,86.0,6.86
CLM004956,CN-00004956,POL000056,CUST004306,COV004956,2024-06-20,2024-06-21,closed,liability,950.2,42.45
CLM004957,CN-00004957,POL000057,CUST002862,COV004957,2024-01-16,2024-01-29,closed,weather,243.45,38.38
CLM004958,CN-00004958,POL000058,CUST000839,COV004958,2024-01-29,2024-01-31,reopened,water_damage,423.18,2.51
CLM004959,CN-00004959,POL000059,CUST002009,COV004959,2025-04-14,2025-04-21,closed,fire,71.71,0.06
CLM004960,CN-00004960,POL000060,CUST000712,COV004960,2024-06-21,2024-06-24,denied,weather,594.06,156.18
CLM004961,CN-00004961,POL000061,CUST001481,COV004961,2026-08-24,2026-08-30,reopened,water_damage,621.02,178.6
CLM004962,CN-00004962,POL000062,CUST003861,COV004962,2024-08-23,2024-08-23,closed,theft,395.03,1.15
CLM004963,CN-00004963,POL000063,CUST000548,COV004963,2025-01-08,2025-01-12,denied,weather,598.24,95.17
CLM004964,CN-00004964,POL000064,CUST003385,COV004964,2025-06-25,2025-07-05,closed,other,130.48,32.61
CLM004965,CN-00004965,POL000065,CUST003737,COV004965,2024-04-07,2024-04-20,closed,collision,430.06,64.81
CLM004966,CN-00004966,POL000066,CUST000477,COV004966,2024-02-04,2024-02-05,closed,water_damage,907.2,164.59
CLM004967,CN-00004967,POL000067,CUST002049,COV004967,2024-06-14,2024-06-19,subrogation,other,168.98,50.32
CLM004968,CN-00004968,POL000068,CUST001674,COV004968,2024-02-21,2024-03-06,subrogation,theft,288.64,84.8
CLM004969,CN-00004969,POL000069,CUST001109,COV004969,2025-07-10,2025-07-22,open,fire,466.77,0.55
CLM004970,CN-00004970,POL000070,CUST000573,COV004970,2026-02-24,2026-02-26,closed,other,793.18,200.3
CLM004971,CN-00004971,POL000071,CUST001174,COV004971,2025-03-31,2025-04-13,open,fire,980.18,188.07
CLM004972,CN-00004972,POL000072,CUST003605,COV004972,2025-07-06,2025-07-12,denied,other,610.68,48.97
CLM004973,CN-00004973,POL000073,CUST002433,COV004973,2026-04-13,2026-04-22,closed,fire,695.07,0.97
CLM004974,CN-00004974,POL000074,CUST003442,COV004974,2024-11-10,2024-11-20,closed,weather,825.52,131.94
CLM004975,CN-00004975,POL000075,CUST003713,COV004975,2025-01-08,2025-01-21,reopened,other,142.69,27.28
CLM004976,CN-00004976,POL000076,CUST000440,COV004976,2025-09-05,2025-09-09,reopened,collision,751.45,162.86
CLM004977,CN-00004977,POL000077,CUST000276,COV004977,2026-06-25,2026-06-28,subrogation,collision,767.13,173.89
CLM004978,CN-00004978,POL000078,CUST000915,COV004978,2024-11-16,2024-11-22,closed,collision,699.32,114.68
CLM004979,CN-00004979,POL000079,CUST004583,COV004979,2025-03-31,2025-03-31,denied,other,75.56,15.15
CLM004980,CN-00004980,POL000080,CUST002935,COV004980,2026-08-06,2026-08-14,closed,collision,694.01,0.03
CLM004981,CN-00004981,POL000081,CUST000551,COV004981,2025-06-09,2025-06-10,closed,other,798.91,75.58
CLM004982,CN-00004982,POL000082,CUST002402,COV004982,2026-06-16,2026-06-23,closed,weather,222.71,50.73
CLM004983,CN-00004983,POL000083,CUST004786,COV004983,2026-09-13,2026-09-25,reopened,weather,766.33,91.84
CLM004984,CN-00004984,POL000084,CUST001280,COV004984,2024-04-26,2024-05-07,denied,collision,561.2,129.82
CLM004985,CN-00004985,POL000085,CUST002095,COV004985,2024-05-27,2024-06-09,denied,water_damage,605.15,105.46
CLM004986,CN-00004986,POL000086,CUST004908,COV004986,2025-04-23,2025-05-03,subrogation,weather,378.89,64.92
CLM004987,CN-00004987,POL000087,CUST000357,COV004987,2026-08-05,2026-08-10,reopened,theft,237.43,29.46
CLM004988,CN-00004988,POL000088,CUST002816,COV004988,2025-05-02,2025-05-02,open,other,406.73,118.77
CLM004989,CN-00004989,POL000089,CUST002537,COV004989,2024-05-28,2024-06-07,subrogation,theft,751.82,197.32
CLM004990,CN-00004990,POL000090,CUST004058,COV004990,2025-09-14,2025-09-24,denied,collision,957.7,198.25
CLM004991,CN-00004991,POL000091,CUST000801,COV004991,2024-11-20,2024-11-21,closed,theft,54.86,13.28
CLM004992,CN-00004992,POL000092,CUST001045,COV004992,2024-03-03,2024-03-11,reopened,theft,161.99,4.68
CLM004993,CN-00004993,POL000093,CUST002652,COV004993,2024-10-01,2024-10-10,closed,collision,629.2,106.95
CLM004994,CN-00004994,POL000094,CUST001649,COV004994,2025-12-25,2026-01-01,closed,water_damage,458.53,111.08
CLM004995,CN-00004995,POL000095,CUST004114,COV004995,2025-12-17,2025-12-22,closed,collision,13503.59,2889.92
CLM004996,CN-00004996,POL000096,CUST003206,COV004996,2024-10-02,2024-10-11,denied,liability,258.48,44.63
CLM004997,CN-00004997,POL000097,CUST002664,COV004997,2026-05-17,2026-05-28,closed,weather,770.89,59.89
CLM004998,CN-00004998,POL000098,CUST004770,COV004998,2025-06-15,2025-06-24,subrogation,weather,194.98,10.24
CLM004999,CN-00004999,POL000099,CUST001958,COV004999,2026-02-13,2026-02-13,subrogation,fire,948.0,192.23
CLM005000,CN-00005000,POL000100,CUST003036,COV005000,2026-05-11,2026-05-12,denied,weather,609.21,163.91
