address_id,party_id,address_type,line1,city,state_code,postal_code,country_code,is_current
ADDR000001,PTY000001,risk_location,48218 Heather Tunnel,Salazarland,KY,32430,US,True
ADDR000002,PTY000002,risk_location,57400 Samantha Drives Suite 330,Port Chaseburgh,OR,97543,US,True
ADDR000003,PTY000003,business,288 Benjamin Knolls,Andrewstad,MO,80909,US,True
ADDR000004,PTY000004,business,759 Gray Mall,East Garrettville,NE,69621,US,True
ADDR000005,PTY000005,risk_location,081 Thompson Mountains,Lake Andre,GA,59980,US,True
ADDR000006,PTY000006,risk_location,46253 Mitchell Meadows,Riveraberg,WA,07934,US,True
ADDR000007,PTY000007,business,02680 John Bypass Suite 695,North Natashamouth,GA,94413,US,True
ADDR000008,PTY000008,primary,95178 Jill Green,North Vickie,WY,90686,US,True
ADDR000009,PTY000009,risk_location,88198 Kimberly Haven,West Alexandra,NE,20144,US,True
ADDR000010,PTY000010,primary,8639 Ruiz Court Suite 651,Port Maryville,NC,00959,US,True
ADDR000011,PTY000011,business,6721 White Brooks,Lake Amanda,PR,47243,US,True
ADDR000012,PTY000012,billing,5617 Donna Ports,Lozanofurt,NM,17758,US,True
ADDR000013,PTY000013,billing,0412 Montes Drives Suite 878,New Catherineborough,MI,62706,US,True
ADDR000014,PTY000014,risk_location,6370 William Island,East Jamesland,WA,78107,US,True
ADDR000015,PTY000015,primary,63365 Erica Tunnel Suite 777,East Diana,GA,27683,US,True
ADDR000016,PTY000016,risk_location,52896 Stevenson Lodge Suite 753,West Erin,MP,60862,US,True
ADDR000017,PTY000017,billing,240 Lawrence Square,Port Nicholas,HI,66900,US,True
ADDR000018,PTY000018,business,505 Erin Canyon Suite 337,South Deborahmouth,RI,15666,US,True
ADDR000019,PTY000019,primary,2855 Jensen Point,Gonzalezberg,WY,16206,US,True
ADDR000020,PTY000020,billing,82308 Rachel Fort Suite 598,Millerburgh,DE,80978,US,True
ADDR000021,PTY000021,business,64666 Justin Land,Matthewberg,ND,35651,US,True
ADDR000022,PTY000022,billing,7884 Ingram Creek,Heatherview,DE,47676,US,True
ADDR000023,PTY000023,business,54134 Perez Hills Suite 335,Fisherstad,GU,60394,US,True
ADDR000024,PTY000024,risk_location,2562 Floyd Plain,Ashleyfurt,AS,19841,US,True
ADDR000025,PTY000025,business,0810 Alexander Underpass Apt. 045,West Christopher,PA,52267,US,True
ADDR000026,PTY000026,business,6443 Catherine Mountains,Morrisberg,KS,93671,US,True
ADDR000027,PTY000027,primary,898 Valenzuela Turnpike Suite 985,Kaitlynstad,AR,52744,US,True
ADDR000028,PTY000028,billing,814 Stuart Villages Suite 945,West Amy,MI,78544,US,True
ADDR000029,PTY000029,billing,61534 Jesse Lodge,Wellsville,TN,23446,US,True
ADDR000030,PTY000030,business,79108 Underwood Pass,West Daniel,OK,37470,US,True
ADDR000031,PTY000031,business,522 Reyes Expressway Suite 230,Rebeccatown,MI,11731,US,True
ADDR000032,PTY000032,primary,70872 Rhodes Hollow,Sandersburgh,IN,05832,US,True
ADDR000033,PTY000033,business,58925 Thomas Field Apt. 395,Stewartborough,PR,47851,US,True
ADDR000034,PTY000034,primary,659 Christopher Rapids Apt. 707,Howardmouth,VA,37294,US,True
ADDR000035,PTY000035,mailing,360 Kevin Bypass,North Brittanyton,DC,42282,US,True
ADDR000036,PTY000036,billing,36406 William Ford Suite 057,Thomaston,WI,58209,US,True
ADDR000037,PTY000037,business,0310 Jacqueline Crest Apt. 127,Grahamville,ID,67273,US,True
ADDR000038,PTY000038,risk_location,2938 Erin Shores Suite 865,Amandaland,WY,17642,US,True
ADDR000039,PTY000039,mailing,550 Reynolds Landing Apt. 067,Walkerport,CA,10584,US,True
ADDR000040,PTY000040,billing,734 Brittany Tunnel,Saundersland,WA,12705,US,True
ADDR000041,PTY000041,primary,39386 Nicole Trail Suite 825,New Aimee,WY,68934,US,True
ADDR000042,PTY000042,billing,28161 Regina Forest,Port Frederick,KS,86623,US,True
ADDR000043,PTY000043,risk_location,460 Megan Plaza,Danielville,MD,94633,US,True
ADDR000044,PTY000044,billing,750 Miller River Apt. 507,North George,PA,22625,US,True
ADDR000045,PTY000045,billing,396 Payne Orchard,New Jason,IA,99257,US,True
ADDR000046,PTY000046,billing,786 Andrea Parkways,Lake Jason,RI,07761,US,True
ADDR000047,PTY000047,primary,2238 Rachel Cliffs,Lake Nathan,WV,55432,US,True
ADDR000048,PTY000048,business,4762 Barnes Pass,Jenniferfort,MP,92037,US,True
ADDR000049,PTY000049,business,737 Cole Cliffs,Scottbury,MN,91173,US,True
ADDR000050,PTY000050,business,0087 Melissa Forest,West Adam,WI,76762,US,True
ADDR000051,PTY000051,business,62834 Morgan Place Apt. 029,West Lisafort,GA,53988,US,True
ADDR000052,PTY000052,risk_location,860 Mary Burg,Mcmillanburgh,IL,67782,US,True
ADDR000053,PTY000053,mailing,89520 Kara Roads Suite 900,Lake Wandaside,NV,12148,US,True
ADDR000054,PTY000054,mailing,126 Ross Plains,New Wandahaven,UT,90807,US,True
ADDR000055,PTY000055,billing,103 Ashley Ranch,North Michelebury,MD,63715,US,True
ADDR000056,PTY000056,billing,23157 Smith Fork Apt. 019,New Pamela,SC,84755,US,True
ADDR000057,PTY000057,mailing,131 Jeffrey Course,Leetown,SC,79091,US,True
ADDR000058,PTY000058,billing,086 Billy Squares Apt. 645,Ronnieborough,KY,34728,US,True
ADDR000059,PTY000059,mailing,8858 Barnett Square,Port David,OK,20909,US,True
ADDR000060,PTY000060,risk_location,98263 Jacob Rapid,Francesville,FL,30442,US,True
ADDR000061,PTY000061,business,66033 Tamara Mission Apt. 588,Davismouth,MT,92667,US,True
ADDR000062,PTY000062,primary,12341 Tucker Junction Apt. 144,Port Robertshire,IN,05570,US,True
ADDR000063,PTY000063,primary,1232 Gary Lake Apt. 924,Williamborough,NJ,24747,US,True
ADDR000064,PTY000064,primary,7015 Williamson Well,Lake Marcofort,NE,85426,US,True
ADDR000065,PTY000065,primary,08167 Ortega Unions,Lake Holly,AK,93178,US,True
ADDR000066,PTY000066,primary,649 Grace Orchard,South Stevenchester,OK,16230,US,True
ADDR000067,PTY000067,business,0953 Joseph Ferry,North Tanya,NJ,79191,US,True
ADDR000068,PTY000068,billing,7331 Olson Club Suite 661,East Joanna,DC,55304,US,True
ADDR000069,PTY000069,primary,918 Jessica Walks,Jacobview,RI,18001,US,True
ADDR000070,PTY000070,business,452 Anderson Cliffs Suite 166,New Tony,WY,31308,US,True
ADDR000071,PTY000071,billing,74518 Rice Club Apt. 267,East John,VI,16864,US,True
ADDR000072,PTY000072,risk_location,378 Ralph Heights Suite 279,Rodriguezborough,HI,04475,US,True
ADDR000073,PTY000073,risk_location,33103 Shannon Stream,Port Paul,OR,10647,US,True
ADDR000074,PTY000074,business,3169 Jennifer Union,East Brenda,ND,70345,US,True
ADDR000075,PTY000075,business,55011 Moore Motorway,Levybury,NY,18404,US,True
ADDR000076,PTY000076,business,07760 Jeremy Mall Suite 311,Brooketown,AS,55629,US,True
ADDR000077,PTY000077,billing,6793 Sarah Fields,Kennedystad,IA,55113,US,True
ADDR000078,PTY000078,business,051 Davis Flat,Christinaton,PW,60583,US,True
ADDR000079,PTY000079,mailing,255 Lance Route,Lake Lydialand,PW,44309,US,True
ADDR000080,PTY000080,mailing,99613 Corey Falls,Jamesfort,SC,15569,US,True
ADDR000081,PTY000081,primary,23334 Schneider Brook,South Benjaminborough,AL,01757,US,True
ADDR000082,PTY000082,mailing,86499 Tyler Divide Suite 289,New Nathanfurt,GU,07412,US,True
ADDR000083,PTY000083,billing,894 White Locks,Lake Jessica,MS,48364,US,True
ADDR000084,PTY000084,business,193 Nathan Lane,Suttonville,KS,94464,US,True
ADDR000085,PTY000085,risk_location,67890 Scott Drive Apt. 976,Williamville,OR,92465,US,True
ADDR000086,PTY000086,primary,31718 James Spur,Julieville,PW,56820,US,True
ADDR000087,PTY000087,business,4653 Christina Row Apt. 603,Wongborough,FM,90739,US,True
ADDR000088,PTY000088,mailing,25117 Patricia Flat,Snyderfort,AS,92988,US,True
ADDR000089,PTY000089,primary,49208 Flores Junctions,Michaelstad,AL,39054,US,True
ADDR000090,PTY000090,risk_location,107 Hill Gateway,Vaughnshire,MP,66698,US,True
ADDR000091,PTY000091,mailing,8321 Andrew Fork,Walkerton,IA,32579,US,True
ADDR000092,PTY000092,billing,1327 Sandy Square,East Stephanie,MA,89729,US,True
ADDR000093,PTY000093,business,049 Austin Place,West Elizabethstad,NY,90702,US,True
ADDR000094,PTY000094,primary,08606 Bullock Square,South Timothy,MN,76088,US,True
ADDR000095,PTY000095,primary,2141 Karen Burg Apt. 295,Burchberg,MH,71867,US,True
ADDR000096,PTY000096,mailing,5902 Thornton Locks Suite 168,Abigailside,LA,91121,US,True
ADDR000097,PTY000097,mailing,2864 Reed Pass,West Ericaland,ID,31864,US,True
ADDR000098,PTY000098,risk_location,291 Courtney Cliffs,South Jamesmouth,MA,86922,US,True
ADDR000099,PTY000099,billing,1398 Travis Groves Suite 421,New Stephen,ME,18821,US,True
ADDR000100,PTY000100,mailing,8882 Melissa Summit Apt. 734,Port Jeremy,NM,89413,US,True
ADDR000101,PTY000101,billing,20390 James Mission,West Justin,TX,98078,US,True
ADDR000102,PTY000102,business,179 Derrick Circle Apt. 514,Oliviafurt,DC,37468,US,True
ADDR000103,PTY000103,risk_location,7409 Clarke Mall Suite 277,Connieport,PW,31709,US,True
ADDR000104,PTY000104,mailing,8207 Michael Branch Suite 346,Michaelside,MO,03204,US,True
ADDR000105,PTY000105,primary,2749 Davis Route,Port Steven,NY,74047,US,True
ADDR000106,PTY000106,billing,0450 Powers Forks,Gonzalezport,VT,24633,US,True
ADDR000107,PTY000107,billing,66714 Anthony Streets,Brewermouth,NJ,55835,US,True
ADDR000108,PTY000108,billing,577 Bush Point,Lake Jeffreyport,DE,54535,US,True
ADDR000109,PTY000109,business,71657 Christina Roads Apt. 844,New Dennis,ND,48218,US,True
ADDR000110,PTY000110,mailing,317 Gardner Park Suite 810,West Christineberg,MH,01152,US,True
ADDR000111,PTY000111,business,50789 Russell Cove,Chrisfurt,GU,89458,US,True
ADDR000112,PTY000112,business,2554 Brandi Haven,South Karenmouth,HI,69787,US,True
ADDR000113,PTY000113,risk_location,01468 Carl Haven Apt. 209,North Jacqueline,TN,61589,US,True
ADDR000114,PTY000114,business,802 Tiffany Turnpike,Hicksshire,DC,19981,US,True
ADDR000115,PTY000115,primary,00319 Alan Estate,Rollinsstad,LA,16899,US,True
ADDR000116,PTY000116,business,6761 Cooley Glens,Hernandezmouth,IA,81990,US,True
ADDR000117,PTY000117,mailing,426 Brown Parkway,Cohenland,NV,39882,US,True
ADDR000118,PTY000118,primary,75256 Rebecca Flat,Port Jamesland,AK,55752,US,True
ADDR000119,PTY000119,billing,30996 Martin Ramp,South Jesseport,WV,63680,US,True
ADDR000120,PTY000120,risk_location,36352 Estrada Mountains,Hillchester,KY,78517,US,True
ADDR000121,PTY000121,billing,071 David Stravenue,Morganbury,VA,98204,US,True
ADDR000122,PTY000122,business,7361 Nathaniel Ways,New Lindaview,AR,50174,US,True
ADDR000123,PTY000123,business,3510 Mcdaniel Gardens Suite 851,Lake Cassandra,AK,54838,US,True
ADDR000124,PTY000124,billing,01595 Courtney Pine Suite 609,Sarahfurt,HI,46606,US,True
ADDR000125,PTY000125,risk_location,499 Ross Wells,Lewisburgh,LA,30853,US,True
ADDR000126,PTY000126,billing,580 Sean Mews,Danielletown,MP,63821,US,True
ADDR000127,PTY000127,risk_location,434 Aimee Fords,Juliehaven,IL,00603,US,True
ADDR000128,PTY000128,primary,1258 Schwartz Ville,Jessicaland,WI,92633,US,True
ADDR000129,PTY000129,billing,4202 William Way,New Gailport,IA,71068,US,True
ADDR000130,PTY000130,mailing,13213 Barbara Cliff,Lake Teresamouth,MN,24962,US,True
ADDR000131,PTY000131,business,962 Novak Parkways Apt. 589,Petersview,FL,12707,US,True
ADDR000132,PTY000132,mailing,260 Corey Road Suite 912,Lake Katie,DE,01616,US,True
ADDR000133,PTY000133,risk_location,466 James Cove Suite 182,East Tyler,OH,73605,US,True
ADDR000134,PTY000134,primary,797 Miller Port,Hallland,SC,65905,US,True
ADDR000135,PTY000135,risk_location,67561 Armstrong Camp Suite 858,Michaelberg,DE,09663,US,True
ADDR000136,PTY000136,business,443 Adams Circle,Mooreland,SC,91538,US,True
ADDR000137,PTY000137,billing,8819 Lisa Lights Apt. 760,Margaretstad,MT,47200,US,True
ADDR000138,PTY000138,risk_location,63857 Casey Road,Juarezside,WV,39397,US,True
ADDR000139,PTY000139,mailing,081 Sutton Knolls Apt. 823,Reevesbury,NY,48054,US,True
ADDR000140,PTY000140,primary,3532 Hamilton Wells,Amyshire,OK,28457,US,True
ADDR000141,PTY000141,billing,3090 Jeanne Summit,East Mariachester,ND,89324,US,True
ADDR000142,PTY000142,risk_location,36915 Hill Drive,Brownchester,NM,52360,US,True
ADDR000143,PTY000143,primary,1819 John Shores,West Jesseview,NH,36635,US,True
ADDR000144,PTY000144,risk_location,9131 Drake Pass Apt. 288,Nixonview,GU,77344,US,True
ADDR000145,PTY000145,mailing,248 Middleton Village,Michaelport,WI,75566,US,True
ADDR000146,PTY000146,risk_location,3880 Michael Green Suite 086,New Timothymouth,PR,94689,US,True
ADDR000147,PTY000147,billing,5677 Taylor Grove Apt. 909,Autumnport,KS,40550,US,True
ADDR000148,PTY000148,business,6555 Christina Village,Port Travisside,MH,18501,US,True
ADDR000149,PTY000149,primary,130 Travis Way,Lake Paulaberg,NM,58772,US,True
ADDR000150,PTY000150,billing,22685 Brown Curve Suite 723,Williamton,UT,19097,US,True
ADDR000151,PTY000151,billing,218 Selena Trail Apt. 407,Fernandezmouth,TX,28276,US,True
ADDR000152,PTY000152,mailing,364 Nichols Valleys Suite 496,Rodriguezfurt,AK,70005,US,True
ADDR000153,PTY000153,business,4724 David Station,Port Jefferyville,PW,92292,US,True
ADDR000154,PTY000154,mailing,0902 Katherine Alley Suite 504,Port Robertport,FL,56761,US,True
ADDR000155,PTY000155,risk_location,0899 Howard Freeway,Reedside,PW,81191,US,True
ADDR000156,PTY000156,risk_location,3224 Rebecca Motorway Apt. 635,Stevenport,AR,69032,US,True
ADDR000157,PTY000157,risk_location,3928 John Ferry,Hamiltonview,MO,21120,US,True
ADDR000158,PTY000158,business,99944 Brown Summit,Doristown,DC,97052,US,True
ADDR000159,PTY000159,business,9176 Kathleen Court Suite 300,New Jill,IL,96523,US,True
ADDR000160,PTY000160,business,6862 William Coves,South Steven,ND,41017,US,True
ADDR000161,PTY000161,business,88241 Durham Throughway,East Ronaldshire,NY,59592,US,True
ADDR000162,PTY000162,risk_location,454 Carter Field,Manninghaven,UT,90795,US,True
ADDR000163,PTY000163,business,7474 Tyler Plains,Jenniferland,ME,50378,US,True
ADDR000164,PTY000164,business,44658 William Meadows,North Peter,VT,14928,US,True
ADDR000165,PTY000165,business,2642 Austin Isle,Jamesshire,NJ,34594,US,True
ADDR000166,PTY000166,risk_location,770 Richard Cliffs,Kayleebury,LA,44951,US,True
ADDR000167,PTY000167,risk_location,9296 Wallace Dale,New Maryhaven,LA,34441,US,True
ADDR000168,PTY000168,billing,6627 Thomas Pass,Robertstown,SC,76290,US,True
ADDR000169,PTY000169,billing,23492 Pacheco Coves,East Eric,AS,12267,US,True
ADDR000170,PTY000170,billing,832 Peterson Divide,Rogersburgh,NC,40664,US,True
ADDR000171,PTY000171,billing,876 Freeman Rest,Rodneystad,OK,98298,US,True
ADDR000172,PTY000172,business,06985 Cochran Walks,New Darin,CT,69907,US,True
ADDR000173,PTY000173,billing,9233 Nguyen Island Apt. 815,West Victoria,IL,04600,US,True
ADDR000174,PTY000174,risk_location,7250 Stanton Fork,North Jenna,WY,25156,US,True
ADDR000175,PTY000175,billing,1562 Michelle Villages Suite 070,East Ryan,GA,21821,US,True
ADDR000176,PTY000176,primary,947 Amber Terrace Suite 501,Bradstad,IA,49087,US,True
ADDR000177,PTY000177,mailing,2553 Thompson Streets Apt. 809,South Michael,CO,34463,US,True
ADDR000178,PTY000178,billing,58725 Thompson Canyon,Huynhbury,IN,97020,US,True
ADDR000179,PTY000179,primary,5623 Brandi Prairie,Lake Aaron,MA,96195,US,True
ADDR000180,PTY000180,primary,412 Matthew Lodge,Juliaside,MH,21226,US,True
ADDR000181,PTY000181,business,9512 Boyer Turnpike,East Richard,WI,75783,US,True
ADDR000182,PTY000182,mailing,862 Scott Isle,New Gary,MA,41526,US,True
ADDR000183,PTY000183,business,934 Timothy Crescent,Richardfort,AR,65303,US,True
ADDR000184,PTY000184,mailing,2974 Brown Club,Lake Teresa,NE,08767,US,True
ADDR000185,PTY000185,risk_location,0655 Leblanc Summit,Berryview,FL,95130,US,True
ADDR000186,PTY000186,primary,81341 Mario Rapid,Johnsonhaven,CA,22945,US,True
ADDR000187,PTY000187,billing,624 Anderson Mission,Jonesfurt,SD,43565,US,True
ADDR000188,PTY000188,business,872 Natalie Alley,New Martha,RI,25943,US,True
ADDR000189,PTY000189,risk_location,472 James Trail Suite 364,New Meagan,CO,05596,US,True
ADDR000190,PTY000190,mailing,25648 Reginald Harbor,South Sarah,UT,56670,US,True
ADDR000191,PTY000191,risk_location,61294 Wilson Knoll Suite 177,Travisberg,AS,98109,US,True
ADDR000192,PTY000192,billing,56561 Eric Spring Apt. 073,South Tyler,VA,30434,US,True
ADDR000193,PTY000193,primary,122 Kevin Track,South David,ND,15983,US,True
ADDR000194,PTY000194,business,07179 Stephen Orchard,Karabury,VT,56738,US,True
ADDR000195,PTY000195,mailing,28897 Webb Orchard Suite 750,Ronaldfort,MD,92011,US,True
ADDR000196,PTY000196,billing,952 Roberts Alley,South Jason,MA,26179,US,True
ADDR000197,PTY000197,risk_location,3845 Wilson Views,Farrellfort,SD,07769,US,True
ADDR000198,PTY000198,mailing,548 Tammy Roads,Ashleyberg,IL,56263,US,True
ADDR000199,PTY000199,business,082 Chad Mill Apt. 939,Davidport,MS,99892,US,True
ADDR000200,PTY000200,business,6028 Felicia Flat,South Jobury,NY,09097,US,True
ADDR000201,PTY000201,primary,8170 Erin Course Suite 518,South Amberfort,TX,80808,US,True
ADDR000202,PTY000202,primary,1325 Jackson Road Apt. 892,Lake Todd,SD,05672,US,True
ADDR000203,PTY000203,mailing,39492 Spencer Turnpike Apt. 807,East Brandon,PA,79598,US,True
ADDR000204,PTY000204,billing,714 Francis Loop,Johnsonland,AS,21714,US,True
ADDR000205,PTY000205,business,056 Bennett Ridges Suite 742,Lake Adam,PW,46141,US,True
ADDR000206,PTY000206,billing,639 Smith Spur Suite 952,Patriciaburgh,CA,41390,US,True
ADDR000207,PTY000207,billing,785 Sheila Island,North Jessicaville,AZ,78618,US,True
ADDR000208,PTY000208,risk_location,84173 Thomas Parkway Apt. 532,Jameston,AR,38603,US,True
ADDR000209,PTY000209,business,075 Garcia Lock Suite 176,Johnsonbury,RI,82882,US,True
ADDR000210,PTY000210,mailing,24676 Hunter Underpass,Rileyport,NY,76310,US,True
ADDR000211,PTY000211,risk_location,5487 Jennifer Fork Apt. 411,Port Joshua,OH,73660,US,True
ADDR000212,PTY000212,billing,9586 Taylor Ford Suite 811,Cameronville,CO,45646,US,True
ADDR000213,PTY000213,risk_location,406 Mark Squares,Lake Williamside,MH,95969,US,True
ADDR000214,PTY000214,primary,878 Dixon River Suite 355,Micheletown,SD,41676,US,True
ADDR000215,PTY000215,primary,93093 Bryant Burg,Fernandezbury,NE,72515,US,True
ADDR000216,PTY000216,billing,403 Sutton Valley,West Richard,VI,81631,US,True
ADDR000217,PTY000217,risk_location,2730 Felicia Estate,Port Michellefurt,PW,64305,US,True
ADDR000218,PTY000218,business,5273 Elizabeth Walk,New Patricialand,CO,90825,US,True
ADDR000219,PTY000219,risk_location,63483 Nguyen Drive,Williamschester,FL,98399,US,True
ADDR000220,PTY000220,mailing,336 Young Forge Apt. 902,Odonnellland,ME,56999,US,True
ADDR000221,PTY000221,mailing,39362 Linda Trace,Alexandramouth,SD,52241,US,True
ADDR000222,PTY000222,mailing,033 Hunt Lodge,Matthewburgh,KY,02523,US,True
ADDR000223,PTY000223,primary,7357 Jennifer Neck,Davidtown,NH,82099,US,True
ADDR000224,PTY000224,risk_location,52709 Crystal Garden Apt. 773,Angelachester,SC,62395,US,True
ADDR000225,PTY000225,primary,576 Lindsay Creek Suite 782,Riverastad,AL,85903,US,True
ADDR000226,PTY000226,risk_location,935 Beth Roads Apt. 971,Port Juanmouth,MT,84320,US,True
ADDR000227,PTY000227,billing,454 Troy Dale Apt. 144,Lauraborough,ND,62410,US,True
ADDR000228,PTY000228,business,5162 Torres Route Apt. 299,East Amanda,OK,78293,US,True
ADDR000229,PTY000229,billing,9529 Joshua Courts,Hintontown,VA,38019,US,True
ADDR000230,PTY000230,business,6841 Jones Canyon,North Robertfurt,UT,21119,US,True
ADDR000231,PTY000231,primary,550 Parker Union Apt. 167,Port Eric,PR,17660,US,True
ADDR000232,PTY000232,billing,6548 Palmer Springs,Conniemouth,PW,71539,US,True
ADDR000233,PTY000233,mailing,596 Houston Haven,South Andrew,FM,96467,US,True
ADDR000234,PTY000234,primary,2254 Johnson Trace Suite 983,Terrimouth,NH,70319,US,True
ADDR000235,PTY000235,risk_location,6259 Holmes Village,Port Kathrynborough,AZ,66748,US,True
ADDR000236,PTY000236,primary,9341 Hill Throughway Apt. 797,West Monica,RI,72906,US,True
ADDR000237,PTY000237,mailing,278 Sawyer Radial Apt. 581,Troyport,MD,60844,US,True
ADDR000238,PTY000238,mailing,4427 Jones Coves,North Krystaltown,PR,97992,US,True
ADDR000239,PTY000239,risk_location,07163 Tammy Cliffs,East Michaelchester,NH,60625,US,True
ADDR000240,PTY000240,billing,13320 Hernandez Mills Apt. 396,Montesbury,FL,52746,US,True
ADDR000241,PTY000241,mailing,05256 David Street Suite 515,Port Denise,NM,19023,US,True
ADDR000242,PTY000242,mailing,1591 Castro Mall,Lake Rhondaberg,ND,46521,US,True
ADDR000243,PTY000243,primary,029 Johnson Drive Apt. 404,West Jennifer,CT,40656,US,True
ADDR000244,PTY000244,mailing,6349 Edwards Isle Apt. 749,Nicholeberg,MN,24947,US,True
ADDR000245,PTY000245,risk_location,0884 Cohen Alley Suite 117,Clarkborough,NE,98406,US,True
ADDR000246,PTY000246,mailing,81515 Mendoza Plaza Suite 129,Victoriahaven,MN,44097,US,True
ADDR000247,PTY000247,risk_location,01983 Lopez Mill,Velasquezton,MA,67655,US,True
ADDR000248,PTY000248,primary,5160 Christopher Squares Suite 938,East Eric,OH,59859,US,True
ADDR000249,PTY000249,business,9554 Rodriguez Junctions,Dianeton,CA,76324,US,True
ADDR000250,PTY000250,risk_location,811 Beth Station Apt. 433,Brownfurt,PW,10021,US,True
ADDR000251,PTY000251,mailing,728 Dawn Motorway Suite 779,Lake Jeffrey,NV,56947,US,True
ADDR000252,PTY000252,billing,79616 Jordan Mountains,West Valeriefort,CT,68505,US,True
ADDR000253,PTY000253,billing,82017 Todd Plaza Suite 545,Millershire,AR,21199,US,True
ADDR000254,PTY000254,risk_location,9346 Horne Hollow,Dannyhaven,MI,12002,US,True
ADDR000255,PTY000255,billing,3621 Travis Lock,North Colin,NJ,26500,US,True
ADDR000256,PTY000256,risk_location,5636 Wendy Orchard Suite 403,East Robert,NH,05786,US,True
ADDR000257,PTY000257,mailing,1376 Bryan Fork,Ianborough,CO,79329,US,True
ADDR000258,PTY000258,primary,2970 Sarah Gateway,Port Pamela,OK,40422,US,True
ADDR000259,PTY000259,primary,73610 Amy Crescent,Thomaschester,MH,02141,US,True
ADDR000260,PTY000260,mailing,959 Rodriguez Mews,Blakefurt,FM,64387,US,True
ADDR000261,PTY000261,primary,513 Brady Points Suite 982,Mcbridebury,DC,27739,US,True
ADDR000262,PTY000262,mailing,6832 Medina Terrace Suite 219,Paulland,AK,51495,US,True
ADDR000263,PTY000263,business,82572 Bishop Mountain Suite 456,Emilyshire,OK,54560,US,True
ADDR000264,PTY000264,primary,35634 Sean Road,Garrettborough,NE,78086,US,True
ADDR000265,PTY000265,risk_location,174 Smith Forks Apt. 571,Cisnerosberg,MT,49945,US,True
ADDR000266,PTY000266,business,4622 Matthew Manor,West Catherinehaven,TN,98960,US,True
ADDR000267,PTY000267,mailing,375 Sandy Streets,Lake Jesseborough,WV,10599,US,True
ADDR000268,PTY000268,business,26431 Guzman Land,Lake Kathleen,MH,19320,US,True
ADDR000269,PTY000269,risk_location,99118 Bauer Avenue,Port Michael,AZ,65242,US,True
ADDR000270,PTY000270,business,46481 Chandler Glens Apt. 563,Zimmermanshire,NH,98852,US,True
ADDR000271,PTY000271,primary,805 Andrea Junctions,New Jenniferchester,MI,52310,US,True
ADDR000272,PTY000272,risk_location,1890 Kimberly Square Suite 723,East April,MP,59484,US,True
ADDR000273,PTY000273,risk_location,9399 Phillip Dale Apt. 325,Charlesmouth,AL,75170,US,True
ADDR000274,PTY000274,primary,9316 Morrison Fields,Fernandezhaven,MI,03683,US,True
ADDR000275,PTY000275,billing,008 Adkins Islands Suite 221,Huangborough,OH,13448,US,True
ADDR000276,PTY000276,billing,10251 Holmes Turnpike,South Carrie,OH,48491,US,True
ADDR000277,PTY000277,billing,7842 Mcconnell Common Suite 982,Melissamouth,MA,29516,US,True
ADDR000278,PTY000278,business,81593 Clark Causeway,Lake Melaniebury,PR,47352,US,True
ADDR000279,PTY000279,business,6536 Moore Causeway Suite 390,Brandonmouth,NY,02127,US,True
ADDR000280,PTY000280,billing,0928 Brandon Prairie Suite 559,Kathyland,DC,10467,US,True
ADDR000281,PTY000281,business,698 Laura Canyon,West Kelly,AZ,03009,US,True
ADDR000282,PTY000282,risk_location,50780 Kathleen Locks,South Jenniferview,TN,91858,US,True
ADDR000283,PTY000283,risk_location,18480 David Drive,Lake Justinberg,NM,63997,US,True
ADDR000284,PTY000284,mailing,84684 Matthew Lights,Lake Craig,VI,72306,US,True
ADDR000285,PTY000285,billing,5642 Gregory Street Suite 454,Lake Lindsayland,IL,44889,US,True
ADDR000286,PTY000286,risk_location,4227 Richard Plaza Apt. 284,West Ashley,SD,66430,US,True
ADDR000287,PTY000287,billing,01771 Joshua Mission Apt. 657,South Gregory,VT,96791,US,True
ADDR000288,PTY000288,billing,773 Jensen Spur,New Joshuabury,VI,50206,US,True
ADDR000289,PTY000289,primary,6960 Terri Inlet Apt. 966,Whitebury,KY,54953,US,True
ADDR000290,PTY000290,business,791 Wilson Stream,Jamesland,FM,65623,US,True
ADDR000291,PTY000291,primary,886 Adam Fords Apt. 617,Garciachester,VT,33324,US,True
ADDR000292,PTY000292,mailing,4169 Lisa Flats Apt. 290,Donaldville,LA,94116,US,True
ADDR000293,PTY000293,business,017 Berger Views,New Stephanie,IL,56302,US,True
ADDR000294,PTY000294,business,81327 Sims Pike,South Jefferytown,LA,54821,US,True
ADDR000295,PTY000295,mailing,4753 Powers Islands,Rochachester,AL,49149,US,True
ADDR000296,PTY000296,billing,15035 Teresa Ranch Suite 338,Davidshire,ME,76690,US,True
ADDR000297,PTY000297,mailing,3780 Campbell Lakes Apt. 598,Beckmouth,IN,11134,US,True
ADDR000298,PTY000298,primary,985 Kenneth Manors Apt. 122,Sullivanmouth,CA,57153,US,True
ADDR000299,PTY000299,mailing,6019 Bruce Loaf,South Alexis,AR,36784,US,True
ADDR000300,PTY000300,business,02368 Amanda Expressway,Nicholsonfort,MI,57862,US,True
ADDR000301,PTY000301,business,603 Andres Rest,West Lisaland,MA,75984,US,True
ADDR000302,PTY000302,risk_location,4609 Joe Island Suite 328,East Wesley,KS,35106,US,True
ADDR000303,PTY000303,risk_location,1839 Krueger Meadows,Kristinatown,NY,37858,US,True
ADDR000304,PTY000304,business,436 Nicholas Hollow,New Arthur,ID,17600,US,True
ADDR000305,PTY000305,primary,3508 Kelly Branch Apt. 083,North Katieton,PA,71485,US,True
ADDR000306,PTY000306,billing,2589 Baker Hills Suite 531,West Michaelside,CO,66138,US,True
ADDR000307,PTY000307,business,44485 Margaret Mountain Apt. 749,Veronicaland,MT,76442,US,True
ADDR000308,PTY000308,billing,84111 Ramirez Summit Apt. 740,Glennberg,MI,58319,US,True
ADDR000309,PTY000309,risk_location,9130 Allen Village,Lake Jennifer,MA,23634,US,True
ADDR000310,PTY000310,business,5827 Hall Trafficway Suite 237,East Stevenmouth,DE,79455,US,True
ADDR000311,PTY000311,business,9584 Rodney Fords,Barbarafort,MP,77194,US,True
ADDR000312,PTY000312,business,1510 Carlos Drive Apt. 848,Popebury,AK,63636,US,True
ADDR000313,PTY000313,billing,377 Kelley Crescent Apt. 324,Fritzland,NV,29323,US,True
ADDR000314,PTY000314,mailing,5860 Dustin Isle Apt. 670,West Debbie,NV,58726,US,True
ADDR000315,PTY000315,business,7589 Raymond Street,Martinfort,FM,10871,US,True
ADDR000316,PTY000316,business,52809 Perry Village,South Josemouth,MH,01635,US,True
ADDR000317,PTY000317,mailing,2796 Eric Valley Apt. 203,North Brian,TN,49926,US,True
ADDR000318,PTY000318,business,8117 Orozco Green,Elizabethfort,MO,87335,US,True
ADDR000319,PTY000319,billing,96500 Hammond Coves,South Kennethhaven,CT,59408,US,True
ADDR000320,PTY000320,risk_location,229 Mckinney Harbor Apt. 612,Lake Christopher,VT,20396,US,True
ADDR000321,PTY000321,primary,30389 Wallace Tunnel Apt. 265,North Shaunmouth,LA,05921,US,True
ADDR000322,PTY000322,billing,312 Mark Road Suite 119,Jacksonborough,CT,58168,US,True
ADDR000323,PTY000323,mailing,720 Villarreal Row,Margaretport,OR,65405,US,True
ADDR000324,PTY000324,primary,636 Janice Estate,Davisside,VI,52739,US,True
ADDR000325,PTY000325,mailing,252 Daniel Plaza Suite 045,Lake Jamesfort,UT,38836,US,True
ADDR000326,PTY000326,primary,47633 Gibson Keys,Stephanieborough,IL,29543,US,True
ADDR000327,PTY000327,mailing,9650 Angelica Extensions,West Ericton,AL,88091,US,True
ADDR000328,PTY000328,mailing,676 Young Loop,Jessicahaven,WV,69934,US,True
ADDR000329,PTY000329,business,9519 Gina Bridge,Herrerashire,VA,16884,US,True
ADDR000330,PTY000330,business,59307 Heather Coves,Thompsonhaven,NC,43475,US,True
ADDR000331,PTY000331,business,4483 Megan Mountain Suite 584,Annaburgh,VA,29064,US,True
ADDR000332,PTY000332,risk_location,87042 Hardin Summit,Amandaton,VT,79228,US,True
ADDR000333,PTY000333,primary,722 Mark Port Apt. 409,Lake Courtney,PR,45810,US,True
ADDR000334,PTY000334,mailing,92045 Sarah Junctions,Davidsontown,ID,31068,US,True
ADDR000335,PTY000335,mailing,46456 Arnold Road,Gomezfurt,ME,02003,US,True
ADDR000336,PTY000336,mailing,037 Samuel Light,New Shannon,MA,80921,US,True
ADDR000337,PTY000337,primary,20689 Cole Canyon Suite 058,Mercermouth,IL,60292,US,True
ADDR000338,PTY000338,mailing,591 Antonio Wall Apt. 109,West Carriefurt,VT,85190,US,True
ADDR000339,PTY000339,risk_location,7492 David Avenue Suite 416,Nelsonmouth,FM,34618,US,True
ADDR000340,PTY000340,risk_location,7291 Cox Pass Suite 289,Port Kelly,NE,63759,US,True
ADDR000341,PTY000341,business,756 Harper Points,Wendyfort,UT,44016,US,True
ADDR000342,PTY000342,risk_location,824 Frederick Creek,Cookfort,AZ,07193,US,True
ADDR000343,PTY000343,billing,18327 Jacob Cliff,Cookville,IN,37519,US,True
ADDR000344,PTY000344,mailing,6769 Browning Trafficway,Archerfort,MP,07164,US,True
ADDR000345,PTY000345,risk_location,97640 Mason Spring Apt. 667,East Danaton,RI,48801,US,True
ADDR000346,PTY000346,risk_location,64187 Lisa Place,Terrychester,TN,69182,US,True
ADDR000347,PTY000347,business,59206 Jackson Turnpike Apt. 180,Lake Jessicafurt,NE,70997,US,True
ADDR000348,PTY000348,risk_location,648 Smith Summit,Port Christina,IL,20337,US,True
ADDR000349,PTY000349,mailing,49727 William Stravenue,West Erika,NM,05906,US,True
ADDR000350,PTY000350,risk_location,2986 Ian Villages,Port Jordan,PA,33248,US,True
ADDR000351,PTY000351,business,33056 David Station Apt. 023,North Laurabury,TX,71927,US,True
ADDR000352,PTY000352,billing,691 Robert Prairie,East Stephanieborough,WA,50403,US,True
ADDR000353,PTY000353,mailing,22082 Washington Ridge Apt. 002,Thompsonbury,AS,12073,US,True
ADDR000354,PTY000354,risk_location,7536 Kyle Spur,Masonview,NY,48314,US,True
ADDR000355,PTY000355,mailing,28749 Thomas Lock Apt. 663,Kimberlyview,HI,03806,US,True
ADDR000356,PTY000356,business,73899 Christopher Mall,North Brandyshire,WY,67527,US,True
ADDR000357,PTY000357,risk_location,134 Michelle Wall,North Mark,AZ,56809,US,True
ADDR000358,PTY000358,risk_location,84323 Lindsey Skyway,North Christian,MH,69741,US,True
ADDR000359,PTY000359,primary,54462 Bray Ridges Suite 401,Curtisville,LA,91705,US,True
ADDR000360,PTY000360,mailing,6282 Hensley Lake,Andrewbury,MA,57305,US,True
ADDR000361,PTY000361,mailing,14516 Spence Plain,Perryview,NE,67468,US,True
ADDR000362,PTY000362,primary,9906 Nathaniel Tunnel Apt. 459,Lake Lisa,AK,82376,US,True
ADDR000363,PTY000363,business,488 Jonathan Circles,Lake Andrewton,DC,71533,US,True
ADDR000364,PTY000364,risk_location,1956 Jeffrey Lane,Markview,RI,41858,US,True
ADDR000365,PTY000365,risk_location,243 Kyle Summit,New Ryanmouth,SC,84476,US,True
ADDR000366,PTY000366,business,625 Anthony Circles,East Taylor,NJ,41028,US,True
ADDR000367,PTY000367,mailing,4022 Melanie Springs,New Danielville,OR,18066,US,True
ADDR000368,PTY000368,billing,2000 Jill Meadows,Kathleenhaven,MD,34885,US,True
ADDR000369,PTY000369,risk_location,834 Hensley Passage Suite 127,Maymouth,HI,63029,US,True
ADDR000370,PTY000370,primary,067 Gonzalez Loop,Port Ricardo,CA,51487,US,True
ADDR000371,PTY000371,primary,2207 Lawrence Stravenue Suite 745,Julietown,OR,76226,US,True
ADDR000372,PTY000372,risk_location,36587 Ross Place Suite 913,Anthonyburgh,FL,40402,US,True
ADDR000373,PTY000373,mailing,90211 Rebecca Ways,North Matthewmouth,NY,68309,US,True
ADDR000374,PTY000374,business,850 Scott Shore,New Tamaraport,AL,71438,US,True
ADDR000375,PTY000375,mailing,04765 Angela Summit Apt. 506,Williamschester,LA,53304,US,True
ADDR000376,PTY000376,mailing,268 James Wall Suite 941,Wuview,GU,43747,US,True
ADDR000377,PTY000377,billing,93458 Justin Forge Suite 415,Hernandezville,HI,19023,US,True
ADDR000378,PTY000378,billing,7874 Bennett Way Apt. 942,Tracyport,AS,81053,US,True
ADDR000379,PTY000379,billing,882 Maynard Meadow,North Stephanie,DE,21296,US,True
ADDR000380,PTY000380,risk_location,3542 Mcclain Road,Michaelberg,MO,93383,US,True
ADDR000381,PTY000381,mailing,9468 Jeffrey Prairie Suite 131,South Catherinebury,MA,73611,US,True
ADDR000382,PTY000382,billing,6598 William Motorway,South Sherriland,AR,68204,US,True
ADDR000383,PTY000383,risk_location,5407 Lopez Trafficway Suite 867,New Jamesfurt,IA,86025,US,True
ADDR000384,PTY000384,mailing,62762 Paul Ville Apt. 166,New Elizabethside,IA,90164,US,True
ADDR000385,PTY000385,mailing,74104 James Ports,South Anthony,MT,23962,US,True
ADDR000386,PTY000386,mailing,7887 Ariel Crossing,New Christopherfurt,WI,85705,US,True
ADDR000387,PTY000387,risk_location,0052 Welch Ports,New James,AR,81757,US,True
ADDR000388,PTY000388,risk_location,82158 Jackson Isle,North Kristinabury,GA,12972,US,True
ADDR000389,PTY000389,primary,7327 Heather Mountains Apt. 714,Jessicahaven,WI,18185,US,True
ADDR000390,PTY000390,primary,37039 Caroline Circle,Port Feliciaville,PR,89592,US,True
ADDR000391,PTY000391,billing,59559 Beverly Trafficway,Ashleeton,VT,28625,US,True
ADDR000392,PTY000392,billing,14082 Keller Haven Suite 064,New Sandybury,FM,29207,US,True
ADDR000393,PTY000393,mailing,552 Michael Centers Apt. 771,South Sandra,SD,88365,US,True
ADDR000394,PTY000394,billing,98495 Jason Groves Apt. 306,East Richard,MP,71530,US,True
ADDR000395,PTY000395,business,939 Wade Trafficway,Port Melissaview,UT,49763,US,True
ADDR000396,PTY000396,billing,5637 Gary Parks,East Markhaven,PW,12904,US,True
ADDR000397,PTY000397,business,89761 Alvarez Terrace Suite 612,Cookmouth,AK,83207,US,True
ADDR000398,PTY000398,risk_location,0936 George Canyon,South Robertoton,DE,23667,US,True
ADDR000399,PTY000399,mailing,772 Eric Divide,South Ryan,FL,45436,US,True
ADDR000400,PTY000400,primary,42673 Felicia Tunnel,East Taraville,HI,18246,US,True
ADDR000401,PTY000401,mailing,1746 Alvarez Via Suite 035,Willisfurt,CO,95415,US,True
ADDR000402,PTY000402,risk_location,6228 Norris Crossing Suite 129,South Lindsey,MN,50417,US,True
ADDR000403,PTY000403,mailing,1199 Medina Mount Apt. 133,Daniellefurt,NJ,66518,US,True
ADDR000404,PTY000404,mailing,2359 James Lake Suite 787,Jonesport,DC,61474,US,True
ADDR000405,PTY000405,mailing,07157 Martinez Rapid Suite 934,Michaelborough,MS,96260,US,True
ADDR000406,PTY000406,business,51381 Curtis Isle,Nicolefurt,VI,31464,US,True
ADDR000407,PTY000407,billing,55512 Kelsey Expressway Apt. 964,New Carla,DE,55743,US,True
ADDR000408,PTY000408,risk_location,60507 Davis Lake Apt. 723,Robinburgh,ND,58388,US,True
ADDR000409,PTY000409,primary,829 Jillian Villages Suite 207,North Johnview,FL,16790,US,True
ADDR000410,PTY000410,billing,5390 Caitlin Islands,Christineton,SC,31943,US,True
ADDR000411,PTY000411,mailing,5705 Moreno Shore Apt. 516,Cooperton,LA,47009,US,True
ADDR000412,PTY000412,billing,66487 Felicia Streets Apt. 249,Lake Lisa,ND,68362,US,True
ADDR000413,PTY000413,primary,0000 Ortiz Lodge,Millerview,MA,85997,US,True
ADDR000414,PTY000414,mailing,963 Mary Meadow Suite 715,West Kimberlychester,VT,18322,US,True
ADDR000415,PTY000415,billing,222 Barry Field Apt. 150,South Katherinefort,VT,91212,US,True
ADDR000416,PTY000416,billing,12042 Martin Pines Suite 737,Terrifurt,NY,91659,US,True
ADDR000417,PTY000417,billing,9625 Jennifer Circles Apt. 240,Dianaland,NE,21430,US,True
ADDR000418,PTY000418,billing,27195 David Crossing Apt. 466,East Juliehaven,VT,86703,US,True
ADDR000419,PTY000419,risk_location,023 Jorge Ranch Suite 177,Stephaniefurt,PW,49513,US,True
ADDR000420,PTY000420,business,023 Ray Plains Apt. 298,North Yolanda,HI,32674,US,True
ADDR000421,PTY000421,business,520 Chad Mountain Suite 507,Andreatown,NY,48698,US,True
ADDR000422,PTY000422,mailing,58824 Newman Mews Suite 298,East Jessicaview,AZ,44307,US,True
ADDR000423,PTY000423,business,7225 Yates Divide,South Sean,AS,91121,US,True
ADDR000424,PTY000424,risk_location,5204 Lisa Turnpike,Cherryfort,MD,61724,US,True
ADDR000425,PTY000425,risk_location,11085 Robin Cliff Suite 659,Adamberg,VA,09139,US,True
ADDR000426,PTY000426,primary,43709 Stacy Land Suite 952,Colleenborough,TX,10758,US,True
ADDR000427,PTY000427,billing,1674 Kara Path Apt. 157,Port Jenniferberg,MT,08242,US,True
ADDR000428,PTY000428,primary,4900 Kristy Ridge Apt. 079,Jordanmouth,RI,48204,US,True
ADDR000429,PTY000429,primary,47781 Abbott Trail Apt. 233,West Garyfort,OK,48266,US,True
ADDR000430,PTY000430,risk_location,220 Fowler Orchard,Dennishaven,TN,17089,US,True
ADDR000431,PTY000431,risk_location,257 Mallory Lights,Angelicaville,NH,41141,US,True
ADDR000432,PTY000432,business,87853 Randall Village Apt. 481,Jenkinsport,VT,20578,US,True
ADDR000433,PTY000433,business,91223 Sullivan Vista,New Thomasstad,PA,64163,US,True
ADDR000434,PTY000434,primary,3806 Sean Ford,North Lisashire,NY,87929,US,True
ADDR000435,PTY000435,billing,24823 Molina Pike,North Dylan,NY,23935,US,True
ADDR000436,PTY000436,business,204 Golden Bypass,Port Kevin,NM,38226,US,True
ADDR000437,PTY000437,risk_location,689 Tran Wall Apt. 926,Martinezborough,GU,97980,US,True
ADDR000438,PTY000438,billing,814 Hill Valleys Apt. 422,New Brittany,MT,63955,US,True
ADDR000439,PTY000439,risk_location,36904 Nicholas Isle,West Terrymouth,CO,53990,US,True
ADDR000440,PTY000440,risk_location,7314 Delacruz Point Apt. 570,Morrisbury,HI,04574,US,True
ADDR000441,PTY000441,mailing,74520 Katie Overpass,New Christopherhaven,WV,83282,US,True
ADDR000442,PTY000442,business,209 Veronica Summit,Millerburgh,ME,33956,US,True
ADDR000443,PTY000443,risk_location,32359 Seth Circles,Johnsonstad,PW,28371,US,True
ADDR000444,PTY000444,billing,05563 Henry Pines,Donnashire,OR,18060,US,True
ADDR000445,PTY000445,risk_location,05967 Ryan Island,New Christopher,NV,91876,US,True
ADDR000446,PTY000446,business,42203 Snyder Camp Apt. 295,South Melissafort,TN,54373,US,True
ADDR000447,PTY000447,primary,759 Porter Alley Suite 832,West Crystalborough,DC,94009,US,True
ADDR000448,PTY000448,billing,3912 Kline Drive,Walterston,NJ,22531,US,True
ADDR000449,PTY000449,billing,10681 Werner Inlet Suite 444,Donnaborough,NV,82738,US,True
ADDR000450,PTY000450,business,6831 Wilson Keys Apt. 656,Jeremyview,KS,06320,US,True
ADDR000451,PTY000451,billing,01327 Walter Prairie,North Megan,PR,95557,US,True
ADDR000452,PTY000452,risk_location,1424 Frank Shoals,Hullville,NH,61523,US,True
ADDR000453,PTY000453,risk_location,458 Wood Roads,West Crystal,PR,51126,US,True
ADDR000454,PTY000454,mailing,60930 Rose Expressway,East Jamesfort,AL,71735,US,True
ADDR000455,PTY000455,mailing,4834 Sharon Point Suite 474,Adamsshire,HI,57559,US,True
ADDR000456,PTY000456,mailing,32908 Wilson Vista Suite 718,West Gary,CO,09514,US,True
ADDR000457,PTY000457,mailing,8888 Michelle Ville,Thomasside,AK,53767,US,True
ADDR000458,PTY000458,business,6768 Sutton Port Apt. 801,South Richard,WA,14980,US,True
ADDR000459,PTY000459,primary,4093 Suzanne Cliff,Michaeltown,DC,07967,US,True
ADDR000460,PTY000460,mailing,542 Young Bridge,Brownville,KS,95870,US,True
ADDR000461,PTY000461,billing,78097 William Bypass,Port Peterburgh,AL,32935,US,True
ADDR000462,PTY000462,business,3063 Schroeder Gardens,Duranshire,OR,06090,US,True
ADDR000463,PTY000463,business,948 Colton Corner,New Timothy,NE,33668,US,True
ADDR000464,PTY000464,billing,2051 Nichols Forks,Port Caleb,TX,42104,US,True
ADDR000465,PTY000465,billing,94468 James Camp Apt. 008,North Valerie,MT,71474,US,True
ADDR000466,PTY000466,business,63703 Casey Course,Moorebury,MA,76096,US,True
ADDR000467,PTY000467,risk_location,6293 Adams Branch,East Lindaton,NY,43571,US,True
ADDR000468,PTY000468,risk_location,4568 Stevens Rapid,Lake Timothymouth,MH,93771,US,True
ADDR000469,PTY000469,primary,72419 Richardson Divide,West Ryan,MP,32374,US,True
ADDR000470,PTY000470,primary,14267 Mitchell Pine Suite 110,Timothybury,AK,95528,US,True
ADDR000471,PTY000471,risk_location,243 Leroy Springs Apt. 863,West Juan,MO,46622,US,True
ADDR000472,PTY000472,mailing,1075 Anderson Ridge Apt. 268,Ericberg,HI,85270,US,True
ADDR000473,PTY000473,mailing,60579 Carr Estates,Williamsbury,NM,83334,US,True
ADDR000474,PTY000474,business,534 Kimberly Square,East Jo,KS,61790,US,True
ADDR000475,PTY000475,billing,94457 Lisa Estate Suite 186,Richardsfort,RI,22830,US,True
ADDR000476,PTY000476,billing,59984 Smith Parks Suite 556,East Jill,UT,58870,US,True
ADDR000477,PTY000477,business,6741 Lawrence Junctions,New Carolyn,DE,36692,US,True
ADDR000478,PTY000478,business,18941 Bradley Parks Suite 811,Walkertown,NH,52680,US,True
ADDR000479,PTY000479,billing,993 Maddox Trail Suite 327,West Michaelborough,OK,11388,US,True
ADDR000480,PTY000480,mailing,25145 Butler Brook Suite 076,Sandratown,IN,92645,US,True
ADDR000481,PTY000481,risk_location,189 Turner Ridges Suite 070,Kaylaview,OH,23493,US,True
ADDR000482,PTY000482,billing,54975 Nathan Parkway,Annachester,WV,11426,US,True
ADDR000483,PTY000483,primary,555 Jacob Square,Raymondberg,GU,70781,US,True
ADDR000484,PTY000484,risk_location,116 Mario Way Apt. 913,Brianbury,GA,84577,US,True
ADDR000485,PTY000485,risk_location,35916 Keller Vista,North Stevenport,MS,38443,US,True
ADDR000486,PTY000486,primary,99206 Laura Centers Suite 865,Nicholsmouth,NH,70143,US,True
ADDR000487,PTY000487,business,5507 Xavier Springs Apt. 255,New Kevinbury,GA,26452,US,True
ADDR000488,PTY000488,business,9727 Newman Land Suite 670,Langshire,CO,93816,US,True
ADDR000489,PTY000489,billing,70846 Charlene Trail Suite 675,Port Deborahport,MH,72066,US,True
ADDR000490,PTY000490,mailing,013 Carly Junction,South Ericaport,VI,91990,US,True
ADDR000491,PTY000491,primary,83241 Sarah Curve,Robertotown,MS,29887,US,True
ADDR000492,PTY000492,primary,890 Mcintosh Rest Apt. 251,New Alexanderport,KY,10948,US,True
ADDR000493,PTY000493,mailing,1672 Mills Neck,Phelpsburgh,VI,00539,US,True
ADDR000494,PTY000494,primary,832 Buck Forge Suite 611,Ramseyville,NV,29562,US,True
ADDR000495,PTY000495,mailing,871 Zachary Trafficway,New Tracey,OH,32255,US,True
ADDR000496,PTY000496,mailing,68763 Marshall Centers,Johnsonborough,MO,91909,US,True
ADDR000497,PTY000497,business,9286 Melissa Springs,Seanbury,PW,17423,US,True
ADDR000498,PTY000498,business,528 Kelsey Ramp Suite 097,Marytown,MA,66933,US,True
ADDR000499,PTY000499,primary,870 Schroeder Ranch,New Kathrynstad,WA,69528,US,True
ADDR000500,PTY000500,primary,5245 Russell Spurs,Rogersberg,CO,02465,US,True
ADDR000501,PTY000501,mailing,91438 Gregory Place,Olsonville,GU,81429,US,True
ADDR000502,PTY000502,business,916 Rachel Crescent,South Angela,NV,44979,US,True
ADDR000503,PTY000503,risk_location,532 Sue Burg,Petersenhaven,GA,61791,US,True
ADDR000504,PTY000504,primary,336 Jordan Prairie,Rhondashire,ME,81412,US,True
ADDR000505,PTY000505,risk_location,996 Little Crossing,Lake Kristyfort,NM,67839,US,True
ADDR000506,PTY000506,mailing,465 Gill Motorway,Lisamouth,AK,01024,US,True
ADDR000507,PTY000507,business,828 Brianna Parks Suite 992,Lake Alexander,MT,45547,US,True
ADDR000508,PTY000508,mailing,93124 Bates Burg Suite 206,Lake Theresamouth,PA,66870,US,True
ADDR000509,PTY000509,mailing,12647 Angela Spring Suite 880,East Rileyland,NC,88118,US,True
ADDR000510,PTY000510,billing,9007 Clements Path,Danielton,CA,59873,US,True
ADDR000511,PTY000511,risk_location,67683 Hammond Wall Suite 903,Ashleyland,AR,12499,US,True
ADDR000512,PTY000512,business,52038 Ashley Estate Suite 571,Jacobsonland,IL,02009,US,True
ADDR000513,PTY000513,business,0488 Cantu Lock Suite 105,East Johnfort,MT,62028,US,True
ADDR000514,PTY000514,primary,70578 Reed Views Apt. 054,South Linda,VI,40956,US,True
ADDR000515,PTY000515,billing,064 Hampton Glen Apt. 590,Josephside,AS,33150,US,True
ADDR000516,PTY000516,business,692 Martin Springs,South Billy,SD,53060,US,True
ADDR000517,PTY000517,primary,1622 James Lane Suite 389,Johnathanmouth,VA,10717,US,True
ADDR000518,PTY000518,primary,48057 Mark Parkway Suite 454,East Larryville,TN,43107,US,True
ADDR000519,PTY000519,business,98272 Alisha Extension Apt. 318,East Michaelside,SD,12924,US,True
ADDR000520,PTY000520,primary,390 Jennifer Extension,Pamelaburgh,NY,56620,US,True
ADDR000521,PTY000521,primary,449 Ibarra Tunnel Suite 614,West Alyssa,NM,80864,US,True
ADDR000522,PTY000522,billing,7097 Davis Divide,Charlesmouth,WY,99516,US,True
ADDR000523,PTY000523,mailing,45092 John Corners Suite 228,Zoeberg,WY,39893,US,True
ADDR000524,PTY000524,mailing,52763 Gray Way Suite 098,West Michaelside,ID,81817,US,True
ADDR000525,PTY000525,risk_location,2076 Merritt Flats Suite 892,East Allison,TX,66960,US,True
ADDR000526,PTY000526,billing,326 Williams Tunnel Suite 758,East Stephanieburgh,GU,72544,US,True
ADDR000527,PTY000527,mailing,076 Carlson Knolls Suite 900,Jasonhaven,LA,84720,US,True
ADDR000528,PTY000528,billing,47034 Matthew Spur Suite 191,Sarahside,AS,81663,US,True
ADDR000529,PTY000529,risk_location,708 Dawn Squares,Port Richardside,AZ,68474,US,True
ADDR000530,PTY000530,risk_location,66213 Jerry Motorway Apt. 695,North Michael,TX,03786,US,True
ADDR000531,PTY000531,primary,9873 Wade Lodge Apt. 901,Williamfort,VI,47799,US,True
ADDR000532,PTY000532,mailing,411 Cervantes Overpass Suite 633,Chapmanborough,HI,30050,US,True
ADDR000533,PTY000533,risk_location,9910 Garcia Parks Apt. 645,Raymondburgh,WV,13129,US,True
ADDR000534,PTY000534,risk_location,10694 Steven Walk,Taylorton,KS,54252,US,True
ADDR000535,PTY000535,mailing,782 Pena Passage Suite 358,Carneystad,UT,72969,US,True
ADDR000536,PTY000536,business,63062 Gibson Walks,New James,ND,13418,US,True
ADDR000537,PTY000537,risk_location,856 John Street,South Nathanchester,MP,78717,US,True
ADDR000538,PTY000538,primary,22679 Moody Run Apt. 791,Oconnorview,VI,53304,US,True
ADDR000539,PTY000539,billing,711 Mario Unions Suite 386,South Todd,ID,46306,US,True
ADDR000540,PTY000540,risk_location,5939 Hernandez Wall Apt. 592,Bethfurt,TX,14261,US,True
ADDR000541,PTY000541,billing,26681 Jeffrey Extensions Suite 576,Kimburgh,SD,85572,US,True
ADDR000542,PTY000542,business,206 Dean Throughway,Port Amy,NM,26303,US,True
ADDR000543,PTY000543,risk_location,405 Anna Plaza Suite 555,Port Alexisfurt,CT,10036,US,True
ADDR000544,PTY000544,business,89449 Wilson Run Apt. 249,South Heather,FM,56118,US,True
ADDR000545,PTY000545,billing,88227 Lewis Station,Mccarthyfurt,VI,08840,US,True
ADDR000546,PTY000546,risk_location,56907 Evans Loaf,Andersonburgh,ME,45822,US,True
ADDR000547,PTY000547,business,466 Andrew Inlet Apt. 013,North Joseph,TN,25282,US,True
ADDR000548,PTY000548,billing,5375 Edward Courts,East Dylanview,CT,31586,US,True
ADDR000549,PTY000549,billing,24577 Jason Oval,South Adam,MO,26436,US,True
ADDR000550,PTY000550,risk_location,885 Rachel Haven,Collierburgh,CO,11219,US,True
ADDR000551,PTY000551,billing,20815 Hernandez Prairie,Andrewland,AS,82224,US,True
ADDR000552,PTY000552,business,468 Hall Terrace Suite 616,West Sarahborough,VT,83556,US,True
ADDR000553,PTY000553,billing,547 Smith Crossing Suite 052,Joseberg,MO,31082,US,True
ADDR000554,PTY000554,business,92636 Mary Light Apt. 776,North Kathryn,IN,23682,US,True
ADDR000555,PTY000555,business,84383 Vanessa Key Apt. 708,Smithport,GA,82083,US,True
ADDR000556,PTY000556,billing,0346 Donna Parks Apt. 863,Rebekahchester,MH,27102,US,True
ADDR000557,PTY000557,billing,5930 Jones Pike,Davistown,GU,63662,US,True
ADDR000558,PTY000558,primary,2809 Williams Harbors Apt. 711,New Antonio,PR,49718,US,True
ADDR000559,PTY000559,billing,47914 Beth Divide,Jillfort,NM,86321,US,True
ADDR000560,PTY000560,billing,38244 Bernard Road Apt. 454,Martinchester,TX,53917,US,True
ADDR000561,PTY000561,mailing,5401 Clay Cape Suite 403,East Mariamouth,MI,79435,US,True
ADDR000562,PTY000562,risk_location,14106 Jennings Prairie Suite 332,East Davidtown,WI,02600,US,True
ADDR000563,PTY000563,mailing,523 Cameron Forks Apt. 304,West Kyle,CA,37030,US,True
ADDR000564,PTY000564,business,1792 John Ranch,New Brenda,VA,49086,US,True
ADDR000565,PTY000565,primary,8161 Meagan Turnpike,South Michael,KY,15491,US,True
ADDR000566,PTY000566,risk_location,5289 Jessica Village,Lake Ryanberg,MO,15375,US,True
ADDR000567,PTY000567,primary,1322 James Common,Shawhaven,MN,16205,US,True
ADDR000568,PTY000568,billing,3271 Turner River,Port Thomas,SC,41556,US,True
ADDR000569,PTY000569,business,0350 Willie Squares,Rayport,ME,57562,US,True
ADDR000570,PTY000570,billing,6532 Jeffery Harbors,Lake Tammy,KY,03050,US,True
ADDR000571,PTY000571,billing,3441 Booker Plains Apt. 071,North Andrew,NV,13913,US,True
ADDR000572,PTY000572,primary,182 Samantha Mall Apt. 420,Lake Ashleytown,MT,80362,US,True
ADDR000573,PTY000573,business,473 Dougherty Circle Suite 164,Port Williamshire,NY,98146,US,True
ADDR000574,PTY000574,mailing,3157 Keller Estate Apt. 852,East Gregoryland,AZ,53475,US,True
ADDR000575,PTY000575,business,947 Howell Street Suite 775,Leestad,OR,51235,US,True
ADDR000576,PTY000576,billing,04771 Irwin Vista,Barrychester,VA,30704,US,True
ADDR000577,PTY000577,mailing,48272 Austin Pike,Fernandezton,NY,17284,US,True
ADDR000578,PTY000578,billing,015 Ward Bypass Apt. 553,Jaredborough,ME,67421,US,True
ADDR000579,PTY000579,mailing,476 Sutton Villages Suite 172,New Charlesside,NV,92377,US,True
ADDR000580,PTY000580,billing,08687 Ralph Crossing,Davidmouth,VT,40733,US,True
ADDR000581,PTY000581,mailing,2712 John Mountains,West Nathanland,PR,80839,US,True
ADDR000582,PTY000582,primary,27985 Jones Lodge,East Kathyland,VT,44055,US,True
ADDR000583,PTY000583,risk_location,108 Garcia Corner Suite 664,Mendozaland,OK,55204,US,True
ADDR000584,PTY000584,business,0045 Hunter Course,Scottport,WV,30646,US,True
ADDR000585,PTY000585,business,1528 Dawn Meadow Suite 269,East Patrick,MT,39580,US,True
ADDR000586,PTY000586,mailing,91417 Thompson Meadows,East Aaron,OR,02794,US,True
ADDR000587,PTY000587,primary,094 Dyer Light,Priceshire,FL,81011,US,True
ADDR000588,PTY000588,risk_location,7149 Lopez Mill Suite 845,Mitchellshire,KS,16579,US,True
ADDR000589,PTY000589,billing,517 Albert Orchard,South Anitastad,IN,46528,US,True
ADDR000590,PTY000590,primary,30980 Jacob Throughway Suite 501,New Melissashire,AR,42909,US,True
ADDR000591,PTY000591,primary,959 Crane Valley Suite 538,Bowmanville,LA,60072,US,True
ADDR000592,PTY000592,business,08286 Brandy Brooks Apt. 366,Stevenchester,NY,22674,US,True
ADDR000593,PTY000593,mailing,27976 Ingram Fords,North Toddton,AR,89985,US,True
ADDR000594,PTY000594,primary,5746 Jackson Gardens,North Amber,AZ,23794,US,True
ADDR000595,PTY000595,billing,1333 Julie Land Suite 610,Michellemouth,ND,63196,US,True
ADDR000596,PTY000596,billing,1392 Kevin Passage,Weavermouth,KY,24708,US,True
ADDR000597,PTY000597,risk_location,9056 Brown Trafficway Suite 057,Lake Kennethfort,KS,68059,US,True
ADDR000598,PTY000598,billing,25453 Adam River,Robertfurt,NM,88235,US,True
ADDR000599,PTY000599,billing,0571 Sullivan Rapid,Lake Roy,NY,79389,US,True
ADDR000600,PTY000600,billing,72520 James Meadow Apt. 912,Port William,SD,57637,US,True
ADDR000601,PTY000601,mailing,882 Green Street Apt. 237,North Thomas,TN,96655,US,True
ADDR000602,PTY000602,primary,73364 Abbott Drive,West James,IN,98485,US,True
ADDR000603,PTY000603,mailing,828 Keith Islands,New Thomas,AR,31695,US,True
ADDR000604,PTY000604,primary,914 Dylan Spurs,Patriciaborough,WA,81784,US,True
ADDR000605,PTY000605,mailing,89669 Moss Pine Apt. 324,East Kendra,MS,44656,US,True
ADDR000606,PTY000606,risk_location,67303 Todd Gateway Apt. 784,Port Michelleside,WY,24196,US,True
ADDR000607,PTY000607,risk_location,48591 Cody Cape Apt. 889,Riverashire,NV,54621,US,True
ADDR000608,PTY000608,business,106 Leah Gardens Suite 460,Port Maryshire,VT,72074,US,True
ADDR000609,PTY000609,billing,7356 Gould Points Suite 878,Warrenhaven,MT,07872,US,True
ADDR000610,PTY000610,risk_location,790 Moran Grove,Deniseview,MH,53497,US,True
ADDR000611,PTY000611,mailing,96484 Stanton Throughway Suite 156,Acostaton,VT,93631,US,True
ADDR000612,PTY000612,primary,775 Steven Gateway,West Evelyn,AR,91943,US,True
ADDR000613,PTY000613,business,8648 Anthony Fords Suite 863,Johnsland,AK,05134,US,True
ADDR000614,PTY000614,business,9648 Melissa Summit Suite 114,East Thomas,MT,56119,US,True
ADDR000615,PTY000615,mailing,7224 Christina Lodge,Port Felicia,PA,62919,US,True
ADDR000616,PTY000616,billing,11502 Adrienne Common,Keithfurt,NV,48469,US,True
ADDR000617,PTY000617,primary,40440 Melissa Extension,Brandonshire,SC,53679,US,True
ADDR000618,PTY000618,mailing,7604 Elizabeth Spur,Nicholasfort,ND,93597,US,True
ADDR000619,PTY000619,billing,1337 Daniel Field,Markton,OR,87386,US,True
ADDR000620,PTY000620,mailing,4549 Hernandez Islands Suite 492,Josephside,ID,90184,US,True
ADDR000621,PTY000621,mailing,293 Baker Locks,Greenmouth,MD,91572,US,True
ADDR000622,PTY000622,primary,25941 Williams Key,Baileyshire,MI,93497,US,True
ADDR000623,PTY000623,mailing,651 David Viaduct Apt. 151,West Jasonstad,WI,25174,US,True
ADDR000624,PTY000624,billing,38467 Delgado Mission Suite 192,Patrickstad,RI,34814,US,True
ADDR000625,PTY000625,billing,1812 Janet Extension,Lake Ashley,PA,45328,US,True
ADDR000626,PTY000626,primary,0227 Cassandra Overpass Suite 609,East Shawn,IA,23291,US,True
ADDR000627,PTY000627,mailing,7862 Mullins Fall Suite 055,Josephberg,IA,17416,US,True
ADDR000628,PTY000628,business,97027 Nelson Creek Apt. 316,Lake Reneestad,ID,94749,US,True
ADDR000629,PTY000629,mailing,7155 Mary Knoll Suite 026,Jodimouth,GU,89649,US,True
ADDR000630,PTY000630,risk_location,641 Valenzuela Lakes,Port Tony,ID,30074,US,True
ADDR000631,PTY000631,mailing,602 Haley Glen Apt. 251,West Tammy,NH,91672,US,True
ADDR000632,PTY000632,billing,8887 Christine Cove Suite 110,Port Josephtown,NE,11377,US,True
ADDR000633,PTY000633,primary,150 Lopez Station Apt. 960,Morseview,LA,80048,US,True
ADDR000634,PTY000634,business,822 Eric Mountains Suite 544,Port Anthonyshire,IA,45176,US,True
ADDR000635,PTY000635,billing,27416 Garrison Cliff Apt. 128,Lake Emmamouth,NM,12647,US,True
ADDR000636,PTY000636,primary,10301 Lisa Forest Apt. 997,East Rhondaville,PW,49404,US,True
ADDR000637,PTY000637,mailing,9536 Rojas Way Apt. 379,North Jessicamouth,MS,76473,US,True
ADDR000638,PTY000638,primary,50840 Russell Via Suite 917,South Kirk,TN,41392,US,True
ADDR000639,PTY000639,business,036 Schneider Fields,North Rebeccaville,MA,33432,US,True
ADDR000640,PTY000640,primary,060 Matthew Springs Apt. 722,North Russellmouth,UT,66099,US,True
ADDR000641,PTY000641,billing,489 Kathryn Shoals Suite 467,Henryton,NH,42177,US,True
ADDR000642,PTY000642,mailing,01429 Hudson Pines Suite 793,West David,OH,15907,US,True
ADDR000643,PTY000643,billing,140 Holder Harbor,Ryanville,GA,94793,US,True
ADDR000644,PTY000644,risk_location,401 Tammy Forest Apt. 972,South Christopher,PW,72411,US,True
ADDR000645,PTY000645,business,7795 Eric Shore Suite 179,Jefferyborough,TN,78020,US,True
ADDR000646,PTY000646,billing,04192 Juan Lake,Lake Feliciafurt,KS,35725,US,True
ADDR000647,PTY000647,business,41687 Gary Courts,South Lisamouth,SC,88920,US,True
ADDR000648,PTY000648,business,20992 Zhang Center,Guerraburgh,PR,56467,US,True
ADDR000649,PTY000649,primary,74925 Martinez Plain,Joebury,IL,15850,US,True
ADDR000650,PTY000650,primary,20082 Patricia Street,Amytown,TX,88055,US,True
ADDR000651,PTY000651,billing,9381 Patrick Rue Apt. 919,Wilsonville,NC,42901,US,True
ADDR000652,PTY000652,risk_location,2472 Benson Shores Apt. 908,West Kimberlyhaven,MA,06696,US,True
ADDR000653,PTY000653,business,10827 Sanchez Loaf,Normashire,VI,65640,US,True
ADDR000654,PTY000654,billing,6340 Tina Brook Apt. 409,Williamhaven,ME,40843,US,True
ADDR000655,PTY000655,primary,731 Black Views Suite 853,New Maxwell,AS,69005,US,True
ADDR000656,PTY000656,mailing,71175 Long Rue,Jasonberg,VA,11792,US,True
ADDR000657,PTY000657,mailing,1302 Torres Manors,Turnershire,OH,76146,US,True
ADDR000658,PTY000658,mailing,562 Watson Greens Apt. 428,Blairland,RI,20772,US,True
ADDR000659,PTY000659,billing,29957 Dylan Fields,Markborough,VT,54935,US,True
ADDR000660,PTY000660,billing,536 Landry Viaduct,West Johnberg,MH,84265,US,True
ADDR000661,PTY000661,risk_location,545 Kevin Circles,West Shawnshire,DC,88798,US,True
ADDR000662,PTY000662,primary,60090 Brian Street,South Tyrone,VT,03459,US,True
ADDR000663,PTY000663,primary,14125 Lisa Terrace Apt. 974,Danielstad,PA,57247,US,True
ADDR000664,PTY000664,business,75582 Benjamin Field,Johnview,OH,29692,US,True
ADDR000665,PTY000665,business,243 Bailey Forge,West Katherineberg,PR,92092,US,True
ADDR000666,PTY000666,primary,47918 Stacy Curve Suite 849,South Valerie,NH,90809,US,True
ADDR000667,PTY000667,primary,4208 Nelson Grove Apt. 371,Port Samanthabury,WI,65699,US,True
ADDR000668,PTY000668,mailing,712 Carl Wall Apt. 534,Margarethaven,PR,10977,US,True
ADDR000669,PTY000669,billing,6579 Todd Place,North Noahbury,OK,41891,US,True
ADDR000670,PTY000670,mailing,23662 Tom Centers Suite 069,Mariomouth,SC,60104,US,True
ADDR000671,PTY000671,billing,8770 Maria Prairie,West Cory,KS,97242,US,True
ADDR000672,PTY000672,business,68318 Lisa Garden,Davidburgh,VT,70142,US,True
ADDR000673,PTY000673,billing,3185 Porter Lakes,Port Jillmouth,LA,58995,US,True
ADDR000674,PTY000674,risk_location,248 Clark Pine,South Drewbury,WI,10741,US,True
ADDR000675,PTY000675,primary,0401 Zachary River Suite 793,Melissatown,MI,09115,US,True
ADDR000676,PTY000676,mailing,8526 Steven Circle Apt. 355,East Trevor,ID,11246,US,True
ADDR000677,PTY000677,mailing,0298 Miller Trail Apt. 912,Davisbury,IL,64590,US,True
ADDR000678,PTY000678,business,920 Samuel Cove,Kathleenport,IN,07547,US,True
ADDR000679,PTY000679,business,5762 Jennifer Curve Apt. 260,South Johnville,WY,08030,US,True
ADDR000680,PTY000680,risk_location,450 Nicholas Points,Port Maria,OK,85978,US,True
ADDR000681,PTY000681,mailing,461 Flores Row Apt. 741,East Alanville,TN,29112,US,True
ADDR000682,PTY000682,risk_location,992 Taylor Circles Suite 957,Lawsonborough,WV,97329,US,True
ADDR000683,PTY000683,risk_location,0362 Johnson Rest Suite 230,Port Stephen,WI,11951,US,True
ADDR000684,PTY000684,business,10082 Joshua Burg Apt. 591,New April,VT,28848,US,True
ADDR000685,PTY000685,risk_location,5149 Vanessa Plains Suite 616,Juarezburgh,ME,34602,US,True
ADDR000686,PTY000686,primary,38285 Cox Extensions Suite 271,Amyberg,AS,89975,US,True
ADDR000687,PTY000687,mailing,18502 Steven Park Apt. 305,Johnstad,SD,74471,US,True
ADDR000688,PTY000688,risk_location,64512 Tran Road Suite 454,East Brandon,IA,37842,US,True
ADDR000689,PTY000689,mailing,401 Courtney Trace,Carriefort,MO,21206,US,True
ADDR000690,PTY000690,billing,5687 Diane Spurs,West Justintown,MH,37367,US,True
ADDR000691,PTY000691,mailing,943 Vincent Wall Apt. 853,Richtown,IL,65500,US,True
ADDR000692,PTY000692,primary,77279 Mary Parkway Apt. 091,Port Scottfurt,DC,90393,US,True
ADDR000693,PTY000693,primary,378 Danielle Canyon Apt. 091,Andrewborough,WI,96642,US,True
ADDR000694,PTY000694,mailing,513 Jacobs Estates Suite 349,Lake Ashley,ME,34666,US,True
ADDR000695,PTY000695,primary,439 Campbell Ridges Suite 804,Port Alejandroton,MI,56064,US,True
ADDR000696,PTY000696,mailing,6364 Miranda River Suite 645,Dawnbury,MT,83712,US,True
ADDR000697,PTY000697,business,07701 West Common Apt. 234,Emilyfurt,MA,74097,US,True
ADDR000698,PTY000698,primary,38719 Lopez Locks,Rosshaven,WI,37313,US,True
ADDR000699,PTY000699,mailing,231 Brooks Cliff,East Joshua,ND,40686,US,True
ADDR000700,PTY000700,business,70044 Nelson Unions Apt. 980,West Susanfurt,PR,41284,US,True
ADDR000701,PTY000701,primary,211 Craig Forges,New Danielton,MS,64569,US,True
ADDR000702,PTY000702,mailing,6803 Thomas Keys Suite 113,Lake Kristenport,WA,08209,US,True
ADDR000703,PTY000703,primary,67491 Ramirez Village Suite 546,Port Matthewmouth,NV,52523,US,True
ADDR000704,PTY000704,primary,58666 Jessica Glen Suite 618,East Laurentown,GU,47033,US,True
ADDR000705,PTY000705,billing,064 Walter Parkways,Berryland,WV,39585,US,True
ADDR000706,PTY000706,business,83024 Fisher Ville,Davisbury,GA,75263,US,True
ADDR000707,PTY000707,billing,36167 Andrew Mountains,North Joannafort,NV,93195,US,True
ADDR000708,PTY000708,business,021 Joseph Shore Apt. 380,Carpenterstad,WY,12416,US,True
ADDR000709,PTY000709,primary,91176 Daniel Crescent,East Danieltown,AK,22627,US,True
ADDR000710,PTY000710,mailing,9935 Johnson Skyway Suite 631,Craneland,ID,69062,US,True
ADDR000711,PTY000711,business,906 Darren Valley Suite 290,Andersonside,CO,33789,US,True
ADDR000712,PTY000712,business,05962 Adams Hollow Apt. 878,North Loganhaven,KS,72197,US,True
ADDR000713,PTY000713,business,40809 Derrick Isle,East Stevenport,MA,07787,US,True
ADDR000714,PTY000714,primary,080 Martin Shores Suite 514,Lake Jamesfort,PW,74613,US,True
ADDR000715,PTY000715,business,7646 Troy Wells Apt. 274,Kimland,SD,61808,US,True
ADDR000716,PTY000716,business,3049 Caleb Junction Apt. 114,East Deborahbury,DE,62230,US,True
ADDR000717,PTY000717,business,364 Courtney Pass,Terrimouth,WY,10984,US,True
ADDR000718,PTY000718,primary,06337 Allen Cove Apt. 933,New Christopher,SC,29781,US,True
ADDR000719,PTY000719,business,38364 Michael Circles Apt. 790,Bernardfort,NH,65192,US,True
ADDR000720,PTY000720,risk_location,4620 Smith Radial Apt. 100,Amystad,AL,75768,US,True
ADDR000721,PTY000721,risk_location,153 Janet Neck,Hollandton,IL,40648,US,True
ADDR000722,PTY000722,billing,8800 Stevens Skyway Suite 571,Lake Raymond,NH,22767,US,True
ADDR000723,PTY000723,billing,2009 Caleb Harbors,Grayside,AZ,64269,US,True
ADDR000724,PTY000724,mailing,425 Clark Prairie Suite 116,Meaganmouth,PW,92727,US,True
ADDR000725,PTY000725,mailing,0572 Harrington Roads,Alexandrafort,ME,98149,US,True
ADDR000726,PTY000726,primary,645 Thomas Oval,New Lisa,KS,18399,US,True
ADDR000727,PTY000727,business,1099 Church Turnpike Apt. 305,New Amy,TN,92303,US,True
ADDR000728,PTY000728,primary,1759 Melissa Overpass,Lake Charlesport,NV,77690,US,True
ADDR000729,PTY000729,business,4236 Solis Station,Evanberg,IA,50766,US,True
ADDR000730,PTY000730,business,789 Horn Route,West Christianview,LA,57372,US,True
ADDR000731,PTY000731,primary,4537 Debra Land Apt. 218,Benjaminbury,WV,24764,US,True
ADDR000732,PTY000732,business,5670 Tyler Valley,Burnettland,KS,79769,US,True
ADDR000733,PTY000733,mailing,91799 Melanie Parkways,Lake Cynthia,AR,55483,US,True
ADDR000734,PTY000734,primary,672 Williams Loop Apt. 198,Frazierland,MS,09021,US,True
ADDR000735,PTY000735,mailing,01450 Huang Terrace,Meghanburgh,DC,90920,US,True
ADDR000736,PTY000736,mailing,41558 Walls Crescent,Jamesmouth,KY,63865,US,True
ADDR000737,PTY000737,billing,590 Grimes Inlet,South Melvintown,LA,57022,US,True
ADDR000738,PTY000738,risk_location,475 Kevin Curve Apt. 021,Lake Ashley,TX,08004,US,True
ADDR000739,PTY000739,business,561 Jackson Lake Suite 712,New Stefanie,PR,96732,US,True
ADDR000740,PTY000740,mailing,002 Clarke Route Apt. 323,Sarahfurt,AR,15277,US,True
ADDR000741,PTY000741,primary,32717 Bowers Meadow,Ramirezland,NE,28007,US,True
ADDR000742,PTY000742,risk_location,30978 Stephanie Prairie Suite 544,New Maryfort,IN,98572,US,True
ADDR000743,PTY000743,mailing,26126 Autumn Fields Apt. 504,South Thomas,NH,56607,US,True
ADDR000744,PTY000744,mailing,985 Decker Curve,Hernandezton,MN,56025,US,True
ADDR000745,PTY000745,risk_location,1892 Kevin Roads,North Beverlychester,VT,22042,US,True
ADDR000746,PTY000746,risk_location,425 Abigail Orchard,Hallmouth,AS,84918,US,True
ADDR000747,PTY000747,risk_location,103 Vincent Estates,South Catherinehaven,KY,16850,US,True
ADDR000748,PTY000748,primary,02451 Timothy Ranch Apt. 169,Gilmoreview,TN,55053,US,True
ADDR000749,PTY000749,billing,9887 Krause Ridge,Port Ashleyland,VT,66501,US,True
ADDR000750,PTY000750,primary,9067 Mckinney Ford,Port Richard,VA,32336,US,True
ADDR000751,PTY000751,risk_location,99657 Kevin Terrace,Francismouth,KY,87126,US,True
ADDR000752,PTY000752,primary,850 Nicole Fall Suite 148,West Derekville,IA,68558,US,True
ADDR000753,PTY000753,primary,25175 Christina Harbor,East Christopher,PR,00906,US,True
ADDR000754,PTY000754,mailing,744 Murphy Springs Apt. 986,Port Kimberlyland,OH,72890,US,True
ADDR000755,PTY000755,business,254 Matthew Mount,Lozanotown,WY,43069,US,True
ADDR000756,PTY000756,business,9601 Edwards Valleys Apt. 705,Bakerbury,IN,25853,US,True
ADDR000757,PTY000757,primary,655 Arias Passage Suite 755,Julieview,CT,32247,US,True
ADDR000758,PTY000758,business,0494 Natasha Trafficway,Ericberg,IA,08120,US,True
ADDR000759,PTY000759,primary,1152 Thomas Mission Apt. 820,Lake Megan,PR,34209,US,True
ADDR000760,PTY000760,business,6558 Jerry Pines,Jackiemouth,GA,84808,US,True
ADDR000761,PTY000761,risk_location,00234 Justin Drive,West Jason,PR,49125,US,True
ADDR000762,PTY000762,billing,755 Patricia Streets Apt. 033,East Timothy,AL,67314,US,True
ADDR000763,PTY000763,primary,0936 Edwards Summit Suite 576,Christophermouth,OH,54532,US,True
ADDR000764,PTY000764,billing,651 Courtney Roads Suite 118,East Kimberlyhaven,NM,09463,US,True
ADDR000765,PTY000765,primary,455 Colon Harbors Apt. 244,East Evan,VI,93682,US,True
ADDR000766,PTY000766,primary,877 Carter Shores,New Nicholas,AS,29143,US,True
ADDR000767,PTY000767,mailing,2150 Hernandez Glen Suite 100,Barberborough,MD,23655,US,True
ADDR000768,PTY000768,mailing,06333 Gates Centers,South Malloryton,CO,98813,US,True
ADDR000769,PTY000769,mailing,98504 Taylor Brook,Haleychester,CT,71714,US,True
ADDR000770,PTY000770,primary,418 Ayala River Suite 474,Rosefort,IA,32955,US,True
ADDR000771,PTY000771,mailing,0987 Brian Dam Apt. 222,Yatesmouth,FM,86277,US,True
ADDR000772,PTY000772,billing,203 Kyle Street Apt. 899,North Hannahside,AS,21610,US,True
ADDR000773,PTY000773,billing,9722 Moran Brooks Apt. 930,Josemouth,UT,01712,US,True
ADDR000774,PTY000774,business,2253 Roth Shores Suite 768,Frankborough,VA,70943,US,True
ADDR000775,PTY000775,billing,15433 Ford Island,West Jeffrey,MA,88561,US,True
ADDR000776,PTY000776,risk_location,927 Ballard Forges,North Calvin,WI,67777,US,True
ADDR000777,PTY000777,primary,33939 Jordan Trafficway Apt. 784,Johnport,NC,28880,US,True
ADDR000778,PTY000778,risk_location,8345 Davis Inlet Apt. 387,North Lisa,PW,20277,US,True
ADDR000779,PTY000779,primary,26989 Lloyd Avenue,Alvarezmouth,UT,04596,US,True
ADDR000780,PTY000780,billing,6853 Phillips Hills Suite 748,East Sarahberg,MI,78888,US,True
ADDR000781,PTY000781,business,256 Kevin Lock Suite 249,South Samantha,NM,63930,US,True
ADDR000782,PTY000782,risk_location,93930 Jason Spring Suite 464,Clarkeville,SC,13529,US,True
ADDR000783,PTY000783,risk_location,46474 Brian Turnpike Apt. 561,Rodriguezport,MS,39057,US,True
ADDR000784,PTY000784,billing,70788 Conner Pines Suite 223,New Renee,SD,24456,US,True
ADDR000785,PTY000785,primary,0910 Ross Ford,Jessicafurt,MI,05832,US,True
ADDR000786,PTY000786,risk_location,10604 Cunningham Key Suite 234,Berryfurt,LA,52878,US,True
ADDR000787,PTY000787,risk_location,94785 Corey Well,Perkinsfurt,DC,54133,US,True
ADDR000788,PTY000788,billing,333 Scott Lodge,Port Katherineborough,NM,58889,US,True
ADDR000789,PTY000789,mailing,6187 Karen Expressway Suite 979,Stephanieport,HI,94586,US,True
ADDR000790,PTY000790,billing,236 Sullivan Skyway,Michelleport,IA,01128,US,True
ADDR000791,PTY000791,risk_location,3685 Diaz Court,Lake Brenda,FM,62037,US,True
ADDR000792,PTY000792,mailing,48303 Morgan Port Suite 553,Christopherland,ID,23396,US,True
ADDR000793,PTY000793,mailing,0372 Brianna Squares,Philipland,MA,56837,US,True
ADDR000794,PTY000794,primary,653 Long Gardens Apt. 898,New David,MS,66552,US,True
ADDR000795,PTY000795,risk_location,65280 Washington Way,Kellytown,CO,62586,US,True
ADDR000796,PTY000796,mailing,3702 Blair Gardens,Port Kaitlynville,IA,58122,US,True
ADDR000797,PTY000797,primary,596 Frazier Tunnel Suite 324,Jennifershire,MN,76507,US,True
ADDR000798,PTY000798,risk_location,7616 Susan Center Apt. 152,Port Bethanyberg,KS,99134,US,True
ADDR000799,PTY000799,primary,7106 Wendy Centers Apt. 178,South Bobbyshire,UT,13527,US,True
ADDR000800,PTY000800,mailing,44474 Davis Valleys Apt. 828,New Emilyland,AK,18629,US,True
ADDR000801,PTY000801,risk_location,266 Carolyn Burg Apt. 982,Port Monicaburgh,NC,41342,US,True
ADDR000802,PTY000802,business,13204 Wong Flats Apt. 439,Lake Ray,MT,40101,US,True
ADDR000803,PTY000803,primary,9270 Williams Green Apt. 561,North Joshua,NM,12514,US,True
ADDR000804,PTY000804,primary,9703 Karen Ridge Suite 454,East Nataliefort,GA,88106,US,True
ADDR000805,PTY000805,primary,728 Charles Plains,North Cassidyview,FL,73457,US,True
ADDR000806,PTY000806,billing,263 Jessica View Apt. 288,Port Adam,SD,80692,US,True
ADDR000807,PTY000807,risk_location,6380 Jeremy Trail Suite 658,Dannyfurt,RI,17995,US,True
ADDR000808,PTY000808,primary,6419 Victoria Coves,New Scottville,TX,29722,US,True
ADDR000809,PTY000809,mailing,160 Daniel Street Apt. 511,Brittanytown,PR,61836,US,True
ADDR000810,PTY000810,business,1859 Knight Mission,North Jonathan,CT,19836,US,True
ADDR000811,PTY000811,business,9257 Joshua Tunnel Apt. 050,Melissaview,MI,99664,US,True
ADDR000812,PTY000812,risk_location,7394 Patricia Summit Suite 703,East Timothyfort,CO,07177,US,True
ADDR000813,PTY000813,mailing,9517 Martinez Via Apt. 580,North Brianshire,CT,39538,US,True
ADDR000814,PTY000814,primary,6768 Mullins Lake Apt. 811,Bettymouth,WI,57223,US,True
ADDR000815,PTY000815,risk_location,10119 Thomas Springs Suite 509,Linville,AS,20773,US,True
ADDR000816,PTY000816,risk_location,640 Baker Crossing Suite 068,Joanport,VT,77392,US,True
ADDR000817,PTY000817,risk_location,7316 Brandon Lodge,South Kevin,IA,19960,US,True
ADDR000818,PTY000818,primary,201 Bell Ford,Flowersmouth,PR,85718,US,True
ADDR000819,PTY000819,primary,54364 Delgado Harbors,East Kellyside,MI,32491,US,True
ADDR000820,PTY000820,billing,09264 Morrison Loaf,North Curtisport,WV,55905,US,True
ADDR000821,PTY000821,business,2020 Wheeler Summit Suite 914,Robinsonburgh,VI,80114,US,True
ADDR000822,PTY000822,business,652 Angel Rapid,West Maryton,NH,83033,US,True
ADDR000823,PTY000823,billing,670 Moore Harbor Suite 056,South Ralphtown,AZ,21073,US,True
ADDR000824,PTY000824,risk_location,864 Jason Haven,Michaelberg,PW,47145,US,True
ADDR000825,PTY000825,business,26506 Benjamin Glen Apt. 672,Brandiport,MA,28930,US,True
ADDR000826,PTY000826,risk_location,256 Antonio Fort Suite 916,New Kimberly,WV,95425,US,True
ADDR000827,PTY000827,risk_location,0865 Robert Radial Suite 923,Port Julia,RI,64594,US,True
ADDR000828,PTY000828,business,029 Aaron Rapids Suite 436,Barbaramouth,NM,27403,US,True
ADDR000829,PTY000829,mailing,9683 Kyle Way,North Angela,ID,16033,US,True
ADDR000830,PTY000830,mailing,51947 Chandler Dam Apt. 006,New Jermaine,PA,96181,US,True
ADDR000831,PTY000831,mailing,12776 Dwayne Greens,Lake Christopher,NH,44965,US,True
ADDR000832,PTY000832,mailing,1134 Nicholas Center Suite 077,East Chadland,KS,26859,US,True
ADDR000833,PTY000833,risk_location,3256 Karen Via Suite 259,Port Diana,NE,59920,US,True
ADDR000834,PTY000834,primary,31510 Anthony Alley Suite 672,Port Bobbymouth,ID,19058,US,True
ADDR000835,PTY000835,primary,34203 Theresa Junction Apt. 247,Christopherburgh,NJ,44675,US,True
ADDR000836,PTY000836,risk_location,65426 Rogers Points Apt. 737,Harveyshire,AS,46076,US,True
ADDR000837,PTY000837,primary,92474 Daniel Centers Suite 220,North Matthew,MN,32100,US,True
ADDR000838,PTY000838,billing,4435 Monica Lane Suite 397,Haydenberg,DC,88200,US,True
ADDR000839,PTY000839,business,1743 Wilson Trace,Frazierville,VA,98309,US,True
ADDR000840,PTY000840,primary,39314 Justin Forest Apt. 885,Port Kenneth,MT,25582,US,True
ADDR000841,PTY000841,primary,57794 Yvette Ports,West Danachester,PA,02717,US,True
ADDR000842,PTY000842,business,713 Thomas Lane,New Kevin,DC,91245,US,True
ADDR000843,PTY000843,risk_location,1113 Austin Neck,New Sara,AK,52044,US,True
ADDR000844,PTY000844,primary,015 Merritt Isle,Torresside,WA,62351,US,True
ADDR000845,PTY000845,billing,4885 King Via Apt. 317,West Patriciahaven,OR,46616,US,True
ADDR000846,PTY000846,primary,6457 Cruz Drives,North Nathan,AR,25139,US,True
ADDR000847,PTY000847,business,1000 Alexander Via,West Jamie,MI,70871,US,True
ADDR000848,PTY000848,risk_location,96331 Molina Terrace,Walkerland,AR,82618,US,True
ADDR000849,PTY000849,mailing,146 Joanna Square Apt. 902,Keithside,IL,07119,US,True
ADDR000850,PTY000850,mailing,17392 Jim Meadows Suite 177,West Samantha,PR,13158,US,True
ADDR000851,PTY000851,mailing,0384 Walsh Circles,Scottfort,WV,76163,US,True
ADDR000852,PTY000852,mailing,5252 Elizabeth Courts,Port Erika,VT,10110,US,True
ADDR000853,PTY000853,billing,8188 Joyce Crescent,Jamesfort,DE,83634,US,True
ADDR000854,PTY000854,mailing,440 Duffy Route Apt. 498,Hurleystad,SD,41538,US,True
ADDR000855,PTY000855,primary,23274 Michael Extension Suite 223,North Robert,AR,53012,US,True
ADDR000856,PTY000856,risk_location,08509 Lindsay Skyway Apt. 186,North Evan,NC,39177,US,True
ADDR000857,PTY000857,billing,542 Christopher Place,Taylorburgh,NJ,51928,US,True
ADDR000858,PTY000858,business,64940 Richard Island Suite 337,Port Joshuaville,CO,90738,US,True
ADDR000859,PTY000859,risk_location,5930 Mike Stream Apt. 384,Johnfurt,IN,94037,US,True
ADDR000860,PTY000860,billing,8141 Fischer Meadow,Michaelton,WY,58071,US,True
ADDR000861,PTY000861,billing,0977 Murray Turnpike Suite 714,East Thomas,GA,36923,US,True
ADDR000862,PTY000862,business,119 Noah Valleys Apt. 081,South Megan,GU,82295,US,True
ADDR000863,PTY000863,business,7573 Craig Heights Apt. 927,Port Nicoleville,KS,13435,US,True
ADDR000864,PTY000864,business,61324 Pedro Causeway Suite 002,Emilyview,MD,79125,US,True
ADDR000865,PTY000865,mailing,8506 Daniel Keys Suite 285,East Holly,IL,11443,US,True
ADDR000866,PTY000866,business,4467 Long Passage,New Suzanne,KS,05700,US,True
ADDR000867,PTY000867,mailing,4212 Francisco Island Apt. 338,East Melanieburgh,KS,87782,US,True
ADDR000868,PTY000868,mailing,254 Myers Trace Suite 883,Port Teresachester,WY,83395,US,True
ADDR000869,PTY000869,risk_location,245 Ellison Squares,West Zacharymouth,WA,64745,US,True
ADDR000870,PTY000870,billing,408 Hall Junctions Apt. 109,Port Brittney,PA,68148,US,True
ADDR000871,PTY000871,business,7922 Graves Prairie Apt. 866,Lake Brentview,AL,62868,US,True
ADDR000872,PTY000872,primary,6279 Delgado Crescent Apt. 869,East Gregory,AK,65904,US,True
ADDR000873,PTY000873,business,92577 Julie Via Suite 677,South Tabithaport,MH,05931,US,True
ADDR000874,PTY000874,risk_location,174 Kelsey Lights Apt. 855,Port Susan,MD,23049,US,True
ADDR000875,PTY000875,mailing,41177 Patricia Ramp Apt. 361,Patrickburgh,GU,02183,US,True
ADDR000876,PTY000876,mailing,611 Fields Crescent,Frankberg,VI,50623,US,True
ADDR000877,PTY000877,business,5961 Harris Center,East Dylan,CA,34740,US,True
ADDR000878,PTY000878,billing,35480 Joseph Lodge,New Lisaport,KS,61631,US,True
ADDR000879,PTY000879,business,80579 Brown Club Apt. 328,West Angela,DE,01477,US,True
ADDR000880,PTY000880,mailing,1848 Patricia Crossing,Robertview,MI,28643,US,True
ADDR000881,PTY000881,billing,62570 Joyce Inlet Suite 282,Kellyfurt,ND,27649,US,True
ADDR000882,PTY000882,business,211 Sharon Ports,North Joshua,TX,19538,US,True
ADDR000883,PTY000883,billing,3491 Michele Well Apt. 421,East Jennifer,OR,60342,US,True
ADDR000884,PTY000884,billing,7934 Dunn Harbors,Chelseyville,AZ,03257,US,True
ADDR000885,PTY000885,billing,98396 Randall Walk,New Christopherbury,NC,24119,US,True
ADDR000886,PTY000886,billing,449 Jennifer Harbors,Kaitlynburgh,LA,84063,US,True
ADDR000887,PTY000887,primary,846 Theresa Meadows,South Dana,MT,21817,US,True
ADDR000888,PTY000888,mailing,121 Robert Drive Apt. 178,Phillipsborough,ME,36367,US,True
ADDR000889,PTY000889,business,728 Yu Station Suite 228,Walkerfurt,ID,93647,US,True
ADDR000890,PTY000890,primary,230 Jeffery Mission Suite 885,East Megan,FM,22515,US,True
ADDR000891,PTY000891,business,42364 Barnes Trafficway Apt. 113,East Mark,MP,03177,US,True
ADDR000892,PTY000892,risk_location,35124 Salas Ridge,East Oliviabury,TN,53996,US,True
ADDR000893,PTY000893,primary,7086 Thompson Lights Apt. 282,Davismouth,IN,01178,US,True
ADDR000894,PTY000894,mailing,165 Christine Shores,Port Christopher,WI,23176,US,True
ADDR000895,PTY000895,billing,9138 Gonzalez Trace,New Aprilview,MN,65951,US,True
ADDR000896,PTY000896,business,0670 Smith Lights Suite 273,Riveraberg,AL,97127,US,True
ADDR000897,PTY000897,mailing,4136 Mata Port,Riveraport,AR,47102,US,True
ADDR000898,PTY000898,mailing,94096 Watkins Groves,Brittanybury,MO,67162,US,True
ADDR000899,PTY000899,risk_location,3431 Gregory Station,North Rebecca,OR,19833,US,True
ADDR000900,PTY000900,risk_location,6631 Powers Union Suite 438,Williamsborough,AZ,25779,US,True
ADDR000901,PTY000901,business,3959 Daniel Parkway,Millerport,ND,25983,US,True
ADDR000902,PTY000902,business,79307 Bradley Mews,Kellyborough,IN,48708,US,True
ADDR000903,PTY000903,mailing,722 Lewis Place Apt. 988,West Brian,OK,16269,US,True
ADDR000904,PTY000904,business,60914 Lozano Fords,New Bethanystad,KS,25685,US,True
ADDR000905,PTY000905,risk_location,753 Matthew Park,Reyesside,MN,04839,US,True
ADDR000906,PTY000906,mailing,073 Francis Tunnel,North Thomaston,WI,15624,US,True
ADDR000907,PTY000907,risk_location,66649 Shawn View,North Susan,MT,32333,US,True
ADDR000908,PTY000908,business,1718 Roy Ports Suite 652,West Mollyborough,NE,93511,US,True
ADDR000909,PTY000909,mailing,206 Shannon Islands Suite 987,Boyerborough,MO,58105,US,True
ADDR000910,PTY000910,mailing,2413 Kevin Glens,Jamesfort,MT,07778,US,True
ADDR000911,PTY000911,mailing,5562 Michelle Fall Apt. 752,Richmondmouth,WV,99712,US,True
ADDR000912,PTY000912,business,870 Campbell Inlet Apt. 320,Lake Jeffrey,VT,92522,US,True
ADDR000913,PTY000913,primary,587 Wolf Mount Suite 017,Lake Holly,CA,81078,US,True
ADDR000914,PTY000914,primary,98396 Melinda Corners,Petersonfort,PR,54922,US,True
ADDR000915,PTY000915,billing,375 Brady Road,North Alicialand,TX,01427,US,True
ADDR000916,PTY000916,mailing,781 Short Forges Apt. 553,Kimland,SC,56970,US,True
ADDR000917,PTY000917,risk_location,05402 Taylor Brook Suite 579,Stephenport,SC,66727,US,True
ADDR000918,PTY000918,billing,3617 Tammy Light,Jonesside,PW,34258,US,True
ADDR000919,PTY000919,risk_location,493 Mitchell Unions Suite 724,East Matthew,KS,68280,US,True
ADDR000920,PTY000920,billing,2390 Laura Oval Suite 267,South Rachel,OH,20548,US,True
ADDR000921,PTY000921,business,98971 Kelly Via Apt. 335,Chambersside,FL,86543,US,True
ADDR000922,PTY000922,billing,75571 Nicholson Lane Apt. 029,West Anna,IA,34063,US,True
ADDR000923,PTY000923,risk_location,648 Miller Field Apt. 027,New Patrick,DC,60971,US,True
ADDR000924,PTY000924,risk_location,05463 Rodney Ramp Apt. 581,East Stephaniefort,VA,76915,US,True
ADDR000925,PTY000925,billing,3010 Walker Pass Apt. 200,Lake Sonyaside,IN,62648,US,True
ADDR000926,PTY000926,business,702 Gonzalez Row Apt. 717,Edwardsville,WY,27560,US,True
ADDR000927,PTY000927,risk_location,77248 Murphy Skyway Suite 363,Wilsonview,AL,60682,US,True
ADDR000928,PTY000928,risk_location,2408 Nancy Corners,Cunninghammouth,CT,99533,US,True
ADDR000929,PTY000929,billing,53384 Castillo Creek Apt. 841,Santosfort,KY,13327,US,True
ADDR000930,PTY000930,primary,428 Underwood Mountains,New Glenn,NC,58772,US,True
ADDR000931,PTY000931,risk_location,3209 Alex Creek Suite 814,Martinezside,SC,48493,US,True
ADDR000932,PTY000932,mailing,7349 Derrick Island,Port Robertfort,WA,89785,US,True
ADDR000933,PTY000933,risk_location,0685 Smith Roads,Sherryview,MI,47806,US,True
ADDR000934,PTY000934,primary,3133 Donald Views,Christopherburgh,RI,71009,US,True
ADDR000935,PTY000935,mailing,653 Collins Harbors Suite 708,North Gloria,NM,62516,US,True
ADDR000936,PTY000936,primary,27158 Elizabeth Run Apt. 277,North Timothyshire,WY,48258,US,True
ADDR000937,PTY000937,risk_location,146 Kristy Coves Apt. 187,Shieldsville,RI,97822,US,True
ADDR000938,PTY000938,mailing,85010 Cynthia Lodge,Katelynville,MA,57198,US,True
ADDR000939,PTY000939,primary,87079 Jimenez Skyway Suite 450,South Brandonmouth,SD,84870,US,True
ADDR000940,PTY000940,risk_location,349 Lin Lights Apt. 776,Joseville,WV,67336,US,True
ADDR000941,PTY000941,billing,79365 Melissa Ferry,Frazierview,NC,44431,US,True
ADDR000942,PTY000942,billing,6255 Nicholson Shoals Apt. 565,Amandaport,IL,03263,US,True
ADDR000943,PTY000943,mailing,09673 Victoria Mission Apt. 388,Frenchland,CT,09761,US,True
ADDR000944,PTY000944,business,6915 Kevin Greens Suite 703,Lake Tyler,ID,02267,US,True
ADDR000945,PTY000945,risk_location,22523 Peters Cliff Apt. 505,Sandovalside,WV,24081,US,True
ADDR000946,PTY000946,risk_location,328 Kimberly Mount Apt. 672,Lake Brianmouth,OH,13616,US,True
ADDR000947,PTY000947,risk_location,110 Peters Mountains Apt. 295,North David,SD,12857,US,True
ADDR000948,PTY000948,primary,214 Nguyen Land Apt. 662,Sarahtown,IN,09035,US,True
ADDR000949,PTY000949,primary,82392 Smith Trail,Julieview,IA,12288,US,True
ADDR000950,PTY000950,billing,9134 Smith Rapid Suite 341,Chapmanside,MT,53894,US,True
ADDR000951,PTY000951,billing,3445 Anna Spring Suite 741,West Shane,NC,65143,US,True
ADDR000952,PTY000952,business,391 Armstrong Stravenue,Reyesberg,WY,82337,US,True
ADDR000953,PTY000953,billing,3677 Steve Expressway Apt. 926,Christinahaven,FM,50977,US,True
ADDR000954,PTY000954,primary,85067 Deborah Prairie,North Christopherville,ID,93562,US,True
ADDR000955,PTY000955,business,4399 Jessica Passage,North Jack,SD,13496,US,True
ADDR000956,PTY000956,primary,787 Justin Stravenue,Nicolechester,TN,52226,US,True
ADDR000957,PTY000957,primary,38746 Debra Ports,North Kimberly,IL,12536,US,True
ADDR000958,PTY000958,billing,425 Jones Well Suite 293,North Michelle,MD,78659,US,True
ADDR000959,PTY000959,billing,7015 Jacqueline Run,Lopezmouth,FM,85297,US,True
ADDR000960,PTY000960,primary,8941 Molly Orchard Suite 297,East Alexfurt,SD,52072,US,True
ADDR000961,PTY000961,billing,9812 Ruiz Vista Apt. 297,South Saraton,NC,60992,US,True
ADDR000962,PTY000962,risk_location,8654 Gutierrez Rest Apt. 815,South Margaret,FL,38663,US,True
ADDR000963,PTY000963,mailing,359 Miller Ramp,New Jamiefort,NM,59673,US,True
ADDR000964,PTY000964,business,7993 Bird Pass Apt. 309,East Michael,HI,75561,US,True
ADDR000965,PTY000965,primary,09175 Jared Overpass Apt. 899,North Debra,HI,65126,US,True
ADDR000966,PTY000966,billing,1277 Heather Shoals Suite 592,New Monicahaven,FM,44159,US,True
ADDR000967,PTY000967,mailing,27902 David Trafficway,Rodriguezmouth,CO,06167,US,True
ADDR000968,PTY000968,risk_location,67086 Jocelyn Rapid,South Debramouth,NH,14069,US,True
ADDR000969,PTY000969,primary,866 Nicholas Trace Suite 550,Claudiamouth,MD,98962,US,True
ADDR000970,PTY000970,primary,76578 Schultz Loaf,Willisbury,VA,50822,US,True
ADDR000971,PTY000971,risk_location,87887 Reyes Trail Apt. 071,Adamchester,VI,63964,US,True
ADDR000972,PTY000972,business,7719 Beltran Island Apt. 335,Margaretfort,MN,53626,US,True
ADDR000973,PTY000973,risk_location,5287 Lopez Villages,Palmerview,PR,62211,US,True
ADDR000974,PTY000974,primary,64353 Colon Corner,South Gina,PA,12455,US,True
ADDR000975,PTY000975,primary,12463 Schwartz Court Suite 704,Lake Kelly,RI,25285,US,True
ADDR000976,PTY000976,billing,8001 Jason Corner,Catherinetown,NE,55645,US,True
ADDR000977,PTY000977,risk_location,8117 Sean Turnpike Apt. 029,South Melissa,SC,88658,US,True
ADDR000978,PTY000978,primary,602 Rush Lake Apt. 389,Jacobmouth,VA,67665,US,True
ADDR000979,PTY000979,mailing,64335 Brown Courts,West Jessicashire,GA,32288,US,True
ADDR000980,PTY000980,risk_location,937 Brianna Mount,West Leahland,AZ,87100,US,True
ADDR000981,PTY000981,primary,4185 Jessica Summit,Port Katrina,PR,89981,US,True
ADDR000982,PTY000982,primary,02378 Sanchez Creek,Haroldland,SC,12875,US,True
ADDR000983,PTY000983,business,3488 Harmon Isle Suite 098,South Daleburgh,KY,09327,US,True
ADDR000984,PTY000984,business,0474 Barton Creek,South Heathertown,OK,86635,US,True
ADDR000985,PTY000985,mailing,68607 Hernandez Mountain,Taylorton,OK,04792,US,True
ADDR000986,PTY000986,risk_location,66802 Campos Route,Ramirezshire,PR,09770,US,True
ADDR000987,PTY000987,primary,2756 Jennifer Track Apt. 844,Youngchester,MS,71776,US,True
ADDR000988,PTY000988,billing,91121 Shepherd Shoal Suite 775,Lake Brian,NH,86604,US,True
ADDR000989,PTY000989,billing,703 Justin Meadow Suite 487,Royshire,MP,93162,US,True
ADDR000990,PTY000990,billing,7683 Taylor Manor Suite 141,West Ryan,MS,88648,US,True
ADDR000991,PTY000991,billing,58938 Janice Landing Suite 043,Spencershire,WI,41316,US,True
ADDR000992,PTY000992,risk_location,76049 Boyd Flats,Thomasfurt,NJ,35734,US,True
ADDR000993,PTY000993,billing,536 Heather Parkways Apt. 425,Lake Michaelberg,NE,96086,US,True
ADDR000994,PTY000994,billing,43397 Tracey Unions,Nathanielton,MO,03492,US,True
ADDR000995,PTY000995,mailing,725 Megan Mountain Apt. 400,Michaelstad,AR,78576,US,True
ADDR000996,PTY000996,risk_location,18208 Katherine Place,West Melissafurt,FM,44814,US,True
ADDR000997,PTY000997,business,26957 Kim Summit Suite 759,Hillmouth,VT,06049,US,True
ADDR000998,PTY000998,mailing,538 Harris Loaf,South Chelsea,MD,67692,US,True
ADDR000999,PTY000999,risk_location,52794 Chelsea Oval Apt. 908,South Gary,VI,64814,US,True
ADDR001000,PTY001000,business,3453 Mcdowell Mission Suite 995,East Gloria,PW,57869,US,True
ADDR001001,PTY001001,billing,1946 Gentry Court,Nicholasbury,NV,06008,US,True
ADDR001002,PTY001002,mailing,315 Nicole Unions Apt. 820,New Briannaview,WY,20462,US,True
ADDR001003,PTY001003,risk_location,7811 Lopez Square Suite 123,New Dakota,NY,01363,US,True
ADDR001004,PTY001004,risk_location,6199 Mark Road,West Jaredchester,MO,41370,US,True
ADDR001005,PTY001005,primary,7421 Bowman Walks,New Brittany,NH,21426,US,True
ADDR001006,PTY001006,billing,0180 Cody Place,East Manuelhaven,WI,19394,US,True
ADDR001007,PTY001007,primary,630 Kathleen Locks,Douglasstad,RI,67338,US,True
ADDR001008,PTY001008,mailing,427 Lamb Light,Lake Timothy,MA,38717,US,True
ADDR001009,PTY001009,billing,8246 Jonathan Inlet,Robertland,ME,56868,US,True
ADDR001010,PTY001010,billing,886 Hurley Pines,Heatherbury,ID,94903,US,True
ADDR001011,PTY001011,billing,1257 Williamson Courts Apt. 708,Kaneton,HI,95143,US,True
ADDR001012,PTY001012,billing,770 Rogers Avenue Suite 985,Christopherland,KS,93206,US,True
ADDR001013,PTY001013,billing,73182 Lee Forges Suite 542,North Ronaldview,MT,70697,US,True
ADDR001014,PTY001014,business,626 Jeffrey Spur,Lake Dennismouth,NH,68402,US,True
ADDR001015,PTY001015,billing,53124 Cody Turnpike Apt. 714,Thomasberg,GU,58202,US,True
ADDR001016,PTY001016,risk_location,89377 Drake Parkways Suite 422,North Dominic,RI,74672,US,True
ADDR001017,PTY001017,risk_location,7569 Gonzalez Loaf,South Brianna,KS,07338,US,True
ADDR001018,PTY001018,primary,78410 Prince Mountain,Tammystad,MT,98876,US,True
ADDR001019,PTY001019,primary,35191 Dennis Light,Georgeton,GU,83252,US,True
ADDR001020,PTY001020,mailing,240 Green Trace Suite 647,Perezville,AS,15950,US,True
ADDR001021,PTY001021,primary,25181 Caitlin Points Suite 689,New Peterport,IA,12458,US,True
ADDR001022,PTY001022,primary,721 Kennedy Crest,Jacquelinetown,WY,78378,US,True
ADDR001023,PTY001023,primary,110 Sheryl Flats,New Juan,KS,25019,US,True
ADDR001024,PTY001024,business,896 Rodriguez Glens,Port Mason,PW,65537,US,True
ADDR001025,PTY001025,risk_location,967 Brown Points,Medinaville,FM,83513,US,True
ADDR001026,PTY001026,mailing,73799 Nelson Viaduct,East Johnfurt,UT,73860,US,True
ADDR001027,PTY001027,mailing,628 Delacruz Landing,Hahnberg,RI,32255,US,True
ADDR001028,PTY001028,risk_location,9812 Donna Highway,Lake Lauren,KY,20535,US,True
ADDR001029,PTY001029,mailing,94412 Ford Alley,Thomasport,TN,22016,US,True
ADDR001030,PTY001030,mailing,74446 Roberto Route Apt. 445,South Victor,GU,73918,US,True
ADDR001031,PTY001031,business,3833 White Junction Apt. 204,South Amandaland,AL,47940,US,True
ADDR001032,PTY001032,risk_location,9043 Castillo Port,New Angela,ND,84731,US,True
ADDR001033,PTY001033,business,7874 Katie Ville Apt. 148,East Thomasborough,UT,20677,US,True
ADDR001034,PTY001034,risk_location,72137 Johnson Village,North James,WA,86804,US,True
ADDR001035,PTY001035,billing,7343 Bush Trail,New Monicaport,WI,92658,US,True
ADDR001036,PTY001036,mailing,741 Frazier Vista Apt. 083,Andrealand,TN,80963,US,True
ADDR001037,PTY001037,primary,26880 Medina Alley,Racheltown,MO,68603,US,True
ADDR001038,PTY001038,risk_location,2348 Kimberly Flat Suite 866,Mitchellborough,DE,37704,US,True
ADDR001039,PTY001039,mailing,195 Hughes Overpass,Moraleschester,KY,15512,US,True
ADDR001040,PTY001040,risk_location,7726 Stacey Port,Lake Kimberly,NM,17596,US,True
ADDR001041,PTY001041,business,65596 Anderson Lodge Apt. 922,Joseside,VI,04663,US,True
ADDR001042,PTY001042,mailing,9785 Reed Lakes,New Ericborough,AZ,84044,US,True
ADDR001043,PTY001043,business,60414 Odom Prairie Apt. 004,Lake Michael,IN,74595,US,True
ADDR001044,PTY001044,billing,536 Brittany Extensions,New Ross,OH,71262,US,True
ADDR001045,PTY001045,primary,534 Foley Trail Suite 135,New Ryan,KY,85637,US,True
ADDR001046,PTY001046,business,6741 Amy Trafficway,Paulside,MO,15199,US,True
ADDR001047,PTY001047,billing,344 Jessica Hollow Apt. 997,New Jason,MD,50178,US,True
ADDR001048,PTY001048,risk_location,8403 Miller Corner Suite 907,Port Natasha,NY,52480,US,True
ADDR001049,PTY001049,primary,38887 Misty Circle,Jonesburgh,VI,79611,US,True
ADDR001050,PTY001050,business,77769 Hays Harbor,Heatherborough,GU,78037,US,True
ADDR001051,PTY001051,mailing,63566 Robert Glens Apt. 415,South Michael,SC,78767,US,True
ADDR001052,PTY001052,billing,9079 Michael Estate,Jessicaland,AS,66821,US,True
ADDR001053,PTY001053,primary,49777 Brittany Light Apt. 313,Millershire,GU,16131,US,True
ADDR001054,PTY001054,business,5624 Tanner Camp,West Tiffany,PW,70893,US,True
ADDR001055,PTY001055,business,20858 Scott Forge Suite 656,Christopherburgh,CO,53667,US,True
ADDR001056,PTY001056,primary,36309 Vasquez Isle Suite 138,Johnsonton,GU,42035,US,True
ADDR001057,PTY001057,risk_location,338 Julie Street,Port Meganport,OR,41181,US,True
ADDR001058,PTY001058,billing,24890 Mark Summit,Lake Michael,MT,11861,US,True
ADDR001059,PTY001059,primary,97332 Laurie Groves,South Lisamouth,NV,45364,US,True
ADDR001060,PTY001060,business,67322 Marks Court Suite 484,North Patriciatown,DC,30746,US,True
ADDR001061,PTY001061,primary,95927 Christine Crossing,Lawrenceberg,MI,07379,US,True
ADDR001062,PTY001062,primary,1567 Davis Gardens,Chelseamouth,DC,48828,US,True
ADDR001063,PTY001063,mailing,310 Cheryl Islands Apt. 349,East Waltermouth,MT,58352,US,True
ADDR001064,PTY001064,risk_location,2617 Danielle Fields,Lake Matthewville,NE,82545,US,True
ADDR001065,PTY001065,billing,0641 Jamie Mountains Suite 274,West Stacie,PR,11701,US,True
ADDR001066,PTY001066,primary,190 Moore Inlet,Port Nicolebury,SD,60188,US,True
ADDR001067,PTY001067,mailing,178 Steven Mills,West Juanberg,SD,12884,US,True
ADDR001068,PTY001068,billing,149 Angelica Burg,Lake Heatherfurt,GU,54534,US,True
ADDR001069,PTY001069,business,5708 Rodriguez Fields,Garciastad,RI,86029,US,True
ADDR001070,PTY001070,billing,80240 Brandi Crossing,Zacharyville,PA,36961,US,True
ADDR001071,PTY001071,business,9650 Clark Street Suite 252,Hughesfort,GA,10736,US,True
ADDR001072,PTY001072,billing,5436 Susan Haven,Harrismouth,AK,34843,US,True
ADDR001073,PTY001073,mailing,32934 Madison Fork,West Michael,TX,12636,US,True
ADDR001074,PTY001074,risk_location,8735 Joel Trace Apt. 553,Kevinstad,FM,67379,US,True
ADDR001075,PTY001075,risk_location,1044 Carroll Village Suite 922,Karenstad,MN,26189,US,True
ADDR001076,PTY001076,primary,089 Cruz Station,Port Kaylaburgh,MA,73848,US,True
ADDR001077,PTY001077,primary,0554 Ford Locks,Michelleside,ND,50884,US,True
ADDR001078,PTY001078,risk_location,787 Duncan Fields Suite 920,Bryanberg,KS,82191,US,True
ADDR001079,PTY001079,mailing,3493 Barton Extensions,New Alexander,NE,34669,US,True
ADDR001080,PTY001080,risk_location,636 Aguirre Mill,Berrystad,AS,38397,US,True
ADDR001081,PTY001081,business,70900 Carlson Extensions,Danielhaven,AR,36003,US,True
ADDR001082,PTY001082,billing,8316 Berry Union Apt. 230,Morganchester,MA,66958,US,True
ADDR001083,PTY001083,business,280 Mccarthy Well,North Lance,ID,33196,US,True
ADDR001084,PTY001084,billing,21494 Ryan Plaza Apt. 520,Lake Natashaside,MP,50246,US,True
ADDR001085,PTY001085,primary,03214 Emily Roads Suite 519,East Bryan,SC,56058,US,True
ADDR001086,PTY001086,billing,63250 George Burg Suite 271,Port Briannaview,MP,55472,US,True
ADDR001087,PTY001087,mailing,398 Martha Station Apt. 256,Port Ricardo,IN,94701,US,True
ADDR001088,PTY001088,business,2965 Warren Parks Suite 244,South Michaelhaven,MS,32821,US,True
ADDR001089,PTY001089,billing,7832 Powers Green Apt. 443,North Kurtborough,OH,65272,US,True
ADDR001090,PTY001090,billing,64764 Kimberly Bridge Suite 744,Annaburgh,ID,90066,US,True
ADDR001091,PTY001091,billing,64190 Stephen Gateway,West Stephanieland,TN,05761,US,True
ADDR001092,PTY001092,business,12895 Nicholas Village Suite 816,Campbellberg,AZ,71974,US,True
ADDR001093,PTY001093,risk_location,2223 Michael Lane,Turnerborough,WY,18660,US,True
ADDR001094,PTY001094,risk_location,83184 Edwards Light,Douglasstad,WI,66744,US,True
ADDR001095,PTY001095,business,64971 Emily Turnpike,Millerburgh,DE,61780,US,True
ADDR001096,PTY001096,billing,152 Holly Rapids,Charlesside,CA,67782,US,True
ADDR001097,PTY001097,billing,8621 Jared Flats Apt. 682,Timothybury,IL,57657,US,True
ADDR001098,PTY001098,mailing,889 Keller Square Apt. 190,North Jonathanfort,LA,62170,US,True
ADDR001099,PTY001099,primary,76024 Heather Turnpike Apt. 828,Port Amyfort,KS,37055,US,True
ADDR001100,PTY001100,risk_location,49156 William Fall,Toddstad,PW,04340,US,True
ADDR001101,PTY001101,billing,1045 Michelle Hollow Apt. 784,New Garystad,SD,46748,US,True
ADDR001102,PTY001102,risk_location,3499 Thompson Port Apt. 779,Meganberg,AZ,19326,US,True
ADDR001103,PTY001103,mailing,495 Owens Estates Apt. 255,Lake Beckymouth,MA,27662,US,True
ADDR001104,PTY001104,risk_location,2494 Kathy Route,Martinmouth,MP,65781,US,True
ADDR001105,PTY001105,billing,2413 Jessica Lakes,Bennettmouth,KS,57630,US,True
ADDR001106,PTY001106,mailing,663 Mckenzie Fork,New William,UT,52603,US,True
ADDR001107,PTY001107,business,8420 Jake Crossroad,Maryberg,GA,92721,US,True
ADDR001108,PTY001108,primary,2440 Rebecca Stream,Hernandezberg,VI,18382,US,True
ADDR001109,PTY001109,primary,493 Larry Island,New Sarahstad,AR,97798,US,True
ADDR001110,PTY001110,primary,978 John Lights Apt. 857,Port Justin,PW,57846,US,True
ADDR001111,PTY001111,risk_location,98579 Jackson Village,North Richardville,MN,77355,US,True
ADDR001112,PTY001112,primary,006 Robinson Plain,South Stevenstad,WY,21506,US,True
ADDR001113,PTY001113,risk_location,7894 Davis Circle Suite 471,Bartonmouth,SD,02244,US,True
ADDR001114,PTY001114,mailing,1424 Decker Wall,Lake Cassidy,MI,54885,US,True
ADDR001115,PTY001115,billing,677 Mathews Ridge,Brendaside,IL,29550,US,True
ADDR001116,PTY001116,billing,143 Cody Mountain,Jamesfort,AL,22172,US,True
ADDR001117,PTY001117,risk_location,7824 Lopez Mission,Lake Sydneymouth,KS,62758,US,True
ADDR001118,PTY001118,business,9568 Brown Park,Paynetown,MH,64294,US,True
ADDR001119,PTY001119,billing,2156 Sanchez River Suite 260,East Anthony,AR,62153,US,True
ADDR001120,PTY001120,billing,629 Nicolas Branch Suite 142,Edwardview,MO,54538,US,True
ADDR001121,PTY001121,business,88222 Roger Knolls Suite 696,West Jennifershire,SC,47279,US,True
ADDR001122,PTY001122,mailing,54170 Schroeder Points,Jamesberg,IA,92366,US,True
ADDR001123,PTY001123,mailing,2319 Haney Flat Apt. 921,South Annaburgh,TX,56811,US,True
ADDR001124,PTY001124,billing,171 Chavez Plains Apt. 530,Sandrabury,AK,03926,US,True
ADDR001125,PTY001125,primary,19569 Avery Burg Suite 526,Nelsonshire,NM,50498,US,True
ADDR001126,PTY001126,risk_location,41667 Lisa Club,Mathisfort,PR,53876,US,True
ADDR001127,PTY001127,mailing,172 Good Canyon,Port Janice,MI,54588,US,True
ADDR001128,PTY001128,business,71346 Leah Path,Lake Darrenport,CA,55248,US,True
ADDR001129,PTY001129,mailing,7205 Michelle Burg Apt. 076,West Sydneyfurt,PW,13645,US,True
ADDR001130,PTY001130,mailing,6546 Leah Grove,Vincentborough,OH,36807,US,True
ADDR001131,PTY001131,risk_location,11548 Dana Place Apt. 557,North Jaimeport,FL,69538,US,True
ADDR001132,PTY001132,billing,6586 Gallagher Brooks,Bryanburgh,HI,90436,US,True
ADDR001133,PTY001133,business,6288 Reeves Islands,South Thomas,MI,27454,US,True
ADDR001134,PTY001134,business,908 Johnson Gateway Suite 428,Williamsland,NC,82178,US,True
ADDR001135,PTY001135,risk_location,90719 Ray Court Suite 084,South Keith,MA,42581,US,True
ADDR001136,PTY001136,primary,3298 William Hill,South Jasonberg,NH,39428,US,True
ADDR001137,PTY001137,primary,810 Jessica Circle,Antoniofort,IL,13261,US,True
ADDR001138,PTY001138,primary,14884 Jonathan Trail,North Jamesborough,RI,25168,US,True
ADDR001139,PTY001139,primary,3412 Victoria Shores,Kingville,ID,85178,US,True
ADDR001140,PTY001140,risk_location,428 King Center,New Soniaberg,RI,50668,US,True
ADDR001141,PTY001141,primary,69275 Jordan Crescent,Lake Kevin,AL,39065,US,True
ADDR001142,PTY001142,risk_location,5502 Gross Mountain Apt. 760,West Nicholasland,ME,38723,US,True
ADDR001143,PTY001143,business,9691 Adkins Ports Apt. 404,New Raymond,NH,90082,US,True
ADDR001144,PTY001144,primary,06254 Taylor Fort Apt. 218,Port Christian,RI,83043,US,True
ADDR001145,PTY001145,mailing,3278 Gregory Court Suite 904,Kennethstad,AS,80090,US,True
ADDR001146,PTY001146,business,88184 Schwartz Mission,Kyleside,MH,41792,US,True
ADDR001147,PTY001147,billing,07686 Alexandra Mall Apt. 666,Delgadoburgh,AZ,52366,US,True
ADDR001148,PTY001148,billing,9569 Nicholas Shore Apt. 753,South Kerri,MD,47939,US,True
ADDR001149,PTY001149,risk_location,6969 Nicholas Course,North Rebeccamouth,CA,16899,US,True
ADDR001150,PTY001150,risk_location,66072 Cook Trail Suite 548,Lake Cynthia,AK,41209,US,True
ADDR001151,PTY001151,primary,96415 Julie Grove Apt. 562,New Brandonbury,LA,40443,US,True
ADDR001152,PTY001152,mailing,617 Nunez Way,Davidhaven,HI,64915,US,True
ADDR001153,PTY001153,primary,131 Dominguez Bypass Apt. 800,Johnsonmouth,AZ,06860,US,True
ADDR001154,PTY001154,billing,694 John Field,East Mary,MA,44786,US,True
ADDR001155,PTY001155,business,65094 Christine Inlet Suite 479,Lake Rebecca,MO,41424,US,True
ADDR001156,PTY001156,billing,838 Brendan Forges Suite 192,Christianshire,CT,64080,US,True
ADDR001157,PTY001157,business,4316 Cheryl Pike Apt. 382,Kimberlybury,AK,95112,US,True
ADDR001158,PTY001158,billing,3924 Savage Ports,Lake Sabrina,RI,80911,US,True
ADDR001159,PTY001159,primary,9258 Zimmerman Village,North Jonathanmouth,IA,73801,US,True
ADDR001160,PTY001160,billing,097 John Via Apt. 747,West Aprilshire,RI,56876,US,True
ADDR001161,PTY001161,mailing,71946 Sean Flats,Port Lori,RI,72980,US,True
ADDR001162,PTY001162,mailing,664 Laura Spur Apt. 604,Johnburgh,SD,45587,US,True
ADDR001163,PTY001163,billing,447 Meghan Drive Suite 580,North Josephmouth,NE,22064,US,True
ADDR001164,PTY001164,billing,81937 Howard Viaduct,Hannahton,WI,11834,US,True
ADDR001165,PTY001165,mailing,944 Charlotte Fort Suite 962,New Matthew,AK,57765,US,True
ADDR001166,PTY001166,business,263 Cisneros Run Suite 273,Jamesview,NM,82624,US,True
ADDR001167,PTY001167,mailing,5603 David Place,West Raymondton,DC,69377,US,True
ADDR001168,PTY001168,mailing,47174 Carter Rest Apt. 285,West Krystalchester,VA,12216,US,True
ADDR001169,PTY001169,risk_location,7178 Martinez Lights,Lake Danielle,KS,33836,US,True
ADDR001170,PTY001170,mailing,540 Williams Garden,Fergusonburgh,FM,14428,US,True
ADDR001171,PTY001171,business,172 Brittany Center Suite 906,Bellshire,TN,83805,US,True
ADDR001172,PTY001172,risk_location,6673 Villarreal Square,New Jenniferton,AK,36877,US,True
ADDR001173,PTY001173,billing,9416 Roth Orchard Suite 781,Jordanview,PA,92387,US,True
ADDR001174,PTY001174,risk_location,7976 Courtney Squares Apt. 673,Sanchezbury,IA,38044,US,True
ADDR001175,PTY001175,risk_location,920 Kenneth Hill,Brookshaven,UT,64119,US,True
ADDR001176,PTY001176,business,84000 Scott Island,Coryside,NM,28995,US,True
ADDR001177,PTY001177,business,558 Villa Villages,Hendrixstad,GA,68311,US,True
ADDR001178,PTY001178,primary,1584 Judy Port Suite 515,South Stephanietown,CO,27010,US,True
ADDR001179,PTY001179,mailing,08071 Curtis Branch Suite 692,Gallowaychester,PW,21373,US,True
ADDR001180,PTY001180,primary,20282 Johnson Junction,West Matthewfurt,OR,59545,US,True
ADDR001181,PTY001181,mailing,4206 Reeves Forks,Christophermouth,MT,91802,US,True
ADDR001182,PTY001182,risk_location,86351 Rios Roads,Heatherstad,MI,54246,US,True
ADDR001183,PTY001183,billing,296 April Village Apt. 555,Matthewstad,MI,26569,US,True
ADDR001184,PTY001184,risk_location,772 Gabriel Square Suite 418,New Kimberlyview,MP,85657,US,True
ADDR001185,PTY001185,billing,002 Lee Glens Suite 895,Jeffersonton,VA,83221,US,True
ADDR001186,PTY001186,risk_location,87722 Thompson Plains Suite 070,North Nicholashaven,NJ,84663,US,True
ADDR001187,PTY001187,risk_location,50725 Mendoza Trafficway Apt. 439,Tateview,SD,61025,US,True
ADDR001188,PTY001188,primary,11813 Christina Cove,Teresastad,CA,36390,US,True
ADDR001189,PTY001189,primary,91286 Kathy Neck,Gatesville,KS,48680,US,True
ADDR001190,PTY001190,billing,9055 Joshua Harbors,Millerside,TX,68298,US,True
ADDR001191,PTY001191,business,9602 Montgomery Mountain,Walkerfurt,NH,20948,US,True
ADDR001192,PTY001192,business,4784 Donald Divide,Jimenezville,MN,81950,US,True
ADDR001193,PTY001193,mailing,01365 Sherman Pine,Lake Emily,OR,09323,US,True
ADDR001194,PTY001194,primary,630 Kim Plaza Suite 135,West Markburgh,AL,63721,US,True
ADDR001195,PTY001195,business,00548 Holly Stravenue,Port Heidi,VI,91050,US,True
ADDR001196,PTY001196,risk_location,32635 Carter Ways Suite 336,Rodriguezville,PA,46015,US,True
ADDR001197,PTY001197,primary,1848 Melissa Harbor,Port Katherine,DC,59613,US,True
ADDR001198,PTY001198,business,575 Blair Square Apt. 770,Sandovalchester,CT,23152,US,True
ADDR001199,PTY001199,business,879 Gonzalez Plain Suite 459,Markmouth,PA,56214,US,True
ADDR001200,PTY001200,billing,149 Padilla Stravenue Suite 801,West Ryanmouth,ME,48728,US,True
ADDR001201,PTY001201,primary,1919 Jason Flats Apt. 834,Sarafurt,MS,30878,US,True
ADDR001202,PTY001202,primary,0378 Quinn Plaza,Toddhaven,PW,35441,US,True
ADDR001203,PTY001203,risk_location,3105 Rasmussen Loop Apt. 422,Bakerfort,MO,90947,US,True
ADDR001204,PTY001204,business,81920 Crawford Track,Kevinburgh,DC,38107,US,True
ADDR001205,PTY001205,primary,0134 Russell Spurs,East Devin,MS,45165,US,True
ADDR001206,PTY001206,primary,41387 Carpenter Isle,East Deborahmouth,SD,94659,US,True
ADDR001207,PTY001207,risk_location,50949 Gonzales Walks,Kevinton,FL,95189,US,True
ADDR001208,PTY001208,primary,382 Gary Heights,West Tammieville,AK,18547,US,True
ADDR001209,PTY001209,primary,8975 Lisa Fords Suite 169,Hamiltonside,RI,03890,US,True
ADDR001210,PTY001210,billing,683 John Burg Suite 862,Combsberg,PW,21198,US,True
ADDR001211,PTY001211,risk_location,01723 Newman Ridge,Jeremyport,SC,22348,US,True
ADDR001212,PTY001212,billing,206 Pamela Island,Gregorytown,CT,72474,US,True
ADDR001213,PTY001213,billing,71090 Harmon Squares,Justinshire,DE,35380,US,True
ADDR001214,PTY001214,risk_location,79837 Anderson Road,West Jeffreybury,WY,42372,US,True
ADDR001215,PTY001215,primary,33499 Harrington Brook,Woodfurt,TX,23926,US,True
ADDR001216,PTY001216,primary,6180 Dakota Plaza Apt. 904,Nicoleberg,VA,62978,US,True
ADDR001217,PTY001217,business,831 Bruce Extension,Kathyview,NC,64126,US,True
ADDR001218,PTY001218,business,11679 Kelly Summit Suite 326,Melanieborough,LA,55174,US,True
ADDR001219,PTY001219,mailing,0134 Anna Parks Apt. 212,South Cameron,DC,32976,US,True
ADDR001220,PTY001220,primary,769 Christopher Shores Suite 479,East Joseph,PR,43448,US,True
ADDR001221,PTY001221,business,348 Lopez Roads,Freemanborough,PW,95143,US,True
ADDR001222,PTY001222,risk_location,4928 Smith Ford Suite 068,New Gabriel,AR,43829,US,True
ADDR001223,PTY001223,billing,26577 Yu Branch,Novakshire,VA,57179,US,True
ADDR001224,PTY001224,billing,733 Guzman Rapid Apt. 389,Christianshire,KY,20580,US,True
ADDR001225,PTY001225,mailing,26865 Henry Ridges Apt. 741,Joneston,KS,47861,US,True
ADDR001226,PTY001226,billing,87247 Phillips Path,Lake Anthony,DE,20429,US,True
ADDR001227,PTY001227,risk_location,24074 Phillip Islands Suite 564,Lewisfort,PR,11156,US,True
ADDR001228,PTY001228,mailing,67887 Ricky Valley Suite 070,Port Julie,IN,07292,US,True
ADDR001229,PTY001229,business,627 Barry Park Suite 857,Laceyland,SD,15822,US,True
ADDR001230,PTY001230,business,208 Miller Unions,East John,MD,58287,US,True
ADDR001231,PTY001231,billing,0303 Shaun Estates,Tonyport,AK,75890,US,True
ADDR001232,PTY001232,mailing,63800 Emily Corner,South Brian,AZ,64820,US,True
ADDR001233,PTY001233,mailing,001 Hernandez Way,North Robert,KS,06918,US,True
ADDR001234,PTY001234,risk_location,745 William Mountain,Danahaven,DC,12268,US,True
ADDR001235,PTY001235,risk_location,4841 James Brook Suite 272,West Alexland,SC,36813,US,True
ADDR001236,PTY001236,billing,36163 Ramirez Gateway,Dannybury,MT,87351,US,True
ADDR001237,PTY001237,business,11520 Steven Hill,North Joshuabury,VA,97238,US,True
ADDR001238,PTY001238,risk_location,478 Barnett Club,Joshuamouth,MH,68053,US,True
ADDR001239,PTY001239,risk_location,275 Heather Rapid Apt. 171,Beverlyshire,IN,69188,US,True
ADDR001240,PTY001240,primary,6636 Thompson Ford Suite 340,North Angela,VI,85714,US,True
ADDR001241,PTY001241,primary,6350 John Cliffs,Bowersside,GA,11916,US,True
ADDR001242,PTY001242,risk_location,5331 Kelly Falls Apt. 580,West Amyborough,HI,07382,US,True
ADDR001243,PTY001243,business,697 Thompson Brooks,South Ericland,PR,30261,US,True
ADDR001244,PTY001244,business,577 Brown Springs,South Keithshire,IA,54413,US,True
ADDR001245,PTY001245,primary,268 Cuevas Shoal,East Kevin,TX,07841,US,True
ADDR001246,PTY001246,mailing,731 William Mountain,Port Timothy,CO,57185,US,True
ADDR001247,PTY001247,billing,0299 Jones Parks,Port Justinview,ME,85857,US,True
ADDR001248,PTY001248,mailing,505 Duarte Mountains Apt. 564,Port Kaylahaven,SD,22110,US,True
ADDR001249,PTY001249,mailing,0062 Terrell Flat Suite 601,North Ashley,VT,57379,US,True
ADDR001250,PTY001250,billing,7887 Hernandez Heights Apt. 425,West William,NE,95813,US,True
ADDR001251,PTY001251,primary,118 Bell Plains Apt. 677,Cliffordborough,ID,23684,US,True
ADDR001252,PTY001252,mailing,3953 Jacqueline Estates Apt. 291,Port Johnmouth,DC,46855,US,True
ADDR001253,PTY001253,primary,16076 Mendoza Mission Apt. 323,Daughertystad,DE,94967,US,True
ADDR001254,PTY001254,business,64920 Brent River Apt. 210,Patriciafort,MS,90766,US,True
ADDR001255,PTY001255,primary,580 Duncan Prairie,East Lauren,GU,40406,US,True
ADDR001256,PTY001256,business,1050 Monique Rest,Martinezland,ID,87000,US,True
ADDR001257,PTY001257,mailing,2754 John Ford Apt. 632,Joseton,LA,26341,US,True
ADDR001258,PTY001258,mailing,1123 Johnson Knolls Apt. 243,Veronicachester,NV,59305,US,True
ADDR001259,PTY001259,risk_location,543 Cynthia Shore,Katherinefort,LA,98194,US,True
ADDR001260,PTY001260,risk_location,91418 Watson Fields,Josephfurt,IA,02708,US,True
ADDR001261,PTY001261,business,6339 Payne Squares Suite 075,Mullinsville,PR,31113,US,True
ADDR001262,PTY001262,business,78432 Williams Forest,Tiffanyshire,HI,71180,US,True
ADDR001263,PTY001263,primary,49291 Frye Estates Suite 961,Janeton,HI,70012,US,True
ADDR001264,PTY001264,business,33736 Robert Drive Suite 946,Williamsborough,WY,13530,US,True
ADDR001265,PTY001265,risk_location,94403 Day Shores Suite 192,West James,MI,55848,US,True
ADDR001266,PTY001266,risk_location,907 Harrington Drive,Adrianbury,NJ,65703,US,True
ADDR001267,PTY001267,risk_location,5850 John Manors Suite 538,Joshuachester,SC,83084,US,True
ADDR001268,PTY001268,primary,154 Rhonda Isle,North Kyle,NY,89221,US,True
ADDR001269,PTY001269,mailing,17023 Michele Square Apt. 185,South Heather,AZ,32877,US,True
ADDR001270,PTY001270,business,4272 Angela Pass,New Courtneyhaven,VA,06346,US,True
ADDR001271,PTY001271,risk_location,9383 Raymond Falls Suite 038,Mosleyberg,NV,50516,US,True
ADDR001272,PTY001272,billing,398 Jeremy Prairie,Lauraton,MN,60960,US,True
ADDR001273,PTY001273,mailing,4771 Johnson Union,Walkerberg,GA,34484,US,True
ADDR001274,PTY001274,business,94581 Kathleen Plains,Karlahaven,MI,67711,US,True
ADDR001275,PTY001275,mailing,3947 Samantha Glens,Spencerport,WA,77945,US,True
ADDR001276,PTY001276,business,688 Laurie Motorway,Martinchester,VI,49369,US,True
ADDR001277,PTY001277,billing,6493 Mcbride Drives,Port Brittany,AR,21490,US,True
ADDR001278,PTY001278,risk_location,94854 Blair Ways Apt. 491,South Williamfort,NE,69554,US,True
ADDR001279,PTY001279,primary,40495 Jefferson Ford,New Rachelshire,DC,59894,US,True
ADDR001280,PTY001280,risk_location,29457 Mendez Canyon,Morganland,VA,51655,US,True
ADDR001281,PTY001281,billing,315 Caitlin Brook Apt. 081,Lake Brendafort,NV,51180,US,True
ADDR001282,PTY001282,risk_location,71974 Mckenzie Estates Suite 292,Port Virginiamouth,WY,78613,US,True
ADDR001283,PTY001283,business,90138 Pope Cliff,New Jade,LA,98172,US,True
ADDR001284,PTY001284,mailing,373 Robert Neck Suite 343,Port Lorimouth,LA,36818,US,True
ADDR001285,PTY001285,primary,77554 Travis Locks Suite 459,Brookeland,DE,35132,US,True
ADDR001286,PTY001286,primary,950 Phillip Center Apt. 225,Patrickchester,KY,54393,US,True
ADDR001287,PTY001287,primary,28770 Watts Route,Elizabethberg,RI,91899,US,True
ADDR001288,PTY001288,mailing,782 Weber Trail Suite 348,Port Randyberg,GU,70017,US,True
ADDR001289,PTY001289,risk_location,7345 John Crossroad,Rickeyfurt,GU,06138,US,True
ADDR001290,PTY001290,primary,9399 Humphrey Green,New Thomasfort,OR,33812,US,True
ADDR001291,PTY001291,business,495 Ellen Circle Apt. 506,South Miranda,MO,31401,US,True
ADDR001292,PTY001292,primary,322 Henry Stream Suite 757,Quinnfurt,SC,01348,US,True
ADDR001293,PTY001293,risk_location,728 Edward Union,Garciamouth,NH,89642,US,True
ADDR001294,PTY001294,primary,0063 Michael Mission Suite 038,Julianshire,UT,75431,US,True
ADDR001295,PTY001295,mailing,61025 Medina Pine,Stevenmouth,FL,18808,US,True
ADDR001296,PTY001296,risk_location,85186 Brittany Landing Suite 141,Stevenview,MD,32882,US,True
ADDR001297,PTY001297,business,12302 Daniel Ville Apt. 751,West Brandi,SD,40361,US,True
ADDR001298,PTY001298,primary,120 Cantrell Burg Suite 917,Gregoryview,NY,64547,US,True
ADDR001299,PTY001299,business,5584 Wilson Gateway Suite 139,North Sarahstad,NJ,50345,US,True
ADDR001300,PTY001300,business,65703 Dominique Meadow,New Wesleyton,MO,58842,US,True
ADDR001301,PTY001301,risk_location,669 Hector Rapid,Port Alicia,NM,19290,US,True
ADDR001302,PTY001302,risk_location,98124 Turner Landing,West Sarah,TX,55875,US,True
ADDR001303,PTY001303,business,8556 Orozco Rapid,Jeffreymouth,KY,99662,US,True
ADDR001304,PTY001304,mailing,4113 Cheryl Mills Apt. 691,Lake Stevenstad,MN,61501,US,True
ADDR001305,PTY001305,mailing,17308 Robert Loop Suite 035,Lyonsborough,AZ,82798,US,True
ADDR001306,PTY001306,primary,3924 Buck Landing Apt. 538,Hurstborough,MP,02757,US,True
ADDR001307,PTY001307,risk_location,15392 Angel Cove Suite 379,West Elizabethport,AS,70053,US,True
ADDR001308,PTY001308,primary,9363 Mary Points,West Elizabethstad,SC,58365,US,True
ADDR001309,PTY001309,business,38513 Amanda Rest,Mariabury,AS,29591,US,True
ADDR001310,PTY001310,business,628 Ford Creek Apt. 772,East Kathleen,ID,23305,US,True
ADDR001311,PTY001311,mailing,7877 Carr Springs,East Lisatown,NM,35720,US,True
ADDR001312,PTY001312,billing,1439 York Via Apt. 746,Lake Timothy,RI,03722,US,True
ADDR001313,PTY001313,business,016 Gordon Fall,Jonestown,MD,90794,US,True
ADDR001314,PTY001314,billing,2830 Lewis Path Suite 758,Courtneyton,MT,10780,US,True
ADDR001315,PTY001315,business,2822 Parsons Fall,Lake David,DE,73893,US,True
ADDR001316,PTY001316,mailing,104 Moody Garden,Carolville,KY,68077,US,True
ADDR001317,PTY001317,risk_location,75903 Campbell Views Suite 721,West Amanda,SD,76118,US,True
ADDR001318,PTY001318,risk_location,017 Keith Fields Suite 971,Vickiefurt,OK,70458,US,True
ADDR001319,PTY001319,billing,481 Melissa Inlet Apt. 198,Port Brandibury,NJ,49369,US,True
ADDR001320,PTY001320,business,2373 Combs Route Apt. 242,East Tonybury,MP,24053,US,True
ADDR001321,PTY001321,risk_location,31139 Cox Shoal,Wardburgh,MI,42962,US,True
ADDR001322,PTY001322,risk_location,727 Carly Stream,Caseyhaven,GU,97378,US,True
ADDR001323,PTY001323,mailing,02122 Grant Route Suite 755,Sabrinaberg,DE,99531,US,True
ADDR001324,PTY001324,business,783 Edwards Alley Suite 376,Harveyport,CA,11126,US,True
ADDR001325,PTY001325,risk_location,393 Frances Pines,East Michaelatown,NH,92887,US,True
ADDR001326,PTY001326,billing,320 Michael Springs Suite 149,Garyberg,MH,70704,US,True
ADDR001327,PTY001327,primary,91220 Tate Centers,Bentleyhaven,IL,35692,US,True
ADDR001328,PTY001328,risk_location,64625 Myers Garden Apt. 228,South Joshuaburgh,SD,24962,US,True
ADDR001329,PTY001329,billing,652 Stephens Fords Apt. 469,Schwartzside,MS,66175,US,True
ADDR001330,PTY001330,billing,4983 Elliott Underpass Apt. 025,South Samuel,VT,59922,US,True
ADDR001331,PTY001331,billing,33549 Sara Corner,Davidborough,MT,13928,US,True
ADDR001332,PTY001332,risk_location,8145 Davidson Wells,East Jamesbury,IA,46205,US,True
ADDR001333,PTY001333,billing,612 Thomas Lakes Apt. 345,Lake Susan,AS,86330,US,True
ADDR001334,PTY001334,risk_location,8226 Heather Lake,New Laurafort,MO,85026,US,True
ADDR001335,PTY001335,mailing,84373 Daniel Island,Mcintoshchester,DC,16848,US,True
ADDR001336,PTY001336,risk_location,983 Megan Springs Suite 084,North Tyler,AR,30995,US,True
ADDR001337,PTY001337,risk_location,6520 Brandi Street Apt. 792,Gonzalezmouth,CT,93742,US,True
ADDR001338,PTY001338,risk_location,391 Antonio Gardens,Lake Charlesberg,GA,83951,US,True
ADDR001339,PTY001339,billing,854 Walters Gateway,Larsenstad,AS,16352,US,True
ADDR001340,PTY001340,billing,377 Brown Place Apt. 164,Lake Tonyview,ME,89527,US,True
ADDR001341,PTY001341,primary,270 Cynthia Meadow Apt. 613,South Melissa,SC,48467,US,True
ADDR001342,PTY001342,business,75160 Stuart Lights Apt. 532,East Nathan,PR,07900,US,True
ADDR001343,PTY001343,business,69238 Chapman Common,Owensshire,AS,78578,US,True
ADDR001344,PTY001344,mailing,5629 Timothy Crossing Apt. 131,Kevinhaven,VT,06373,US,True
ADDR001345,PTY001345,business,263 Drake Club Suite 211,West Warren,IA,79268,US,True
ADDR001346,PTY001346,primary,1912 Donna Views Suite 481,North Brian,AS,25864,US,True
ADDR001347,PTY001347,risk_location,932 Richard Walks,Leonburgh,IN,30224,US,True
ADDR001348,PTY001348,business,0829 Chase Trace,Port Juanfurt,TN,51191,US,True
ADDR001349,PTY001349,billing,8197 Ray Ridge Apt. 851,Thompsonfurt,DE,43724,US,True
ADDR001350,PTY001350,risk_location,22510 Brooks Station,Williamside,IA,29854,US,True
ADDR001351,PTY001351,risk_location,80465 Howard Crescent Suite 384,East Davidmouth,MN,21917,US,True
ADDR001352,PTY001352,business,7870 Vicki Course,Avilaside,OR,49171,US,True
ADDR001353,PTY001353,billing,08146 Raymond Junction,Arthurmouth,FL,39992,US,True
ADDR001354,PTY001354,primary,3389 Russell Fort Apt. 443,Nancyborough,OH,82420,US,True
ADDR001355,PTY001355,primary,448 Hannah Lake,Monroechester,GA,45045,US,True
ADDR001356,PTY001356,mailing,340 Heidi Loaf Apt. 405,East Matthewhaven,CA,06940,US,True
ADDR001357,PTY001357,billing,062 Hopkins Islands Apt. 440,South Gailfort,FM,93934,US,True
ADDR001358,PTY001358,billing,15342 Marvin Radial,Lopezport,LA,53422,US,True
ADDR001359,PTY001359,mailing,2774 Sanchez Keys,Port Tinaville,HI,56202,US,True
ADDR001360,PTY001360,mailing,110 Meyer Burgs,Ellisborough,WV,23913,US,True
ADDR001361,PTY001361,primary,368 Lynn Bypass,Walltown,IN,57416,US,True
ADDR001362,PTY001362,mailing,366 Frazier Locks Apt. 208,North Mary,GU,78148,US,True
ADDR001363,PTY001363,risk_location,7946 Smith Knolls Suite 722,Port Michaela,WV,95695,US,True
ADDR001364,PTY001364,mailing,995 Kelly Avenue Apt. 115,Port Lauratown,HI,86547,US,True
ADDR001365,PTY001365,risk_location,6154 Brian Lodge,North Kristieville,FL,39472,US,True
ADDR001366,PTY001366,business,975 Regina Forge Suite 582,Schultzchester,AL,99309,US,True
ADDR001367,PTY001367,mailing,94058 Gary Islands,Port William,AS,86895,US,True
ADDR001368,PTY001368,primary,5696 Morton Course Apt. 016,Port Jessica,TX,80280,US,True
ADDR001369,PTY001369,mailing,9863 Frye Pass,Port Dominicshire,DE,60495,US,True
ADDR001370,PTY001370,mailing,07450 Sharon Club Apt. 904,New Mark,NJ,03903,US,True
ADDR001371,PTY001371,risk_location,421 Johnson Plains Suite 184,Barryton,VI,49493,US,True
ADDR001372,PTY001372,billing,00301 Sims Ferry,Port Elizabeth,LA,39136,US,True
ADDR001373,PTY001373,billing,425 Reilly Knolls,New Natalie,MN,64821,US,True
ADDR001374,PTY001374,mailing,65676 Skinner Loop,Port Suzanneton,PW,47856,US,True
ADDR001375,PTY001375,billing,8931 Hughes Causeway Suite 646,Lauriefurt,CO,65516,US,True
ADDR001376,PTY001376,risk_location,62074 Jennifer Walks Apt. 042,Carlamouth,OK,09610,US,True
ADDR001377,PTY001377,mailing,119 Williams Route Apt. 102,North Annaland,ME,68336,US,True
ADDR001378,PTY001378,mailing,898 Christopher Crossing Apt. 774,Jamieton,AL,46893,US,True
ADDR001379,PTY001379,primary,29226 Goodwin Street,North Omarshire,PR,20170,US,True
ADDR001380,PTY001380,business,732 James Ways,South Thomas,MN,31727,US,True
ADDR001381,PTY001381,primary,521 Krystal Rapid Suite 255,Lake Keithview,CO,74138,US,True
ADDR001382,PTY001382,risk_location,42882 Howell Parkways Apt. 053,Martinezborough,VT,39745,US,True
ADDR001383,PTY001383,billing,5540 Higgins Extensions,Lake Sarah,IA,74573,US,True
ADDR001384,PTY001384,primary,081 Harrington Summit,Meghanton,VT,26477,US,True
ADDR001385,PTY001385,risk_location,0488 Park Village,Taramouth,AS,53084,US,True
ADDR001386,PTY001386,mailing,2952 Fernandez Ports Apt. 018,Bowmanchester,HI,52664,US,True
ADDR001387,PTY001387,billing,250 Thompson Village Suite 084,Terrencefort,GU,87707,US,True
ADDR001388,PTY001388,primary,7074 Stephen Curve,South Tracishire,DE,19608,US,True
ADDR001389,PTY001389,risk_location,12028 Shaffer Orchard,Stephenbury,IL,48932,US,True
ADDR001390,PTY001390,business,29789 Harper Route,Cindymouth,ID,35695,US,True
ADDR001391,PTY001391,billing,81839 Clark Tunnel Suite 363,West Kariview,CA,30708,US,True
ADDR001392,PTY001392,mailing,9666 Barber Harbor,Kellyton,SD,77049,US,True
ADDR001393,PTY001393,mailing,022 Cynthia Ferry,Kirstenhaven,NJ,66748,US,True
ADDR001394,PTY001394,billing,503 Gina Heights Suite 967,South Vincent,NV,20828,US,True
ADDR001395,PTY001395,risk_location,7627 Bell Lakes,Carolburgh,PR,33410,US,True
ADDR001396,PTY001396,risk_location,8428 Frank Roads Suite 721,South Edwin,DC,74682,US,True
ADDR001397,PTY001397,risk_location,591 Brown Fort Suite 337,Andersenstad,ID,27735,US,True
ADDR001398,PTY001398,billing,3704 Jason Plaza,North Allenborough,MO,77143,US,True
ADDR001399,PTY001399,primary,11588 Roman Plaza Apt. 967,Pricechester,ID,99528,US,True
ADDR001400,PTY001400,mailing,251 Russell Square Apt. 642,South Jeffery,DC,02742,US,True
ADDR001401,PTY001401,billing,78420 Reyes Knoll Apt. 900,North Ashleyport,IL,33699,US,True
ADDR001402,PTY001402,business,7672 Harris Port Suite 470,Jonathanborough,OH,02665,US,True
ADDR001403,PTY001403,mailing,62289 Michelle Haven Suite 474,East Ashley,SC,55372,US,True
ADDR001404,PTY001404,risk_location,20830 Priscilla Brooks,Port Conniemouth,MO,92291,US,True
ADDR001405,PTY001405,business,32842 Debra Cliff Suite 291,West Bryanberg,IL,88295,US,True
ADDR001406,PTY001406,business,56808 Gillespie Fort,West Jaredberg,VI,84227,US,True
ADDR001407,PTY001407,primary,27994 Dougherty Extension,Maysmouth,IL,25686,US,True
ADDR001408,PTY001408,primary,5923 Nancy Expressway,Lake Amymouth,ME,13303,US,True
ADDR001409,PTY001409,billing,20942 Cisneros Plains,Leahmouth,FL,03278,US,True
ADDR001410,PTY001410,mailing,2470 Susan Lights Suite 214,East Jessicaside,SC,08089,US,True
ADDR001411,PTY001411,risk_location,763 Greer Junction,Tracychester,MH,62419,US,True
ADDR001412,PTY001412,risk_location,45711 Latoya Terrace Suite 087,Pattonburgh,OR,69998,US,True
ADDR001413,PTY001413,business,503 Reginald Mills,South Carlosfort,DE,48505,US,True
ADDR001414,PTY001414,mailing,28057 Casey Divide,Brettland,MP,71564,US,True
ADDR001415,PTY001415,mailing,471 Dakota Orchard,Ericview,UT,20129,US,True
ADDR001416,PTY001416,mailing,570 Jeffrey Walk,Robertton,CO,04580,US,True
ADDR001417,PTY001417,risk_location,518 Kayla Trafficway,Port Rebeccamouth,TX,49368,US,True
ADDR001418,PTY001418,risk_location,4434 Nelson Glen,Lake Michaelfort,IA,71823,US,True
ADDR001419,PTY001419,mailing,2773 Gregory Forks Apt. 037,Lake Loretta,WA,36028,US,True
ADDR001420,PTY001420,mailing,46946 Nicholas Glen Apt. 628,Jeffreyberg,AR,29903,US,True
ADDR001421,PTY001421,billing,824 Kelly Junction,South Markberg,NC,79553,US,True
ADDR001422,PTY001422,mailing,272 Christina Lock Suite 244,Smithport,AZ,40798,US,True
ADDR001423,PTY001423,mailing,999 Collins Branch Apt. 703,Hilltown,DE,92709,US,True
ADDR001424,PTY001424,business,62161 Sean Valley Apt. 633,South Jeffberg,DC,46031,US,True
ADDR001425,PTY001425,billing,4207 Ryan Garden,Rodneyshire,NJ,89157,US,True
ADDR001426,PTY001426,risk_location,836 Adam Cape Apt. 591,Hickstown,MD,81165,US,True
ADDR001427,PTY001427,mailing,696 Stacy Common Apt. 725,West Thomasport,IN,42634,US,True
ADDR001428,PTY001428,business,7640 Dana Mews Apt. 082,West Nathan,CA,90287,US,True
ADDR001429,PTY001429,mailing,3115 Jennifer Cove,New Moniquestad,RI,14979,US,True
ADDR001430,PTY001430,risk_location,0237 Rowe Terrace,Sarahborough,ND,58032,US,True
ADDR001431,PTY001431,mailing,61191 Jesse Point Apt. 021,Dudleyfort,MD,79611,US,True
ADDR001432,PTY001432,mailing,303 Julie Pike,West Harry,RI,49918,US,True
ADDR001433,PTY001433,risk_location,6418 Cole Overpass Apt. 920,Jenniferbury,DE,33364,US,True
ADDR001434,PTY001434,mailing,42257 Kayla Cape Apt. 121,Acostatown,MP,88728,US,True
ADDR001435,PTY001435,mailing,9675 Heather Greens,Vickistad,MO,14709,US,True
ADDR001436,PTY001436,billing,17236 Joshua Junctions Apt. 892,Lake Tiffanyburgh,OH,89537,US,True
ADDR001437,PTY001437,business,8140 Cortez Parkway,New Rogerborough,GU,67648,US,True
ADDR001438,PTY001438,mailing,03857 Perkins Lake,South Richard,FM,98426,US,True
ADDR001439,PTY001439,primary,678 Jeffrey Curve Suite 674,Kristopherstad,VA,19671,US,True
ADDR001440,PTY001440,primary,13037 Cynthia Valley Suite 391,West Williamshire,WV,05418,US,True
ADDR001441,PTY001441,mailing,1161 Kevin Lights Apt. 317,Port Jeremyfurt,AL,23007,US,True
ADDR001442,PTY001442,mailing,24056 Newman Views,Elaineborough,IA,83059,US,True
ADDR001443,PTY001443,risk_location,955 Steven Place Apt. 102,Port Jenniferport,SC,47031,US,True
ADDR001444,PTY001444,primary,865 Branch Turnpike,Port Michael,AS,18877,US,True
ADDR001445,PTY001445,primary,6233 Russell Trail,East Aaron,VI,49244,US,True
ADDR001446,PTY001446,business,437 Schultz Mission Apt. 888,Andersonborough,ME,43982,US,True
ADDR001447,PTY001447,business,759 Davis Mountains Suite 613,Lake Anthonymouth,UT,60745,US,True
ADDR001448,PTY001448,billing,028 Cynthia Unions Apt. 551,New Jenniferberg,FL,64086,US,True
ADDR001449,PTY001449,mailing,22404 Robinson Cliff Suite 754,South Tyler,TN,10736,US,True
ADDR001450,PTY001450,mailing,6021 Key Locks,New Alexanderside,RI,67227,US,True
ADDR001451,PTY001451,billing,2958 Davis Parkway Suite 487,South Kyleville,FM,08087,US,True
ADDR001452,PTY001452,primary,25241 Hawkins Island Apt. 439,Julieland,KS,24066,US,True
ADDR001453,PTY001453,mailing,7324 Ballard Hill,New Joyce,VI,01681,US,True
ADDR001454,PTY001454,risk_location,661 Snow Ridge Apt. 846,Joneshaven,KS,35390,US,True
ADDR001455,PTY001455,primary,106 Malik Lodge Apt. 069,Danielburgh,TX,39453,US,True
ADDR001456,PTY001456,billing,473 Colon Skyway Suite 817,North Jeffrey,IA,54903,US,True
ADDR001457,PTY001457,mailing,821 Lisa Burgs,East Laurenside,NM,40777,US,True
ADDR001458,PTY001458,mailing,7886 Jennifer Place,East Bryanhaven,FL,05891,US,True
ADDR001459,PTY001459,mailing,693 Griffin Branch,North Stacey,WI,29362,US,True
ADDR001460,PTY001460,mailing,637 Michael Ramp Suite 877,North Sergioshire,SD,25924,US,True
ADDR001461,PTY001461,primary,462 Stephen Neck,Juliefurt,IA,94171,US,True
ADDR001462,PTY001462,business,839 Hill Fort Suite 479,New Jeffreyborough,SD,10424,US,True
ADDR001463,PTY001463,business,43696 Peterson Brook,Lake Stephaniechester,NH,03711,US,True
ADDR001464,PTY001464,mailing,969 Gray Summit,Angelastad,HI,46876,US,True
ADDR001465,PTY001465,business,3391 Catherine Motorway Suite 994,Donnashire,WA,62618,US,True
ADDR001466,PTY001466,billing,52920 Michelle Fort Suite 272,South Jacobfort,OR,86453,US,True
ADDR001467,PTY001467,billing,4255 Sarah Trail Suite 830,East Norma,IL,42191,US,True
ADDR001468,PTY001468,risk_location,8285 Joseph Stravenue,West Penny,SD,37564,US,True
ADDR001469,PTY001469,primary,1274 Davis Union Apt. 613,Moralesland,AR,28193,US,True
ADDR001470,PTY001470,mailing,003 Lisa Glens Suite 145,Angelaside,ND,91965,US,True
ADDR001471,PTY001471,billing,4517 Werner Ridge Suite 857,New Saraton,NM,44192,US,True
ADDR001472,PTY001472,risk_location,270 Adrian Grove Suite 909,Bennetttown,ND,83521,US,True
ADDR001473,PTY001473,business,92636 Berg Square Apt. 346,Lake Ashley,FM,48673,US,True
ADDR001474,PTY001474,primary,523 Greer Island Suite 759,Hortonview,NC,67667,US,True
ADDR001475,PTY001475,billing,69738 Erika Loop Suite 768,West Joseph,OK,17312,US,True
ADDR001476,PTY001476,risk_location,7341 Carly Locks Suite 424,Perezton,ME,14913,US,True
ADDR001477,PTY001477,mailing,9773 Ortiz Point Apt. 780,New Laura,TX,99746,US,True
ADDR001478,PTY001478,risk_location,755 Kirk Stravenue Apt. 416,Joannatown,PW,83660,US,True
ADDR001479,PTY001479,primary,484 Scott Port,North Amanda,TX,54097,US,True
ADDR001480,PTY001480,business,21914 Schwartz Manor,Haynesport,NH,15852,US,True
ADDR001481,PTY001481,business,607 Matthew Tunnel Apt. 188,East Jasonberg,MA,76741,US,True
ADDR001482,PTY001482,billing,66875 Paul Lights Suite 109,South Jeremiah,DC,34591,US,True
ADDR001483,PTY001483,primary,2416 Dawn Spurs,Danielleview,MN,59432,US,True
ADDR001484,PTY001484,risk_location,6381 Jason Burgs Apt. 554,Bakerfurt,MA,05613,US,True
ADDR001485,PTY001485,risk_location,248 Amanda Ways,North Gabrielle,IL,74642,US,True
ADDR001486,PTY001486,business,54005 Macdonald Keys Apt. 792,Coxbury,HI,36675,US,True
ADDR001487,PTY001487,risk_location,751 Sanchez Brooks Apt. 838,Hunterborough,FL,18237,US,True
ADDR001488,PTY001488,business,9422 Albert Pass,Lake Amandashire,IN,69783,US,True
ADDR001489,PTY001489,primary,024 Mary Meadows Apt. 130,Davidsonland,GU,39834,US,True
ADDR001490,PTY001490,risk_location,54105 Abigail Place,Mendezton,MP,54612,US,True
ADDR001491,PTY001491,billing,90469 Gonzalez Port,Munozside,AL,80562,US,True
ADDR001492,PTY001492,billing,456 Julie Corner,West Lori,DE,22211,US,True
ADDR001493,PTY001493,billing,542 Erica Pine,Kellytown,KY,92903,US,True
ADDR001494,PTY001494,billing,15609 Melissa Springs,Port Christian,HI,42435,US,True
ADDR001495,PTY001495,billing,10349 Aguirre Crescent Apt. 218,North Toni,AK,67008,US,True
ADDR001496,PTY001496,mailing,999 Waters Alley Apt. 245,South Christina,NC,79440,US,True
ADDR001497,PTY001497,primary,159 Soto Fort,Fordburgh,PR,78653,US,True
ADDR001498,PTY001498,billing,1356 Lee Harbors Apt. 527,North Michael,ND,72580,US,True
ADDR001499,PTY001499,risk_location,190 Morris Gardens Suite 567,Holmesview,NJ,38333,US,True
ADDR001500,PTY001500,business,3366 Matthew Mountain Apt. 099,Joshuashire,KS,01064,US,True
ADDR001501,PTY001501,mailing,226 Tanya Run Apt. 113,Longburgh,IA,78336,US,True
ADDR001502,PTY001502,risk_location,49054 Andrew Shoals,New Jacob,DC,51469,US,True
ADDR001503,PTY001503,business,80858 Rasmussen Keys,New Tracyville,NM,63057,US,True
ADDR001504,PTY001504,mailing,551 Jordan Gardens,New Joseph,NV,98504,US,True
ADDR001505,PTY001505,risk_location,69553 Ann Land Suite 293,Arnoldtown,ND,31643,US,True
ADDR001506,PTY001506,billing,9086 Melody Spring Apt. 685,Patrickville,LA,22709,US,True
ADDR001507,PTY001507,primary,3340 Castaneda Forge,Lake Andrea,AS,78453,US,True
ADDR001508,PTY001508,billing,0555 Courtney Ford,East Anthony,FL,64110,US,True
ADDR001509,PTY001509,mailing,949 Stephens Islands,Jonesfurt,WA,34705,US,True
ADDR001510,PTY001510,mailing,15033 Walker Inlet,New Victoria,MI,57113,US,True
ADDR001511,PTY001511,risk_location,598 Harris Green,Earlchester,FL,24386,US,True
ADDR001512,PTY001512,mailing,63171 Barnett Village,Kevinfort,NE,20066,US,True
ADDR001513,PTY001513,business,4768 Norman Mills Suite 672,Watkinschester,ND,77390,US,True
ADDR001514,PTY001514,risk_location,43374 Harris Plaza,West Brianside,TN,08444,US,True
ADDR001515,PTY001515,business,97784 Mitchell Glen,Sawyershire,MH,10890,US,True
ADDR001516,PTY001516,business,2756 Nash Meadow,Port Karlton,KY,52503,US,True
ADDR001517,PTY001517,billing,45514 Tiffany Heights Suite 103,Stoutmouth,NJ,91569,US,True
ADDR001518,PTY001518,business,268 Santos Viaduct Suite 329,New Peter,IN,65447,US,True
ADDR001519,PTY001519,mailing,43638 Randall Lock,Carolville,MS,27373,US,True
ADDR001520,PTY001520,billing,74958 Jennifer Rue Apt. 155,West Arthur,WI,78195,US,True
ADDR001521,PTY001521,mailing,117 Lucas Island,Kimberlytown,MD,24772,US,True
ADDR001522,PTY001522,business,881 Gonzales Harbors,Jeremyborough,FM,69695,US,True
ADDR001523,PTY001523,business,51344 Amanda Dam,Traceyfort,PR,17307,US,True
ADDR001524,PTY001524,mailing,70117 Jamie Vista Suite 868,Millertown,RI,51106,US,True
ADDR001525,PTY001525,business,950 King Flats Suite 941,Lake Elizabethmouth,MN,70951,US,True
ADDR001526,PTY001526,primary,55292 Lopez Stravenue Apt. 649,Huntmouth,RI,57209,US,True
ADDR001527,PTY001527,mailing,906 Barnes Curve,Johnsonburgh,MO,91951,US,True
ADDR001528,PTY001528,business,7283 Amanda Viaduct,Marvinville,WY,20107,US,True
ADDR001529,PTY001529,risk_location,4263 Arthur Extensions,New Michelle,OH,13786,US,True
ADDR001530,PTY001530,business,75040 Gonzalez Corners,Port Maryfurt,IL,16682,US,True
ADDR001531,PTY001531,business,1589 Jasmine Meadows Suite 090,North Ianfort,ID,83782,US,True
ADDR001532,PTY001532,risk_location,8028 Kimberly Fall Apt. 246,New Amy,UT,67409,US,True
ADDR001533,PTY001533,business,737 Jerry Park Apt. 161,South Derekland,CO,15220,US,True
ADDR001534,PTY001534,mailing,674 Billy Isle Suite 881,Port Joshuaborough,MO,43337,US,True
ADDR001535,PTY001535,mailing,91667 Linda Haven,East Mariaport,AR,49882,US,True
ADDR001536,PTY001536,primary,7026 Atkinson Path,North Jamesview,OK,33774,US,True
ADDR001537,PTY001537,billing,656 Cannon Circle Apt. 422,Jeanneborough,MS,85042,US,True
ADDR001538,PTY001538,primary,43921 Joseph Flat,West Nataliehaven,NJ,53580,US,True
ADDR001539,PTY001539,mailing,33832 Gonzalez Ranch,Riverafort,IL,25853,US,True
ADDR001540,PTY001540,mailing,51156 Jonathon Park,Anitahaven,NV,81206,US,True
ADDR001541,PTY001541,primary,40208 Alexander Path Apt. 983,Jessicahaven,OH,91432,US,True
ADDR001542,PTY001542,business,5185 Ware Mountains,Sotoview,LA,15455,US,True
ADDR001543,PTY001543,business,88958 Mcguire Shore Apt. 474,Wilsonberg,ME,90360,US,True
ADDR001544,PTY001544,billing,4521 Brenda Fords,Stefaniehaven,AL,31826,US,True
ADDR001545,PTY001545,business,068 Eric Mission,Staceyhaven,LA,37927,US,True
ADDR001546,PTY001546,risk_location,15345 Jonathan Estate Suite 996,North Vanessa,MD,51070,US,True
ADDR001547,PTY001547,billing,37976 Caroline Row,Robertville,SC,45257,US,True
ADDR001548,PTY001548,billing,2445 Branch Pass,South John,AL,50291,US,True
ADDR001549,PTY001549,primary,512 Laura Inlet Suite 970,Allenport,MO,83914,US,True
ADDR001550,PTY001550,primary,981 Kimberly Skyway,New Anthonyhaven,HI,77825,US,True
ADDR001551,PTY001551,mailing,3143 Murphy Center,West Albert,LA,92082,US,True
ADDR001552,PTY001552,billing,929 Martinez Station Suite 655,South Jasonmouth,KS,60019,US,True
ADDR001553,PTY001553,primary,038 Michelle Burgs Suite 566,Jamesland,CO,94693,US,True
ADDR001554,PTY001554,risk_location,92853 Bobby Cove,North John,PR,46968,US,True
ADDR001555,PTY001555,risk_location,651 Lori Land,East Clarencetown,DE,92207,US,True
ADDR001556,PTY001556,risk_location,67908 Wood Key Apt. 790,Cassandraborough,UT,64902,US,True
ADDR001557,PTY001557,business,31003 Sanchez Loop,North Joshuabury,WV,97127,US,True
ADDR001558,PTY001558,risk_location,66755 Sherry Forks Apt. 237,New Loganchester,GA,50955,US,True
ADDR001559,PTY001559,primary,51923 Pham Loaf Apt. 238,Andrewchester,GU,37729,US,True
ADDR001560,PTY001560,risk_location,085 Darren Rapid,Shahmouth,OR,93528,US,True
ADDR001561,PTY001561,risk_location,38168 Allison Freeway,Rebekahfort,VA,79195,US,True
ADDR001562,PTY001562,mailing,10738 Taylor Forge,West Cody,IL,43771,US,True
ADDR001563,PTY001563,billing,202 Stephens Bridge Suite 833,Swansonmouth,MN,95661,US,True
ADDR001564,PTY001564,risk_location,2351 Cruz Motorway Suite 664,Smithfort,VI,97943,US,True
ADDR001565,PTY001565,risk_location,3093 Johnson Valley,Esparzaville,VI,03586,US,True
ADDR001566,PTY001566,risk_location,74849 Wilkins Ranch,Christinetown,MD,13162,US,True
ADDR001567,PTY001567,primary,303 Luis Estates,Calebport,MP,87247,US,True
ADDR001568,PTY001568,billing,0339 Douglas Estate Suite 485,Turnertown,CA,38897,US,True
ADDR001569,PTY001569,business,587 Lawrence Bridge,Port Davidville,RI,76511,US,True
ADDR001570,PTY001570,business,82772 Jason Street,Lake David,PR,97116,US,True
ADDR001571,PTY001571,business,573 Tanya Haven,Normanfurt,MP,80532,US,True
ADDR001572,PTY001572,risk_location,5304 Shari Center Suite 146,Hatfieldville,AL,75227,US,True
ADDR001573,PTY001573,mailing,160 Vickie Knolls,New Matthewfort,ND,62067,US,True
ADDR001574,PTY001574,mailing,43914 Patterson Estate Suite 600,East Benjamin,VA,51390,US,True
ADDR001575,PTY001575,business,93972 Anderson Tunnel Suite 284,South Anna,SC,41043,US,True
ADDR001576,PTY001576,business,5566 Kevin Way Apt. 704,Kevinstad,MP,98667,US,True
ADDR001577,PTY001577,billing,58791 Anderson Island,Lake Adam,GA,90151,US,True
ADDR001578,PTY001578,business,452 Stacey Hill Suite 672,Harrisberg,AS,52770,US,True
ADDR001579,PTY001579,primary,970 Jacqueline Fort,Lisaland,AS,93801,US,True
ADDR001580,PTY001580,primary,273 Daniel Throughway Apt. 340,New Matthewstad,WV,22484,US,True
ADDR001581,PTY001581,mailing,545 Nunez Center Suite 588,Port Scott,MS,28255,US,True
ADDR001582,PTY001582,business,510 Buck Path,West Nancyville,KY,44687,US,True
ADDR001583,PTY001583,billing,455 Christopher Cliffs Apt. 579,New Laura,SC,44012,US,True
ADDR001584,PTY001584,mailing,20376 Richard Spring Apt. 379,Clarkmouth,ID,64138,US,True
ADDR001585,PTY001585,billing,2950 Kim Ville Apt. 666,Port Brandytown,ND,71768,US,True
ADDR001586,PTY001586,mailing,1553 Avery Grove Apt. 076,Annborough,LA,15698,US,True
ADDR001587,PTY001587,risk_location,634 Dustin Port,Gutierrezview,MP,11758,US,True
ADDR001588,PTY001588,risk_location,4151 Weeks Path,New Jennaport,HI,40033,US,True
ADDR001589,PTY001589,mailing,448 Patel Track,Dunnborough,IL,08351,US,True
ADDR001590,PTY001590,mailing,2218 Albert Estate,Port James,TX,83013,US,True
ADDR001591,PTY001591,primary,42877 Ayala Village Apt. 630,East Elizabethbury,OK,76090,US,True
ADDR001592,PTY001592,billing,8541 Donna Cape Apt. 616,Danielview,PW,32879,US,True
ADDR001593,PTY001593,billing,91849 Cardenas Mews Suite 799,Juliabury,PA,20617,US,True
ADDR001594,PTY001594,business,604 Eric Square,Elizabethside,GA,89340,US,True
ADDR001595,PTY001595,risk_location,480 Campbell Gardens Suite 150,Port Joyborough,GA,62333,US,True
ADDR001596,PTY001596,mailing,251 Michael Overpass,New James,VA,31883,US,True
ADDR001597,PTY001597,risk_location,8424 Norton Keys Apt. 617,West Laceybury,OK,62237,US,True
ADDR001598,PTY001598,billing,2380 Sullivan Wells,Hernandezmouth,MD,41919,US,True
ADDR001599,PTY001599,mailing,98136 Hanson Valleys,West Crystalport,MD,69348,US,True
ADDR001600,PTY001600,business,995 Hernandez Divide Suite 618,Lake Melindashire,NV,18408,US,True
ADDR001601,PTY001601,risk_location,8984 Kevin Overpass Suite 726,Port Amandaberg,MH,84416,US,True
ADDR001602,PTY001602,mailing,13702 Hayes Vista,Ryanton,AS,23327,US,True
ADDR001603,PTY001603,business,7204 David Roads Suite 990,Lake Danny,NJ,60947,US,True
ADDR001604,PTY001604,business,941 Ashley Lodge,Lake Williammouth,MI,27320,US,True
ADDR001605,PTY001605,billing,10887 Sydney Trace Suite 170,Richardsfort,ID,40836,US,True
ADDR001606,PTY001606,business,2395 Frye Road Apt. 894,West Danielfurt,PW,71357,US,True
ADDR001607,PTY001607,billing,47662 Davis Crest Suite 266,Port Ryanchester,LA,26535,US,True
ADDR001608,PTY001608,business,54233 Nicholas Mill,Johnfort,CT,45456,US,True
ADDR001609,PTY001609,billing,2907 Harris Viaduct,Jackland,NE,72412,US,True
ADDR001610,PTY001610,primary,277 Cruz Unions Suite 466,Albertport,ID,17762,US,True
ADDR001611,PTY001611,mailing,792 Sutton Lakes,Hillview,OR,17925,US,True
ADDR001612,PTY001612,business,61448 Michael Squares,East Stacychester,VT,46848,US,True
ADDR001613,PTY001613,business,217 Snyder Bypass Apt. 462,Daniellebury,RI,24847,US,True
ADDR001614,PTY001614,billing,779 Brenda Extensions Suite 299,Lake Jeffrey,MO,14191,US,True
ADDR001615,PTY001615,billing,7397 House Mews Apt. 500,New Davidfurt,CO,21769,US,True
ADDR001616,PTY001616,billing,555 Eric Station,Lawrenceshire,WI,08339,US,True
ADDR001617,PTY001617,risk_location,3719 Sloan Land Suite 569,Dudleyfort,AK,79045,US,True
ADDR001618,PTY001618,billing,202 Jody Court,West John,MH,37331,US,True
ADDR001619,PTY001619,risk_location,994 Santiago Neck Apt. 608,Port Stephanie,MA,49715,US,True
ADDR001620,PTY001620,billing,62010 Booth Lock,Clarkshire,CT,99047,US,True
ADDR001621,PTY001621,mailing,505 Garcia Crossing Suite 841,East Jamesside,PR,70671,US,True
ADDR001622,PTY001622,primary,40047 Keller Grove,East Anthony,NV,45086,US,True
ADDR001623,PTY001623,risk_location,77801 Ashley Parkway,Kemphaven,VT,68752,US,True
ADDR001624,PTY001624,primary,212 Mitchell Run Suite 379,New Benjaminshire,MT,16756,US,True
ADDR001625,PTY001625,business,937 Jacqueline Manor,Dianahaven,NH,30816,US,True
ADDR001626,PTY001626,risk_location,7489 Shane Centers Suite 755,New Nancy,PW,40234,US,True
ADDR001627,PTY001627,mailing,838 Cynthia Island Suite 400,New Travis,DC,58727,US,True
ADDR001628,PTY001628,primary,990 Jessica Expressway Suite 616,Kevinchester,IA,37358,US,True
ADDR001629,PTY001629,primary,38425 Glass Radial Suite 526,South Natalieville,IN,22317,US,True
ADDR001630,PTY001630,mailing,5769 Laura Viaduct Suite 660,Matthewton,RI,98247,US,True
ADDR001631,PTY001631,primary,466 Jill Spur Suite 865,New Ryanborough,NY,14895,US,True
ADDR001632,PTY001632,primary,01386 John Rest Suite 437,Jordanfurt,PA,68748,US,True
ADDR001633,PTY001633,mailing,2296 Smith Harbor Suite 868,Cruzport,WA,12107,US,True
ADDR001634,PTY001634,risk_location,34045 Phillips Green,Travisport,VT,95890,US,True
ADDR001635,PTY001635,mailing,368 Pearson Viaduct,Martinezside,OH,16661,US,True
ADDR001636,PTY001636,risk_location,4935 Gerald Track,West Stevenborough,VT,39766,US,True
ADDR001637,PTY001637,risk_location,082 Barnett Estate,West Joseberg,WY,01389,US,True
ADDR001638,PTY001638,mailing,59214 Stacie Center Suite 332,Averyborough,CT,66390,US,True
ADDR001639,PTY001639,mailing,957 Danielle Knoll Suite 819,West Robert,GA,72748,US,True
ADDR001640,PTY001640,billing,811 Cooke Isle,West Jamieberg,KY,36877,US,True
ADDR001641,PTY001641,risk_location,472 Morales Tunnel,South Claire,AS,87438,US,True
ADDR001642,PTY001642,risk_location,10840 Romero Wells Apt. 930,Samanthamouth,TN,19891,US,True
ADDR001643,PTY001643,mailing,56536 Morgan Vista,Port Erika,FM,28434,US,True
ADDR001644,PTY001644,mailing,835 Sawyer Lane Apt. 401,Fergusonmouth,VI,12112,US,True
ADDR001645,PTY001645,mailing,9513 Park Roads,West Ericafort,VT,38376,US,True
ADDR001646,PTY001646,mailing,308 Penny Springs,East Joyport,VA,16797,US,True
ADDR001647,PTY001647,billing,494 Erin Mills,Matthewport,DC,03623,US,True
ADDR001648,PTY001648,business,16841 Martin Meadows Apt. 561,Davishaven,FM,75134,US,True
ADDR001649,PTY001649,risk_location,9421 Sarah View,West Mariachester,ME,36969,US,True
ADDR001650,PTY001650,billing,19467 Dean Lock,North Janiceton,KY,00836,US,True
ADDR001651,PTY001651,business,1375 Klein Green,East Jacob,SC,13066,US,True
ADDR001652,PTY001652,mailing,324 Lisa Neck Apt. 528,Cameronland,MP,45949,US,True
ADDR001653,PTY001653,business,78300 Craig Viaduct,Thomasland,GU,01298,US,True
ADDR001654,PTY001654,primary,618 Joseph Unions,South Ryan,PR,39949,US,True
ADDR001655,PTY001655,risk_location,05611 Vaughn Dam,New Christopher,MS,73166,US,True
ADDR001656,PTY001656,risk_location,57494 Steven Manors,Port Lisachester,MN,37453,US,True
ADDR001657,PTY001657,primary,7615 Scott Fords,Port Alexander,OR,22681,US,True
ADDR001658,PTY001658,primary,17517 White Via,South Brandonside,FL,60366,US,True
ADDR001659,PTY001659,business,95490 Ronald Spurs Suite 912,West Andrew,TX,40635,US,True
ADDR001660,PTY001660,primary,0544 Bethany Wall Apt. 580,Troyhaven,HI,55208,US,True
ADDR001661,PTY001661,primary,12958 Dustin Forges Suite 990,West Lisamouth,TX,50573,US,True
ADDR001662,PTY001662,business,03475 Baldwin Shores Suite 230,North David,ND,93682,US,True
ADDR001663,PTY001663,primary,76187 Christine River,Philipview,MS,87858,US,True
ADDR001664,PTY001664,billing,9138 Margaret Walks Apt. 148,Port Johnville,RI,23388,US,True
ADDR001665,PTY001665,business,037 Kaitlyn Land Suite 083,South Meghanbury,GA,63574,US,True
ADDR001666,PTY001666,business,2825 Larson Ridge Apt. 710,Wrightland,VA,86177,US,True
ADDR001667,PTY001667,risk_location,47706 Butler Expressway,Aprilbury,TN,77916,US,True
ADDR001668,PTY001668,risk_location,37535 Blevins Dale,Matthewstad,MP,02599,US,True
ADDR001669,PTY001669,primary,9269 Smith Via,East Michaelland,ME,93396,US,True
ADDR001670,PTY001670,risk_location,83111 Brandy Islands,Martinezborough,VI,05644,US,True
ADDR001671,PTY001671,mailing,01807 Hill Divide,Benjaminhaven,SC,03648,US,True
ADDR001672,PTY001672,mailing,120 Bethany Stream Suite 760,New Michael,MN,48965,US,True
ADDR001673,PTY001673,risk_location,809 Doris Parkway Suite 223,New Jennifer,LA,56392,US,True
ADDR001674,PTY001674,billing,6874 Mata Springs Apt. 540,Trevorborough,NJ,40165,US,True
ADDR001675,PTY001675,billing,12080 James Passage Apt. 338,North Travis,NJ,87764,US,True
ADDR001676,PTY001676,risk_location,79498 Brendan Locks,West Tara,GA,90394,US,True
ADDR001677,PTY001677,business,486 Ann Crescent,South Charles,MT,06681,US,True
ADDR001678,PTY001678,business,04874 Pamela Underpass,New Jeremytown,MO,61248,US,True
ADDR001679,PTY001679,mailing,5481 Castro Alley,North Pamelashire,PW,71563,US,True
ADDR001680,PTY001680,risk_location,8029 Shelly Crossroad,Michaelburgh,VT,86237,US,True
ADDR001681,PTY001681,business,276 Samantha Forks,Meganview,MI,73501,US,True
ADDR001682,PTY001682,billing,4611 Ellen Orchard,Phillipstad,IN,72761,US,True
ADDR001683,PTY001683,business,191 Zachary Point Apt. 600,West Scott,KS,54111,US,True
ADDR001684,PTY001684,billing,290 Marvin Knolls Suite 384,East Haleyburgh,CO,55153,US,True
ADDR001685,PTY001685,billing,59759 James Flats,East Jonborough,OK,94071,US,True
ADDR001686,PTY001686,primary,99927 Craig Neck,North Sharonview,NY,95347,US,True
ADDR001687,PTY001687,risk_location,0646 Ruiz Course Apt. 912,Adkinsburgh,AS,17069,US,True
ADDR001688,PTY001688,risk_location,5245 Tonya Hills,Kennethton,FM,66566,US,True
ADDR001689,PTY001689,primary,6574 John Port Apt. 690,South Davidbury,MP,68526,US,True
ADDR001690,PTY001690,business,1184 Mosley Brooks,Williamsstad,ME,88676,US,True
ADDR001691,PTY001691,primary,03743 Teresa Junctions,Port Clinton,NH,14358,US,True
ADDR001692,PTY001692,business,153 Garcia Viaduct Suite 427,Lake Nicholasmouth,CT,96972,US,True
ADDR001693,PTY001693,mailing,865 Washington Corner,Lisashire,MA,99753,US,True
ADDR001694,PTY001694,risk_location,4933 Randall Cliff,Estradaland,PR,36469,US,True
ADDR001695,PTY001695,primary,6471 Craig Fords,South Rachael,NE,23652,US,True
ADDR001696,PTY001696,risk_location,79180 Chelsea Squares,Lake John,GU,10052,US,True
ADDR001697,PTY001697,billing,976 Stephen Glen Apt. 188,North Kenneth,MH,16271,US,True
ADDR001698,PTY001698,billing,620 Owen Coves Apt. 681,East Toddchester,VT,60963,US,True
ADDR001699,PTY001699,business,79334 Johnson Roads,Coxview,NV,57697,US,True
ADDR001700,PTY001700,primary,901 Ochoa Hill Suite 216,Rodriguezburgh,IL,16899,US,True
ADDR001701,PTY001701,primary,786 Edwin Circle Suite 141,Port Christopher,ME,24764,US,True
ADDR001702,PTY001702,billing,69171 Andrew Ford,West Katietown,NM,79834,US,True
ADDR001703,PTY001703,billing,85838 Jacob Ford Suite 187,Andreport,IL,46178,US,True
ADDR001704,PTY001704,risk_location,40173 Natalie Burgs Suite 304,Lake Kevinberg,UT,79884,US,True
ADDR001705,PTY001705,mailing,4016 King Trace,East Derekview,MH,94687,US,True
ADDR001706,PTY001706,billing,0939 Anderson Common Suite 432,West Taylorborough,KY,46142,US,True
ADDR001707,PTY001707,risk_location,3874 Patricia Crescent Suite 500,Donnaside,OR,55540,US,True
ADDR001708,PTY001708,risk_location,724 Raymond Fields Apt. 796,Paigefurt,SD,40748,US,True
ADDR001709,PTY001709,business,12389 Smith Ridge,Smithborough,LA,99305,US,True
ADDR001710,PTY001710,billing,371 Kayla Wells Suite 959,Christopherberg,VI,58527,US,True
ADDR001711,PTY001711,billing,93361 Denise Station,Thomasshire,LA,90529,US,True
ADDR001712,PTY001712,risk_location,559 Johnson Harbors Apt. 810,Smithtown,CT,25873,US,True
ADDR001713,PTY001713,mailing,60734 Gross Garden,Lake Danielleberg,CO,12242,US,True
ADDR001714,PTY001714,mailing,8683 Jacobs Ranch Apt. 581,Smithborough,MT,01534,US,True
ADDR001715,PTY001715,business,7348 Diane Coves Suite 670,Michaelport,KS,06514,US,True
ADDR001716,PTY001716,risk_location,577 Kaitlyn Field Suite 316,Lake Joshua,VI,58184,US,True
ADDR001717,PTY001717,business,560 Neal Knoll,Jacksonhaven,NY,86215,US,True
ADDR001718,PTY001718,primary,738 Wagner Green Suite 482,Blanchardland,GA,48907,US,True
ADDR001719,PTY001719,billing,7003 Blake Spurs,Lambertberg,MA,98410,US,True
ADDR001720,PTY001720,mailing,3035 Cox Mountain,Bethanyberg,MP,38412,US,True
ADDR001721,PTY001721,business,58872 Samuel Island,Anthonyside,NE,07062,US,True
ADDR001722,PTY001722,business,251 Herrera Ridge Apt. 623,Amyville,ID,24361,US,True
ADDR001723,PTY001723,primary,0827 Fletcher Trafficway,Port Jaredville,PA,03649,US,True
ADDR001724,PTY001724,billing,307 Wagner Branch Suite 701,Lake Todd,NY,66993,US,True
ADDR001725,PTY001725,risk_location,9641 Brandon Island,West Joycemouth,AS,03303,US,True
ADDR001726,PTY001726,risk_location,0283 Reeves Course,North Christopherhaven,NJ,20098,US,True
ADDR001727,PTY001727,billing,728 Roy Trafficway,West Gabriela,PR,76827,US,True
ADDR001728,PTY001728,primary,4737 Kevin Dale Apt. 273,East Julia,PA,20841,US,True
ADDR001729,PTY001729,business,463 Lauren Plain,New Debra,CA,33589,US,True
ADDR001730,PTY001730,mailing,008 Jessica Inlet,Palmerfurt,AK,36116,US,True
ADDR001731,PTY001731,risk_location,3530 Jose Expressway Suite 295,South Lucasfort,GU,40069,US,True
ADDR001732,PTY001732,business,3833 Angelica Pines Suite 731,Davidview,PA,07279,US,True
ADDR001733,PTY001733,billing,49743 Shane Mountains Apt. 871,Pamelaport,MP,30651,US,True
ADDR001734,PTY001734,risk_location,590 Angela Cliffs,Lake Marcuschester,LA,43190,US,True
ADDR001735,PTY001735,risk_location,83590 Flowers Track,Susanton,GA,09907,US,True
ADDR001736,PTY001736,primary,90993 David Tunnel,Raymondview,AL,06493,US,True
ADDR001737,PTY001737,business,609 Morton Manor,Port Holly,GU,94195,US,True
ADDR001738,PTY001738,business,2809 Beck Square,East Tristan,LA,86786,US,True
ADDR001739,PTY001739,business,7627 Denise Lights,Kennedyport,GA,57696,US,True
ADDR001740,PTY001740,business,714 Johnson Heights Suite 224,West Arthurborough,PW,91293,US,True
ADDR001741,PTY001741,mailing,45388 Joseph Roads,Petersenbury,SD,31433,US,True
ADDR001742,PTY001742,risk_location,6747 Ellis Extensions Suite 351,South Loriland,TX,72548,US,True
ADDR001743,PTY001743,billing,95256 Cynthia Turnpike Apt. 448,Landryland,FM,92786,US,True
ADDR001744,PTY001744,mailing,652 Gregory Club Apt. 685,Lewisview,VA,19757,US,True
ADDR001745,PTY001745,billing,691 Hall Lights Suite 526,East Sean,NH,18687,US,True
ADDR001746,PTY001746,billing,316 Perez Circle,Lake Bryan,NJ,56445,US,True
ADDR001747,PTY001747,primary,264 Gay Lodge Apt. 015,South Jonathan,NE,44877,US,True
ADDR001748,PTY001748,business,9898 Smith Estates,West Tara,OH,79910,US,True
ADDR001749,PTY001749,risk_location,50442 Nielsen Drive Apt. 760,North Audrey,PW,14722,US,True
ADDR001750,PTY001750,business,457 Nicole Lane,South Justinside,AK,78316,US,True
ADDR001751,PTY001751,billing,9587 Luke Glens,Robertberg,NY,54920,US,True
ADDR001752,PTY001752,business,40864 Wright Trail,Lake Melissaberg,MO,18851,US,True
ADDR001753,PTY001753,mailing,3622 Alexander Lock Suite 849,Lake Cathychester,WV,07358,US,True
ADDR001754,PTY001754,business,99613 Walton Drives,Lake Christopherport,HI,72047,US,True
ADDR001755,PTY001755,primary,114 Freeman Union,Amandabury,SC,22336,US,True
ADDR001756,PTY001756,risk_location,331 Jones Road Apt. 649,Williamland,NE,11635,US,True
ADDR001757,PTY001757,mailing,4405 Banks Mills Suite 822,North Daniel,DC,60792,US,True
ADDR001758,PTY001758,billing,294 Lopez Meadows,North Rodneymouth,KS,91421,US,True
ADDR001759,PTY001759,primary,6540 Samuel Greens,New Eugene,PA,80798,US,True
ADDR001760,PTY001760,mailing,97227 Robinson Ville Suite 185,Lake Robin,PW,26922,US,True
ADDR001761,PTY001761,mailing,5661 Andrew Branch Apt. 748,Grossfort,GU,07674,US,True
ADDR001762,PTY001762,primary,672 Meredith Lane,Port Christinemouth,UT,10959,US,True
ADDR001763,PTY001763,business,457 Kyle Mission,Jennifertown,WA,54302,US,True
ADDR001764,PTY001764,business,568 Beck Stravenue Apt. 640,Katieville,KS,68420,US,True
ADDR001765,PTY001765,business,838 Donald Ridge,Lewischester,PW,73887,US,True
ADDR001766,PTY001766,risk_location,276 Morgan Squares,Shepardfort,TN,60675,US,True
ADDR001767,PTY001767,billing,28532 Peters Field,Kevintown,CT,07180,US,True
ADDR001768,PTY001768,risk_location,40517 Williams Road Apt. 182,Ryanmouth,AR,70627,US,True
ADDR001769,PTY001769,business,782 Mary Neck Apt. 203,East Jenniferbury,IL,35896,US,True
ADDR001770,PTY001770,mailing,777 Hunter Hill,Lake Tamaraberg,IL,00778,US,True
ADDR001771,PTY001771,billing,7866 Long Tunnel Apt. 295,Benjaminchester,ND,17653,US,True
ADDR001772,PTY001772,mailing,41517 Joseph Place,New Anthony,PW,64204,US,True
ADDR001773,PTY001773,billing,214 Anthony Lights Suite 939,Georgeland,MD,46395,US,True
ADDR001774,PTY001774,mailing,029 Patterson Manors,New Jaime,KS,05044,US,True
ADDR001775,PTY001775,billing,4178 Laura Lodge,East Justinview,GA,72074,US,True
ADDR001776,PTY001776,billing,86167 Merritt Brooks,South Christinachester,ND,42493,US,True
ADDR001777,PTY001777,business,867 Jacob Locks Suite 927,West Jeremyfort,VI,13732,US,True
ADDR001778,PTY001778,risk_location,34731 Clinton Summit Apt. 524,North Catherine,NY,55541,US,True
ADDR001779,PTY001779,business,96716 Edwards Camp,South Abigail,NM,68154,US,True
ADDR001780,PTY001780,billing,609 Ho Port Suite 382,West Breanna,ME,27953,US,True
ADDR001781,PTY001781,mailing,28699 Brenda Hill Suite 012,Perkinstown,WV,46441,US,True
ADDR001782,PTY001782,primary,0236 Yolanda Groves Suite 735,Markland,MD,32697,US,True
ADDR001783,PTY001783,mailing,8212 Nicole Freeway Apt. 722,Port Emilyfurt,OK,19556,US,True
ADDR001784,PTY001784,primary,310 Micheal Heights,Matthewberg,ID,97830,US,True
ADDR001785,PTY001785,billing,65118 Christopher Flats,Port Adriana,ND,23054,US,True
ADDR001786,PTY001786,risk_location,37533 Allen Fields,North Robert,OR,32041,US,True
ADDR001787,PTY001787,primary,245 Danielle Way Apt. 271,Emilychester,PW,33316,US,True
ADDR001788,PTY001788,mailing,516 William Mission Suite 732,Aliciastad,MP,76012,US,True
ADDR001789,PTY001789,business,3812 Marcus Roads Apt. 806,Brianberg,UT,06470,US,True
ADDR001790,PTY001790,risk_location,31089 Alexander Meadow Apt. 458,West Morganport,VT,22693,US,True
ADDR001791,PTY001791,primary,232 Goodwin Land Suite 624,Anthonymouth,FM,67118,US,True
ADDR001792,PTY001792,primary,7821 Tyler Forks Apt. 024,North David,CT,54844,US,True
ADDR001793,PTY001793,business,047 Michelle Port,Hallchester,OH,41126,US,True
ADDR001794,PTY001794,business,1915 Sharon Hollow,Hawkinsside,IL,92395,US,True
ADDR001795,PTY001795,primary,5344 Burton Flats Suite 391,West Jasonview,WI,82162,US,True
ADDR001796,PTY001796,mailing,89781 Diaz Stream Apt. 731,West Brittanychester,ME,68026,US,True
ADDR001797,PTY001797,billing,9467 Cynthia Stravenue Suite 612,Amandaville,DE,27892,US,True
ADDR001798,PTY001798,billing,341 Nicholas Key Apt. 430,Port Autumnmouth,ME,69680,US,True
ADDR001799,PTY001799,risk_location,66126 Rodriguez Run,Jenniferborough,DC,07672,US,True
ADDR001800,PTY001800,business,69345 Sanders Path,Wellsmouth,DC,32889,US,True
ADDR001801,PTY001801,billing,625 Gomez Drives Apt. 997,North Lindaside,VT,82450,US,True
ADDR001802,PTY001802,risk_location,8838 Garcia Shore Apt. 762,East Emily,PA,75624,US,True
ADDR001803,PTY001803,risk_location,89898 Jeffrey Dam Suite 804,North Teresaborough,NY,61356,US,True
ADDR001804,PTY001804,primary,662 Hart Unions Apt. 402,East Shari,WI,56625,US,True
ADDR001805,PTY001805,billing,7263 Young View,Heatherburgh,TX,25874,US,True
ADDR001806,PTY001806,business,547 Brandon Glens Apt. 422,Shaneside,MA,80453,US,True
ADDR001807,PTY001807,primary,24139 Mack Landing,Port Matthewland,CO,33593,US,True
ADDR001808,PTY001808,mailing,3000 Rodriguez Oval,Lake Leslie,FM,19945,US,True
ADDR001809,PTY001809,risk_location,23778 Moody Pass,Douglaschester,AS,90294,US,True
ADDR001810,PTY001810,risk_location,203 Figueroa Brook,Allenton,ME,76604,US,True
ADDR001811,PTY001811,billing,26717 Callahan Dam,New Christopherburgh,MN,81388,US,True
ADDR001812,PTY001812,risk_location,1882 Crystal Mountains Apt. 793,Hullville,MH,07084,US,True
ADDR001813,PTY001813,billing,380 Thomas Ford Suite 661,Davidfurt,CA,29846,US,True
ADDR001814,PTY001814,risk_location,3183 Cain Pike,West Staceyfurt,FL,65335,US,True
ADDR001815,PTY001815,risk_location,1322 Whitney Glen,North Seanside,ME,67327,US,True
ADDR001816,PTY001816,business,59973 Shea Manors Suite 329,New Sara,NJ,15610,US,True
ADDR001817,PTY001817,primary,2606 Billy Mountains,South Angela,IN,34937,US,True
ADDR001818,PTY001818,primary,32770 Pollard Squares,Sullivanberg,NH,63313,US,True
ADDR001819,PTY001819,risk_location,8754 Eileen River,West Deborahfurt,MT,91940,US,True
ADDR001820,PTY001820,primary,366 Brandon Port,Valerieton,NV,81959,US,True
ADDR001821,PTY001821,mailing,321 Grimes Haven Apt. 649,New Taramouth,MH,74771,US,True
ADDR001822,PTY001822,mailing,699 Moreno Circle,Smithtown,SD,72398,US,True
ADDR001823,PTY001823,primary,53307 Melinda Parks,Bowmanfort,MT,70941,US,True
ADDR001824,PTY001824,billing,0161 Barrett Rapids Suite 062,South Latashabury,ND,59982,US,True
ADDR001825,PTY001825,primary,3640 Wells Land Apt. 643,New Jessicashire,AZ,31302,US,True
ADDR001826,PTY001826,mailing,74337 Charles Run,Fryeburgh,MT,96706,US,True
ADDR001827,PTY001827,business,4062 Ball Heights,Davidland,MO,34739,US,True
ADDR001828,PTY001828,risk_location,19227 Brandon Grove Apt. 770,Rebeccamouth,FM,40382,US,True
ADDR001829,PTY001829,billing,762 Ferguson Valleys,Reginaland,MD,77805,US,True
ADDR001830,PTY001830,billing,526 Kaylee Fords,Lake Benjaminhaven,KY,80419,US,True
ADDR001831,PTY001831,business,5224 Yolanda Via Apt. 954,West Markland,NJ,82683,US,True
ADDR001832,PTY001832,risk_location,9212 Susan Roads Apt. 941,Russellbury,TX,87298,US,True
ADDR001833,PTY001833,business,01968 Zachary Route,West Stephanieberg,MP,25221,US,True
ADDR001834,PTY001834,primary,432 James Bypass Suite 247,North Joshua,MN,07418,US,True
ADDR001835,PTY001835,business,174 Hart Islands Apt. 388,New Alexandraburgh,NY,27857,US,True
ADDR001836,PTY001836,primary,36613 Richard Streets,New Kimberly,NY,32941,US,True
ADDR001837,PTY001837,primary,958 Janet Plaza Apt. 931,West Eric,GA,07889,US,True
ADDR001838,PTY001838,billing,94601 Larsen Curve Suite 765,Johnsonburgh,KY,30274,US,True
ADDR001839,PTY001839,primary,29232 Kyle Fields,New Joanne,MI,02163,US,True
ADDR001840,PTY001840,billing,935 Saunders Shoals Suite 763,Sarahville,WV,52833,US,True
ADDR001841,PTY001841,business,030 Thompson Union Apt. 735,New Jessica,KS,16298,US,True
ADDR001842,PTY001842,business,95425 Patricia Expressway Suite 431,South Gloriashire,NJ,05753,US,True
ADDR001843,PTY001843,mailing,506 Donald Center,West Jenniferstad,NM,25788,US,True
ADDR001844,PTY001844,mailing,5481 Bridget Fords,Mccallfurt,PA,84526,US,True
ADDR001845,PTY001845,mailing,7865 Victoria Keys Apt. 916,Lake Kendraburgh,MP,98233,US,True
ADDR001846,PTY001846,billing,53398 Molina Neck Suite 488,Brooksfurt,AL,15217,US,True
ADDR001847,PTY001847,mailing,4016 Ricky Dale,Nancyburgh,CT,60954,US,True
ADDR001848,PTY001848,business,610 Brandon Glen Suite 175,Alexandrafurt,CA,15974,US,True
ADDR001849,PTY001849,risk_location,38584 Wiley Greens Apt. 811,North Nathanstad,WV,14831,US,True
ADDR001850,PTY001850,risk_location,65667 Waters Pine,Hornshire,MI,68914,US,True
ADDR001851,PTY001851,primary,09620 Moore Wall Apt. 708,Duaneton,MD,21173,US,True
ADDR001852,PTY001852,primary,48380 Vaughan Spur Apt. 814,Lake Robin,NE,26853,US,True
ADDR001853,PTY001853,mailing,58868 Kimberly Corners,Hamiltonbury,MI,93169,US,True
ADDR001854,PTY001854,business,725 Joseph Heights,Erictown,OK,54110,US,True
ADDR001855,PTY001855,billing,892 Jacob Parks Apt. 127,Port Michaelfurt,MT,19668,US,True
ADDR001856,PTY001856,billing,9319 Robert Ford,South James,MI,04842,US,True
ADDR001857,PTY001857,primary,2618 Tamara Place Suite 378,Jesusport,NY,59220,US,True
ADDR001858,PTY001858,primary,263 Patterson Shoals Apt. 790,Brianfort,FL,64085,US,True
ADDR001859,PTY001859,mailing,2116 Francisco Points,Herrerahaven,SD,29025,US,True
ADDR001860,PTY001860,business,374 Danny Gardens,Piercefort,AR,31100,US,True
ADDR001861,PTY001861,billing,265 Hopkins Union,North Madisonmouth,ME,02597,US,True
ADDR001862,PTY001862,risk_location,59471 Ferguson Mount Suite 534,Hodgesmouth,MP,61189,US,True
ADDR001863,PTY001863,mailing,14374 Nathan Flat Apt. 755,West Dianabury,VT,60659,US,True
ADDR001864,PTY001864,business,959 Morrison Burgs Apt. 012,Port Shannontown,DC,46407,US,True
ADDR001865,PTY001865,primary,02242 David Port,Stewartmouth,PW,30120,US,True
ADDR001866,PTY001866,primary,0388 Black Forks Suite 038,Shaneland,IA,36231,US,True
ADDR001867,PTY001867,primary,50986 Jeffrey Turnpike Suite 473,Williamsburgh,MH,38249,US,True
ADDR001868,PTY001868,primary,3315 Santiago Road,Colleenbury,WV,54261,US,True
ADDR001869,PTY001869,mailing,23763 Randolph Crossroad Apt. 655,Matthewsstad,NC,75309,US,True
ADDR001870,PTY001870,billing,46209 Perez Springs Suite 582,Davidbury,KS,87626,US,True
ADDR001871,PTY001871,billing,3350 Amy Fields,Smithstad,VI,91137,US,True
ADDR001872,PTY001872,risk_location,3573 Underwood Track,Gordonmouth,VT,22805,US,True
ADDR001873,PTY001873,primary,7584 Bright Mall Apt. 129,Oliverport,IL,22790,US,True
ADDR001874,PTY001874,business,8844 Larry Extension Suite 034,Zacharyhaven,NM,11478,US,True
ADDR001875,PTY001875,primary,0279 Jessica Cove Suite 413,Port Margaretland,VI,10180,US,True
ADDR001876,PTY001876,billing,551 Hopkins Fort,New Corey,VI,50485,US,True
ADDR001877,PTY001877,business,621 Alexander Lake,Hicksfurt,HI,74269,US,True
ADDR001878,PTY001878,primary,9879 Miller Forks Apt. 562,West Robinfort,MA,65229,US,True
ADDR001879,PTY001879,risk_location,925 Williams Gateway Suite 514,North Amanda,MN,83248,US,True
ADDR001880,PTY001880,primary,3985 Paul Heights Apt. 146,East Rogerside,KS,37994,US,True
ADDR001881,PTY001881,business,358 Carpenter Circle Suite 123,Johnsonshire,NC,48226,US,True
ADDR001882,PTY001882,billing,33493 David Ridges,South Andrewtown,PA,10915,US,True
ADDR001883,PTY001883,business,9546 Kristen Extension Apt. 136,North Ashleyside,PR,87233,US,True
ADDR001884,PTY001884,business,41499 Kristin Turnpike,Quinnfurt,AZ,25554,US,True
ADDR001885,PTY001885,business,76136 Franklin Islands,New Jesseburgh,AS,16333,US,True
ADDR001886,PTY001886,primary,10753 Kennedy Roads Suite 487,Martinhaven,MA,67964,US,True
ADDR001887,PTY001887,mailing,9823 Cole Cove,Ashleyberg,AR,28628,US,True
ADDR001888,PTY001888,risk_location,896 Frank Curve,South Kelseymouth,PR,47667,US,True
ADDR001889,PTY001889,billing,62800 Noble Neck,Brandonport,FL,38323,US,True
ADDR001890,PTY001890,primary,313 Gibson Underpass Suite 513,East Davidton,AK,67217,US,True
ADDR001891,PTY001891,billing,74407 Simon Curve,Port Scottfurt,MN,15022,US,True
ADDR001892,PTY001892,billing,7894 Terrell Course Suite 735,Lake Sarah,MA,19289,US,True
ADDR001893,PTY001893,primary,51330 Michael Isle,Lake Peterview,DE,18806,US,True
ADDR001894,PTY001894,business,33468 Pamela Fords Suite 992,New Anthony,MN,41569,US,True
ADDR001895,PTY001895,primary,107 Garrison Viaduct Apt. 549,North Patricia,LA,86157,US,True
ADDR001896,PTY001896,business,405 Stacy Green Apt. 055,New Michael,AR,89879,US,True
ADDR001897,PTY001897,mailing,09651 Anderson Springs,Thomasborough,VT,56207,US,True
ADDR001898,PTY001898,business,765 Samantha Skyway Apt. 347,South Leslie,IN,52733,US,True
ADDR001899,PTY001899,risk_location,720 Martinez Crest,New Eddiehaven,TX,92266,US,True
ADDR001900,PTY001900,business,910 Ellis Rue,Sarahland,ND,58713,US,True
ADDR001901,PTY001901,risk_location,946 Parsons Streets Apt. 197,Davisport,ME,73125,US,True
ADDR001902,PTY001902,primary,1834 Mcgrath Burgs,North Erikaside,HI,21200,US,True
ADDR001903,PTY001903,business,51649 Nunez Trail Suite 420,South Eugene,GA,47204,US,True
ADDR001904,PTY001904,risk_location,79557 Scott Wells Suite 878,Floydfort,OK,80084,US,True
ADDR001905,PTY001905,risk_location,94115 Kenneth Squares,East Ericfort,MD,04371,US,True
ADDR001906,PTY001906,primary,913 Meredith Fork Suite 929,Kennethhaven,ID,27159,US,True
ADDR001907,PTY001907,risk_location,7472 Gutierrez Green,Port Patrickbury,NM,15195,US,True
ADDR001908,PTY001908,primary,45448 Tyler Fields,North Rebeccaport,NC,59109,US,True
ADDR001909,PTY001909,business,7053 Avila Garden Apt. 525,North Williamland,MO,49267,US,True
ADDR001910,PTY001910,primary,83754 Adam Harbors,East Darin,WV,28098,US,True
ADDR001911,PTY001911,billing,69189 Michael Road,Katherineville,HI,74282,US,True
ADDR001912,PTY001912,business,958 Duncan Throughway Suite 970,Matthewfurt,AR,62498,US,True
ADDR001913,PTY001913,mailing,58015 Alicia Gardens Apt. 160,New Carlberg,PW,86860,US,True
ADDR001914,PTY001914,business,000 Shannon Shoals Suite 546,East Troy,MA,02250,US,True
ADDR001915,PTY001915,mailing,657 Smith Lock,Lake Richardstad,MS,36375,US,True
ADDR001916,PTY001916,mailing,3675 Casey Isle,New Wendytown,CA,56868,US,True
ADDR001917,PTY001917,business,173 Lopez Ford,Beardborough,MN,80526,US,True
ADDR001918,PTY001918,billing,026 Johnson Fields,Floydchester,PW,17437,US,True
ADDR001919,PTY001919,primary,670 Elizabeth Ports Suite 762,Lake Debra,GA,45381,US,True
ADDR001920,PTY001920,risk_location,2651 Maria Mall Suite 975,North Jeffreyport,ME,45871,US,True
ADDR001921,PTY001921,primary,153 Kristen Mount,Barbarafurt,AK,22857,US,True
ADDR001922,PTY001922,business,465 Huerta Bridge Apt. 335,South Markmouth,WV,82440,US,True
ADDR001923,PTY001923,risk_location,50625 Ross Pines Apt. 890,West Markside,NY,94111,US,True
ADDR001924,PTY001924,primary,917 Thomas Expressway,Alanstad,NJ,63557,US,True
ADDR001925,PTY001925,mailing,244 Karla Park,New Cindy,NH,17558,US,True
ADDR001926,PTY001926,business,4106 Sean Rest,West Meganchester,AL,07117,US,True
ADDR001927,PTY001927,mailing,4677 Miller Views,North Matthewton,IA,06696,US,True
ADDR001928,PTY001928,mailing,09691 Grant Fall Apt. 178,Taylortown,NM,89240,US,True
ADDR001929,PTY001929,mailing,16764 Michael Mountain,Lake Brooketown,MT,54541,US,True
ADDR001930,PTY001930,primary,457 Duran Ports Apt. 916,Lake Christine,SD,52260,US,True
ADDR001931,PTY001931,mailing,734 Gibson Skyway,East Richard,FM,05528,US,True
ADDR001932,PTY001932,billing,5543 Julie Summit Suite 467,East Theresamouth,AL,57707,US,True
ADDR001933,PTY001933,business,857 Faulkner Turnpike,Haileytown,ID,12948,US,True
ADDR001934,PTY001934,billing,3966 Lindsay Wall Apt. 631,Sampsonport,GA,42905,US,True
ADDR001935,PTY001935,mailing,1293 Hopkins Mews,Lopezfort,CO,38926,US,True
ADDR001936,PTY001936,mailing,901 Kayla Rapids Apt. 476,Port Stephanie,OR,60988,US,True
ADDR001937,PTY001937,primary,73928 George Estates,Port Scott,AL,02438,US,True
ADDR001938,PTY001938,business,1726 Christine Bridge Suite 990,Isabelberg,MN,74497,US,True
ADDR001939,PTY001939,billing,454 Thomas Lodge Suite 786,Lake Craig,PR,03721,US,True
ADDR001940,PTY001940,primary,976 Morris Mountain Apt. 390,South Julia,KY,37278,US,True
ADDR001941,PTY001941,primary,61130 Mendoza Crescent,North Amanda,RI,36677,US,True
ADDR001942,PTY001942,mailing,497 Dean Glens,Farrellville,FM,28897,US,True
ADDR001943,PTY001943,risk_location,45294 Morris Forges Apt. 036,New Anthony,OK,18221,US,True
ADDR001944,PTY001944,primary,6100 Sarah Burgs Suite 976,Jillfurt,MN,50489,US,True
ADDR001945,PTY001945,risk_location,71087 Cannon Shore Apt. 443,Tammymouth,UT,66210,US,True
ADDR001946,PTY001946,risk_location,1694 Thomas Parkways Apt. 108,Rebekahshire,IA,95904,US,True
ADDR001947,PTY001947,billing,661 Bryan Burgs,New Dennis,MN,91287,US,True
ADDR001948,PTY001948,business,0680 Katie Radial Apt. 511,North Tamaraville,PR,59319,US,True
ADDR001949,PTY001949,business,462 Clark Motorway Apt. 245,Morganhaven,MN,62085,US,True
ADDR001950,PTY001950,billing,927 Angela Junction Suite 400,New Ericland,WY,96861,US,True
ADDR001951,PTY001951,risk_location,4841 Miller Orchard,Lake Emilyfort,ID,73248,US,True
ADDR001952,PTY001952,mailing,92605 Pineda Crescent Apt. 974,New Daniel,PR,21700,US,True
ADDR001953,PTY001953,risk_location,4506 Gary Roads,Port Brandonfurt,NE,90595,US,True
ADDR001954,PTY001954,billing,0062 Karina Unions,Port Sabrinamouth,NH,99869,US,True
ADDR001955,PTY001955,business,450 Robert Ports,West Monica,GA,75198,US,True
ADDR001956,PTY001956,primary,3133 Williamson Plaza,Lopezport,DC,91561,US,True
ADDR001957,PTY001957,risk_location,101 Joshua Orchard Suite 962,New Brian,ME,28907,US,True
ADDR001958,PTY001958,risk_location,328 Turner Cliff,Hollyborough,VA,55233,US,True
ADDR001959,PTY001959,primary,517 Murillo Lights,Port Kayla,PW,84357,US,True
ADDR001960,PTY001960,primary,22439 Cole Vista,Moorechester,DC,81466,US,True
ADDR001961,PTY001961,mailing,41410 Robert Pines Apt. 167,North Tiffanyfort,PA,52418,US,True
ADDR001962,PTY001962,risk_location,53694 Richardson Mount Apt. 145,Rodrigueztown,RI,19079,US,True
ADDR001963,PTY001963,mailing,1461 Wesley Avenue Apt. 608,Veronicabury,KS,02287,US,True
ADDR001964,PTY001964,primary,9775 Kimberly Prairie,West Pamela,OH,40814,US,True
ADDR001965,PTY001965,mailing,45972 Cardenas Stream,East Lori,IL,81507,US,True
ADDR001966,PTY001966,primary,544 David Island,New Jacobville,FL,92879,US,True
ADDR001967,PTY001967,risk_location,30976 Phillip Drive Suite 279,New Davidmouth,PR,14580,US,True
ADDR001968,PTY001968,business,582 Michelle Lake Suite 720,Chenside,WA,08439,US,True
ADDR001969,PTY001969,billing,86215 Jonathan Springs Apt. 851,New Kim,VT,90491,US,True
ADDR001970,PTY001970,primary,11467 Keith Village Suite 342,Lindaton,CA,84521,US,True
ADDR001971,PTY001971,risk_location,96997 Anne Shoals Apt. 327,Lake Christopher,AR,03875,US,True
ADDR001972,PTY001972,billing,794 Daniel Green,Warrenborough,WI,46580,US,True
ADDR001973,PTY001973,risk_location,4888 Cruz Garden,North Lucas,SC,18463,US,True
ADDR001974,PTY001974,primary,592 Mcdonald Creek Apt. 099,Robertshire,NM,44352,US,True
ADDR001975,PTY001975,mailing,1175 Michael Expressway Apt. 204,West Aprilland,MH,60916,US,True
ADDR001976,PTY001976,primary,0918 Gonzales Mews Apt. 128,Andrewfurt,WA,20949,US,True
ADDR001977,PTY001977,primary,82296 Matthew Fords Apt. 665,Brandyton,WY,35784,US,True
ADDR001978,PTY001978,business,4835 Kevin Junction Suite 071,East Brian,KY,09503,US,True
ADDR001979,PTY001979,risk_location,6232 Carla Centers,Herrerafort,WI,41676,US,True
ADDR001980,PTY001980,primary,7997 Cross Centers,Donaldtown,LA,52547,US,True
ADDR001981,PTY001981,primary,7668 Ferguson Unions,Laurenstad,MN,98310,US,True
ADDR001982,PTY001982,business,931 Darius Way,Rhondamouth,ND,91614,US,True
ADDR001983,PTY001983,primary,70661 Matthew Avenue,East David,IL,91229,US,True
ADDR001984,PTY001984,primary,8547 Christina Corners,New Katherine,AS,73781,US,True
ADDR001985,PTY001985,mailing,775 Garrett Crest Apt. 374,Lake Karen,NH,59024,US,True
ADDR001986,PTY001986,mailing,4110 Salazar Lights,Valdezburgh,PA,10742,US,True
ADDR001987,PTY001987,business,3623 Thompson Loop,Jacobsonview,MP,16326,US,True
ADDR001988,PTY001988,business,397 Tamara Spurs,Butlerton,WY,80167,US,True
ADDR001989,PTY001989,mailing,5594 Mays Falls,Welchmouth,FM,05759,US,True
ADDR001990,PTY001990,mailing,0747 Thomas Estate Suite 452,Christophertown,MS,49259,US,True
ADDR001991,PTY001991,primary,81743 Hancock Gardens Suite 453,West Sandy,ND,63061,US,True
ADDR001992,PTY001992,mailing,605 Amy Curve,Melissashire,FM,87819,US,True
ADDR001993,PTY001993,billing,06170 Raymond Ways,Port Emily,AL,92268,US,True
ADDR001994,PTY001994,billing,4217 Schwartz Drive,Ivanburgh,CA,67036,US,True
ADDR001995,PTY001995,business,200 Jocelyn Points,New Amanda,WI,78351,US,True
ADDR001996,PTY001996,business,34365 Jason Lodge Apt. 768,Thompsonside,MI,55609,US,True
ADDR001997,PTY001997,risk_location,25014 Austin Rest,South Jenniferburgh,TX,10631,US,True
ADDR001998,PTY001998,business,89383 Anna Divide Suite 433,Lake Jessica,WI,89028,US,True
ADDR001999,PTY001999,mailing,0052 Jonathan Mountains,Mcdonaldville,NE,80607,US,True
ADDR002000,PTY002000,primary,102 Webb Flat,Patrickport,IN,13243,US,True
ADDR002001,PTY002001,risk_location,083 Sanchez Cove Suite 823,East Jackside,NY,95049,US,True
ADDR002002,PTY002002,mailing,392 Fernandez Cliffs Suite 256,Andrewsburgh,VA,48031,US,True
ADDR002003,PTY002003,mailing,749 Matthew Rue Apt. 905,North Nicholas,CT,01816,US,True
ADDR002004,PTY002004,primary,493 Collins Radial Apt. 636,New Sethton,NY,28714,US,True
ADDR002005,PTY002005,billing,16084 John Knoll Suite 564,Kellyshire,OK,45186,US,True
ADDR002006,PTY002006,billing,0597 Lane Brooks,Port Bryan,FL,31076,US,True
ADDR002007,PTY002007,business,6842 Jackson Burgs,Barrettmouth,PR,58431,US,True
ADDR002008,PTY002008,risk_location,11165 Owen Canyon,Ramirezfurt,IA,91532,US,True
ADDR002009,PTY002009,business,3763 Michael Locks,New Williamview,MH,65044,US,True
ADDR002010,PTY002010,business,07665 Gomez Estates,South Kellyhaven,DE,81963,US,True
ADDR002011,PTY002011,business,270 Little Locks Suite 971,South Robert,MS,71714,US,True
ADDR002012,PTY002012,primary,191 Barber Mountains Suite 960,Herreraport,CO,26412,US,True
ADDR002013,PTY002013,primary,2397 Mathew Pine Suite 970,Hernandezview,NM,54682,US,True
ADDR002014,PTY002014,business,383 Brad Mountain Suite 311,Ashleytown,MS,56345,US,True
ADDR002015,PTY002015,risk_location,349 Brown Causeway,West Tammymouth,OR,18942,US,True
ADDR002016,PTY002016,primary,35776 Kimberly Forges Apt. 614,New Allenchester,NJ,16558,US,True
ADDR002017,PTY002017,business,29395 Harris Throughway Apt. 517,North Evelyn,IA,55560,US,True
ADDR002018,PTY002018,risk_location,045 Carrie Junctions Apt. 689,New Patrick,LA,56371,US,True
ADDR002019,PTY002019,business,151 Peggy Burg,Lake Sheritown,NY,87498,US,True
ADDR002020,PTY002020,primary,00299 Miles Forges Apt. 669,Nicholasstad,KY,13622,US,True
ADDR002021,PTY002021,billing,589 Best Fort Suite 269,East Jeremymouth,MN,34835,US,True
ADDR002022,PTY002022,billing,26030 Rangel Mall Suite 930,New Juanport,KS,21132,US,True
ADDR002023,PTY002023,primary,215 Rebecca Springs Apt. 385,East Kathleen,TX,95690,US,True
ADDR002024,PTY002024,billing,655 Amy Trail Suite 877,Jeffreychester,AR,08231,US,True
ADDR002025,PTY002025,mailing,38954 Fritz Wells,Port Peter,MN,36773,US,True
ADDR002026,PTY002026,primary,649 Rivera Park Suite 657,Port Jennifer,KS,98169,US,True
ADDR002027,PTY002027,primary,567 Wilson Club,Port Jessehaven,MS,61582,US,True
ADDR002028,PTY002028,mailing,257 Jamie Path,Cooleyland,ME,39625,US,True
ADDR002029,PTY002029,primary,81471 Jackson Ranch Suite 943,Port James,ND,74758,US,True
ADDR002030,PTY002030,mailing,572 Hess Valleys,Walterberg,FL,66287,US,True
ADDR002031,PTY002031,risk_location,86822 Daniel Drive,Dustinton,DE,84253,US,True
ADDR002032,PTY002032,primary,838 Samantha Forks Apt. 466,Lake Amandaland,RI,36604,US,True
ADDR002033,PTY002033,business,7785 Jamie Cliff Apt. 398,Andrewville,CA,74868,US,True
ADDR002034,PTY002034,primary,716 Anthony Spring Suite 212,North Davidton,MN,46292,US,True
ADDR002035,PTY002035,risk_location,0165 Santos Expressway,Williamsstad,WV,93180,US,True
ADDR002036,PTY002036,billing,55488 Kathryn Ramp Apt. 245,Lawrenceside,KY,02009,US,True
ADDR002037,PTY002037,primary,46944 Leslie Springs Suite 356,Burtonville,MS,73780,US,True
ADDR002038,PTY002038,business,6708 Amanda Dam Apt. 050,Samuelfurt,VA,96995,US,True
ADDR002039,PTY002039,primary,8865 Maxwell Divide,Reyestown,NY,16857,US,True
ADDR002040,PTY002040,billing,11507 David Hill Suite 450,Michaelberg,SC,50187,US,True
ADDR002041,PTY002041,billing,029 Jason Valleys Apt. 685,Huffside,KY,82108,US,True
ADDR002042,PTY002042,risk_location,44403 Carrillo Falls Suite 897,Adamsmouth,NM,03729,US,True
ADDR002043,PTY002043,primary,30182 Lucas Spurs Suite 868,Brandyview,NM,22893,US,True
ADDR002044,PTY002044,business,09867 Combs Viaduct,Harveyton,FL,62948,US,True
ADDR002045,PTY002045,primary,0650 John Flats Suite 514,Sarahland,FM,32625,US,True
ADDR002046,PTY002046,business,44268 Smith Mountain Suite 812,Schroederview,OK,02663,US,True
ADDR002047,PTY002047,risk_location,0317 Taylor Fort Suite 277,Barkerborough,NJ,74731,US,True
ADDR002048,PTY002048,primary,32512 Rollins Glens,Patriciastad,GA,10046,US,True
ADDR002049,PTY002049,billing,721 Troy Fords,Port Christinamouth,GU,81831,US,True
ADDR002050,PTY002050,primary,690 Brian Shore Apt. 290,Ochoaview,OK,80969,US,True
ADDR002051,PTY002051,business,07493 Ashley Freeway,Kellybury,NE,25933,US,True
ADDR002052,PTY002052,mailing,45811 Johnson Corners,Port Jody,NC,14481,US,True
ADDR002053,PTY002053,billing,1861 Jocelyn Village Suite 342,Christopherchester,SC,11840,US,True
ADDR002054,PTY002054,risk_location,9989 Allen Walks,Bryantshire,MO,91638,US,True
ADDR002055,PTY002055,business,79534 Omar Tunnel,South Jonathanport,NC,15978,US,True
ADDR002056,PTY002056,billing,15852 Martin Point Suite 593,North Pamelaland,DC,13481,US,True
ADDR002057,PTY002057,billing,795 Crystal Parks,Martinland,MH,02736,US,True
ADDR002058,PTY002058,billing,656 Johnson Flats Suite 754,Taylorfurt,HI,38254,US,True
ADDR002059,PTY002059,business,359 Jessica Spur Apt. 444,East Jasonbury,PA,50235,US,True
ADDR002060,PTY002060,billing,30057 Harrison Lodge Apt. 499,Jonesmouth,CA,54889,US,True
ADDR002061,PTY002061,primary,15553 Ashley Hollow,Avilaton,AR,38215,US,True
ADDR002062,PTY002062,risk_location,042 Dunn Coves,North Karen,MP,62782,US,True
ADDR002063,PTY002063,primary,5034 Nguyen Locks Suite 516,Stewartfurt,FL,44368,US,True
ADDR002064,PTY002064,business,5777 Moore Walks,Feliciatown,MA,66369,US,True
ADDR002065,PTY002065,billing,981 Jackson Cape Suite 651,Port Susanside,AZ,89653,US,True
ADDR002066,PTY002066,business,2504 Skinner Valley Suite 359,North Josephfurt,AL,02641,US,True
ADDR002067,PTY002067,primary,62713 Abigail Squares,Lake Jennifer,KY,96021,US,True
ADDR002068,PTY002068,risk_location,0621 Pamela Meadows,Teresatown,MA,61484,US,True
ADDR002069,PTY002069,mailing,607 Caitlin Overpass Apt. 771,Mooreburgh,WI,98330,US,True
ADDR002070,PTY002070,risk_location,257 Barker Lane,New Barbaraville,IL,16480,US,True
ADDR002071,PTY002071,billing,3413 Sean Pine,Davidmouth,SD,03994,US,True
ADDR002072,PTY002072,billing,963 Edwards Parks,Lake Brianmouth,KS,60702,US,True
ADDR002073,PTY002073,risk_location,37796 Barnes Neck Apt. 732,Jamesborough,DC,02658,US,True
ADDR002074,PTY002074,risk_location,7347 Medina Court,South Jack,NM,56380,US,True
ADDR002075,PTY002075,business,1065 Kennedy Terrace,Andreaview,MI,03682,US,True
ADDR002076,PTY002076,business,1357 Kelley Underpass,Scotthaven,OK,10062,US,True
ADDR002077,PTY002077,mailing,23680 Grant Manor,New Brenda,AS,53375,US,True
ADDR002078,PTY002078,business,7435 Anderson Course,North Jacquelineburgh,AS,14842,US,True
ADDR002079,PTY002079,business,450 Hensley Neck,Matthewberg,NH,36940,US,True
ADDR002080,PTY002080,billing,457 Kayla Stravenue,South Michael,NC,98211,US,True
ADDR002081,PTY002081,business,024 Andrew Center,Sanchezmouth,MP,85648,US,True
ADDR002082,PTY002082,primary,4827 Kristie Crossing,Port Patriciaberg,OH,32635,US,True
ADDR002083,PTY002083,risk_location,7517 Barber Hills Apt. 702,Lake Emilymouth,MA,94335,US,True
ADDR002084,PTY002084,billing,3455 Angela Isle Apt. 369,Port Elizabeth,TX,12913,US,True
ADDR002085,PTY002085,mailing,0663 Carpenter Groves Suite 163,West Anthonyton,NV,91703,US,True
ADDR002086,PTY002086,business,9524 Kevin Court,East Danielland,SC,46949,US,True
ADDR002087,PTY002087,billing,983 Jackson Unions,Joycechester,NJ,57780,US,True
ADDR002088,PTY002088,primary,0334 Chambers Road Suite 818,Lake Sara,TX,41792,US,True
ADDR002089,PTY002089,billing,7800 Andrew Avenue,New Andre,CO,42886,US,True
ADDR002090,PTY002090,mailing,037 George Center,New Kristinland,PR,46213,US,True
ADDR002091,PTY002091,business,72525 Tina Rue,Snyderbury,OH,37427,US,True
ADDR002092,PTY002092,primary,9058 Barbara Inlet Apt. 764,Dustinport,WV,33656,US,True
ADDR002093,PTY002093,billing,9103 Nichols Mews Apt. 150,Thomaschester,PW,50362,US,True
ADDR002094,PTY002094,business,261 Steven Shoals,Lake Sandra,MH,18655,US,True
ADDR002095,PTY002095,billing,8631 Jesus Street,North Lauraberg,NE,07002,US,True
ADDR002096,PTY002096,risk_location,20638 Figueroa Shoals,South Donald,MI,55008,US,True
ADDR002097,PTY002097,risk_location,759 James Trace Apt. 961,Lake Steveside,AL,93216,US,True
ADDR002098,PTY002098,risk_location,35592 Johnson Court,East Thomasland,WY,61696,US,True
ADDR002099,PTY002099,mailing,15772 Thomas Courts Apt. 492,New Cherylchester,CA,45243,US,True
ADDR002100,PTY002100,billing,71771 Connie Hollow Apt. 588,Port Sarahfort,MD,83657,US,True
ADDR002101,PTY002101,mailing,74468 Benjamin Islands,South Valerieborough,VT,23167,US,True
ADDR002102,PTY002102,business,49651 Moreno Fords Suite 271,East Dana,WY,12429,US,True
ADDR002103,PTY002103,billing,7877 Brian Garden Suite 516,Gilmoreville,OK,30899,US,True
ADDR002104,PTY002104,risk_location,8364 Fowler Fall,South Tammymouth,OK,59539,US,True
ADDR002105,PTY002105,risk_location,3480 Lindsay Common Suite 456,Justinmouth,FL,84735,US,True
ADDR002106,PTY002106,risk_location,202 Angela Garden Apt. 990,Wardfort,MS,91185,US,True
ADDR002107,PTY002107,business,243 Kevin Viaduct,Kimtown,PA,52830,US,True
ADDR002108,PTY002108,primary,975 Victoria Path Suite 772,Keithtown,OR,54294,US,True
ADDR002109,PTY002109,business,9171 Gilbert Terrace Apt. 854,Lake Laurenmouth,MP,39294,US,True
ADDR002110,PTY002110,billing,118 Erica Unions Apt. 375,Katiehaven,KY,07097,US,True
ADDR002111,PTY002111,mailing,655 Mayer Tunnel Suite 327,West Angela,WV,75244,US,True
ADDR002112,PTY002112,primary,9204 Martin Unions Apt. 779,Williammouth,OK,66114,US,True
ADDR002113,PTY002113,primary,2664 Mark Crescent Suite 541,Port Ashley,UT,35742,US,True
ADDR002114,PTY002114,risk_location,829 Young Court Apt. 637,Elizabethfort,IN,96745,US,True
ADDR002115,PTY002115,billing,82582 Garcia Ridge Suite 874,Wardmouth,VI,95425,US,True
ADDR002116,PTY002116,risk_location,23384 Tyler Haven,Chelseafurt,NC,90467,US,True
ADDR002117,PTY002117,mailing,210 Denise Ridge Suite 639,East Thomas,HI,70898,US,True
ADDR002118,PTY002118,business,57688 Mark Key Suite 990,Stevenbury,AZ,88438,US,True
ADDR002119,PTY002119,risk_location,0295 Danielle Junctions Apt. 201,Gibbston,MP,51438,US,True
ADDR002120,PTY002120,primary,715 Parker Spur,East Andreastad,MT,54015,US,True
ADDR002121,PTY002121,risk_location,7202 Roy Turnpike Suite 701,Gravesberg,UT,36613,US,True
ADDR002122,PTY002122,billing,6050 Erin Haven,Austinborough,IA,56105,US,True
ADDR002123,PTY002123,risk_location,794 Benson Island Suite 360,Brandonborough,WV,63373,US,True
ADDR002124,PTY002124,business,4112 Guerrero Fields,Davisbury,CT,66510,US,True
ADDR002125,PTY002125,billing,3668 Michael Skyway,Lake Jill,AK,64653,US,True
ADDR002126,PTY002126,business,34488 Nathaniel Plains Suite 058,Morrismouth,WA,89622,US,True
ADDR002127,PTY002127,primary,76973 Brown Camp,Laurastad,CT,06821,US,True
ADDR002128,PTY002128,mailing,08962 Anita Roads Apt. 818,Zacharyborough,MI,13821,US,True
ADDR002129,PTY002129,risk_location,741 Garcia Oval,South Patricia,TX,81195,US,True
ADDR002130,PTY002130,mailing,38219 Lauren Light Suite 633,Melissamouth,KY,36245,US,True
ADDR002131,PTY002131,business,92684 Allen Centers,Torreshaven,VI,26000,US,True
ADDR002132,PTY002132,risk_location,9793 Victor Station,Lake Sara,TX,80019,US,True
ADDR002133,PTY002133,risk_location,23565 Samuel Key Suite 192,Tonyaview,MN,42056,US,True
ADDR002134,PTY002134,primary,32854 Misty Port Suite 160,Mooreville,GA,59948,US,True
ADDR002135,PTY002135,primary,54780 William Summit Suite 339,Stanleyfurt,NY,06604,US,True
ADDR002136,PTY002136,risk_location,0469 James Prairie Apt. 150,West Douglas,RI,09768,US,True
ADDR002137,PTY002137,risk_location,4214 Buchanan Common Suite 945,Johnsonmouth,TX,34644,US,True
ADDR002138,PTY002138,mailing,65305 Cohen Ranch Apt. 342,Rioschester,MS,95845,US,True
ADDR002139,PTY002139,business,528 Donald Haven,Garciamouth,AS,91427,US,True
ADDR002140,PTY002140,risk_location,6146 Carter Expressway Apt. 595,South Patricia,NV,86840,US,True
ADDR002141,PTY002141,risk_location,4085 Matthew Trace Suite 652,Lake Lindaton,ND,35799,US,True
ADDR002142,PTY002142,primary,888 Hahn Courts Apt. 808,New Garyside,TX,32725,US,True
ADDR002143,PTY002143,mailing,88761 Kevin Hill Apt. 303,New Annborough,NV,97720,US,True
ADDR002144,PTY002144,billing,74358 Michael Parks Suite 553,New Ashleyport,MD,99882,US,True
ADDR002145,PTY002145,business,691 Lynn Key Suite 962,West Brian,IA,70229,US,True
ADDR002146,PTY002146,business,90686 Kyle Land,New Kevin,VI,31408,US,True
ADDR002147,PTY002147,mailing,44614 Travis Village,Woodsburgh,MS,63549,US,True
ADDR002148,PTY002148,billing,755 Elizabeth Crescent,West Kennethland,VA,01949,US,True
ADDR002149,PTY002149,risk_location,039 Price Cape Suite 729,Rebeccatown,AL,14443,US,True
ADDR002150,PTY002150,business,4386 Cox Union,Reedton,RI,61946,US,True
ADDR002151,PTY002151,business,3264 Durham Road Suite 375,Lake Gabriella,VA,03764,US,True
ADDR002152,PTY002152,risk_location,6727 Reyes Hill Apt. 253,West Catherinechester,NE,07267,US,True
ADDR002153,PTY002153,risk_location,27574 Kim Cove,North Hannahburgh,ND,69128,US,True
ADDR002154,PTY002154,primary,4092 Rogers Road,Banksland,IL,27262,US,True
ADDR002155,PTY002155,primary,8766 Lisa Canyon,South Stephanieview,PR,87392,US,True
ADDR002156,PTY002156,risk_location,7463 Marshall Lock,Colemanmouth,AL,64443,US,True
ADDR002157,PTY002157,billing,228 Alan Orchard Suite 375,East Christopherfurt,CA,52203,US,True
ADDR002158,PTY002158,risk_location,895 Anderson Cliff Apt. 660,West Jasonmouth,WI,47953,US,True
ADDR002159,PTY002159,mailing,20100 Julia Green Apt. 319,South Eileenfurt,AS,16235,US,True
ADDR002160,PTY002160,risk_location,9318 Stephanie Tunnel Apt. 656,Hernandezland,MN,29193,US,True
ADDR002161,PTY002161,risk_location,2552 Ryan River Apt. 613,South Rachel,KS,30413,US,True
ADDR002162,PTY002162,billing,72954 Patrick Branch,Edwardport,VI,15908,US,True
ADDR002163,PTY002163,primary,794 Shelley Prairie,Nguyenville,TN,64701,US,True
ADDR002164,PTY002164,mailing,1485 Boyd Loaf Apt. 913,Christinaburgh,PW,02360,US,True
ADDR002165,PTY002165,primary,385 Arthur Lodge Apt. 732,Maureenville,NJ,56311,US,True
ADDR002166,PTY002166,billing,29395 Angel Extension Apt. 069,North Adamshire,AL,95483,US,True
ADDR002167,PTY002167,risk_location,1503 Franklin Union,Ramosside,WY,93253,US,True
ADDR002168,PTY002168,mailing,60426 Marshall Cliffs,Jonesborough,ME,95824,US,True
ADDR002169,PTY002169,mailing,29234 Lee Summit,East Frank,VT,36229,US,True
ADDR002170,PTY002170,primary,761 Krause Summit,Michaeltown,PW,11341,US,True
ADDR002171,PTY002171,mailing,899 Mary Terrace Apt. 087,South Kyle,DE,39578,US,True
ADDR002172,PTY002172,billing,47746 James Bypass,New Wendymouth,MT,47765,US,True
ADDR002173,PTY002173,mailing,7550 Kimberly Road,Port Carlos,RI,13819,US,True
ADDR002174,PTY002174,billing,1327 Pearson Highway,Mariafort,NV,19171,US,True
ADDR002175,PTY002175,mailing,87676 Jones Shoals Apt. 563,Tomshire,FL,04396,US,True
ADDR002176,PTY002176,mailing,45809 Stewart Forks Apt. 426,Davidfurt,MD,20037,US,True
ADDR002177,PTY002177,billing,1096 Jennifer Lights,Nicholsville,HI,63979,US,True
ADDR002178,PTY002178,mailing,4316 Perez Manor Apt. 390,Dorothychester,MT,45812,US,True
ADDR002179,PTY002179,billing,08610 Cordova Trace Apt. 027,Jimfort,TX,15002,US,True
ADDR002180,PTY002180,risk_location,937 Dana Common Apt. 510,Alanmouth,CO,60693,US,True
ADDR002181,PTY002181,primary,197 Laurie Shores Apt. 204,East Amy,MI,77624,US,True
ADDR002182,PTY002182,primary,972 Wheeler Street Suite 083,Perryside,WA,10471,US,True
ADDR002183,PTY002183,business,207 Miller Plains Apt. 027,Jameshaven,NM,20205,US,True
ADDR002184,PTY002184,billing,0486 Benitez Stravenue Apt. 169,North Jasonton,PA,79879,US,True
ADDR002185,PTY002185,business,993 Nichols Course Suite 969,Kelleyberg,AL,92782,US,True
ADDR002186,PTY002186,business,04464 Dominic Gardens,Josephbury,MS,11225,US,True
ADDR002187,PTY002187,billing,63075 Carlos Park Apt. 988,Petersonside,MO,27346,US,True
ADDR002188,PTY002188,business,4666 Sandra Shoals,Port Albert,MS,07183,US,True
ADDR002189,PTY002189,risk_location,98963 Carol Circles Apt. 533,North Mollymouth,OR,87141,US,True
ADDR002190,PTY002190,primary,4560 Quinn Squares Suite 903,Wrightview,NC,04595,US,True
ADDR002191,PTY002191,risk_location,3467 Brandt Pine,New Karen,AS,79014,US,True
ADDR002192,PTY002192,mailing,6597 Corey Springs,Fischerchester,IA,27081,US,True
ADDR002193,PTY002193,primary,25046 Proctor Shore Suite 279,Castanedaside,WA,25765,US,True
ADDR002194,PTY002194,billing,4757 Chelsea Summit,Lake Adam,MI,64697,US,True
ADDR002195,PTY002195,primary,217 Courtney Lock Suite 503,Jeffreyfurt,DC,83626,US,True
ADDR002196,PTY002196,billing,707 White Harbor Apt. 380,Jasonstad,MT,15586,US,True
ADDR002197,PTY002197,mailing,02591 Anthony Shoals,Meganburgh,VT,96715,US,True
ADDR002198,PTY002198,primary,21695 Alexander Flats,Bobbyhaven,UT,58943,US,True
ADDR002199,PTY002199,billing,037 Ho Throughway,Avilaberg,GA,72289,US,True
ADDR002200,PTY002200,mailing,219 Simmons Mews,New Justin,PR,65470,US,True
ADDR002201,PTY002201,billing,228 Andrew Groves Suite 632,Leeborough,MT,23341,US,True
ADDR002202,PTY002202,mailing,158 Marks Hills Suite 097,Hudsonview,RI,13453,US,True
ADDR002203,PTY002203,primary,2046 Kyle Rapid,Murphyton,NH,11929,US,True
ADDR002204,PTY002204,mailing,55120 Willis Route,Ronaldton,AR,48276,US,True
ADDR002205,PTY002205,primary,0202 Julie Drive,Jasonside,GA,63971,US,True
ADDR002206,PTY002206,business,72418 Wright Gateway,East Jaredview,ND,78401,US,True
ADDR002207,PTY002207,billing,0219 Michael Plaza,West Chloefurt,WV,04120,US,True
ADDR002208,PTY002208,billing,593 Olson Rapids,Johnstad,NE,90945,US,True
ADDR002209,PTY002209,risk_location,806 Rachel Ville,Johnsborough,FM,32445,US,True
ADDR002210,PTY002210,primary,2067 Barbara Motorway,Keithberg,VT,23790,US,True
ADDR002211,PTY002211,billing,39460 Gray Flat,Tinastad,PA,46960,US,True
ADDR002212,PTY002212,business,720 Craig Bypass Suite 244,South Gailfurt,LA,57050,US,True
ADDR002213,PTY002213,business,2801 Rogers Locks,Richardview,SD,65017,US,True
ADDR002214,PTY002214,mailing,8459 Crystal Ramp Suite 829,New Dawnport,PA,71345,US,True
ADDR002215,PTY002215,billing,09367 Heather Forge Apt. 616,West Derekchester,MT,33855,US,True
ADDR002216,PTY002216,mailing,2894 Brown Road,Port Kendra,ID,34191,US,True
ADDR002217,PTY002217,mailing,33242 Rivera Stravenue,Davisberg,WI,47973,US,True
ADDR002218,PTY002218,mailing,533 Garcia Branch Suite 544,Jamesview,GA,94899,US,True
ADDR002219,PTY002219,mailing,56697 Howard Cove,North Craig,RI,11113,US,True
ADDR002220,PTY002220,primary,873 Theresa Knoll Apt. 090,Josephstad,MN,59451,US,True
ADDR002221,PTY002221,primary,1589 Mary Corners,West Krista,MH,65155,US,True
ADDR002222,PTY002222,business,680 Benson Brooks,North Shawnburgh,WI,15249,US,True
ADDR002223,PTY002223,primary,50551 Walton Burgs Apt. 352,Port Alicia,MN,72582,US,True
ADDR002224,PTY002224,mailing,89006 Martinez Circles Suite 662,Millerton,SD,88208,US,True
ADDR002225,PTY002225,business,993 Perkins Circles,New Kevin,NC,44105,US,True
ADDR002226,PTY002226,billing,157 Nelson Extension Apt. 992,Mendezland,CT,56825,US,True
ADDR002227,PTY002227,billing,018 Emily Ranch Apt. 667,New Jeremy,GA,53529,US,True
ADDR002228,PTY002228,mailing,859 Howard Lock Suite 948,Danielview,PW,27418,US,True
ADDR002229,PTY002229,primary,5233 Barry Freeway,Martinezton,MT,43711,US,True
ADDR002230,PTY002230,billing,37037 Rivera Extension Apt. 893,Arnoldmouth,MH,11861,US,True
ADDR002231,PTY002231,primary,140 Baker Unions Apt. 826,South Anthonychester,MS,54355,US,True
ADDR002232,PTY002232,billing,9839 Marcus Track,Lake Melissa,FM,92389,US,True
ADDR002233,PTY002233,primary,8310 Christopher Trace,Lindsayland,PR,33639,US,True
ADDR002234,PTY002234,business,5539 Dillon Forge Suite 605,Jonesfurt,NJ,45203,US,True
ADDR002235,PTY002235,risk_location,947 Henry Stream,Sarahshire,WA,78452,US,True
ADDR002236,PTY002236,business,2345 Dale Vista,Port Jefferyshire,MP,55692,US,True
ADDR002237,PTY002237,mailing,166 Anna Forest,Andersonville,OK,52048,US,True
ADDR002238,PTY002238,billing,88193 Collins Crest,West Alexisborough,AZ,28927,US,True
ADDR002239,PTY002239,mailing,0660 Vanessa Roads,Freemantown,ME,71771,US,True
ADDR002240,PTY002240,risk_location,30376 Woods River Apt. 017,Adamborough,OH,46554,US,True
ADDR002241,PTY002241,risk_location,931 Cox Mews,Jeffstad,OH,61068,US,True
ADDR002242,PTY002242,business,845 Robin Turnpike,Davisland,WI,25181,US,True
ADDR002243,PTY002243,business,59026 Gonzalez Station Apt. 856,North Scotthaven,OR,44473,US,True
ADDR002244,PTY002244,mailing,85598 Gordon Ridge,Rodneymouth,SD,47541,US,True
ADDR002245,PTY002245,billing,955 Nguyen Row Apt. 757,Erinland,MI,76645,US,True
ADDR002246,PTY002246,primary,911 Michelle Locks,New Angela,MT,15530,US,True
ADDR002247,PTY002247,mailing,898 Jessica Ferry Suite 303,Daniellemouth,UT,29229,US,True
ADDR002248,PTY002248,primary,91236 Michael Gateway Suite 345,Stephanieport,MS,62487,US,True
ADDR002249,PTY002249,primary,492 Renee Flats Apt. 391,Theresatown,IL,91305,US,True
ADDR002250,PTY002250,risk_location,938 Lawrence Dam Apt. 373,East Amanda,ID,10800,US,True
ADDR002251,PTY002251,business,569 Elizabeth Place Suite 015,Nathanhaven,KY,11019,US,True
ADDR002252,PTY002252,mailing,3654 Campbell Station,Cooperfort,MH,72696,US,True
ADDR002253,PTY002253,mailing,8205 Lewis Drives,West Aliciaton,CT,80399,US,True
ADDR002254,PTY002254,primary,138 Perez Bridge,Edwardsland,WA,99478,US,True
ADDR002255,PTY002255,mailing,7853 Pineda Expressway,Beverlyhaven,MI,08873,US,True
ADDR002256,PTY002256,risk_location,71091 Tina Lock,South Jeffreytown,NE,51974,US,True
ADDR002257,PTY002257,business,6182 Joseph Junctions,West Christinehaven,IL,81532,US,True
ADDR002258,PTY002258,business,5416 Madeline Forge Apt. 476,Amberview,MA,44328,US,True
ADDR002259,PTY002259,business,8963 Hughes Drive,Reedborough,AS,73026,US,True
ADDR002260,PTY002260,primary,96561 Michael Land,Gallegosberg,CA,38353,US,True
ADDR002261,PTY002261,business,6258 Lewis Plains,Mendezmouth,MS,69647,US,True
ADDR002262,PTY002262,primary,807 Richardson Forest Apt. 115,Davisport,KY,93842,US,True
ADDR002263,PTY002263,primary,30839 Daniel Fields,Baileyberg,FM,66548,US,True
ADDR002264,PTY002264,primary,56631 Theresa Lights Apt. 897,New Markville,GU,81658,US,True
ADDR002265,PTY002265,business,574 Chandler Path,North Jessicaland,ME,52835,US,True
ADDR002266,PTY002266,risk_location,40600 Kelley Bypass Apt. 000,West Johnport,WA,73562,US,True
ADDR002267,PTY002267,mailing,1039 Sharon Drive,New Cory,UT,75216,US,True
ADDR002268,PTY002268,billing,575 Fischer Burg,West Jack,VI,23851,US,True
ADDR002269,PTY002269,mailing,32476 Saunders Curve,South Rachel,IL,32652,US,True
ADDR002270,PTY002270,risk_location,20897 Natasha Mission,Stevensonside,AR,84389,US,True
ADDR002271,PTY002271,billing,72560 Davis Lakes Suite 611,New James,FL,80189,US,True
ADDR002272,PTY002272,risk_location,9729 Timothy Forges Suite 398,Lake Louisland,UT,51649,US,True
ADDR002273,PTY002273,business,6824 Smith Gardens Apt. 714,Stevenville,IL,13760,US,True
ADDR002274,PTY002274,business,752 Sherman Shoals Suite 524,West Cynthia,VT,22448,US,True
ADDR002275,PTY002275,risk_location,88157 Derek Lodge,Port Wendy,CA,85419,US,True
ADDR002276,PTY002276,mailing,878 Dominguez Spring Suite 095,Joshuashire,NH,48786,US,True
ADDR002277,PTY002277,billing,3075 Kimberly Turnpike Suite 580,New Elizabethland,OK,14300,US,True
ADDR002278,PTY002278,billing,214 Wolfe Springs Suite 114,Lake Kerrybury,WV,45701,US,True
ADDR002279,PTY002279,business,82757 Paul Point Suite 689,West Gabriellemouth,MN,97210,US,True
ADDR002280,PTY002280,risk_location,92500 Shannon Dale,Jordanton,CT,58351,US,True
ADDR002281,PTY002281,risk_location,391 Cummings Bypass Suite 898,Carriebury,RI,84986,US,True
ADDR002282,PTY002282,billing,965 Valdez Meadow Suite 706,Michelleberg,WA,93406,US,True
ADDR002283,PTY002283,billing,201 Gregory Gardens,Wrightchester,MS,05438,US,True
ADDR002284,PTY002284,mailing,949 Kristina Parkway Apt. 480,Sarahtown,MT,55913,US,True
ADDR002285,PTY002285,risk_location,09019 Jacob Freeway,Port Jenniferside,AZ,43327,US,True
ADDR002286,PTY002286,mailing,6813 Nathan Path,South Dana,PR,26666,US,True
ADDR002287,PTY002287,billing,7959 Ford Estate,Brianland,TN,54493,US,True
ADDR002288,PTY002288,business,6433 Butler Trail Suite 473,Jonathanton,LA,81471,US,True
ADDR002289,PTY002289,business,2955 Nathan Plaza Suite 802,Port Lorichester,LA,37215,US,True
ADDR002290,PTY002290,business,78094 Berger Turnpike,Austinborough,IL,07919,US,True
ADDR002291,PTY002291,mailing,576 John Port,Duffyhaven,KY,13985,US,True
ADDR002292,PTY002292,mailing,64767 Dylan Skyway Suite 732,West Nancyhaven,DE,42003,US,True
ADDR002293,PTY002293,risk_location,85037 Ryan Forges Apt. 449,Lake Laura,ME,92462,US,True
ADDR002294,PTY002294,mailing,249 Tony Groves,South Andrea,OK,31963,US,True
ADDR002295,PTY002295,billing,8913 Morgan Bypass,East Tylertown,RI,33253,US,True
ADDR002296,PTY002296,billing,16483 Linda Common Apt. 927,Coreyshire,FL,48199,US,True
ADDR002297,PTY002297,billing,06957 Leonard Ridges,Susanchester,MO,91441,US,True
ADDR002298,PTY002298,mailing,21312 Brown Squares,Port Allison,MN,20018,US,True
ADDR002299,PTY002299,mailing,587 Susan Groves,Kimberlybury,AK,26032,US,True
ADDR002300,PTY002300,billing,74440 Phillip Stravenue Suite 490,East Megan,VI,09468,US,True
ADDR002301,PTY002301,mailing,00526 Scott Via,Ortizshire,NM,99425,US,True
ADDR002302,PTY002302,billing,0458 Barnes Port,Lake Kristen,WA,31719,US,True
ADDR002303,PTY002303,primary,824 Joshua Shoal,Thomashaven,WY,65191,US,True
ADDR002304,PTY002304,primary,6752 David Villages,Valeriestad,KS,61747,US,True
ADDR002305,PTY002305,risk_location,4909 Riley Bypass Suite 914,Friedmanberg,MA,16855,US,True
ADDR002306,PTY002306,business,386 Baker Motorway,Port Robertobury,WV,70272,US,True
ADDR002307,PTY002307,business,590 Brown Villages,Michaelmouth,WI,29004,US,True
ADDR002308,PTY002308,mailing,718 Kathy Spur Suite 071,Lake Allison,MP,93092,US,True
ADDR002309,PTY002309,business,47722 Reed Streets,Howellfurt,GA,25032,US,True
ADDR002310,PTY002310,primary,5839 Reynolds Course Apt. 339,South Jonathan,MO,70184,US,True
ADDR002311,PTY002311,billing,42398 Joshua Trail Suite 809,Jonathonville,MA,54757,US,True
ADDR002312,PTY002312,primary,843 Jones Lake Suite 408,Kempchester,WI,64613,US,True
ADDR002313,PTY002313,mailing,599 Eugene Mountain Apt. 245,Taylormouth,OR,85734,US,True
ADDR002314,PTY002314,billing,3497 Marcus Square,East Josephmouth,CO,67312,US,True
ADDR002315,PTY002315,billing,6177 Hunter Camp,North Donaldberg,WI,16914,US,True
ADDR002316,PTY002316,billing,6497 Whitaker Inlet,West Ronald,RI,90503,US,True
ADDR002317,PTY002317,mailing,5600 Luis Knolls Apt. 556,North Thomastown,NE,53449,US,True
ADDR002318,PTY002318,business,957 Maria Knolls Apt. 334,South Heatherside,MD,26357,US,True
ADDR002319,PTY002319,business,082 John Mews,Amandaside,IN,59354,US,True
ADDR002320,PTY002320,mailing,67235 Clifford Drives Apt. 311,South Seanland,IA,80138,US,True
ADDR002321,PTY002321,business,13424 Kim Circle,Lake Crystal,NY,20599,US,True
ADDR002322,PTY002322,risk_location,2236 Harvey Shores Apt. 555,Jasminefort,SC,82239,US,True
ADDR002323,PTY002323,mailing,969 Adam Tunnel Suite 882,South Lauratown,AS,70616,US,True
ADDR002324,PTY002324,primary,465 Adam Lodge,Payneburgh,FL,76623,US,True
ADDR002325,PTY002325,billing,73674 Dawn Lodge Suite 512,West Benjamin,MT,70669,US,True
ADDR002326,PTY002326,risk_location,5734 Frazier Heights Apt. 136,Martinezfort,AK,14509,US,True
ADDR002327,PTY002327,risk_location,6660 Blackwell Garden,Port Codyfort,AS,01874,US,True
ADDR002328,PTY002328,risk_location,883 Jeffery Canyon Apt. 743,Laurenview,NY,18592,US,True
ADDR002329,PTY002329,risk_location,6787 Danielle Prairie Suite 741,Lake Michael,MN,82574,US,True
ADDR002330,PTY002330,risk_location,95870 Anthony Stravenue Apt. 971,New Heather,SD,00755,US,True
ADDR002331,PTY002331,risk_location,5172 Michael Spur Suite 094,Leslieburgh,MI,26527,US,True
ADDR002332,PTY002332,primary,487 Jessica Radial,Jenniferview,ID,70570,US,True
ADDR002333,PTY002333,business,5250 Johnson Islands,Franklinburgh,OH,71443,US,True
ADDR002334,PTY002334,mailing,221 Edwards Shore,Gaineschester,CT,10278,US,True
ADDR002335,PTY002335,business,9159 Hart Valley Suite 085,Lake Shannon,LA,46288,US,True
ADDR002336,PTY002336,business,286 Kathryn Burgs Suite 304,Cookbury,NY,86454,US,True
ADDR002337,PTY002337,risk_location,8662 Jones Village,Brewerfurt,WY,06827,US,True
ADDR002338,PTY002338,billing,176 Zimmerman Heights,East Denise,NH,58202,US,True
ADDR002339,PTY002339,billing,6146 Karen Fords,Andrewberg,KY,91278,US,True
ADDR002340,PTY002340,business,483 Jones Crest,Christinaport,KS,37052,US,True
ADDR002341,PTY002341,risk_location,93497 Ward Island Apt. 141,West Alexis,SD,84254,US,True
ADDR002342,PTY002342,primary,82665 Dunn Vista Apt. 751,South Georgemouth,NH,38176,US,True
ADDR002343,PTY002343,mailing,9504 Eric Trafficway Apt. 602,Port James,MD,18917,US,True
ADDR002344,PTY002344,primary,2306 Watson Forges,Crystalview,MS,23337,US,True
ADDR002345,PTY002345,risk_location,31901 Ross Ramp,Andrewsmouth,TN,53975,US,True
ADDR002346,PTY002346,billing,791 Laurie Stravenue Apt. 510,Nicholasberg,MI,37954,US,True
ADDR002347,PTY002347,mailing,325 Diaz Knoll,Port Jamestown,VA,89792,US,True
ADDR002348,PTY002348,primary,7329 Martinez Trail Suite 108,Bennettville,GU,17063,US,True
ADDR002349,PTY002349,mailing,09676 Eric Street,Lake Josephshire,OK,39331,US,True
ADDR002350,PTY002350,risk_location,897 Hayes Mount,Morsetown,RI,54816,US,True
ADDR002351,PTY002351,business,16818 Erik Mews,Cunninghamstad,SD,46249,US,True
ADDR002352,PTY002352,billing,499 Johnson Field Suite 537,Lake Duane,CA,73317,US,True
ADDR002353,PTY002353,business,8639 Chase Hill Apt. 986,Abigailchester,NH,50251,US,True
ADDR002354,PTY002354,mailing,749 Mejia Lakes Suite 655,West Charlesshire,VA,57315,US,True
ADDR002355,PTY002355,primary,24385 Michael Camp,Lake Lukeview,PA,52261,US,True
ADDR002356,PTY002356,billing,1746 Carrie Mill,Bushborough,PR,06422,US,True
ADDR002357,PTY002357,mailing,0358 Reid Crossing,Christianland,ME,62303,US,True
ADDR002358,PTY002358,risk_location,28811 Roger Freeway,Jameschester,ID,81855,US,True
ADDR002359,PTY002359,mailing,5898 Jonathan Mill,South Scott,OR,12034,US,True
ADDR002360,PTY002360,primary,00158 Haynes Pike,Rebeccamouth,WY,77293,US,True
ADDR002361,PTY002361,primary,96906 Rose Row Suite 181,Kathleenfurt,IN,92989,US,True
ADDR002362,PTY002362,risk_location,325 Wells Ville,Johnsonshire,SC,82101,US,True
ADDR002363,PTY002363,billing,4597 Reyes Gardens,Port John,MS,71026,US,True
ADDR002364,PTY002364,primary,501 Lindsay Islands,West Thomas,CA,35249,US,True
ADDR002365,PTY002365,billing,911 Stephens Extensions,New Megan,AR,55601,US,True
ADDR002366,PTY002366,billing,93359 Martinez Overpass,West Jameschester,IL,95652,US,True
ADDR002367,PTY002367,mailing,252 Daniel Hills Apt. 784,East Andrew,MO,60133,US,True
ADDR002368,PTY002368,primary,040 Michael Shoals,Novakfort,NV,69588,US,True
ADDR002369,PTY002369,primary,753 Joseph Spur Suite 704,Elliotthaven,AL,81168,US,True
ADDR002370,PTY002370,primary,689 Alex Spur,Wrightport,NJ,50996,US,True
ADDR002371,PTY002371,risk_location,4580 John Knolls Suite 373,South Sandra,KS,59772,US,True
ADDR002372,PTY002372,primary,1200 Ethan Rapids Suite 467,Brianburgh,NC,68030,US,True
ADDR002373,PTY002373,billing,34549 Ryan Estate,Ronniemouth,GU,25154,US,True
ADDR002374,PTY002374,billing,13583 Terry Centers Suite 041,Brianton,PW,19650,US,True
ADDR002375,PTY002375,billing,35056 Chris Course Apt. 608,Port Mariaberg,MS,19879,US,True
ADDR002376,PTY002376,mailing,01667 Zachary Estates Apt. 530,Michaelberg,WY,73257,US,True
ADDR002377,PTY002377,business,58404 Lopez Gardens Apt. 760,Port Kimberly,PR,57171,US,True
ADDR002378,PTY002378,business,111 John Junctions Apt. 239,East Michael,MS,02665,US,True
ADDR002379,PTY002379,risk_location,6825 Armstrong Station,Jeffreyburgh,VI,99423,US,True
ADDR002380,PTY002380,billing,77164 Elizabeth Isle,East Mariaberg,CO,05473,US,True
ADDR002381,PTY002381,billing,95384 Evans Extension,East Haileytown,ND,34813,US,True
ADDR002382,PTY002382,risk_location,134 Julie Brooks,Wendyton,VA,57615,US,True
ADDR002383,PTY002383,billing,844 Stephanie Lodge Apt. 082,Port Elizabeth,NJ,33224,US,True
ADDR002384,PTY002384,billing,310 Tina Extensions,Tashafort,WA,66451,US,True
ADDR002385,PTY002385,mailing,4249 Lewis Fields,South James,ME,77600,US,True
ADDR002386,PTY002386,mailing,23499 Richard Roads Apt. 858,Willisstad,NJ,82799,US,True
ADDR002387,PTY002387,primary,2942 Price Drive,Abigailhaven,FL,16631,US,True
ADDR002388,PTY002388,business,31597 William Falls,East Thomasburgh,AK,70931,US,True
ADDR002389,PTY002389,business,631 Nathan Well,Port Aimeeberg,NC,14379,US,True
ADDR002390,PTY002390,risk_location,563 Gutierrez Avenue,Lake Mariamouth,NC,23468,US,True
ADDR002391,PTY002391,primary,49211 Evan Branch Apt. 715,South Kennethberg,NC,14219,US,True
ADDR002392,PTY002392,primary,88072 Anderson Glens,Gonzalezmouth,GA,32743,US,True
ADDR002393,PTY002393,billing,7612 Matthews Common,Sandovalfurt,TN,84668,US,True
ADDR002394,PTY002394,mailing,37521 Joseph Dam Suite 919,Lake Joshua,RI,64674,US,True
ADDR002395,PTY002395,mailing,780 Jackson Point Suite 850,Shannonton,FM,65151,US,True
ADDR002396,PTY002396,mailing,96263 Medina Club,Fieldsfurt,AL,83370,US,True
ADDR002397,PTY002397,billing,839 Reese Cliffs,Port Peterberg,MD,95427,US,True
ADDR002398,PTY002398,business,48391 Howell Vista,West Victoriaborough,GU,58384,US,True
ADDR002399,PTY002399,risk_location,0842 Henry Place,West Emilyton,KY,85872,US,True
ADDR002400,PTY002400,mailing,22961 Vanessa Trafficway,Clarkport,WI,35088,US,True
ADDR002401,PTY002401,business,60965 Thomas Fall Suite 108,South Richardstad,IA,52799,US,True
ADDR002402,PTY002402,risk_location,8163 Michael Springs Apt. 185,Curtisland,WA,12353,US,True
ADDR002403,PTY002403,business,9972 Jaime Knoll Suite 542,New Laurie,MI,22334,US,True
ADDR002404,PTY002404,risk_location,319 John Forge Suite 929,Salazarbury,NJ,38354,US,True
ADDR002405,PTY002405,primary,376 Jeffrey Well,Grayton,WI,38228,US,True
ADDR002406,PTY002406,primary,2864 Jonathan Forge Apt. 780,North Anne,OH,36537,US,True
ADDR002407,PTY002407,primary,946 Kristine Key Suite 737,Lake Scott,SC,43671,US,True
ADDR002408,PTY002408,primary,1254 Adam Row,North Linda,KY,01088,US,True
ADDR002409,PTY002409,mailing,87481 Guzman Turnpike Apt. 593,Michaelport,DE,84055,US,True
ADDR002410,PTY002410,billing,14379 Kelly Forest Apt. 201,Port Johnborough,NH,63650,US,True
ADDR002411,PTY002411,mailing,1657 Bryan Fields Apt. 598,Colemanborough,AK,62317,US,True
ADDR002412,PTY002412,billing,1170 Steven Cliffs,Robertmouth,MN,41174,US,True
ADDR002413,PTY002413,billing,82655 Carrie Motorway,Randallland,MP,77301,US,True
ADDR002414,PTY002414,business,31753 Susan Creek,Rodriguezberg,IN,92084,US,True
ADDR002415,PTY002415,business,07508 Brown Knoll Suite 128,New Andrea,PW,14730,US,True
ADDR002416,PTY002416,risk_location,124 Katrina Passage Suite 903,West Malloryton,WI,99613,US,True
ADDR002417,PTY002417,billing,599 Haynes Alley,Bryanside,KS,37482,US,True
ADDR002418,PTY002418,business,548 Liu Path Apt. 178,South Josephland,MO,35899,US,True
ADDR002419,PTY002419,billing,666 Cynthia Center Apt. 068,New Joanna,CA,21143,US,True
ADDR002420,PTY002420,business,5693 Evans Wall Suite 014,Lake Michael,SD,98773,US,True
ADDR002421,PTY002421,risk_location,9230 Jeffrey Land Suite 597,Tracyhaven,NC,54012,US,True
ADDR002422,PTY002422,primary,7207 Cunningham Villages Apt. 662,Port Markshire,DC,23930,US,True
ADDR002423,PTY002423,business,4578 Holmes Union,Johnsonstad,LA,01532,US,True
ADDR002424,PTY002424,business,016 Lowe Crossroad,New Kellyburgh,NM,85762,US,True
ADDR002425,PTY002425,business,823 Lindsey Mountains Apt. 753,West Mollyfurt,UT,87368,US,True
ADDR002426,PTY002426,primary,810 Chavez Mount,Lake Sandra,GA,56349,US,True
ADDR002427,PTY002427,risk_location,365 Henderson Square,Lake Russell,NH,55861,US,True
ADDR002428,PTY002428,business,3563 Rodriguez Loop Suite 266,East Hannah,MD,92601,US,True
ADDR002429,PTY002429,risk_location,0646 James Stream,East Elizabeth,NJ,10145,US,True
ADDR002430,PTY002430,primary,5165 Shannon Mountains Apt. 623,South Larry,MD,22853,US,True
ADDR002431,PTY002431,mailing,628 Hudson Lodge Apt. 438,North Michelle,FL,61323,US,True
ADDR002432,PTY002432,primary,5227 David Lodge Apt. 389,Davidhaven,NH,64145,US,True
ADDR002433,PTY002433,billing,001 Martin Square Suite 079,South Harry,MO,96475,US,True
ADDR002434,PTY002434,business,1020 Cole Rest Apt. 491,Bushtown,SC,54807,US,True
ADDR002435,PTY002435,business,851 Bell Mall,New Rebecca,MS,04863,US,True
ADDR002436,PTY002436,mailing,70685 Zachary Meadow Suite 778,East Amberland,DC,79543,US,True
ADDR002437,PTY002437,risk_location,088 Jennifer Summit,Linview,AK,20780,US,True
ADDR002438,PTY002438,business,351 Kelly Corners,South Madelineborough,AK,11729,US,True
ADDR002439,PTY002439,billing,12565 Mays Hills Suite 117,New Mary,AS,85949,US,True
ADDR002440,PTY002440,mailing,66805 Paul Vista Suite 707,East Russellville,GA,22984,US,True
ADDR002441,PTY002441,risk_location,0557 Jensen Branch,Lake Seanbury,OR,05694,US,True
ADDR002442,PTY002442,risk_location,27474 Cortez Shoal Apt. 642,Stacychester,HI,15397,US,True
ADDR002443,PTY002443,mailing,595 John River,East Lindsayborough,FL,13963,US,True
ADDR002444,PTY002444,business,83032 Katherine Meadows,Parkshaven,NY,16295,US,True
ADDR002445,PTY002445,mailing,91178 Richard Port Suite 559,Hurleyside,CA,18271,US,True
ADDR002446,PTY002446,risk_location,346 Krystal Shoals Suite 344,Lake Christyfurt,NJ,91030,US,True
ADDR002447,PTY002447,billing,26186 Rogers Drives,Suzannetown,PR,34690,US,True
ADDR002448,PTY002448,business,06828 Karen Manors,New Ashley,LA,84028,US,True
ADDR002449,PTY002449,primary,1854 Ramirez Forges,Johnstad,VT,22942,US,True
ADDR002450,PTY002450,mailing,073 Christopher Lane,Andreaside,AR,13575,US,True
ADDR002451,PTY002451,mailing,9843 Boone Bridge Suite 223,Lake Jaredville,ID,93155,US,True
ADDR002452,PTY002452,primary,08811 Diane Crossroad,Wrightmouth,CA,05097,US,True
ADDR002453,PTY002453,mailing,5934 Brett Port Apt. 609,Morganbury,MO,33072,US,True
ADDR002454,PTY002454,mailing,2283 Jennifer Unions,Catherinestad,AK,63438,US,True
ADDR002455,PTY002455,mailing,602 Suarez Stream Suite 914,Kristinastad,LA,02148,US,True
ADDR002456,PTY002456,mailing,4079 Andrew Tunnel,Lake Laura,RI,17895,US,True
ADDR002457,PTY002457,business,39710 Ward Landing,Clementsborough,FM,27016,US,True
ADDR002458,PTY002458,billing,871 Craig Plain,North David,PR,76066,US,True
ADDR002459,PTY002459,billing,482 Dylan Well Apt. 830,Mayfort,VT,96813,US,True
ADDR002460,PTY002460,business,318 Timothy Motorway Suite 308,New Kristin,CO,61704,US,True
ADDR002461,PTY002461,primary,77631 Martin Villages Suite 586,Ambertown,OK,21213,US,True
ADDR002462,PTY002462,risk_location,1213 Jessica Underpass,Claytontown,AS,20237,US,True
ADDR002463,PTY002463,primary,556 Jones Canyon Suite 326,East Collinfort,MO,56930,US,True
ADDR002464,PTY002464,billing,4239 Maria Springs Suite 123,Lake Seanmouth,ID,10565,US,True
ADDR002465,PTY002465,risk_location,85560 Warner Harbor Suite 549,Delacruzfort,IL,12074,US,True
ADDR002466,PTY002466,mailing,12337 Tammy Motorway Suite 466,South Jennifer,MI,16146,US,True
ADDR002467,PTY002467,primary,5813 Hopkins Glens Suite 856,New Diane,MN,52535,US,True
ADDR002468,PTY002468,billing,50573 Amanda Orchard,West Deborahside,AS,98815,US,True
ADDR002469,PTY002469,business,7784 Perez Corners,Bethmouth,SC,73968,US,True
ADDR002470,PTY002470,mailing,748 Morgan Station Apt. 036,North Anthony,MT,43852,US,True
ADDR002471,PTY002471,risk_location,0583 Wolf Loop,Barbaraland,CT,07030,US,True
ADDR002472,PTY002472,business,14579 Abigail Square Suite 993,Rodriguezchester,GU,61437,US,True
ADDR002473,PTY002473,risk_location,5247 Nicholas Fields,East Steven,MP,91722,US,True
ADDR002474,PTY002474,billing,8771 Edward Parkways Apt. 834,Lake David,ID,92271,US,True
ADDR002475,PTY002475,risk_location,5187 Katherine Forges,South Mistyberg,AZ,21481,US,True
ADDR002476,PTY002476,risk_location,107 William Prairie,Eugenemouth,FM,26077,US,True
ADDR002477,PTY002477,risk_location,212 Lisa Estate,Baxterside,AS,10802,US,True
ADDR002478,PTY002478,billing,27358 Rodriguez Corner Suite 679,Port Erinburgh,PA,39784,US,True
ADDR002479,PTY002479,primary,283 Mejia Center,Tylerbury,MN,95351,US,True
ADDR002480,PTY002480,risk_location,64579 Hawkins Pines,Port Jennifer,MN,05856,US,True
ADDR002481,PTY002481,primary,08385 Matthew Island Apt. 449,East Allisonton,WI,80131,US,True
ADDR002482,PTY002482,mailing,2392 Ramos Villages Apt. 203,Garymouth,CO,91763,US,True
ADDR002483,PTY002483,risk_location,8523 Linda Manor Suite 800,South Teresa,CT,55829,US,True
ADDR002484,PTY002484,risk_location,6314 Barnett Spurs,Walkerland,MP,86668,US,True
ADDR002485,PTY002485,risk_location,38278 Jones Wall Suite 310,Port Brianna,NY,17645,US,True
ADDR002486,PTY002486,billing,867 Jocelyn Square Suite 709,Ramirezshire,VI,45427,US,True
ADDR002487,PTY002487,risk_location,01096 Small Estate,West Geraldchester,VI,31877,US,True
ADDR002488,PTY002488,primary,2387 Sergio Turnpike Suite 472,Benjaminburgh,HI,59401,US,True
ADDR002489,PTY002489,primary,08405 Alan Plains,New Laurenfort,GA,24923,US,True
ADDR002490,PTY002490,risk_location,935 Solomon Hills Suite 646,Nobleview,WI,45060,US,True
ADDR002491,PTY002491,risk_location,00520 Ochoa Neck Apt. 847,Webbchester,UT,83481,US,True
ADDR002492,PTY002492,mailing,289 Williams Brooks Suite 154,North Johnmouth,WA,80527,US,True
ADDR002493,PTY002493,mailing,15503 Taylor Hollow Apt. 839,Josephfort,AZ,68678,US,True
ADDR002494,PTY002494,business,14718 Marquez Rapids,Lake Christinemouth,IN,73888,US,True
ADDR002495,PTY002495,mailing,96716 Martinez Passage Apt. 368,North Marvin,MI,28254,US,True
ADDR002496,PTY002496,primary,6727 Nicholas Junction,North Adamshire,AS,89897,US,True
ADDR002497,PTY002497,mailing,32324 Mark Glen,New Michael,HI,22337,US,True
ADDR002498,PTY002498,business,57488 Gutierrez Fords Apt. 364,Aliciaborough,PW,67690,US,True
ADDR002499,PTY002499,mailing,85930 Riley Square Apt. 560,Port Nicolemouth,OH,62484,US,True
ADDR002500,PTY002500,primary,9514 Sanders Squares,New Jenniferport,DE,68018,US,True
ADDR002501,PTY002501,business,409 Kayla Terrace Apt. 289,Lisaview,DE,06393,US,True
ADDR002502,PTY002502,mailing,48620 Daniel Alley Suite 371,Sullivanberg,UT,96582,US,True
ADDR002503,PTY002503,business,2136 Amber Dam Suite 991,Timothytown,DE,71283,US,True
ADDR002504,PTY002504,risk_location,7667 Williams Mission,Port Christophertown,NH,22160,US,True
ADDR002505,PTY002505,business,22549 Bentley Squares Suite 035,New Don,HI,48763,US,True
ADDR002506,PTY002506,mailing,52089 Jeremy Mountain Suite 816,Jonton,NC,95779,US,True
ADDR002507,PTY002507,risk_location,6649 Carrie Creek Suite 929,Fowlerfurt,ID,94644,US,True
ADDR002508,PTY002508,business,5379 Edward Mountains Apt. 967,South Morgan,PW,21964,US,True
ADDR002509,PTY002509,billing,7504 Jordan River Suite 517,Mitchellshire,IN,85738,US,True
ADDR002510,PTY002510,risk_location,0033 William Ridges Suite 290,South Edward,NY,62156,US,True
ADDR002511,PTY002511,mailing,0388 Charles Junctions Apt. 328,Port Allison,KS,96116,US,True
ADDR002512,PTY002512,risk_location,525 Smith Brook,East Randall,FL,14862,US,True
ADDR002513,PTY002513,billing,7351 Justin Underpass Apt. 250,Kennethborough,MI,52224,US,True
ADDR002514,PTY002514,mailing,729 Roberts Union Suite 234,Port Andrew,HI,85843,US,True
ADDR002515,PTY002515,business,403 Melanie Prairie,Shannonchester,CA,08217,US,True
ADDR002516,PTY002516,mailing,9671 Deborah Loaf,Katherineshire,MN,43013,US,True
ADDR002517,PTY002517,mailing,84167 Cynthia Cliffs Suite 627,Moniquehaven,HI,97762,US,True
ADDR002518,PTY002518,primary,475 Suzanne Trail,New Christopher,GU,03262,US,True
ADDR002519,PTY002519,billing,119 Ruiz Divide,Andersonhaven,ND,23596,US,True
ADDR002520,PTY002520,billing,34693 Martinez Meadows,Garytown,MD,54546,US,True
ADDR002521,PTY002521,business,3628 Gregory Shore Apt. 631,West Jordanfort,IN,08007,US,True
ADDR002522,PTY002522,risk_location,552 Adams Spring,Rodriguezport,CO,65259,US,True
ADDR002523,PTY002523,business,083 Tonya Junctions Apt. 133,East Joelview,ID,12436,US,True
ADDR002524,PTY002524,mailing,13940 Gloria Shores Suite 251,Nicoleton,IL,30944,US,True
ADDR002525,PTY002525,primary,19171 Katrina Ville,East Coltonberg,MA,70730,US,True
ADDR002526,PTY002526,risk_location,01092 Barton Radial Apt. 995,Lake Theresamouth,AR,04441,US,True
ADDR002527,PTY002527,risk_location,278 Nicholson Dam,Humphreyfort,NM,48444,US,True
ADDR002528,PTY002528,risk_location,487 Willie Cliff Suite 538,Angelaborough,AR,77803,US,True
ADDR002529,PTY002529,primary,218 Moore Drives,Youngburgh,CO,18342,US,True
ADDR002530,PTY002530,billing,289 Julie Heights,South Bryanland,MS,56625,US,True
ADDR002531,PTY002531,business,299 Campbell Curve,East Aaron,GA,37404,US,True
ADDR002532,PTY002532,billing,3855 William Cove,North Stevenfort,MI,20706,US,True
ADDR002533,PTY002533,mailing,6754 Michael Harbors Apt. 548,Torresmouth,NM,47917,US,True
ADDR002534,PTY002534,primary,02776 Amy Mountains Apt. 712,East Christophermouth,MH,03719,US,True
ADDR002535,PTY002535,mailing,48001 Ronald Squares,Brownshire,UT,23427,US,True
ADDR002536,PTY002536,mailing,760 Timothy Club Apt. 114,South Elizabeth,MO,57088,US,True
ADDR002537,PTY002537,billing,786 Cruz Harbors Apt. 261,North Glennberg,RI,96022,US,True
ADDR002538,PTY002538,billing,984 Mccoy Ford,Port Linda,MT,14020,US,True
ADDR002539,PTY002539,mailing,683 Anthony Springs Suite 678,Sophiaport,VT,90330,US,True
ADDR002540,PTY002540,billing,1557 Melvin Plains Suite 893,West Briana,OK,59639,US,True
ADDR002541,PTY002541,business,9145 James Island Suite 392,Lindaview,DC,11351,US,True
ADDR002542,PTY002542,billing,0878 Ortega Trafficway,Patriciafurt,PW,44570,US,True
ADDR002543,PTY002543,business,24189 William Mount Suite 674,Youngville,WA,46972,US,True
ADDR002544,PTY002544,business,166 Ballard Forest,Jamesberg,AL,75218,US,True
ADDR002545,PTY002545,primary,8598 Kevin Parkway Apt. 148,Port Johnville,MO,39375,US,True
ADDR002546,PTY002546,primary,3673 Debra Court Suite 241,Bartlettton,AR,90957,US,True
ADDR002547,PTY002547,business,73242 Joel Plain,West Josephside,IN,85692,US,True
ADDR002548,PTY002548,billing,4846 Brown Islands Apt. 855,Mitchellborough,NY,22133,US,True
ADDR002549,PTY002549,risk_location,4777 Reynolds Fords Suite 641,Hooverstad,NH,08792,US,True
ADDR002550,PTY002550,billing,3860 Peterson Point,Bethchester,AR,63041,US,True
ADDR002551,PTY002551,primary,538 Henderson Knolls,Lake Staceyberg,MA,54372,US,True
ADDR002552,PTY002552,mailing,349 Tracy Ports Suite 320,East Shawnview,MS,70696,US,True
ADDR002553,PTY002553,billing,0847 Robert Shoals Apt. 897,Port William,AS,11789,US,True
ADDR002554,PTY002554,mailing,95106 Brittney Lodge Apt. 418,Martinborough,SD,01068,US,True
ADDR002555,PTY002555,primary,43388 Sandra Junctions Apt. 822,Kennedyfort,GA,04245,US,True
ADDR002556,PTY002556,primary,11140 Hall Mall Apt. 507,Josephburgh,AR,12488,US,True
ADDR002557,PTY002557,risk_location,827 Jean Spur Suite 652,East Chadport,NM,02519,US,True
ADDR002558,PTY002558,mailing,697 David Islands Apt. 303,Mitchellbury,GA,08617,US,True
ADDR002559,PTY002559,risk_location,79325 Lopez Plain,Hutchinsontown,AZ,13494,US,True
ADDR002560,PTY002560,business,836 Cynthia Glen Suite 380,Cordovaberg,MH,04178,US,True
ADDR002561,PTY002561,primary,5110 Ramirez Views,Wongbury,VI,37160,US,True
ADDR002562,PTY002562,risk_location,5670 Jacob Parkways,South Theresa,ID,82675,US,True
ADDR002563,PTY002563,primary,9233 David Hollow Apt. 527,Griffithland,DE,64577,US,True
ADDR002564,PTY002564,billing,34082 Walker Points Suite 452,New Sabrinaberg,WY,14396,US,True
ADDR002565,PTY002565,business,357 Kenneth Rue Apt. 491,North Brianview,MN,47835,US,True
ADDR002566,PTY002566,mailing,108 Gaines Street,East Kevin,NM,29263,US,True
ADDR002567,PTY002567,risk_location,107 Rowland Isle Suite 522,Port Joshua,WI,97670,US,True
ADDR002568,PTY002568,billing,51949 Adam Extensions Suite 366,Timothyport,LA,93035,US,True
ADDR002569,PTY002569,business,85545 Carrillo Ramp,Christensenberg,GU,40064,US,True
ADDR002570,PTY002570,primary,8119 Virginia Gardens Suite 069,West Timothy,AL,17937,US,True
ADDR002571,PTY002571,primary,69522 Michael Mission,Woodsburgh,VA,60197,US,True
ADDR002572,PTY002572,risk_location,09757 Margaret Prairie Apt. 821,West Bradley,SD,21685,US,True
ADDR002573,PTY002573,billing,7683 Baldwin Plaza,Andersonborough,FM,96259,US,True
ADDR002574,PTY002574,business,225 Lewis Path Suite 301,South Aaronchester,PA,20663,US,True
ADDR002575,PTY002575,billing,57263 Mariah Ford,Port Ann,DC,29018,US,True
ADDR002576,PTY002576,billing,117 Larson Way,Jessebury,IN,14990,US,True
ADDR002577,PTY002577,business,255 Scott Passage Apt. 782,North Scottland,MD,97667,US,True
ADDR002578,PTY002578,billing,1159 Ann Land,Yoderland,AL,65822,US,True
ADDR002579,PTY002579,business,59102 Jason Junctions,Port Jenniferfort,KY,76109,US,True
ADDR002580,PTY002580,billing,3515 Horn Parkways,Maryborough,MO,54655,US,True
ADDR002581,PTY002581,mailing,886 Christine Square Suite 217,Melissahaven,WA,91743,US,True
ADDR002582,PTY002582,primary,1520 Eric Crescent Suite 122,Floydmouth,PR,94145,US,True
ADDR002583,PTY002583,business,350 Suzanne Trace,Port Scottfurt,WV,57794,US,True
ADDR002584,PTY002584,mailing,054 Kelly Alley,Washingtonville,PW,45550,US,True
ADDR002585,PTY002585,risk_location,0909 Tate Loop,Port Jerry,CO,84077,US,True
ADDR002586,PTY002586,business,471 William Fall,West Richard,ID,00755,US,True
ADDR002587,PTY002587,mailing,96721 Elizabeth Street Apt. 697,New Sharontown,OR,87823,US,True
ADDR002588,PTY002588,primary,134 Zhang Orchard,West Jack,AK,16419,US,True
ADDR002589,PTY002589,mailing,629 Ann Branch Apt. 505,South Maryhaven,OK,15944,US,True
ADDR002590,PTY002590,risk_location,300 Anthony Locks,New Priscillaview,NY,35639,US,True
ADDR002591,PTY002591,mailing,308 Adams Island Apt. 620,Marshallstad,ID,02030,US,True
ADDR002592,PTY002592,risk_location,442 Giles Summit,Johnbury,AR,25429,US,True
ADDR002593,PTY002593,billing,847 Hale Parkway,New Katherine,AK,14886,US,True
ADDR002594,PTY002594,business,318 Juarez Causeway Apt. 256,Lake Kristin,KY,74807,US,True
ADDR002595,PTY002595,risk_location,275 Clark Crossroad Suite 225,North Greggland,OH,17064,US,True
ADDR002596,PTY002596,mailing,7681 Miller Spur,North Heatherborough,NH,70091,US,True
ADDR002597,PTY002597,risk_location,858 Daniel Plaza Apt. 051,Armstrongport,VI,18753,US,True
ADDR002598,PTY002598,risk_location,056 Bullock Haven,South Sarah,ND,72482,US,True
ADDR002599,PTY002599,risk_location,290 Vincent Walks,Port Anthony,NC,72712,US,True
ADDR002600,PTY002600,risk_location,44229 Cheyenne Fall,Jaredland,UT,09628,US,True
ADDR002601,PTY002601,business,3415 Frazier Tunnel,South Michelleville,OR,03560,US,True
ADDR002602,PTY002602,risk_location,026 Jeremy Harbors Suite 705,Lake Cynthia,OK,36985,US,True
ADDR002603,PTY002603,risk_location,9833 Tiffany Parkway Apt. 117,Tonyton,IL,56499,US,True
ADDR002604,PTY002604,risk_location,2632 Rodriguez Fields,Simpsonport,OR,58119,US,True
ADDR002605,PTY002605,billing,967 Cesar Rapids,New Heidishire,WI,88344,US,True
ADDR002606,PTY002606,business,5353 Carolyn Viaduct,Larryview,ME,77892,US,True
ADDR002607,PTY002607,mailing,80471 Bautista Garden Suite 390,South Jessica,NY,46757,US,True
ADDR002608,PTY002608,billing,297 Jillian Shoal,Port Suzanneland,IN,93521,US,True
ADDR002609,PTY002609,business,437 Sullivan Summit Apt. 648,Port Michaelborough,MI,76571,US,True
ADDR002610,PTY002610,risk_location,1171 Allison Meadow,Amyburgh,PR,40264,US,True
ADDR002611,PTY002611,primary,865 Elliott Forest,East Jaredborough,MP,63554,US,True
ADDR002612,PTY002612,mailing,7154 Hernandez Flats,South Tonyafort,PW,34626,US,True
ADDR002613,PTY002613,billing,44853 Hood Ports Apt. 890,North Joport,NM,08642,US,True
ADDR002614,PTY002614,primary,4541 Roth Flat,Port Lisa,MD,84276,US,True
ADDR002615,PTY002615,risk_location,472 Kyle Mountains Suite 076,Port Karenside,CO,96751,US,True
ADDR002616,PTY002616,billing,68814 Charles Springs Suite 413,Bartontown,WV,45888,US,True
ADDR002617,PTY002617,business,239 Mark Stravenue,South Lisafurt,HI,29443,US,True
ADDR002618,PTY002618,primary,12394 Lee Fall Suite 116,New Angela,AK,46263,US,True
ADDR002619,PTY002619,business,519 Alexis Forge Apt. 787,Port Joan,IN,72615,US,True
ADDR002620,PTY002620,billing,73544 Duke Mountain Apt. 201,West Michaelville,OK,38430,US,True
ADDR002621,PTY002621,mailing,7827 Knight Valley Suite 068,Port Anthony,AR,95401,US,True
ADDR002622,PTY002622,business,387 Edward Stream Apt. 740,New Alexander,NC,17489,US,True
ADDR002623,PTY002623,primary,00156 Richardson Fork Suite 751,Gregoryland,OR,48229,US,True
ADDR002624,PTY002624,business,5470 Roy Throughway Apt. 628,Romerofurt,MN,45012,US,True
ADDR002625,PTY002625,business,717 Janice Spring Apt. 122,North Thomasshire,IA,63134,US,True
ADDR002626,PTY002626,billing,0676 House Track,Sergioland,NC,39291,US,True
ADDR002627,PTY002627,mailing,92656 Mitchell Fords Apt. 726,Sellersbury,VA,03096,US,True
ADDR002628,PTY002628,risk_location,946 Nathaniel Creek Apt. 217,Meganton,WV,05386,US,True
ADDR002629,PTY002629,risk_location,7398 Linda Tunnel Suite 814,Cantrellfurt,AS,13926,US,True
ADDR002630,PTY002630,mailing,618 Bell Skyway Suite 943,Loriborough,WI,32938,US,True
ADDR002631,PTY002631,mailing,66381 William Village,Tammybury,KY,81578,US,True
ADDR002632,PTY002632,mailing,152 Tracy Brook Apt. 926,North Kathryn,AR,42284,US,True
ADDR002633,PTY002633,business,0239 Sandra Wall Apt. 914,Monroemouth,MT,83023,US,True
ADDR002634,PTY002634,business,6553 Patricia Estate Apt. 548,Faithfurt,SC,78862,US,True
ADDR002635,PTY002635,primary,31362 Justin Route Apt. 593,South Lauraborough,OH,73490,US,True
ADDR002636,PTY002636,risk_location,899 Michelle Loop,North Marchaven,NE,23093,US,True
ADDR002637,PTY002637,risk_location,308 Morrison Port Suite 335,Port Kevinland,MA,33713,US,True
ADDR002638,PTY002638,primary,361 Dylan Trail Apt. 572,Lake Madelineside,MT,27184,US,True
ADDR002639,PTY002639,billing,971 Andrea Centers,Danabury,MI,72510,US,True
ADDR002640,PTY002640,primary,7624 Deborah Stravenue Apt. 659,New Jamestown,PW,23781,US,True
ADDR002641,PTY002641,primary,062 Jeffrey Shore,Lake Tiffany,TX,29835,US,True
ADDR002642,PTY002642,primary,617 Bishop Alley Suite 558,East Joseph,MI,92791,US,True
ADDR002643,PTY002643,primary,738 Mathews Streets,North Carol,ID,63958,US,True
ADDR002644,PTY002644,primary,14436 Elizabeth Island Suite 414,Watsonview,OH,83673,US,True
ADDR002645,PTY002645,mailing,469 James Roads Apt. 475,New Joseph,NM,66644,US,True
ADDR002646,PTY002646,business,744 Jordan Garden Suite 500,Delgadoberg,VI,74060,US,True
ADDR002647,PTY002647,primary,8465 Gonzalez Meadows,South Jameshaven,AS,21513,US,True
ADDR002648,PTY002648,billing,9443 Thompson Drives,Port Nicoleside,AR,44731,US,True
ADDR002649,PTY002649,billing,21675 Geoffrey Motorway Suite 743,Danielleside,MP,83207,US,True
ADDR002650,PTY002650,business,315 Amanda Union Suite 154,Port Tyler,MO,94925,US,True
ADDR002651,PTY002651,primary,51899 Billy Lane,Mckinneyhaven,TN,42979,US,True
ADDR002652,PTY002652,billing,225 Mccarty Loop Suite 860,West Ashleyville,UT,46036,US,True
ADDR002653,PTY002653,billing,82907 Nancy Corners,South Lindaville,AS,06431,US,True
ADDR002654,PTY002654,mailing,52319 Kim Glen Suite 891,Fergusonfort,TN,45743,US,True
ADDR002655,PTY002655,mailing,1551 Olivia Underpass Suite 606,East Johnville,VI,64676,US,True
ADDR002656,PTY002656,risk_location,6077 Green Orchard,Hayesport,MP,07618,US,True
ADDR002657,PTY002657,billing,44880 Steven Plaza Suite 687,New Jesusshire,CO,05041,US,True
ADDR002658,PTY002658,risk_location,30317 Miller Camp Apt. 283,Courtneyshire,ND,28635,US,True
ADDR002659,PTY002659,business,34385 Bush Summit Suite 886,West Robert,KS,45134,US,True
ADDR002660,PTY002660,mailing,023 Bell Motorway,Lauramouth,LA,23202,US,True
ADDR002661,PTY002661,primary,506 Jones Club Apt. 237,North Alyssa,DE,10975,US,True
ADDR002662,PTY002662,billing,548 Christopher Extension,New Lisa,FM,63356,US,True
ADDR002663,PTY002663,business,8980 Robinson Fort,Ashleystad,TN,32086,US,True
ADDR002664,PTY002664,business,3113 Smith Mews,Port Andrewshire,AS,69584,US,True
ADDR002665,PTY002665,primary,93287 Rachel Brooks Suite 343,Johnbury,TX,04066,US,True
ADDR002666,PTY002666,primary,56861 Gill Summit,Michellestad,AZ,67447,US,True
ADDR002667,PTY002667,primary,62759 Anderson Path,New Christianport,AK,27434,US,True
ADDR002668,PTY002668,business,4186 Lindsey Mountain,Michellechester,IN,88528,US,True
ADDR002669,PTY002669,risk_location,724 Jeremy Fork Apt. 225,Lake Jason,VT,01960,US,True
ADDR002670,PTY002670,primary,1203 Campbell Landing,Port Jon,GA,08439,US,True
ADDR002671,PTY002671,risk_location,94904 Peterson Motorway,Marymouth,FM,62072,US,True
ADDR002672,PTY002672,billing,29977 Gary Village,Maxfort,AR,02074,US,True
ADDR002673,PTY002673,risk_location,35318 Cox Views Suite 367,New Jamieshire,KY,49669,US,True
ADDR002674,PTY002674,business,9949 Miller Trail Suite 104,North Lori,MD,31360,US,True
ADDR002675,PTY002675,primary,43561 Michael Mills,South Susantown,MT,22468,US,True
ADDR002676,PTY002676,billing,088 Martinez Shoals,Stanleyport,PR,88401,US,True
ADDR002677,PTY002677,business,50262 Mary Run Suite 607,Morenoton,PW,07932,US,True
ADDR002678,PTY002678,business,24429 Silva Plains Apt. 530,Lake Chad,MS,50694,US,True
ADDR002679,PTY002679,primary,34786 Cook Villages,Walterville,MN,76973,US,True
ADDR002680,PTY002680,billing,50314 Julie Prairie Apt. 351,Jenniferland,WA,94980,US,True
ADDR002681,PTY002681,risk_location,50467 Shannon Trace,Natashaburgh,OK,31125,US,True
ADDR002682,PTY002682,mailing,10168 Steven Passage,Port Willieton,MP,33213,US,True
ADDR002683,PTY002683,business,468 James Trace,Anthonyborough,PA,48384,US,True
ADDR002684,PTY002684,primary,759 Kimberly Roads Suite 311,Dylanville,OK,92884,US,True
ADDR002685,PTY002685,risk_location,3762 Wood Circle Suite 161,East Bonniefort,TN,66850,US,True
ADDR002686,PTY002686,risk_location,798 Diana Knoll,Port Denise,MT,46595,US,True
ADDR002687,PTY002687,business,974 Reid Harbors,Davidside,SD,07419,US,True
ADDR002688,PTY002688,business,7146 Keller Springs,Lisahaven,CT,36595,US,True
ADDR002689,PTY002689,risk_location,3617 Jennifer Tunnel,Port Timothy,IA,17486,US,True
ADDR002690,PTY002690,risk_location,096 Wise Heights,Lake Megantown,MN,82469,US,True
ADDR002691,PTY002691,mailing,78191 Nicole Flat,Lake Andrew,MI,55875,US,True
ADDR002692,PTY002692,risk_location,154 White Views,South Justin,PA,20225,US,True
ADDR002693,PTY002693,risk_location,2877 Clark Squares Suite 398,North Kristen,MO,27493,US,True
ADDR002694,PTY002694,mailing,57203 Travis Knolls Apt. 410,South Rebeccaburgh,KY,85314,US,True
ADDR002695,PTY002695,primary,01504 Neal Ports,Curtisstad,VT,60491,US,True
ADDR002696,PTY002696,business,58895 Karen Trace,Christianside,MD,04768,US,True
ADDR002697,PTY002697,risk_location,650 Jessica Drives Apt. 876,Donnaborough,CA,30062,US,True
ADDR002698,PTY002698,primary,610 Cooper Vista,Barbermouth,IN,12575,US,True
ADDR002699,PTY002699,primary,565 Loretta Divide,Mcguirechester,KS,96639,US,True
ADDR002700,PTY002700,mailing,7633 Lawson Stream,Sandraberg,WA,75074,US,True
ADDR002701,PTY002701,mailing,8422 Lewis Corner Suite 524,East Paul,MH,07208,US,True
ADDR002702,PTY002702,risk_location,465 Daniel Square,Vincentfort,HI,43415,US,True
ADDR002703,PTY002703,mailing,652 Lynn Falls,East Natalie,NM,54576,US,True
ADDR002704,PTY002704,risk_location,2254 Thomas Burgs Suite 785,Paulburgh,MD,41923,US,True
ADDR002705,PTY002705,billing,5776 Ronald Inlet Apt. 829,Newmanburgh,KS,02971,US,True
ADDR002706,PTY002706,mailing,500 Hill Drive,Rebeccafurt,RI,35064,US,True
ADDR002707,PTY002707,mailing,704 Carol Prairie Suite 531,East Timothy,MT,84194,US,True
ADDR002708,PTY002708,primary,7728 Rodriguez Island Suite 579,North Aprilville,MN,61505,US,True
ADDR002709,PTY002709,billing,502 Nash Track,Briannabury,NE,81911,US,True
ADDR002710,PTY002710,business,475 Love Springs Suite 529,New Barbaraview,FL,65817,US,True
ADDR002711,PTY002711,risk_location,00259 Jimenez Parks,New Gerald,DE,11110,US,True
ADDR002712,PTY002712,business,370 Arias Turnpike,West Roberttown,KY,48283,US,True
ADDR002713,PTY002713,business,938 Tim Avenue Suite 178,Danielville,KS,05630,US,True
ADDR002714,PTY002714,risk_location,71425 Wolfe Pines Suite 273,Walshstad,DC,35019,US,True
ADDR002715,PTY002715,mailing,80697 Elizabeth Union Suite 515,Lake Stephanieshire,PA,45781,US,True
ADDR002716,PTY002716,billing,063 Roach Highway,West Nancy,CA,84512,US,True
ADDR002717,PTY002717,billing,8477 Michael Forest,Port Josephton,GA,97743,US,True
ADDR002718,PTY002718,business,38162 Claudia Run,Shanemouth,IN,64733,US,True
ADDR002719,PTY002719,risk_location,14730 Kathryn Highway Suite 319,Lake Martha,SC,16422,US,True
ADDR002720,PTY002720,primary,95705 Whitney Villages,Orozcoborough,VA,18591,US,True
ADDR002721,PTY002721,billing,74656 Brandon Shoal,Christopherland,ME,43968,US,True
ADDR002722,PTY002722,billing,7510 David Curve Suite 510,Taylorstad,OH,85782,US,True
ADDR002723,PTY002723,risk_location,36077 Andres Isle,Port Christopherport,WA,17665,US,True
ADDR002724,PTY002724,business,7796 Andrew Mill Apt. 520,Lake Kathyshire,IL,77702,US,True
ADDR002725,PTY002725,mailing,1790 Crystal Meadow Suite 693,Austinville,DC,61349,US,True
ADDR002726,PTY002726,mailing,985 Timothy Isle Apt. 301,Juliebury,AZ,12893,US,True
ADDR002727,PTY002727,risk_location,970 Tyler Light,West Travis,WY,19366,US,True
ADDR002728,PTY002728,risk_location,79316 Wang Roads Suite 897,Port Ashleymouth,SD,01876,US,True
ADDR002729,PTY002729,primary,157 Owens Lights,South Austinville,LA,45926,US,True
ADDR002730,PTY002730,primary,80695 Melinda Passage Apt. 750,New Kevinberg,NE,50173,US,True
ADDR002731,PTY002731,primary,453 Mary Viaduct,Petersenshire,MI,02555,US,True
ADDR002732,PTY002732,billing,301 Chandler Crest,Blaketon,NM,68081,US,True
ADDR002733,PTY002733,billing,386 Hall Via,Pamelaside,LA,15732,US,True
ADDR002734,PTY002734,business,968 Wilkerson Field Suite 091,Adamsmouth,MH,42270,US,True
ADDR002735,PTY002735,primary,761 Murphy Place,North Joshua,NJ,19532,US,True
ADDR002736,PTY002736,risk_location,15586 Kennedy Knolls Apt. 499,Port Alanborough,SD,91721,US,True
ADDR002737,PTY002737,risk_location,32509 Thomas Loaf Suite 268,Port Mariah,AK,59260,US,True
ADDR002738,PTY002738,mailing,692 Elizabeth Inlet,Daveburgh,WV,72672,US,True
ADDR002739,PTY002739,mailing,626 Kimberly Fords Suite 565,Cruzbury,SD,87785,US,True
ADDR002740,PTY002740,risk_location,91658 Cummings Underpass,North Brookestad,WV,76858,US,True
ADDR002741,PTY002741,primary,48219 Costa Ford Suite 815,East Ann,DE,25826,US,True
ADDR002742,PTY002742,business,95688 Perry Parks,New Patriciabury,NV,22904,US,True
ADDR002743,PTY002743,risk_location,90001 Stewart Burgs,New Joshua,NC,11558,US,True
ADDR002744,PTY002744,business,828 Smith Ways Suite 506,Melissaborough,OK,37305,US,True
ADDR002745,PTY002745,billing,406 Brittany Lodge Apt. 965,Matthewfort,OH,85949,US,True
ADDR002746,PTY002746,risk_location,9277 Deanna Loop Apt. 671,Jacksonport,VI,50798,US,True
ADDR002747,PTY002747,business,496 James Lights Suite 063,North Teresachester,VI,43037,US,True
ADDR002748,PTY002748,business,385 Sheppard River Apt. 209,Summersport,AK,70978,US,True
ADDR002749,PTY002749,business,1352 Wilson Forks Apt. 732,New Josephberg,HI,53533,US,True
ADDR002750,PTY002750,business,2976 Shannon Walks,Katherineview,VI,58442,US,True
ADDR002751,PTY002751,risk_location,15522 Michael Creek,Haydenville,TN,76028,US,True
ADDR002752,PTY002752,primary,3921 Stevens Estate Suite 848,Thomasview,VT,82851,US,True
ADDR002753,PTY002753,primary,28284 Hicks Alley,South Nicoleborough,GU,21016,US,True
ADDR002754,PTY002754,business,371 Stephenson Glen Apt. 708,East Jacobfurt,CO,84513,US,True
ADDR002755,PTY002755,billing,730 Reed Spurs,Teresabury,DE,07498,US,True
ADDR002756,PTY002756,business,73033 Allison Loop,Port Laurenside,AS,85177,US,True
ADDR002757,PTY002757,risk_location,9265 Kristy Fields,West Eric,MI,22073,US,True
ADDR002758,PTY002758,mailing,491 Sabrina Tunnel,North Jessicashire,MN,64595,US,True
ADDR002759,PTY002759,billing,63470 Jimenez Extensions,Lopezside,NE,17080,US,True
ADDR002760,PTY002760,business,426 Jordan Field Apt. 531,East Williamside,VT,45504,US,True
ADDR002761,PTY002761,risk_location,0752 Christopher Ramp Apt. 985,East Brianside,DE,84606,US,True
ADDR002762,PTY002762,risk_location,497 Cynthia Square Suite 183,Bankshaven,GA,89420,US,True
ADDR002763,PTY002763,business,96634 Young Street,Port Robertborough,HI,09652,US,True
ADDR002764,PTY002764,billing,55882 Allison Mission,Lindseymouth,KS,31459,US,True
ADDR002765,PTY002765,mailing,68267 Townsend Squares Apt. 517,Nicoleside,NE,22256,US,True
ADDR002766,PTY002766,mailing,480 Daniel Ramp Suite 091,Johnside,TN,22964,US,True
ADDR002767,PTY002767,risk_location,82889 Thomas Squares,North Bryanmouth,MA,26561,US,True
ADDR002768,PTY002768,billing,195 Mason Cove Suite 000,West Alexander,AZ,65073,US,True
ADDR002769,PTY002769,billing,9032 Lori Ville,North Stephen,PW,93719,US,True
ADDR002770,PTY002770,risk_location,027 Jones Shores,Melissahaven,MA,17823,US,True
ADDR002771,PTY002771,primary,0448 Amber Course Apt. 807,Valeriehaven,WY,53792,US,True
ADDR002772,PTY002772,mailing,215 Garcia Shoals Suite 137,Port Connie,UT,87058,US,True
ADDR002773,PTY002773,risk_location,0401 Rodney Tunnel Apt. 650,Port Yvonne,MA,57386,US,True
ADDR002774,PTY002774,mailing,244 Christopher Fall Suite 010,Amandaview,MN,73075,US,True
ADDR002775,PTY002775,mailing,7299 Moore Mount Suite 578,Port Michael,GU,08991,US,True
ADDR002776,PTY002776,risk_location,49987 Hernandez Grove Suite 218,East Davidborough,KY,61517,US,True
ADDR002777,PTY002777,risk_location,1921 Cody Road,New Robert,AZ,31519,US,True
ADDR002778,PTY002778,risk_location,463 Hall Stream,New Susan,OK,49734,US,True
ADDR002779,PTY002779,risk_location,49334 Tammy Pike Suite 911,Port Michael,MP,89052,US,True
ADDR002780,PTY002780,billing,06197 Jessica Extensions Apt. 004,Smithport,AL,06523,US,True
ADDR002781,PTY002781,business,365 Cox Wall,South Allisonview,KY,00921,US,True
ADDR002782,PTY002782,risk_location,55775 Angela Club Suite 718,Gregoryshire,NC,09540,US,True
ADDR002783,PTY002783,billing,90687 Mckee Falls,Marioburgh,NJ,54186,US,True
ADDR002784,PTY002784,billing,4653 Courtney Glens Apt. 074,Whitetown,MA,93951,US,True
ADDR002785,PTY002785,business,6105 Donna Squares,South Holly,NE,44739,US,True
ADDR002786,PTY002786,risk_location,632 Buck Trace Apt. 510,South Jacquelineburgh,NJ,19207,US,True
ADDR002787,PTY002787,risk_location,523 Anthony Views,Mckenzieborough,MS,14792,US,True
ADDR002788,PTY002788,risk_location,073 Mark Summit,Matamouth,NE,95778,US,True
ADDR002789,PTY002789,business,726 James Way,Port Lisamouth,IN,68900,US,True
ADDR002790,PTY002790,billing,43217 Martin Cliff Suite 173,Richardbury,DE,50575,US,True
ADDR002791,PTY002791,business,482 Desiree Tunnel,Sanchezton,NC,85397,US,True
ADDR002792,PTY002792,billing,873 Abigail Turnpike Suite 587,Heatherstad,PA,10648,US,True
ADDR002793,PTY002793,risk_location,72003 Miller Knolls,South Barbara,PR,43376,US,True
ADDR002794,PTY002794,primary,69104 Miranda Highway Suite 249,North Melissa,NV,80512,US,True
ADDR002795,PTY002795,billing,98522 Cunningham Mountains,Nathanshire,PA,26593,US,True
ADDR002796,PTY002796,billing,5776 Wagner Grove Apt. 430,Greenebury,WV,68021,US,True
ADDR002797,PTY002797,mailing,766 Strickland Corner,North Markview,OR,35605,US,True
ADDR002798,PTY002798,billing,28155 Jill Via Apt. 694,Andreamouth,FL,78542,US,True
ADDR002799,PTY002799,risk_location,080 Turner Fork,South Edwardburgh,IN,47306,US,True
ADDR002800,PTY002800,billing,8028 Lisa Terrace Suite 234,Colleenborough,TN,72506,US,True
ADDR002801,PTY002801,billing,330 Horn Inlet Suite 502,Johnsonland,LA,19451,US,True
ADDR002802,PTY002802,primary,0400 Michael Avenue Suite 612,Juanside,GU,12772,US,True
ADDR002803,PTY002803,mailing,67321 Harrison Freeway Apt. 337,New David,AZ,43444,US,True
ADDR002804,PTY002804,billing,7189 Nunez Lane Suite 073,Hamiltonmouth,PA,35884,US,True
ADDR002805,PTY002805,primary,957 Daniel Squares,Hillchester,HI,54107,US,True
ADDR002806,PTY002806,billing,14202 Emily Manor Apt. 622,Anthonymouth,IN,13113,US,True
ADDR002807,PTY002807,mailing,794 Oliver Coves,Fosterchester,NV,35642,US,True
ADDR002808,PTY002808,risk_location,379 Leslie Spurs Apt. 328,Taylorberg,TN,41266,US,True
ADDR002809,PTY002809,risk_location,71398 Gibbs Squares Suite 740,Lake Steven,OR,24098,US,True
ADDR002810,PTY002810,mailing,239 Dawn Islands Suite 589,Jamesside,ND,03740,US,True
ADDR002811,PTY002811,business,149 Jason Walk Suite 051,North Duanechester,OK,49224,US,True
ADDR002812,PTY002812,primary,005 Hernandez Centers,Suzannestad,GA,44296,US,True
ADDR002813,PTY002813,business,654 William Tunnel Apt. 979,Prattfurt,FL,98031,US,True
ADDR002814,PTY002814,billing,79339 Nicole Rue Suite 953,Colefurt,NM,03844,US,True
ADDR002815,PTY002815,business,08610 Walter Parkways,Romerofort,MI,70894,US,True
ADDR002816,PTY002816,business,64820 Brandon Extension Apt. 820,Luisfort,PW,64475,US,True
ADDR002817,PTY002817,risk_location,21167 Garcia Park,South Catherine,KS,38851,US,True
ADDR002818,PTY002818,billing,43450 Anthony Port,Richardside,OK,09621,US,True
ADDR002819,PTY002819,mailing,080 Rivers Roads,New Nicholas,TX,56415,US,True
ADDR002820,PTY002820,business,03678 Smith Walks Apt. 550,Thomasport,FM,06790,US,True
ADDR002821,PTY002821,billing,2269 Jason Haven Apt. 891,New Alexanderberg,MI,39938,US,True
ADDR002822,PTY002822,billing,6866 Edwin Parkway Suite 564,Jessicachester,AS,70071,US,True
ADDR002823,PTY002823,primary,59930 Gentry Roads Apt. 823,Matthewburgh,TX,15158,US,True
ADDR002824,PTY002824,mailing,4888 Kimberly Ridges,Tracyburgh,MT,65279,US,True
ADDR002825,PTY002825,risk_location,76867 Dean Mountain Suite 423,Curtisberg,MH,95933,US,True
ADDR002826,PTY002826,billing,784 Robert Alley,West Lisachester,NE,78342,US,True
ADDR002827,PTY002827,billing,9653 Fernando Inlet,Lake Nancy,CA,95939,US,True
ADDR002828,PTY002828,business,858 Banks Cliffs Suite 464,Kaitlynchester,AL,91226,US,True
ADDR002829,PTY002829,primary,223 John Square,Dorothyview,MH,26135,US,True
ADDR002830,PTY002830,risk_location,84642 Garcia Isle,Edwardsview,MN,24900,US,True
ADDR002831,PTY002831,business,1380 Melissa Turnpike,East Brian,NH,51333,US,True
ADDR002832,PTY002832,primary,7007 John Rapids Apt. 194,Christinafurt,WA,65788,US,True
ADDR002833,PTY002833,billing,973 Adam Falls,Laneland,NE,15612,US,True
ADDR002834,PTY002834,mailing,532 Stewart Valleys,East Deniseborough,WY,69275,US,True
ADDR002835,PTY002835,business,013 Christopher Ports Suite 387,Davidbury,LA,79390,US,True
ADDR002836,PTY002836,mailing,878 Massey Lodge,East Karenmouth,MD,68597,US,True
ADDR002837,PTY002837,mailing,28043 Scott Light,Jessicachester,UT,87026,US,True
ADDR002838,PTY002838,business,03919 Smith Fields Apt. 247,North Kevin,AL,85809,US,True
ADDR002839,PTY002839,billing,0650 Caleb Unions,Evansborough,NV,25159,US,True
ADDR002840,PTY002840,risk_location,8232 Williamson Neck,Clarktown,IL,49751,US,True
ADDR002841,PTY002841,business,1050 Baker Crescent,Port Kimberlyport,OH,18570,US,True
ADDR002842,PTY002842,mailing,9741 Tammy Path Apt. 069,Port Samuelland,AZ,25305,US,True
ADDR002843,PTY002843,mailing,353 Lang Dam,Joshuafort,CA,33488,US,True
ADDR002844,PTY002844,business,4681 Cole Grove Suite 777,Katherinemouth,HI,92936,US,True
ADDR002845,PTY002845,primary,372 Mendoza River,Scottton,VI,99603,US,True
ADDR002846,PTY002846,mailing,1370 Linda Bridge Suite 955,Johnville,ID,10315,US,True
ADDR002847,PTY002847,risk_location,2968 Nicholas Inlet,North Mariafort,AR,12741,US,True
ADDR002848,PTY002848,business,9275 Jackson Plains,Janetfort,FL,62983,US,True
ADDR002849,PTY002849,risk_location,17370 Estrada Key Suite 883,Keithstad,NY,58030,US,True
ADDR002850,PTY002850,billing,50450 Cooper Roads,North Marietown,MH,75850,US,True
ADDR002851,PTY002851,business,93853 Tina Corner,Aaronmouth,NJ,54657,US,True
ADDR002852,PTY002852,primary,977 Lee Mews Apt. 256,Phillipsside,MS,47468,US,True
ADDR002853,PTY002853,billing,854 Kevin River Suite 071,Darrenburgh,AL,25824,US,True
ADDR002854,PTY002854,primary,459 Bruce Junction Apt. 346,North Elizabethfurt,OR,45603,US,True
ADDR002855,PTY002855,risk_location,985 Joy Spring,Williamsshire,MP,61067,US,True
ADDR002856,PTY002856,mailing,07730 Keith Squares,South Kathyside,KS,45226,US,True
ADDR002857,PTY002857,risk_location,71285 Christina Summit,Jonesview,AR,43633,US,True
ADDR002858,PTY002858,mailing,57876 Brittany Falls,Lake Brandon,LA,15852,US,True
ADDR002859,PTY002859,primary,9505 Marc Gateway,Yangton,MS,63872,US,True
ADDR002860,PTY002860,billing,832 Dorothy Tunnel Suite 499,Johnsonville,MO,69773,US,True
ADDR002861,PTY002861,primary,027 French Forest,Josephberg,KY,97788,US,True
ADDR002862,PTY002862,billing,49532 Wright Landing Suite 497,Katiebury,PA,51038,US,True
ADDR002863,PTY002863,primary,482 Hicks Trace Suite 079,Johnsonberg,GU,17490,US,True
ADDR002864,PTY002864,risk_location,701 Riggs Curve,Shermanport,ND,15983,US,True
ADDR002865,PTY002865,mailing,363 Cooper Lodge,East Samuelberg,MH,25933,US,True
ADDR002866,PTY002866,mailing,56188 Michael Lodge Suite 259,Lake Amy,OK,20879,US,True
ADDR002867,PTY002867,billing,22746 Charles Fall Suite 038,West Michaelshire,MD,62381,US,True
ADDR002868,PTY002868,primary,654 Matthew Roads,East Craigmouth,NV,68188,US,True
ADDR002869,PTY002869,billing,3616 Kevin Freeway Apt. 555,North Jenniferside,CT,84379,US,True
ADDR002870,PTY002870,primary,2100 Brian Mount Apt. 866,Andradestad,WY,35648,US,True
ADDR002871,PTY002871,primary,25183 Amanda Ferry Apt. 718,West Melissa,OH,77897,US,True
ADDR002872,PTY002872,mailing,4823 Wade Manors,South Paulside,MO,66354,US,True
ADDR002873,PTY002873,risk_location,29015 Angela Union,Abbottchester,MS,49682,US,True
ADDR002874,PTY002874,billing,69441 Christina Crest,South Shelby,AL,67531,US,True
ADDR002875,PTY002875,business,4812 Parker Way,New Lawrence,VT,90995,US,True
ADDR002876,PTY002876,mailing,4439 Baker Mission,Crystalmouth,VA,01460,US,True
ADDR002877,PTY002877,business,965 Noah Islands Apt. 756,West Nathanmouth,WY,32956,US,True
ADDR002878,PTY002878,risk_location,14334 Wilson Mount Apt. 184,West Juanmouth,CT,49503,US,True
ADDR002879,PTY002879,business,199 Palmer Grove,Popemouth,WI,21101,US,True
ADDR002880,PTY002880,risk_location,81345 Paula Turnpike Suite 262,New Rebecca,IN,93673,US,True
ADDR002881,PTY002881,mailing,042 Jeremy Summit Apt. 723,New Jamesview,MN,54619,US,True
ADDR002882,PTY002882,mailing,2148 Karen Turnpike,East Joshua,IA,63955,US,True
ADDR002883,PTY002883,billing,982 Walker Road,West Danielle,WY,47934,US,True
ADDR002884,PTY002884,risk_location,0114 Charles Street,Lake John,WV,28272,US,True
ADDR002885,PTY002885,risk_location,97349 Vega Prairie,Lake Shellymouth,FM,82817,US,True
ADDR002886,PTY002886,billing,5178 Morrison Causeway Apt. 604,West Kellyland,NJ,27788,US,True
ADDR002887,PTY002887,risk_location,621 Sarah Fords,West Michael,ID,06629,US,True
ADDR002888,PTY002888,billing,18136 Sydney Street,Port Mallorymouth,OR,88120,US,True
ADDR002889,PTY002889,risk_location,087 Melanie Radial Apt. 237,Herreraton,AS,06548,US,True
ADDR002890,PTY002890,risk_location,2032 Hines Trail Suite 335,North Elizabethfurt,TN,92171,US,True
ADDR002891,PTY002891,primary,8552 Steven Neck Apt. 971,Hickschester,HI,07173,US,True
ADDR002892,PTY002892,mailing,506 Spears Grove Suite 966,West Richardview,GU,01411,US,True
ADDR002893,PTY002893,mailing,008 Padilla Drive Apt. 889,South Lancehaven,WI,12821,US,True
ADDR002894,PTY002894,mailing,414 Carol Wells Suite 257,Lake Mathewview,VT,40876,US,True
ADDR002895,PTY002895,risk_location,82915 Bryant Field,Jessicastad,MI,09885,US,True
ADDR002896,PTY002896,mailing,72883 David Mountain Apt. 178,Longmouth,NV,79477,US,True
ADDR002897,PTY002897,business,446 Gilbert Centers Suite 080,East Jamesmouth,MP,56362,US,True
ADDR002898,PTY002898,business,04720 Anna Ridges,Annettemouth,RI,50965,US,True
ADDR002899,PTY002899,risk_location,5601 Sanchez Vista Apt. 355,Joshuachester,VT,92964,US,True
ADDR002900,PTY002900,billing,2064 Cooke Stream,East Cynthiashire,CA,91233,US,True
ADDR002901,PTY002901,primary,9530 Mendez Island Apt. 526,Pottsshire,NJ,93204,US,True
ADDR002902,PTY002902,billing,0699 Daniel Fall,North Jesse,KS,41171,US,True
ADDR002903,PTY002903,business,990 Ashley Ports,Lake Lance,CT,13793,US,True
ADDR002904,PTY002904,mailing,8592 Rose Ports,Benjaminhaven,WI,84800,US,True
ADDR002905,PTY002905,primary,9847 Emily Turnpike,North Stephanieside,CT,59726,US,True
ADDR002906,PTY002906,business,8737 Karl Road Apt. 256,Stephenchester,GA,66311,US,True
ADDR002907,PTY002907,billing,4465 Mitchell Station Suite 755,New Phillipchester,CT,41197,US,True
ADDR002908,PTY002908,primary,4850 Mary Cliff,Pamelamouth,AZ,29941,US,True
ADDR002909,PTY002909,primary,923 Monica Square,Garciastad,CO,96893,US,True
ADDR002910,PTY002910,primary,603 Daniel Isle,Bakerburgh,ND,03669,US,True
ADDR002911,PTY002911,primary,055 Scott Glens,Davisville,KY,58199,US,True
ADDR002912,PTY002912,mailing,65608 Brandon Corners Apt. 725,Fowlerside,UT,11385,US,True
ADDR002913,PTY002913,risk_location,9760 Jennifer Hollow,Smithland,AZ,87135,US,True
ADDR002914,PTY002914,risk_location,77772 Cohen Mission,South Vanessashire,SD,76589,US,True
ADDR002915,PTY002915,primary,724 Gonzalez Vista Suite 184,Lake Shannonfort,DC,55148,US,True
ADDR002916,PTY002916,risk_location,18460 Crawford Shore Apt. 574,North Kathleenburgh,NE,68700,US,True
ADDR002917,PTY002917,business,9691 Jeffery Harbor Apt. 017,North Joshua,VI,39791,US,True
ADDR002918,PTY002918,primary,0837 Joseph Gardens Apt. 415,South Sierratown,VI,38253,US,True
ADDR002919,PTY002919,business,98998 Walters Route Apt. 107,Grahamborough,AR,08807,US,True
ADDR002920,PTY002920,billing,19944 Barber Haven Suite 617,Port George,RI,50273,US,True
ADDR002921,PTY002921,primary,018 Elizabeth Manors,Hicksmouth,NH,29472,US,True
ADDR002922,PTY002922,risk_location,01222 Karen Ridge Apt. 375,Millerfurt,AK,28359,US,True
ADDR002923,PTY002923,billing,236 Angela Forest,Julieshire,LA,82171,US,True
ADDR002924,PTY002924,business,138 Joseph Place Apt. 271,Port Cathy,WI,45219,US,True
ADDR002925,PTY002925,billing,1400 Ellis Manors Apt. 588,East Cristina,ID,79103,US,True
ADDR002926,PTY002926,business,851 Day Divide,Sullivanton,UT,21307,US,True
ADDR002927,PTY002927,risk_location,379 Nguyen Turnpike Suite 994,South David,KS,68993,US,True
ADDR002928,PTY002928,risk_location,16879 Barry Spurs,Wolfview,WV,45158,US,True
ADDR002929,PTY002929,business,95711 Martin Village Apt. 372,Kimberlyburgh,FM,75405,US,True
ADDR002930,PTY002930,risk_location,04085 Christina Mission Suite 135,Huntmouth,TX,34273,US,True
ADDR002931,PTY002931,mailing,342 Jordan Spurs,Lake Sandra,DC,52503,US,True
ADDR002932,PTY002932,business,95365 Christian Fort Apt. 790,Lake Cherylville,LA,90138,US,True
ADDR002933,PTY002933,mailing,109 Booth Drive,Port Christopher,AZ,65649,US,True
ADDR002934,PTY002934,mailing,2157 Kelly Bypass Suite 679,Lambmouth,WY,43082,US,True
ADDR002935,PTY002935,primary,29262 Weber Fort,Vazquezmouth,MP,97805,US,True
ADDR002936,PTY002936,risk_location,137 Hodge Via Suite 750,West Charles,MD,12138,US,True
ADDR002937,PTY002937,primary,802 Briggs Street,West Julieborough,HI,57531,US,True
ADDR002938,PTY002938,billing,4591 Harrell Haven Suite 491,Lopezbury,PW,34980,US,True
ADDR002939,PTY002939,billing,17742 Rivera Street,Matthewfurt,NC,64197,US,True
ADDR002940,PTY002940,mailing,680 Kyle Knoll Apt. 845,Gonzalezbury,MS,58973,US,True
ADDR002941,PTY002941,billing,9963 Kara Prairie Suite 952,South Christinechester,AK,14371,US,True
ADDR002942,PTY002942,risk_location,2339 David Trace Suite 011,Danielton,TN,10543,US,True
ADDR002943,PTY002943,billing,6134 Ortega Parks Apt. 506,Bradleymouth,KY,14047,US,True
ADDR002944,PTY002944,billing,5479 Anthony Junctions Apt. 017,Lake Darleneville,FL,24545,US,True
ADDR002945,PTY002945,risk_location,41360 Gina Shore Suite 692,Howeview,AR,06139,US,True
ADDR002946,PTY002946,business,40509 Kennedy Cliffs Apt. 653,Meghanmouth,RI,56511,US,True
ADDR002947,PTY002947,business,367 Anthony Flat,East Emily,UT,38535,US,True
ADDR002948,PTY002948,mailing,9592 Angela Lakes,South Melissaport,SD,77385,US,True
ADDR002949,PTY002949,billing,2344 Marshall Ville,Brianville,NJ,48620,US,True
ADDR002950,PTY002950,primary,93692 Angela Ways Suite 050,Jasonmouth,AL,62221,US,True
ADDR002951,PTY002951,billing,9024 Grant Field Suite 571,Hunttown,RI,39348,US,True
ADDR002952,PTY002952,mailing,940 Mckinney Summit,West Misty,VA,45614,US,True
ADDR002953,PTY002953,risk_location,58848 Kelly Orchard Apt. 864,West Cindy,ME,48426,US,True
ADDR002954,PTY002954,primary,894 Lowe Street Apt. 356,Hartland,NM,11834,US,True
ADDR002955,PTY002955,mailing,36767 Kennedy Hills Apt. 254,Port Joe,MI,60655,US,True
ADDR002956,PTY002956,risk_location,5397 Boyd Locks Suite 892,New Bryanland,KS,09751,US,True
ADDR002957,PTY002957,primary,8365 Lawson Road,Lake Christinaland,MT,04360,US,True
ADDR002958,PTY002958,risk_location,1945 Carr Cove Apt. 791,Abigailtown,RI,94589,US,True
ADDR002959,PTY002959,business,585 Alyssa Light,Port Gregorymouth,VT,58901,US,True
ADDR002960,PTY002960,risk_location,57759 Tara Alley,Dianaside,WI,60710,US,True
ADDR002961,PTY002961,billing,85289 Sanchez Inlet Suite 416,South Frankport,MN,95970,US,True
ADDR002962,PTY002962,risk_location,60683 Wilson Summit Apt. 755,North Sarah,MT,73921,US,True
ADDR002963,PTY002963,risk_location,65169 Lisa Oval Apt. 725,Pennyshire,DC,21188,US,True
ADDR002964,PTY002964,primary,973 Garcia Mountains,North Charleschester,MS,46535,US,True
ADDR002965,PTY002965,risk_location,704 John Lock Apt. 421,Port Brian,MD,61289,US,True
ADDR002966,PTY002966,primary,07950 Amy Estates Suite 683,East David,AL,04575,US,True
ADDR002967,PTY002967,business,981 Joy Harbors Suite 363,West Joseph,RI,79981,US,True
ADDR002968,PTY002968,primary,433 Ramos Light,Lake Donald,AL,80555,US,True
ADDR002969,PTY002969,mailing,18666 Daniel Glens Suite 491,West Jonathan,PA,49895,US,True
ADDR002970,PTY002970,business,649 Thompson Ridge,Harrismouth,VA,43927,US,True
ADDR002971,PTY002971,mailing,2786 Allen Pine Suite 119,Matthewhaven,WY,53570,US,True
ADDR002972,PTY002972,mailing,30229 Morgan Lock,East Ashleyside,NV,94216,US,True
ADDR002973,PTY002973,risk_location,01263 Cobb Knolls Suite 104,Mandybury,NJ,66691,US,True
ADDR002974,PTY002974,primary,14742 Amanda Curve Suite 991,East Bryantown,DE,06074,US,True
ADDR002975,PTY002975,mailing,54754 Donna Vista,Jeffreyfurt,IN,08550,US,True
ADDR002976,PTY002976,business,856 Gomez Islands,Millsburgh,AL,65144,US,True
ADDR002977,PTY002977,primary,815 Harmon Terrace Suite 136,New Billyside,DE,11506,US,True
ADDR002978,PTY002978,mailing,94333 Cindy Orchard Apt. 428,South Caitlinfurt,TN,53537,US,True
ADDR002979,PTY002979,mailing,0044 Williams Ville Suite 185,Marystad,IN,00511,US,True
ADDR002980,PTY002980,risk_location,24666 Grimes Prairie,Port Robert,IL,35622,US,True
ADDR002981,PTY002981,risk_location,945 Joseph Meadow Apt. 417,Evansshire,NE,06416,US,True
ADDR002982,PTY002982,billing,0484 Brandon Path Apt. 869,East Ryanshire,SC,44292,US,True
ADDR002983,PTY002983,billing,42827 Gardner Junctions Apt. 290,New Phillip,CA,13801,US,True
ADDR002984,PTY002984,business,0629 Sullivan Harbor Suite 265,New Calvin,MS,08170,US,True
ADDR002985,PTY002985,business,023 Ramos Mountain Apt. 900,New Leahmouth,RI,69302,US,True
ADDR002986,PTY002986,business,29061 Curtis Branch Apt. 670,West Kayla,HI,27394,US,True
ADDR002987,PTY002987,billing,82934 Chase Radial Suite 189,Rojasland,AK,87583,US,True
ADDR002988,PTY002988,primary,55868 Jessica Hollow Apt. 426,Floresfort,WA,59802,US,True
ADDR002989,PTY002989,mailing,37069 Michael Stravenue,Nicolebury,NC,52726,US,True
ADDR002990,PTY002990,mailing,698 Rios Prairie,Amandachester,MI,64277,US,True
ADDR002991,PTY002991,risk_location,35493 Allen Greens,Robertaside,NY,72393,US,True
ADDR002992,PTY002992,risk_location,26078 Morse Green Suite 550,West Gregory,VI,34691,US,True
ADDR002993,PTY002993,business,411 Fernando Drive,Marilynborough,MA,77183,US,True
ADDR002994,PTY002994,risk_location,1956 Franco Estates Suite 091,Port Suzanne,NJ,43186,US,True
ADDR002995,PTY002995,primary,44088 Austin Cape,Lake Monica,DC,96331,US,True
ADDR002996,PTY002996,billing,981 Anthony Oval,North Chelsea,IA,35866,US,True
ADDR002997,PTY002997,business,1737 Nelson Courts Suite 054,Lake Marisa,MO,02404,US,True
ADDR002998,PTY002998,primary,99832 Stephenson Trafficway,Lake Davidchester,MT,18512,US,True
ADDR002999,PTY002999,risk_location,029 Wheeler Forge,Amyview,MS,53431,US,True
ADDR003000,PTY003000,business,09531 Martin Station,Melissashire,NY,96352,US,True
ADDR003001,PTY003001,primary,7930 Kara Lodge,East Angel,NC,80085,US,True
ADDR003002,PTY003002,primary,87754 Jordan Brooks,Rogersville,ID,50442,US,True
ADDR003003,PTY003003,risk_location,3386 Maddox Streets Apt. 206,West Chelsea,AK,39764,US,True
ADDR003004,PTY003004,billing,268 Michael Trace Suite 150,Ortizfort,CO,40532,US,True
ADDR003005,PTY003005,primary,5812 James Station Suite 197,Lake Scott,GU,46519,US,True
ADDR003006,PTY003006,primary,642 Christopher Common,Moorehaven,NE,05018,US,True
ADDR003007,PTY003007,risk_location,7590 Miller Roads,Sethport,MT,50335,US,True
ADDR003008,PTY003008,billing,3441 Andrew Ways,New Lori,PR,55960,US,True
ADDR003009,PTY003009,primary,404 Charles River,Amandaton,DC,28356,US,True
ADDR003010,PTY003010,risk_location,5515 Michael Ridges,Nelsontown,NV,21272,US,True
ADDR003011,PTY003011,primary,117 Hull Locks Suite 404,Burnsport,CT,39577,US,True
ADDR003012,PTY003012,risk_location,8995 Nathaniel Station Apt. 662,West Ronaldshire,VT,49370,US,True
ADDR003013,PTY003013,business,561 Graham Neck Apt. 614,Lake Andreaville,NC,74115,US,True
ADDR003014,PTY003014,mailing,700 Kim Field,Davisberg,DE,23602,US,True
ADDR003015,PTY003015,business,819 Ayala Mission Apt. 511,South Tammyhaven,NC,88800,US,True
ADDR003016,PTY003016,billing,280 Levy Prairie Apt. 020,Sabrinashire,WA,93512,US,True
ADDR003017,PTY003017,risk_location,95771 Erin Ridge,Blackshire,PR,28544,US,True
ADDR003018,PTY003018,business,12010 Osborne Roads,Porterhaven,NV,72090,US,True
ADDR003019,PTY003019,billing,13097 Melissa Shoals Apt. 639,Sullivanhaven,OR,15479,US,True
ADDR003020,PTY003020,business,33441 Mark Stravenue Suite 346,East David,IN,16079,US,True
ADDR003021,PTY003021,mailing,36358 Meyer Mission,Jacksonmouth,MH,74599,US,True
ADDR003022,PTY003022,primary,902 Christian Branch,New Chelseabury,VA,28718,US,True
ADDR003023,PTY003023,mailing,0115 Susan Court Suite 910,South Veronica,TX,22053,US,True
ADDR003024,PTY003024,billing,11443 Jill Shoal,North Amanda,NY,06999,US,True
ADDR003025,PTY003025,business,354 Young Gateway,South Dustin,GA,96954,US,True
ADDR003026,PTY003026,billing,0488 Dawn Lodge Apt. 396,Walkerborough,MI,57078,US,True
ADDR003027,PTY003027,risk_location,534 Steele Course,West Michelle,MI,00823,US,True
ADDR003028,PTY003028,mailing,46752 Sparks Falls Suite 872,Ellenmouth,PR,48763,US,True
ADDR003029,PTY003029,risk_location,39357 Crystal Prairie Apt. 635,East Markmouth,MD,04296,US,True
ADDR003030,PTY003030,billing,886 Daniel Ports Apt. 201,South Deniseshire,LA,39718,US,True
ADDR003031,PTY003031,billing,87373 Johnson Cliff Apt. 326,West Sandra,RI,65504,US,True
ADDR003032,PTY003032,primary,1449 Barrett Ridges,Henryborough,WY,42416,US,True
ADDR003033,PTY003033,billing,94927 Henry Viaduct Suite 951,Candiceland,VI,25828,US,True
ADDR003034,PTY003034,billing,59985 Emily Square,Andersonland,WA,83227,US,True
ADDR003035,PTY003035,business,80986 Cooper Rest Apt. 411,West Jeffreyside,AR,78049,US,True
ADDR003036,PTY003036,mailing,7980 Philip Trail Apt. 023,East Josephtown,HI,35106,US,True
ADDR003037,PTY003037,risk_location,09130 Michael Hills Apt. 120,East Sergio,OH,00758,US,True
ADDR003038,PTY003038,mailing,8917 Warren Village,Richardbury,KY,09008,US,True
ADDR003039,PTY003039,business,1312 Adam Shoal,New Kellyborough,KS,26996,US,True
ADDR003040,PTY003040,primary,747 Reese Mount Apt. 461,Lake Laura,KY,94785,US,True
ADDR003041,PTY003041,business,002 Karen Drive,West Joanna,HI,85345,US,True
ADDR003042,PTY003042,primary,77255 Wilson Lock,South Michele,NE,46840,US,True
ADDR003043,PTY003043,mailing,740 Berry Heights,West Spencer,MA,99516,US,True
ADDR003044,PTY003044,primary,2479 Perkins Isle,Lake Elizabethland,PA,40441,US,True
ADDR003045,PTY003045,risk_location,5765 Christopher Way Apt. 847,New Leah,AR,90615,US,True
ADDR003046,PTY003046,business,358 Miller Turnpike Suite 098,New Connieport,KY,40045,US,True
ADDR003047,PTY003047,business,22964 Dawn View Apt. 139,West Kimberly,GU,00749,US,True
ADDR003048,PTY003048,mailing,75350 Anthony Circles,Austinchester,SD,47109,US,True
ADDR003049,PTY003049,risk_location,564 Meyers Corners Apt. 380,Estradamouth,AL,22208,US,True
ADDR003050,PTY003050,billing,2794 Daniel Junctions Suite 767,Huntmouth,ID,23940,US,True
ADDR003051,PTY003051,mailing,4788 Adams Port,Bauerbury,WY,03509,US,True
ADDR003052,PTY003052,primary,31306 Melendez Gardens,Davidberg,MP,94526,US,True
ADDR003053,PTY003053,risk_location,355 Bernard Summit,Richardtown,MD,16148,US,True
ADDR003054,PTY003054,risk_location,453 Barnes Isle,Johnburgh,NJ,48554,US,True
ADDR003055,PTY003055,business,751 Hill Flat,East Jessicaborough,TN,33070,US,True
ADDR003056,PTY003056,billing,880 Jeremy Trace,South Emily,VA,18037,US,True
ADDR003057,PTY003057,business,009 Kathleen Pine,West Jamesland,MO,79369,US,True
ADDR003058,PTY003058,business,27789 Benjamin Pass Suite 909,Port Pamela,DC,32343,US,True
ADDR003059,PTY003059,billing,69553 Sean Via,Cathyfurt,MS,77243,US,True
ADDR003060,PTY003060,billing,04112 Roberto Gardens,Martinburgh,FM,74313,US,True
ADDR003061,PTY003061,billing,7384 Sullivan Curve Apt. 378,Thomasport,PW,01273,US,True
ADDR003062,PTY003062,primary,61113 Timothy Spurs,Stacystad,DC,77966,US,True
ADDR003063,PTY003063,business,36927 Ross Path,Lake Scott,IA,36036,US,True
ADDR003064,PTY003064,business,869 Cheyenne Lake Apt. 111,North Tylerhaven,FM,67001,US,True
ADDR003065,PTY003065,business,410 Howe Harbors Suite 161,North Cassieland,MP,65322,US,True
ADDR003066,PTY003066,billing,78920 Willis Lake Suite 444,New Williamburgh,OR,32641,US,True
ADDR003067,PTY003067,business,51762 Jessica Parks,North Rachel,LA,34012,US,True
ADDR003068,PTY003068,mailing,65458 Linda Gateway,Batesstad,WI,23415,US,True
ADDR003069,PTY003069,primary,8876 Morales Falls Suite 319,South Lindsayport,LA,63781,US,True
ADDR003070,PTY003070,mailing,4203 Clements Brooks,North Paula,ID,16290,US,True
ADDR003071,PTY003071,mailing,4237 Jackie Track,North Katherineborough,AK,90930,US,True
ADDR003072,PTY003072,primary,4870 Jennifer Inlet,South Ericville,AS,55429,US,True
ADDR003073,PTY003073,risk_location,291 Jasmine Cliff,East Brendan,ND,53651,US,True
ADDR003074,PTY003074,billing,922 Melinda Heights Apt. 718,Port Kimberlyville,PR,57272,US,True
ADDR003075,PTY003075,risk_location,93230 Jennifer Green Suite 247,New Amy,VT,54724,US,True
ADDR003076,PTY003076,primary,88888 Edgar Greens Suite 777,Masonview,IA,78787,US,True
ADDR003077,PTY003077,billing,94928 Brian Springs,South Kyle,OK,45215,US,True
ADDR003078,PTY003078,mailing,0856 Jennifer Overpass Apt. 091,Lake Beckytown,HI,13322,US,True
ADDR003079,PTY003079,risk_location,8585 Patricia Plaza,Wrightfurt,GU,33434,US,True
ADDR003080,PTY003080,business,82027 Martin Springs Apt. 436,Anthonystad,IL,04710,US,True
ADDR003081,PTY003081,business,31833 Brittany Freeway,East Morgan,AZ,46045,US,True
ADDR003082,PTY003082,primary,7355 Weaver Fork,Williamsburgh,PR,60262,US,True
ADDR003083,PTY003083,primary,03700 Sally Dale,East Beverly,DC,54292,US,True
ADDR003084,PTY003084,billing,754 Samantha Glen,South Seanbury,IA,40688,US,True
ADDR003085,PTY003085,mailing,10136 Joshua Club,Josephburgh,FM,60789,US,True
ADDR003086,PTY003086,mailing,28534 Martin Crossing,North Donna,PR,11394,US,True
ADDR003087,PTY003087,primary,2589 Bradley Plains,South Jenniferside,NH,65348,US,True
ADDR003088,PTY003088,mailing,7453 Nicole Key,Donaldchester,CT,80118,US,True
ADDR003089,PTY003089,business,3610 Henderson Stream,East Felicia,IN,14214,US,True
ADDR003090,PTY003090,business,080 Smith Parkways Suite 454,North Jeffrey,TN,97092,US,True
ADDR003091,PTY003091,business,908 Ortiz Estates,Samanthamouth,MP,30684,US,True
ADDR003092,PTY003092,risk_location,332 Obrien Stream Apt. 188,Clementsville,DE,87635,US,True
ADDR003093,PTY003093,risk_location,391 Alyssa Spring,Andreastad,OK,36066,US,True
ADDR003094,PTY003094,mailing,0271 Hines Stream Suite 809,Lake Mikechester,CO,44925,US,True
ADDR003095,PTY003095,mailing,231 Turner Fork,Charlesberg,WV,56694,US,True
ADDR003096,PTY003096,primary,173 Samuel Hill,Chloemouth,CO,76438,US,True
ADDR003097,PTY003097,business,6298 Jordan Forges Suite 266,North Michael,MO,34856,US,True
ADDR003098,PTY003098,mailing,9507 Owen Island Apt. 536,North Andreville,OH,38076,US,True
ADDR003099,PTY003099,mailing,6954 Edwards Unions,Port Louisside,PA,92633,US,True
ADDR003100,PTY003100,billing,9132 Palmer Groves Suite 230,New Alejandro,NC,00993,US,True
ADDR003101,PTY003101,risk_location,4906 Kaitlyn Hill,Petersonton,MS,55829,US,True
ADDR003102,PTY003102,billing,198 Anthony Lock Apt. 334,Taylorview,HI,22227,US,True
ADDR003103,PTY003103,billing,531 Kelly Tunnel Apt. 532,East Cindy,CO,46915,US,True
ADDR003104,PTY003104,primary,54399 Herrera Squares,New Joshuaberg,OK,31917,US,True
ADDR003105,PTY003105,mailing,1482 Rick Rue,Port Rachelside,SD,01302,US,True
ADDR003106,PTY003106,primary,711 Lambert Tunnel,Charlesview,GA,44723,US,True
ADDR003107,PTY003107,risk_location,0192 Charles View,Port Amandabury,CO,54170,US,True
ADDR003108,PTY003108,business,69070 Gina Port Suite 855,North Nicholasstad,CO,20060,US,True
ADDR003109,PTY003109,business,611 Erin Walks,Matthewmouth,ND,01185,US,True
ADDR003110,PTY003110,primary,022 Jillian Shoal,South Annafort,LA,95706,US,True
ADDR003111,PTY003111,billing,192 Hernandez Greens Apt. 776,North Joseph,OH,49396,US,True
ADDR003112,PTY003112,billing,404 Pollard Heights Suite 418,Wilsonhaven,GU,77250,US,True
ADDR003113,PTY003113,primary,44711 Brewer Key,Port Jameshaven,SC,55885,US,True
ADDR003114,PTY003114,mailing,236 Gutierrez Roads,Randallburgh,OH,56067,US,True
ADDR003115,PTY003115,risk_location,5757 Ritter Mills Apt. 902,Port Kellyton,UT,45695,US,True
ADDR003116,PTY003116,mailing,32594 Jennifer Prairie Apt. 813,West Brandontown,AS,85168,US,True
ADDR003117,PTY003117,mailing,6365 Sanchez Crossing Suite 839,Perezland,MI,09243,US,True
ADDR003118,PTY003118,primary,55499 Janice Plains Suite 593,South Edward,AK,49360,US,True
ADDR003119,PTY003119,primary,639 Kimberly Station,South Jackmouth,TN,31541,US,True
ADDR003120,PTY003120,mailing,725 Bill Lodge Suite 299,Teresastad,ID,19519,US,True
ADDR003121,PTY003121,business,445 Lee Expressway Apt. 373,Lake Troy,NC,33536,US,True
ADDR003122,PTY003122,billing,18135 Jones Well Suite 940,Maldonadoburgh,VT,60688,US,True
ADDR003123,PTY003123,mailing,3756 Monica Lakes,Lake Calebburgh,MA,19980,US,True
ADDR003124,PTY003124,primary,468 Patrick Road Apt. 121,Davidville,ME,63694,US,True
ADDR003125,PTY003125,business,826 Vasquez Ports Suite 552,Port Suzanne,SD,80569,US,True
ADDR003126,PTY003126,billing,130 Debbie Point Apt. 146,North Jacob,SC,98326,US,True
ADDR003127,PTY003127,primary,47091 Wood Corner,East Keithmouth,WV,82826,US,True
ADDR003128,PTY003128,primary,8680 Leon Fork Apt. 612,New Gregory,NV,17230,US,True
ADDR003129,PTY003129,billing,4143 Melody Crest,Port Diana,GA,90261,US,True
ADDR003130,PTY003130,mailing,157 Quinn Canyon Apt. 812,Kevinchester,IL,95709,US,True
ADDR003131,PTY003131,mailing,781 Martinez Route Suite 663,West Lucaschester,CT,46147,US,True
ADDR003132,PTY003132,primary,67990 Susan Summit Suite 321,Lake Randall,SD,01847,US,True
ADDR003133,PTY003133,business,0363 Larson Views,Mullinsburgh,UT,36224,US,True
ADDR003134,PTY003134,mailing,8346 Nicholas Court Suite 208,Wrighttown,GA,43022,US,True
ADDR003135,PTY003135,primary,1871 Carpenter Neck,Shawnmouth,VT,75558,US,True
ADDR003136,PTY003136,risk_location,07737 Randall Points Suite 924,Jesusport,DE,31052,US,True
ADDR003137,PTY003137,business,94426 Conner Ports,Toddchester,SC,74967,US,True
ADDR003138,PTY003138,mailing,8497 Robin Heights,Keithborough,NV,84282,US,True
ADDR003139,PTY003139,primary,8820 Gould Ramp Suite 112,South Denise,NY,03530,US,True
ADDR003140,PTY003140,billing,822 Thompson Spring,East Connie,PR,28271,US,True
ADDR003141,PTY003141,business,89256 Sellers Courts Suite 324,South April,CT,78339,US,True
ADDR003142,PTY003142,primary,234 Wagner Crossroad Suite 099,West Donaldchester,ME,47781,US,True
ADDR003143,PTY003143,primary,177 Howard Rapids Apt. 243,North Barry,HI,50558,US,True
ADDR003144,PTY003144,business,795 Cox Prairie,Snyderstad,NV,05907,US,True
ADDR003145,PTY003145,mailing,10194 Guerra Crossroad Apt. 339,Jamesmouth,NM,48932,US,True
ADDR003146,PTY003146,primary,429 Proctor Ports,Susanberg,VI,46777,US,True
ADDR003147,PTY003147,billing,97053 Joseph Circle,Port Michaelbury,MH,42933,US,True
ADDR003148,PTY003148,billing,472 Nathan Trace Suite 138,Baileymouth,DC,66022,US,True
ADDR003149,PTY003149,business,576 Bell Terrace Apt. 856,East Wendychester,PR,90005,US,True
ADDR003150,PTY003150,billing,676 Cameron Burg,Prattfurt,ND,53066,US,True
ADDR003151,PTY003151,risk_location,750 Martin Rue,Benjaminburgh,AZ,48334,US,True
ADDR003152,PTY003152,mailing,14371 Beth Valleys Apt. 425,Jacquelineport,PA,61696,US,True
ADDR003153,PTY003153,business,0824 Cherry Manors Apt. 723,East Lorifort,ND,64401,US,True
ADDR003154,PTY003154,billing,676 Smith Summit,South Janet,HI,95303,US,True
ADDR003155,PTY003155,risk_location,250 Joseph Pine Apt. 392,East Harry,MH,05825,US,True
ADDR003156,PTY003156,risk_location,0571 Lee Island,Franklinhaven,PW,57348,US,True
ADDR003157,PTY003157,business,527 Joseph Junction Apt. 393,Lake Roberto,SC,27411,US,True
ADDR003158,PTY003158,risk_location,4745 Kim Garden Suite 166,Davidtown,IA,15444,US,True
ADDR003159,PTY003159,mailing,000 Allen Via,West Robertside,GA,87506,US,True
ADDR003160,PTY003160,business,762 Scott Oval Suite 386,Ochoaport,FL,37533,US,True
ADDR003161,PTY003161,business,201 Ashley Ports,Kathleenfort,MN,12006,US,True
ADDR003162,PTY003162,mailing,846 Matthew Fort,North Chaseton,CA,40961,US,True
ADDR003163,PTY003163,billing,43183 Brown Track,West Summer,VA,63471,US,True
ADDR003164,PTY003164,billing,7762 Ritter Drive,Lake Lisafurt,FL,13095,US,True
ADDR003165,PTY003165,billing,78742 Chen Pine,New Debra,PA,58361,US,True
ADDR003166,PTY003166,mailing,3859 Smith Turnpike,New Janet,NY,36538,US,True
ADDR003167,PTY003167,business,2519 Mosley Plains,Troychester,NE,53286,US,True
ADDR003168,PTY003168,primary,4413 Lauren Ways Apt. 856,West Dawnmouth,KY,37954,US,True
ADDR003169,PTY003169,billing,8237 Davis Field Suite 796,Duartechester,WI,32163,US,True
ADDR003170,PTY003170,primary,99935 Becker Road Suite 446,East Joton,FM,40879,US,True
ADDR003171,PTY003171,business,04330 Lee Wall Suite 922,Port Monicatown,PR,24941,US,True
ADDR003172,PTY003172,mailing,221 Herring Mountain Apt. 108,Port Nathanstad,OH,57144,US,True
ADDR003173,PTY003173,risk_location,40147 Williams Street Apt. 610,West Daniel,OR,21732,US,True
ADDR003174,PTY003174,mailing,51038 Susan Fork Apt. 685,East Clintonview,HI,77118,US,True
ADDR003175,PTY003175,mailing,628 Erika Manors Suite 260,Taylorland,FM,64222,US,True
ADDR003176,PTY003176,business,9989 Brown Garden Suite 960,Frankview,GU,34970,US,True
ADDR003177,PTY003177,mailing,089 Collins Lodge Apt. 774,West Justin,AK,53730,US,True
ADDR003178,PTY003178,risk_location,84300 Lisa Garden,North Haleyfort,ND,57885,US,True
ADDR003179,PTY003179,billing,91060 William Ferry,Patriciaville,WV,37885,US,True
ADDR003180,PTY003180,mailing,64891 Yates Junctions,Sarahmouth,IN,57926,US,True
ADDR003181,PTY003181,business,43152 Jennifer Bridge Apt. 290,Moraland,IA,74930,US,True
ADDR003182,PTY003182,billing,0076 Chase Terrace Apt. 824,Coffeymouth,IA,35756,US,True
ADDR003183,PTY003183,primary,940 Phillips Mission,Port Edwardshire,PW,60979,US,True
ADDR003184,PTY003184,business,9267 Daniels Ranch,Port Lydia,NM,66747,US,True
ADDR003185,PTY003185,billing,22185 Judy Fords,Cristinatown,LA,46984,US,True
ADDR003186,PTY003186,mailing,535 Brendan Squares,Gomezhaven,MS,37262,US,True
ADDR003187,PTY003187,billing,021 Jason Estate,Veronicabury,NE,40859,US,True
ADDR003188,PTY003188,billing,51212 Ellis Pine Suite 657,Christopherfort,GU,67351,US,True
ADDR003189,PTY003189,risk_location,1885 Cooper Mission,Butlerton,ND,82173,US,True
ADDR003190,PTY003190,risk_location,9864 Patterson Tunnel Apt. 087,Blackbury,FL,96171,US,True
ADDR003191,PTY003191,business,636 Steven Hollow,New Stanley,ND,14627,US,True
ADDR003192,PTY003192,business,258 Diana Well,Lowerystad,TX,70982,US,True
ADDR003193,PTY003193,primary,032 Nelson Ville,Kristiechester,NH,23978,US,True
ADDR003194,PTY003194,billing,12881 Larson Plaza Apt. 196,Amandaview,MI,50830,US,True
ADDR003195,PTY003195,billing,12189 Justin Junction,Hawkinsport,FL,32995,US,True
ADDR003196,PTY003196,business,222 Tanner Throughway,Port Johntown,MT,62981,US,True
ADDR003197,PTY003197,primary,32158 Michelle Track,Lisaborough,KY,54354,US,True
ADDR003198,PTY003198,mailing,302 Rowland Drives,Lake Rogerfort,CO,69138,US,True
ADDR003199,PTY003199,primary,3294 Gutierrez Plain Suite 813,South Michelle,TX,82333,US,True
ADDR003200,PTY003200,business,102 Perkins Common Suite 915,South Williamside,PR,96462,US,True
ADDR003201,PTY003201,primary,212 Oliver Mission Apt. 463,Stanleystad,SC,97635,US,True
ADDR003202,PTY003202,business,820 Morse Hills,East Ianville,MS,31895,US,True
ADDR003203,PTY003203,risk_location,10707 Cynthia Square Suite 670,Lake Kellyton,IN,79239,US,True
ADDR003204,PTY003204,business,69305 Danielle Freeway Suite 307,Port Valerie,RI,76686,US,True
ADDR003205,PTY003205,billing,333 Sanders Flats,North Richard,SD,09527,US,True
ADDR003206,PTY003206,billing,334 Timothy Rest,Lake Nicolefort,WV,35792,US,True
ADDR003207,PTY003207,billing,1923 Amy Parkways Apt. 510,New Trevor,FM,73531,US,True
ADDR003208,PTY003208,business,881 Davis Avenue Apt. 506,Port Dale,PW,33944,US,True
ADDR003209,PTY003209,risk_location,668 Reed Ville,Lesterport,TX,89857,US,True
ADDR003210,PTY003210,risk_location,19799 Thompson Mountains Apt. 099,Randolphmouth,NC,80616,US,True
ADDR003211,PTY003211,primary,7163 Smith Ridge Apt. 766,Robertberg,FM,96626,US,True
ADDR003212,PTY003212,billing,876 Green Wall,Hectorview,AS,49796,US,True
ADDR003213,PTY003213,primary,78424 Christina Extension,Fordhaven,NH,81143,US,True
ADDR003214,PTY003214,billing,078 Jennifer Track Suite 958,Jamesberg,MI,26969,US,True
ADDR003215,PTY003215,business,0338 Pineda Loop,Port Shelbyport,PA,75129,US,True
ADDR003216,PTY003216,business,75087 Alexandria Spring Apt. 364,North Brittany,FL,81367,US,True
ADDR003217,PTY003217,billing,981 Anderson Circle,Triciaport,NV,87744,US,True
ADDR003218,PTY003218,business,371 Stewart Dale Suite 425,New Christiantown,OR,45583,US,True
ADDR003219,PTY003219,primary,3113 Duran Throughway Suite 366,North Karenland,KS,67993,US,True
ADDR003220,PTY003220,billing,8645 Smith Bypass,Parksborough,MT,02071,US,True
ADDR003221,PTY003221,primary,7813 Jensen Ports Apt. 478,Port Wesley,PR,13373,US,True
ADDR003222,PTY003222,business,4422 Becky Radial Apt. 809,Ashleymouth,IL,88697,US,True
ADDR003223,PTY003223,business,020 Elizabeth Dam,Lake Christina,CT,69913,US,True
ADDR003224,PTY003224,mailing,912 Aaron Alley,New Amber,NE,42157,US,True
ADDR003225,PTY003225,billing,286 Stanley Station,Port Corey,ME,12035,US,True
ADDR003226,PTY003226,billing,488 Rebecca Gateway,East Lisachester,LA,27897,US,True
ADDR003227,PTY003227,risk_location,083 Valerie Skyway Suite 985,Scottville,MD,11837,US,True
ADDR003228,PTY003228,billing,37088 Tanner Rest Apt. 027,Albertmouth,IL,27980,US,True
ADDR003229,PTY003229,primary,73262 Fuentes Lodge Suite 598,Lake Amberview,TN,61835,US,True
ADDR003230,PTY003230,mailing,6245 Wells Parkways,East Ivanland,CT,52017,US,True
ADDR003231,PTY003231,billing,6941 Vincent Islands,Nicoleborough,GU,61426,US,True
ADDR003232,PTY003232,primary,322 Dillon Alley,East Shannonfort,KS,86307,US,True
ADDR003233,PTY003233,risk_location,384 Mikayla Parkway,South Michellechester,KS,97620,US,True
ADDR003234,PTY003234,risk_location,14398 Hayes Lane Suite 184,Amystad,MP,18161,US,True
ADDR003235,PTY003235,business,62047 Steele Lane,Davishaven,MT,38079,US,True
ADDR003236,PTY003236,billing,580 West Union,West Timothyfort,OH,85585,US,True
ADDR003237,PTY003237,billing,1187 Hess Squares Suite 019,South Katherine,MA,18419,US,True
ADDR003238,PTY003238,billing,52551 Stephanie Mount,South Reginald,LA,49348,US,True
ADDR003239,PTY003239,business,58453 Karen Ports Apt. 363,Port Colin,NH,76755,US,True
ADDR003240,PTY003240,mailing,7076 Paul Trail Suite 684,Baileyshire,GA,21834,US,True
ADDR003241,PTY003241,billing,57482 Thomas Route,West Amy,OH,82889,US,True
ADDR003242,PTY003242,billing,87292 Juan Terrace,Christophermouth,CA,11933,US,True
ADDR003243,PTY003243,business,436 Hammond Estates Apt. 865,Port Rachelfurt,NH,74869,US,True
ADDR003244,PTY003244,business,0801 Logan Tunnel Suite 259,North Melodychester,SC,38910,US,True
ADDR003245,PTY003245,primary,50544 Bryan Springs Suite 903,Connieburgh,CA,61225,US,True
ADDR003246,PTY003246,primary,65587 Smith Pines Suite 264,North Daniel,FL,21840,US,True
ADDR003247,PTY003247,business,941 Courtney Fords Apt. 473,Peterborough,MO,58066,US,True
ADDR003248,PTY003248,mailing,4534 Sara Spring Apt. 027,West Randallmouth,NJ,43024,US,True
ADDR003249,PTY003249,mailing,103 Jones Ports,Port Regina,KY,23751,US,True
ADDR003250,PTY003250,risk_location,80170 Sandoval Walk Suite 671,North Nicholashaven,NJ,05329,US,True
ADDR003251,PTY003251,risk_location,0621 Trevor Mount,Masonton,AK,44154,US,True
ADDR003252,PTY003252,billing,134 Jensen Groves,Port Phillipburgh,GA,73851,US,True
ADDR003253,PTY003253,billing,5960 Phillips Station,Lake Michelle,NM,08291,US,True
ADDR003254,PTY003254,risk_location,5096 Meadows Station Apt. 326,Johnhaven,WA,68541,US,True
ADDR003255,PTY003255,risk_location,8534 Mitchell Hills Apt. 604,New Aliciaside,IA,66179,US,True
ADDR003256,PTY003256,risk_location,61760 Pace Union,Port Jasmine,MN,01562,US,True
ADDR003257,PTY003257,risk_location,12452 Cook Green,Lauratown,MP,44357,US,True
ADDR003258,PTY003258,billing,0624 Ayala Courts Suite 673,Jadechester,ND,52431,US,True
ADDR003259,PTY003259,billing,148 Perez Lakes Suite 230,West Melissabury,MA,15400,US,True
ADDR003260,PTY003260,business,62749 Cole Estates,East Stanleyland,CO,33097,US,True
ADDR003261,PTY003261,mailing,63136 Brian Expressway Suite 054,Mossburgh,FL,60225,US,True
ADDR003262,PTY003262,billing,2634 Laura Orchard Suite 640,Cynthiachester,SC,75134,US,True
ADDR003263,PTY003263,billing,957 Kelly Views Apt. 848,Port Natasha,AL,82245,US,True
ADDR003264,PTY003264,primary,7806 Samantha Neck Suite 835,Gonzalezburgh,LA,18778,US,True
ADDR003265,PTY003265,mailing,387 Davis Stream,Wardtown,NY,80963,US,True
ADDR003266,PTY003266,mailing,1049 Melissa Crest,Port Paul,NE,09923,US,True
ADDR003267,PTY003267,business,754 Robert Avenue,South Jennifer,IL,47315,US,True
ADDR003268,PTY003268,risk_location,4224 Luis Prairie Suite 002,Sotoville,FL,13617,US,True
ADDR003269,PTY003269,mailing,08019 Carroll Spurs,East Morganchester,FM,50438,US,True
ADDR003270,PTY003270,billing,228 Karen Shoal Suite 969,Lake Jacqueline,TN,63789,US,True
ADDR003271,PTY003271,business,97116 Anderson Shore,Prattborough,VI,30070,US,True
ADDR003272,PTY003272,mailing,746 Melissa Stravenue,Chambersburgh,NV,09470,US,True
ADDR003273,PTY003273,risk_location,16801 Ana Valley Suite 670,South Toddtown,AR,97491,US,True
ADDR003274,PTY003274,business,95438 Amanda Lake Suite 122,Johnsonshire,MI,91035,US,True
ADDR003275,PTY003275,risk_location,734 Schultz Knoll Suite 434,West Dariusfort,PR,75879,US,True
ADDR003276,PTY003276,business,89386 Myers Summit Apt. 487,East Kaylamouth,WI,35258,US,True
ADDR003277,PTY003277,primary,82217 Chad Place,Port Carol,VT,01863,US,True
ADDR003278,PTY003278,primary,836 Jason Pines Suite 000,Williamborough,SC,45305,US,True
ADDR003279,PTY003279,risk_location,5936 Espinoza Track,Steventon,DC,81085,US,True
ADDR003280,PTY003280,primary,95820 Michelle Lodge,Lake Alexis,SD,20126,US,True
ADDR003281,PTY003281,billing,3291 Manuel Meadow Apt. 986,West Abigailton,IA,21698,US,True
ADDR003282,PTY003282,billing,0942 Ray Rapid,Oliviashire,WV,74900,US,True
ADDR003283,PTY003283,billing,64990 Nathan Springs Apt. 884,Andrewchester,VI,10377,US,True
ADDR003284,PTY003284,business,8837 Matthews Mountains,Martintown,MS,35561,US,True
ADDR003285,PTY003285,billing,8657 John Keys Suite 287,Port Bryanborough,KS,91257,US,True
ADDR003286,PTY003286,business,002 Kevin Rapid Suite 151,Walshton,GA,73834,US,True
ADDR003287,PTY003287,billing,43517 Christina Mews Suite 221,Patriciafurt,MH,07852,US,True
ADDR003288,PTY003288,business,5553 Ruth Stravenue Suite 815,Blevinsmouth,KY,54995,US,True
ADDR003289,PTY003289,risk_location,967 Gary Garden,Loriton,PR,78442,US,True
ADDR003290,PTY003290,risk_location,3635 Robert Falls,Silvamouth,WV,72893,US,True
ADDR003291,PTY003291,billing,6587 Lisa Cape Suite 137,South Karen,KS,83835,US,True
ADDR003292,PTY003292,primary,1562 Renee Forge Suite 740,Millerburgh,AL,24109,US,True
ADDR003293,PTY003293,risk_location,5726 Jones Bridge Suite 154,North Karamouth,WY,42918,US,True
ADDR003294,PTY003294,risk_location,319 Mills Street,New Nicole,IL,27747,US,True
ADDR003295,PTY003295,mailing,35974 Richards Orchard,East Dianemouth,PW,99372,US,True
ADDR003296,PTY003296,mailing,271 Bell Fords Apt. 023,Fordville,RI,28030,US,True
ADDR003297,PTY003297,business,58094 Matthew Views Suite 218,South Alejandro,FL,87843,US,True
ADDR003298,PTY003298,billing,48755 Tabitha Groves Suite 913,Rossmouth,IN,14462,US,True
ADDR003299,PTY003299,risk_location,056 Fox Mill,North Sarah,AS,18313,US,True
ADDR003300,PTY003300,risk_location,50538 Kennedy Greens,Johnsontown,CT,80992,US,True
ADDR003301,PTY003301,primary,165 Stephen Village,Oliviahaven,VA,03023,US,True
ADDR003302,PTY003302,mailing,488 Caitlin Mount Apt. 009,New Erik,NE,63143,US,True
ADDR003303,PTY003303,billing,598 Julie Pass Suite 465,Phillipsberg,OR,03012,US,True
ADDR003304,PTY003304,billing,753 Joseph Village Apt. 777,Joannamouth,VI,34639,US,True
ADDR003305,PTY003305,business,976 Betty Point Suite 425,North Willie,CT,83674,US,True
ADDR003306,PTY003306,mailing,42836 James Rapids,Johnport,NE,11218,US,True
ADDR003307,PTY003307,billing,63773 Rivera Circle Suite 030,Brianchester,PW,21485,US,True
ADDR003308,PTY003308,primary,660 Sara Mills Suite 665,East Josephtown,VI,80464,US,True
ADDR003309,PTY003309,mailing,2213 Davis Passage,Eddieland,NV,18398,US,True
ADDR003310,PTY003310,risk_location,05083 Allen Islands,Amyborough,PR,43558,US,True
ADDR003311,PTY003311,risk_location,3074 Pennington Creek Suite 648,West Erinhaven,OR,59106,US,True
ADDR003312,PTY003312,risk_location,8811 Caitlin Stream Apt. 273,Port Samuel,MH,29965,US,True
ADDR003313,PTY003313,billing,3711 Flores Shoals Apt. 949,Thompsonbury,NJ,69821,US,True
ADDR003314,PTY003314,business,9074 Marquez Causeway,Port Kathleen,MS,21789,US,True
ADDR003315,PTY003315,primary,3246 Tamara Coves,Thomasstad,CT,63461,US,True
ADDR003316,PTY003316,risk_location,9233 Rodney Dale Suite 140,Murrayport,NE,70871,US,True
ADDR003317,PTY003317,billing,84945 Miller Spring Suite 530,Larryberg,OH,82646,US,True
ADDR003318,PTY003318,primary,2865 Rebecca Forge Apt. 827,Jonathanmouth,MA,51852,US,True
ADDR003319,PTY003319,mailing,6939 Erin Isle,Tranton,TN,27211,US,True
ADDR003320,PTY003320,mailing,836 Ronald Center,Lake William,LA,73487,US,True
ADDR003321,PTY003321,risk_location,8339 Jimenez Port Apt. 749,Carolfurt,AR,82631,US,True
ADDR003322,PTY003322,mailing,974 Russell Streets,Lake Brad,FM,53182,US,True
ADDR003323,PTY003323,risk_location,7427 Barry Cove,West Jeffreyland,FM,03955,US,True
ADDR003324,PTY003324,risk_location,39562 Delgado Mill,West Meganville,FL,66623,US,True
ADDR003325,PTY003325,billing,6738 Lopez Club Apt. 772,South Jeffrey,ID,79255,US,True
ADDR003326,PTY003326,mailing,0737 Emily Pass,New Megan,SC,88619,US,True
ADDR003327,PTY003327,primary,40624 Solomon Inlet Apt. 682,Rebeccaberg,LA,96146,US,True
ADDR003328,PTY003328,billing,35939 Abigail Knoll Apt. 571,Andrewshire,MS,38910,US,True
ADDR003329,PTY003329,billing,3417 Jeff Motorway Apt. 251,Port Lee,ND,57133,US,True
ADDR003330,PTY003330,primary,656 Velazquez Park Apt. 876,West Teresa,AZ,62623,US,True
ADDR003331,PTY003331,mailing,1378 Kirk Estate,Sullivantown,SD,84626,US,True
ADDR003332,PTY003332,billing,72359 Sparks Summit,Cooperport,IL,53359,US,True
ADDR003333,PTY003333,primary,429 Arthur Mews,Lake Alexisberg,MO,00717,US,True
ADDR003334,PTY003334,risk_location,534 Teresa Cape,Lake Aaron,KS,58324,US,True
ADDR003335,PTY003335,primary,11662 Skinner Coves,Smithshire,OR,09042,US,True
ADDR003336,PTY003336,primary,29461 Walker Village,North Steve,WV,41095,US,True
ADDR003337,PTY003337,billing,0502 Hawkins Park,Adrianaview,MO,11844,US,True
ADDR003338,PTY003338,billing,973 Johnson Plains Apt. 303,Lake Karen,FL,94452,US,True
ADDR003339,PTY003339,billing,21387 Armstrong Forges Apt. 655,Port Daniel,WI,44317,US,True
ADDR003340,PTY003340,billing,67482 Jessica Union,Wilkersonview,IL,74086,US,True
ADDR003341,PTY003341,business,1764 Davis Canyon,Paulmouth,CT,79512,US,True
ADDR003342,PTY003342,mailing,54110 Jennifer Dam Suite 367,Heidimouth,PA,73094,US,True
ADDR003343,PTY003343,billing,62583 Charles Mission Suite 700,South Nathan,WA,45157,US,True
ADDR003344,PTY003344,billing,09014 Murray Orchard,Calhounshire,MH,69597,US,True
ADDR003345,PTY003345,billing,5716 Brian Motorway,West Stevenmouth,MS,41097,US,True
ADDR003346,PTY003346,business,79117 Nathan Mountains Suite 991,Lake Ronaldfurt,MP,25311,US,True
ADDR003347,PTY003347,billing,50963 Diana Well,Vanessamouth,MI,22299,US,True
ADDR003348,PTY003348,billing,2566 Jeffrey Alley,Donaldberg,ND,54223,US,True
ADDR003349,PTY003349,risk_location,027 Wilson Isle,North Matthewton,NJ,47998,US,True
ADDR003350,PTY003350,mailing,6542 Walker River,North Valerie,NC,36091,US,True
ADDR003351,PTY003351,primary,850 Davis Flats,Aliciachester,VA,35766,US,True
ADDR003352,PTY003352,risk_location,485 Nathan Rapid Apt. 445,New Johnshire,NM,46491,US,True
ADDR003353,PTY003353,business,07503 Vincent Island Suite 102,South Tracey,NH,44600,US,True
ADDR003354,PTY003354,mailing,25234 Barbara Streets Suite 817,Michaeltown,KS,57430,US,True
ADDR003355,PTY003355,mailing,31031 Erica Cape,Phillipsborough,UT,83908,US,True
ADDR003356,PTY003356,billing,78550 Melissa Square,Joemouth,TX,71051,US,True
ADDR003357,PTY003357,risk_location,449 John Turnpike,North Brendamouth,AS,17703,US,True
ADDR003358,PTY003358,risk_location,83662 Joseph Forest Apt. 645,Port Holly,PR,16392,US,True
ADDR003359,PTY003359,risk_location,657 Joseph Heights Apt. 938,West Dennis,IL,02400,US,True
ADDR003360,PTY003360,business,712 Nicole Street,Lake Jasonshire,ME,51937,US,True
ADDR003361,PTY003361,primary,956 Larry Motorway Apt. 812,Isaactown,VA,99436,US,True
ADDR003362,PTY003362,business,84543 Green Cove,New Cheryl,MN,95856,US,True
ADDR003363,PTY003363,business,766 Martinez Ville,South Alexistown,VT,53534,US,True
ADDR003364,PTY003364,billing,914 Robin Glens,Hartland,PA,73703,US,True
ADDR003365,PTY003365,primary,144 Lisa Common Suite 762,Knightbury,MH,20483,US,True
ADDR003366,PTY003366,billing,299 Misty Circles,Port James,PW,77644,US,True
ADDR003367,PTY003367,business,42974 Schmitt Trail Apt. 961,Rodriguezbury,NE,35874,US,True
ADDR003368,PTY003368,primary,008 Don Rapid,Whitefort,WA,80527,US,True
ADDR003369,PTY003369,primary,891 Lori Wells,Thompsonberg,IN,66309,US,True
ADDR003370,PTY003370,business,1113 Lori Point,North Joe,MP,87856,US,True
ADDR003371,PTY003371,risk_location,473 Craig Lights,Sharonbury,DE,53770,US,True
ADDR003372,PTY003372,primary,482 Evan Pike Suite 414,Port Johnfort,TN,43879,US,True
ADDR003373,PTY003373,billing,3700 Rachael Ways Suite 227,Nathanmouth,ID,40217,US,True
ADDR003374,PTY003374,mailing,49041 Wendy Squares,North Jeremy,AK,54304,US,True
ADDR003375,PTY003375,primary,96210 Cory Views,North Andrewville,AS,39169,US,True
ADDR003376,PTY003376,risk_location,053 Taylor Bypass,Bethanymouth,DE,76646,US,True
ADDR003377,PTY003377,primary,05330 Michael Plains,New Paulside,ME,31064,US,True
ADDR003378,PTY003378,billing,54602 James Flats Apt. 838,Robertsland,ME,25763,US,True
ADDR003379,PTY003379,billing,748 Howard Overpass Suite 857,Robertstad,AS,59208,US,True
ADDR003380,PTY003380,risk_location,1090 Becker Prairie Suite 883,East Kennethmouth,ND,32952,US,True
ADDR003381,PTY003381,business,112 Angelica Crossing,Jamesmouth,SD,65662,US,True
ADDR003382,PTY003382,billing,163 Patricia Squares,North Brian,AL,33008,US,True
ADDR003383,PTY003383,mailing,890 Stanton Plains,Lake Devonberg,NY,61520,US,True
ADDR003384,PTY003384,primary,84722 Edward Forges Apt. 382,Acevedobury,NE,26034,US,True
ADDR003385,PTY003385,business,3387 Pace Forest,Barnesfurt,MP,51772,US,True
ADDR003386,PTY003386,risk_location,3026 Williams Corners,Andrewport,CO,19798,US,True
ADDR003387,PTY003387,business,5257 Burton Plains,North Timothyberg,TX,08244,US,True
ADDR003388,PTY003388,mailing,56688 Santos Pines Apt. 524,New Nathanberg,UT,86654,US,True
ADDR003389,PTY003389,mailing,9989 Joel Station,New Gregory,VA,06633,US,True
ADDR003390,PTY003390,risk_location,8537 Carrie Vista,Rodneyhaven,KS,28691,US,True
ADDR003391,PTY003391,business,883 James Landing Apt. 957,Stephaniehaven,MD,93145,US,True
ADDR003392,PTY003392,risk_location,320 Heidi Circle Apt. 164,Ericberg,ND,25843,US,True
ADDR003393,PTY003393,primary,47693 Kane Forge,Lake Laura,OK,23526,US,True
ADDR003394,PTY003394,business,116 Sanders Lakes Apt. 540,North Jamesborough,AR,92968,US,True
ADDR003395,PTY003395,mailing,60517 Jennifer Heights,East Lesliestad,IN,15271,US,True
ADDR003396,PTY003396,primary,4777 Alexandra Fields,Lake Kathleen,MN,80508,US,True
ADDR003397,PTY003397,risk_location,98134 Boone Views Apt. 322,Butlerside,MS,72339,US,True
ADDR003398,PTY003398,primary,95557 Joseph Court Apt. 088,West Rhonda,VA,07211,US,True
ADDR003399,PTY003399,business,658 Joseph Summit,Paulafurt,NE,79643,US,True
ADDR003400,PTY003400,business,84711 Maynard Mountain,Port Theresa,AZ,93578,US,True
ADDR003401,PTY003401,business,925 Woodard Station,West Alisonton,SD,23450,US,True
ADDR003402,PTY003402,business,3419 Blanchard Center,Justinborough,RI,61400,US,True
ADDR003403,PTY003403,business,193 Natalie Ferry,Cameronborough,IN,92078,US,True
ADDR003404,PTY003404,billing,06012 Melissa Burg Apt. 058,Lake Justin,VT,72595,US,True
ADDR003405,PTY003405,primary,6412 Nina Centers,Perezchester,TX,99375,US,True
ADDR003406,PTY003406,primary,5425 Nicole Orchard,New Keithville,FL,42235,US,True
ADDR003407,PTY003407,primary,914 Parker Loop,New Michael,IL,51498,US,True
ADDR003408,PTY003408,billing,2662 Lonnie Via,North Danielberg,CT,67734,US,True
ADDR003409,PTY003409,billing,254 Adams Port,Swansonville,KY,04532,US,True
ADDR003410,PTY003410,business,415 Jessica Bridge Apt. 376,Port Cathy,SD,99448,US,True
ADDR003411,PTY003411,mailing,506 Mccann Passage Suite 997,East Kenneth,IN,76887,US,True
ADDR003412,PTY003412,business,780 Jesse Bypass,Port Kimberly,FM,74676,US,True
ADDR003413,PTY003413,primary,40788 Bautista Plain Apt. 410,Holmesfort,DC,27280,US,True
ADDR003414,PTY003414,primary,4279 Taylor Circles,Lake Ralph,VT,31728,US,True
ADDR003415,PTY003415,primary,38582 Woods Courts Apt. 588,Port Charles,MT,36428,US,True
ADDR003416,PTY003416,billing,29448 Lopez Spring Suite 114,North Juliestad,VI,08513,US,True
ADDR003417,PTY003417,mailing,1148 Wood Manors,West Lindaport,AR,00765,US,True
ADDR003418,PTY003418,mailing,3911 Davis Fields,North Danielberg,OR,23373,US,True
ADDR003419,PTY003419,primary,88017 Kelly Gateway Apt. 738,South Lauren,MA,43406,US,True
ADDR003420,PTY003420,mailing,42952 Armstrong Causeway,Richardschester,MA,23283,US,True
ADDR003421,PTY003421,risk_location,7753 Bruce Prairie Apt. 266,West Normaville,PA,81467,US,True
ADDR003422,PTY003422,billing,1805 Scott Way,West Amber,LA,75363,US,True
ADDR003423,PTY003423,primary,842 Megan Extension,Port Jackshire,ME,90484,US,True
ADDR003424,PTY003424,primary,5206 Smith Village Suite 580,Lake Douglasshire,WI,18900,US,True
ADDR003425,PTY003425,business,395 Kevin Plain,Markburgh,MD,35017,US,True
ADDR003426,PTY003426,mailing,872 Robert Lodge Apt. 618,Jenkinsburgh,CT,03620,US,True
ADDR003427,PTY003427,mailing,54177 Johnson Roads,Sarahborough,HI,79926,US,True
ADDR003428,PTY003428,mailing,38887 Ortiz Lake Apt. 118,New Jennifer,NC,60274,US,True
ADDR003429,PTY003429,business,80683 Daniel Plain,New Tyroneberg,KY,44212,US,True
ADDR003430,PTY003430,risk_location,5929 Cathy Well,Anthonychester,CA,96842,US,True
ADDR003431,PTY003431,mailing,386 Andrew Lock,New Scott,MA,74265,US,True
ADDR003432,PTY003432,risk_location,0967 Estrada Summit Apt. 494,South Amyshire,WY,11059,US,True
ADDR003433,PTY003433,business,905 Kristin Villages,Blackfort,OK,21598,US,True
ADDR003434,PTY003434,primary,14573 Jonathan Centers,West Phyllis,ND,18220,US,True
ADDR003435,PTY003435,mailing,5646 Carlson Island Suite 588,Anthonystad,VI,07509,US,True
ADDR003436,PTY003436,primary,36557 Thomas Trail,Sarabury,DE,96905,US,True
ADDR003437,PTY003437,mailing,1512 Thomas Underpass,Bellville,AL,84897,US,True
ADDR003438,PTY003438,business,2661 Eric Points,North Brian,NV,20189,US,True
ADDR003439,PTY003439,business,18315 Garcia Canyon,Bassborough,GA,71362,US,True
ADDR003440,PTY003440,risk_location,9899 Johnny Alley Suite 205,Jodyshire,MD,28102,US,True
ADDR003441,PTY003441,business,653 Kristina Hills Suite 951,Port Juliaport,HI,37308,US,True
ADDR003442,PTY003442,mailing,57719 Kevin Locks Suite 120,New Thomas,DC,46666,US,True
ADDR003443,PTY003443,primary,653 Beltran Spurs,Tamihaven,NY,54981,US,True
ADDR003444,PTY003444,business,616 Floyd Drives,West Devin,PR,60761,US,True
ADDR003445,PTY003445,business,39655 Palmer Mill Suite 481,Woodborough,DC,85828,US,True
ADDR003446,PTY003446,business,968 Oneill Via,South John,ND,55553,US,True
ADDR003447,PTY003447,mailing,149 Christopher Landing,Christophermouth,WI,86714,US,True
ADDR003448,PTY003448,business,749 Logan Terrace Suite 605,North Kristy,WV,09400,US,True
ADDR003449,PTY003449,billing,27923 Howard Land Suite 411,Johnborough,MA,40756,US,True
ADDR003450,PTY003450,billing,6450 Todd Coves,Christopherview,RI,32624,US,True
ADDR003451,PTY003451,risk_location,8726 Rangel Lake,Robertview,OH,00544,US,True
ADDR003452,PTY003452,business,49299 Anderson Canyon Apt. 817,Lake Michaeltown,MH,13245,US,True
ADDR003453,PTY003453,primary,278 Campbell Ridges Apt. 645,Port Jennifer,HI,44775,US,True
ADDR003454,PTY003454,risk_location,042 Rodriguez Light Apt. 041,West Monique,NC,41798,US,True
ADDR003455,PTY003455,risk_location,38384 Rivera Hollow Apt. 100,North Gregory,MN,41818,US,True
ADDR003456,PTY003456,risk_location,28684 Gibson Island,East Julieside,NM,07875,US,True
ADDR003457,PTY003457,risk_location,290 Lori Springs Suite 985,West Adrian,MN,13113,US,True
ADDR003458,PTY003458,mailing,0495 James Port,Mooreberg,IL,40266,US,True
ADDR003459,PTY003459,billing,491 Michael Curve Suite 962,Johnsonton,CA,01138,US,True
ADDR003460,PTY003460,mailing,7327 Ibarra Drive Suite 662,Jenniferberg,CO,53426,US,True
ADDR003461,PTY003461,primary,2809 Peters Mission,Linside,CO,79396,US,True
ADDR003462,PTY003462,business,860 Flores Expressway Suite 475,Valerieshire,OR,97926,US,True
ADDR003463,PTY003463,mailing,00859 Edwin Springs Apt. 939,Craigberg,VT,96927,US,True
ADDR003464,PTY003464,billing,450 Brown Mountains Apt. 132,North Johnmouth,OR,06475,US,True
ADDR003465,PTY003465,business,018 Acosta Pike Apt. 183,Herringland,HI,35823,US,True
ADDR003466,PTY003466,primary,262 Lisa Dam,Singhhaven,DE,49020,US,True
ADDR003467,PTY003467,mailing,7024 Donna Fork Suite 619,Reginaland,OK,75666,US,True
ADDR003468,PTY003468,billing,02881 Peters Fords Suite 657,Holmestown,RI,36273,US,True
ADDR003469,PTY003469,mailing,775 Michael Pass Suite 855,Port Gerald,IL,57299,US,True
ADDR003470,PTY003470,risk_location,1409 Watkins Falls,Port Christine,IN,89856,US,True
ADDR003471,PTY003471,risk_location,334 Elliott Loop Suite 829,Nancyburgh,GA,28062,US,True
ADDR003472,PTY003472,billing,7106 Elizabeth Mount,Phyllismouth,UT,03486,US,True
ADDR003473,PTY003473,risk_location,3207 Stephens Flats Suite 775,Chanhaven,KY,24016,US,True
ADDR003474,PTY003474,billing,09440 Hudson Cliff Apt. 491,Gordonhaven,AK,46165,US,True
ADDR003475,PTY003475,mailing,6929 Lance Lodge,West Marcville,WV,05417,US,True
ADDR003476,PTY003476,risk_location,9999 Thomas Alley Apt. 512,Hickmanville,IA,22283,US,True
ADDR003477,PTY003477,billing,7680 Bowman Estates Suite 799,Zacharytown,MO,34174,US,True
ADDR003478,PTY003478,billing,13743 Rivera Union,Lake Toddmouth,NJ,76827,US,True
ADDR003479,PTY003479,primary,1281 Garcia Glen Suite 019,Foxville,TX,32874,US,True
ADDR003480,PTY003480,billing,151 Bennett Inlet Suite 227,Port Nancychester,OH,75148,US,True
ADDR003481,PTY003481,risk_location,93068 David Crossing,Theresaport,TN,82533,US,True
ADDR003482,PTY003482,business,1395 Victor Well,Kristineport,NJ,91791,US,True
ADDR003483,PTY003483,mailing,77181 Catherine Locks Suite 288,South Timothy,AK,34937,US,True
ADDR003484,PTY003484,mailing,7668 Blankenship Fall,West Grant,GA,42014,US,True
ADDR003485,PTY003485,risk_location,06794 Martha Street,Lake Jefferyburgh,MO,57766,US,True
ADDR003486,PTY003486,business,40529 Rebecca Union,South Shawntown,IA,96792,US,True
ADDR003487,PTY003487,risk_location,886 John Rue,Thomaston,OR,55353,US,True
ADDR003488,PTY003488,risk_location,3236 Curtis Port Apt. 701,Lake Jenniferview,GU,37257,US,True
ADDR003489,PTY003489,mailing,383 Tracy Haven,Port Johnnychester,RI,50365,US,True
ADDR003490,PTY003490,risk_location,13479 Dawson Parks Suite 968,West Lauraborough,ND,08562,US,True
ADDR003491,PTY003491,business,14794 Harper Grove Suite 076,Steeleport,VI,41441,US,True
ADDR003492,PTY003492,billing,40450 Jeanne Tunnel Apt. 897,Port Justinside,MH,35850,US,True
ADDR003493,PTY003493,business,9166 Smith Keys Apt. 353,Lake Michael,FM,91887,US,True
ADDR003494,PTY003494,primary,08836 Humphrey Run Suite 928,West Lawrence,HI,57838,US,True
ADDR003495,PTY003495,business,0713 Mcmahon Estates,Smithborough,TN,13533,US,True
ADDR003496,PTY003496,risk_location,72128 Kimberly Prairie Apt. 637,Josephland,NH,23136,US,True
ADDR003497,PTY003497,risk_location,0018 Boyle Spur,Port Danielmouth,KS,76598,US,True
ADDR003498,PTY003498,billing,2524 Krista Street,Saraburgh,WY,82268,US,True
ADDR003499,PTY003499,billing,08253 Brian Forge,Tinaland,WV,54390,US,True
ADDR003500,PTY003500,business,31594 Brandon Trace,New Jonathanshire,MT,70708,US,True
ADDR003501,PTY003501,business,7912 John Plains,Ericborough,CA,17355,US,True
ADDR003502,PTY003502,mailing,7072 Becky Branch Suite 954,West Dannyshire,ME,35435,US,True
ADDR003503,PTY003503,billing,6223 Ho Keys,Williamfort,PW,14651,US,True
ADDR003504,PTY003504,risk_location,06040 Aguirre Street,Churchstad,SD,92098,US,True
ADDR003505,PTY003505,business,26066 Kathleen Rue,South Daniel,MP,77344,US,True
ADDR003506,PTY003506,risk_location,4849 Drew Lodge Suite 790,Nataliechester,DC,79061,US,True
ADDR003507,PTY003507,primary,367 Turner Manor,Whiteview,MT,89559,US,True
ADDR003508,PTY003508,billing,1463 Fowler Via,Stevenport,NJ,37572,US,True
ADDR003509,PTY003509,billing,172 Beverly Mount,Josephport,AZ,76433,US,True
ADDR003510,PTY003510,risk_location,58022 Laurie Tunnel Apt. 332,Dianeshire,AZ,38374,US,True
ADDR003511,PTY003511,business,3203 Daniel Place Suite 667,Lake Heidi,OR,21078,US,True
ADDR003512,PTY003512,mailing,9839 Elizabeth Harbors Apt. 087,North Michele,IN,77587,US,True
ADDR003513,PTY003513,business,54970 Smith Creek Apt. 226,Reyesville,WI,54293,US,True
ADDR003514,PTY003514,business,93427 Powell Trace,New Amytown,IL,22183,US,True
ADDR003515,PTY003515,billing,057 Moore Junctions Suite 780,North Stacey,AK,97570,US,True
ADDR003516,PTY003516,mailing,59345 Jackson Canyon,New Hannah,AR,86143,US,True
ADDR003517,PTY003517,primary,16733 Jade Tunnel Apt. 289,Bettyborough,WA,50213,US,True
ADDR003518,PTY003518,billing,594 Laura Route,Sylviaville,SC,70548,US,True
ADDR003519,PTY003519,billing,143 Freeman Alley,Williamsshire,VA,51253,US,True
ADDR003520,PTY003520,risk_location,18364 Green Loop Apt. 198,New Dawn,NV,14105,US,True
ADDR003521,PTY003521,risk_location,91061 Levine Coves Apt. 432,Williamton,IL,19435,US,True
ADDR003522,PTY003522,billing,50652 Bryan Cliff,Lake Allison,CA,12320,US,True
ADDR003523,PTY003523,mailing,7668 Michelle Prairie Apt. 579,Hernandezberg,MO,24806,US,True
ADDR003524,PTY003524,mailing,219 Perez Parkways,Lake Meganburgh,AL,34969,US,True
ADDR003525,PTY003525,business,82476 Berg Crossing,Port Brianna,ME,30264,US,True
ADDR003526,PTY003526,billing,1700 Nichole Corner Suite 041,Daniellebury,PR,92375,US,True
ADDR003527,PTY003527,primary,51164 Kurt Parkway,Martinezshire,IL,37007,US,True
ADDR003528,PTY003528,mailing,453 Taylor Lane,West Laurabury,MS,14537,US,True
ADDR003529,PTY003529,risk_location,191 Kevin Mission,Garrettstad,NC,66170,US,True
ADDR003530,PTY003530,business,61877 Anderson Groves Suite 746,Cohenton,OH,41208,US,True
ADDR003531,PTY003531,primary,8647 Black Burg Apt. 265,Pottsside,LA,77302,US,True
ADDR003532,PTY003532,business,00558 Deborah Route,Taraville,NE,28814,US,True
ADDR003533,PTY003533,business,61937 Danielle Meadow Suite 195,North Alexandraville,MI,39117,US,True
ADDR003534,PTY003534,risk_location,539 Daisy Islands,Shepherdton,MD,49705,US,True
ADDR003535,PTY003535,billing,68504 Julie Port Apt. 876,North Josephport,CT,49814,US,True
ADDR003536,PTY003536,business,952 Johnson Junction,Josephmouth,FM,24172,US,True
ADDR003537,PTY003537,risk_location,810 John Prairie,Mcintyremouth,MH,23871,US,True
ADDR003538,PTY003538,risk_location,523 Peter Groves Apt. 411,North Beckyside,ID,71537,US,True
ADDR003539,PTY003539,risk_location,1343 Clark Light Suite 635,South Ryanshire,FM,91528,US,True
ADDR003540,PTY003540,business,171 Matthew Inlet,Kelseyhaven,CA,92778,US,True
ADDR003541,PTY003541,primary,5534 Phillips Hills Suite 323,South Eric,GA,29743,US,True
ADDR003542,PTY003542,primary,952 Wyatt Lane Apt. 775,Leeshire,CT,10354,US,True
ADDR003543,PTY003543,business,94822 Mitchell Greens,North Patricia,CT,20925,US,True
ADDR003544,PTY003544,mailing,0001 Thompson Turnpike Apt. 168,Glovershire,VI,63159,US,True
ADDR003545,PTY003545,mailing,276 Fernandez Falls,New Bradleybury,GA,36502,US,True
ADDR003546,PTY003546,business,263 Andrews Ports Suite 761,Port Alexander,MT,31077,US,True
ADDR003547,PTY003547,mailing,8652 Watts Groves Apt. 780,Merrittstad,NY,68794,US,True
ADDR003548,PTY003548,mailing,1256 Lam Harbors,Schultzfurt,WY,94981,US,True
ADDR003549,PTY003549,mailing,289 Bradshaw Freeway,Margaretchester,TX,64773,US,True
ADDR003550,PTY003550,billing,56407 Reilly Ranch,Longside,AK,12308,US,True
ADDR003551,PTY003551,risk_location,280 Bernard Crossing,East Deborahhaven,LA,59618,US,True
ADDR003552,PTY003552,business,328 Brooks Grove,New Alexandra,UT,55724,US,True
ADDR003553,PTY003553,risk_location,6675 Kimberly Roads,Andrewsburgh,FL,59267,US,True
ADDR003554,PTY003554,mailing,9983 Pam Cliff Apt. 615,Danielleville,TN,79611,US,True
ADDR003555,PTY003555,mailing,888 Lopez Springs Suite 529,Markstad,MA,21463,US,True
ADDR003556,PTY003556,primary,084 Campbell Roads Suite 785,North Heatherhaven,WA,33163,US,True
ADDR003557,PTY003557,mailing,6459 Craig Meadow Suite 612,Walkerstad,TN,87891,US,True
ADDR003558,PTY003558,risk_location,64080 Stephanie Forest Suite 011,Sheriport,OR,13652,US,True
ADDR003559,PTY003559,mailing,4258 Gregory Garden,Robertville,PR,31463,US,True
ADDR003560,PTY003560,mailing,015 Flores Creek Suite 276,South Courtney,MH,50386,US,True
ADDR003561,PTY003561,risk_location,03864 Cooper Crossroad,North Brandi,PA,79191,US,True
ADDR003562,PTY003562,business,601 Schwartz Road Suite 737,Andrewfurt,PA,49147,US,True
ADDR003563,PTY003563,billing,9050 Brown Key,South Kaylafort,ND,14401,US,True
ADDR003564,PTY003564,primary,20030 Nicole Lodge Apt. 458,Lake Zachary,DC,79027,US,True
ADDR003565,PTY003565,risk_location,288 Eric Hills,Duarteside,NM,10896,US,True
ADDR003566,PTY003566,primary,13902 Mack Village,West Markfurt,LA,14563,US,True
ADDR003567,PTY003567,mailing,465 Dorsey Path,Shannonhaven,AK,36585,US,True
ADDR003568,PTY003568,business,85913 Williams Causeway Suite 111,Hillland,AK,57022,US,True
ADDR003569,PTY003569,risk_location,590 Walker Flats Suite 029,Thomashaven,ID,06526,US,True
ADDR003570,PTY003570,risk_location,6775 Nicole Mission Suite 766,South Carrie,AZ,85088,US,True
ADDR003571,PTY003571,billing,245 Susan Circle,West Ann,VA,83089,US,True
ADDR003572,PTY003572,business,0153 Wright Fall,Aaronchester,DE,15792,US,True
ADDR003573,PTY003573,billing,8060 Amanda Green,Bryantchester,DE,41474,US,True
ADDR003574,PTY003574,risk_location,221 Dylan Wells Apt. 260,Port Williamburgh,PR,45044,US,True
ADDR003575,PTY003575,business,7734 Gould Meadow Apt. 135,Andrewfort,MP,76430,US,True
ADDR003576,PTY003576,mailing,13401 Powers Pass Suite 957,Salazarchester,WY,58751,US,True
ADDR003577,PTY003577,primary,327 Jennifer Summit,Rojasberg,FL,22321,US,True
ADDR003578,PTY003578,billing,307 Patrick Junction,Daviston,VA,07282,US,True
ADDR003579,PTY003579,billing,58201 Palmer Courts,Joneschester,AR,17091,US,True
ADDR003580,PTY003580,billing,763 Marvin Hill Apt. 572,Port Jesseburgh,MO,18783,US,True
ADDR003581,PTY003581,business,429 Smith Place Suite 472,New Haley,MI,11992,US,True
ADDR003582,PTY003582,risk_location,643 Vargas Hollow,Maddenmouth,WA,27612,US,True
ADDR003583,PTY003583,billing,817 John Spring,North Christophershire,NM,45503,US,True
ADDR003584,PTY003584,risk_location,736 Michael Grove Suite 828,Josephhaven,GU,66788,US,True
ADDR003585,PTY003585,risk_location,3437 Robert Via Apt. 423,Laurenville,AS,83821,US,True
ADDR003586,PTY003586,billing,193 Campbell Path Apt. 007,North Timothy,OH,85594,US,True
ADDR003587,PTY003587,risk_location,76720 Danielle Dam Suite 435,South Alexandrafort,MI,76314,US,True
ADDR003588,PTY003588,business,817 Dawn Plains Apt. 555,West Jon,KY,14020,US,True
ADDR003589,PTY003589,risk_location,90604 Mark Canyon,New Henryport,AS,56736,US,True
ADDR003590,PTY003590,business,68996 Travis Viaduct,South Ericaville,TX,33817,US,True
ADDR003591,PTY003591,primary,2848 Davis Forks Suite 676,Barbaraton,KY,40442,US,True
ADDR003592,PTY003592,primary,6016 Graham Station Suite 984,New Amberland,CO,38013,US,True
ADDR003593,PTY003593,billing,740 Mccarthy Isle,Janicehaven,NM,70239,US,True
ADDR003594,PTY003594,billing,600 Wang Common,Robleston,CT,79337,US,True
ADDR003595,PTY003595,primary,83973 Philip Camp,Stephaniehaven,VI,86963,US,True
ADDR003596,PTY003596,mailing,03717 Flores Crescent,Port Emily,PA,52606,US,True
ADDR003597,PTY003597,risk_location,5713 Macdonald Drive,Lake Kimland,ID,21151,US,True
ADDR003598,PTY003598,risk_location,89680 Emma Ports Suite 852,Andersonport,IN,60871,US,True
ADDR003599,PTY003599,risk_location,25443 Daniel Extensions,East Garyberg,IA,62330,US,True
ADDR003600,PTY003600,billing,94278 Christopher Point Suite 984,West Amberhaven,IN,78448,US,True
ADDR003601,PTY003601,billing,66246 Thomas Radial,Alexanderborough,WV,47620,US,True
ADDR003602,PTY003602,business,3842 Deborah Haven Apt. 303,South Jonathan,MP,01292,US,True
ADDR003603,PTY003603,billing,7985 Patricia Brooks Suite 745,Kimberlyland,GU,10718,US,True
ADDR003604,PTY003604,mailing,142 Jennifer Lane Apt. 212,Lake Kellyshire,WY,32953,US,True
ADDR003605,PTY003605,risk_location,809 Perez Extension,New Allisonview,AS,93380,US,True
ADDR003606,PTY003606,mailing,5916 Angela Corners,Williamsshire,KY,64367,US,True
ADDR003607,PTY003607,mailing,187 Brandon Lane,Kathleentown,WY,88178,US,True
ADDR003608,PTY003608,risk_location,4549 Lisa Rue Apt. 451,Williamside,ID,00746,US,True
ADDR003609,PTY003609,primary,95888 Brown Drive Suite 460,East Earl,WI,86246,US,True
ADDR003610,PTY003610,billing,2732 Monique Lodge,Port Michaelburgh,DE,21394,US,True
ADDR003611,PTY003611,risk_location,749 Crystal Common,South Tracy,MA,55786,US,True
ADDR003612,PTY003612,primary,501 Cortez Mission,Wilsonmouth,MS,73179,US,True
ADDR003613,PTY003613,billing,79747 Baker Island,East Bobby,MN,94801,US,True
ADDR003614,PTY003614,risk_location,0571 Doyle Prairie,Jessemouth,ME,13715,US,True
ADDR003615,PTY003615,billing,30022 Renee Plains,East Patriciaville,MO,04433,US,True
ADDR003616,PTY003616,mailing,07274 Savage Brook,New Hannah,TN,64238,US,True
ADDR003617,PTY003617,billing,40710 Patricia Keys,Washingtonville,IL,50670,US,True
ADDR003618,PTY003618,billing,70667 Andrea Coves,Cassandraside,AK,80825,US,True
ADDR003619,PTY003619,mailing,20167 Martha Fort,Stephanietown,OR,62034,US,True
ADDR003620,PTY003620,primary,249 Yates Vista Suite 997,North Jeremy,MN,32917,US,True
ADDR003621,PTY003621,primary,52690 Crystal Falls,New Charles,RI,46088,US,True
ADDR003622,PTY003622,billing,27545 Tina Route Suite 675,Alexshire,OK,63083,US,True
ADDR003623,PTY003623,mailing,111 Ricky Roads Suite 148,Lawrenceside,SD,12867,US,True
ADDR003624,PTY003624,primary,33289 Dickson Wells Suite 444,Huffmanfurt,VA,46736,US,True
ADDR003625,PTY003625,business,26415 Williams Walk Suite 938,Lynchmouth,CO,26408,US,True
ADDR003626,PTY003626,risk_location,1633 Carlson Plaza,East Williamburgh,MT,74435,US,True
ADDR003627,PTY003627,risk_location,710 Samantha Wells Suite 022,Port Jeffery,VI,74195,US,True
ADDR003628,PTY003628,billing,6204 Cameron Ways,East Brookeland,MT,44621,US,True
ADDR003629,PTY003629,risk_location,980 Vasquez Wells Suite 539,West Joseph,GU,84135,US,True
ADDR003630,PTY003630,primary,41377 Stacy Parks,Ericchester,WY,45839,US,True
ADDR003631,PTY003631,billing,91958 Stephen Club Suite 719,North Jacobville,NH,55936,US,True
ADDR003632,PTY003632,mailing,6972 Stephanie Forge,Walkerburgh,AL,27705,US,True
ADDR003633,PTY003633,primary,7397 Nicholas Row Apt. 542,Lake Jenniferton,OK,64994,US,True
ADDR003634,PTY003634,mailing,177 Brian Vista Suite 325,South Morgan,GU,01109,US,True
ADDR003635,PTY003635,billing,261 Hall Fields Suite 668,Janestad,MS,13249,US,True
ADDR003636,PTY003636,primary,577 White Islands,Johnbury,WI,54914,US,True
ADDR003637,PTY003637,business,92812 Stone Oval Suite 988,Schultzstad,MH,49435,US,True
ADDR003638,PTY003638,primary,17036 Lee Center Apt. 994,Hickmanfort,TX,90688,US,True
ADDR003639,PTY003639,business,23546 Jason Road,North Gregory,WA,87180,US,True
ADDR003640,PTY003640,business,40426 Sherri Wall,Bullockburgh,MI,56209,US,True
ADDR003641,PTY003641,billing,49292 Figueroa Keys Apt. 507,Kathleenland,UT,16900,US,True
ADDR003642,PTY003642,primary,7686 Waters Port,Kathrynhaven,OR,05479,US,True
ADDR003643,PTY003643,billing,77696 Leon Camp,Brittanyborough,GA,73317,US,True
ADDR003644,PTY003644,risk_location,2460 Denise Dam,Port Kyle,AK,79227,US,True
ADDR003645,PTY003645,billing,0282 Norman Mall,Port David,CO,37133,US,True
ADDR003646,PTY003646,primary,48256 Arroyo Port Suite 103,Johntown,MO,01074,US,True
ADDR003647,PTY003647,mailing,92399 Anderson Ranch Apt. 166,Dillonberg,PW,61507,US,True
ADDR003648,PTY003648,mailing,591 Solis Ferry,Weaverhaven,ID,35066,US,True
ADDR003649,PTY003649,billing,4101 Kimberly Glen,Susanbury,IA,23150,US,True
ADDR003650,PTY003650,business,04770 Robles Corners,South Traviston,IA,82385,US,True
ADDR003651,PTY003651,billing,377 Dustin Field Suite 060,South Gregory,CO,72851,US,True
ADDR003652,PTY003652,primary,9805 Christina Curve Apt. 954,Tonyborough,SC,83882,US,True
ADDR003653,PTY003653,business,562 Christine Spring,Lake Joseph,ID,90712,US,True
ADDR003654,PTY003654,primary,3872 Mary Crest Suite 409,North Kim,NM,45053,US,True
ADDR003655,PTY003655,billing,18445 Esparza Trail,Williamsmouth,OR,02911,US,True
ADDR003656,PTY003656,mailing,25387 Ralph Valleys Apt. 093,New Cindyfort,MD,91481,US,True
ADDR003657,PTY003657,mailing,0227 Linda Fields Suite 596,Jamesview,MS,03109,US,True
ADDR003658,PTY003658,mailing,893 Krueger Tunnel Apt. 581,North Sherri,DC,85741,US,True
ADDR003659,PTY003659,business,29137 Villarreal Parkway,Williamsshire,NY,43151,US,True
ADDR003660,PTY003660,business,96864 Megan Squares,New Lisatown,ND,31481,US,True
ADDR003661,PTY003661,risk_location,51015 Lori Courts,South Staceyland,WV,02102,US,True
ADDR003662,PTY003662,risk_location,197 Barnes Causeway,Breannashire,DE,28452,US,True
ADDR003663,PTY003663,risk_location,154 Turner Freeway,West Michael,NH,25710,US,True
ADDR003664,PTY003664,mailing,21422 Kristin Springs,Lake Larrytown,ND,66983,US,True
ADDR003665,PTY003665,mailing,029 Ayala Keys,Campbellburgh,WI,12299,US,True
ADDR003666,PTY003666,risk_location,201 Cook Inlet Suite 642,Matthewton,AS,62379,US,True
ADDR003667,PTY003667,business,650 Jessica Landing,Woodsstad,NY,02872,US,True
ADDR003668,PTY003668,primary,85617 Christopher Lock Suite 506,Fowlerborough,NE,74611,US,True
ADDR003669,PTY003669,billing,45359 Peter Freeway,North Jessica,OK,70731,US,True
ADDR003670,PTY003670,mailing,08562 Kevin Gardens Suite 882,Rodriguezmouth,FL,30354,US,True
ADDR003671,PTY003671,mailing,3012 Rachel Divide,Kristentown,NY,12849,US,True
ADDR003672,PTY003672,mailing,2859 Brian Village Apt. 527,Edwardmouth,VI,30707,US,True
ADDR003673,PTY003673,business,2801 Melvin Hills,Jimenezport,WV,28557,US,True
ADDR003674,PTY003674,primary,7561 Armstrong Falls,Lake Charlesside,TN,19541,US,True
ADDR003675,PTY003675,primary,46829 Ashley Corner,Williamsborough,FM,79401,US,True
ADDR003676,PTY003676,risk_location,8076 Anthony Drive Apt. 403,South Valeriebury,NY,66949,US,True
ADDR003677,PTY003677,primary,16776 Daniel Turnpike Apt. 581,Jenningsmouth,AR,63877,US,True
ADDR003678,PTY003678,business,2163 Hernandez Unions,Port Raymondport,OH,63639,US,True
ADDR003679,PTY003679,business,863 Smith Common Suite 921,South Kristy,MP,30083,US,True
ADDR003680,PTY003680,primary,39854 Scott Station,Port Samanthaland,PR,13437,US,True
ADDR003681,PTY003681,risk_location,97127 Bobby Square Apt. 026,Wendyside,HI,37555,US,True
ADDR003682,PTY003682,primary,0880 Anderson Park,New Jonathanshire,ID,92839,US,True
ADDR003683,PTY003683,primary,61531 Jack Heights,Parkerport,IN,34172,US,True
ADDR003684,PTY003684,billing,26142 Alicia Square,West Sandraview,CO,99534,US,True
ADDR003685,PTY003685,mailing,7873 Robinson Brook,Grantside,FL,96724,US,True
ADDR003686,PTY003686,mailing,8725 Donald Shoals Suite 624,Sanderstown,WV,68434,US,True
ADDR003687,PTY003687,business,6156 Jeffrey Trail,West Christian,MA,06785,US,True
ADDR003688,PTY003688,primary,60303 Vincent Island Suite 800,South Erika,NE,41415,US,True
ADDR003689,PTY003689,business,71505 Ashley Viaduct,Arthurport,WV,58781,US,True
ADDR003690,PTY003690,billing,0971 Amanda Points,Carlfort,NV,07732,US,True
ADDR003691,PTY003691,billing,261 Sellers Crossing Apt. 232,East Ryan,KS,45388,US,True
ADDR003692,PTY003692,risk_location,778 Jamie Bridge Apt. 235,New Michael,KY,78927,US,True
ADDR003693,PTY003693,billing,49514 Deborah Orchard,Kristietown,MT,36870,US,True
ADDR003694,PTY003694,business,88643 Joshua Meadows,Thomasshire,NY,79981,US,True
ADDR003695,PTY003695,risk_location,20022 Diaz Ranch Apt. 946,Port Seth,WI,83314,US,True
ADDR003696,PTY003696,billing,4468 Miller Mountains Suite 495,Gutierrezfort,ME,30319,US,True
ADDR003697,PTY003697,business,3389 Powell Ranch,Port Stephaniemouth,NM,44415,US,True
ADDR003698,PTY003698,business,175 Ryan Meadow,Cantustad,AS,71113,US,True
ADDR003699,PTY003699,primary,265 Maldonado Shores Apt. 817,North Rodney,WY,20064,US,True
ADDR003700,PTY003700,billing,6410 Michael Lakes Apt. 683,Benjaminmouth,MP,14500,US,True
ADDR003701,PTY003701,mailing,99837 Robinson Motorway,Cooperfurt,WA,22159,US,True
ADDR003702,PTY003702,risk_location,9458 Margaret Pines Suite 241,Greenville,OK,84568,US,True
ADDR003703,PTY003703,primary,936 Tyler Corner,Port James,IA,70184,US,True
ADDR003704,PTY003704,mailing,800 Woods Via,Dalechester,AR,01318,US,True
ADDR003705,PTY003705,billing,7092 Joshua Station Suite 092,Joshuatown,AS,15357,US,True
ADDR003706,PTY003706,business,82828 Arellano Union,Lisamouth,IL,83839,US,True
ADDR003707,PTY003707,business,356 Rivera Rapid,Michaelville,AK,92830,US,True
ADDR003708,PTY003708,risk_location,4277 Kerri Glen,Christinafort,MN,16123,US,True
ADDR003709,PTY003709,primary,04595 Stuart Street Apt. 500,South Emily,PR,75277,US,True
ADDR003710,PTY003710,primary,267 Lucas Mews Apt. 696,South Bonnie,PW,62958,US,True
ADDR003711,PTY003711,billing,8345 Carson Summit Suite 793,Williamstad,FL,08254,US,True
ADDR003712,PTY003712,mailing,5924 James Burgs,South Karenview,LA,05871,US,True
ADDR003713,PTY003713,billing,067 Angela Valley,Juantown,OK,47255,US,True
ADDR003714,PTY003714,business,9319 Kyle Ports Suite 055,North Bryanborough,WI,82889,US,True
ADDR003715,PTY003715,mailing,393 Kevin Island Apt. 041,West Jonathan,KS,51312,US,True
ADDR003716,PTY003716,primary,29887 Coleman Grove,South Sarah,PW,49344,US,True
ADDR003717,PTY003717,billing,133 Thompson Plain Suite 311,Danielleton,GU,01944,US,True
ADDR003718,PTY003718,primary,82818 Carol View Apt. 635,Anthonyburgh,SD,84177,US,True
ADDR003719,PTY003719,risk_location,8167 Joshua Highway Suite 340,Millerland,WV,01634,US,True
ADDR003720,PTY003720,risk_location,9748 Richard Summit,Sandersstad,IA,87370,US,True
ADDR003721,PTY003721,billing,90908 Rhodes Meadow Suite 933,Pamelahaven,MH,67274,US,True
ADDR003722,PTY003722,primary,68875 May Loaf Suite 649,New Kathy,MH,75972,US,True
ADDR003723,PTY003723,mailing,788 Christopher Square Suite 391,East Sarahton,AL,48816,US,True
ADDR003724,PTY003724,primary,7203 Nelson Run Suite 422,East Amanda,GA,81153,US,True
ADDR003725,PTY003725,risk_location,8284 Lisa Plaza,New Bradley,IA,39650,US,True
ADDR003726,PTY003726,primary,2387 Lisa Common Apt. 500,New Samantha,WA,60886,US,True
ADDR003727,PTY003727,primary,631 Jesse Hill Suite 698,Montgomerymouth,HI,04505,US,True
ADDR003728,PTY003728,business,0517 Taylor Roads,Lake Joseburgh,IN,48937,US,True
ADDR003729,PTY003729,mailing,443 Walker Drive,Mosstown,NJ,55137,US,True
ADDR003730,PTY003730,mailing,8362 Bradley Port,Lewismouth,NY,49078,US,True
ADDR003731,PTY003731,primary,26902 Hardin Rest Apt. 150,Lake John,MA,35802,US,True
ADDR003732,PTY003732,risk_location,188 Diana Junctions Suite 254,East Matthewview,AS,71689,US,True
ADDR003733,PTY003733,business,8681 Cynthia Overpass,South Leroyshire,PA,60070,US,True
ADDR003734,PTY003734,business,3082 Marcus Flats,West Angelmouth,FL,88110,US,True
ADDR003735,PTY003735,risk_location,894 Lopez Estates Suite 676,Jenkinsmouth,OH,80653,US,True
ADDR003736,PTY003736,billing,0268 Williams Light Apt. 012,Autumnhaven,CO,84653,US,True
ADDR003737,PTY003737,billing,1282 Miller Common,Lake Robert,TX,38656,US,True
ADDR003738,PTY003738,mailing,21976 Cindy Isle,Jaredland,GA,58898,US,True
ADDR003739,PTY003739,risk_location,7794 Clark Wall Apt. 319,Lake Cody,MH,01054,US,True
ADDR003740,PTY003740,primary,539 Davila Summit,South Kevinhaven,OH,46077,US,True
ADDR003741,PTY003741,billing,5946 Harris Track Apt. 056,North Heatherhaven,MN,19107,US,True
ADDR003742,PTY003742,risk_location,4369 Clinton Valleys Suite 360,Port Crystal,SC,78758,US,True
ADDR003743,PTY003743,mailing,2967 Cory Port,New Caroline,SD,42313,US,True
ADDR003744,PTY003744,mailing,7474 Dean Loaf,Kariville,TN,16868,US,True
ADDR003745,PTY003745,primary,0117 Gaines Fort,South John,WI,93534,US,True
ADDR003746,PTY003746,billing,274 Daniels Isle,Braunborough,AS,14429,US,True
ADDR003747,PTY003747,mailing,03625 James Path,Port Christian,AR,19159,US,True
ADDR003748,PTY003748,primary,729 Pamela Shoals,South Rachelmouth,OH,77468,US,True
ADDR003749,PTY003749,business,17750 William Falls,Robertsfort,TX,83696,US,True
ADDR003750,PTY003750,mailing,1834 Adam Tunnel,Wufurt,PA,50497,US,True
ADDR003751,PTY003751,risk_location,267 Angel Ville Suite 260,Lake Douglas,PA,36097,US,True
ADDR003752,PTY003752,billing,479 David Drive,Leonborough,AR,02121,US,True
ADDR003753,PTY003753,mailing,274 Malone Forest Apt. 139,Lake Natashaville,MT,07454,US,True
ADDR003754,PTY003754,primary,058 Tiffany Turnpike,Hallchester,SD,18269,US,True
ADDR003755,PTY003755,mailing,13045 Garrett Groves Suite 103,Lake Deannaberg,NJ,80391,US,True
ADDR003756,PTY003756,risk_location,1532 Daniel Park Apt. 015,South Tashamouth,CA,33606,US,True
ADDR003757,PTY003757,risk_location,9822 Whitney Harbor Suite 976,East George,ND,04052,US,True
ADDR003758,PTY003758,risk_location,21592 Vega Village,Port Rebecca,AR,61288,US,True
ADDR003759,PTY003759,billing,67371 Trujillo Oval,Lake Natasha,MH,49382,US,True
ADDR003760,PTY003760,risk_location,088 Massey Point,South Daniel,WV,21597,US,True
ADDR003761,PTY003761,primary,7518 Jackson Loop Suite 129,Loweburgh,WY,40815,US,True
ADDR003762,PTY003762,mailing,59077 Russo Key Apt. 511,South Nathan,MT,83441,US,True
ADDR003763,PTY003763,mailing,03576 Janet Trafficway,Lindseyport,GA,98619,US,True
ADDR003764,PTY003764,mailing,782 Andrew Common Suite 834,New Christopherborough,RI,84395,US,True
ADDR003765,PTY003765,risk_location,644 David Path Suite 781,East Bethanyfort,DC,12807,US,True
ADDR003766,PTY003766,primary,2089 Melanie Island Suite 649,Hallside,OK,43933,US,True
ADDR003767,PTY003767,risk_location,8099 Morris Well,Garciaport,MH,78488,US,True
ADDR003768,PTY003768,billing,652 Jennifer Key,Patriciafurt,AS,11353,US,True
ADDR003769,PTY003769,billing,9311 Ricky Bypass,Jodichester,UT,14874,US,True
ADDR003770,PTY003770,business,2365 Abigail Mount Suite 243,Richardburgh,WY,61798,US,True
ADDR003771,PTY003771,primary,0751 Nichols Junction Apt. 968,South Heather,TN,74549,US,True
ADDR003772,PTY003772,risk_location,55125 Brittany Mission Suite 686,Port Melissaton,AR,90948,US,True
ADDR003773,PTY003773,mailing,624 Rhonda Stravenue,Hallport,OR,64497,US,True
ADDR003774,PTY003774,billing,86314 Anthony Falls,Catherinehaven,PA,41350,US,True
ADDR003775,PTY003775,risk_location,08101 Calvin Ramp Apt. 507,South Jill,SD,58656,US,True
ADDR003776,PTY003776,billing,622 Diana Ports Apt. 971,Adrianborough,VA,17074,US,True
ADDR003777,PTY003777,billing,7374 George Street Apt. 066,Josephville,NM,41424,US,True
ADDR003778,PTY003778,billing,824 David Harbors Apt. 896,Port Edwardburgh,RI,96019,US,True
ADDR003779,PTY003779,mailing,347 Pierce Wall,New Kevin,MO,13155,US,True
ADDR003780,PTY003780,risk_location,6422 Kathleen Via Suite 630,New Ricardostad,CA,87550,US,True
ADDR003781,PTY003781,risk_location,5098 Anna Crossroad Suite 444,South Jennifer,NV,03882,US,True
ADDR003782,PTY003782,mailing,228 Shelley Knoll,Huangville,VI,06057,US,True
ADDR003783,PTY003783,primary,236 Trujillo Orchard,New Danielle,TN,14535,US,True
ADDR003784,PTY003784,mailing,08644 Yoder Road,Joshuastad,VI,44244,US,True
ADDR003785,PTY003785,risk_location,63139 Ray Bypass Apt. 235,North Annettechester,FL,54478,US,True
ADDR003786,PTY003786,risk_location,28793 Sanders Forks Suite 981,Annefurt,MI,84315,US,True
ADDR003787,PTY003787,primary,09313 Linda Island,East Markhaven,VT,50516,US,True
ADDR003788,PTY003788,mailing,21229 Tyler Summit,Nicholasborough,TN,45977,US,True
ADDR003789,PTY003789,risk_location,72395 Smith Common,Robertsview,AR,58683,US,True
ADDR003790,PTY003790,billing,528 Wendy Shoals,Smithmouth,WA,25684,US,True
ADDR003791,PTY003791,primary,7814 Smith Brook Apt. 947,South Jason,NM,99358,US,True
ADDR003792,PTY003792,primary,07631 Andrew Key Suite 176,Mcdowellshire,DE,79020,US,True
ADDR003793,PTY003793,primary,594 Fletcher Oval Suite 297,Joneston,DE,64045,US,True
ADDR003794,PTY003794,billing,1730 Robert Pines,New Michael,VA,16264,US,True
ADDR003795,PTY003795,risk_location,399 Haney Vista Apt. 723,Port Maryborough,MT,65528,US,True
ADDR003796,PTY003796,business,6004 Roberts Mill,Burtonland,OR,05901,US,True
ADDR003797,PTY003797,risk_location,72294 Trevino Shoal,New Travis,WA,65896,US,True
ADDR003798,PTY003798,primary,55820 Schneider Port,Markchester,VT,65451,US,True
ADDR003799,PTY003799,risk_location,711 Davis Expressway,East Nicholasside,NM,50789,US,True
ADDR003800,PTY003800,business,7762 Williams Squares,Rachelville,MO,84593,US,True
ADDR003801,PTY003801,primary,2805 Joshua Grove,Isaacton,HI,16425,US,True
ADDR003802,PTY003802,billing,1220 Juan Islands,Andrewfurt,NJ,40845,US,True
ADDR003803,PTY003803,risk_location,270 Cunningham Street Suite 712,Collinsland,NH,15524,US,True
ADDR003804,PTY003804,primary,4836 Ward Circle Suite 251,Port Craig,AL,09770,US,True
ADDR003805,PTY003805,primary,434 Regina Row Apt. 325,North Chloefurt,RI,26362,US,True
ADDR003806,PTY003806,mailing,9720 Gilbert Harbor,North Jeremiah,GA,82517,US,True
ADDR003807,PTY003807,primary,88076 Jackson Junctions Apt. 209,Nicolemouth,MI,31539,US,True
ADDR003808,PTY003808,business,375 Lisa Underpass,Barrettfort,MD,97805,US,True
ADDR003809,PTY003809,primary,3706 Jessica Island Suite 332,Port Lindsayville,MT,78117,US,True
ADDR003810,PTY003810,risk_location,312 Schmidt Highway Apt. 479,Shaunstad,WI,47895,US,True
ADDR003811,PTY003811,risk_location,59209 James Fall Suite 162,East Troyborough,VA,68140,US,True
ADDR003812,PTY003812,business,11358 Shane Ford,Saundershaven,OR,13357,US,True
ADDR003813,PTY003813,mailing,1996 Laura Springs Apt. 770,Edwardfurt,UT,39864,US,True
ADDR003814,PTY003814,mailing,398 Mccall View Apt. 711,Lake Kylestad,DE,99330,US,True
ADDR003815,PTY003815,mailing,367 Mcdonald Burg Apt. 766,Port Katieland,IN,91354,US,True
ADDR003816,PTY003816,billing,1504 Robert Ville,Port Jamesmouth,AS,98867,US,True
ADDR003817,PTY003817,mailing,162 Corey Prairie Suite 001,Port Andrew,SC,56844,US,True
ADDR003818,PTY003818,business,3793 Wyatt Curve Suite 291,East Dianatown,CA,69484,US,True
ADDR003819,PTY003819,mailing,46776 Rowland Square,Thomashaven,NY,49505,US,True
ADDR003820,PTY003820,mailing,51236 Howard Track,Nicolemouth,OK,85256,US,True
ADDR003821,PTY003821,primary,066 Brian Station Apt. 000,South Jerry,PA,74521,US,True
ADDR003822,PTY003822,billing,165 Warren Summit,East Angelahaven,VA,14315,US,True
ADDR003823,PTY003823,billing,0803 Jessica Fall,Lauriemouth,UT,61899,US,True
ADDR003824,PTY003824,business,4336 Brooke Club Apt. 715,Port Jackie,NC,66548,US,True
ADDR003825,PTY003825,billing,3475 Gary Crescent,East Susanfurt,FM,98475,US,True
ADDR003826,PTY003826,business,199 Patricia Lights Apt. 298,Owenstown,DE,75061,US,True
ADDR003827,PTY003827,billing,17142 Holloway Tunnel Apt. 079,West Kristyhaven,MD,65467,US,True
ADDR003828,PTY003828,primary,930 Ashley Knoll Suite 927,Ashleyberg,SC,55869,US,True
ADDR003829,PTY003829,risk_location,78746 Petersen Manor Suite 677,North Matthewport,AZ,97392,US,True
ADDR003830,PTY003830,billing,953 Sean Roads Apt. 800,Lake Evelyn,PR,81193,US,True
ADDR003831,PTY003831,risk_location,5407 Strickland Center Suite 272,West John,PR,92980,US,True
ADDR003832,PTY003832,primary,391 Novak Heights,Port Dustinville,PW,97456,US,True
ADDR003833,PTY003833,risk_location,861 King Ridge,New Dustin,MN,32820,US,True
ADDR003834,PTY003834,business,1576 Darius Harbors,Diazside,NY,40421,US,True
ADDR003835,PTY003835,billing,9070 Ronald Greens Apt. 550,West Michael,HI,72070,US,True
ADDR003836,PTY003836,mailing,90279 Darrell Corner Suite 980,Valentineview,RI,84230,US,True
ADDR003837,PTY003837,mailing,3975 Rice Squares Apt. 140,Port Jasonview,OR,51971,US,True
ADDR003838,PTY003838,primary,383 Oconnor Park Suite 680,South Hannahhaven,MI,62583,US,True
ADDR003839,PTY003839,business,4506 Arthur Walk Suite 552,Brendatown,MI,47780,US,True
ADDR003840,PTY003840,mailing,058 Dustin Courts Apt. 374,Carrville,MP,28535,US,True
ADDR003841,PTY003841,primary,14501 Robert Unions Apt. 126,Lake Charlesfort,MP,14107,US,True
ADDR003842,PTY003842,mailing,6118 Jones Rapids Suite 594,New Cassidystad,OR,69666,US,True
ADDR003843,PTY003843,billing,0738 Holly Mall Apt. 401,Sextonhaven,KS,53303,US,True
ADDR003844,PTY003844,mailing,8366 Charles Manors Apt. 099,West Gary,MI,49043,US,True
ADDR003845,PTY003845,risk_location,8867 Corey Lake Apt. 754,East Karen,IA,60794,US,True
ADDR003846,PTY003846,billing,287 Adam Rapids,Lopezshire,CT,28974,US,True
ADDR003847,PTY003847,risk_location,3099 Cortez Garden,Jensenville,TN,19416,US,True
ADDR003848,PTY003848,business,303 Martinez Ways,Jasonville,MH,52913,US,True
ADDR003849,PTY003849,billing,082 Lauren Spur,East Jerrybury,AR,03590,US,True
ADDR003850,PTY003850,billing,1698 Rice Valley,New Jessicastad,MA,50050,US,True
ADDR003851,PTY003851,primary,89673 Amy Turnpike Suite 922,Conradhaven,SD,05503,US,True
ADDR003852,PTY003852,business,6286 Kristin Drive Apt. 921,South Barbara,TN,36932,US,True
ADDR003853,PTY003853,primary,1568 Anthony Mountains Suite 768,New Ryanburgh,PR,58948,US,True
ADDR003854,PTY003854,mailing,5279 Sydney Trail Apt. 919,South Theresahaven,VT,06655,US,True
ADDR003855,PTY003855,primary,13856 Daniel Plains Suite 976,Franciscoton,OK,48335,US,True
ADDR003856,PTY003856,billing,30573 Robert Trail,Banksport,WI,25087,US,True
ADDR003857,PTY003857,primary,4705 Joshua Land,New Tinabury,NC,55836,US,True
ADDR003858,PTY003858,primary,9642 Sonya Gardens,South Ashleyburgh,FM,70336,US,True
ADDR003859,PTY003859,billing,513 Garza Walk,Suttonhaven,NJ,63324,US,True
ADDR003860,PTY003860,billing,6599 Katherine Plaza,Port Chelseaport,NV,07177,US,True
ADDR003861,PTY003861,business,96922 Archer Lights Apt. 228,East Juliestad,CA,25902,US,True
ADDR003862,PTY003862,business,915 Casey Terrace,Diazview,VA,10092,US,True
ADDR003863,PTY003863,primary,4711 Turner Drive Apt. 156,Meredithview,NJ,60702,US,True
ADDR003864,PTY003864,billing,1805 Braun Estate,New Brandon,AZ,94500,US,True
ADDR003865,PTY003865,primary,4928 Anne Village,Port Adam,ID,60701,US,True
ADDR003866,PTY003866,primary,60483 Gordon Trace Apt. 140,Lake Jacobport,VA,04885,US,True
ADDR003867,PTY003867,business,0074 David Ranch,East Gene,PW,23293,US,True
ADDR003868,PTY003868,mailing,41754 Martin Heights,Lake Kelseyside,NM,58852,US,True
ADDR003869,PTY003869,mailing,62767 Manuel Lake Suite 409,Hernandeztown,KS,88206,US,True
ADDR003870,PTY003870,billing,53710 Timothy Lane Suite 758,West Jeremiah,PR,12214,US,True
ADDR003871,PTY003871,risk_location,544 Tara Viaduct Apt. 904,South Jonathantown,RI,07603,US,True
ADDR003872,PTY003872,billing,01224 Bennett Grove,East Scott,NY,30046,US,True
ADDR003873,PTY003873,mailing,068 Angela Shoal,Stephaniemouth,IL,11657,US,True
ADDR003874,PTY003874,mailing,8562 Barrera Fork,Waltontown,ME,61038,US,True
ADDR003875,PTY003875,risk_location,2345 John Viaduct,South Michaelburgh,RI,05028,US,True
ADDR003876,PTY003876,mailing,9182 Mark Lodge,Carlsonfort,MA,69922,US,True
ADDR003877,PTY003877,mailing,4534 Stephen Freeway,Andrewsborough,WI,46657,US,True
ADDR003878,PTY003878,primary,2125 Ashley Passage Suite 937,Port Jacob,PW,48737,US,True
ADDR003879,PTY003879,billing,845 James Rapids Apt. 489,Port Summerview,CO,77362,US,True
ADDR003880,PTY003880,risk_location,026 Julia Stream,Lake Ryan,LA,72058,US,True
ADDR003881,PTY003881,billing,054 Shaw Trace Suite 314,New Latoyafurt,UT,57553,US,True
ADDR003882,PTY003882,billing,09682 Myers Club Apt. 042,Taylorchester,SD,02448,US,True
ADDR003883,PTY003883,mailing,976 Megan Greens,New Michael,OR,44965,US,True
ADDR003884,PTY003884,risk_location,350 Jeffrey Forge Suite 852,West Robinchester,MP,05136,US,True
ADDR003885,PTY003885,primary,29848 Barnes Stravenue,West Stephanieview,NJ,08008,US,True
ADDR003886,PTY003886,primary,053 Debbie Inlet Suite 524,Bensonton,WV,37149,US,True
ADDR003887,PTY003887,business,2577 Yates Orchard Suite 955,Julieville,GA,49496,US,True
ADDR003888,PTY003888,business,1039 Ford Passage Suite 903,New Ashleytown,CT,07146,US,True
ADDR003889,PTY003889,billing,305 Jennifer Lodge Apt. 773,Alexshire,NY,89085,US,True
ADDR003890,PTY003890,primary,31015 Merritt Valley Suite 713,North Brian,AK,27174,US,True
ADDR003891,PTY003891,risk_location,8227 Jacqueline Place Apt. 366,Stefanieborough,GU,54994,US,True
ADDR003892,PTY003892,billing,59323 Morrison Drive,North Barbarastad,PW,06721,US,True
ADDR003893,PTY003893,mailing,93803 Steven Knoll,New Nicole,MO,11124,US,True
ADDR003894,PTY003894,risk_location,3714 Wolfe Mount,Wrightburgh,FL,36205,US,True
ADDR003895,PTY003895,risk_location,19295 Stephanie Branch Apt. 772,Colemanburgh,LA,67626,US,True
ADDR003896,PTY003896,primary,8443 Sara Mountain Suite 402,New Charlesview,PA,90892,US,True
ADDR003897,PTY003897,mailing,8812 Julia Flat,North Nicole,AS,97627,US,True
ADDR003898,PTY003898,primary,84796 Richard Radial,West Daniel,OR,11268,US,True
ADDR003899,PTY003899,risk_location,553 Amanda Ports,Cummingsville,CA,20160,US,True
ADDR003900,PTY003900,primary,8907 Timothy Turnpike,Port Annettetown,NE,29665,US,True
ADDR003901,PTY003901,billing,26674 Melinda Park,New Elizabeth,KY,17045,US,True
ADDR003902,PTY003902,risk_location,33391 Elliott Square Suite 532,Melissaside,NE,35929,US,True
ADDR003903,PTY003903,primary,29518 Liu Run Apt. 815,South Lisa,MO,05089,US,True
ADDR003904,PTY003904,primary,296 Collier Station Suite 713,East Elizabeth,DE,85891,US,True
ADDR003905,PTY003905,mailing,25040 Alexander Via Suite 738,New Laurenport,MN,26151,US,True
ADDR003906,PTY003906,billing,14563 Pena Pines,Port Amyborough,FL,11489,US,True
ADDR003907,PTY003907,business,937 Brittany Coves Suite 410,Breannastad,AK,39376,US,True
ADDR003908,PTY003908,mailing,532 Pamela Mountains,Stevensonburgh,VA,03100,US,True
ADDR003909,PTY003909,business,17922 Miller Springs Apt. 470,Stevensburgh,IN,49482,US,True
ADDR003910,PTY003910,mailing,55471 Harris Via Apt. 597,Lake Jonburgh,KY,34897,US,True
ADDR003911,PTY003911,mailing,707 Wagner Rest Suite 056,Campbellfurt,GA,75412,US,True
ADDR003912,PTY003912,business,333 Green Canyon,Guerreroport,KS,50384,US,True
ADDR003913,PTY003913,risk_location,662 Paul Road,Gonzalesburgh,HI,19834,US,True
ADDR003914,PTY003914,primary,4520 Gary Creek,East Melissa,GA,50592,US,True
ADDR003915,PTY003915,risk_location,1456 Dana Inlet Apt. 205,Robertland,IA,62231,US,True
ADDR003916,PTY003916,business,79931 Solomon Estate,Thomashaven,FL,18229,US,True
ADDR003917,PTY003917,billing,475 Chaney Meadows,West Donald,VI,84478,US,True
ADDR003918,PTY003918,risk_location,233 Lozano Well Apt. 475,Markborough,ND,61198,US,True
ADDR003919,PTY003919,business,781 Ellis Village,East Jennifer,TX,05842,US,True
ADDR003920,PTY003920,primary,55967 Adams Track,Port Teresa,GA,01477,US,True
ADDR003921,PTY003921,risk_location,7421 Michael Ford,Jamesland,AR,60759,US,True
ADDR003922,PTY003922,risk_location,74434 John Ramp Suite 472,New Jefferyfort,ID,80851,US,True
ADDR003923,PTY003923,business,234 Parker Ridge Apt. 568,New Christinaville,MH,11297,US,True
ADDR003924,PTY003924,risk_location,28842 Eddie Haven,West Troy,NC,38623,US,True
ADDR003925,PTY003925,billing,2609 Hutchinson Road,Travisfurt,NV,55286,US,True
ADDR003926,PTY003926,primary,419 Alejandra Junctions,Haroldmouth,PR,57284,US,True
ADDR003927,PTY003927,billing,852 Stephen Cape,Port Coreyport,MO,10952,US,True
ADDR003928,PTY003928,business,519 Mullins Rapids,South Susan,ME,59097,US,True
ADDR003929,PTY003929,primary,52276 Jeff Corners Apt. 035,New Joshua,FM,01445,US,True
ADDR003930,PTY003930,risk_location,1991 Johnson Radial Apt. 391,Johnsonfurt,AL,97460,US,True
ADDR003931,PTY003931,mailing,747 Katie Tunnel Apt. 513,Andrewfort,ND,61579,US,True
ADDR003932,PTY003932,business,54825 Gina Track,Maynardside,NJ,26486,US,True
ADDR003933,PTY003933,mailing,3665 Vaughn Glen,Davisfurt,WV,59853,US,True
ADDR003934,PTY003934,primary,1397 Jones Burg Apt. 548,Woodchester,OK,83920,US,True
ADDR003935,PTY003935,primary,1983 Jill Rest,Christopherport,AR,31870,US,True
ADDR003936,PTY003936,primary,03621 Gilbert Port,Ortizmouth,GA,92518,US,True
ADDR003937,PTY003937,billing,285 Yvette Bypass Suite 262,Johnsonburgh,WA,33865,US,True
ADDR003938,PTY003938,billing,572 Nguyen Station Suite 788,New Donna,AL,31961,US,True
ADDR003939,PTY003939,business,643 Stewart Fall,East Jessicatown,KS,99001,US,True
ADDR003940,PTY003940,primary,44677 Jones Squares Suite 986,New Jordanbury,UT,60912,US,True
ADDR003941,PTY003941,risk_location,27705 Danielle Trace Suite 362,New Lisa,AZ,29738,US,True
ADDR003942,PTY003942,business,386 Moore Bypass Apt. 593,West Eugene,AS,61387,US,True
ADDR003943,PTY003943,business,510 Kristen Run Suite 032,Lloydmouth,IN,61044,US,True
ADDR003944,PTY003944,mailing,8798 Todd Parkways Suite 679,Carlymouth,ND,03974,US,True
ADDR003945,PTY003945,mailing,5430 Natalie Rest,Seanland,CT,52827,US,True
ADDR003946,PTY003946,primary,17324 Karen Branch,Crystalborough,TX,29582,US,True
ADDR003947,PTY003947,risk_location,4707 Jason Junctions Suite 631,Port Diane,FL,87645,US,True
ADDR003948,PTY003948,business,9883 Hernandez Estates,Joestad,AS,32003,US,True
ADDR003949,PTY003949,mailing,504 Diaz Point,Josephfurt,ID,44050,US,True
ADDR003950,PTY003950,risk_location,527 Bell Way,East Aprilton,WY,32627,US,True
ADDR003951,PTY003951,billing,4659 Emma Corner Suite 282,Riverastad,ND,77323,US,True
ADDR003952,PTY003952,risk_location,412 Nancy Union Suite 368,South Alexander,NC,32014,US,True
ADDR003953,PTY003953,primary,47072 Fisher Brooks Suite 142,Cookburgh,HI,65229,US,True
ADDR003954,PTY003954,business,13928 Harrington Port Suite 978,Evanschester,VA,10106,US,True
ADDR003955,PTY003955,business,8915 Hawkins Path,East Brandon,AR,74785,US,True
ADDR003956,PTY003956,billing,69205 Emily Run,Penabury,NY,71972,US,True
ADDR003957,PTY003957,billing,617 Tapia Ports,Davidburgh,AR,93627,US,True
ADDR003958,PTY003958,primary,5740 Krueger Inlet,North Devin,NE,00631,US,True
ADDR003959,PTY003959,risk_location,461 Anthony Trail Suite 525,New Daniel,WY,06746,US,True
ADDR003960,PTY003960,billing,437 Green Ports Apt. 694,Allenside,WV,76947,US,True
ADDR003961,PTY003961,billing,88094 Smith Spur,West Jennifer,CA,04679,US,True
ADDR003962,PTY003962,billing,296 Elizabeth Meadows Apt. 119,New Marcfort,NH,42914,US,True
ADDR003963,PTY003963,mailing,406 Jeffrey Lake,Gibsonside,PA,50212,US,True
ADDR003964,PTY003964,billing,419 Martin Pike,Port Maryville,AS,96401,US,True
ADDR003965,PTY003965,business,2576 Whitney Island,Buckburgh,VA,67306,US,True
ADDR003966,PTY003966,mailing,1235 Courtney Mission Suite 563,East Brittany,HI,13819,US,True
ADDR003967,PTY003967,billing,4684 Michelle Mountains Suite 006,Benjaminmouth,FM,84666,US,True
ADDR003968,PTY003968,risk_location,131 Sherry Avenue,East Gregoryfort,DE,66033,US,True
ADDR003969,PTY003969,primary,3165 Smith Path,Whitebury,CT,73520,US,True
ADDR003970,PTY003970,risk_location,57151 Sherri Wall,Blanchardburgh,IL,34123,US,True
ADDR003971,PTY003971,risk_location,52666 Kaufman Key,Pachecotown,WV,45577,US,True
ADDR003972,PTY003972,billing,7869 Perez Crest,Leemouth,MA,09367,US,True
ADDR003973,PTY003973,primary,74919 Michael Shore Suite 903,West Abigailburgh,SC,61346,US,True
ADDR003974,PTY003974,business,43151 Lauren Branch,Port Juanmouth,NV,96369,US,True
ADDR003975,PTY003975,billing,6292 Barber Port Suite 519,North Jefferyfort,DC,02972,US,True
ADDR003976,PTY003976,risk_location,30899 Jeffrey Pass,South Jefferyside,NE,83265,US,True
ADDR003977,PTY003977,mailing,9323 Christopher Passage,Millerburgh,MD,52942,US,True
ADDR003978,PTY003978,primary,89080 Clifford Harbors Apt. 779,Coxbury,OK,49955,US,True
ADDR003979,PTY003979,risk_location,791 Lynch Square,Jessicaberg,IL,95484,US,True
ADDR003980,PTY003980,business,92575 Dawn Village Suite 021,Anthonyfurt,NJ,44680,US,True
ADDR003981,PTY003981,billing,4701 Ashley Forest Apt. 664,Leehaven,WV,08828,US,True
ADDR003982,PTY003982,risk_location,6549 Andrew Harbor,Holmesberg,PA,22694,US,True
ADDR003983,PTY003983,mailing,77024 Jones River,Williamtown,OH,12682,US,True
ADDR003984,PTY003984,mailing,448 Hansen Burgs,New Jennifer,DE,64874,US,True
ADDR003985,PTY003985,risk_location,830 Dean Shore Apt. 704,North Jamesville,TX,11039,US,True
ADDR003986,PTY003986,primary,1339 Teresa Lakes,Brownshire,DE,38233,US,True
ADDR003987,PTY003987,business,486 Patel Spur Suite 376,Adamschester,ID,62401,US,True
ADDR003988,PTY003988,mailing,40868 Danielle Mills,East Alisonshire,CA,11283,US,True
ADDR003989,PTY003989,risk_location,846 Dennis Prairie Suite 994,Lake Craigburgh,ID,51815,US,True
ADDR003990,PTY003990,primary,07146 Zachary Common,West Crystal,PR,38786,US,True
ADDR003991,PTY003991,mailing,6298 Smith Inlet Suite 291,Cherylshire,CA,10831,US,True
ADDR003992,PTY003992,risk_location,318 Sandoval Ford,West Sarahside,MN,96200,US,True
ADDR003993,PTY003993,primary,01392 Simpson Vista Apt. 160,Masonview,NH,89309,US,True
ADDR003994,PTY003994,primary,84968 Porter Locks Apt. 252,Port Thomasmouth,PA,52083,US,True
ADDR003995,PTY003995,business,671 Simmons Plains,Port Davidberg,PW,79804,US,True
ADDR003996,PTY003996,risk_location,25019 Shannon Views,Hamptonton,GU,44382,US,True
ADDR003997,PTY003997,business,1292 Ethan View Apt. 636,Rowemouth,NC,91239,US,True
ADDR003998,PTY003998,primary,359 Anthony Light Apt. 236,Cunninghamport,OK,76298,US,True
ADDR003999,PTY003999,primary,233 Ian Mountain Suite 941,New Patrick,VT,37966,US,True
ADDR004000,PTY004000,primary,1985 Candace Station Apt. 796,South Kelly,MI,45256,US,True
ADDR004001,PTY004001,business,44473 Parsons Bridge Suite 679,Donnaburgh,UT,71744,US,True
ADDR004002,PTY004002,mailing,11443 Frank Turnpike,North John,WV,58185,US,True
ADDR004003,PTY004003,risk_location,6498 David Motorway,North Jesse,DC,38042,US,True
ADDR004004,PTY004004,primary,2680 Francis Radial Suite 423,North Kimberg,VA,39155,US,True
ADDR004005,PTY004005,business,421 Williams Summit,New Aaronport,MO,28719,US,True
ADDR004006,PTY004006,primary,166 French Crescent,New Martha,NH,56170,US,True
ADDR004007,PTY004007,business,19006 Alexander Keys,Omarborough,SD,05487,US,True
ADDR004008,PTY004008,billing,88933 Matthew Village Suite 563,Rosschester,DE,84673,US,True
ADDR004009,PTY004009,business,4082 Malik Walks Apt. 522,West Ashleyshire,MO,46450,US,True
ADDR004010,PTY004010,primary,6458 Miguel Mountains,West Amandatown,DC,53278,US,True
ADDR004011,PTY004011,business,5849 Horn Mountains,Carrollborough,CO,60810,US,True
ADDR004012,PTY004012,primary,988 Evans Views,Jamesborough,KS,67582,US,True
ADDR004013,PTY004013,risk_location,35046 Barrera Harbor Apt. 489,Weberton,IA,69286,US,True
ADDR004014,PTY004014,primary,267 Tiffany Orchard Apt. 918,Daniellemouth,NH,14215,US,True
ADDR004015,PTY004015,primary,10254 Amy Ford Suite 743,Morrisonmouth,DE,71190,US,True
ADDR004016,PTY004016,mailing,098 Diane Knoll,Lake Oliviafort,NM,41205,US,True
ADDR004017,PTY004017,mailing,581 Michael Valleys Suite 250,West Wendyfort,WV,32385,US,True
ADDR004018,PTY004018,risk_location,0831 Dickerson Square Suite 505,Melissafurt,OH,52573,US,True
ADDR004019,PTY004019,risk_location,030 Julia Mill,Gravesbury,ID,01609,US,True
ADDR004020,PTY004020,mailing,6639 Roberts Brooks,East Linda,SD,46121,US,True
ADDR004021,PTY004021,business,3432 Norman Shoals,Crystalmouth,GA,79458,US,True
ADDR004022,PTY004022,primary,54332 Julia Haven Suite 765,Joelmouth,GA,61668,US,True
ADDR004023,PTY004023,billing,0530 Carter Village Apt. 376,New Tylermouth,ME,07806,US,True
ADDR004024,PTY004024,business,7857 Michael Falls,West Jessicamouth,NC,84516,US,True
ADDR004025,PTY004025,risk_location,61862 Veronica Highway Apt. 769,Mollyberg,TN,31310,US,True
ADDR004026,PTY004026,risk_location,102 Hoover Ports,Lake Toddchester,PW,98533,US,True
ADDR004027,PTY004027,risk_location,5682 Mitchell Loop,Lake Davidmouth,MD,32015,US,True
ADDR004028,PTY004028,risk_location,30207 Rhonda Lodge,North Scottview,MA,98865,US,True
ADDR004029,PTY004029,primary,2784 Parks Motorway Suite 384,Penahaven,PA,07877,US,True
ADDR004030,PTY004030,primary,513 Spencer Islands,East Monica,OR,12339,US,True
ADDR004031,PTY004031,billing,269 Anderson Forges Suite 650,West Anthonyborough,AK,21236,US,True
ADDR004032,PTY004032,business,6416 Smith Glen,East Kelly,WY,92024,US,True
ADDR004033,PTY004033,risk_location,0611 Mark Meadows,Hectormouth,LA,09942,US,True
ADDR004034,PTY004034,mailing,659 Jennifer Stravenue Apt. 611,East Katie,ME,53961,US,True
ADDR004035,PTY004035,risk_location,694 Perkins Plains Apt. 617,Youngberg,PW,54476,US,True
ADDR004036,PTY004036,business,833 Julian Extension Suite 150,Stephanietown,OH,44868,US,True
ADDR004037,PTY004037,mailing,29817 Michelle Cove,North Michaelfurt,MN,78152,US,True
ADDR004038,PTY004038,primary,272 Ford Fort Apt. 424,Brendaborough,WY,02169,US,True
ADDR004039,PTY004039,primary,276 Weaver Walks,West Paulstad,MT,95695,US,True
ADDR004040,PTY004040,business,75912 Campbell Fort,East Jeremy,FM,46679,US,True
ADDR004041,PTY004041,billing,8448 Nicholas Shore Suite 048,Masonberg,NH,50299,US,True
ADDR004042,PTY004042,risk_location,2711 Richard Trail,Christopherhaven,ND,40900,US,True
ADDR004043,PTY004043,business,407 Alyssa Bridge,Coryburgh,AL,68635,US,True
ADDR004044,PTY004044,risk_location,402 William Landing,Port Shelia,WA,41945,US,True
ADDR004045,PTY004045,billing,7831 Craig Inlet Suite 890,New Michael,OH,63190,US,True
ADDR004046,PTY004046,risk_location,55036 Kristopher Stravenue Suite 580,Stephenland,NH,77424,US,True
ADDR004047,PTY004047,primary,4008 Jessica Ramp,North Mike,TX,87628,US,True
ADDR004048,PTY004048,risk_location,7684 Ingram Hills Apt. 055,New Samanthaside,FL,23323,US,True
ADDR004049,PTY004049,risk_location,186 Amanda Pine,Flowersbury,CA,44849,US,True
ADDR004050,PTY004050,mailing,959 Joy Parkway Suite 089,New Kelly,SD,06457,US,True
ADDR004051,PTY004051,billing,176 Anderson Highway,Christopherchester,SD,92453,US,True
ADDR004052,PTY004052,business,693 Bradley Light,Port Janet,CO,23968,US,True
ADDR004053,PTY004053,billing,393 Thomas Grove Suite 253,Jenkinsport,VA,66257,US,True
ADDR004054,PTY004054,risk_location,0359 Cruz Keys,Perezbury,AZ,56011,US,True
ADDR004055,PTY004055,business,041 Natasha Lock,Campbellmouth,AL,85124,US,True
ADDR004056,PTY004056,primary,102 Timothy Locks Suite 180,Morganview,PA,47748,US,True
ADDR004057,PTY004057,business,29157 Hogan Fork Suite 702,West Josephshire,NH,91929,US,True
ADDR004058,PTY004058,mailing,547 Alexander Islands Apt. 539,New Matthewmouth,LA,27181,US,True
ADDR004059,PTY004059,mailing,734 Martin View,North Jeffrey,WA,80836,US,True
ADDR004060,PTY004060,primary,98869 Timothy Club Suite 752,Port Nicole,MS,52987,US,True
ADDR004061,PTY004061,billing,7596 Lee Hills,East Michael,AL,89193,US,True
ADDR004062,PTY004062,primary,85464 Nicholson Street,Kathleenland,IN,68358,US,True
ADDR004063,PTY004063,mailing,43960 Cunningham Branch Suite 917,Steinbury,MP,88115,US,True
ADDR004064,PTY004064,billing,52909 Jennifer Knolls Apt. 786,North Lorrainechester,IA,48819,US,True
ADDR004065,PTY004065,risk_location,4937 Peterson Meadow,Sandersport,HI,85260,US,True
ADDR004066,PTY004066,mailing,4916 Michael Lakes Suite 827,North Sylvia,CT,88380,US,True
ADDR004067,PTY004067,business,175 Davidson Unions,New Kristenberg,MN,21937,US,True
ADDR004068,PTY004068,risk_location,10905 Jenna Track Apt. 727,North Brandon,SD,35550,US,True
ADDR004069,PTY004069,billing,64542 Lawrence Meadows Suite 498,Grayhaven,ME,39832,US,True
ADDR004070,PTY004070,business,140 Joan Overpass Apt. 228,South Valerie,VI,58844,US,True
ADDR004071,PTY004071,business,60022 Justin Center Apt. 224,New Juliamouth,ND,91475,US,True
ADDR004072,PTY004072,mailing,4326 Baker Point Suite 032,Bryanfort,NY,88016,US,True
ADDR004073,PTY004073,billing,8673 Shannon Lake,Myersborough,SD,06886,US,True
ADDR004074,PTY004074,primary,2735 Aaron Fork Suite 250,New Stevenmouth,MI,09232,US,True
ADDR004075,PTY004075,primary,00033 Joseph Crest,Wyattport,MN,30665,US,True
ADDR004076,PTY004076,risk_location,53926 Joanne Street Suite 206,Kimberlyville,FL,09167,US,True
ADDR004077,PTY004077,billing,00973 Robert Tunnel Apt. 023,Myersshire,AL,84506,US,True
ADDR004078,PTY004078,primary,775 Grant Meadows,East Jason,OH,95966,US,True
ADDR004079,PTY004079,risk_location,21018 Evans Mountains,Pearsonchester,WI,82304,US,True
ADDR004080,PTY004080,risk_location,64219 Melissa Wall Apt. 240,East Raymondville,AK,53769,US,True
ADDR004081,PTY004081,billing,441 Charles Stravenue,North Jackmouth,ND,62922,US,True
ADDR004082,PTY004082,business,50261 Gloria Roads Apt. 492,Davenporttown,CT,28784,US,True
ADDR004083,PTY004083,risk_location,4813 Smith Mission,Callahanstad,DE,81527,US,True
ADDR004084,PTY004084,risk_location,9008 Richard Rapids,Lake Samanthaville,NJ,19839,US,True
ADDR004085,PTY004085,mailing,77160 Schmidt Walks,South Brittanyfurt,VA,36628,US,True
ADDR004086,PTY004086,billing,3958 Amanda Trail Suite 179,New Samuel,AL,67605,US,True
ADDR004087,PTY004087,business,3479 Allen Bypass,Timothystad,NE,97159,US,True
ADDR004088,PTY004088,primary,8515 Clark Expressway,New John,KY,35616,US,True
ADDR004089,PTY004089,business,8451 Tammy Harbor,Fisherhaven,NM,99554,US,True
ADDR004090,PTY004090,mailing,59437 Sydney Mews,West Sabrinaburgh,ME,87784,US,True
ADDR004091,PTY004091,primary,268 Benjamin Road Apt. 066,Kimberlyshire,WY,62665,US,True
ADDR004092,PTY004092,risk_location,5659 Casey Village Suite 003,West Jimmy,IA,74021,US,True
ADDR004093,PTY004093,risk_location,902 Christina Rapids,East Susanstad,IL,26883,US,True
ADDR004094,PTY004094,billing,078 Curry Creek Suite 451,West Kenneth,NV,69086,US,True
ADDR004095,PTY004095,business,79943 Stuart Lock Apt. 270,New Melissaside,PW,91480,US,True
ADDR004096,PTY004096,risk_location,87724 Ewing Rest Suite 379,Port Alisonchester,CT,06541,US,True
ADDR004097,PTY004097,billing,33925 Darius Squares Suite 012,North Samanthaport,RI,90978,US,True
ADDR004098,PTY004098,risk_location,81224 Gardner Plaza Apt. 902,Collinsborough,MN,56594,US,True
ADDR004099,PTY004099,risk_location,3990 Campos Keys Suite 850,Natashafort,MP,98990,US,True
ADDR004100,PTY004100,business,02353 Mcintyre Dam Apt. 200,Catherinemouth,MS,77363,US,True
ADDR004101,PTY004101,mailing,158 Potter Inlet,Johnnymouth,RI,13667,US,True
ADDR004102,PTY004102,billing,65306 Carey Square,North Brian,OH,96402,US,True
ADDR004103,PTY004103,business,5689 Sanders Trafficway,Sarahtown,IN,71727,US,True
ADDR004104,PTY004104,business,86077 Perkins Park,South Dennistown,SC,49796,US,True
ADDR004105,PTY004105,billing,61681 Grant Way Apt. 353,Port Stephen,FM,28148,US,True
ADDR004106,PTY004106,business,31442 Lisa Field Apt. 392,Alexanderville,FM,21697,US,True
ADDR004107,PTY004107,billing,8133 Allison Flats,New Angel,NC,58838,US,True
ADDR004108,PTY004108,mailing,85576 Anderson Square,Josephport,NE,24418,US,True
ADDR004109,PTY004109,business,342 Joseph Cape Apt. 792,Cantubury,KS,19661,US,True
ADDR004110,PTY004110,mailing,1393 April Point Suite 726,Samanthastad,UT,32944,US,True
ADDR004111,PTY004111,billing,385 Bruce Locks,South Stephanieberg,FL,29855,US,True
ADDR004112,PTY004112,risk_location,97886 Scott Route,New Jonathanbury,CO,51712,US,True
ADDR004113,PTY004113,business,38310 Warner Unions,Kevinshire,MD,48334,US,True
ADDR004114,PTY004114,business,2399 Daniel Inlet Apt. 200,Weissmouth,WI,21029,US,True
ADDR004115,PTY004115,business,41526 Warner Inlet Apt. 605,North Tiffanyview,ME,45671,US,True
ADDR004116,PTY004116,risk_location,427 Kelley Ramp,Gloriaton,VA,24435,US,True
ADDR004117,PTY004117,primary,346 Scott Club Suite 667,Port Georgefort,ME,17078,US,True
ADDR004118,PTY004118,mailing,048 Kaylee Fields Suite 635,Lake Jill,TN,00891,US,True
ADDR004119,PTY004119,billing,56964 Mary Junction Apt. 411,Wardborough,GA,93635,US,True
ADDR004120,PTY004120,mailing,5180 Sanchez Corner Suite 154,North Sandra,OR,06903,US,True
ADDR004121,PTY004121,primary,1185 Reid Mission Apt. 880,Ramosview,CO,69368,US,True
ADDR004122,PTY004122,primary,01806 Hernandez Lodge Apt. 890,South Robertland,MI,44907,US,True
ADDR004123,PTY004123,business,41645 King Islands Suite 172,Davisborough,KY,66152,US,True
ADDR004124,PTY004124,mailing,4613 Trevor Lodge Suite 330,Wilsonhaven,AS,12073,US,True
ADDR004125,PTY004125,primary,7235 Davis Ramp Apt. 512,Williamschester,NM,19667,US,True
ADDR004126,PTY004126,risk_location,0763 Allen Trace,Longchester,MA,48749,US,True
ADDR004127,PTY004127,billing,88323 Patrick Cove,Delgadoview,MD,72987,US,True
ADDR004128,PTY004128,risk_location,9926 Lee Burgs,Tonyafurt,DC,28059,US,True
ADDR004129,PTY004129,business,99034 Joshua Terrace,West Thomasview,CO,33831,US,True
ADDR004130,PTY004130,primary,4026 Ryan Lights,Smithtown,NV,49395,US,True
ADDR004131,PTY004131,mailing,8800 Clark Center,Davidside,TN,60414,US,True
ADDR004132,PTY004132,risk_location,9141 Bryce Ferry,New Ericaside,CA,17386,US,True
ADDR004133,PTY004133,risk_location,46948 Pugh Branch Suite 136,West Johnchester,WY,68649,US,True
ADDR004134,PTY004134,primary,287 Megan Cliffs Apt. 567,New Luis,NJ,67928,US,True
ADDR004135,PTY004135,business,23125 Marvin Turnpike,Vanessafurt,NY,75063,US,True
ADDR004136,PTY004136,primary,48141 Taylor Bypass Apt. 564,Teresaburgh,WA,36200,US,True
ADDR004137,PTY004137,business,86315 Jasmine Cliffs Suite 935,North Andreaburgh,MI,64975,US,True
ADDR004138,PTY004138,risk_location,63153 Johnson Gateway Apt. 873,South Jermaine,WI,44509,US,True
ADDR004139,PTY004139,business,146 Frye Islands,Andrewhaven,DE,37087,US,True
ADDR004140,PTY004140,business,3321 Johnson Forest Apt. 927,Lake Melindaton,ND,72768,US,True
ADDR004141,PTY004141,mailing,937 Bailey Park Apt. 071,Port Karenbury,ME,46948,US,True
ADDR004142,PTY004142,mailing,747 Denise Vista,New Teresamouth,MS,64939,US,True
ADDR004143,PTY004143,billing,06272 Mueller Mall,Johnview,NY,89245,US,True
ADDR004144,PTY004144,mailing,3231 Watson Falls,New Robert,IN,71527,US,True
ADDR004145,PTY004145,primary,749 Vance Ferry Suite 285,Michelletown,MO,66828,US,True
ADDR004146,PTY004146,mailing,1848 Hall Green Apt. 895,Ernestview,NM,69244,US,True
ADDR004147,PTY004147,primary,188 James Track,Port Thomas,WA,79586,US,True
ADDR004148,PTY004148,mailing,707 Bennett Ford,West Samantha,WA,71279,US,True
ADDR004149,PTY004149,business,973 Wayne Mount Suite 825,North Emilyhaven,SC,95982,US,True
ADDR004150,PTY004150,risk_location,6304 Brock Green,South Williamview,MD,56036,US,True
ADDR004151,PTY004151,business,3057 Mcdonald Drive Suite 550,Hernandezberg,MO,35174,US,True
ADDR004152,PTY004152,mailing,8437 Pham Plaza Apt. 372,Edwardfort,RI,59135,US,True
ADDR004153,PTY004153,primary,5936 Williams Orchard,Kellyside,NM,87897,US,True
ADDR004154,PTY004154,billing,4077 Dennis Drive Suite 898,Kimberlyshire,TX,10276,US,True
ADDR004155,PTY004155,risk_location,7569 Barrett Motorway,Lake Christina,ID,68862,US,True
ADDR004156,PTY004156,business,924 Sandra Plaza,North Kaylaborough,GU,93169,US,True
ADDR004157,PTY004157,mailing,5632 John Bridge,West Heidi,MS,92878,US,True
ADDR004158,PTY004158,business,46304 Jennifer Grove,Port Trevorview,KS,19342,US,True
ADDR004159,PTY004159,risk_location,7750 Williams Ranch Apt. 794,Johnhaven,MP,61171,US,True
ADDR004160,PTY004160,billing,62539 Elizabeth Coves,West Jacob,NC,68985,US,True
ADDR004161,PTY004161,mailing,87408 Davis Extensions,Christineview,PA,33183,US,True
ADDR004162,PTY004162,mailing,52669 Samantha Brooks,Jacquelineland,OH,60235,US,True
ADDR004163,PTY004163,billing,460 Ortiz Passage Apt. 618,Ryanfurt,WY,83372,US,True
ADDR004164,PTY004164,billing,592 Robert Streets Apt. 811,South Aprilport,KY,59557,US,True
ADDR004165,PTY004165,mailing,3013 Sherry Island Suite 565,North Christopher,ME,36308,US,True
ADDR004166,PTY004166,risk_location,50443 Mcdaniel Roads,Thomasview,RI,19257,US,True
ADDR004167,PTY004167,mailing,469 Matthew Alley,Davidtown,PA,78919,US,True
ADDR004168,PTY004168,primary,95396 Michele Club,South Jennifer,WV,90136,US,True
ADDR004169,PTY004169,mailing,987 Mccarty Underpass,South Elizabeth,SC,83981,US,True
ADDR004170,PTY004170,business,4357 Brown Island Suite 045,New Angelaland,ID,94677,US,True
ADDR004171,PTY004171,billing,7542 Hernandez Plains,East Angelaland,OH,80218,US,True
ADDR004172,PTY004172,business,287 Jones Circle Suite 510,Port Jonathanmouth,IN,30909,US,True
ADDR004173,PTY004173,risk_location,880 Thomas Ville Suite 105,West James,KS,18025,US,True
ADDR004174,PTY004174,billing,213 David Pass Apt. 840,East Amberhaven,NV,53049,US,True
ADDR004175,PTY004175,risk_location,67666 Wolfe Shore,East Paulburgh,SD,08786,US,True
ADDR004176,PTY004176,business,8149 Gonzalez Islands Suite 333,North Amanda,DE,57732,US,True
ADDR004177,PTY004177,primary,6029 Danny Hollow Apt. 495,Gonzaleston,MD,81562,US,True
ADDR004178,PTY004178,primary,03512 Chaney Estate Apt. 938,North Steven,PR,06554,US,True
ADDR004179,PTY004179,mailing,0023 Eric Village,East Philipburgh,RI,68722,US,True
ADDR004180,PTY004180,business,07321 Conley Shoal,Burnsview,NM,51296,US,True
ADDR004181,PTY004181,mailing,35923 Fox Dam Apt. 306,Alvarezshire,VI,50248,US,True
ADDR004182,PTY004182,risk_location,2859 Long Station Suite 001,South Matthew,NC,29088,US,True
ADDR004183,PTY004183,business,63838 Mcpherson Common,East Jessica,PR,44160,US,True
ADDR004184,PTY004184,business,7522 Simmons Throughway Suite 593,Bellside,PR,96155,US,True
ADDR004185,PTY004185,mailing,3318 Lauren Springs,South Jeremytown,PW,65709,US,True
ADDR004186,PTY004186,billing,340 Tammy Way Apt. 407,Ralphshire,LA,59442,US,True
ADDR004187,PTY004187,billing,8389 Bell Mountain Apt. 841,Christinetown,AL,44448,US,True
ADDR004188,PTY004188,primary,56196 Reeves Light Apt. 309,North Sierraberg,NM,68219,US,True
ADDR004189,PTY004189,risk_location,579 Trevino Green Apt. 960,Lake Lindsaymouth,MH,96231,US,True
ADDR004190,PTY004190,mailing,34376 Allen Well Suite 816,Davisshire,LA,27438,US,True
ADDR004191,PTY004191,business,1514 Lynn Freeway,East Lisamouth,NE,34322,US,True
ADDR004192,PTY004192,mailing,593 Harris Orchard,Gallowayton,NC,65774,US,True
ADDR004193,PTY004193,mailing,8440 Natasha Harbors,Sandraburgh,FM,34455,US,True
ADDR004194,PTY004194,mailing,70357 Barber Isle Suite 020,Ryanchester,MD,44523,US,True
ADDR004195,PTY004195,business,13966 Jones Branch Apt. 856,Johnsonhaven,AR,53799,US,True
ADDR004196,PTY004196,mailing,38775 Pacheco Glen Suite 889,Stanleyhaven,NJ,57189,US,True
ADDR004197,PTY004197,primary,365 Lisa Plains Suite 694,North Anthonyhaven,CA,03273,US,True
ADDR004198,PTY004198,risk_location,6917 Harris Track,New Derek,CA,60347,US,True
ADDR004199,PTY004199,risk_location,44033 Tyler Light,East Debra,MP,67306,US,True
ADDR004200,PTY004200,business,98340 Simpson Ford,South Alyssa,MD,38793,US,True
ADDR004201,PTY004201,risk_location,589 Kim Springs,Atkinsberg,PR,29958,US,True
ADDR004202,PTY004202,billing,3760 Sarah Mall,South Pam,ID,01479,US,True
ADDR004203,PTY004203,primary,883 Brown Forest,East Katelyn,MO,06017,US,True
ADDR004204,PTY004204,mailing,779 Beasley Trail,Reyeschester,MP,92868,US,True
ADDR004205,PTY004205,business,597 Rosario Roads Apt. 254,West Shannonburgh,IL,51670,US,True
ADDR004206,PTY004206,billing,950 Lopez Street,Tamaraville,GA,82236,US,True
ADDR004207,PTY004207,risk_location,1604 Raymond Highway,North Thomas,MH,21702,US,True
ADDR004208,PTY004208,billing,4274 Kimberly Parks,Troychester,NC,30337,US,True
ADDR004209,PTY004209,primary,1953 Kevin Fall Suite 551,Port Denise,CA,16998,US,True
ADDR004210,PTY004210,billing,519 April Harbors Suite 843,Lindaborough,VA,72326,US,True
ADDR004211,PTY004211,billing,854 Daniels Coves,West Michelle,ME,50084,US,True
ADDR004212,PTY004212,risk_location,18763 Howard Trail,West Crystalside,MP,37279,US,True
ADDR004213,PTY004213,risk_location,7757 Jeremy Spur,South April,AS,92273,US,True
ADDR004214,PTY004214,risk_location,4400 White Turnpike,Port Scott,NJ,85996,US,True
ADDR004215,PTY004215,business,294 Ashley Bridge,Lake Tanyaborough,SC,77128,US,True
ADDR004216,PTY004216,primary,1190 Ingram Dam Suite 602,Vanessaville,NY,19287,US,True
ADDR004217,PTY004217,risk_location,155 Barrett Summit Suite 929,New Lauren,TN,48776,US,True
ADDR004218,PTY004218,billing,4352 Osborn Dam,Lake Jeanville,FL,48846,US,True
ADDR004219,PTY004219,mailing,83078 Taylor Squares,West Rogermouth,TN,07967,US,True
ADDR004220,PTY004220,primary,65518 Julie Tunnel Apt. 363,East Danielmouth,UT,09709,US,True
ADDR004221,PTY004221,mailing,336 Richards Summit Apt. 036,New Michaelshire,PW,61682,US,True
ADDR004222,PTY004222,billing,455 Mitchell Lock Suite 844,East Randymouth,NJ,99649,US,True
ADDR004223,PTY004223,mailing,37521 David Rest Apt. 628,New Sharonbury,PW,32525,US,True
ADDR004224,PTY004224,billing,7417 Stephanie Expressway Apt. 175,North Stephanie,WI,27665,US,True
ADDR004225,PTY004225,billing,30527 Alexa Camp Suite 016,West Sean,VT,87291,US,True
ADDR004226,PTY004226,mailing,3155 April Extension,Gabrielchester,WI,40546,US,True
ADDR004227,PTY004227,billing,4273 Esparza Locks,Ortizstad,VI,64869,US,True
ADDR004228,PTY004228,mailing,92620 Weiss Mission,West Karen,NJ,22127,US,True
ADDR004229,PTY004229,business,1885 Pitts Ferry Suite 771,West Grace,FM,07624,US,True
ADDR004230,PTY004230,primary,509 Alexander Viaduct Suite 133,West Mark,MI,38547,US,True
ADDR004231,PTY004231,primary,71953 Mckay Tunnel,West Ronald,TX,27946,US,True
ADDR004232,PTY004232,billing,418 Mark Pine,Garciaborough,MD,02796,US,True
ADDR004233,PTY004233,risk_location,7313 Brandon Creek Apt. 397,West Megan,VT,80249,US,True
ADDR004234,PTY004234,billing,45937 Haney Vista,East Juliefort,AR,60468,US,True
ADDR004235,PTY004235,primary,21023 Villegas Expressway Suite 519,West Lauratown,VI,67919,US,True
ADDR004236,PTY004236,business,660 Santos Mill Suite 893,Pattersonshire,NV,34911,US,True
ADDR004237,PTY004237,mailing,69460 Chelsea Well,Port Jonborough,NJ,75950,US,True
ADDR004238,PTY004238,risk_location,393 Briana Harbor Suite 585,West Davidview,AZ,54692,US,True
ADDR004239,PTY004239,mailing,6071 Michelle Mill,East Victortown,IN,56406,US,True
ADDR004240,PTY004240,primary,4463 Hughes Mall,East Lauren,VI,72157,US,True
ADDR004241,PTY004241,business,0653 Duncan Street Apt. 191,North Andrew,PW,71733,US,True
ADDR004242,PTY004242,billing,205 Emily Roads,Michaelchester,LA,46136,US,True
ADDR004243,PTY004243,business,156 Johnson Vista Suite 450,Robertsonberg,FM,20005,US,True
ADDR004244,PTY004244,primary,11555 Hannah Wall Apt. 937,Payneshire,FL,93400,US,True
ADDR004245,PTY004245,mailing,33549 Pope Mall Apt. 020,Marcfurt,NV,66309,US,True
ADDR004246,PTY004246,risk_location,343 Oneal Radial,Barberton,DE,05120,US,True
ADDR004247,PTY004247,business,4726 Jenkins Station,South Katelyn,RI,45320,US,True
ADDR004248,PTY004248,billing,7994 Ronald Cliffs Suite 534,Taylorport,OK,64209,US,True
ADDR004249,PTY004249,risk_location,68865 Hancock Port,Eugenefort,AK,85426,US,True
ADDR004250,PTY004250,billing,7665 Townsend Court,Lake Belindabury,GA,45062,US,True
ADDR004251,PTY004251,risk_location,4730 Schroeder Center,Port David,VA,87307,US,True
ADDR004252,PTY004252,mailing,85711 Joseph Turnpike Suite 311,East Jonathanside,AZ,42439,US,True
ADDR004253,PTY004253,business,18543 Carson Loop Suite 464,New Charlotte,ND,10442,US,True
ADDR004254,PTY004254,billing,82026 Campbell Brook,Port Kellymouth,NJ,28930,US,True
ADDR004255,PTY004255,mailing,056 Justin Mission,Justinton,MP,69750,US,True
ADDR004256,PTY004256,mailing,14747 Neal Rapids Apt. 227,Port Zacharybury,AK,16715,US,True
ADDR004257,PTY004257,business,9016 Crystal Land,Mikemouth,NH,09229,US,True
ADDR004258,PTY004258,primary,38036 Mercer Orchard,Port Amyfurt,KY,12309,US,True
ADDR004259,PTY004259,risk_location,18652 Perez Mount,Tonyachester,CA,04256,US,True
ADDR004260,PTY004260,business,944 Cassandra Shoal,Josetown,CT,55893,US,True
ADDR004261,PTY004261,risk_location,58585 Wilson Corners,Jenniferview,MT,17691,US,True
ADDR004262,PTY004262,risk_location,904 Shane Meadow,North Michael,MA,84691,US,True
ADDR004263,PTY004263,primary,4264 Christina Prairie,Davidhaven,DE,96608,US,True
ADDR004264,PTY004264,business,454 Andrew Points,South Charlesshire,PW,72061,US,True
ADDR004265,PTY004265,business,5965 Ronald Knoll Apt. 145,North Heatherchester,DC,27616,US,True
ADDR004266,PTY004266,billing,69794 Debra Station,Mckinneyside,NE,12847,US,True
ADDR004267,PTY004267,billing,125 Kristina Pass,Carterside,HI,02052,US,True
ADDR004268,PTY004268,primary,64356 Anthony Mountain Suite 244,West Troymouth,VA,43252,US,True
ADDR004269,PTY004269,risk_location,3196 Durham Parkway Apt. 828,Robertstown,FM,07789,US,True
ADDR004270,PTY004270,business,29342 Mueller Corner Apt. 675,North Jack,LA,11850,US,True
ADDR004271,PTY004271,billing,00202 Gomez Spurs,Port Tomside,NY,04493,US,True
ADDR004272,PTY004272,mailing,16102 Smith Station Suite 935,South Dawn,MH,10476,US,True
ADDR004273,PTY004273,business,009 Alan Neck,West Jeffrey,VT,48474,US,True
ADDR004274,PTY004274,billing,0910 Richard Plains Apt. 882,Christieville,MS,15592,US,True
ADDR004275,PTY004275,billing,30040 Donna Field,East Adam,MT,17452,US,True
ADDR004276,PTY004276,primary,724 William Points,South Nicholasport,FM,58826,US,True
ADDR004277,PTY004277,primary,428 Margaret Prairie Apt. 310,East Tiffany,MH,35806,US,True
ADDR004278,PTY004278,primary,8392 Saunders Square,Stephenshire,OR,13295,US,True
ADDR004279,PTY004279,primary,718 Cruz Spring,Port Brianport,CA,19552,US,True
ADDR004280,PTY004280,billing,2255 Garrison Forest,West Virginia,MH,39097,US,True
ADDR004281,PTY004281,mailing,97474 Anderson Manors,Lake Joshuastad,NE,69462,US,True
ADDR004282,PTY004282,risk_location,39680 Miller Spurs,New Katherinehaven,IA,68203,US,True
ADDR004283,PTY004283,business,0998 Robert Skyway Apt. 180,Mallorystad,WI,51896,US,True
ADDR004284,PTY004284,risk_location,1857 Kyle Hills Apt. 401,New Sarahland,ND,02034,US,True
ADDR004285,PTY004285,billing,58096 Hawkins Turnpike,Krystalshire,NH,69825,US,True
ADDR004286,PTY004286,business,958 Jennifer Branch Suite 589,North Stephen,WA,23921,US,True
ADDR004287,PTY004287,mailing,352 Darin Wells Suite 530,Rickyfort,VT,40640,US,True
ADDR004288,PTY004288,billing,943 Jackson Mountain Suite 948,South Brianstad,PA,07147,US,True
ADDR004289,PTY004289,billing,327 Chad Road,Figueroashire,NJ,46922,US,True
ADDR004290,PTY004290,business,43039 Alice Square,Lisaburgh,CO,41594,US,True
ADDR004291,PTY004291,mailing,9385 Christopher Crescent Suite 035,Emilyhaven,FL,07754,US,True
ADDR004292,PTY004292,primary,4055 Hartman Branch,Spearsport,OK,92235,US,True
ADDR004293,PTY004293,primary,0797 Mary Cove Apt. 365,Christianside,DC,71263,US,True
ADDR004294,PTY004294,primary,807 Andrea Lane Suite 070,Garciashire,NC,86815,US,True
ADDR004295,PTY004295,business,42616 Michael Parks Apt. 811,Montgomeryport,NY,05516,US,True
ADDR004296,PTY004296,primary,879 Amber Run Apt. 464,East Jacquelinehaven,PW,43059,US,True
ADDR004297,PTY004297,business,21767 Kenneth Burg,Hamptonmouth,KY,67598,US,True
ADDR004298,PTY004298,business,27389 Williams Circle,Jacksonshire,MS,90956,US,True
ADDR004299,PTY004299,business,82078 Matthew Pines Apt. 888,West Davidland,IL,32967,US,True
ADDR004300,PTY004300,risk_location,53501 Thomas Passage Apt. 349,Port Jenniferborough,GU,84877,US,True
ADDR004301,PTY004301,business,7052 Fred Mews,Jacksonhaven,MP,42493,US,True
ADDR004302,PTY004302,business,2852 Brown Fork Suite 642,Brandihaven,WA,47569,US,True
ADDR004303,PTY004303,primary,413 Valdez Points,Lake Ashleymouth,DE,71167,US,True
ADDR004304,PTY004304,mailing,283 Thomas Run Suite 264,Mccallville,NH,65565,US,True
ADDR004305,PTY004305,mailing,067 Watson Forges Apt. 101,South Daniel,DC,33214,US,True
ADDR004306,PTY004306,business,82402 Tyler Freeway,Port Paulton,CO,03678,US,True
ADDR004307,PTY004307,mailing,01734 Carpenter Grove,Lisaton,ND,44860,US,True
ADDR004308,PTY004308,billing,3175 Ronald Oval,Fisherview,OR,89663,US,True
ADDR004309,PTY004309,risk_location,614 Tara Ridges Apt. 223,Bowersland,NH,88460,US,True
ADDR004310,PTY004310,billing,643 Kim Loaf Apt. 034,Santosview,MT,56810,US,True
ADDR004311,PTY004311,mailing,58037 Bauer Forges,New Jennifer,PW,11695,US,True
ADDR004312,PTY004312,business,038 Jones Summit Suite 817,Mannview,MH,97122,US,True
ADDR004313,PTY004313,billing,57149 Wanda Ville Apt. 958,East Claireberg,VT,78410,US,True
ADDR004314,PTY004314,business,311 Brandy Street,South Sheila,KY,62490,US,True
ADDR004315,PTY004315,primary,76782 Kelly Manor,North Rhonda,CO,17682,US,True
ADDR004316,PTY004316,primary,57082 Glenn Dale,Youngmouth,LA,73738,US,True
ADDR004317,PTY004317,primary,658 William Lakes Suite 304,Thompsonfort,NH,56969,US,True
ADDR004318,PTY004318,billing,32602 Cox Trail Suite 611,Lake Joannstad,MD,96440,US,True
ADDR004319,PTY004319,risk_location,63703 Michael Mall,Trujilloton,GU,57801,US,True
ADDR004320,PTY004320,primary,3035 Jones Flat Suite 899,South Gavinville,MP,24379,US,True
ADDR004321,PTY004321,mailing,530 Kennedy Lodge,North Catherineland,PA,03359,US,True
ADDR004322,PTY004322,billing,18695 Cunningham Square,Joneston,IL,69144,US,True
ADDR004323,PTY004323,risk_location,151 Mandy Port Apt. 346,New Michael,ID,34190,US,True
ADDR004324,PTY004324,billing,8492 Sanchez Way Suite 300,East Sarah,CA,51942,US,True
ADDR004325,PTY004325,risk_location,5274 John Manor Suite 037,New Michaelside,PA,39574,US,True
ADDR004326,PTY004326,primary,04804 Bridges Mews,West Rebeccafort,IA,33316,US,True
ADDR004327,PTY004327,primary,4133 Stephanie Land Apt. 709,Knightside,UT,06799,US,True
ADDR004328,PTY004328,risk_location,8899 Joshua Estates,Lake Kathleen,SC,90462,US,True
ADDR004329,PTY004329,billing,4075 Robert Bridge,Nancymouth,UT,77507,US,True
ADDR004330,PTY004330,mailing,966 Gates Mews,East Craig,ND,66417,US,True
ADDR004331,PTY004331,risk_location,5305 Kelley Green Apt. 970,Lake Christopherside,VA,84086,US,True
ADDR004332,PTY004332,mailing,1827 Jackson Via,Kimview,MD,76716,US,True
ADDR004333,PTY004333,billing,09713 Lori Square,Lake Kellybury,PW,83768,US,True
ADDR004334,PTY004334,billing,9679 Frye Tunnel,Port Adrianberg,KY,26472,US,True
ADDR004335,PTY004335,billing,16562 Obrien Via,Hunterfurt,MN,86197,US,True
ADDR004336,PTY004336,billing,986 Veronica Junction,Curtisfort,NV,73678,US,True
ADDR004337,PTY004337,risk_location,3032 Vaughn Forks,Lisaborough,SD,81133,US,True
ADDR004338,PTY004338,mailing,40888 Emma Junction,East Lisa,MH,79030,US,True
ADDR004339,PTY004339,primary,909 Natalie Forest,New Andrew,NM,45065,US,True
ADDR004340,PTY004340,mailing,3509 Matthew Turnpike Apt. 352,North Tamaraville,MP,09435,US,True
ADDR004341,PTY004341,primary,56263 Eric Wells Apt. 983,New Samuel,PW,68279,US,True
ADDR004342,PTY004342,mailing,91598 Martin Locks,Port Kevin,KY,01814,US,True
ADDR004343,PTY004343,billing,8358 Kennedy Pine Apt. 272,Robinsonview,CA,93220,US,True
ADDR004344,PTY004344,billing,9389 Nguyen Mission Suite 468,South Jack,CT,19114,US,True
ADDR004345,PTY004345,risk_location,421 Burke Shore Apt. 448,New Stephanieland,NH,58852,US,True
ADDR004346,PTY004346,business,4579 Turner Way Suite 016,Lopezberg,IN,98901,US,True
ADDR004347,PTY004347,mailing,80162 Munoz Island,West Kristen,VT,69085,US,True
ADDR004348,PTY004348,mailing,7388 Jones Via Apt. 146,Harrisview,MN,47138,US,True
ADDR004349,PTY004349,mailing,594 Hernandez Plains,Rachelmouth,MA,88294,US,True
ADDR004350,PTY004350,business,123 Winters Plains,South Anthony,MD,02709,US,True
ADDR004351,PTY004351,billing,1859 Cameron Burgs,Taylorland,WA,12384,US,True
ADDR004352,PTY004352,primary,974 Cameron Roads Apt. 051,Gwendolynhaven,ID,12816,US,True
ADDR004353,PTY004353,risk_location,54206 Robert Meadows Suite 880,Jacksonburgh,IA,21630,US,True
ADDR004354,PTY004354,primary,9948 Daniel Views,West Laurie,NV,10060,US,True
ADDR004355,PTY004355,risk_location,6380 Leah Street Apt. 667,Port Julie,TN,15240,US,True
ADDR004356,PTY004356,mailing,211 Pena Corner Apt. 818,New Charlene,MS,00742,US,True
ADDR004357,PTY004357,billing,4972 Curtis Oval,West Steven,NE,24840,US,True
ADDR004358,PTY004358,mailing,45363 Guerrero Highway,Herrerafurt,MA,36991,US,True
ADDR004359,PTY004359,billing,307 Toni Views Suite 499,East Matthew,NE,14306,US,True
ADDR004360,PTY004360,risk_location,2660 Bradley Valley Apt. 495,Lake Melissaton,VT,82055,US,True
ADDR004361,PTY004361,risk_location,76846 Lynch Curve,Robertsview,AZ,83141,US,True
ADDR004362,PTY004362,primary,253 Kristin Plaza,Callahanmouth,NY,04945,US,True
ADDR004363,PTY004363,business,5802 Torres Route Apt. 482,Lisaville,AR,88216,US,True
ADDR004364,PTY004364,billing,90692 Velasquez Keys Suite 978,Rayville,GA,21565,US,True
ADDR004365,PTY004365,billing,84593 Brianna Unions,Lewisborough,PR,02174,US,True
ADDR004366,PTY004366,risk_location,5144 Fitzpatrick Points,Georgeview,DE,05577,US,True
ADDR004367,PTY004367,primary,4621 Stephanie Bypass Apt. 674,Williehaven,CA,46894,US,True
ADDR004368,PTY004368,primary,9577 Christian Unions Apt. 604,New Lindastad,MD,23410,US,True
ADDR004369,PTY004369,risk_location,259 William Views Suite 790,West Scottside,MH,25058,US,True
ADDR004370,PTY004370,primary,44347 Gray Cove,Lake Angelamouth,CT,60162,US,True
ADDR004371,PTY004371,mailing,646 Ronald Forge Apt. 485,West Jeremy,DC,54409,US,True
ADDR004372,PTY004372,business,670 David Shoal,East Brianton,MN,09147,US,True
ADDR004373,PTY004373,business,21732 Morgan Inlet,East Kristy,SC,98010,US,True
ADDR004374,PTY004374,primary,7496 Angel Route,North Ryanchester,AZ,43746,US,True
ADDR004375,PTY004375,primary,1225 Hale Glens,Michaelshire,NJ,23106,US,True
ADDR004376,PTY004376,risk_location,590 William Inlet Apt. 537,Lindseyshire,CT,65480,US,True
ADDR004377,PTY004377,business,740 Brown Plains,Watsonton,UT,02923,US,True
ADDR004378,PTY004378,billing,71754 Glenn Flat,South Michaelport,SC,47524,US,True
ADDR004379,PTY004379,primary,0782 Ingram Cove,New Heidiside,VT,71891,US,True
ADDR004380,PTY004380,risk_location,95601 Lee Port Apt. 834,Port Rodneyville,IA,18504,US,True
ADDR004381,PTY004381,mailing,42163 Smith Ranch,South Rebecca,AK,83882,US,True
ADDR004382,PTY004382,billing,7746 Smith Roads Suite 238,Jaredborough,OR,56940,US,True
ADDR004383,PTY004383,mailing,5938 Snyder Locks,Jenniferborough,MI,35892,US,True
ADDR004384,PTY004384,primary,38579 Amanda Place Apt. 628,North Robert,CO,85112,US,True
ADDR004385,PTY004385,billing,07203 Harrison Underpass Apt. 463,Josephville,IL,84738,US,True
ADDR004386,PTY004386,primary,4130 Green Via,Stewartshire,WV,27257,US,True
ADDR004387,PTY004387,mailing,417 Theresa Knoll Suite 112,East Karen,MA,20211,US,True
ADDR004388,PTY004388,primary,20486 Courtney Dam,Ashleyberg,GA,34296,US,True
ADDR004389,PTY004389,mailing,7791 Carter Plaza Suite 127,Jacobborough,OH,24360,US,True
ADDR004390,PTY004390,mailing,9886 Tracy Shore,Nicoleberg,SD,92555,US,True
ADDR004391,PTY004391,billing,8457 Charlene Mountain,Wilsonstad,KY,03662,US,True
ADDR004392,PTY004392,primary,5692 Morgan Meadow,Rayview,MS,31280,US,True
ADDR004393,PTY004393,risk_location,5225 Horn Flats Apt. 332,South Antonio,ID,93414,US,True
ADDR004394,PTY004394,billing,8948 Cynthia Viaduct,East Leslie,OK,58414,US,True
ADDR004395,PTY004395,risk_location,716 Marcus Mount,Port James,MO,11966,US,True
ADDR004396,PTY004396,primary,746 Rios Tunnel,Kevinchester,PW,66085,US,True
ADDR004397,PTY004397,risk_location,4206 Rogers Via,New Danielle,PW,15969,US,True
ADDR004398,PTY004398,business,4239 Garza Locks,New Misty,KS,95473,US,True
ADDR004399,PTY004399,primary,856 Cunningham Place Suite 057,Lake Brenda,OK,59970,US,True
ADDR004400,PTY004400,business,30706 Mccann Tunnel Apt. 526,Brownview,PA,38508,US,True
ADDR004401,PTY004401,billing,804 Davis Haven,Lake Traciburgh,NJ,19621,US,True
ADDR004402,PTY004402,risk_location,307 Brian Glen,Lake Jennifer,FL,75066,US,True
ADDR004403,PTY004403,billing,69930 Martin Causeway Apt. 297,Joshuamouth,PR,45289,US,True
ADDR004404,PTY004404,primary,14816 Jones Street Suite 470,Malonebury,GU,22416,US,True
ADDR004405,PTY004405,business,66768 Kathy Parkways Apt. 286,Douglasfurt,PR,94600,US,True
ADDR004406,PTY004406,billing,82817 Hernandez Crest Apt. 220,Frazierview,AK,37477,US,True
ADDR004407,PTY004407,billing,85101 Craig Junction Apt. 220,West Andrew,MS,13200,US,True
ADDR004408,PTY004408,primary,588 Mark Mission,East Kimberlyside,NE,33087,US,True
ADDR004409,PTY004409,mailing,0519 Henry Mission,Valenzuelaburgh,KS,76351,US,True
ADDR004410,PTY004410,mailing,098 Lynch Forks Apt. 379,Port Markmouth,ND,39115,US,True
ADDR004411,PTY004411,mailing,720 Michael Cliffs,Phillipstad,OH,25030,US,True
ADDR004412,PTY004412,risk_location,8501 Baker Burg,Garychester,ID,55474,US,True
ADDR004413,PTY004413,risk_location,88102 Troy Mountains,Johnsonview,CO,51988,US,True
ADDR004414,PTY004414,billing,805 Stephen Dam Apt. 520,Vincenthaven,MN,22629,US,True
ADDR004415,PTY004415,primary,98794 Sheryl Lock,New Angelica,RI,45644,US,True
ADDR004416,PTY004416,mailing,05553 Smith Lights Suite 546,Morenoborough,CA,69858,US,True
ADDR004417,PTY004417,business,42161 Dustin Wells,Williamsfurt,LA,39357,US,True
ADDR004418,PTY004418,billing,72894 Evan Highway,Davidburgh,MI,00517,US,True
ADDR004419,PTY004419,business,643 Krause Plain,New Karen,IN,58002,US,True
ADDR004420,PTY004420,primary,06425 Casey Loop,Wrightburgh,NV,73189,US,True
ADDR004421,PTY004421,billing,23038 Carter Ramp,Lake Melissafurt,WV,90709,US,True
ADDR004422,PTY004422,risk_location,93952 Alan Drives Suite 468,East Michaelchester,WA,13289,US,True
ADDR004423,PTY004423,billing,9418 Jennifer Radial Suite 320,Aaronfurt,IL,48172,US,True
ADDR004424,PTY004424,business,18379 Wallace Camp Apt. 043,Jacksonberg,AZ,00522,US,True
ADDR004425,PTY004425,primary,581 Kramer Extension Suite 960,Thomasburgh,GU,23755,US,True
ADDR004426,PTY004426,risk_location,096 Burke Expressway Apt. 810,Vincentfort,FL,71758,US,True
ADDR004427,PTY004427,business,773 Cummings Views,Duncanborough,PW,86043,US,True
ADDR004428,PTY004428,primary,8639 Gutierrez Street Suite 170,Williamschester,MN,19478,US,True
ADDR004429,PTY004429,billing,929 Brown Plaza Apt. 578,West Christophertown,NH,34360,US,True
ADDR004430,PTY004430,risk_location,81118 Davis Knolls Apt. 496,South Alexanderburgh,AZ,14278,US,True
ADDR004431,PTY004431,business,6382 John Keys Apt. 740,Adamsberg,IN,37488,US,True
ADDR004432,PTY004432,mailing,06747 Stone Center,East Katherine,MO,23437,US,True
ADDR004433,PTY004433,business,42362 Randall Circles Apt. 697,West Raymond,VT,72504,US,True
ADDR004434,PTY004434,primary,17811 Ian Lodge Suite 594,East Briannafort,NJ,59256,US,True
ADDR004435,PTY004435,billing,246 Amanda Walk,West Pamelashire,MS,70806,US,True
ADDR004436,PTY004436,mailing,916 Jones Prairie,Crystaltown,CA,02886,US,True
ADDR004437,PTY004437,billing,545 Joanna Drive,Port Emilyland,GA,35858,US,True
ADDR004438,PTY004438,business,3829 West Ramp Apt. 159,Wallsfort,WY,16326,US,True
ADDR004439,PTY004439,mailing,23256 Billy Passage,Fuentesfort,WY,85374,US,True
ADDR004440,PTY004440,mailing,87204 Allen Road,Chenberg,NM,22139,US,True
ADDR004441,PTY004441,primary,23411 Jeremy Station Apt. 377,East Carolyn,RI,12012,US,True
ADDR004442,PTY004442,business,8718 Villanueva Inlet Apt. 387,New Richardmouth,HI,73422,US,True
ADDR004443,PTY004443,primary,870 Jerry Common,Lake Haleyborough,MP,48411,US,True
ADDR004444,PTY004444,primary,57840 Chen Centers,Port Robinland,MN,20910,US,True
ADDR004445,PTY004445,billing,553 Michael Haven Suite 456,Ramirezview,CA,52447,US,True
ADDR004446,PTY004446,mailing,092 Johnson Drives,Scottport,PW,23573,US,True
ADDR004447,PTY004447,business,57699 Willis Roads,South Angelachester,GU,14143,US,True
ADDR004448,PTY004448,business,737 Justin Lodge,Markburgh,VA,16013,US,True
ADDR004449,PTY004449,business,5380 Rios Ferry,West Danielhaven,VI,47497,US,True
ADDR004450,PTY004450,billing,45546 Williams Shoals Apt. 947,New Crystal,CO,35920,US,True
ADDR004451,PTY004451,business,707 Cook Road,Port Alexander,PW,14467,US,True
ADDR004452,PTY004452,primary,5047 Clark Prairie Suite 318,Thompsonview,MI,78629,US,True
ADDR004453,PTY004453,billing,78206 Stokes Springs Suite 255,New Jackville,CO,95072,US,True
ADDR004454,PTY004454,primary,00084 Jesse Island,West Robertville,TN,90790,US,True
ADDR004455,PTY004455,billing,455 Avery Course,Shawville,NM,41148,US,True
ADDR004456,PTY004456,primary,3241 Smith Mission Suite 046,North Melanie,IA,12909,US,True
ADDR004457,PTY004457,primary,49345 Robert Brooks Apt. 482,Jeffreyfurt,WI,55370,US,True
ADDR004458,PTY004458,mailing,28645 Johnson Flats Suite 653,South Wendytown,TN,58110,US,True
ADDR004459,PTY004459,business,99799 Shelly Alley,Nancymouth,AK,06770,US,True
ADDR004460,PTY004460,billing,353 Savannah Falls Apt. 383,Ericksonchester,VA,01302,US,True
ADDR004461,PTY004461,risk_location,50295 Robert Spur,Stevenshaven,IL,87060,US,True
ADDR004462,PTY004462,business,84258 Murray Haven Apt. 838,New Melissa,GU,00806,US,True
ADDR004463,PTY004463,business,064 Julie Parks Apt. 343,New Raymond,WI,15730,US,True
ADDR004464,PTY004464,mailing,42222 Lynn Island Apt. 240,West Traceyview,DE,39363,US,True
ADDR004465,PTY004465,business,6273 Brown Groves Apt. 222,Lisastad,ID,76281,US,True
ADDR004466,PTY004466,primary,6309 Schroeder Station Suite 511,Jasmineland,AL,67836,US,True
ADDR004467,PTY004467,billing,189 David Lane Suite 644,Johnsonchester,NY,11262,US,True
ADDR004468,PTY004468,mailing,651 Jenna Ranch,Fergusonton,NJ,26759,US,True
ADDR004469,PTY004469,risk_location,75090 Megan Square Suite 303,Teresaside,TN,19125,US,True
ADDR004470,PTY004470,billing,07614 Atkins Manor,East Andrew,AL,58799,US,True
ADDR004471,PTY004471,mailing,039 Jackson Drive Suite 855,Dawnbury,OH,53493,US,True
ADDR004472,PTY004472,primary,9546 Francisco Mountain Apt. 962,Leemouth,MI,95800,US,True
ADDR004473,PTY004473,primary,5907 Robert Overpass Suite 871,East Travis,MN,88772,US,True
ADDR004474,PTY004474,mailing,8498 Tate Landing Suite 987,North Melissabury,MO,62532,US,True
ADDR004475,PTY004475,primary,55181 Kathryn Highway Apt. 794,Flemingborough,FM,02135,US,True
ADDR004476,PTY004476,primary,2727 Williams Village Apt. 771,North Debbie,HI,69822,US,True
ADDR004477,PTY004477,risk_location,165 Susan Forge,North Cynthia,WI,88028,US,True
ADDR004478,PTY004478,billing,9531 Fuller Cliff,Matthewland,MH,46903,US,True
ADDR004479,PTY004479,primary,50198 Christina Radial,Russellmouth,FM,49055,US,True
ADDR004480,PTY004480,mailing,123 Mejia Rest Apt. 189,Lake Diamond,NJ,90839,US,True
ADDR004481,PTY004481,primary,41891 Stewart Trail,Camposhaven,IA,30482,US,True
ADDR004482,PTY004482,business,7253 Ryan Course,Port Lindaton,FM,18296,US,True
ADDR004483,PTY004483,business,1079 Rodriguez Court Apt. 673,Port Ryan,AK,33082,US,True
ADDR004484,PTY004484,billing,74525 Fletcher Cliff Apt. 659,Port Randyland,FL,85530,US,True
ADDR004485,PTY004485,billing,7043 Ibarra Ports Suite 972,Port Adam,PR,98772,US,True
ADDR004486,PTY004486,risk_location,987 Joel Estates,West Lawrenceville,KY,82933,US,True
ADDR004487,PTY004487,business,443 Mcmillan Alley Suite 465,Darrellhaven,AR,57097,US,True
ADDR004488,PTY004488,business,773 Pierce Pine,Nathanville,MA,92528,US,True
ADDR004489,PTY004489,business,113 Victor Villages Apt. 898,Annaview,MP,22109,US,True
ADDR004490,PTY004490,business,7463 Ashley Spring Suite 711,North Amy,AS,92417,US,True
ADDR004491,PTY004491,risk_location,9254 Jasmine Cliffs Suite 428,Edwinville,WA,83773,US,True
ADDR004492,PTY004492,risk_location,4316 John Pines Suite 731,Nicholebury,CA,20033,US,True
ADDR004493,PTY004493,billing,667 Wilcox Knoll Apt. 056,North Christinafurt,MS,99447,US,True
ADDR004494,PTY004494,business,913 Buck Glen Suite 789,Loganbury,NV,68877,US,True
ADDR004495,PTY004495,billing,716 Estrada Avenue,Hayesfort,MP,98118,US,True
ADDR004496,PTY004496,business,059 Odonnell Street,Richardland,IL,17275,US,True
ADDR004497,PTY004497,primary,16231 Stone Court,North Amyfort,ND,60782,US,True
ADDR004498,PTY004498,business,26830 Lamb Roads Suite 797,Kimberlystad,WI,04738,US,True
ADDR004499,PTY004499,mailing,93049 Jeffrey Fall,Michaelside,KY,09331,US,True
ADDR004500,PTY004500,risk_location,9206 Howard Squares,Port Annastad,MS,59734,US,True
ADDR004501,PTY004501,mailing,7548 Wallace Isle Apt. 793,New Brenda,SD,81157,US,True
ADDR004502,PTY004502,business,74844 Dale Flats Apt. 656,West Spencerport,FM,89919,US,True
ADDR004503,PTY004503,primary,140 Samantha Cliff,Port Jill,IA,11543,US,True
ADDR004504,PTY004504,mailing,226 Gavin Union Apt. 772,Moralesbury,KY,28894,US,True
ADDR004505,PTY004505,risk_location,2299 Priscilla Summit Apt. 689,Garrisonberg,MH,14338,US,True
ADDR004506,PTY004506,risk_location,3823 Simmons Forest,Port Josephtown,NJ,90834,US,True
ADDR004507,PTY004507,billing,5844 Michelle Parkways,Jefferyport,SD,46215,US,True
ADDR004508,PTY004508,business,901 Ramirez Squares Suite 066,Lindsayland,PR,16982,US,True
ADDR004509,PTY004509,primary,0179 Johnson Avenue Apt. 895,West Brittanyburgh,ID,32634,US,True
ADDR004510,PTY004510,risk_location,895 Sparks Green,Lake Wendyville,WV,03414,US,True
ADDR004511,PTY004511,billing,4964 Eric Summit,Rogersburgh,MD,69230,US,True
ADDR004512,PTY004512,billing,5456 Michael Spurs,West Eric,SD,04385,US,True
ADDR004513,PTY004513,business,653 Anna Keys,West Kevinburgh,MN,29563,US,True
ADDR004514,PTY004514,primary,6863 Lori Fall,Jamesfort,AR,73070,US,True
ADDR004515,PTY004515,billing,872 Paul Knoll Suite 920,Debbieland,DC,05043,US,True
ADDR004516,PTY004516,mailing,75305 Cynthia Lane Apt. 212,Bridgestown,AZ,89911,US,True
ADDR004517,PTY004517,mailing,477 Renee Mall Apt. 644,East Nicholasfort,LA,09932,US,True
ADDR004518,PTY004518,primary,32387 James Glen,Maryside,PW,68300,US,True
ADDR004519,PTY004519,business,457 Darrell Summit Apt. 425,South Gina,AS,68147,US,True
ADDR004520,PTY004520,primary,729 Pierce Falls,South Madisonfurt,NH,24685,US,True
ADDR004521,PTY004521,primary,4206 James Land,Robertsview,OR,19900,US,True
ADDR004522,PTY004522,primary,8481 Jefferson Course,West Bradley,VT,09200,US,True
ADDR004523,PTY004523,mailing,29839 Nancy Court,Thomasview,VT,76050,US,True
ADDR004524,PTY004524,primary,524 Melissa Village Apt. 430,New Brian,AK,90936,US,True
ADDR004525,PTY004525,business,121 Lewis Forks Apt. 427,South Andrealand,IA,09254,US,True
ADDR004526,PTY004526,billing,95023 Campbell Club Apt. 436,South Jameston,AL,97141,US,True
ADDR004527,PTY004527,mailing,0662 Jones Turnpike Suite 095,New Krystalberg,PR,85075,US,True
ADDR004528,PTY004528,mailing,88279 Stephanie Street,Brandonmouth,VI,85126,US,True
ADDR004529,PTY004529,primary,71369 Porter Terrace,New Jeremiahville,MS,91360,US,True
ADDR004530,PTY004530,billing,6042 Victoria Mall Apt. 192,Dominguezland,DE,88415,US,True
ADDR004531,PTY004531,risk_location,649 Lawson Hills Apt. 408,Sarahhaven,IL,92160,US,True
ADDR004532,PTY004532,business,907 Dean Street Apt. 263,Brandonfurt,IA,22245,US,True
ADDR004533,PTY004533,mailing,51499 Robles Highway,Mitchellville,GU,69168,US,True
ADDR004534,PTY004534,mailing,497 Gary Gateway,Cynthiabury,NM,83471,US,True
ADDR004535,PTY004535,billing,534 Donna Spur Apt. 600,East Elizabeth,WA,71169,US,True
ADDR004536,PTY004536,mailing,34352 Johnson Manors,Ryanport,MO,65778,US,True
ADDR004537,PTY004537,business,6954 Michael Motorway,Port Emilystad,FM,63518,US,True
ADDR004538,PTY004538,billing,0056 Patricia Camp,Smithhaven,AZ,24491,US,True
ADDR004539,PTY004539,primary,0951 Tiffany Spurs,Alexandrafurt,AL,19666,US,True
ADDR004540,PTY004540,mailing,283 Martinez Roads,New Jason,TN,32675,US,True
ADDR004541,PTY004541,mailing,9790 Aguilar Terrace Suite 822,Lake Allen,CO,44499,US,True
ADDR004542,PTY004542,billing,648 Bradley Passage,Alexishaven,CO,29290,US,True
ADDR004543,PTY004543,risk_location,18249 Harrell Summit Suite 978,Scottville,CO,98710,US,True
ADDR004544,PTY004544,mailing,59568 Richard Heights,North Lindseybury,PR,91964,US,True
ADDR004545,PTY004545,risk_location,10582 Peterson Harbor,Petersville,ME,27479,US,True
ADDR004546,PTY004546,risk_location,174 Montoya Tunnel Apt. 727,West Michellehaven,IL,64371,US,True
ADDR004547,PTY004547,primary,83569 Tammy Lodge Apt. 743,Charlesburgh,NY,69857,US,True
ADDR004548,PTY004548,mailing,984 Evan Knolls Suite 349,Taylorside,FM,48966,US,True
ADDR004549,PTY004549,mailing,9167 Breanna Row,Priceton,AR,67960,US,True
ADDR004550,PTY004550,primary,666 Brian Grove Suite 362,New Shawn,AL,65065,US,True
ADDR004551,PTY004551,mailing,801 Bryant Port Suite 553,Port Amberborough,IA,71643,US,True
ADDR004552,PTY004552,billing,0772 Mark Fields,New Jennifermouth,IN,75845,US,True
ADDR004553,PTY004553,mailing,5696 Mcmillan Fords Suite 848,North Alexander,MP,02973,US,True
ADDR004554,PTY004554,billing,0996 Angela Cove,Wilsonbury,LA,57645,US,True
ADDR004555,PTY004555,mailing,2736 Molly Pines Apt. 278,North Annefort,NJ,28471,US,True
ADDR004556,PTY004556,mailing,615 Baird Ramp,Brownmouth,GA,97778,US,True
ADDR004557,PTY004557,business,7121 Eric Way Suite 261,New Angel,MO,24431,US,True
ADDR004558,PTY004558,risk_location,80024 Haynes Tunnel,New Ryanton,ID,69413,US,True
ADDR004559,PTY004559,risk_location,6906 Campbell Roads,East Paul,TX,39034,US,True
ADDR004560,PTY004560,primary,18919 Sanchez Lock Apt. 336,South Ryan,NE,89068,US,True
ADDR004561,PTY004561,risk_location,30494 Austin Grove,Michelleview,FM,25572,US,True
ADDR004562,PTY004562,risk_location,15429 Robert Lodge,Port Richardmouth,KS,75066,US,True
ADDR004563,PTY004563,risk_location,717 Michelle Place,West Nicholas,MD,59117,US,True
ADDR004564,PTY004564,primary,42758 Harmon Trail Suite 350,Foleyfurt,WI,67242,US,True
ADDR004565,PTY004565,billing,2333 Martin Isle Suite 975,Port Sydneyhaven,HI,99630,US,True
ADDR004566,PTY004566,mailing,972 Jacobs Camp,Ashleytown,GA,68755,US,True
ADDR004567,PTY004567,business,674 Samantha Crescent,Pamelamouth,AL,39409,US,True
ADDR004568,PTY004568,mailing,44754 Martin Mills,Madisonchester,NH,38247,US,True
ADDR004569,PTY004569,business,42414 Brenda Spring,Caseyton,GA,83827,US,True
ADDR004570,PTY004570,business,15632 Johnson Keys Apt. 090,Stephenstad,NE,62040,US,True
ADDR004571,PTY004571,risk_location,89828 Gilmore Inlet,New Jose,NE,84189,US,True
ADDR004572,PTY004572,risk_location,882 Christine Forks,Aprilfurt,AK,66846,US,True
ADDR004573,PTY004573,risk_location,8972 Johnson Walks Apt. 085,East Maryborough,OR,36252,US,True
ADDR004574,PTY004574,risk_location,1047 Martinez Canyon,West Jason,NH,35088,US,True
ADDR004575,PTY004575,billing,4485 Andrew Locks,Lauratown,GA,15143,US,True
ADDR004576,PTY004576,primary,924 Smith Springs,Martinbury,MD,72523,US,True
ADDR004577,PTY004577,business,9361 Guerrero Coves Suite 225,East Michaelberg,OH,39730,US,True
ADDR004578,PTY004578,risk_location,55782 Lori Cliffs Apt. 787,Carrollchester,FL,77775,US,True
ADDR004579,PTY004579,risk_location,741 Simpson Plaza Suite 862,Ashleyburgh,RI,23285,US,True
ADDR004580,PTY004580,mailing,2420 Robert Ridges Apt. 089,West Marvin,NH,67006,US,True
ADDR004581,PTY004581,primary,622 Walsh Lock Suite 608,Pearsonton,OK,38221,US,True
ADDR004582,PTY004582,primary,61051 Philip Estate,South Amber,UT,03574,US,True
ADDR004583,PTY004583,risk_location,065 Clark Mission,East Cristinatown,TX,44157,US,True
ADDR004584,PTY004584,billing,476 Boyd Corner,North Ricky,SD,01244,US,True
ADDR004585,PTY004585,mailing,0547 Ashley Locks Apt. 958,West Catherine,MA,20691,US,True
ADDR004586,PTY004586,billing,00990 Thomas Underpass Apt. 876,North Kenneth,ME,76472,US,True
ADDR004587,PTY004587,primary,651 Martin Alley,South Johnmouth,NM,54851,US,True
ADDR004588,PTY004588,primary,7610 Benjamin Squares Apt. 791,Lake Michael,NC,37128,US,True
ADDR004589,PTY004589,mailing,21921 Michael Fall,New Daniellebury,VI,40254,US,True
ADDR004590,PTY004590,mailing,6630 Kenneth Forest Suite 047,Jillview,MD,39734,US,True
ADDR004591,PTY004591,primary,0761 Andrea Knolls Suite 172,East Misty,MS,13420,US,True
ADDR004592,PTY004592,billing,98917 Griffin Route Suite 015,Lake Tammytown,PW,19216,US,True
ADDR004593,PTY004593,primary,27554 Harris Neck Suite 991,New Jackson,ND,08910,US,True
ADDR004594,PTY004594,primary,904 Lopez Mills Suite 139,North Amber,ND,65481,US,True
ADDR004595,PTY004595,business,68860 Valentine Lodge Suite 699,West John,RI,99845,US,True
ADDR004596,PTY004596,risk_location,7466 Robertson Expressway Apt. 058,Loriport,NE,09846,US,True
ADDR004597,PTY004597,mailing,08509 Johnson Ranch Apt. 100,South Edwardstad,PA,34148,US,True
ADDR004598,PTY004598,billing,6103 John Springs Apt. 632,Hamiltonstad,AK,64455,US,True
ADDR004599,PTY004599,risk_location,268 Baker Bypass,West Jennifer,PW,25247,US,True
ADDR004600,PTY004600,mailing,879 Douglas Parkway Apt. 650,Schroederville,IN,05373,US,True
ADDR004601,PTY004601,billing,6333 Decker Cove,New Timothymouth,SC,60106,US,True
ADDR004602,PTY004602,billing,16816 Harmon Dam,Schultzview,MT,46813,US,True
ADDR004603,PTY004603,mailing,97026 Kimberly Plains Apt. 329,Brookston,MN,54836,US,True
ADDR004604,PTY004604,risk_location,275 Lisa Forest Apt. 417,Jonathanburgh,NV,79649,US,True
ADDR004605,PTY004605,billing,536 Rowland Locks Suite 109,Dorseyside,NC,90528,US,True
ADDR004606,PTY004606,billing,87501 Denise Ville,Wadeport,OK,73649,US,True
ADDR004607,PTY004607,primary,5384 Jason Greens Apt. 602,Melissaside,MI,11850,US,True
ADDR004608,PTY004608,risk_location,9279 Jennifer Estates,South William,MT,16677,US,True
ADDR004609,PTY004609,business,7192 Amy Fall Suite 872,Michaelstad,MN,49376,US,True
ADDR004610,PTY004610,business,23952 Martin Circles Suite 772,Hornmouth,NY,11675,US,True
ADDR004611,PTY004611,mailing,6029 Pamela Brooks Apt. 314,West Zacharyside,MP,24668,US,True
ADDR004612,PTY004612,business,34413 Joshua Skyway,Geraldhaven,UT,87616,US,True
ADDR004613,PTY004613,mailing,167 Gwendolyn Views Apt. 259,South Kimberly,MA,28093,US,True
ADDR004614,PTY004614,risk_location,057 Riley Parks Suite 320,West Daniellefort,MT,05211,US,True
ADDR004615,PTY004615,risk_location,917 Isaac Isle Suite 320,Bridgetstad,PW,54036,US,True
ADDR004616,PTY004616,mailing,07862 Christopher Curve Apt. 111,Tinaland,MD,94914,US,True
ADDR004617,PTY004617,business,873 Katherine Forges,Port Christopher,FL,87275,US,True
ADDR004618,PTY004618,business,01893 Timothy Mill Apt. 112,New Jenniferside,ND,48118,US,True
ADDR004619,PTY004619,billing,3796 Bradford Manor Apt. 324,West Richardland,AZ,35087,US,True
ADDR004620,PTY004620,mailing,17434 Danny Ways,Mezatown,DC,27192,US,True
ADDR004621,PTY004621,mailing,988 Russell Port Apt. 036,North John,UT,81700,US,True
ADDR004622,PTY004622,business,0867 Patrick Course Apt. 090,Cochranborough,ND,64211,US,True
ADDR004623,PTY004623,primary,084 Katrina Tunnel Suite 378,Danielchester,WA,26037,US,True
ADDR004624,PTY004624,business,977 James Park Apt. 442,Valdezville,NY,19198,US,True
ADDR004625,PTY004625,mailing,13175 Hall Locks,Maryview,PR,94654,US,True
ADDR004626,PTY004626,business,7432 Salazar Light,Lake Kyleville,WI,71611,US,True
ADDR004627,PTY004627,business,794 Chen Lane Suite 961,Stephenburgh,SD,49614,US,True
ADDR004628,PTY004628,mailing,368 Lucero Lakes Apt. 748,Turnerview,OR,85760,US,True
ADDR004629,PTY004629,risk_location,152 Kyle Turnpike Apt. 590,Scottton,AZ,53515,US,True
ADDR004630,PTY004630,mailing,06359 Warren Mountain Suite 709,Osbornside,MO,20766,US,True
ADDR004631,PTY004631,mailing,7625 Destiny Isle Suite 029,East Carla,OK,80343,US,True
ADDR004632,PTY004632,risk_location,92495 Taylor Pines Suite 614,East Paulashire,KY,87377,US,True
ADDR004633,PTY004633,business,558 Samantha Isle Apt. 027,Sophiaton,MO,53596,US,True
ADDR004634,PTY004634,risk_location,752 Diana Forks Apt. 529,Amandaton,OK,37032,US,True
ADDR004635,PTY004635,business,39972 Donald Cliff,East Joshua,MP,21196,US,True
ADDR004636,PTY004636,primary,932 Douglas Court,Gonzalezmouth,DE,82909,US,True
ADDR004637,PTY004637,risk_location,296 Johnson Shore Apt. 514,Foleyfort,NE,57433,US,True
ADDR004638,PTY004638,primary,846 Elizabeth Way Apt. 911,North William,AK,46921,US,True
ADDR004639,PTY004639,billing,74599 Jason Light,South Deborah,NJ,31393,US,True
ADDR004640,PTY004640,mailing,963 Susan Orchard,Taylorshire,DE,27518,US,True
ADDR004641,PTY004641,mailing,544 Mary Ports,Veronicaport,DC,98429,US,True
ADDR004642,PTY004642,billing,20298 Deborah Inlet Apt. 227,Robertbury,IN,43081,US,True
ADDR004643,PTY004643,risk_location,27238 Odom Tunnel Apt. 112,West Jeffrey,DC,93334,US,True
ADDR004644,PTY004644,mailing,55825 Welch Avenue,Thomasside,CT,96352,US,True
ADDR004645,PTY004645,primary,41231 Duncan Rapid Apt. 474,Lake Monique,AK,95750,US,True
ADDR004646,PTY004646,business,404 Gillespie Canyon,Lake Michael,PW,97637,US,True
ADDR004647,PTY004647,business,11639 Morales Road Apt. 902,Alvarezmouth,TN,43212,US,True
ADDR004648,PTY004648,business,611 Torres Keys Apt. 432,Jasmineville,AL,13422,US,True
ADDR004649,PTY004649,billing,8165 Christopher Skyway,East Jennifer,MH,71862,US,True
ADDR004650,PTY004650,business,131 Yang Valleys,Granthaven,CO,33388,US,True
ADDR004651,PTY004651,mailing,606 Michael Canyon,New Jenniferchester,CA,65850,US,True
ADDR004652,PTY004652,primary,18767 Michael Junctions,Tylerfort,ID,25976,US,True
ADDR004653,PTY004653,primary,990 Novak Ridges,Padillaburgh,CT,28426,US,True
ADDR004654,PTY004654,risk_location,067 Amanda Road,South Aaron,AZ,63827,US,True
ADDR004655,PTY004655,business,81717 Mary Road,North Rhondamouth,OR,01742,US,True
ADDR004656,PTY004656,business,8236 Rush Garden,South Megan,WI,50457,US,True
ADDR004657,PTY004657,mailing,6732 Garcia Plaza,South Latoyafurt,WI,72040,US,True
ADDR004658,PTY004658,primary,42652 Michael Isle Apt. 632,West Amber,MT,15491,US,True
ADDR004659,PTY004659,mailing,94452 Johnson Plains,South Christopherfort,FM,17874,US,True
ADDR004660,PTY004660,billing,232 Pollard Cliff,Turnerburgh,WY,25184,US,True
ADDR004661,PTY004661,mailing,873 Lisa Ferry Suite 007,Francoville,NH,19875,US,True
ADDR004662,PTY004662,billing,52207 Schultz Path Suite 961,New Danielhaven,CT,93504,US,True
ADDR004663,PTY004663,risk_location,340 Robin Track,Lake Alison,WY,86908,US,True
ADDR004664,PTY004664,primary,1050 Daniel Rue Apt. 475,Tracishire,MA,71671,US,True
ADDR004665,PTY004665,billing,568 Barbara Common,Rodriguezchester,RI,23315,US,True
ADDR004666,PTY004666,primary,281 Danielle Underpass,Christianfurt,MO,06485,US,True
ADDR004667,PTY004667,risk_location,41061 Cory Tunnel Suite 975,South Edward,HI,98979,US,True
ADDR004668,PTY004668,primary,4946 Brown Overpass Apt. 207,Victoriafort,WV,27482,US,True
ADDR004669,PTY004669,risk_location,183 Sean Passage,Port Ronald,VI,52493,US,True
ADDR004670,PTY004670,risk_location,29917 Aguilar Trace,Tamaraberg,CA,43756,US,True
ADDR004671,PTY004671,billing,139 Melissa Hollow,Mcclureville,WV,18174,US,True
ADDR004672,PTY004672,primary,445 Joshua Squares Apt. 398,Lake Marissa,SC,86501,US,True
ADDR004673,PTY004673,business,9057 Clarke Village,Smithmouth,ID,10025,US,True
ADDR004674,PTY004674,business,69927 Stephanie Lodge Suite 863,West Laurenhaven,NJ,08803,US,True
ADDR004675,PTY004675,billing,1193 Toni Unions,East Clifford,NV,10538,US,True
ADDR004676,PTY004676,business,0778 Schaefer Garden Suite 740,East Kevinland,FL,79229,US,True
ADDR004677,PTY004677,billing,704 Freeman Circles Suite 467,East Nathanbury,MA,97929,US,True
ADDR004678,PTY004678,business,001 Heidi Route,Hernandezbury,MO,21171,US,True
ADDR004679,PTY004679,business,20512 Allen Shores,Janetstad,MH,21447,US,True
ADDR004680,PTY004680,business,05080 Bentley Garden,Jeffreychester,ND,39452,US,True
ADDR004681,PTY004681,risk_location,7853 Maxwell Ferry,East Charles,OR,47691,US,True
ADDR004682,PTY004682,mailing,94418 Joseph Viaduct,Daveshire,ND,25459,US,True
ADDR004683,PTY004683,billing,9961 Andrew View Apt. 225,Port Harryburgh,MI,51350,US,True
ADDR004684,PTY004684,risk_location,43960 Paige Corners Apt. 710,Jennyfurt,VI,52672,US,True
ADDR004685,PTY004685,risk_location,129 Raymond Fort,Port Lindsaystad,NH,72997,US,True
ADDR004686,PTY004686,business,305 Wood Turnpike,Kellymouth,MS,56710,US,True
ADDR004687,PTY004687,risk_location,2968 Blake Loop Apt. 861,Lauramouth,NC,93979,US,True
ADDR004688,PTY004688,risk_location,62382 Li Stravenue,Rickybury,CA,96169,US,True
ADDR004689,PTY004689,mailing,9624 Lucas Forge Apt. 308,Port Rickyview,PW,73810,US,True
ADDR004690,PTY004690,primary,6540 Amanda Coves Suite 530,Port Jillshire,OK,31476,US,True
ADDR004691,PTY004691,mailing,2654 Brent Lodge,Port Daniel,ID,88128,US,True
ADDR004692,PTY004692,business,5271 Sutton Station Apt. 184,Andrewfurt,DE,04780,US,True
ADDR004693,PTY004693,primary,340 Smith Forks,New Robert,IA,52604,US,True
ADDR004694,PTY004694,billing,7867 Tina Tunnel Suite 467,East Charlesside,MP,79009,US,True
ADDR004695,PTY004695,business,29943 Lisa Flat,Lisabury,RI,72358,US,True
ADDR004696,PTY004696,billing,977 Williams Pike,New Tony,PA,70539,US,True
ADDR004697,PTY004697,primary,4458 Castro Circles,Pattersonville,OH,98212,US,True
ADDR004698,PTY004698,business,0625 Tracy Crescent,Chambersburgh,WV,79953,US,True
ADDR004699,PTY004699,billing,9942 Scott Ways,West Leroytown,OR,12482,US,True
ADDR004700,PTY004700,business,092 Jeremiah Spur,North Christinefurt,GA,94381,US,True
ADDR004701,PTY004701,billing,812 Michael Views Suite 899,East Lindsey,WV,31680,US,True
ADDR004702,PTY004702,billing,95170 Whitaker Route,Robertsview,MH,73464,US,True
ADDR004703,PTY004703,billing,86987 Marcia Pass Apt. 623,Ericstad,WA,75102,US,True
ADDR004704,PTY004704,mailing,2188 James Street,Stanleyburgh,MI,29403,US,True
ADDR004705,PTY004705,mailing,03566 Carmen Manor,Barbarafort,FL,08536,US,True
ADDR004706,PTY004706,billing,072 Martinez Road,Joneshaven,FL,07296,US,True
ADDR004707,PTY004707,business,446 Andrew Rest Suite 524,South Tammyside,IN,28323,US,True
ADDR004708,PTY004708,billing,67278 Joshua Ridge Apt. 632,South Mark,ID,70196,US,True
ADDR004709,PTY004709,billing,9283 Lisa Row,Kellybury,OH,48514,US,True
ADDR004710,PTY004710,primary,37231 Lindsey Fall,Sethfort,VI,03753,US,True
ADDR004711,PTY004711,mailing,218 Hoffman Inlet,West Joanne,AZ,24122,US,True
ADDR004712,PTY004712,mailing,4783 Martin Plain,New Matthew,TX,06354,US,True
ADDR004713,PTY004713,primary,53313 Daniel Courts,Lake Clairemouth,FL,07862,US,True
ADDR004714,PTY004714,billing,60508 Conway Motorway Suite 698,West Lori,GU,47150,US,True
ADDR004715,PTY004715,business,38659 Goodwin Point,South Jose,IA,26744,US,True
ADDR004716,PTY004716,primary,72628 Gregory Lights,Kimberlyville,OR,49545,US,True
ADDR004717,PTY004717,billing,007 Norman Squares,Crossmouth,ID,23770,US,True
ADDR004718,PTY004718,billing,00388 Le Junction,Stephaniebury,IN,19031,US,True
ADDR004719,PTY004719,primary,08121 Timothy Harbors,Brookehaven,DC,82488,US,True
ADDR004720,PTY004720,business,81344 Brian Road Suite 826,Phillipfort,IA,97502,US,True
ADDR004721,PTY004721,risk_location,209 Garcia Road,New Laura,TX,36652,US,True
ADDR004722,PTY004722,mailing,84095 Sarah Junction,Smithborough,NH,05405,US,True
ADDR004723,PTY004723,billing,7810 Michael Turnpike,Mariaborough,VI,68495,US,True
ADDR004724,PTY004724,primary,245 Hernandez Meadow,New Ritamouth,ID,33427,US,True
ADDR004725,PTY004725,primary,99546 Marilyn Ports,Dillonstad,SD,11149,US,True
ADDR004726,PTY004726,primary,88096 Tiffany Track,East Tabitha,WA,88258,US,True
ADDR004727,PTY004727,business,4070 Kelly Circle,Port Codyport,WA,19873,US,True
ADDR004728,PTY004728,risk_location,612 Martin Mountains,South Terrichester,SD,10705,US,True
ADDR004729,PTY004729,risk_location,360 Turner Club Suite 194,South Cathyside,WY,47120,US,True
ADDR004730,PTY004730,billing,7145 Lorraine Meadows Suite 310,Josephburgh,MP,16827,US,True
ADDR004731,PTY004731,billing,6242 Greene Ville Suite 966,Amychester,AL,29055,US,True
ADDR004732,PTY004732,primary,47883 Page Keys,New Markburgh,ND,47369,US,True
ADDR004733,PTY004733,mailing,1952 Young Passage,Joshuaburgh,MP,72704,US,True
ADDR004734,PTY004734,risk_location,1615 Christopher Grove Apt. 515,East Michael,AK,59327,US,True
ADDR004735,PTY004735,mailing,970 Rocha Skyway,New Mallory,GA,75771,US,True
ADDR004736,PTY004736,risk_location,34388 Heidi Parks Apt. 750,Carlosborough,TN,99718,US,True
ADDR004737,PTY004737,billing,3550 Melinda Mountain,Port Kennethtown,MA,50749,US,True
ADDR004738,PTY004738,business,451 Johnson Mount Suite 228,Hunterland,RI,55549,US,True
ADDR004739,PTY004739,primary,5191 Williams Plaza,North Brandon,AR,56572,US,True
ADDR004740,PTY004740,billing,9424 Charles Valleys,Orozcobury,ID,13815,US,True
ADDR004741,PTY004741,primary,908 Hughes Forges Suite 455,Millsfurt,WA,19232,US,True
ADDR004742,PTY004742,billing,1976 Andre Meadow,Thompsonfurt,VT,12793,US,True
ADDR004743,PTY004743,primary,2213 Audrey Drive,Lonnietown,NE,90409,US,True
ADDR004744,PTY004744,risk_location,4045 Stafford Station,Barbarahaven,NE,15449,US,True
ADDR004745,PTY004745,mailing,447 Brandon Summit,Port Julie,WA,72064,US,True
ADDR004746,PTY004746,risk_location,852 Christine Extension Apt. 623,Mackenzieburgh,LA,75549,US,True
ADDR004747,PTY004747,mailing,8756 Hernandez Divide Apt. 572,South David,DC,89658,US,True
ADDR004748,PTY004748,mailing,387 Thompson Mountain Apt. 102,East Angelaland,VA,07017,US,True
ADDR004749,PTY004749,mailing,0402 Diane Landing,Johnfurt,NE,43315,US,True
ADDR004750,PTY004750,billing,67259 Rose Corners,Carsonmouth,AS,18347,US,True
ADDR004751,PTY004751,mailing,2711 Johnson Oval Apt. 554,New Michael,WY,31727,US,True
ADDR004752,PTY004752,risk_location,1120 Daniel Crossroad Apt. 173,East Kyle,AS,08238,US,True
ADDR004753,PTY004753,risk_location,826 Rose Meadows,New Robinview,WV,79536,US,True
ADDR004754,PTY004754,business,43148 David Creek,West Timothy,MA,44475,US,True
ADDR004755,PTY004755,risk_location,63199 Alyssa Underpass,Holdermouth,AS,21446,US,True
ADDR004756,PTY004756,primary,3571 Alexander Circles Apt. 014,Shawnville,VI,92082,US,True
ADDR004757,PTY004757,mailing,7002 Perez Glen Apt. 033,Port Courtney,LA,25672,US,True
ADDR004758,PTY004758,mailing,35416 Lopez Mall,South Kyle,FL,30886,US,True
ADDR004759,PTY004759,mailing,51763 Tate Camp,Robertstad,MN,59784,US,True
ADDR004760,PTY004760,business,374 Danielle Islands Suite 914,East Becky,PR,24202,US,True
ADDR004761,PTY004761,primary,583 Cook Dale,Port Thomas,MT,75078,US,True
ADDR004762,PTY004762,mailing,989 Miller Unions,East Christopher,WY,22267,US,True
ADDR004763,PTY004763,business,210 Adams Creek Suite 178,Longstad,WI,01790,US,True
ADDR004764,PTY004764,primary,0784 Rodriguez Parks,West Valeriefort,NV,13342,US,True
ADDR004765,PTY004765,risk_location,959 Grant Village Apt. 644,Mcgeeshire,AS,61486,US,True
ADDR004766,PTY004766,primary,559 Jacobs Mount,West Richardchester,MT,80923,US,True
ADDR004767,PTY004767,business,823 Nguyen Rapids Apt. 731,Port Lindahaven,AK,78554,US,True
ADDR004768,PTY004768,business,1761 Wilson Terrace,North Nicholasfurt,PA,97289,US,True
ADDR004769,PTY004769,business,243 Lisa Locks Suite 237,South Melissastad,TN,57087,US,True
ADDR004770,PTY004770,mailing,2837 Julie Summit,Port Victoriamouth,MD,06928,US,True
ADDR004771,PTY004771,billing,28473 Todd Rapid,East Michelle,PW,72567,US,True
ADDR004772,PTY004772,billing,1135 Graves Keys Apt. 280,Hopkinsfurt,CT,02329,US,True
ADDR004773,PTY004773,risk_location,11339 Ariana Cove Suite 572,Lake Janicetown,FL,07749,US,True
ADDR004774,PTY004774,billing,524 Keith Radial,Lake Anthony,TN,40765,US,True
ADDR004775,PTY004775,mailing,7590 Jones Village,West Melissaville,NC,68661,US,True
ADDR004776,PTY004776,primary,9421 Gibbs Street,Lake Loriview,GU,72080,US,True
ADDR004777,PTY004777,primary,6545 Crystal Fork Suite 972,Travismouth,FM,89553,US,True
ADDR004778,PTY004778,mailing,320 Brianna Prairie,West Carlyville,PR,57365,US,True
ADDR004779,PTY004779,risk_location,50008 David Underpass,New Matthew,MH,35128,US,True
ADDR004780,PTY004780,billing,066 Colleen Inlet,North Robert,CA,60980,US,True
ADDR004781,PTY004781,business,3752 David Shoal Apt. 730,Cookchester,DC,11040,US,True
ADDR004782,PTY004782,risk_location,047 Gates Knolls Apt. 737,South Joseph,MI,35472,US,True
ADDR004783,PTY004783,mailing,29011 Shea Spring Suite 414,Krausechester,AL,85039,US,True
ADDR004784,PTY004784,risk_location,1298 Robert Rue Suite 734,Archertown,NE,18097,US,True
ADDR004785,PTY004785,mailing,8264 Washington Junctions Apt. 587,East Emilyborough,WV,14032,US,True
ADDR004786,PTY004786,primary,524 Miller Lodge,South Jonathan,OR,29274,US,True
ADDR004787,PTY004787,primary,0157 Christopher Manors Suite 437,Thomasstad,GA,17081,US,True
ADDR004788,PTY004788,billing,39273 Mary Estate,Danielton,RI,41462,US,True
ADDR004789,PTY004789,business,29151 Sonya Village,New Susanbury,MH,92794,US,True
ADDR004790,PTY004790,mailing,559 Joshua Plains Suite 115,Hensonburgh,FM,40551,US,True
ADDR004791,PTY004791,mailing,04483 Steven Plains,East Jacobview,WV,80396,US,True
ADDR004792,PTY004792,primary,68346 Campbell Radial,Lake Lisatown,CA,10427,US,True
ADDR004793,PTY004793,primary,54658 Williamson Coves Apt. 443,Harriston,MH,09080,US,True
ADDR004794,PTY004794,business,4344 Baldwin Common Suite 923,Richardfort,NJ,03248,US,True
ADDR004795,PTY004795,business,892 Best Underpass Suite 886,South Jody,TN,28450,US,True
ADDR004796,PTY004796,risk_location,3758 Davis Circles,East Kendra,DC,20503,US,True
ADDR004797,PTY004797,mailing,296 Matthew Shores,Darleneburgh,MS,48965,US,True
ADDR004798,PTY004798,mailing,46587 James Way Suite 741,West Kim,AK,26280,US,True
ADDR004799,PTY004799,primary,640 Carla Cape,Thorntonbury,CA,18051,US,True
ADDR004800,PTY004800,risk_location,90636 Sonya Views Suite 640,Hughesfurt,MD,28625,US,True
ADDR004801,PTY004801,billing,397 Allen Ranch Apt. 599,South Jenna,FM,11952,US,True
ADDR004802,PTY004802,business,24069 Jessica Stravenue Suite 465,Morenobury,VT,82219,US,True
ADDR004803,PTY004803,billing,4084 Joel Courts Suite 013,New Rubenland,OH,21340,US,True
ADDR004804,PTY004804,primary,109 Cohen Circles,New Lisa,NJ,52902,US,True
ADDR004805,PTY004805,primary,652 Garcia Common Apt. 176,Devonport,LA,06995,US,True
ADDR004806,PTY004806,mailing,059 Walker Cove,West Wesleyville,MI,95028,US,True
ADDR004807,PTY004807,business,2858 Payne Wells Suite 070,Mooreport,NY,67483,US,True
ADDR004808,PTY004808,primary,35889 Victor Skyway Suite 249,North Andrewtown,OH,93005,US,True
ADDR004809,PTY004809,business,405 Stephen Courts Suite 064,South Mariaberg,LA,70513,US,True
ADDR004810,PTY004810,primary,13469 Kevin Bridge,Adamport,IL,00625,US,True
ADDR004811,PTY004811,mailing,4742 French Viaduct Apt. 286,Connieberg,AS,06241,US,True
ADDR004812,PTY004812,risk_location,92323 Paul Rapids,Davidborough,KS,19997,US,True
ADDR004813,PTY004813,billing,4145 Antonio Extension,Stewartfurt,IL,88999,US,True
ADDR004814,PTY004814,business,4026 Walter Plains Suite 920,East Latoya,MP,74242,US,True
ADDR004815,PTY004815,billing,559 Sanchez Oval Apt. 332,Youngton,VT,72627,US,True
ADDR004816,PTY004816,primary,465 Brent Dam,Samanthastad,VA,62698,US,True
ADDR004817,PTY004817,primary,1298 Jennifer Coves,North Anthony,NJ,85247,US,True
ADDR004818,PTY004818,primary,906 Benjamin Corners,West Ericachester,ME,90821,US,True
ADDR004819,PTY004819,mailing,59983 Hahn Via Suite 354,Rodriguezside,WV,09812,US,True
ADDR004820,PTY004820,primary,11805 Davis Shores,West Juliaport,GU,29585,US,True
ADDR004821,PTY004821,business,50525 Susan Port Suite 957,East Jamesville,OK,51972,US,True
ADDR004822,PTY004822,mailing,0508 Margaret Way,Port Gloriaburgh,IN,29818,US,True
ADDR004823,PTY004823,billing,6572 Sharon Mountains,Brandonberg,HI,42215,US,True
ADDR004824,PTY004824,primary,017 Douglas Rapid Apt. 872,Johnnyhaven,NE,52342,US,True
ADDR004825,PTY004825,billing,292 Brock Creek,Cynthiaside,FM,91185,US,True
ADDR004826,PTY004826,primary,40158 Laura Village,Lake James,TN,61808,US,True
ADDR004827,PTY004827,business,837 Johnston Ports Suite 296,Welchville,PR,75300,US,True
ADDR004828,PTY004828,primary,3555 Stephanie Walks,Port Melissa,NC,44324,US,True
ADDR004829,PTY004829,risk_location,87337 Rosales Road Apt. 205,Perezhaven,PR,46600,US,True
ADDR004830,PTY004830,primary,9522 Black Gardens,Garciamouth,WI,44750,US,True
ADDR004831,PTY004831,mailing,684 Keith Summit,Sharimouth,VA,50510,US,True
ADDR004832,PTY004832,business,0090 Smith Junctions,New Emilyville,MN,71632,US,True
ADDR004833,PTY004833,billing,350 Colleen Cove Suite 946,New Susan,VT,02699,US,True
ADDR004834,PTY004834,risk_location,82841 Karen Field,Lake Lisafurt,IL,57981,US,True
ADDR004835,PTY004835,primary,789 Tammy Islands,Lake Danielville,MP,66143,US,True
ADDR004836,PTY004836,risk_location,9497 Smith Fords Suite 913,Taraville,WV,11176,US,True
ADDR004837,PTY004837,business,70505 Schultz Ferry,Petershaven,CO,65081,US,True
ADDR004838,PTY004838,risk_location,84926 Steven Road Suite 780,Brettview,AS,50096,US,True
ADDR004839,PTY004839,business,5140 Charles Plaza Suite 867,Lake Maxwelltown,HI,78418,US,True
ADDR004840,PTY004840,risk_location,963 Smith Coves,West Timothy,NC,07420,US,True
ADDR004841,PTY004841,mailing,849 Kramer Mountain,Matthewport,PW,16801,US,True
ADDR004842,PTY004842,mailing,7404 Jeremy Common,Mooreville,MD,81784,US,True
ADDR004843,PTY004843,primary,4997 Evan Crossroad Apt. 718,Timothybury,OR,39976,US,True
ADDR004844,PTY004844,billing,453 Keller Valleys Suite 043,South Kevinchester,WI,54779,US,True
ADDR004845,PTY004845,business,6093 Tammy Well Suite 450,Howardton,NE,26199,US,True
ADDR004846,PTY004846,business,6425 Harper Track Suite 418,Margaretfurt,WA,25658,US,True
ADDR004847,PTY004847,business,09874 Herrera Lock,Johnsonfurt,ID,54850,US,True
ADDR004848,PTY004848,risk_location,85605 Powers Islands,Brownport,WV,72482,US,True
ADDR004849,PTY004849,primary,9811 Sampson Row Apt. 697,Lake John,CT,16381,US,True
ADDR004850,PTY004850,mailing,489 Williams Inlet Suite 589,North Brandyborough,UT,01628,US,True
ADDR004851,PTY004851,mailing,033 Jimmy Inlet Suite 309,Singletonside,PA,98411,US,True
ADDR004852,PTY004852,primary,029 Marc Throughway Suite 913,West Ericmouth,LA,15239,US,True
ADDR004853,PTY004853,billing,68466 Nancy Flat Apt. 391,Lake Amychester,HI,70430,US,True
ADDR004854,PTY004854,mailing,179 Yvonne Junctions Apt. 544,Craigchester,FL,09810,US,True
ADDR004855,PTY004855,billing,937 Kristy Road Apt. 138,Eddiebury,ND,24511,US,True
ADDR004856,PTY004856,risk_location,081 Adams Track Apt. 714,South Chadshire,MA,97290,US,True
ADDR004857,PTY004857,billing,099 Williams Landing Suite 916,Rayside,MP,20544,US,True
ADDR004858,PTY004858,mailing,22960 David Way Suite 245,Karenmouth,OR,89467,US,True
ADDR004859,PTY004859,mailing,55604 Pearson Gardens Apt. 707,North Logan,LA,15536,US,True
ADDR004860,PTY004860,billing,5188 Adrienne Mill Apt. 128,Stevenmouth,DE,63548,US,True
ADDR004861,PTY004861,billing,741 Gina Fords,Joyborough,PA,01279,US,True
ADDR004862,PTY004862,mailing,0071 Brian Greens,Lake William,AK,96753,US,True
ADDR004863,PTY004863,primary,30384 Kristen Crossing,Alexisfort,MA,51379,US,True
ADDR004864,PTY004864,primary,2444 David Isle,Port Brittany,GU,77390,US,True
ADDR004865,PTY004865,risk_location,218 Theresa Garden,Ricardotown,GA,45814,US,True
ADDR004866,PTY004866,billing,300 Lewis Mews,Gonzalezmouth,PW,81012,US,True
ADDR004867,PTY004867,primary,6625 Marcia Route Suite 212,North Davidhaven,NE,38521,US,True
ADDR004868,PTY004868,primary,62972 Amy Circle,Patrickmouth,NJ,03647,US,True
ADDR004869,PTY004869,primary,6437 Norris Alley Suite 669,Valenzuelashire,LA,79276,US,True
ADDR004870,PTY004870,billing,98952 Brittany Walk Suite 174,Lake Kevinview,AL,60791,US,True
ADDR004871,PTY004871,risk_location,90188 Hicks Trace,East David,PA,93348,US,True
ADDR004872,PTY004872,primary,615 Kimberly Via Apt. 972,New Lindsay,MP,30447,US,True
ADDR004873,PTY004873,primary,268 Ricky Burgs Suite 517,West Richardchester,AL,29461,US,True
ADDR004874,PTY004874,primary,0064 Davis Passage Suite 830,Mayside,NC,06015,US,True
ADDR004875,PTY004875,billing,23304 Roberts Hills Apt. 947,Jamesstad,PR,37568,US,True
ADDR004876,PTY004876,primary,0634 Davis Curve Apt. 566,West Kimberly,WI,13664,US,True
ADDR004877,PTY004877,mailing,1777 Lopez Springs,Melvinfurt,GU,41700,US,True
ADDR004878,PTY004878,primary,268 Myers Keys,Aaronborough,VT,24830,US,True
ADDR004879,PTY004879,mailing,002 Thomas Terrace Apt. 609,South Jessica,GU,26167,US,True
ADDR004880,PTY004880,billing,2514 White Meadows,Lake Timothy,RI,14029,US,True
ADDR004881,PTY004881,billing,026 Clark Parks Apt. 847,North Edwin,VT,70502,US,True
ADDR004882,PTY004882,billing,12989 Sharp Village Apt. 045,Mendozaburgh,MS,82931,US,True
ADDR004883,PTY004883,risk_location,36441 Julie Flats,Lake Cody,NY,74855,US,True
ADDR004884,PTY004884,business,754 Destiny Highway Apt. 220,Timothyland,VA,39050,US,True
ADDR004885,PTY004885,billing,097 David Road,Amandashire,MH,53026,US,True
ADDR004886,PTY004886,mailing,387 Patricia Divide Apt. 439,South Eddieside,ME,70841,US,True
ADDR004887,PTY004887,primary,513 Wendy Alley,New Carla,SC,68000,US,True
ADDR004888,PTY004888,risk_location,20996 Bennett Pine Suite 746,Lake Michael,RI,19120,US,True
ADDR004889,PTY004889,mailing,773 Shane Mount Suite 976,Kimhaven,NJ,43249,US,True
ADDR004890,PTY004890,mailing,70328 Allen Village,New Erictown,ND,83954,US,True
ADDR004891,PTY004891,mailing,5362 Cassidy Turnpike,Port Elizabethview,IL,57558,US,True
ADDR004892,PTY004892,business,90805 Jillian Crescent,Butlerton,OH,79890,US,True
ADDR004893,PTY004893,billing,3801 Christopher Hill Apt. 663,Markstad,NY,90393,US,True
ADDR004894,PTY004894,risk_location,0631 Tricia Divide Apt. 851,Jodifort,WI,30857,US,True
ADDR004895,PTY004895,risk_location,8381 David Track Apt. 906,Jacobsborough,WA,81708,US,True
ADDR004896,PTY004896,mailing,849 Nicole Mountains,East Kathleenview,TX,13406,US,True
ADDR004897,PTY004897,primary,205 Paul Via,South Kimberlybury,NC,08359,US,True
ADDR004898,PTY004898,risk_location,29563 Zachary Views Apt. 969,New Donnaborough,WA,94972,US,True
ADDR004899,PTY004899,risk_location,61205 Best Trace Apt. 221,Vincentchester,PA,25752,US,True
ADDR004900,PTY004900,primary,42266 Gordon Village Apt. 219,East Richard,CT,04833,US,True
ADDR004901,PTY004901,business,95739 Deanna Mountains Suite 881,West Loretta,NY,34569,US,True
ADDR004902,PTY004902,business,5137 Jesus Turnpike Apt. 725,Susanfort,WA,65476,US,True
ADDR004903,PTY004903,business,180 Jody Route,New Blake,NE,94263,US,True
ADDR004904,PTY004904,business,0045 Janet Spurs Apt. 079,Gordonland,IA,33654,US,True
ADDR004905,PTY004905,business,478 Underwood Ford Apt. 535,Jeremyfurt,MA,44526,US,True
ADDR004906,PTY004906,risk_location,7863 Toni Extension Suite 558,Mannland,WY,37831,US,True
ADDR004907,PTY004907,business,46481 Larry Trafficway,New Marilyn,NV,91882,US,True
ADDR004908,PTY004908,risk_location,4310 Robert Walks,Phillipberg,CO,20876,US,True
ADDR004909,PTY004909,risk_location,50966 Ralph Manor,Johnsonborough,ID,71614,US,True
ADDR004910,PTY004910,risk_location,7931 Chad Underpass Suite 714,Port Timothy,AL,94253,US,True
ADDR004911,PTY004911,risk_location,295 John Forks Apt. 867,Crawfordshire,FM,02486,US,True
ADDR004912,PTY004912,risk_location,236 Phillips Club,North Barbaratown,MS,57278,US,True
ADDR004913,PTY004913,billing,0552 Daniel Curve,Davidview,MS,53008,US,True
ADDR004914,PTY004914,primary,1293 Brian Forks Apt. 593,Nicholshaven,IN,72996,US,True
ADDR004915,PTY004915,mailing,06568 Gomez Lights,Evanston,ME,30618,US,True
ADDR004916,PTY004916,business,07680 Christopher Cliff Apt. 830,Deannafurt,FL,17036,US,True
ADDR004917,PTY004917,risk_location,19624 Robinson Shoal Suite 510,West Theresa,OK,36793,US,True
ADDR004918,PTY004918,risk_location,75891 Anna Highway Apt. 924,South Amandaberg,IN,01034,US,True
ADDR004919,PTY004919,primary,60834 Bennett Highway Suite 197,Arnoldview,KS,09114,US,True
ADDR004920,PTY004920,mailing,159 Jones Trace,Gardnermouth,NM,21547,US,True
ADDR004921,PTY004921,mailing,5460 David Underpass Apt. 331,Micheleburgh,FM,09363,US,True
ADDR004922,PTY004922,business,06626 Brown Key Suite 924,Sarashire,AS,96965,US,True
ADDR004923,PTY004923,business,6165 Larry Station,Monicaton,AL,66493,US,True
ADDR004924,PTY004924,primary,36694 Karen Mill Apt. 848,Jonesville,AK,96638,US,True
ADDR004925,PTY004925,business,516 Suarez Wells Suite 480,Simmonsville,NY,81248,US,True
ADDR004926,PTY004926,business,321 Steven Villages,Port Paul,ID,03335,US,True
ADDR004927,PTY004927,mailing,94204 Deborah Rapids Apt. 637,North Arthurfort,VA,43362,US,True
ADDR004928,PTY004928,business,96012 Bailey Corners Suite 705,North Connorbury,TX,24353,US,True
ADDR004929,PTY004929,risk_location,12181 Leslie Parkways,West Donaldland,PA,40361,US,True
ADDR004930,PTY004930,mailing,474 Moore Lock,South Jessicachester,MP,13342,US,True
ADDR004931,PTY004931,primary,1479 Sanders Key,Jasontown,OR,89127,US,True
ADDR004932,PTY004932,billing,23586 Delacruz Fork,Obrienshire,VA,13055,US,True
ADDR004933,PTY004933,business,719 Michael Glen,Lake Dustinberg,FL,15533,US,True
ADDR004934,PTY004934,risk_location,38700 Fletcher Parks Apt. 006,South Lindaland,ND,02758,US,True
ADDR004935,PTY004935,mailing,95000 Ford Knoll Suite 518,East Brian,NH,63903,US,True
ADDR004936,PTY004936,primary,9780 Anthony Burgs,Peggystad,WV,81441,US,True
ADDR004937,PTY004937,billing,521 Robert Mall,Port Amandaview,SD,05109,US,True
ADDR004938,PTY004938,billing,97904 Daniel Points,Jessicaport,LA,39801,US,True
ADDR004939,PTY004939,primary,750 Dixon Forest,Garyfurt,RI,13404,US,True
ADDR004940,PTY004940,business,3493 Daniels Lock,East Amytown,OK,49837,US,True
ADDR004941,PTY004941,billing,1261 Richard Cape Apt. 398,Ariasland,IL,94056,US,True
ADDR004942,PTY004942,billing,400 Michelle Hollow,North Anne,ME,17631,US,True
ADDR004943,PTY004943,billing,59894 Jimmy Wall Apt. 043,East Michaelfurt,GU,64248,US,True
ADDR004944,PTY004944,business,59472 Moss Shores,South Maurice,NC,32356,US,True
ADDR004945,PTY004945,risk_location,5633 Thomas Key,South Brianburgh,NC,49162,US,True
ADDR004946,PTY004946,business,7901 Berry Parks Suite 957,Dixonberg,DC,84911,US,True
ADDR004947,PTY004947,primary,74739 James Club Apt. 314,Port Patrick,NY,94232,US,True
ADDR004948,PTY004948,risk_location,371 Nicole Expressway,Port Tinaberg,ID,47483,US,True
ADDR004949,PTY004949,mailing,090 Lydia Motorway Apt. 252,Josephland,SC,57231,US,True
ADDR004950,PTY004950,billing,17568 Nicole Ford,Port Jeffrey,MS,66227,US,True
ADDR004951,PTY004951,primary,0813 Murphy Groves,Port Traceyport,AS,38122,US,True
ADDR004952,PTY004952,business,8434 Raymond Roads,Myerston,AK,49312,US,True
ADDR004953,PTY004953,business,3775 Brown Union,East Christopher,FM,28331,US,True
ADDR004954,PTY004954,primary,06928 Anna Inlet,Port Jamestown,MD,46871,US,True
ADDR004955,PTY004955,risk_location,5443 Theresa Ridges Suite 093,Tiffanyfurt,AR,33654,US,True
ADDR004956,PTY004956,business,83498 Dalton Divide,North Peterhaven,FM,41511,US,True
ADDR004957,PTY004957,risk_location,8771 Alicia Ports,East Stefaniehaven,MO,92821,US,True
ADDR004958,PTY004958,billing,41737 Richard Forest,Lake Joshua,CT,33864,US,True
ADDR004959,PTY004959,primary,65933 Navarro Vista Suite 942,New Jaime,MA,53110,US,True
ADDR004960,PTY004960,mailing,642 Harper Villages Apt. 446,South Dwayne,DC,41100,US,True
ADDR004961,PTY004961,primary,604 Kelly Drive Suite 562,Carlastad,MO,78271,US,True
ADDR004962,PTY004962,billing,57209 Jeffrey Mews,Colleenview,CA,25098,US,True
ADDR004963,PTY004963,risk_location,68442 Lisa Shores Apt. 385,Beckymouth,NH,17673,US,True
ADDR004964,PTY004964,billing,4024 Aguirre Vista,West Edwardchester,VA,49131,US,True
ADDR004965,PTY004965,business,0296 Chavez Roads,New Angela,ND,14230,US,True
ADDR004966,PTY004966,billing,322 Kent Roads Suite 921,Collinsfort,AZ,45485,US,True
ADDR004967,PTY004967,business,04898 Stewart Crescent,Lewisburgh,IA,92301,US,True
ADDR004968,PTY004968,mailing,59263 Moore Passage Suite 458,Port Oliviafurt,AS,57509,US,True
ADDR004969,PTY004969,business,5066 White Fall,Port Williamhaven,IA,79318,US,True
ADDR004970,PTY004970,primary,3020 Weber Locks Suite 243,South Elizabethtown,ND,60343,US,True
ADDR004971,PTY004971,business,830 Ellen Lodge,Port Curtis,AK,52392,US,True
ADDR004972,PTY004972,billing,8102 Ryan Villages Suite 223,Jamesside,ID,85660,US,True
ADDR004973,PTY004973,mailing,05794 Amanda Burg,North Thomas,VI,51578,US,True
ADDR004974,PTY004974,risk_location,63398 Barbara Unions,West Destinyport,GA,87322,US,True
ADDR004975,PTY004975,mailing,888 Renee Wall Apt. 057,Hunterside,NC,69847,US,True
ADDR004976,PTY004976,primary,7589 Tyler Groves Apt. 607,New Terrence,VA,52168,US,True
ADDR004977,PTY004977,billing,585 Smith River Apt. 497,North Margaret,DC,12880,US,True
ADDR004978,PTY004978,billing,092 Francis Circle,New Johnview,DC,55738,US,True
ADDR004979,PTY004979,billing,95990 Thomas Corners Apt. 664,Williamsstad,NC,62399,US,True
ADDR004980,PTY004980,business,94154 Michelle Squares Suite 694,Raymouth,DE,26974,US,True
ADDR004981,PTY004981,mailing,92284 Mark Wells,Spencerborough,OK,13176,US,True
ADDR004982,PTY004982,mailing,545 Mark Bypass Apt. 135,Ericstad,NY,87674,US,True
ADDR004983,PTY004983,business,68202 Thomas Fords,Frenchhaven,MP,41829,US,True
ADDR004984,PTY004984,mailing,211 Steven Dale,Dillonview,MT,59780,US,True
ADDR004985,PTY004985,risk_location,55866 Beltran Harbors,East Timothymouth,GU,57962,US,True
ADDR004986,PTY004986,primary,3014 Edward Grove,North Lauren,ID,24304,US,True
ADDR004987,PTY004987,business,1076 Donna Common,Martinhaven,PW,85794,US,True
ADDR004988,PTY004988,billing,375 Janet Burg,New William,NC,85148,US,True
ADDR004989,PTY004989,billing,8092 Rodgers Street Apt. 867,East Brandonville,NE,51641,US,True
ADDR004990,PTY004990,primary,40970 Mendez Tunnel,West Paula,WY,00975,US,True
ADDR004991,PTY004991,risk_location,279 Watson Stream,Port Erica,NH,21552,US,True
ADDR004992,PTY004992,mailing,627 John Lodge,Evansborough,AS,52804,US,True
ADDR004993,PTY004993,business,10691 Shelley Station,Craneborough,NJ,74878,US,True
ADDR004994,PTY004994,billing,35698 James Brook Suite 313,Port Connieborough,MA,59451,US,True
ADDR004995,PTY004995,risk_location,63204 Cynthia Islands,West Kevin,ID,95285,US,True
ADDR004996,PTY004996,risk_location,864 Greer Ridge,Margaretport,NH,01333,US,True
ADDR004997,PTY004997,primary,964 Joseph Club,Wilsonport,LA,56193,US,True
ADDR004998,PTY004998,mailing,31267 Simmons Glen,Conradchester,NY,84645,US,True
ADDR004999,PTY004999,primary,76546 Adkins Well,Reginachester,MH,89258,US,True
ADDR005000,PTY005000,risk_location,538 Lambert Squares Suite 836,Meganmouth,IA,60577,US,True
